"t, Time, (yr)","A, Total factor productivity, ($)","L, Population, (persons)","theta1, Marginal abatement cost at mu=1, ($/tCO2)","sigma, Carbon intensity of GDP, (tCO2/$)","f, Control: log10(marginal_abatement_cost), (log10($/tCO2))","s, Savings rate, (dimensionless)","K, Capital stock, ($)","gini, Background Gini index, (dimensionless)","Gini, Gini index, (dimensionless)","Ecum, Cumulative CO2 emissions, (tCO2)","delta_T, Global mean temperature change, (°C)","y_gross, Per-capita gross income, ($/person/yr)","y_damaged, Per-capita income after climate damage, ($/person/yr)","y_net, Per-capita net income after abatement, ($/person/yr)","climate_damage, Per-capita climate damage, ($/person/yr)","tax_amount, Per-capita tax amount, ($/person/yr)","mu, Abatement fraction, (dimensionless)","Omega, Climate damage as fraction of gross output, (dimensionless)","Omega_base, Base damage from temperature before income adjustment, (dimensionless)","Omega_calc, Climate damage from previous timestep (lagged), (dimensionless)","lambda_abate, Abatement cost as fraction of damaged output, (dimensionless)","abateCost_amount, Abatement expenditure per capita, ($/person/yr)","U, Mean utility per capita, (dimensionless)","aggregate_utility, Aggregate utility from integration, (dimensionless)","e, CO2 emissions, (tCO2/yr)","emission_ratio, Ratio of CO2e to industrial CO2, (dimensionless)","E_extra, Extra emission pulse, (tCO2/yr)","consumption_extra, Extra consumption pulse, ($/person/yr)","dK_dt, Net capital accumulation, ($/yr)","log_deltaU_norm, Log normalized utility-loss (log deltaU), (dimensionless)","max_average_tax_rate, Maximum average tax rate across income bins, (dimensionless)","max_marginal_tax_rate, Maximum marginal tax rate across income bins, (dimensionless)",AbateCost,Climate_damage,Consumption,E,H1,H2,H3,Lambda,Savings,Y_damaged,Y_gross,Y_net,consumption,dEcum_dt,mac_over_wmac,marginal_abatement_cost,mu_dollar_cost,mu_dollar_numeraire,r_consumption,savings,welfare_adjusted_mac
2020.0,739.6190000000007,7752000000.0,6035.6,0.0002913549999999999,2.0850050091165206,0.48123654094431273,295000000000000.0,0.57313,0.57313,2327128215854.4233,1.1696599999999997,17503.727145280773,17420.70314539412,17388.50126577049,83.02399988665066,32.20187962363005,0.08713203345018607,0.004743218355585198,0.004743218355585198,0.004743218355585198,0.00184848334506773,32.20187962363005,-236620136.40343356,-0.03052375340601568,7.212397913070356,1.4,0.0,0.0,35368598024827.945,-672.7907660553482,0.0350437299901617,0.9998684284736815,249628970842.38013,643602047121.3159,69927063787424.91,55910508622.1214,-0.07022,0.21036,-0.08308,0.00184848334506773,64868598024827.945,135045290783095.22,135688892830216.55,134795661812252.84,9020.519064425296,55910508622.1214,1.0,121.62000281156871,1.6919056808589464e-06,1.6919056808589464e-06,1.0486250323069157,8367.982201345194,121.62000281156871
2021.0,749.4392757472212,7832251487.344443,4937.569188788617,0.0002869469393703804,2.445000647426534,0.20757249564366992,330368598024827.94,0.5710759862923859,0.5710759862923859,2383038724476.545,1.195964938405231,18292.374760449493,18201.663578118623,18058.23899008345,90.71118233087012,143.4245880351716,0.16583632237937396,0.0049589615082126755,0.004958961508212676,0.004958961508212676,0.007879751618285673,143.4245880351716,-189512645.44817984,-0.02419644539688228,6.732369265698162,1.3970840409436769,0.0,0.0,-3678497403414.1445,-641.6979611158888,0.14919417723399564,1.0,1123337442960.2368,710472792729.7305,112078306789833.88,52729609194.61645,-0.07405348413125726,0.21582563744609484,-0.0851380290818427,0.007879751618285673,29358362399068.652,142560006631862.78,143270479424592.5,141436669188902.53,14309.845255982002,52729609194.61645,1.0,278.61253220560536,8.454609265588734e-07,8.454609265588734e-07,0.026014774289900844,3748.393734101447,278.61253220560536
2022.0,759.3749267602893,7910820339.096546,4059.769804874857,0.0002826406030102666,2.436324091517274,0.2119520102904062,326690100621413.8,0.5690435894947019,0.5690435894947019,2435768333671.161,1.2238487825208608,18417.49621833728,18321.856133802055,18166.855991590888,95.64008453522578,155.0001422111671,0.1850926513510912,0.00519289285587051,0.00519289285587051,0.005192892855870509,0.008459849323082871,155.0001422111671,-190704081.33648753,-0.024106739018455177,6.496813662368922,1.3941741553282239,0.0,0.0,-2208383308832.8203,-637.5191212607615,0.16068347962774632,1.0,1226178277566.9578,756591525974.1771,113254107122406.58,51395125659.58839,-0.0741755693448998,0.22049266734487905,-0.0870091558073008,0.008459849323082871,30460626753308.566,144940912153282.12,145697503679256.28,143714733875715.16,14316.354343516889,51395125659.58839,1.0,273.10150378840086,8.419502415812652e-07,8.419502415812652e-07,0.028930404300005597,3850.501648073999,273.10150378840086
2023.0,769.427109958828,7987717781.36314,3358.004875731523,0.00027843312404643265,2.4298804083244474,0.2158476731235973,324481717312581.0,0.567032582105645,0.567032582105645,2487163459330.7495,1.251675812589326,18569.394384523395,18468.5305901646,18300.0002595275,100.86379435879478,168.5303306370975,0.20647830610564655,0.0054317223421599245,0.005431722342159925,0.005431722342159925,0.009125270135288846,168.5303306370975,-191658780.55323794,-0.02399418529788499,6.258285737913409,1.391270330503709,0.0,0.0,-896586854642.4062,-632.8011693021953,0.1738583066567445,1.0,1346172718728.953,805671523695.5002,114623652595362.19,49989420269.58228,-0.07340378640802954,0.22475825079517747,-0.08879150170385355,0.009125270135288846,31551584876615.69,147521410190706.84,148327081714402.38,146175237471977.88,14349.987785347263,49989420269.58228,1.0,269.07937380010776,8.360544669658116e-07,8.360544669658116e-07,0.03218716424362,3950.0124741802374,269.07937380010776
2024.0,779.596991501509,8062956561.399988,2796.9470921655156,0.00027432172967518736,2.4258132515362543,0.21899577877201667,323585130457938.6,0.565042739018188,0.565042739018188,2537152879600.332,1.279057474096503,18746.42356361613,18640.09440269982,18455.771797990234,106.32916091631017,184.32260470958724,0.23012066755798144,0.005671970472420052,0.005671970472420053,0.005671970472420052,0.009888501674266739,184.32260470958724,-192361976.24338076,-0.023857498769654855,6.014585891353443,1.388372553846548,0.0,0.0,229829704181.10156,-627.4281002354663,0.18897790670171744,1.0,1486185155057.5027,857327405678.3182,116219743564331.25,48495344776.79204,-0.0720922069882842,0.2286191590317159,-0.09048226968384761,0.009888501674266739,32588342749974.97,150294271469363.7,151151598875042.0,148808086314306.22,14414.03568025074,48495344776.79204,1.0,266.57121505388255,8.275966003972812e-07,8.275966003972812e-07,0.034494477404348745,4041.7361177394937,266.57121505388255
2025.0,789.885746834912,8136550834.027715,2348.3588011236193,0.00027030373767847766,2.422739794110123,0.2217969725633114,323814960162119.75,0.5630738374943813,0.5630738374943813,2585648224377.124,1.3057632712351503,18946.162039895098,18834.165659733902,18632.589661531198,111.99638016119592,201.57599820270286,0.2555551211926608,0.0059112964369968,0.005911296436996801,0.0059112964369968,0.010702677349475475,201.57599820270286,-192876047.213482,-0.023704890579292977,5.76793464959407,1.3854808127594485,0.0,0.0,1244036881658.8984,-621.6399593956331,0.20516093710075722,1.0,1640133356296.1711,911264240408.6636,117979480052756.97,46931093483.77199,-0.07042611933111745,0.232068772510028,-0.09207779801846319,0.010702677349475475,33625532897870.875,153245146306924.03,154156410547332.7,151605012950627.84,14499.937683589122,46931093483.77199,1.0,264.69137750839343,8.174292014603324e-07,8.174292014603324e-07,0.03683086754079046,4132.651977942075,264.69137750839343
2026.0,800.2945607424174,8208516052.191165,1989.6692190028818,0.0002663765530827186,2.4219870605052995,0.22411916793878595,325058997043778.6,0.5611256571404205,0.5611256571404205,2632579317860.896,1.3316455367357847,19167.219967978148,19049.380643500434,18828.027196225816,117.83932447771437,221.3534472746165,0.2831417174392999,0.006147961189707401,0.006147961189707401,0.0061479611897074,0.011619981322077333,221.3534472746165,-193194028.06447822,-0.02353580438122033,5.514447708082808,1.3825950946713572,0.0,0.0,2131754337615.8008,-615.0873404135227,0.22341940043612418,1.0,1816983325161.5403,967285986554.6816,119912509429317.75,45265432530.76651,-0.06851957484275477,0.235104350291149,-0.09357541058190388,0.011619981322077333,34637654041993.664,156367146796472.97,157334432783027.66,154550163471311.4,14608.305407078853,45265432530.76651,1.0,264.2330029808273,8.05575460346022e-07,8.05575460346022e-07,0.038808593471474584,4219.721789146963,264.2330029808273
2027.0,810.8246273931094,8278868861.719479,1702.8371767166157,0.0002625376649539717,2.4225186686964073,0.22608107085142806,327190751381394.44,0.5591979798819762,0.5591979798819762,2677844750391.6626,1.3566075455469422,19407.783366835647,19283.949842237947,19041.00286706369,123.83352459769894,242.94697517425894,0.3123136499819702,0.0063806114411451955,0.006380611441145195,0.006380611441145195,0.01259840318823731,242.94697517425894,-193342497.94283378,-0.023353733604457354,5.257334543280278,1.379715387037404,0.0,0.0,2919884961401.9844,-607.9785310563155,0.24296105079020724,1.0,2011326147819.1074,1025201510828.8629,121999005632503.48,43524783246.00529,-0.06641608574541245,0.23771688763220514,-0.09497083150210459,0.01259840318823731,35638960099541.43,159649291879864.0,160674493390692.88,157637965732044.9,14736.192548792818,43524783246.00529,1.0,264.55664152910276,7.924034230007299e-07,7.924034230007299e-07,0.04065838783726816,4304.810318270871,264.55664152910276
2028.0,821.477150390716,8347627000.319342,1473.4420946140226,0.00025878464332340217,2.4234143561408175,0.22770813769833184,330110636342796.44,0.5572905899397829,0.5572905899397829,2721369533637.668,1.380572196929725,19666.38028226923,19536.42422695141,19271.005715470164,129.95605531782203,265.4185114812456,0.3423148990511935,0.006608031241772921,0.00660803124177292,0.0066080312417729214,0.013585828624415739,265.4185114812456,-193335340.8043578,-0.02316051505379453,5.001294201106937,1.3768416773388468,0.0,0.0,3619699524410.824,-600.6108425378138,0.26278825125586847,1.0,2215614732825.415,1084824676226.0452,124236404475076.62,41748938509.70082,-0.0641563668456092,0.23990299520087274,-0.09626120545770772,0.013585828624415739,36630763158690.47,163082782366592.53,164167607042818.53,160867167633767.1,14882.840892426544,41748938509.70082,1.0,265.10282526598195,7.78100409037556e-07,7.78100409037556e-07,0.04220309621693641,4388.16482304362,265.10282526598195
2029.0,832.2533428225427,8414809200.811381,1289.9573849759238,0.0002551151362372384,2.4250661400001907,0.2290742722336679,333730335867207.25,0.5554032738054854,0.5554032738054854,2763118472147.3687,1.4034806237120878,19941.644597334194,19805.460105070633,19516.561184936443,136.18449226356097,288.8989201341898,0.3728693927984677,0.006829150504555986,0.006829150504555985,0.006829150504555986,0.01458683204538254,288.8989201341898,-193192334.32750267,-0.022958611385849897,4.747384287566585,1.3739739530830188,0.0,0.0,4247407749595.375,-592.9358477893962,0.28299103798793857,1.0,2431029291249.6523,1145966518507.2393,126607697290885.36,39948332982.80268,-0.06178799452938496,0.2416674564260099,-0.09744577971819457,0.01458683204538254,37620441336316.1,166659167918451.12,167805134436958.34,164228138627201.47,15045.819134993275,39948332982.80268,1.0,266.11303003999745,7.629583197484254e-07,7.629583197484254e-07,0.04347868029837132,4470.742049943167,266.11303003999745
2030.0,843.1544273084459,8480435098.599607,1143.169671633005,0.00025152686692572995,2.427708597518568,0.2302478131584889,337977743616802.6,0.5535358202177394,0.5535358202177394,2803066805130.1714,1.4252950471544268,20232.433191674576,20089.934292740345,19776.48257535698,142.498898934232,313.4517173833666,0.4036441750960487,0.007043092522992671,0.007043092522992672,0.007043092522992673,0.015602426210853006,313.4517173833666,-192931467.7373643,-0.022750185042890485,4.4971997726376705,1.3711122018032729,0.0,0.0,4817817870969.336,-584.9238997323782,0.3035913924866048,1.0,2658206945814.227,1208452664033.6592,129097584726251.28,38138210797.29067,-0.05934387860413324,0.24301703917044165,-0.09852435294461676,0.015602426210853006,38615592232649.59,170371383904715.1,171579836568748.75,167713176958900.88,15222.990710414075,38138210797.29067,1.0,267.7371262072451,7.472286952895438e-07,7.472286952895438e-07,0.044815686477910566,4553.4918649429055,267.7371262072451
2031.0,854.1816360498018,8544525143.345851,1025.7145634169328,0.00024801763108586787,2.4308505452040152,0.2311759730574219,342795561487771.94,0.5516880201385631,0.5516880201385631,2841205015927.462,1.44599218245683,20537.82304984243,20388.94175425902,20050.625093249535,148.8812955834094,338.31666100948667,0.43390036416159783,0.007249127389114966,0.007249127389114966,0.007249127389114965,0.016593144709867846,338.31666100948667,-192554382.98836997,-0.02253541065863958,4.255484858447759,1.3682564110589277,0.0,0.0,5326221323237.055,-576.8337496293087,0.3238209348093225,1.0,2890755216408.3735,1272119973486.3474,131717292777057.66,36361097370.13444,-0.05685183211390965,0.24396141654493664,-0.09949752008911673,0.016593144709867846,39605777472014.25,174213825465480.25,175485945438966.62,171323070249071.9,15415.402326908013,36361097370.13444,1.0,269.68112126634895,7.309312909343745e-07,7.309312909343745e-07,0.045860355717036505,4635.222766341522,269.68112126634895
2032.0,865.3362108784883,8607100514.805265,931.7055908540553,0.00024458529427287534,2.4348690597748823,0.23193640695749324,348121782811009.0,0.5498596667299385,0.5498596667299385,2877566113297.596,1.4655608913619274,20856.77590314492,20701.46256606823,20337.70343779053,155.31333707669322,363.7591282776982,0.46344048916109826,0.007446660874045931,0.007446660874045929,0.007446660874045929,0.017571663215425942,363.7591282776982,-192079691.09051284,-0.02231642244215834,4.02292663146164,1.365406568435214,0.0,0.0,5787978435379.738,-568.8957397075951,0.34307114938554295,1.0,3130911380264.091,1336797503508.93,134448501012883.06,34625733880.6773,-0.05435400559314249,0.2445186237433834,-0.10036808555589456,0.017571663215425942,40600156716480.64,178179569109627.78,179516366613136.7,175048657729363.7,15620.649576662337,34625733880.6773,1.0,272.188053462066,7.143132247660317e-07,7.143132247660317e-07,0.046696169588567704,4717.053861128194,272.188053462066
2033.0,876.6194033058837,8668183042.76501,856.4376096488695,0.00024122778939571657,2.4398348735955895,0.23258640318273818,353909761246388.75,0.5480505553306578,0.5480505553306578,2912191847178.2734,1.484008368795315,21188.510086407707,21026.729292879616,20636.931156808147,161.7807935280921,389.7981360714706,0.4919964445614682,0.007635307667615261,0.007635307667615261,0.007635307667615263,0.018538220121731907,389.7981360714706,-191521913.22190902,-0.02209481644273361,3.800870036535687,1.3625626615432198,0.0,0.0,6215172067145.508,-564.580033277062,0.35244860421552837,1.0,3378841593196.13,1402345531105.2751,137278548516368.9,32946637198.45227,-0.05187923897198567,0.24470796593812918,-0.10113928030676117,0.018538220121731907,41606148191784.375,182263538301349.4,183665883832454.7,178884696708153.28,15837.061566316355,32946637198.45227,1.0,275.3181696176178,6.975512944257045e-07,6.975512944257045e-07,0.04755121223898051,4799.869590491791,275.3181696176178
2034.0,888.0324745718599,8727795131.016027,796.1497265995536,0.00023794311431209384,2.4452612135910825,0.23310867653049278,360124933313534.25,0.546260483433415,0.546260483433415,2945138484376.7256,1.5013541721485872,21532.449734486585,21364.177061269595,20948.489588808614,168.27267321699054,415.6874724609782,0.5189990221070129,0.007814841102240372,0.007814841102240372,0.007814841102240372,0.019457219029258288,415.6874724609782,-190885040.89920723,-0.02187093510259627,3.5930105345764884,1.359724678019838,0.0,0.0,6607727673489.664,-561.5445430711386,0.358424453698885,1.0,3628035098169.2847,1468649417986.301,140213904430500.66,31359059849.36597,-0.04945263406789976,0.24455115522121557,-0.10181505838524135,0.019457219029258288,42620221004843.086,186462160533513.06,187930809951499.38,182834125435343.75,16065.21490544863,31359059849.36597,1.0,278.77974312933134,6.806723642782918e-07,6.806723642782918e-07,0.048378749696831314,4883.274683359983,278.77974312933134
2035.0,899.5766956937855,8785959685.277266,747.8358026942864,0.00023472932951861789,2.4508034271570103,0.23350367582380388,366732660987023.94,0.544489250662137,0.544489250662137,2976497544226.092,1.5176284933379116,21888.01165005614,21713.231907043657,21272.426310488703,174.77974301248463,440.805596554956,0.5440304818095687,0.007985181377223743,0.007985181377223743,0.007985181377223743,0.02030124296751793,440.805596554956,-190175296.01417947,-0.021645364061123388,3.401963092318413,1.356892605527711,0.0,0.0,6968262681372.891,-558.7472826629057,0.3637494412234711,1.0,3872900200376.439,1535607775910.8108,143257151191909.88,29889510579.91076,-0.047110265369152846,0.24407645261619726,-0.10240116980362751,0.02030124296751793,43641528780075.29,190771580172361.56,192307187948272.38,186898679971985.16,16305.236573298595,29889510579.91076,1.0,282.3601650968379,6.637308697547362e-07,6.637308697547362e-07,0.04894776439949666,4967.1897371901105,282.3601650968379
2036.0,911.2533475155293,8842700044.982775,709.0929853682185,0.00023158455593203574,2.4568022446798503,0.23384522848799172,373700923668396.8,0.5427366587495546,0.5427366587495546,3006387054806.0024,1.5328768904258745,22254.6577666887,22073.361310310567,21607.68600208415,181.29645637813042,465.67530822641913,0.5672988584925363,0.008146449982686288,0.008146449982686288,0.008146449982686288,0.02109671026899288,465.67530822641913,-189407726.65811628,-0.02141967110663033,3.2257480633590365,1.354066431755178,0.0,0.0,7310782316028.078,-556.0487590666584,0.3687898834385318,1.0,4117827069001.124,1603150182970.1116,146389411299735.44,28524322544.968052,-0.04488878386967626,0.2433167099040255,-0.10290468651122461,0.02109671026899288,44680874682867.766,195188113051604.28,196791263234574.4,191070285982603.2,16554.83173183,28524322544.968052,1.0,286.2874067788488,6.46903170136186e-07,6.46903170136186e-07,0.04947067023250895,5052.854270254148,286.2874067788488
2037.0,923.0637207564556,8898039918.834373,678.0006380440997,0.0002285069727575973,2.4631618135484312,0.23413548406588028,381011705984424.9,0.541002511515008,0.541002511515008,3034911377350.9707,1.5471604300654156,22632.1010185973,22444.277741627342,21954.05687933794,187.8232769699564,490.2208622894029,0.5887857891187345,0.00829897660918082,0.00829897660918082,0.00829897660918082,0.021841685793265318,490.2208622894029,-188587011.2066116,-0.021194219505290345,3.0641789117034204,1.3512461444162212,0.0,0.0,7636745384245.656,-553.4488613258521,0.3735520153409927,1.0,4362004801696.515,1671259016164.9568,149610158510021.22,27265186274.787502,-0.04279988936818707,0.2423010855651568,-0.10333189564305326,0.021841685793265318,45737915982688.15,199710079294405.88,201381338310570.84,195348074492709.38,16813.833144684282,27265186274.787502,1.0,290.51048643075364,6.302299171617032e-07,6.302299171617032e-07,0.04998483174631407,5140.223734653658,290.51048643075364
2038.0,935.0091160604229,8952003324.016354,653.0235666817786,0.00022549481544081854,2.4697006013290865,0.2343648703651535,388648451368670.5,0.5392866148424884,0.5392866148424884,3062176563625.7583,1.56054464877713,23020.08151551525,22825.718738120915,22311.494243493697,194.362777394333,514.2244946272185,0.6084604323478573,0.008443183716066987,0.008443183716066987,0.008443183716066987,0.022528293655367765,514.2244946272185,-187716168.059088,-0.020969179887979347,2.91721757883872,1.3484317312504124,0.0,0.0,7945452886889.711,-550.9690515556408,0.37798824253786556,1.0,4603339385193.49,1739936229299.1196,152922272607770.53,26114941462.64316,-0.04085112421321357,0.24105826563585736,-0.1036891077149891,0.022528293655367765,46810298023756.766,204335910016720.8,206075846246019.94,199732570631527.3,17082.46378746443,26114941462.64316,1.0,294.91753909672866,6.137286418400988e-07,6.137286418400988e-07,0.05048995185397187,5229.030456029269,294.91753909672866
2039.0,947.0908440447746,9004614528.963562,632.934667294611,0.00022254637369907782,2.4762402909801216,0.2345244841775021,396593904255560.2,0.5375887766589076,0.5375887766589076,3088291505088.4014,1.5730977112287383,23418.32941133008,23217.410345296605,22679.95725581333,200.91906603347533,537.453089483274,0.6263266332733757,0.00857956443025642,0.00857956443025642,0.00857956443025642,0.023148709588627806,537.453089483274,-186798218.90564898,-0.02074472130981376,2.784613254937596,1.3456231800228604,0.0,0.0,8236201767636.883,-548.6321922536854,0.3820486546801417,1.0,4839557898197.442,1809198741150.8213,156328680428776.34,25074368972.955593,-0.039048451302982484,0.23961671020351916,-0.10398271625456317,0.023148709588627806,47895592193192.91,209063830520166.72,210873029261317.53,204224272621969.25,17360.951979225913,25074368972.955593,1.0,299.3920686088003,5.974158863553473e-07,5.974158863553473e-07,0.05085807517976648,5319.005276587417,299.3920686088003
2040.0,959.3102253493188,9055897999.570053,616.7530969386451,0.00021965998962964294,2.4828494884694576,0.23465148634572355,404830106023197.06,0.5359088069125989,0.5359088069125989,3113365874061.357,1.5848897126124422,23826.566188467954,23619.068438270577,23058.909345130236,207.49775019737504,560.1590931403433,0.6426305142630911,0.008708672015768847,0.008708672015768845,0.008708672015768845,0.023716392312607186,560.1590931403433,-185841726.3876805,-0.020521623189274404,2.664350604838209,1.3428204785241562,0.0,0.0,8516708866794.422,-546.4096733020727,0.3858109695939279,1.0,5072743611010.61,1879078460927.6953,159819411541717.97,24128087312.5076,-0.03739566387917036,0.238004241784651,-0.1042190896817734,0.023716392312607186,48999719469114.125,213891874621842.7,215770953082770.4,208819131010832.1,17648.10199378413,24128087312.5076,1.0,303.98313421086937,5.813715788752663e-07,5.813715788752663e-07,0.05113296597460093,5410.807351346105,303.98313421086937
2041.0,971.6685906852944,9105878348.722523,603.6948528485327,0.00021683405589088595,2.4895954976824037,0.23476637985312565,413346814889991.5,0.5342465175520426,0.5342465175520426,3137493961373.8647,1.5959917280562534,24244.653953692567,24030.546836707632,23447.911120494755,214.10711698493475,582.6357162128762,0.6576370392022265,0.00883110632941516,0.00883110632941516,0.008831106329415162,0.024245628706329587,582.6357162128762,-184852399.01309156,-0.02030033698385887,2.554320931734891,1.3400236145703215,0.0,0.0,8791186535363.0625,-544.2695196532836,0.38935881613530776,1.0,5305409953455.27,1949633360860.5176,163387958170521.03,23259335667.973488,-0.03588518756840727,0.23624478220042847,-0.1044037295086129,0.024245628706329587,50125868024362.21,218819236148338.53,220768869509199.06,213513826194883.25,17943.129911618355,23259335667.973488,1.0,308.74184682488107,5.656433081619546e-07,5.656433081619546e-07,0.05139574721770468,5504.7812088764,308.74184682488107
2042.0,984.1672808843301,9154580289.040443,593.1332695929102,0.0002140670139535893,2.4964261296965264,0.2348617021781171,422138001425354.56,0.5326017225048162,0.5326017225048162,3160753297041.8384,1.6064708402501027,24672.532295821897,24451.775916966224,23846.83959112905,220.75637885567235,604.9363258371746,0.6715002103270721,0.00894745525950961,0.00894745525950961,0.00894745525950961,0.02473997503868137,604.9363258371746,-183832070.4893405,-0.02008088461569539,2.45327269595786,1.337232576002755,0.0,0.0,9058343167224.727,-542.2052318791091,0.3927116826980275,1.0,5537938164633.546,2020931994552.0825,167035664367099.1,22458681866.056934,-0.03450228535353704,0.23435818168507105,-0.10454120739713439,0.02473997503868137,51272143309760.195,223845745841492.8,225866677836044.9,218307807676859.28,18246.130253187966,22458681866.056934,1.0,313.6361612697811,5.502338117841808e-07,5.502338117841808e-07,0.051647645152439914,5600.709337941083,313.6361612697811
2043.0,996.807646947382,9202028588.703463,584.5674438528433,0.00021135735241938956,2.503289195589393,0.23492999079910676,431196344592579.3,0.5309742376567661,0.5309742376567661,3183211978907.8955,1.6163870475860933,25110.121185355085,24882.667292707098,24255.571997920848,227.4538926479898,627.0952947862505,0.6843591950835479,0.009058255472723374,0.009058255472723372,0.009058255472723372,0.025202092983417693,627.0952947862505,-182782558.33107117,-0.019863289552855504,2.360080029250616,1.3344473506881798,0.0,0.0,9316849190063.54,-540.212241760136,0.3958838524966194,1.0,5770548830464.503,2093037222758.6904,170763983310901.34,21717523900.792274,-0.03323286347016189,0.2323618204903122,-0.10463555654992197,0.025202092983417693,52436483649321.48,228971015790687.3,231064053013445.97,223200466960222.8,18557.210691622233,21717523900.792274,1.0,318.6318576870227,5.351448538679904e-07,5.351448538679904e-07,0.051890181193621654,5698.361306298616,318.6318576870227
2044.0,1009.5910500936434,9248248030.24593,577.5969958693671,0.0002087036054035407,2.5101325064385684,0.23496378319450326,440513193782642.9,0.5293638808313977,0.5293638808313977,3204929502808.688,1.6257936147463394,25557.320985680744,25323.11391823146,24673.990673900153,234.20706744928358,649.1232443313052,0.6963334177668958,0.009163991311159142,0.009163991311159142,0.009163991311159143,0.025633626513205658,649.1232443313052,-181705637.1162036,-0.0196475739536769,2.273776460476576,1.3316679265185902,0.0,0.0,9565344893276.852,-538.2883005628933,0.39888358947173397,1.0,6003252765773.84,2166005050207.5125,174574521376662.38,21028448671.822056,-0.03206370654362552,0.23027084649978669,-0.1046903205026556,0.025633626513205658,53616664271541.14,234194438413977.38,236360443464184.9,228191185648203.53,18876.49647865468,21028448671.822056,1.0,323.6924027961058,5.203770920642144e-07,5.203770920642144e-07,0.052103274254478915,5797.494195245471,323.6924027961058
2045.0,1022.518861809461,9293263372.198286,571.901895886534,0.00020610435097930403,2.516942362860786,0.2349632130288613,450078538675919.75,0.5277704717694842,0.5277704717694842,3225957951480.5103,1.6347375220713618,26014.01257059672,25772.990257763944,25101.889454037806,241.02231283277456,671.100803726139,0.7075595818839501,0.009265095577957811,0.009265095577957811,0.009265095577957811,0.026038918923037047,671.100803726139,-180603939.97794065,-0.019433855766773506,2.1932751779232027,1.3288942914111996,0.0,0.0,9804004935573.172,-536.4241026980496,0.40173579231671597,1.0,6236716518320.959,2239883831731.341,178466611033014.84,20382683876.14538,-0.03098283344734683,0.22809847902073196,-0.10470862010485539,0.026038918923037047,54811858803165.15,239515186354500.94,241755070186232.25,233278469836179.97,19203.868854821794,20382683876.14538,1.0,328.8079904192517,5.05939632175918e-07,5.05939632175918e-07,0.05223169137168293,5898.020599216012,328.8079904192517
2046.0,1035.5924638971946,9337099313.455645,567.2263391220289,0.00020355820968139714,2.523798137890666,0.2349493749381837,459882543611492.94,0.5261938321088875,0.5261938321088875,3246340635356.656,1.6432600659144938,26480.0844217437,26232.17912298063,25538.843944139222,247.9052987630731,693.3351788414075,0.7182507580197833,0.009361952734543006,0.009361952734543006,0.009361952734543006,0.02643071227864608,693.3351788414075,-179482411.0012736,-0.01922250208291374,2.11692323461981,1.326126433308388,0.0,0.0,10037473381754.992,-534.5883815706472,0.4045171836980027,1.0,6473739422354.752,2314716394882.706,182432994514368.9,19765922480.60693,-0.0299780916066262,0.22585578681204452,-0.10469308705494194,0.02643071227864608,56025727742904.29,244932461679627.94,247247178074510.62,238458722257273.2,19538.508522819895,19765922480.60693,1.0,334.0397407009328,4.918637990090487e-07,4.918637990090487e-07,0.05233413610163784,6000.335421319329,334.0397407009328
2047.0,1048.8132485240646,9379780460.254797,563.3658567871391,0.00020106384306604736,2.5306771630061027,0.23492608247224966,469920016993247.94,0.5246337853645937,0.5246337853645937,3266106557837.2627,1.6513968372584398,26955.509563340252,26700.64803405087,25984.76996217312,254.86152928937895,715.8780718777513,0.7284993191028676,0.009454895619409587,0.009454895619409586,0.009454895619409586,0.02681126206992446,715.8780718777513,-178343456.8417675,-0.01901360672538842,2.0439817677125673,1.3233643401776487,0.0,0.0,10266870100896.766,-532.7760101010699,0.4072408569946575,1.0,6714779150523.811,2390545192499.1724,186472565755185.62,19172100245.9074,-0.029033752158562853,0.22355062468925682,-0.10464558057424966,0.02681126206992446,57258871800221.555,250446216705931.03,252836761898430.22,243731437555407.2,19880.2697510172,19172100245.9074,1.0,339.3729026792008,4.781525822061295e-07,4.781525822061295e-07,0.05241869686312883,6104.500211155918,339.3729026792008
2048.0,1062.1826182709801,9421331295.642363,560.1570137299491,0.00019861995232530683,2.5375481685877976,0.23489554971448987,480186887094144.7,0.5230901569089574,0.5230901569089574,3285278658083.17,1.6591762078220578,27440.2836529941,27178.388499962286,26439.64827742368,261.89515303181645,738.7402225386073,0.7383699167772403,0.009544185342385852,0.009544185342385852,0.009544185342385854,0.027181163538803357,738.7402225386073,-177189121.55325094,-0.018807227555537296,1.9739248324904939,1.3206080000115372,0.0,0.0,10493014224677.148,-530.9860335330019,0.40990981284521855,1.0,6959916377952.784,2467401001435.698,190584982827776.78,18596999799.5883,-0.028137290514192267,0.2211893967122038,-0.1045676248055174,0.027181163538803357,58511702934091.62,256056602139821.16,258524003141256.88,249096685761868.4,20229.092561040477,18596999799.5883,1.0,344.7848453231564,4.6480478334637895e-07,4.6480478334637895e-07,0.05248822384715779,6210.5557163832,344.7848453231564
2049.0,1075.7019861813094,9461776151.318565,557.4691736056269,0.00019622527695339158,2.5443798850164545,0.234859990748335,490679901318821.8,0.5215627739521547,0.5215627739521547,3303875657882.7583,1.6666207970340314,27934.419482597354,27665.410311691525,26903.49765544409,269.00917090582925,761.9126562474358,0.7479100901662029,0.009630025462795715,0.009630025462795715,0.009630025462795715,0.027540262286493117,761.9126562474358,-176021292.8890233,-0.018603409135238683,1.9063591412111527,1.3178574008276185,0.0,0.0,10716764869194.867,-529.2194122209419,0.41252246393793557,1.0,7209047000269.769,2545304557762.7554,194770117502258.8,18037543458.159824,-0.027279118196615118,0.21877747167957048,-0.10446050848267095,0.027540262286493117,59784755001077.05,261763919503605.6,264309224061368.34,254554872503335.84,20584.94244498864,18037543458.159824,1.0,350.25140413253496,4.5181750331188666e-07,4.5181750331188666e-07,0.05254533147020757,6318.555210455452,350.25140413253496
2050.0,1089.3727758096488,9501139181.743296,555.1979166524047,0.00019387859346290558,2.5511410426727767,0.2348216196572158,501396666188016.7,0.520051465522841,0.520051465522841,3321913201340.918,1.673748808748236,28437.94738182233,28161.741673533335,27376.374363966486,276.2057082889972,785.3673095668487,0.7571523232958375,0.00971257540428354,0.009712575404283543,0.009712575404283543,0.027887739283715685,785.3673095668487,-174841710.94607687,-0.01840218394885111,1.8410086076064966,1.3151125306684146,0.0,0.0,10939020085234.812,-527.4788671257232,0.4150731006262022,1.0,7461884116985.902,2624268877245.75,199028056419518.2,17491679015.656754,-0.0264519895259453,0.21631944344410642,-0.10432534673101816,0.027887739283715685,61078686704036.484,267568627240540.6,270192896117786.3,260106743123554.7,20947.809795477595,17491679015.656754,1.0,355.7468331324555,4.391864179501255e-07,4.391864179501255e-07,0.05259240743796445,6428.564568488891,355.7468331324555
2051.0,1103.1964212705273,9539444340.393452,553.2597784203012,0.0001915787141489072,2.557800371937467,0.23478265052456293,512335686273251.5,0.5185560624490136,0.5185560624490136,3339404880356.5747,1.6805750965589024,28950.91558410787,28667.429338660324,27858.37164650665,283.4862454475467,809.0576921536746,0.7661160236911403,0.009791961315488136,0.009791961315488134,0.00979196131548813,0.02822219190273177,809.0576921536746,-173651978.18756378,-0.018203573708403392,1.7776996634190043,1.3123733776013529,0.0,0.0,11160715661613.172,-525.7687269570941,0.4175523397558878,1.0,7717960822467.158,2704301259713.9883,203359101446906.94,16958266993.121765,-0.025650601219856628,0.21381936076137267,-0.1041631362810924,0.02822219190273177,62394284288938.33,273471346558312.4,276175647818026.38,265753385735845.28,21317.709312041487,16958266993.121765,1.0,361.2437749398799,4.269060308851454e-07,4.269060308851454e-07,0.052635688918739154,6540.662334465163,361.2437749398799
2052.0,1117.1743672870812,9576715358.063293,551.5880443573649,0.0001893244858988654,2.5643832055125344,0.23473856486792766,523496401934864.7,0.5170763973390744,0.5170763973390744,3356363147349.6963,1.687112044584607,29473.390559736174,29182.53873512259,28349.44276835973,290.85182461358573,833.0959667628595,0.7748724599969982,0.009868285225756165,0.009868285225756165,0.009868285225756166,0.02854775502311553,833.0959667628595,-172452827.52162972,-0.018007513126766357,1.7158668126037844,1.3096399297187142,0.0,0.0,11380599423345.89,-524.0785731619261,0.4199852222861721,1.0,7978322939638.463,2785405135697.6577,207764304335454.66,16432368056.653772,-0.024871299744047122,0.21128092782079813,-0.10397480424003364,0.02854775502311553,63730239616832.36,279472866891925.47,282258272027623.1,271494543952287.0,21694.73525810952,16432368056.653772,1.0,366.7610484054046,4.149670435880596e-07,4.149670435880596e-07,0.0526738068507826,6654.707510250213,366.7610484054046
2053.0,1131.3080692396888,9612975723.102285,550.1293883588103,0.0001871147890466398,2.57094286881752,0.23468290683566087,534877001358210.56,0.5156123045630927,0.5156123045630927,3372795515406.35,1.6933703125560613,30005.41988491067,29707.11701376767,28849.43051294681,298.30287114299836,857.6865008208612,0.7835176142845901,0.00994163295455202,0.00994163295455202,0.00994163295455202,0.02887141490112854,857.6865008208612,-171244781.5790246,-0.017813920112945084,1.6547517725064376,1.3069121751375818,0.0,0.0,11596646432972.922,-522.3899672754162,0.4224148878557844,1.0,8244919510423.486,2867578258429.3525,212244528577490.0,15907088616.86486,-0.024108955037471225,0.20870674251333945,-0.10376101083558327,0.02887141490112854,65084346568793.984,285573794656707.5,288441372915136.8,277328875146283.97,22078.962299615043,15907088616.86486,1.0,372.3427215676723,4.033602896161924e-07,4.033602896161924e-07,0.052699002014931606,6770.468213331767,372.3427215676723
2054.0,1145.5989932145667,9648248663.48793,548.8411859084696,0.00018494853626869955,2.577463542838851,0.23461830434890954,546473647791183.5,0.5141636202342651,0.5141636202342651,3388702604023.215,1.699358205145692,30547.019640071092,30241.18086092809,29358.361849226938,305.83877914300194,882.8190117011508,0.7920644665426615,0.010012066078675889,0.010012066078675889,0.010012066078675889,0.029192610426194098,882.8190117011508,-170029389.28695238,-0.017622824122516468,1.5942251743413944,1.304190101999788,0.0,0.0,11809859577931.047,-520.7044512970582,0.4248376621477512,1.0,8517657349747.363,2950808592109.249,216799551116949.47,15381480907.638172,-0.02335639015522522,0.20609793066302906,-0.10352205034561121,0.029192610426194098,66457224357049.41,291774432823746.2,294725241415855.5,283256775473998.9,22470.352773699597,15381480907.638172,1.0,377.9754065539436,3.920811733878997e-07,3.920811733878997e-07,0.052713193437857075,6888.00907552734,377.9754065539436
2055.0,1160.0486160522987,9682557130.634256,547.689366432091,0.00018282467152087653,2.5839290529219254,0.23454742973078482,558283507369114.56,0.5127301821905706,0.5127301821905706,3404084084930.853,1.7050807959989749,31098.225566261845,30784.76755268981,29876.295128469206,313.45801357203493,908.4724242206039,0.8005191303940999,0.010079610905906554,0.010079610905906554,0.010079610905906554,0.02951045261802623,908.4724242206039,-168808084.5022714,-0.017434246162946587,1.5342127308222662,1.3014736984718644,0.0,0.0,12021279809630.734,-519.0245236380124,0.4272477674510502,1.0,8796336149121.797,3035075124466.3564,221429303886550.8,14855102416.732988,-0.0226090345710626,0.20345539420579628,-0.10325816464119952,0.02951045261802623,67849630546542.19,298075270582214.8,301110345706681.2,289278934433093.0,22868.886896208387,14855102416.732988,1.0,383.6445675500782,3.8112426340993956e-07,3.8112426340993956e-07,0.05271815945663505,7007.40823226082,383.6445675500782
2056.0,1174.6584253963313,9715923784.839758,546.6466966508264,0.00018074216901402173,2.5903232244121415,0.234472955304398,570304787178745.2,0.5113118299766183,0.5113118299766183,3418939187347.586,1.710541096518297,31659.093347249374,31337.93490660341,30403.3185713543,321.158440645967,934.6163352491083,0.8088822589623095,0.01014427157225809,0.010144271572258088,0.010144271572258088,0.029823801026919918,934.6163352491083,-167582177.3910546,-0.017248198020299567,1.474684733237437,1.298762952744989,0.0,0.0,12231970836071.04,-517.3534368940229,0.4296377903851417,1.0,9080661081346.58,3120350932174.1987,226133876491535.97,14327924474.80169,-0.021864078921547937,0.20077992001860856,-0.10296957004964476,0.029823801026919918,69262449553945.57,304476987126828.1,307597338059002.3,295396326045481.56,23274.562614867766,14327924474.80169,1.0,389.3348002847643,3.7048338665444864e-07,3.7048338665444864e-07,0.05271551376179229,7128.75595648653,389.3348002847643
2057.0,1189.4299197414146,9748370982.281912,545.691408439693,0.00017870003222700325,2.5966298826548964,0.23439755339286028,582536758014816.2,0.5099084048256862,0.5099084048256862,3433267111822.3877,1.715740844701093,32229.69864035318,31900.761080286844,30939.549779296456,328.9375600663378,961.2113009903866,0.8171498946763969,0.010206038962290874,0.010206038962290874,0.010206038962290876,0.030131296823020612,961.2113009903866,-166352864.35685968,-0.017064683387533492,1.4156497586970398,1.2960578530349367,0.0,0.0,12443019330502.61,-515.6951319447455,0.43199887040206675,1.0,9370244354416.129,3206605365533.3013,230913514141376.06,13800279028.756613,-0.021119949430679262,0.19807226714801124,-0.10265647917852297,0.030131296823020612,70696695131984.23,310980453627776.44,314187058993309.75,301610209273360.3,23687.395007952757,13800279028.756613,1.0,395.02982162022994,3.601517832459041e-07,3.601517832459041e-07,0.05270672211572247,7252.154771343699,395.02982162022994
2058.0,1204.3646084819825,9779920763.468763,544.8061020540763,0.0001766972929555557,2.60283285299559,0.2343238963192829,594979777345318.9,0.5085197496419501,0.5085197496419501,3447067390851.1445,1.720681057235437,32810.13712271021,32473.344443814512,31485.135392777214,336.79267889570053,988.2090510372994,0.8253141784477539,0.010264897023626962,0.010264897023626962,0.010264897023626962,0.03043139128299834,988.2090510372994,-165121237.25581756,-0.01688369888154922,1.3571494432542683,1.2933583875820254,0.0,0.0,12655535382012.938,-514.0541802733786,0.4343208627773484,1.0,9664606216887.447,3293805713316.3296,235768616251902.3,13272814019.212492,-0.02037598338212359,0.19533324079370165,-0.10231911974207346,0.03043139128299834,72153513116544.83,317586735585334.56,320880541298650.9,307922129368447.1,24107.415791401505,13272814019.212492,1.0,400.7124656586355,3.501222398756683e-07,3.501222398756683e-07,0.05269311593869164,7377.719601375713,400.7124656586355
2059.0,1219.4640119604724,9810594843.061306,543.9768694620732,0.00017473301039555217,2.6089159607796195,0.23425465640677715,607635312727331.8,0.5071457089828979,0.5071457089828979,3460340204870.357,1.7253624349060699,33400.52455932009,33055.80350797932,32040.250858052026,344.7210513407731,1015.5526499272911,0.8333639403823413,0.010320827468698604,0.010320827468698604,0.010320827468698604,0.03072237072325734,1015.5526499272911,-163888291.78745997,-0.016705234943360493,1.2992541531434503,1.2906645446510674,0.0,0.0,12870653116005.664,-512.4357318442231,0.4365924821722861,1.0,9963175590233.926,3381918568578.4604,240699735449656.97,12746456094.655117,-0.01963222133768099,0.1925637551642535,-0.10195775086902029,0.03072237072325734,73634184388738.84,324297095428629.75,327679013997208.2,314333919838395.8,24534.672902112103,12746456094.655117,1.0,406.3646869597192,3.403872041522959e-07,3.403872041522959e-07,0.052676174606981485,7505.577955939924,406.3646869597192
2060.0,1234.7296615155963,9840414600.983875,543.1925936107673,0.00017280627025933337,2.6148799721771834,0.23419082132971927,620505965843337.4,0.5057861290419299,0.5057861290419299,3473086660965.012,1.7297856736918131,34000.99689677638,33648.27689821407,32605.034145498583,352.71999856230747,1043.2427527154866,0.8413057027556557,0.010373813439445028,0.010373813439445028,0.010373813439445028,0.031004344022467857,1043.2427527154866,-162654762.06129444,-0.016529259046161704,1.241898892754513,1.2879763125313173,0.0,0.0,13088838529761.023,-510.83991108027396,0.43881392700208866,1.0,10265941216192.086,3470911023911.542,245707618956847.3,12220799997.207216,-0.01888926862118292,0.18976488700561525,-0.10157267729999161,0.031004344022467857,75139435114094.77,331112995287134.1,334583906311045.7,320847054070942.06,24969.23441948073,12220799997.207216,1.0,411.98364168114784,3.309384734274358e-07,3.309384734274358e-07,0.0526584003796251,7635.7997260178545,411.98364168114784
2061.0,1250.1630995305404,9869401074.74304,542.444388319156,0.00017091618392378616,2.620786397529596,0.23412676693748471,633594804373098.4,0.5044408576311424,0.5044408576311424,3485307460962.219,1.7339517127018234,34611.69902921077,34250.91213073643,33179.390279458836,360.78689847433964,1071.5218512775973,0.849218576118131,0.010423842475050158,0.01042384247505016,0.01042384247505016,0.03128447637212044,1071.5218512775973,-161420653.42108607,-0.016355668616425015,1.1844489220899181,1.2852936795364205,0.0,0.0,13307836913571.89,-509.24675424535786,0.44103038347913226,1.0,10575278910609.771,3560750603555.8555,250793392732528.1,11689801464.652473,-0.01814720553598899,0.18693760067761853,-0.10116417952584332,0.03128447637212044,76667317350881.73,338035988994019.56,341596739597575.44,327460710083409.8,25411.20690437213,11689801464.652473,1.0,417.6249123807367,3.217661391760252e-07,3.217661391760252e-07,0.05263858228107865,7768.1833750867045,417.6249123807367
2062.0,1265.7658794810905,9897574952.878813,541.7251505760918,0.00016906188760892104,2.6266349645662084,0.23406225295663755,646902641286670.2,0.5031097441642922,0.5031097441642922,3496997262426.8716,1.737861502790177,35232.74024621622,34863.8216144542,33763.420222420355,368.91863176201764,1100.4013920338502,0.8571068746708366,0.010470903744185417,0.010470903744185418,0.010470903744185417,0.03156284483677012,1100.4013920338502,-160186576.05513856,-0.016184426671964392,1.126849382784889,1.282616634004364,0.0,0.0,13527719176435.688,-507.6560399808338,0.44324221764968075,1.0,10891305255907.215,3651399809378.068,255957999011846.97,11153076226.718668,-0.01740227471080783,0.18408160657976483,-0.1007322202450675,0.03156284483677012,78217983305102.72,345067287572856.9,348718687382234.94,334175982316949.7,25860.67801763895,11153076226.718668,1.0,423.28703308894893,3.128621193889575e-07,3.128621193889575e-07,0.05261700332449459,7902.742204781404,423.28703308894893
2063.0,1281.5395659837068,9924956569.475285,541.0292026852485,0.00016724254158575,2.6324167975490056,0.2339978545263825,660430360463106.0,0.5017926396399398,0.5017926396399398,3508150338653.5903,1.74151432587843,35864.23268176884,35487.12143229814,34357.26624377363,377.1112494706965,1129.855188524509,0.8649630519836606,0.010514967734480395,0.010514967734480395,0.010514967734480393,0.03183845696473386,1129.855188524509,-158953195.4368821,-0.016015505390295698,1.0691395420417509,1.2799451642974244,0.0,0.0,13748916183045.93,-506.07064922279284,0.44544293716264816,1.0,11213763675902.062,3742812772857.222,261202423085995.94,10611163521.473072,-0.01665215371774059,0.18119654520540368,-0.10027674251951446,0.03183845696473386,79791952229356.53,352208138991254.56,355950951764111.8,340994375315352.5,26317.739655338893,10611163521.473072,1.0,428.96000089902117,3.0421868678731856e-07,3.0421868678731856e-07,0.052594231454231366,8039.526588434734,428.96000089902117
2064.0,1297.4857348435114,9951565899.661053,540.3520062261792,0.000165457329412319,2.6381230207399757,0.2339341467859243,674179276646151.9,0.5004893966247711,0.5004893966247711,3518761502175.0635,1.7449084370228465,36506.297138494214,36120.936891961544,34961.08462991946,385.36024653266844,1159.8522620420856,0.8727782357007349,0.010555993807608707,0.010555993807608709,0.010555993807608709,0.03211024856612184,1159.8522620420856,-157721127.07903862,-0.015848875309604347,1.0113710250481442,1.2772792588021176,0.0,0.0,13971864649974.672,-504.49374605394695,0.44762552867465766,1.0,11542346219582.754,3834937888479.4795,266527745303680.78,10064725404.774357,-0.015895895645152064,0.17828217656934234,-0.09979771809124176,0.03211024856612184,81389792314589.86,359459883837853.4,363294821726332.9,347917537618270.6,26782.49312630876,10064725404.774357,1.0,434.6333234580177,2.958281831523577e-07,2.958281831523577e-07,0.05257077727549908,8178.591503610701,434.6333234580177
2065.0,1313.6059731022074,9977422556.032927,539.6899334190591,0.00016370545719679596,2.6437447584011045,0.23387170487446782,688151141296126.5,0.49919986923709386,0.49919986923709386,3528826227579.838,1.748041675162007,37159.06307966882,36765.40228772074,35575.04549242334,393.6607919480775,1190.356795297399,0.8805424052281524,0.010593937503323778,0.01059393750332378,0.010593937503323778,0.03237709153790399,1190.356795297399,-156490939.02116376,-0.01568450550653889,0.9536065724511579,1.2746189059291477,0.0,0.0,14197007017690.469,-502.92875936699556,0.4497825048992704,1.0,11876692739127.338,3927720065008.533,271935140180699.0,9514535725.55543,-0.01513339255431691,0.17533840179659985,-0.09929515348619661,0.03237709153790399,83012121147303.11,366823954067129.44,370751674132138.0,354947261328002.1,27255.048952123543,9514535725.55543,1.0,440.2960186553653,2.8768304276555533e-07,2.8768304276555533e-07,0.0525471019087731,8319.996540299799,440.2960186553653
2066.0,1329.9018790859168,10002545785.939575,539.0400843730642,0.0001619861528865637,2.6492731347943783,0.23381110393121768,702348148313817.0,0.4979239131305081,0.4979239131305081,3538340763305.3936,1.7509118339019518,37822.668626225604,37420.66074677538,36199.3326752839,402.00787945022273,1221.3280714914797,0.8882445382751475,0.010628755031089407,0.010628755031089406,0.010628755031089404,0.032637800806249104,1221.3280714914797,-155263155.67104176,-0.01552236390552621,0.8959190350054479,1.2719640941133588,0.0,0.0,14424791550576.61,-501.379369562393,0.4519059445223833,1.0,12216389954746.809,4021102220509.33,277425876123027.44,8961471168.136793,-0.014365071422917108,0.17236528186926242,-0.09876909548070244,0.032637800806249104,84659606381958.33,374301872459732.56,378322974680241.9,362085482504985.75,27735.526740902373,8961471168.136793,1.0,445.93661694472763,2.797758165845418e-07,2.797758165845418e-07,0.05252362248586673,8463.805934381528,445.93661694472763
2067.0,1346.3750624529548,10026954469.564756,538.4001410102345,0.0001602986655823095,2.654699274181786,0.23375291909537874,716772939864393.6,0.4966613854777485,0.4966613854777485,3547302234473.5303,1.7535168961542429,38497.260562365336,38086.864128793386,36834.143722558445,410.39643357195274,1252.7204062349429,0.8958727325126805,0.010660406158176188,0.010660406158176186,0.010660406158176188,0.03289114068301295,1252.7204062349429,-154038261.16861182,-0.015362417535271625,0.8383905591728129,1.2693148118136819,0.0,0.0,14655672560419.188,-499.84949519012747,0.453987529268705,1.0,12560970476412.438,4115026353897.727,283001315484639.44,8406503964.538732,-0.013591720133093666,0.1693630540305407,-0.09821963604499885,0.03289114068301295,86332966546858.55,381895252507910.44,386010278861808.1,369334282031498.0,28224.055105031686,8406503964.538732,1.0,451.5431664819817,2.72099191410085e-07,2.72099191410085e-07,0.05250071614074958,8610.088617526757,451.5431664819817
2068.0,1363.0271442414892,10050667118.75277,537.7682503046077,0.00015864226487614767,2.660014300825313,0.23369772550615572,731428612424812.8,0.4954121449546964,0.4954121449546964,3555708738438.069,1.7558551907168063,39182.994351502115,38764.17296049808,37479.689881440245,418.8213910040387,1284.4830790578335,0.9034143074895562,0.010688856171809716,0.010688856171809716,0.010688856171809718,0.03313583087060215,1284.4830790578335,-152816702.38149276,-0.015204632744861661,0.7811119255872205,1.2666710475130867,0.0,0.0,14890110689741.016,-498.3432789714851,0.45601857946805535,1.0,12909911847280.88,4209434383194.5884,288662914780220.06,7850695946.565138,-0.012814386524783323,0.1663321462505717,-0.09764691685622308,0.03313583087060215,88032971932222.3,389605798559723.25,393815232942917.8,376695886712442.4,28720.771603471578,7850695946.565138,1.0,457.1032412589773,2.64646005034561e-07,2.64646005034561e-07,0.05247872299397982,8758.918277968665,457.1032412589773
2069.0,1379.8597569171493,10073701876.521624,537.1429309534897,0.0001570162402128489,2.665209338986946,0.2336460983027534,746318723114553.8,0.4941760517245605,0.4941760517245605,3563559434384.634,1.757925503451203,39880.034163125434,39452.75639451876,38136.196123831265,427.27776860667893,1316.5602706874952,0.9108558910133288,0.010714077296397001,0.010714077296397,0.010714077296397,0.03337055230114181,1316.5602706874952,-151598891.61946404,-0.01504897538935409,0.7241820090581685,1.2640327897185313,0.0,0.0,15128573215146.812,-496.8650726781902,0.45799008922536577,1.0,13262635669378.438,4304268859409.0737,294412224929433.5,7295193663.592472,-0.012034318753181129,0.16327319008015598,-0.09705113345506564,0.03337055230114181,89760445526602.2,397435306125414.06,401739574984823.1,384172670456035.7,29225.822695389503,7295193663.592472,1.0,462.6039524076849,2.5740925814573184e-07,2.5740925814573184e-07,0.05245759293397656,8910.373428441762,462.6039524076849
2070.0,1396.8745444205238,10096076517.212223,536.5229987783903,0.00015541990027329242,2.6702787552336633,0.23359846199707254,761447296329700.5,0.49295296742222383,0.49295296742222383,3570854628048.226,1.759727161528884,40588.55291043086,40152.79218584413,38803.88480954678,435.76072458672195,1348.9073762973564,0.9181877777348381,0.01073604978103902,0.01073604978103902,0.010736049781039021,0.03359436051306324,1348.9073762973564,-150385195.57785642,-0.01489540964962709,0.6676723700278756,1.2614000269609105,0.0,0.0,15371436739503.188,-495.41819489205113,0.4598954150072212,1.0,13618672085730.092,4399473618623.387,300250823829800.06,6740871336.229865,-0.0112529291895437,0.16018703215386088,-0.09643253910529005,0.03359436051306324,91516166372473.23,405385662288003.4,409785135906626.8,391766990202273.3,29739.356998525083,6740871336.229865,1.0,468.0354570334304,2.503821573673072e-07,2.503821573673072e-07,0.052430825203920284,9064.527811021693,468.0354570334304
2071.0,1414.073162214569,10117808447.224546,535.9075070968607,0.00015385257237929026,2.6752784442774553,0.23355231754883457,776818733069203.8,0.4917427551387557,0.4917427551387557,3577595499384.456,1.7612601012868707,41308.73074099786,40864.46514115276,39482.670926210514,444.26559984509686,1381.7942149422433,0.9254817885125938,0.010754762779582929,0.010754762779582927,0.010754762779582927,0.03381407807906681,1381.7942149422433,-149175692.87976795,-0.014743873997801263,0.6109881952997588,1.2587727477950084,0.0,0.0,15617163088841.453,-493.9825370349712,0.46177853403879254,1.0,13980729180268.64,4494994238924.001,306179065020437.94,6181861523.55838,-0.0104715498483662,0.1570746728909516,-0.09579143001142307,0.03381407807906681,93299036395761.83,413458830596468.4,417953824835392.44,399478101416199.75,30261.401628376057,6181861523.55838,1.0,473.4547132049822,2.4355870598148975e-07,2.4355870598148975e-07,0.05240175516703127,9221.269297834457,473.4547132049822
2072.0,1431.4572773319433,10138914706.294422,535.2956990608017,0.0001523136019189705,2.680225914845221,0.233506791928367,792435896158045.2,0.49054527940608617,0.49054527940608617,3583777360908.0146,1.7625248285104047,42040.72452220168,41587.93692639918,40172.623671584915,452.7875958025005,1415.3132548142648,0.9327604011850457,0.010770213904457893,0.010770213904457893,0.010770213904457895,0.03403182171116193,1415.3132548142648,-147970629.53189966,-0.014594326298063915,0.5539301704169732,1.2561509407994476,0.0,0.0,15865315734988.562,-492.5517878680837,0.46365308474778955,1.0,14349740373249.775,4590774813909.667,312197899583470.7,5616250751.100825,-0.009687227739827572,0.1539358936364311,-0.09512779363632069,0.03403182171116193,95108905350793.1,421656545307513.5,426247320121423.1,407306804934263.75,30792.043194687547,5616250751.100825,1.0,478.8791347960959,2.3693283732018106e-07,2.3693283732018106e-07,0.052372961006421415,9380.58047689737,478.8791347960959
2073.0,1449.0285684222117,10159411969.267029,534.6869695597493,0.00015080235179193953,2.685113728252179,0.2334621490412652,808301211893033.8,0.48936040618184234,0.48936040618184234,3589393611659.115,1.763520537261178,42784.6856473791,42323.364641397486,40873.9348657169,461.3210059816111,1449.42977568058,0.9400129354211458,0.010782386244080554,0.010782386244080554,0.010782386244080554,0.034246563050019385,1449.42977568058,-146770353.07494992,-0.01444673702758989,0.4965701152909761,1.2535345945766383,0.0,0.0,16116236920616.031,-491.1291309811081,0.4655122081510724,1.0,14725354211661.309,4686750149843.887,318308784995885.9,5044860372.867451,-0.008897124009424131,0.15077009341620717,-0.09444151787982821,0.034246563050019385,96946358109919.4,429980497317466.56,434667247467310.44,415255143105805.25,31331.418192193938,5044860372.867451,1.0,484.29917390982905,2.3049848644449345e-07,2.3049848644449345e-07,0.05234474442631942,9542.516673522965,484.29917390982905
2074.0,1466.7887257989837,10179316548.325655,534.0808347695987,0.00014931820187347462,2.6899344458135466,0.23341865279312438,824417448813649.8,0.4881880028343438,0.4881880028343438,3594438472031.983,1.7642451704775828,43540.77246947388,43070.91314941585,41586.80812897727,469.8593200580308,1484.1050204385817,0.9472282840204546,0.010791249061725896,0.010791249061725898,0.010791249061725898,0.03445724531750983,1484.1050204385817,-145575185.40936905,-0.014301076572111708,0.4389854189520455,1.2509236977527312,0.0,0.0,16370272645043.594,-489.7179231400479,0.4673487915436766,1.0,15107174794003.639,4782846752051.753,324513266652933.6,4468571539.612227,-0.008100183214558325,0.14757685480151586,-0.09373253458786597,0.03445724531750983,98812017526408.58,438432458973345.8,443215305725397.56,423325284179342.2,31879.67140154524,4468571539.612227,1.0,489.7048957283342,2.242497398130632e-07,2.242497398130632e-07,0.05231737005179515,9707.136727432027,489.7048957283342
2075.0,1484.7394514869222,10198644395.636581,533.4769078124336,0.00014786054849702987,2.6946806288445417,0.2333765670895399,840787721458693.4,0.4870279381277564,0.4870279381277564,3598907043571.595,1.7646962111035451,44309.150314937724,43830.75472212697,42311.45867141092,478.39559281075634,1519.2960507160542,0.9543949381114842,0.010796767471514283,0.010796767471514281,0.01079676747151428,0.03466278553376294,1519.2960507160542,-144385420.66648623,-0.014157314939646344,0.3812589523975801,1.2483182389775662,0.0,0.0,16627772262318.703,-488.321675231061,0.46915549076203733,1.0,15494760152948.078,4878986531516.66,330812976442205.75,3888324478.1558547,-0.0072963751259336644,0.14435595091352524,-0.09300082221562653,0.03466278553376294,100706544408188.05,447014281003341.9,451893267534858.5,431519520850393.8,32436.955698126094,3888324478.1558547,1.0,495.0859809418751,2.1818082868052554e-07,2.1818082868052554e-07,0.0522910727649637,9874.502973284825,495.0859809418751
2076.0,1502.8824592686635,10217411106.373217,532.8748793010624,0.00014642880395436777,2.6993448386603838,0.23333615583610717,857415493721012.1,0.48588008220740175,0.48588008220740175,3602795368049.751,1.7648711347183519,45089.991495398295,44603.068824908376,43048.11321493112,486.92267048991795,1554.9556099772515,0.9615010096325671,0.010798908013535804,0.010798908013535804,0.010798908013535806,0.034862076779544234,1554.9556099772515,-143201327.80497277,-0.01401542194143969,0.3234790064775991,1.2457182069246233,0.0,0.0,16889088428099.188,-486.9440483780148,0.47092474290330455,1.0,15887620719298.908,4975089101408.594,337209632270448.5,3305117993.462795,-0.0064862744061235655,0.14110735208570904,-0.09224640842581984,0.034862076779544234,102630637800200.39,455727890789947.8,460702979891356.44,439840270070648.9,33003.43196136157,3305117993.462795,1.0,500.4317302475946,2.1228613515089681e-07,2.1228613515089681e-07,0.052266062133090596,10044.681253569554,500.4317302475946
2077.0,1521.2194747316307,10235631922.084724,532.2745017879695,0.00014502239601265585,2.703919636576289,0.23329768293842146,874304582149111.2,0.48474430658522183,0.48474430658522183,3606100486043.214,1.7647676744470917,45883.475322475184,45388.04198481833,43797.00998757566,495.43333765685264,1591.0319972426744,0.9685342519573088,0.010797641943529366,0.010797641943529366,0.010797641943529366,0.03505399060340282,1591.0319972426744,-142023152.7871696,-0.013875367331325772,0.2657392481806038,1.2431235902909745,0.0,0.0,17154577221761.14,-485.5888481229268,0.47264878060718385,1.0,16285217900035.334,5071073286185.461,343705038084020.6,2720009131.6281834,-0.005670827534710652,0.13783123223878174,-0.09146937263424015,0.03505399060340282,104585035436672.25,464575291420728.2,469646364706913.7,448290073520692.9,33579.269037843354,2720009131.6281834,1.0,505.7310710353066,2.065601959452129e-07,2.065601959452129e-07,0.05224252514984995,10217.740949732304,505.7310710353066
2078.0,1539.7522353147208,10253321734.376486,531.6755773351277,0.00014364076744789584,2.7083975839074763,0.23326141230207803,891459159370872.4,0.4836204841253965,0.4836204841253965,3608820495174.8423,1.7643839817141207,46689.78812826748,46185.867708132864,44558.39875371235,503.9204201346178,1627.46895442052,0.9754820793689901,0.010792947244700141,0.010792947244700141,0.010792947244700141,0.03523737963970176,1627.46895442052,-140851120.42532566,-0.013737120913029748,0.2081386897177972,1.2405343777972333,0.0,0.0,17424598344177.594,-484.26001662371925,0.47431964820235195,1.0,16686962802382.893,5166858196162.407,350301084109188.1,2134112951.0481336,-0.004851223526291191,0.13452797500889999,-0.09066984851158019,0.03523737963970176,106570514281264.86,473558561192835.8,478725419388998.2,456871598390452.94,34164.643730502255,2134112951.0481336,1.0,510.97256637422976,2.0099770443853008e-07,2.0099770443853008e-07,0.05222062797612259,10393.755023210095,510.97256637422976
2079.0,1558.4824903548815,10270495088.871637,531.0779475783606,0.0001422833755940779,2.7127712419691625,0.23322760783267232,908883757715050.0,0.4825084890301118,0.4825084890301118,3610954608125.8906,1.763718729161435,47509.123292406766,46996.746428201564,45332.54085801474,512.3768642052027,1664.20557018682,0.9823315859600924,0.010784809920647268,0.010784809920647266,0.010784809920647266,0.03541108048254532,1664.20557018682,-139685436.00207728,-0.013600652626126104,0.15078166566595158,1.237950558187506,0.0,0.0,17699515333612.703,-482.96162280135644,0.475929219935457,1.0,17092215135476.559,5262364067470.983,356999747143195.56,1548602356.714041,-0.0040288221939680305,0.13119817965799352,-0.08984802644757924,0.03541108048254532,108587891105117.72,482679853383789.8,487942217451260.8,465587638248313.25,34759.74079672309,1548602356.714041,1.0,516.144426409887,1.9559351145080433e-07,1.9559351145080433e-07,0.05220051706919793,10572.800061291657,516.144426409887
2080.0,1577.4120011335974,10287166189.424896,530.4814857856363,0.00014094969190747678,2.717033172076566,0.23319653343579957,926583273048662.8,0.481408196825479,0.481408196825479,3612503210482.6045,1.7627711814161355,48341.68127563332,47820.88547220969,46119.70926889336,520.7958034236348,1701.176203316326,0.9890695644287882,0.010773224879254304,0.010773224879254303,0.010773224879254304,0.03557391684654054,1701.176203316326,-138526286.72709057,-0.01346593261704027,0.09377781413912106,1.2353721202293442,0.0,0.0,17979695766020.953,-481.6978503399983,0.4774692204564118,1.0,17500282321009.924,5357512980573.99,363803090786178.56,964707958.9301382,-0.0032051143195504306,0.12784266678513392,-0.08900415598118129,0.03557391684654054,110638023070887.23,491941396178075.7,497298909158649.6,474441113857065.8,35364.75294432051,964707958.9301382,1.0,521.2345222744235,1.9034262510401357e-07,1.9034262510401357e-07,0.05218231992363154,10754.956324572846,521.2345222744235
2081.0,1596.5425409232123,10303348902.561583,529.8860905091425,0.00013963920154553075,2.721175935544906,0.23316845301705513,944562968814683.8,0.4803194843476007,0.4803194843476007,3613467918441.5347,1.7615412479499228,49187.66965930845,48658.49903984824,46920.18861150766,529.170619460206,1738.3104283405744,0.9956825251588632,0.010758196579049842,0.010758196579049844,0.010758196579049846,0.035724703035270526,1738.3104283405744,-137373843.06711575,-0.013332931298964588,0.037242058541717984,1.232799052713693,0.0,0.0,18265511419607.844,-480.47298344095043,0.4789312476947215,1.0,17910418844154.21,5452229521283.146,370713265537283.75,383717923.0049442,-0.002381699508113547,0.12446248384946433,-0.0881385481983258,0.035724703035270526,112721808301076.2,501345492682514.2,506797722203797.4,483435073838359.94,35979.88081769397,383717923.0049442,1.0,526.2304026061124,1.8524020995579285e-07,1.8524020995579285e-07,0.05216614555516341,10940.30779381369,526.2304026061124
2082.0,1615.8758950331644,10319056762.116539,529.2916805112917,0.0001383514029597666,2.7251920936893987,0.23314363048203432,962828480234291.6,0.47924222972878483,0.47924222972878483,3613851636364.5396,1.7600295259268226,50047.30318996199,49509.808189387266,47734.27518300431,537.4950005747207,1775.533006382955,1.0021567158994744,0.01073973953270926,0.010739739532709257,0.010739739532709255,0.035862247730613334,1775.533006382955,-136228259.97286654,-0.013201619403140562,-0.01870541306941561,1.2302313444548452,0.0,0.0,18557338391282.28,-479.2913902445511,0.48030679822565503,1.0,18321825875877.14,5546441420284.405,377732508697200.94,-193022219.22213623,-0.0015602738299596288,0.12105891050812904,-0.08725157809723345,0.035862247730613334,114840186414711.45,510894520987789.44,516440962408073.9,492572695111912.4,36605.332968410214,-193022219.22213623,1.0,531.1193127649112,1.802815855588578e-07,1.802815855588578e-07,0.05214981450848133,11128.942214594099,531.1193127649112
2083.0,1635.4138608560895,10334302974.049217,528.6981907090035,0.00013708580750225458,2.729088027083979,0.23312195265415722,981385818625573.9,0.47817631238390274,0.47817631238390274,3613658614145.3174,1.758237337411424,50920.80382778058,50375.04082804517,48562.18320809338,545.7629997354119,1812.8576199517813,1.0084981986237596,0.010717878719692613,0.010717878719692616,0.010717878719692618,0.03598721887174161,1812.8576199517813,-135089650.51340458,-0.013071965361634191,-0.07411408783217945,1.2276689842903912,0.0,0.0,18855142091400.92,-478.1515077522772,0.4815997537892399,1.0,18734619893395.48,5640080191291.689,384862590399764.06,-765917438.3030369,-0.0007426228585492137,0.11763346376663034,-0.08634368691953342,0.03598721887174161,116993723953958.31,520590934247117.94,526231014438409.6,501856314353722.4,37241.27223347373,-765917438.3030369,1.0,535.9052690650644,1.754624411576643e-07,1.754624411576643e-07,0.05212243513510084,11320.910974619654,535.9052690650644
2084.0,1655.158247913771,10349100421.412788,528.1055689319037,0.0001358419390450992,2.732936249311841,0.2331014118369001,1000240960716974.8,0.477121612996891,0.477121612996891,3612892696707.014,1.75616676335036,51808.394348216025,51254.425323688,49403.66675565997,553.9690245280184,1850.758568028036,1.0148098847710425,0.010692649936314694,0.010692649936314693,0.01069264993631469,0.036109244349925046,1850.758568028036,-133957983.08100694,-0.012943925329378523,-0.12988346255435665,1.2251119610811707,0.0,0.0,19156811594668.83,-477.02270632711816,0.48287415928443633,1.0,19153686276312.277,5733081065192.547,392102600773971.25,-1344176997.0558445,7.051933444023441e-05,0.1141875359877281,-0.08541529026743194,0.036109244349925046,119180907666366.33,530437194716649.8,536170275781842.4,511283508440337.56,37887.602284995904,-1344176997.0558445,1.0,540.6749506957148,1.7077960828642425e-07,1.7077960828642425e-07,0.05209404312678756,11516.064470664065,540.6749506957148
2085.0,1675.1108779029994,10363461669.456585,527.5137733311077,0.00013461933361249014,2.7367426289148797,0.23308168150629213,1019397772311643.6,0.476078013507396,0.476078013507396,3611548519709.9585,1.753820177584012,52710.266173533906,52148.158938109584,50258.88045412733,562.1072354243173,1889.2784839822552,1.021099387968239,0.01066409404144793,0.010664094041447929,0.01066409404144793,0.03622905434158254,1889.2784839822552,-132833372.52559769,-0.012817471300838313,-0.1860923583253274,1.222560263711225,0.0,0.0,19462210674658.89,-475.9026616730567,0.4841348151394548,1.0,19579465151679.15,5825376788444.121,399453993230326.06,-1928561022.4833105,0.0008845388679800455,0.11072061110662008,-0.08446631966391958,0.03622905434158254,121401987905823.25,540435446287828.5,546260823076272.6,520855981136149.3,38544.45608725561,-1928561022.4833105,1.0,545.4345305248139,1.6622906485012265e-07,1.6622906485012265e-07,0.0520667478132395,11714.424366871717,545.4345305248139
2086.0,1695.2735847412569,10377398970.842588,526.9227703080184,0.00013341753902485707,2.7405002816882904,0.23306277363597003,1038859982986302.5,0.4750453970975581,0.4750453970975581,3609619958687.475,1.7511975642390674,53626.610261837275,53056.44011225396,51128.06906982958,570.1701495833221,1928.3710424243784,1.0273556696625223,0.010632224315492055,0.010632224315492054,0.010632224315492055,0.0363456545208166,1928.3710424243784,-131715960.10828082,-0.012692579371609744,-0.2426555317256806,1.2200138810877466,0.0,0.0,19771602433074.406,-474.794689069802,0.48537491302791946,1.0,20011475671057.395,5916883123491.131,406918770614713.56,-2518133265.199339,0.001702896536494629,0.10723203318810157,-0.08349666773401104,0.0363456545208166,123657600731704.66,550587847017475.6,556504730140966.75,530576371346418.25,39212.019481763644,-2518133265.199339,1.0,550.1742773598296,1.6180675350263805e-07,1.6180675350263805e-07,0.052040720400693186,11916.049588065933,550.1742773598296
2087.0,1715.648214612303,10390924270.958014,526.3325328587852,0.00013223611455469043,2.7442023234272663,0.23304470019957046,1058631585419376.9,0.47402364817893566,0.47402364817893566,3607101825422.276,1.7482973803770558,54557.623319164355,53979.47416006944,52011.48841623977,578.1491590949157,1967.9857438296663,1.0335674362175136,0.010597037112718768,0.010597037112718768,0.01059703711271877,0.03645803843871929,1967.9857438296663,-130605872.06749319,-0.012569225668647058,-0.29948310492680585,1.2174728021410341,0.0,0.0,20085252469608.42,-473.70220725541446,0.4865875054546439,1.0,20449190830459.04,6007504129473.325,414499026341411.3,-3111906263.7258124,0.0025269199254568967,0.10372135470343109,-0.0825062769862223,0.03645803843871929,125948411011546.11,560896628183416.5,566904132312889.8,540447437352957.44,39890.48669134374,-3111906263.7258124,1.0,554.884154918779,1.575087333539081e-07,1.575087333539081e-07,0.05201610180260663,12121.00172489603,554.884154918779
2088.0,1736.2366260115843,10404049213.30725,525.7430392510028,0.00013107463059360594,2.747841869927003,0.23302747317073014,1078716837888985.2,0.4730126523795661,0.4730126523795661,3603989919158.5503,1.7451175025785783,55503.50782531773,54917.472734494535,52909.40496403484,586.0350908231973,2008.0677704596976,1.0397231444711865,0.010558523484093727,0.010558523484093729,0.010558523484093729,0.036565189009478916,2008.0677704596976,-129503219.5222469,-0.012447386288466073,-0.3564804784360371,1.214937015824441,0.0,0.0,20403427794379.016,-472.62872521417603,0.48776552092607806,1.0,20892035907518.86,6097137925649.527,422196941509343.75,-3708840441.2318435,0.00335672309945159,0.10018834109683375,-0.08149514196741026,0.036565189009478916,128275111583277.55,571364089000140.1,577461226925789.6,550472053092621.3,40580.060018298915,-3708840441.2318435,1.0,559.5538264033006,1.5333117713499145e-07,1.5333117713499145e-07,0.05199301059412531,12329.344945735924,559.5538264033006
2089.0,1757.040689791527,10416785144.96769,525.1542719659785,0.0001299326683302502,2.751412036982695,0.2330111045230858,1099120265683364.2,0.4720122965311636,0.4720122965311636,3600281078717.3184,1.7416557630301535,56464.472044690716,55870.65350075439,53822.095645000634,593.8185439363219,2048.5578557537615,1.0458110082900312,0.01051667575083894,0.01051667575083894,0.010516675750838938,0.036666080086679154,2048.5578557537615,-128408100.31937401,-0.012327037423960643,-0.41354824921135797,1.2124065111143303,0.0,0.0,20726396306045.36,-471.57783796765324,0.48890177325894923,1.0,21339387040422.645,6185680187282.222,430014783511491.0,-4307843259.112269,0.0041917153302699585,0.09663297540763197,-0.08046331144249853,0.036666080086679154,130638422874381.8,581992593426295.4,588178273613577.6,560653206385872.8,41280.94969101187,-4307843259.112269,1.0,564.1726609255732,1.4927037232120377e-07,1.4927037232120377e-07,0.051971547514630956,12541.145953988764,564.1726609255732
2090.0,1778.0622892066774,10429143122.095034,524.5662168532685,0.00012880981943865668,2.754905940389536,0.23299560623027413,1119846661989409.6,0.4710224686564513,0.4710224686564513,3595973235458.206,1.737910258494798,57440.73003088425,56839.239927545525,54749.84775787617,601.4901033387242,2089.392169669358,1.0518190062119037,0.01047149127483791,0.010471491274837907,0.010471491274837907,0.03675967821407818,2089.392169669358,-127320600.44876625,-0.012208155450376996,-0.47058213523973497,1.209881277010024,0.0,0.0,21054426560810.61,-470.5532202094053,0.4899889727603679,1.0,21790569975666.402,6273026374243.287,437954905420052.8,-4907768439.116277,0.005030882283192246,0.0930554629349096,-0.07941089059587209,0.03675967821407818,133039092759751.56,592784568155470.9,599057594529714.1,570993998179804.4,41993.3737885146,-4907768439.116277,1.0,568.7297418705681,1.4532272090385973e-07,1.4532272090385973e-07,0.05195179802567962,12756.473969361572,568.7297418705681
2091.0,1799.3033199586828,10441133915.464727,523.9788624548866,0.00012770568577667987,2.758316695942721,0.2329809902659318,1140901088550220.2,0.47004305795662676,0.47004305795662676,3591065467019.09,1.733879533701198,58432.50162955447,57823.46114522193,55692.95892283778,609.040484332538,2130.5022223841547,1.0577348902579722,0.010422974669023794,0.010422974669023794,0.010422974669023796,0.03684494459841241,2130.5022223841547,-126240795.17209679,-0.012090716984782385,-0.5274729076642629,1.2073613025337573,0.0,0.0,21387787676442.61,-469.55861792708225,0.4910197393919621,1.0,22244859011108.17,6359073256855.526,446019745730360.9,-5507415265.70213,0.005872941240413678,0.0894562359296037,-0.07833804325064615,0.03684494459841241,135477896531464.66,603742501272933.6,610101574529789.1,581497642261825.5,42717.558202155175,-5507415265.70213,1.0,573.2138772713606,1.414847382987148e-07,1.414847382987148e-07,0.05193383376369787,12975.400720682608,573.2138772713606
2092.0,1820.7656902411327,10452768016.037258,523.3921994651328,0.000126619879094148,2.761637419437444,0.23296726860369552,1162288876226662.8,0.4690739547989594,0.4690739547989594,3585558051753.3877,1.7295626953592211,59440.01248147394,58823.55184182716,56651.73705307079,616.4606396467793,2171.8147887563673,1.0635461959837698,0.010371139135257005,0.010371139135257007,0.010371139135257007,0.03692083733053456,2171.8147887563673,-125168749.97045675,-0.011974698929356837,-0.5841063315266517,1.204846576730631,0.0,0.0,21726749282615.062,-468.59783809096666,0.4919866179786204,1.0,22701476160669.27,6443720057245.725,454211828216009.9,-6105527980.14664,0.006716426620401238,0.08583595829697095,-0.07724499410144584,0.03692083733053456,137955636905281.36,614868941281960.5,621312661339206.2,592167465121291.2,43453.736610162116,-6105527980.14664,1.0,577.6136122704831,1.377530517183968e-07,1.377530517183968e-07,0.051917713356471884,13198.000442908673,577.6136122704831
2093.0,1842.4513207842442,10464055640.535887,522.8062202988283,0.00012555202075038968,2.7648612266689003,0.23295445321720204,1184015625509277.8,0.46811505070451864,0.46811505070451864,3579452523773.241,1.7249594879056196,60463.49402639753,59839.75218006618,57626.5003241205,623.7418463313511,2213.251855945682,1.0692402538301469,0.010316007309452445,0.010316007309452447,0.010316007309452445,0.036986313868508314,2213.251855945682,-124104521.3710074,-0.011860078504384915,-0.6403631161710317,1.2023370886685611,0.0,0.0,22071581466812.64,-467.67473644194416,0.49288209549991613,1.0,23159590567134.934,6526869385341.843,462533761743215.75,-6700795277.760622,0.0075597369548973045,0.08219553029051249,-0.07613203095577686,0.036986313868508314,140473144017740.44,626166496328091.1,632693365713433.0,603006905760956.2,44202.15045029409,-6700795277.760622,1.0,581.9172437345113,1.3412439820036022e-07,1.3412439820036022e-07,0.05190348286734725,13424.349873826406,581.9172437345113
2094.0,1864.3621448993808,10475006737.026377,522.2209187461963,0.00012450174144080194,2.767981233432285,0.232942556080088,1206087206976090.5,0.46716623833603105,0.46716623833603105,3572751728495.4805,1.7200703481789807,61503.18350753585,60872.3077252179,58617.577128613775,630.8757823179425,2254.7305966041276,1.0748042018265227,0.01025761182330737,0.01025761182330737,0.010257611823307368,0.037040333788266225,2254.7305966041276,-123048157.68729109,-0.01174683327432606,-0.6961188763358215,1.1998328274382353,0.0,0.0,22422554686509.344,-466.79320339680197,0.4936986204827555,1.0,23618318189607.74,6608428070007.233,470988239946274.1,-7291849919.388961,0.008401160587153447,0.0785360931766652,-0.07499950697852732,0.037040333788266225,143031275384118.4,637637833520000.2,644246261590007.5,614019515330392.5,44963.04888105278,-7291849919.388961,1.0,586.1128370821663,1.3059562240579916e-07,1.3059562240579916e-07,0.05189117601741944,13654.528247560997,586.1128370821663
2095.0,1886.5001085234233,10485630990.489065,521.6362896970044,0.00012346868093214168,2.7709905555227907,0.2329315891659901,1228509761662599.8,0.466227411485865,0.466227411485865,3565459878576.0913,1.714896448519985,62559.323975991574,61921.46937788442,59625.30600784001,637.8545981071507,2296.1633700444127,1.080224999691072,0.010195995697650768,0.010195995697650768,0.010195995697650768,0.03708186180195038,2296.1633700444127,-121999699.69374275,-0.011634941168957968,-0.7512441049438298,1.1973337821530623,0.0,0.0,22779939630511.703,-465.95714809237006,0.49442862449529856,1.0,24076721792163.504,6688307941338.287,479578040696429.3,-7877268468.221241,0.009238889658491296,0.07485903384787776,-0.07384784293361389,0.03708186180195038,145630915796771.7,649285678285364.5,655973986226702.9,625208956493201.0,45736.68872492538,-7877268468.221241,1.0,590.1882453782338,1.2716367426210547e-07,1.2716367426210547e-07,0.051880814272978304,13888.61728291463,590.1882453782338
2096.0,1908.8671702629629,10495937828.374434,521.0523289200669,0.00012245248780623288,2.7738823087356135,0.23292156444854514,1251289701293111.5,0.4652984650641425,0.4652984650641425,3557582610107.87,1.7094397335244798,63632.164294257476,62987.493307669436,60650.03555389558,644.6709865880373,2337.457753773859,1.0854894443650585,0.010131212630248637,0.010131212630248632,0.010131212630248632,0.03710987103989495,2337.457753773859,-120959181.24707964,-0.011524380500814503,-0.8056041585859907,1.1948399419491262,0.0,0.0,23144007019322.28,-465.1704806054033,0.49506454572360103,1.0,24533811260062.18,6766426594984.848,488306025313753.44,-8455571162.798455,0.010071027688103171,0.07116598936007702,-0.0726775294162733,0.03710987103989495,148272977148633.4,661112813722449.1,667879240317434.0,636579002462386.9,46523.33438882233,-8455571162.798455,1.0,594.1311307364233,1.2382560649675477e-07,1.2382560649675477e-07,0.051872406850658415,14126.701165073244,594.1311307364233
2097.0,1931.4653014383434,10505936426.134096,520.4690328869968,0.00012145281921179507,2.7766496088659474,0.2329124939013897,1274433708312433.8,0.4643792950869753,0.4643792950869753,3549127038945.072,1.7037029533102757,64721.95913773039,64070.64088512179,61692.12427738173,651.3182526085997,2378.5166077400686,1.0905841870113027,0.010063327212060647,0.010063327212060645,0.01006332721206065,0.03712334658872434,2378.5166077400686,-119926629.86279722,-0.011415129979701106,-0.8590592566807633,1.1923512959851383,0.0,0.0,23515027338434.656,-464.4370924082466,0.49559885459316644,1.0,24988544269421.29,6842708155086.696,497175137481658.25,-9025221936.970112,0.010895593690644332,0.06745885136899182,-0.07148912906899944,0.03712334658872434,150958398169678.0,673122079920757.5,679964788075844.2,648133535651336.2,47323.25775786228,-9025221936.970112,1.0,597.9289880639581,1.2057857209576247e-07,1.2057857209576247e-07,0.051865950673377625,14368.866519519448,597.9289880639581
2098.0,1954.2964861275175,10515635712.719784,519.8863986313299,0.00012046934062410955,2.779285571708987,0.23290438949816053,1297948735650868.5,0.46346979866482535,0.46346979866482535,3540101817008.1016,1.6976896948452556,65828.96899311258,65171.17860998377,62751.94043641807,657.7903831288006,2419.238173565703,1.0954957514996733,0.009992415090043755,0.009992415090043755,0.009992415090043756,0.03712128927487423,2419.238173565703,-118902067.25243013,-0.011307168724816645,-0.9114644952789313,1.1898678334423909,0.0,0.0,23893270500897.33,-463.7608351488005,0.496024081377491,1.0,25439827335522.492,6917084044312.845,506188401829678.3,-9584628597.431242,0.011710524468987675,0.06373977043833258,-0.07028327877363835,0.03712128927487423,153688144065984.2,685316373231185.0,692233457275497.9,659876545895662.5,48136.73805924918,-9584628597.431242,1.0,601.569171169213,1.1741982171067811e-07,1.1741982171067811e-07,0.05185151840624269,14615.202377168884,601.569171169213
2099.0,1977.3627212097454,10525044376.0436,519.3044236359176,0.00011950172561224961,2.7818292226216133,0.23289700430177881,1321842006151765.8,0.4625698739909878,0.4625698739909878,3530517188410.6704,1.6914044121544427,66953.46015253072,66289.37803419027,63829.43929164218,664.0821183404453,2459.9387425480904,1.100283246795026,0.009918563085874273,0.009918563085874273,0.009918563085874273,0.03710909372658951,2459.9387425480904,-117885508.92749484,-0.011200476189517826,-0.9633681939670008,1.1873895435247095,0.0,0.0,24277795766550.08,-463.1236837269347,0.4963768801427969,1.0,25890964427667.543,6989493764870.224,515345684660788.25,-10139492991.971663,0.012513675995554759,0.06001116019142236,-0.06906069181167639,0.03710909372658951,156461996381726.62,697698645470182.5,704688139235052.8,671807681042514.9,48963.75409435646,-10139492991.971663,1.0,605.1028836928915,1.1434741832342912e-07,1.1434741832342912e-07,0.051814244613703986,14865.685197285718,605.1028836928915
2100.0,2000.666016409107,10534170868.393435,518.7231057429201,0.00011854965561361307,2.7843865507238355,0.2328897089539564,1346119801918315.8,0.4616794203301947,0.4616794203301947,3520377695418.6987,1.6848524558167761,68095.68634423573,67425.49750102927,64923.913413984024,670.1888432064611,2501.5840870452457,1.1051134085357175,0.009841869275221606,0.009841869275221606,0.009841869275221606,0.03710145538054144,2501.5840870452457,-116876972.80679946,-0.01109503294250479,-1.0163731272309235,1.1849164154584066,0.0,0.0,24665855782378.58,-462.47544538652227,0.496758587445266,1.0,26352114214588.613,7059883788427.798,524641761373478.1,-10706648188.293928,0.01330744743308514,0.05627420926254379,-0.06782177705853291,0.03710145538054144,159277835974210.16,710271711562276.9,717331595350704.6,683919597347688.2,49803.80211484942,-10706648188.293928,1.0,608.6765224859055,1.1136049046961096e-07,1.1136049046961096e-07,0.05177759051037634,15120.111299134604,608.6765224859055
2101.0,2024.2083943378414,10543023411.79797,518.1424430818618,0.00011761281971550375,2.7869505151578053,0.23288250696503068,1370785657700694.2,0.4607983380073391,0.4607983380073391,3509671047230.405,1.678038076793229,69255.86147045325,68579.7567002918,66035.62816346984,676.1047701614517,2544.1285368219583,1.1099753690219316,0.009762419466111175,0.009762419466111175,0.009762419466111175,0.0370973689501458,2544.1285368219583,-115876498.59292927,-0.01099082246779988,-1.0703947453464049,1.182448438492234,0.0,0.0,25057769277653.875,-461.81934867862026,0.49716247150201265,1.0,26822806726337.22,7128188420640.471,534078838692524.56,-11285196860.052673,0.01410375536704494,0.0525266559247245,-0.06656606217939705,0.0370973689501458,162136335047723.3,723037980466585.0,730166168887225.6,696215173740247.9,50657.0855277504,-11285196860.052673,1.0,612.2806226222965,1.0845647900818907e-07,1.0845647900818907e-07,0.05174302408800191,15378.542635719441,612.2806226222965
2102.0,2047.9918905395007,10551610003.336288,517.562434012125,0.0001166909144435194,2.789508382573196,0.23287543384267792,1395843426978348.0,0.4599265283963177,0.4599265283963177,3498385850370.352,1.6709602669191241,70434.20630749028,69752.38634421775,67164.91886711109,681.8199632725346,2587.467477106663,1.114848932849143,0.009680239176628967,0.009680239176628967,0.009680239176628967,0.03709503878961061,2587.467477106663,-114884126.43645132,-0.010887829099078376,-1.1252546253727487,1.1799856018973365,0.0,0.0,25454018453307.094,-461.16147796903635,0.49757619379290285,1.0,27301947714745.973,7194298344940.856,543659668640337.7,-11873247961.383522,0.014908634434300561,0.048766483873330324,-0.0652931264505722,0.03709503878961061,165038361151141.9,735999977506225.6,743194275851166.4,708698029791479.6,51523.85924692433,-11873247961.383522,1.0,615.8974167988534,1.0563282860433466e-07,1.0563282860433466e-07,0.05171077746082098,15641.05962018676,615.8974167988534
2103.0,2072.0185535319274,10559938420.387594,516.983077076983,0.00011578364355651152,2.792047419619682,0.23286852509457445,1421297445431655.0,0.4590638939089908,0.4590638939089908,3486512602408.9688,1.6636153772684317,71630.95096578465,70943.62870403727,68312.14013444215,687.3222617473854,2631.48856959513,1.119713547505939,0.00959532510011898,0.00959532510011898,0.00959532510011898,0.037092669456945566,2631.48856959513,-113899882.04435706,-0.010786036576165607,-1.1807658499667457,1.1775278949672054,0.0,0.0,25855087554265.03,-460.50797841470524,0.4979873282499111,1.0,27788357248878.406,7258080759013.913,553387161087166.5,-12468814664.545452,0.015724236971711575,0.044992117086167224,-0.06400265200117522,0.037092669456945566,167984832097430.53,749160350433475.4,756418431192489.1,721371993184597.0,52404.39281528072,-12468814664.545452,1.0,619.5087141214831,1.028870496591978e-07,1.028870496591978e-07,0.051681035337416636,15907.747319161428,619.5087141214831
2104.0,2096.2904448500367,10568016225.817007,516.4043709668598,0.00011489071784789216,2.794554892946936,0.23286181622839647,1447152532985920.0,0.4582103379842588,0.4582103379842588,3474043787744.4233,1.6559988392928056,72846.33489588882,72153.73630468246,69477.66490394328,692.5985912063578,2676.0714007391844,1.1245483031930312,0.009507665583947526,0.009507665583947526,0.009507665583947526,0.037088466069712306,2676.0714007391844,-112923778.99054642,-0.010685428237201287,-1.2367327239682213,1.1750753070176323,0.0,0.0,26261460476883.03,-459.8650553494803,0.49838336461694843,1.0,28280765984456.547,7319393149846.79,563264376261274.4,-13069811493.89503,0.016550505165585018,0.04120242695160947,-0.0626944277449979,0.037088466069712306,170976713775475.03,762521856021205.9,769841249171052.8,734241090036749.4,53298.969667103134,-13069811493.89503,1.0,623.0958990827206,1.0021672154870544e-07,1.0021672154870544e-07,0.051653948517200954,16178.69523684015,623.0958990827206
2105.0,2120.8096390884043,10575850773.09386,515.8263144899605,0.00011401185495307068,2.7970180692046336,0.2328553427518203,1473413993462803.0,0.45736576507725296,0.45736576507725296,3460973976250.5283,1.6481061396395074,74080.60686049392,73382.97111075713,70661.88392985519,697.635749736781,2721.0871809019545,1.1293319364881897,0.009417252089342963,0.009417252089342963,0.009417252089342963,0.03708063518980459,2721.0871809019545,-111955821.00213315,-0.010585987208420262,-1.292950521541757,1.1726278273866613,0.0,0.0,26673619682719.375,-459.23897338640114,0.4987517133918845,1.0,28777811965797.73,7378091583191.65,573294520758828.0,-13674051772.8195,0.01738609523621553,0.03739673977914292,-0.061368353421228754,0.03708063518980459,174015019028999.7,776087351753625.2,783465443336817.0,747309539787827.6,54207.88672787942,-13674051772.8195,1.0,626.6399360367243,9.761949518910869e-08,9.761949518910869e-08,0.05162964119373736,16453.997201975773,626.6399360367243
2106.0,2145.578223943678,10583449211.33934,515.2489065487974,0.00011314677916281206,2.799424215042448,0.23284914017252223,1500087613145522.5,0.45653008064864065,0.45653008064864065,3447299924477.709,1.6399333824025473,75334.02489243663,74631.60399152408,71865.20548969302,702.4209009125495,2766.3985018310646,1.1340428379724565,0.009324085656056207,0.009324085656056205,0.009324085656056205,0.03706738638694198,2766.3985018310646,-110996003.58229575,-0.010487696531237867,-1.3492052663808527,1.1701854454345437,0.0,0.0,27092045753996.656,-458.63604990549334,0.49907971666743123,1.0,29278038042454.312,7434035929791.191,583480945294082.4,-14279245412.41332,0.018228887618268783,0.03357484461809573,-0.060024443726609984,0.03706738638694198,177100807068548.9,789859790405085.5,797293826334876.8,760581752362631.2,55131.45418309638,-14279245412.41332,1.0,630.121379388084,9.509309409115402e-08,9.509309409115402e-08,0.05160821478456912,16733.751306596645,630.121379388084
2107.0,2170.5983002567696,10590818490.300667,514.6721461214266,0.00011229522124231522,2.8017605971100528,0.2328432439981785,1527179658899519.2,0.45570319115404284,0.45570319115404284,3433020679065.296,1.6314776235401718,76606.85624837904,75899.91434436417,73088.05518446499,706.9419040148822,2811.8591598991757,1.1386590639297451,0.009228180591601295,0.009228180591601296,0.009228180591601298,0.0370469345609738,2811.8591598991757,-110044315.23154028,-0.010390539251741646,-1.4052735475422975,1.167748150543692,0.0,0.0,27517217215006.78,-458.0626432610276,0.4993546650207872,1.0,29779889982781.49,7487093388609.174,593827143162788.6,-14882997071.241377,0.019076268092775475,0.029737001306561955,-0.05866283252028357,0.0370469345609738,180235183104958.75,803842216250528.9,811329309639138.0,774062326267747.4,56069.995317796274,-14882997071.241377,1.0,633.5203897045926,9.263531451036773e-08,9.263531451036773e-08,0.05158974979815567,17018.059866668715,633.5203897045926
2108.0,2195.8719820548695,10597965365.249416,514.0960322464483,0.00011145691825581835,2.8040144820571222,0.23283768973646538,1554696876114526.0,0.45488500403356286,0.45488500403356286,3418137681994.0547,1.6227370796611273,77899.3773620722,77188.18980770827,74330.87575507084,711.1875543639246,2857.3140526374314,1.1431583522265507,0.009129566608194601,0.0091295666081946,0.009129566608194598,0.037017503063041,2857.3140526374314,-109100738.4222556,-0.010294498487416787,-1.4609223735552943,1.1653159321186333,0.0,0.0,27949610406256.22,-457.5251358924718,0.49956382053328696,1.0,30281715367491.945,7537141069345.31,604336748803189.6,-15482804716.256979,0.019925282312266146,0.025883948668748574,-0.057283777081245185,0.037017503063041,183419298017708.8,818037762188390.2,825574903257735.6,787756046820898.4,57023.8463681719,-15482804716.256979,1.0,636.8167559529278,9.024402504665517e-08,9.024402504665517e-08,0.05157430658084716,17307.02938689894,636.8167559529278
2109.0,2221.401396593246,10604896401.80186,513.5205640110195,0.00011063161339654446,2.8061731365333302,0.23283251289505918,1582646486520782.2,0.4540754277014257,0.4540754277014257,3402654877277.798,1.613711267671782,79211.87379784147,78496.72602340553,75594.1268672493,715.1477744359368,2902.5991561562264,1.1475181424709848,0.009028290080109485,0.009028290080109485,0.009028290080109486,0.03697732763135564,2902.5991561562264,-108165250.41403747,-0.010199557479473282,-1.5159090675273168,1.1628887795859626,0.0,0.0,28389699289664.594,-457.0299124570934,0.49969444597311474,1.0,30781763346994.28,7584068059872.274,615013536070102.6,-16076058615.679256,0.02077272046707106,0.022016912775159637,-0.055887662396964244,0.03697732763135564,186654347941742.84,832449647358839.8,840033715418712.1,801667884011845.5,57993.35634863973,-16076058615.679256,1.0,639.9899240398123,8.791716589439828e-08,8.791716589439828e-08,0.051561925418725396,17600.770518609563,639.9899240398123
2110.0,2247.188684396834,10611617980.65957,512.9457405412697,0.00010981905582180761,2.80822382718835,0.23282774898163613,1611036185810446.8,0.45327437153572586,0.45327437153572586,3386578818662.1187,1.604401106455738,80544.64020307688,79825.82642476558,76878.2848337102,718.8137783112999,2947.541591055364,1.1517156005406293,0.008924414790344308,0.008924414790344306,0.008924414790344306,0.036924661141258204,2947.541591055364,-107237823.96000904,-0.01010569963557467,-1.5699812060376177,1.1604666823942982,0.0,0.0,28837955114835.906,-456.5833330979197,0.4997338401268523,1.0,31278185346385.02,7627777214674.032,625861415967786.5,-16660040795.286383,0.021615163537551045,0.018137615176172284,-0.05447500546034436,0.036924661141258204,189941573695880.6,847081175010052.2,854708952224726.4,815802989663667.1,58978.8868303084,-16660040795.286383,1.0,643.0190318194178,8.565274786038699e-08,8.565274786038699e-08,0.05155262626639945,17899.398003401802,643.0190318194178
2111.0,2273.2359993016407,10618136302.268772,512.3715609946427,0.00010901900049310712,2.8101538206718564,0.23282343350387258,1639874140925282.8,0.4524817458682835,0.4524817458682835,3369918777866.832,1.594808997728247,81897.98025745516,81175.80203565683,78183.84225132174,722.1782217983376,2991.959784335085,1.1557276475566463,0.008818022367927662,0.00881802236792766,0.008818022367927662,0.036857779157153915,2991.959784335085,-106318427.93375102,-0.010012908565793604,-1.6228766046632048,1.1580496300142349,0.0,0.0,29294845905860.72,-456.1917019966154,0.4996693792151019,1.0,31769036800976.61,7668186793584.838,636884433661225.4,-17231924990.07706,0.022449008565233283,0.01424828101567538,-0.05304645955079444,0.036857779157153915,193282259998389.0,861935730460591.1,869603917254175.8,830166693659614.4,59980.81165384387,-17231924990.07706,1.0,645.8829507003868,8.344885122014037e-08,8.344885122014037e-08,0.051546408263387855,18203.03059747787,645.8829507003868
2112.0,2299.5455084959044,10624457391.397236,511.7980245537726,0.00010823120802104264,2.8119503836335227,0.23281960196944476,1669168986831143.5,0.45169746197460725,0.45169746197460725,3352686852876.755,1.5849388954309969,83272.20661601606,82546.97127117972,79511.30753657583,725.2353448363386,3035.6637346038992,1.1595309933671754,0.00870921252490085,0.00870921252490085,0.008709212524900851,0.03677498626365429,3035.6637346038992,-105407027.8949298,-0.009921168113515073,-1.6743233530173152,1.155637611938298,0.0,0.0,29760835745168.062,-455.8612314239585,0.49948856427163424,1.0,32252280002908.934,7705232019948.961,648086764628349.4,-17788777123.553818,0.023270482616819382,0.01035164692756595,-0.05160281847376518,0.03677498626365429,196677734428282.4,877016779059540.6,884722011079489.6,844764499056631.8,60999.51656384013,-17788777123.553818,1.0,648.5603339527005,8.130362445651812e-08,8.130362445651812e-08,0.05154324913787134,18511.790972735696,648.5603339527005
2113.0,2326.119392561066,10630587101.627693,511.2251304215895,0.00010745544451488998,2.8136007827230234,0.23281628988602887,1698929822576311.5,0.4509214320639626,0.4509214320639626,3334898075753.201,1.5747963687184987,84667.6408428824,83939.65973333345,80861.20434581496,727.9811095489584,3078.4553875184965,1.1631021745862549,0.008598103151354739,0.008598103151354739,0.008598103151354739,0.03667462314355802,3078.4553875184965,-104503586.60516723,-0.009830462382380202,-1.7240399021944628,1.1532306176808989,0.0,0.0,30236383841211.438,-455.59800158299987,0.4991790743035125,1.0,32725788135490.41,7738866593399.774,659472709841859.0,-18327556346.959927,0.024075650818512255,0.006450968614070093,-0.050145020731689305,0.03667462314355802,200129366098842.6,892327864076192.0,900066730669591.8,859602075940701.6,62035.39875430628,-18327556346.959927,1.0,651.0296717757049,7.921528290887563e-08,7.921528290887563e-08,0.05154310456424316,18825.805591508673,651.0296717757049
2114.0,2352.9598455125133,10636531119.76707,510.6528778174075,0.0001066914814366825,2.8150922845900315,0.23281353276130132,1729166206417523.0,0.45015356926954475,0.45015356926954475,3316570519406.241,1.5643886611902542,86084.6133322339,85354.19999673209,82234.07086886451,730.4133355018178,3120.1291278675812,1.166417597215234,0.008484830299264627,0.008484830299264626,0.008484830299264626,0.03655507436057089,3120.1291278675812,-103608064.50188136,-0.00974077575999705,-1.7717352075058488,1.1508286367782876,0.0,0.0,30721943373343.438,-455.40791663604074,0.4987288249812599,1.0,33187350566255.22,7769064173357.951,671046689886712.4,-18845116670.62293,0.02486042145887042,0.002550028001117785,-0.04867415359785783,0.03655507436057089,203638564015095.78,907872604468063.2,915641668641421.1,874685253901808.1,63088.866316540945,-18845116670.62293,1.0,653.2693531437866,7.718210735147921e-08,7.718210735147921e-08,0.051545907523014245,19145.20455232356,653.2693531437866
2115.0,2380.0690748400975,10642294970.17093,510.0812659737975,0.00010593909545964932,2.816412155884222,0.23281136610293832,1759888149790866.5,0.449393787638755,0.449393787638755,3297725402735.618,1.5537247476876554,87523.46321307284,86790.93138037084,83630.45898635816,732.5318327020119,3160.472394012669,1.169453583852002,0.0083695480709977,0.008369548070997698,0.0083695480709977,0.036414776794611754,3160.472394012669,-102720420.13552235,-0.009652092938922977,-1.8171089293538742,1.1484316587885095,0.0,0.0,31217960111893.97,-455.2966574115452,0.49812603253360743,1.0,33634679462165.11,7795819838654.715,682813237932625.2,-19338209219.11542,0.025620549840734003,-0.0013468601375953904,-0.0471914570633824,0.036414776794611754,207206775090980.62,923654692485771.0,931450512324425.6,890020013023605.9,64160.33758192837,-19338209219.11542,1.0,655.2577343956422,7.520244251382287e-08,7.520244251382287e-08,0.051551567701929146,19470.1214044298,655.2577343956422
2116.0,2407.449301548452,10647884018.98283,509.51029413408725,0.00010519806833086623,2.817547663255268,0.2328098254186161,1791106109902760.5,0.4486420021235795,0.4486420021235795,3278387193516.503,1.5428153892273633,88984.53823432165,88250.19970200313,85050.93328249047,734.3385323185203,3199.266419512645,1.172186425469208,0.008252428420595918,0.008252428420595918,0.00825242842059592,0.03625222866708173,3199.266419512645,-101840610.5741599,-0.009564398935281465,-1.8598516950312445,1.1460396732913576,0.0,0.0,31724870815200.25,-455.26963139660313,0.49735928244132743,1.0,34065417780797.11,7819151522797.679,694776991492728.8,-19803485141.201317,0.02635164183280437,-0.005234842199632593,-0.045698327626048765,0.03625222866708173,210835481805476.28,939677891079002.4,947497042601800.1,905612473298205.1,65250.240353303496,-19803485141.201317,1.0,656.9732144767852,7.327469555143632e-08,7.327469555143632e-08,0.051559970971811975,19800.692929186975,656.9732144767852
2117.0,2435.1027601970404,10653303478.288393,508.9399615503629,0.00010446818673798093,2.8184860733528434,0.23280894621601103,1822830980717960.8,0.44789812857106914,0.44789812857106914,3258583708375.302,1.5316731862215596,90468.19462684875,89732.35701203962,86496.0699063611,735.837614809138,3236.287105678513,1.174592437716232,0.00813366087213549,0.008133660872135491,0.008133660872135491,0.036065999082630716,3236.287105678513,-100968591.778394,-0.009477679105281253,-1.899645424139256,1.1436526698883296,0.0,0.0,32243101408663.938,-455.33192072994575,0.4964176024400766,1.0,34477148679664.777,7839101421301.625,706942682911252.6,-20237499204.497364,0.027049157666760842,-0.009108520530859185,-0.04419632188857406,0.036065999082630716,214526199480460.03,955946031071377.5,963785132492679.1,921468882391712.6,66359.01101963475,-20237499204.497364,1.0,658.3943166832833,7.139733447298346e-08,7.139733447298346e-08,0.05156966744587188,20137.05888672635,658.3943166832833
2118.0,2463.0316989400285,10658558410.184072,508.3702674818717,0.00010374924217987905,2.8192208319238423,0.23280874225840162,1855074082126624.8,0.44716208371391974,0.44716208371391974,3238346209170.804,1.5203126298947416,91974.79693913895,91237.76130413415,87966.37964205159,737.0356350047942,3271.381662082569,1.1766584849842099,0.008013452157904753,0.008013452157904753,0.00801345215790475,0.035855566985885004,3271.381662082569,-100104319.7630061,-0.009391919236222238,-1.9362784041184586,1.1412706382025803,0.0,0.0,32772856886712.25,-455.48530364418156,0.495296456904165,1.0,34868212527312.117,7855737366085.708,719314530447859.1,-20637936468.67459,0.027708416301034558,-0.012961949078299166,-0.042687159932555514,0.035855566985885004,218280265099374.72,972463008074546.0,980318745440631.8,937594795547233.9,67487.0374365605,-20637936468.67459,1.0,659.5091600495385,6.956894492546701e-08,6.956894492546701e-08,0.05155133669798051,20479.342205491095,659.5091600495385
2119.0,2491.238379565878,10663653730.760782,507.8012111937443,0.00010304103084116174,2.819883605631355,0.232808742247978,1887846939013337.0,0.44643378516115106,0.44643378516115106,3217708272702.1294,1.5087501516663935,93504.71475182063,92766.77313255322,89460.66667172445,737.941619267415,3306.1064608287743,1.1786060627221655,0.007892025778871716,0.007892025778871718,0.007892025778871718,0.03563890765182402,3306.1064608287743,-99247768.84623498,-0.009307107240358065,-1.9721234747240284,1.1388935678788787,0.0,0.0,33309624747878.844,-455.6662387682032,0.49412354439417205,1.0,35255174495309.086,7869153901384.623,731883253261068.8,-21030041848.761803,0.02832536941478199,-0.01678887817924992,-0.04117266474802681,0.03563890765182402,222094318649212.56,989232746405590.2,997101900306974.9,953977571910281.2,68633.44138321468,-21030041848.761803,1.0,660.5164006449555,6.778942945390096e-08,6.778942945390096e-08,0.05152016773166257,20827.225288509773,660.5164006449555
2120.0,2519.725077536727,10668594214.002632,507.23279195597456,0.00010234335347031116,2.820531043161878,0.23280874223804446,1921156563761215.8,0.4457131513888847,0.4457131513888847,3196678230853.3677,1.4970038333787876,95058.25266514362,94319.68635473153,90978.53935441651,738.5663104120828,3341.147000315015,1.1805308087212583,0.00776961799428177,0.007769617994281771,0.007769617994281769,0.03542364409216896,3341.147000315015,-98398925.95388864,-0.009223232600293214,-2.008222787115337,1.136521448583561,0.0,0.0,33851562954399.625,-455.8477026732624,0.4929533286823906,1.0,35645341555693.016,7879464265919.618,744645899224417.5,-21424914007.04692,0.02891365421833947,-0.020588357704499616,-0.03965332530604727,0.03542364409216896,225967219330521.22,1006258460110631.8,1014137924376551.5,970613118554938.8,69797.94003666037,-21424914007.04692,1.0,661.501819627911,6.605796916750172e-08,6.605796916750172e-08,0.051488165779981276,21180.599317756136,661.501819627911
2121.0,2548.4940820275347,10673384495.601212,506.6650090426028,0.00010165601526142356,2.8211619781899095,0.23280874222859715,1955008126715615.5,0.4450001017312179,0.4450001017312179,3175253316846.321,1.4850856500050913,96635.6902658717,95896.77541008862,92520.2884517459,738.9148557830819,3376.4869583427258,1.1824306160005034,0.0076463970376795705,0.007646397037679571,0.0076463970376795705,0.03520959848653586,3376.4869583427258,-97557783.76032554,-0.00914028570792439,-2.044553620392738,1.134154270004488,0.0,0.0,34398894060476.0,-456.03026488430226,0.4917846362056979,1.0,36038543550774.945,7886722365284.551,757604905557379.0,-21822306912.325176,0.029487803656956066,-0.024361717130321762,-0.03812904730576924,0.03520959848653586,229899706732037.53,1023543155840191.4,1031429878205475.9,987504612289416.5,70980.75646666794,-21822306912.325176,1.0,662.4635357059046,6.437324964949063e-08,6.437324964949063e-08,0.051455519443501574,21539.531985077967,662.4635357059046
2122.0,2577.5476959649654,10678029076.685892,506.09786173106323,0.00010097882573939467,2.8217752443899475,0.23280874221963205,1989407020776091.5,0.4442945563711945,0.4442945563711945,3153431009933.9956,1.47300112770936,98237.31287585376,97498.32642657642,94086.21698934161,738.9864492773418,3412.1094372348066,1.18430336630446,0.007522461961181972,0.007522461961181971,0.00752246196118197,0.034996594939548854,3412.1094372348066,-96724329.37058485,-0.009058256788396467,-2.0810923820434506,1.1317920218509971,0.0,0.0,34951848817586.656,-456.2145138630855,0.4906162804933061,1.0,36434603783627.6,7890918792660.319,770762809832372.0,-22221964966.72947,0.030055710895368147,-0.02811019880050778,-0.036599750234943856,0.034996594939548854,233892550895195.78,1041089964511195.5,1048980883303855.9,1004655360727567.9,72182.1231518496,-22221964966.72947,1.0,663.3996596752048,6.273398600913239e-08,6.273398600913239e-08,0.05142236040578818,21904.093837491997,663.3996596752048
2123.0,2606.8882360660596,10682532327.470808,505.5313493016626,0.00010031159864844585,2.8223696754364918,0.2328087422111453,2024358869593678.2,0.4435964363318702,0.4435964363318702,3131209044967.266,1.4607523044161763,99863.41168189484,99124.63462310188,95676.63767204098,738.7770587929557,3447.9969510609017,1.1861469305563686,0.007397875221269807,0.007397875221269806,0.007397875221269808,0.034784460635553405,3447.9969510609017,-95898541.8791549,-0.008977135658419282,-2.117814588900138,1.129434693853861,0.0,0.0,35510658981946.78,-456.4010143496011,0.4894470968878146,1.0,36833338894728.87,7892009813349.551,784122228973974.5,-22623622809.515026,0.030621586165390048,-0.031834958421606795,-0.0350653677264569,0.034784460635553405,237946545941314.66,1058902113810018.0,1066794123623367.5,1022068774915289.1,73402.27999662163,-22623622809.515026,1.0,664.3082951043182,6.113892005187194e-08,6.113892005187194e-08,0.05138878606891528,22274.357675419342,664.3082951043182
2124.0,2636.5180328766223,10686898490.819206,504.96547103716176,9.965415184388337e-05,2.8229441050040394,0.23280874220313302,2059869528575625.0,0.4429056634674719,0.4429056634674719,3108585422157.751,1.448339370965593,101514.28375870515,100776.0027967521,97291.87138675185,738.2809619530567,3484.131410000244,1.187959169348902,0.007272680598406397,0.007272680598406397,0.007272680598406398,0.034573026447845316,3484.131410000244,-95080394.42042463,-0.008896911905929053,-2.1546948459498325,1.1270822757652406,0.0,0.0,36075553526701.31,-456.590310890003,0.488275943330573,1.0,37234558707347.41,7889933698096.674,797685847107790.9,-23027005097.357185,0.03118759405787172,-0.03553706550448081,-0.03352584792141872,0.034573026447845316,242062506384263.8,1076982912199402.1,1084872845897498.8,1039748353492054.8,74641.47318261316,-23027005097.357185,1.0,665.1875390707576,5.9586822728834885e-08,5.9586822728834885e-08,0.05135487225283342,22650.398204138688,665.1875390707576
2125.0,2666.4394308093742,10691131685.725979,504.40022622244334,9.900630718698721e-05,2.8234973667670897,0.23280874219559117,2095945082102326.2,0.4422221604546509,0.4422221604546509,3085558417060.3936,1.435761581676419,103190.23203604223,102452.7404206469,98932.24631687715,737.4916153953346,3520.494103769736,1.1897379334728364,0.00714691304442211,0.007146913044422111,0.007146913044422111,0.03436212725316486,3520.494103769736,-94269855.47644489,-0.008817575000250641,-2.1917068240630075,1.1247347573586415,0.0,0.0,36646756742886.47,-456.7829298938631,0.4871017007856374,1.0,37638066062224.1,7884619977310.299,811456408385293.6,-23431826272.561874,0.03175476006871818,-0.03921750374890919,-0.031981153839964346,0.03436212725316486,246241264953119.1,1095335739400636.8,1103220359377947.1,1057697673338412.6,75899.95448926058,-23431826272.561874,1.0,666.0354829513034,5.8076495338363006e-08,5.8076495338363006e-08,0.05132068040702764,23032.291827616576,666.0354829513034
2126.0,2696.654788181871,10695235910.71923,503.83561414424395,9.836789044292927e-05,2.8240282944001405,0.23280874218851585,2132591838845212.8,0.44154585078382674,0.44154585078382674,3062126590787.8315,1.4230177603966279,104891.56523836433,104155.16308671983,100598.09740152472,736.4021516445115,3557.0656851951,1.1914810644838632,0.007020604087383482,0.00702060408738348,0.007020604087383479,0.034151602088448356,3557.0656851951,-93466889.73448747,-0.008739114360330369,-2.2288232372503693,1.1223921284288694,0.0,0.0,37224487381291.5,-456.97938080233894,0.48592327353015574,1.0,38043656653085.734,7875994736999.288,825436712613005.4,-23837790325.68564,0.03232347247166153,-0.042877171370381655,-0.03043126376031427,0.034151602088448356,250483671265812.78,1113964040531903.9,1121840035268903.1,1075920383878818.1,77177.98087891794,-23837790325.68564,1.0,666.8502132658393,5.6606769987859005e-08,5.6606769987859005e-08,0.05128626178505624,23420.116522606775,666.8502132658393
2127.0,2727.1664772541335,10699215047.181849,503.2716340909407,9.773873118162393e-05,2.824535721577692,0.23280874218190326,2169816326226504.2,0.44087665875062343,0.44087665875062343,3038288800462.146,1.4101065826164423,106618.59781257149,105883.59214450885,102289.76598997555,735.0056680626391,3593.8261545332907,1.1931863953077781,0.006893784791230614,0.006893784791230613,0.006893784791230615,0.03394129422459028,3593.8261545332907,-92671458.68668798,-0.008661519399135495,-2.266015819797149,1.120054378791985,0.0,0.0,37808958361625.16,-457.18015675212416,0.4847395893922345,1.0,38451118869538.266,7863983703499.735,839629612468380.9,-24244590556.32577,0.03289376009135424,-0.046516881369562085,-0.028876171606302067,0.03394129422459028,254790590984275.62,1132871322322194.8,1140735306025694.5,1094420203452656.5,78475.81423176812,-24244590556.32577,1.0,667.629812574826,5.517650962987564e-08,5.517650962987564e-08,0.051251659932052496,23813.951758207433,667.629812574826
2128.0,2757.976884266028,10703072862.594063,502.7082853523807,9.711866268141846e-05,2.825018481974241,0.2328087421757493,2207625284588129.5,0.44021450944739515,0.44021450944739515,3014044209905.8203,1.3970267336424296,108371.64985230372,107638.3544524343,104007.59960753945,733.2953998694153,3630.754844894844,1.1948517508842047,0.006766487368871842,0.006766487368871842,0.0067664873688718435,0.03373105119791928,3630.754844894844,-91883521.07783045,-0.008584779554192533,-2.303255303480191,1.1177214982852617,0.0,0.0,38400376784953.94,-457.38573494835356,0.4835495999796531,1.0,38860233651125.92,7848514094607.4,854038011619237.5,-24651909334.304684,0.0334654459754892,-0.05013736174565532,-0.027315887343377157,0.03373105119791928,259162905243766.9,1152061150514130.5,1159909664608737.8,1113200916863004.4,79793.72116618924,-24651909334.304684,1.0,668.372360430363,5.378460784592755e-08,5.378460784592755e-08,0.05121691222916125,24213.878441350214,668.372360430363
2129.0,2789.088409474397,10706813013.69805,502.1455672197438,9.65075218355325e-05,2.825475409264287,0.23280874217005013,2246025661373083.5,0.43955932875484127,0.43955932875484127,2989392300571.5156,1.3837769982086336,110151.04702330306,109419.78219465054,105751.95178567739,731.2648286525102,3667.8304089731455,1.196474948849037,0.006638746052934088,0.006638746052934087,0.006638746052934087,0.033520724821479886,3667.8304089731455,-91103033.25992815,-0.008508884309772948,-2.3405113949939333,1.115393476767139,0.0,0.0,38998944102617.34,-457.5965768648358,0.4823522809223072,1.0,39270774354831.12,7829515783876.371,868664863362933.6,-25059417862.629623,0.03403823234369269,-0.053739255655326015,-0.025750437382974917,0.033520724821479886,263601510239925.72,1171537147957690.5,1179366663741567.0,1132266373602859.2,81131.97290842605,-25059417862.629623,1.0,669.0759343807775,5.2429988475293424e-08,5.2429988475293424e-08,0.05118205090537109,24619.97887725134,669.0759343807775
2130.0,2820.5034671899225,10710439049.585707,501.5834789854337,9.590514906116028e-05,2.825905337122328,0.23280874216480182,2285024605475701.0,0.43891104333370956,0.43891104333370956,2964332882708.886,1.3703563121896187,111957.12049214405,111228.21273705583,107523.18192984602,728.9077550882116,3705.030807209819,1.1980538002556813,0.006510597556314951,0.00651059755631495,0.0065105975563149515,0.033310171188028835,3705.030807209819,-90329949.48638722,-0.00843382321380012,-2.377752753666566,1.1130703041171799,0.0,0.0,39604856360387.91,-457.8131283377952,0.48114663213998554,1.0,39682506637458.1,7806922083642.637,883513169569172.9,-25466775943.130333,0.034611747480628674,-0.05732312151905309,-0.024179864995075535,0.033310171188028835,268107316907958.03,1191302993114589.0,1199109915198231.8,1151620486477131.0,82490.84519120141,-25466775943.130333,1.0,669.7386110285365,5.111160514474279e-08,5.111160514474279e-08,0.05114710374360465,25032.3367386446,669.7386110285365
2131.0,2852.2244858136955,10713954414.710714,501.0220199429899,9.531138821115122e-05,2.826307099222862,0.23280874216000044,2324629461836089.0,0.43826958061658694,0.43826958061658694,2938866106765.756,1.3567637933956558,113790.20685942018,113063.98850752633,109321.6552100419,726.2183518938563,3742.3332974844257,1.1995861103351986,0.006382081305037506,0.006382081305037505,0.006382081305037507,0.033099250671095065,3742.3332974844257,-89564222.16439626,-0.008359585891220591,-2.414946969524514,1.1107519702360265,0.0,0.0,40218304473269.69,-458.03581959054804,0.47993167814093174,1.0,40095188353902.164,7780670317317.12,898585979804232.4,-25873631745.42943,0.03518557155660925,-0.06088943307693363,-0.022604230728727852,0.033099250671095065,272681250656878.6,1211362418815013.2,1219143089132330.2,1171267230461111.0,83870.61816974278,-25873631745.42943,1.0,670.3584671412468,4.982844073251542e-08,4.982844073251542e-08,0.051112094606935665,25451.037040299114,670.3584671412468
2132.0,2884.2539078735394,10717362451.82608,500.4611893870174,9.472608648818833e-05,2.8266795292403883,0.2328087421556421,2364847766309358.5,0.4376348687997763,0.4376348687997763,2912992475020.3267,1.3429987608518819,115650.64809780952,114927.45689188024,111147.74246548512,723.1912059292868,3779.7144263951204,1.2010696792953863,0.006253239543609476,0.006253239543609476,0.006253239543609478,0.032887827927411156,3779.7144263951204,-88805802.07642373,-0.008286162054852641,-2.4520605417506975,1.108438465045356,0.0,0.0,40839474506779.78,-458.2650652107012,0.4787064683532385,1.0,40508569472072.414,7750702275917.36,913886390567109.6,-26279621579.76324,0.035759250780972876,-0.06443857939602689,-0.021023612840282563,0.032887827927411156,277324251137715.62,1231719211176897.8,1239469913452815.0,1191210641704825.2,85271.5763486563,-26279621579.76324,1.0,670.9335808154137,4.8579506787351446e-08,4.8579506787351446e-08,0.0510770438550423,25876.166116828837,670.9335808154137
2133.0,2916.594190060062,10720666404.848385,499.90098661313056,9.414909436138587e-05,2.8270214608494055,0.23280874215172281,2405687240816138.5,0.43700683683525915,0.43700683683525915,2886712853440.5635,1.3290607477664171,117538.79149507792,116818.97014068851,113001.82011850274,719.821354389418,3817.1500221857755,1.2025023031587847,0.0061241173678356344,0.0061241173678356344,0.0061241173678356344,0.03267577190236029,3817.1500221857755,-88054638.57742542,-0.008213541514322562,-2.4890588575754284,1.106129778487838,0.0,0.0,41468547951930.81,-458.50126409275236,0.4774700774892142,1.0,40922392005113.31,7716964611495.098,929417544597608.0,-26684369674.099197,0.036332305096913986,-0.06797086483137542,-0.01943810772905487,0.03267577190236029,282037272033544.7,1252377208636266.0,1260094173247761.0,1211454816631152.8,86694.00851585886,-26684369674.099197,1.0,671.4620326925155,4.7363842916285556e-08,4.7363842916285556e-08,0.051041968690399786,26307.81160264387,671.4620326925155
2134.0,2949.2478032624044,10723869421.649956,499.34141091790775,9.358026548523073e-05,2.827331727724412,0.23280874214823866,2447155788768069.5,0.4363854144227425,0.4363854144227425,2860028483766.4644,1.3149495110682197,119454.98960188897,118738.88528408432,114884.27009471382,716.1043178046552,3854.6151893704937,1.2038817746395942,0.005994762715155194,0.005994762715155193,0.005994762715155193,0.032462955839178353,3854.6151893704937,-87310679.77197571,-0.00814171418347448,-2.5259061716366524,1.1038259005270876,0.0,0.0,42105701987460.28,-458.7447993541455,0.4762216059418438,1.0,41336389961517.69,7679409196416.845,945182630233008.8,-27087487955.971203,0.03690423230246054,-0.0714865089428714,-0.017847830380116267,0.032462955839178353,286821280864267.25,1273340301058793.8,1281019710255210.5,1232003911097276.0,88138.20768134498,-27087487955.971203,1.0,671.9419072269044,4.61805161507848e-08,4.61805161507848e-08,0.05100688345679116,26746.062413368836,671.9419072269044
2135.0,2982.217232603736,10726974556.78022,498.7824615988549,9.301945662079475e-05,2.827609163539906,0.23280874214518577,2489261490755530.0,0.4357705320017897,0.4357705320017897,2832940995810.493,1.3006650391082646,121399.60018419672,120687.56405287793,116795.47974777361,712.0361313187857,3892.0843051043275,1.2052058840594049,0.005865226328904132,0.005865226328904132,0.005865226328904133,0.03224925729215194,3892.0843051043275,-86573872.67418696,-0.008070670086512514,-2.5625655858449377,1.1015268211476263,0.0,0.0,42751109726353.44,-458.99603823018964,0.4749601802118394,1.0,41750289313697.74,7637993464164.834,961184880799400.6,-27488575839.439243,0.03747451019532487,-0.07498564637016092,-0.016252914813896274,0.03224925729215194,291677258801906.44,1294612428915004.8,1302250422379169.5,1252862139601307.0,89604.47101945092,-27488575839.439243,1.0,672.3712940049093,4.502862029829575e-08,4.502862029829575e-08,0.05097179990326639,27191.008728322693,672.3712940049093
2136.0,3015.5049774764498,10729984774.11755,498.2241379543767,9.246652755914748e-05,2.827852601970386,0.23280874214256017,2532012600481883.5,0.4351621207440342,0.4351621207440342,2805452419971.0537,1.28620755840476,123372.98617995104,122665.37280493739,118735.84178758884,707.6133750136518,3929.5310173485573,1.2064724203016166,0.005735561705392551,0.005735561705392552,0.005735561705392552,0.032034558143782775,3929.5310173485573,-85844163.35249755,-0.008000399363060373,-2.5989990297890255,1.099232530354835,0.0,0.0,43404940445616.44,-459.25533195177593,0.47368495336344096,1.0,42163807985572.664,7592680739858.415,977427574029053.6,-27887220017.582527,0.03804259762665663,-0.07846832666780035,-0.014653514542257124,0.032034558143782775,296606200493804.8,1316197582508431.2,1323790263248289.5,1274033774522858.5,91093.09981378225,-27887220017.582527,1.0,672.7482891144417,4.3907275284656594e-08,4.3907275284656594e-08,0.05093672742155664,27642.74197380659,672.7482891144417
2137.0,3049.11355157708,10732902949.452847,497.66643928375305,9.192134104690091e-05,2.8280608766903508,0.2328087421403579,2575417540927500.0,0.4345601125454748,0.4345601125454748,2777565199953.471,1.271577539918227,125375.5156598345,124672.68245617938,120705.75421130008,702.8332036551317,3966.9282448792915,1.2076791718043816,0.005605825028564907,0.005605825028564907,0.0056058250285649066,0.031818744625741156,3966.9282448792915,-85121497.06093986,-0.007930892272279354,-2.635167241718625,1.0969430181749111,0.0,0.0,44067359799307.375,-459.52301560901395,0.4723951055069038,1.0,42576655859732.75,7543440564483.556,993914031498335.5,-28282994260.943356,0.03860793495405847,-0.08193451410289966,-0.013049803030686442,0.031818744625741156,301609113892057.44,1338099801250125.8,1345643241814609.2,1295523145390393.0,92604.3994042641,-28282994260.943356,1.0,673.0709965642892,4.2815626491731224e-08,4.2815626491731224e-08,0.05090167326192674,28101.35480703598,673.0709965642892
2138.0,3083.045482940928,10735731873.006186,497.1093648871192,9.138376271382095e-05,2.828232821374299,0.23280874213857516,2619484900726807.5,0.4339644400188523,0.4339644400188523,2749282205692.528,1.2567757051235264,127407.56179174881,126709.86841573795,122705.62023654947,697.693376010866,4004.248179188475,1.2088239275918486,0.0054760750947519515,0.0054760750947519515,0.0054760750947519515,0.0316017073433495,4004.248179188475,-84405818.35820214,-0.007862139196157764,-2.671029750142128,1.0946582746548272,0.0,0.0,44738530015372.31,-459.7994080034378,0.47108984430548106,1.0,42988534804740.695,7490249014425.144,1010647618082463.9,-28675459222.34859,0.03916994416567401,-0.08538408741751033,-0.01144197416623496,0.0316017073433495,306687020088053.1,1360323172975257.8,1367813421989682.8,1317334638170517.0,94138.6791359447,-28675459222.34859,1.0,673.33752975219,4.175284409382759e-08,4.175284409382759e-08,0.05086664273088548,28566.941100604774,673.33752975219
2139.0,3117.3033139763893,10738474251.87784,496.55291406545183,9.085366100244151e-05,2.8283672696967286,0.2328087421372079,2664223430742180.0,0.43337503648610665,0.43337503648610665,2720606746470.179,1.2418030320246833,129469.5028087808,128777.31052501938,124735.8482366927,692.1922837614271,4041.462288326676,1.2099044783434345,0.005346373228788531,0.00534637322878853,0.00534637322878853,0.03138334130329181,4041.462288326676,-83697071.21560062,-0.007794130642066259,-2.706544856078058,1.0923782898622854,0.0,0.0,45418610077125.94,-460.0848114911847,0.46976840550458976,1.0,43399138723131.305,7433089016520.6045,1027631741424522.5,-29064162248.54664,0.039728028826136796,-0.08881683955803842,-0.009830242730807865,0.03138334130329181,311840953151343.94,1382871833298997.8,1390304922315518.2,1339472694575866.5,95696.2523092906,-29064162248.54664,1.0,673.5460129806534,4.071812239585333e-08,4.071812239585333e-08,0.050831639373130955,29039.59592740209,673.5460129806534
2140.0,3151.889601499,10741132712.434973,495.99708612055537,9.033090709962034e-05,2.828463055332139,0.23280874213625227,2709642040819306.0,0.4327918359709127,0.4327918359709127,2691542584221.6323,1.2266607611911322,131561.72198039145,130875.39300044034,126796.85167770291,686.3289799511064,4078.5413227374206,1.2109186175008184,0.005216783192100509,0.005216783192100509,0.00521678319210051,0.03116354594422267,4078.5413227374206,-82995199.11493608,-0.0077268572446603165,-2.7416696160007157,1.090103053885675,0.0,0.0,46107755890344.0,-460.37951181937336,0.46843005348080435,1.0,43808153620672.71,7371950658044.955,1044869851416865.4,-29448637199.11432,0.040281573928158135,-0.09223247737398882,-0.008214844879399604,0.03116354594422267,317071959972274.6,1405749965009812.8,1413121915667857.8,1361941811389140.0,97277.43613177995,-29448637199.11432,1.0,673.6945830194092,3.9710679175675134e-08,3.9710679175675134e-08,0.05079666513957015,29519.415545922962,673.6945830194092
2141.0,3186.8069167651656,10743709802.635323,495.4418803550526,8.981537486997669e-05,2.828519011955027,0.2328087421357043,2755749796709650.0,0.4322147731912954,0.4322147731912954,2662093947022.518,1.2113504018566823,133684.60758658653,133004.50437970785,128889.04905657576,680.1032068786873,4115.455323132096,1.2118641424122618,0.005087371083003624,0.005087371083003624,0.005087371083003624,0.030942225169931763,4115.455323132096,-82300145.13710153,-0.0076603097672010975,-2.7763598255210473,1.0878325568340297,0.0,0.0,46806120436986.06,-460.68377795783164,0.46707408180820686,1.0,44215257697442.016,7306831490546.271,1062365439693526.9,-29828404273.09337,0.04082994569643311,-0.09563062128837438,-0.006596038622842525,0.030942225169931763,322381100107951.06,1428961797498920.0,1436268628989466.0,1384746539801478.0,98882.55167064727,-29828404273.09337,1.0,673.7813907132097,3.872975503274674e-08,3.872975503274674e-08,0.050762019969873284,30006.497385928487,673.7813907132097
2142.0,3222.0578455056075,10746207994.289194,494.8872960723763,8.930694079115376e-05,2.8285323658120913,0.2328087426281661,2802555917146636.0,0.43164378355232214,0.43164378355232214,2632265542749.425,1.1958737381017326,135838.55289484747,135165.03747154804,131012.88881432413,673.5154232994377,4152.148657223908,1.2127360501191657,0.004958205229268053,0.004958205229268053,0.004958205229268053,0.030719102623693845,4152.148657223908,-81611851.66964214,-0.007594479067687201,-2.8105329407614583,1.0855667888369847,0.0,0.0,47513917088424.69,-460.9984996806899,0.4656984481013787,1.0,44619853093736.7,7237736826137.487,1080122244328323.0,-30202571556.2239,0.041372491370003976,-0.0990108049421515,-0.00497410431462018,0.030719102623693845,327769508803088.25,1452511606225148.0,1459749343051285.5,1407891753131411.2,100511.94290137761,-30202571556.2239,1.0,673.8021087261961,3.777460539690154e-08,3.777460539690154e-08,0.050745581130029915,30500.94591294653,673.8021087261961
2143.0,3257.6449879584957,10748629685.261074,494.3333325767621,8.880548389085045e-05,2.8284036156136985,0.2328087741970742,2850069834235060.5,0.43107880313887204,0.43107880313887204,2602062971193.2007,1.180232835127668,138023.957057405,137357.39022218296,133170.34174022375,666.5668352220384,4187.048481959222,1.2133604224962886,0.004829356072908482,0.004829356072908482,0.004829356072908482,0.03048287736965915,4187.048481959222,-80930238.67885412,-0.007529354071043001,-2.8418539826862363,1.0833057400447326,0.0,0.0,48235190616094.94,-461.3625642601447,0.46421950002668044,1.0,45005033606814.21,7164680072278.129,1098156514385730.0,-30546036079.47869,0.04190828845494914,-0.10237239396269009,-0.0033493658920603613,0.03048287736965915,333242174039601.06,1476403722032145.0,1483568402104423.0,1431398688425331.0,102167.1177202768,-30546036079.47869,1.0,673.6023841133739,3.6844080007437903e-08,3.6844080007437903e-08,0.05073858240106177,31003.224019946956,673.6023841133739
2144.0,3293.5709589022836,10750977201.612137,493.7799891732432,8.831088568556846e-05,2.828081264142224,0.2328088540782859,2898305024851155.5,0.4305197687084816,0.4305197687084816,2571516935113.722,1.1644301553684346,140241.2807451214,139582.02093855894,135362.7299370089,659.2598065624468,4219.2910015500565,1.2136469294306877,0.004700896933197615,0.004700896933197614,0.004700896933197614,0.030228040640042742,4219.2910015500565,-80255226.01989812,-0.0074649238403987715,-2.8690350719564597,1.0810494006279825,0.0,0.0,48971944643284.69,-461.794721248578,0.46259605600536113,1.0,45361501364631.9,7087687150292.093,1116479176372363.2,-30844930649.229534,0.042421036333702894,-0.10570967581933642,-0.0017234518238027447,0.030228040640042742,338802447128400.25,1500643124865395.0,1507730812015687.2,1455281623500763.5,103849.08789546537,-30844930649.229534,1.0,673.1025938449666,3.593729331121489e-08,3.593729331121489e-08,0.05072971574264984,31513.642041543528,673.1025938449666
2145.0,3329.838387688201,10753252799.684988,493.2272651676459,8.782303012102354e-05,2.8275749979998746,0.23280898101167252,2947276969494440.0,0.42996661768426553,0.42996661768426553,2540672004464.4927,1.1484752920383243,142491.01632611427,141839.4109805533,137590.44589572758,651.6053455609523,4248.965084825728,1.2136122493048473,0.0045729573860968575,0.0045729573860968575,0.004572957386096858,0.02995616701629053,4248.965084825728,-79586743.19302052,-0.007401178478325367,-2.8921959536783604,1.0787977607779156,0.0,0.0,49723631366980.375,-462.2892142502508,0.46083929848728966,1.0,45690195694166.02,7006877006443.015,1135093519221714.2,-31100514236.12942,0.04289298573808216,-0.10901428273219753,-9.869630203445377e-05,0.02995616701629053,344451328316424.4,1525235043232304.5,1532241920238747.8,1479544847538138.5,105558.1543898016,-31100514236.12942,1.0,672.318401265646,3.505365475474316e-08,3.505365475474316e-08,0.05071874166636037,32032.291505925998,672.318401265646
2146.0,3366.4499182725,10755458668.131905,492.67515986658515,8.734180351416988e-05,2.826894503788858,0.23280915373710548,2997000600861420.5,0.4294192881479119,0.4294192881479119,2509571490228.3633,1.132385548551738,144773.6508026394,144130.02713693195,139853.85878446934,643.6236657074601,4276.168352462621,1.2132733227354928,0.004445723804982102,0.004445723804982101,0.004445723804982101,0.02966882361300058,4276.168352462621,-78924725.64221092,-0.007338108775970891,-2.911464679861633,1.0765508107061432,0.0,0.0,50489699088357.875,-462.840300175078,0.45896042729799,1.0,45992151972885.43,6922467734348.133,1154002638560616.0,-31314138027.97768,0.043315099537059976,-0.1122783365561962,0.0015226560926935573,0.02966882361300058,350189759174499.94,1550184549708001.5,1557107017442349.5,1504192397735116.0,107294.60027398837,-31314138027.97768,1.0,671.2657732634311,3.4192593983965207e-08,3.4192593983965207e-08,0.050705499840206114,32559.258510480962,671.2657732634311
2147.0,3403.408209248297,10757596929.88784,492.1236725774619,8.686709449679005e-05,2.82604946811138,0.2328093709944561,3047490299949778.5,0.42887771883275144,0.42887771883275144,2478257352200.3857,1.1161820636857378,147089.6658216501,146454.3259927196,142153.3195397948,635.3398289304985,4301.0064529248175,1.2126473089627126,0.00431940493835144,0.00431940493835144,0.004319404938351441,0.029367561687038357,4301.0064529248175,-78269114.35650231,-0.007275706169939047,-2.9269773233951377,1.0743085406446642,0.0,0.0,51269605298564.31,-463.44230575544583,0.4569705865589614,1.0,46268493813411.805,6834729793138.196,1173209478561119.2,-31487242268.006863,0.04368322312994666,-0.11549445380507299,0.003138454273859678,0.029367561687038357,356018635293542.25,1575496607668073.2,1582331337461211.5,1529228113854661.5,109058.69463296124,-31487242268.006863,1.0,669.9609166578181,3.33535590002423e-08,3.33535590002423e-08,0.05068988387597284,33094.624906833546,669.9609166578181
2148.0,3440.7159338771953,10759669644.089487,491.5728026084596,8.639879396060287e-05,2.825049577569648,0.2328096315235957,3098759905248343.0,0.42834184911689904,0.42834184911689904,2446770109932.379,1.0998876457261912,149439.53787378344,148812.75661044338,144489.1642579431,626.7812633400607,4323.592352500279,1.2117515443463298,0.0041942130727775665,0.0041942130727775665,0.0041942130727775665,0.029053909429407467,4323.592352500279,-77619854.07987867,-0.007213962570172114,-2.9388777096593928,1.0720709408458229,0.0,0.0,52062824216955.0,-464.08965786787354,0.4548808127992213,1.0,46520425388614.7,6743959332644.11,1192716859824261.0,-31621353280.313404,0.04399596173386048,-0.1186557498930288,0.004746644326689026,0.029053909429407467,361938814741789.3,1601176099954664.8,1607920059287309.0,1554655674566050.2,110850.69516789907,-31621353280.313404,1.0,668.4202177747104,3.2536013483187405e-08,3.2536013483187405e-08,0.05067182654326041,33638.46909004403,668.4202177747104
2149.0,3478.375780120476,10761678807.941622,491.0225492685428,8.593679500384444e-05,2.8239045187658682,0.23280993406439573,3150822729465298.0,0.4278116190164683,0.4278116190164683,2415148756652.0654,1.0835255539113728,151823.73859988543,151205.76227169263,146861.7166285432,617.976328192794,4344.0456431494285,1.210603503071065,0.00407035377926901,0.00407035377926901,0.00407035377926901,0.028729365719170622,4344.0456431494285,-76976892.1725747,-0.007152870248810001,-2.947317165134122,1.0698380015822657,0.0,0.0,52868851189846.44,-464.7769112446604,0.4527019881392279,1.0,46749223938612.336,6650462754921.968,1212527499402944.8,-31718080676.306458,0.04425350301685165,-0.12175584265388266,0.006345272993051381,0.028729365719170622,367951124136376.25,1627227847477933.2,1633878310232855.5,1580478623539321.0,112670.85006366807,-31718080676.306458,1.0,666.6601854147317,3.1739434949374945e-08,3.1739434949374945e-08,0.05065129072318775,34190.86656487511,666.6601854147317
2150.0,3516.3904506700856,10763626358.532,490.4729118674539,8.548099287927806e-05,2.8226239783022478,0.2328102773567275,3203691580655144.5,0.4272869691788571,0.4272869691788571,2383430675975.759,1.067118805313817,154242.7351594291,153633.78169411054,149271.2898216187,608.9534653185673,4362.49187249184,1.209220760146545,0.003948020402316765,0.003948020402316763,0.003948020402316763,0.02839539471323886,4362.49187249184,-76340177.85236652,-0.007092421764701446,-2.9524542830645926,1.0676097131468998,0.0,0.0,53687205288783.81,-465.4987728999152,0.4504447984268497,1.0,46956232507634.79,6554547570422.333,1232644026341746.2,-31779114743.554745,0.04445696334955246,-0.12478885519470062,0.007932490974954869,0.02839539471323886,374056363354298.25,1653656622203679.2,1660211169774101.5,1606700389696044.5,114519.39943685119,-31779114743.554745,1.0,664.6973973847204,3.0963313428996116e-08,3.0963313428996116e-08,0.050628263536734774,34751.8903847675,664.6973973847204
2151.0,3554.762662979177,10765514174.59598,489.9238897157121,8.503128494359069e-05,2.8212176427809936,0.23281066014046237,3257378785943928.5,0.4267678408761034,0.4267678408761034,2351651561232.204,1.0506897734897043,156696.99063469822,156097.24995427742,151718.18805391842,599.7406804208133,4379.061900358981,1.2076209567734182,0.003827391183401639,0.0038273911834016384,0.00382739118340164,0.028053421195066895,4379.061900358981,-75709661.65953833,-0.007032609908980929,-2.954454706651521,1.0653860658528505,0.0,0.0,54517430852266.31,-466.2501229666546,0.44811969623790804,1.0,47142852959747.82,6456516796152.104,1253068994591818.0,-31806224022.658756,0.04460802413612101,-0.12774941813953872,0.00950655606800501,0.028053421195066895,380255309446659.1,1680467156998225.2,1686923673794377.2,1633324304038477.2,116396.57653777086,-31806224022.658756,1.0,662.5484507271386,3.020715047648076e-08,3.020715047648076e-08,0.05060275224578592,35321.61151614756,662.5484507271386
2152.0,3593.4951492924206,10767344078.232141,489.3754821246115,8.458757060813519e-05,2.819695198804312,0.2328110811554717,3311896216796195.0,0.42625417599831195,0.42625417599831195,2319845337209.5454,1.0342599494385782,159186.96445545182,158596.59924407175,154202.70795790394,590.3652113800539,4393.891286167814,1.2058217681328374,0.0037086278603249982,0.003708627860324998,0.0037086278603249987,0.02770482663002028,4393.891286167814,-75085295.05941297,-0.006973427663671449,-2.9534909304611214,1.063167050033419,0.0,0.0,55359098384093.94,-467.0260318830766,0.445736868642029,1.0,47310539320514.81,6356665362747.29,1273804894314184.0,-31801253080.212894,0.0447087289008486,-0.13063267131852896,0.011065836136374943,0.02770482663002028,386548720063713.4,1707664153698412.0,1714020819061159.5,1660353614377897.2,118302.60880112287,-31801253080.212894,1.0,660.2299157490297,2.9470458409277055e-08,2.9470458409277055e-08,0.05057478116144232,35900.09915678108,660.2299157490297
2153.0,3632.5906566759168,10769117836.570024,488.8276884062196,8.41497512909781e-05,2.8180663329744107,0.23281153914162686,3367255315180289.0,0.42574591704714904,0.42574591704714904,2288044084129.3325,1.0178497931256123,161713.1128347599,161132.25953075648,156725.13981970563,580.8533040034143,4407.119711050844,1.2038408736434545,0.0035918751041354078,0.0035918751041354078,0.0035918751041354086,0.027350945886845366,4407.119711050844,-74467030.13450809,-0.006914868168832845,-2.9497421208888746,1.0609526560420408,0.0,0.0,56211805037794.81,-467.82177401198084,0.44330620961272316,1.0,47460791488176.98,6255277676573.8,1294854162115499.0,-31766120487.34627,0.04476136951987386,-0.13343426495762956,0.01260881194113398,0.027350945886845366,392937336555823.7,1735252290159500.0,1741507567836073.8,1687791498671322.8,120237.71879609328,-31766120487.34627,1.0,657.7582939212319,2.875275971142714e-08,2.875275971142714e-08,0.05054438914307058,36487.42102361234,657.7582939212319
2154.0,3672.0519470467943,10770837163.391218,488.2805078733757,8.371773037021508e-05,2.8163407318934954,0.2328120328387992,3423467120218084.0,0.42524300712940677,0.42524300712940677,2256277963641.9863,1.0014786357747976,164275.8892100253,163704.65915913327,159285.76872084392,571.230050892041,4418.890438289351,1.2016959297177987,0.0034772604405855835,0.003477260440585583,0.003477260440585583,0.02699306458952922,4418.890438289351,-73854819.33912186,-0.006856924695709404,-2.943393956596153,1.058742874252244,0.0,0.0,57075174814953.25,-468.63283786616046,0.44083729693570994,1.0,47595149353681.05,6152625860993.853,1316219190501042.2,-31702817014.206963,0.04476842194814878,-0.13615036042473905,0.014134079834154132,0.02699306458952922,399421886836761.7,1763236226691485.2,1769388852552479.0,1715641077337804.0,122202.12510265342,-31702817014.206963,1.0,655.1499796898972,2.805358656186839e-08,2.805358656186839e-08,0.05051162746188309,37083.64361819049,655.1499796898972
2155.0,3711.8817972024904,10772503720.704908,487.7339398396905,8.329141313851633e-05,2.814528082163774,0.23281256098686007,3480542295033037.0,0.4247453899506344,0.4247453899506344,2224575146627.7793,0.9851646108357995,166875.74468504265,166314.22541635926,161884.8756011764,561.519268683389,4429.349815182858,1.199404545038662,0.003364894459306757,0.003364894459306756,0.003364894459306757,0.02663241706531239,4429.349815182858,-73248615.30044807,-0.006799590624384114,-2.9346384898981386,1.056537695057606,0.0,0.0,57948858549182.75,-469.4549331660705,0.43833937344542684,1.0,47715187364360.94,6048968411139.307,1337902336687037.5,-31613404051.351532,0.04473250949125016,-0.13877763058842058,0.015640354330228458,0.02663241706531239,406003088052486.56,1791620612103885.0,1797669580515024.2,1743905424739524.0,124196.04312742727,-31613404051.351532,1.0,652.4212262162013,2.7372480460431783e-08,2.7372480460431783e-08,0.050476557906738995,37688.832473749135,652.4212262162013
2156.0,3752.082998849638,10774119120.27905,487.1879836195435,8.287070675886622e-05,2.8126380703874525,0.23281312232568085,3538491153582220.0,0.42425300980883657,0.42425300980883657,2192961742576.4277,0.9689246013235739,169513.12846997307,168961.38507017316,164522.7382510987,551.7433997999093,4438.646819074459,1.1969842583657295,0.003254871199534513,0.003254871199534512,0.003254871199534513,0.026270184854551216,4438.646819074459,-72648370.65649402,-0.006742859425022991,-2.923674030125887,1.0543371088717133,0.0,0.0,58832533716773.06,-470.2839949867003,0.43582133239818677,1.0,47822509561555.914,5944549113271.972,1359905930836833.0,-31500012269.442627,0.04465638147344132,-0.14131325984613388,0.017126470570476247,0.026270184854551216,412681649074995.0,1820410089473384.0,1826354638586656.0,1772587579911828.0,126219.68586528968,-31500012269.442627,1.0,649.5881150363593,2.670899193204341e-08,2.670899193204341e-08,0.05043925106626501,38303.05238580902,649.5881150363593
2157.0,3792.658358632683,10775684925.128279,486.6426385280834,8.245552022146237e-05,2.810680383166738,0.2328137155951329,3597323687298993.0,0.4237658115882388,0.4237658115882388,2161461730306.985,0.9527741966523637,172188.48831671206,171646.56488584858,167199.63223599107,541.923430863469,4446.9326498575065,1.19445251887341,0.0031472686482193336,0.0031472686482193336,0.0031472686482193345,0.025907495747525645,4446.9326498575065,-72054037.92447181,-0.006686724642110306,-2.9107050500259275,1.052141106128119,0.0,0.0,59725904098375.06,-471.1161852657033,0.43329170677268236,1.0,47918745118130.28,5839596144529.279,1382232283744087.0,-31364840529.05914,0.04454290058162073,-0.14375494387959623,0.018591386690569568,0.025907495747525645,419458272828274.4,1849609301690491.5,1855448897835020.8,1801690556572361.2,128273.26460899024,-31364840529.05914,1.0,646.666529612962,2.6062680294197178e-08,2.6062680294197178e-08,0.05039978475157336,38926.36762700084,646.666529612962
2158.0,3833.61069816206,10777202650.959616,486.0979038812257,8.204576430174023e-05,2.808664707103837,0.23281433953508757,3657049591397368.0,0.4232837407531174,0.4232837407531174,2130096889777.926,0.936727655085983,174902.27094747,174370.19212420203,169915.8317532803,532.0788232679673,4454.360370921741,1.1918266690124295,0.0030421493122166003,0.0030421493122166,0.0030421493122166,0.02554542331265511,4454.360370921741,-71465569.39523096,-0.006631179881253099,-2.8959421162980465,1.0499496772803019,0.0,0.0,60628699307129.06,-471.9478919489987,0.430758662274915,1.0,48005544397827.25,5734321304643.011,1404883693964594.8,-31210155052.792908,0.04439503517104296,-0.14610088919567785,0.020034186107791407,0.02554542331265511,426333658446865.9,1879222896809287.8,1884957218113930.8,1831217352411460.5,130356.98960708528,-31210155052.792908,1.0,643.6721327299806,2.5433113475713396e-08,2.5433113475713396e-08,0.05035824254025112,39558.84214619501,643.6721327299806
2159.0,3874.9428540421286,10778673767.577122,485.55377899565286,8.164135151949057e-05,2.806600728800957,0.23281499288541624,3717678290704497.0,0.4228067433416953,0.4228067433416953,2098886734725.133,0.9207978695851387,177654.9224746307,177132.69502139065,172671.61042122415,522.2274532400322,4461.084600166509,1.1891239298804597,0.0029395608405649826,0.0029395608405649817,0.0029395608405649826,0.0251849868801905,4461.084600166509,-70882917.05037901,-0.006576218798234617,-2.8796018454120174,1.047762812801624,0.0,0.0,61540674193970.81,-472.7757260458679,0.42822999381630733,1.0,48084575554757.016,5628919350946.943,1427862454388124.5,-31038288872.209183,0.044215854483701744,-0.14834981251207516,0.02145407974142583,0.0251849868801905,433308503264420.56,1909255533207302.0,1914884452558249.2,1861170957652545.0,132471.0706694935,-31038288872.209183,1.0,640.6203476677982,2.4819867876845377e-08,2.4819867876845377e-08,0.05031471243034247,40200.53975173066,640.6203476677982
2160.0,3916.657677898642,10780099700.246483,485.0102631888123,8.12421960990384e-05,2.804498134860304,0.23281567438599024,3779218964898468.0,0.4223347659601014,0.4223347659601014,2067848445852.9238,0.9049963357484178,180446.88881010003,179934.50325037335,175467.24199795641,512.3855597266877,4467.261252416921,1.1863613890807094,0.0028395366808785234,0.0028395366808785243,0.0028395366808785247,0.024827151945399063,4467.261252416921,-70306032.49937949,-0.00652183509005691,-2.8619068858855563,1.04558050318529,0.0,0.0,62461608138387.75,-473.5965168600889,0.4257131252191665,1.0,48157521688102.375,5523567418820.292,1451170858237012.2,-30851641562.668232,0.04400852565254901,-0.15050094004790074,0.022850408181486558,0.024827151945399063,440383504628234.56,1939711884553349.5,1945235451972169.8,1891554362865247.0,134615.71771955243,-30851641562.668232,1.0,637.52634308107,2.4222528262302648e-08,2.4222528262302648e-08,0.05026928559760746,40851.52427840397,637.52634308107
2161.0,3958.7580364059577,10781481831.020607,484.467355778916,8.084821393045241e-05,2.802366611884085,0.2328163827766809,3841680573036856.0,0.42186775577639374,0.42186775577639374,2036996804290.2556,0.8893331210479205,183278.61606251023,182776.04836350863,178303.00102917687,502.5676990016128,4473.047334331777,1.18355599104209,0.0027420967584685595,0.0027420967584685595,0.0027420967584685586,0.02447283095559486,4473.047334331777,-69734866.93432088,-0.006468022487751071,-2.8430859282519387,1.043402738944306,0.0,0.0,63391304231709.69,-474.4073056405656,0.42321511192356953,1.0,48226078564393.21,5418424515643.722,1474811204477123.5,-30652679279.478634,0.04377631187572212,-0.152554006780286,0.024222643821313113,0.02447283095559486,447559361535395.4,1970596644576912.0,1976015069092555.8,1922370566012519.0,136791.1412913371,-30652679279.478634,1.0,634.4050214911961,2.3640687680057702e-08,2.3640687680057702e-08,0.05022205525089962,41511.85973783977,634.4050214911961
2162.0,4001.246811313832,10782821500.02724,483.9250560849397,8.045932253175565e-05,2.8002158464745075,0.23281711679735967,3905071877268565.5,0.4214056605146461,0.4214056605146461,2006344125010.777,0.8738168348368663,186150.5509207465,185657.76421556136,181179.16342287124,492.7867051851593,4478.600792690112,1.1807245297702398,0.002647248169547255,0.002647248169547255,0.002647248169547255,0.02412288444608301,4478.600792690112,-69169371.10031968,-0.006414774750759338,-2.8233737439958357,1.0412295106114366,0.0,0.0,64329588359346.69,-475.2053378921554,0.42074264643987913,1.0,48291952917457.984,5313631079598.121,1498785802626881.8,-30443935109.370705,0.04352257142822497,-0.15450925572911706,0.025570392970105778,0.02412288444608301,454836776086203.3,2001914531630543.0,2007228162710141.0,1953622578713085.0,138997.55297100072,-30443935109.370705,1.0,631.2710112965613,2.3073947399725828e-08,2.3073947399725828e-08,0.05017311558150128,42181.610451870525,631.2710112965613
2163.0,4044.1268994738693,10784120006.719593,483.38336342662143,8.007544101210846e-05,2.7980555252337775,0.23281787518789784,3969401465627912.0,0.4209484284490959,0.4209484284490959,1975900189901.4065,0.8584545987564721,189063.14102238265,188580.08736633888,184096.00694954928,483.0536560437637,4484.080416789588,1.1778836439953266,0.0025549858816033126,0.002554985881603312,0.002554985881603312,0.023778122491155372,4484.080416789588,-68609495.27972952,-0.006362085662713219,-2.8030112547915573,1.0390608087391666,0.0,0.0,65276308188021.06,-475.9880545573199,0.41830206632222566,1.0,48356861334440.125,5209308596460.597,1523096976951011.2,-30228009751.857822,0.043250757335702786,-0.15636743733312722,0.026893397962033917,0.023778122491155372,462216454750812.3,2033670293036263.8,2038879601632724.5,1985313431701823.5,141235.16578097874,-30228009751.857822,1.0,628.1386621973969,2.2521916865291227e-08,2.2521916865291227e-08,0.05012256080218025,42860.841168570536,628.1386621973969
2164.0,4087.401212865608,10785378611.090954,482.84227712446096,7.969649003593581e-05,2.7958953347641016,0.23281865668816681,4034677773815933.0,0.4204960083983543,0.4204960083983543,1945672180149.5486,0.8432520172492461,192016.83530571338,191543.45746217662,187053.81166659083,473.37784353677046,4489.645795585784,1.1750498146801933,0.0024652934352505976,0.0024652934352505976,0.002465293435250598,0.023439306437664873,4489.645795585784,-68055189.28849116,-0.006309949028447439,-2.78224563343994,1.036896623899657,0.0,0.0,66231332063725.125,-476.75308226589704,0.41589936443112685,1.0,48422529735085.34,5105559268645.844,1547747070026565.8,-30007572545.704334,0.04296441762236443,-0.1581298089817578,0.028191539279140143,0.023439306437664873,469699109445318.4,2065868709206969.8,2070974268475615.5,2017446179471884.2,143504.1945059738,-30007572545.704334,1.0,625.0220439281236,2.1984213657690113e-08,2.1984213657690113e-08,0.050070484271607096,43549.617160617025,625.0220439281236
2165.0,4131.072678622255,10786598534.854261,482.301796499719,7.932239178797242e-05,2.7937449616676875,0.2328194600380379,4100909105879658.0,0.42004834971967725,0.42004834971967725,1915664607603.8442,0.8282131479267127,195012.08434417148,194548.3175955215,190052.86026537436,463.76674864996886,4495.457330147154,1.1722393648509226,0.0023781436427882064,0.002378143642788206,0.002378143642788206,0.02310715089036904,4495.457330147154,-67506402.48310481,-0.006258358672103568,-2.761330437968114,1.0347369466847065,0.0,0.0,67194547825789.875,-477.49822282838267,0.4135402012669738,1.0,48490693450865.14,5002465731501.879,1572738445669593.2,-29785362856.435333,0.042667196093922846,-0.15979813476848662,0.029464837705878356,0.02310715089036904,477285458413755.7,2098514597534213.8,2103517063265715.8,2050023904083348.8,145804.85595970522,-29785362856.435333,1.0,621.934948188121,2.1460463463477232e-08,2.1460463463477232e-08,0.05001697769939262,44248.00430566913,621.934948188121
2166.0,4175.144239056016,10787780962.587553,481.7619208744158,7.895306993919917e-05,2.7916140925467414,0.2328202839773825,4168103653705448.0,0.41960540230329624,0.41960540230329624,1885879244747.409,0.8133404715586939,198049.3406620108,197595.114641894,193093.438339896,454.22602011680794,4501.676301998002,1.169468461711394,0.0022934992795153298,0.0022934992795153298,0.00229349927951533,0.022782325920134662,4501.676301998002,-66963083.77683833,-0.006207308436189883,-2.7405257804326433,1.0325817677057083,0.0,0.0,68165861542022.44,-478.2214421281619,0.41122991916698315,1.0,48563097910425.58,4900090812528.012,1598073491211136.5,-29564191841.631664,0.04236283364390811,-0.161374685532721,0.03071345653377048,0.022782325920134662,484976226912567.25,2131612816034129.2,2136512906846657.0,2083049718123703.8,148137.36919143223,-29564191841.631664,1.0,618.8908936620804,2.0950300046427483e-08,2.0950300046427483e-08,0.04996213042665976,44956.06914846379,618.8908936620804
2167.0,4219.61885168309,10788927042.846209,481.22264957133126,7.858844961364586e-05,2.78951241400347,0.23282112724607196,4236269515247470.5,0.4191671165668097,0.4191671165668097,1856315052905.7773,0.7986348614581631,201129.0590302265,200684.29957353327,196175.83457556096,444.75945669320794,4508.464997972321,1.1667531210037962,0.0022113137645931496,0.0022113137645931496,0.0022113137645931496,0.02246545946819503,4508.464997972321,-66425181.663912095,-0.006156792181476146,-2.720098532051709,1.0304310775936114,0.0,0.0,69145196169322.25,-478.9208585482322,0.40897355817142367,1.0,48641499938349.15,4798477329878.938,1623754619111124.8,-29346944611.65896,0.04205517008743584,-0.16286223925887375,0.031937703835348726,0.02246545946819503,492772147694069.3,2165168266743543.0,2169966744073422.0,2116526766805194.0,150501.95563123992,-29346944611.65896,1.0,615.9031340232705,2.0453365219484506e-08,2.0453365219484506e-08,0.049906028776627975,45673.87894432104,615.9031340232705
2168.0,4264.499489248251,10790037889.242903,480.68398191400263,7.82284573560356e-05,2.787449612640081,0.23282198858397765,4305414711416793.0,0.4187334434496325,0.4187334434496325,1826968108294.1184,0.7840955520355793,204251.69674175678,203816.32774902834,199300.34085672392,435.36899272845073,4515.9868923044205,1.1641092135782933,0.002131531828981104,0.0021315318289811046,0.0021315318289811046,0.02215713992190672,4515.9868923044205,-65892644.25052219,-0.006106803787613542,-2.700322566385794,1.0282848669988789,0.0,0.0,70132490143503.69,-479.5947310486169,0.40677587337958854,1.0,48727669675289.01,4697647927341.501,1649784267897893.5,-29136582804.480354,0.041748146535792785,-0.16426408190290417,0.03313803482727258,0.02215713992190672,500673961285183.06,2199185898858365.5,2203883546785706.8,2150458229183076.5,152898.8391729969,-29136582804.480354,1.0,612.9846688170511,1.996930881496852e-08,1.996930881496852e-08,0.049848755469404926,46401.50168372703,612.9846688170511
2169.0,4309.78913974911,10791114581.49611,480.14591722672526,7.787302110024708e-05,2.7854353750587797,0.2328228667309709,4375547201560296.5,0.4183043344075042,0.4183043344075042,1797831525489.638,0.7697201062924164,207417.713865083,206991.65917821418,202467.2522913732,426.05468686881375,4524.406886840985,1.1615524741371568,0.0020540901687208135,0.002054090168720814,0.0020540901687208135,0.021857918839838827,4524.406886840985,-65365419.291682325,-0.006057337154381311,-2.6814790423915986,1.0261431265914465,0.0,0.0,71127695901234.31,-480.2414469920801,0.4046413536319081,1.0,48823393129211.18,4597604943984.815,1676164902419625.5,-28936147594.32821,0.041445808330969884,-0.16558400871842616,0.0343150543432766,0.021857918839838827,508682416057263.94,2233670711606100.2,2238268316550085.2,2184847318476889.2,155328.24619375297,-28936147594.32821,1.0,610.1482571277924,1.949778865139885e-08,1.949778865139885e-08,0.04979038909475175,47139.00609762025,610.1482571277924
2170.0,4355.490806459924,10792158166.448055,479.6084548345502,7.752207013857197e-05,2.7834793878617745,0.2328237604269231,4446674897461531.0,0.41787974140705547,0.41787974140705547,1768895377895.3098,0.7555043820168632,210627.57347538814,210210.75876154096,205676.8671510669,416.8147138471854,4533.891610474046,1.1590985121216761,0.0019789180826122474,0.001978918082612248,0.0019789180826122474,0.021568313806512657,4533.891610474046,-64843454.232982025,-0.0060083862034727275,-2.663856729291441,1.0240058470606836,0.0,0.0,72130778336004.25,-480.85950979800674,0.4025742413715756,1.0,48930475369767.8,4498330317941.611,1702899013391680.8,-28748763155.270233,0.041152308563174984,-0.16682632615648244,0.03546951943842292,0.021568313806512657,516798268082157.4,2268627756843606.5,2273126087161548.0,2219697281473838.2,157790.4055081268,-28748763155.270233,1.0,607.4064339398743,1.9038470495680153e-08,1.9038470495680153e-08,0.04973100363644001,47886.461642940085,607.4064339398743
2171.0,4401.607507955091,10793169659.052917,479.07159406328435,7.717553509174484e-05,2.781591337651271,0.2328246684117056,4518805675797535.0,0.417459616920431,0.417459616920431,1740146614740.0396,0.7414424964362492,213881.74186248292,213474.0965030276,208929.48672386084,407.6453594553226,4544.609779166775,1.1567628247138653,0.0019059380941334474,0.0019059380941334474,0.001905938094133447,0.021288811399664695,4544.609779166775,-64326696.25647028,-0.005959944880743665,-2.6477523753296732,1.021873019115352,0.0,0.0,73141713188937.81,-481.44752648753405,0.40057855355681327,1.0,49050744380738.016,4399785525326.908,1729989116220782.8,-28577640602.09352,0.04087191219731119,-0.1679958544152825,0.03660234214700737,0.021288811399664695,525022280768691.3,2304062141370212.0,2308461926895539.0,2255011396989474.0,160285.5482559501,-28577640602.09352,1.0,604.7715291125262,1.8591028019744288e-08,1.8591028019744288e-08,0.04967168252356302,48643.938467910746,604.7715291125262
2172.0,4448.142278132188,10794150043.336111,478.5353342394897,7.683334787972423e-05,2.7797727383935387,0.2328255988244946,4591947388986473.0,0.4170439139199695,0.4170439139199695,1711568974137.946,0.7275267890710553,217180.68871471356,216782.14769574348,212225.55441820555,398.5410189700645,4556.593277537938,1.1545472327942845,0.0018350665583052096,0.0018350665583052098,0.0018350665583052098,0.021019227487003102,4556.593277537938,-63815091.75110845,-0.005912007105228764,-2.633239755701745,1.0197446334835651,0.0,0.0,74160857090580.06,-482.00623469805333,0.3986531878404841,1.0,49184551524201.164,4301911557186.9395,1757438881431076.2,-28423585023.12236,0.04060900083691548,-0.16909793071861848,0.037714592417406205,0.021019227487003102,533355595989227.4,2339979028944504.5,2344280940501692.0,2290794477420303.5,162814.0126249265,-28423585023.12236,1.0,602.2443556438238,1.8155130889060328e-08,1.8155130889060328e-08,0.04962423940595606,49411.54179327907,602.2443556438238
2173.0,4495.098166234717,10795100273.32546,477.9996746904813,7.649544169320373e-05,2.7779291187845034,0.23282666720621328,4666108246077053.0,0.41663258587293955,0.41663258587293955,1683145389114.8237,0.7137477825246213,220524.89254838988,220135.39833956587,215567.1638621331,389.4942088240034,4568.234477432747,1.1522943928637768,0.001766214255102909,0.001766214255102909,0.0017662142551029087,0.020751930456845924,4568.234477432747,-63308579.63109255,-0.005864566148359654,-2.6176590657953267,1.0176206809127486,0.0,0.0,75192929835321.12,-482.55993529338747,0.3967400212680614,1.0,49314549255949.04,4204629040134.683,1785265395085081.0,-28257892096.64,0.04036650728593045,-0.17013790643023907,0.03880737113313263,0.020751930456845924,541803754443026.44,2376383698784056.5,2380588327824191.5,2327069149528107.5,165377.379541017,-28257892096.64,1.0,599.6931923238915,1.773032332026235e-08,1.773032332026235e-08,0.04958036509364194,50189.78432111611,599.6931923238915
2174.0,4542.478236874349,10796021273.955015,477.46461474432806,7.6161750965833e-05,2.776033698386678,0.23282790497277303,4741301175912374.0,0.4162255867363309,0.4162255867363309,1654887497018.1838,0.7000948290572581,223914.90253386367,223534.4061091735,218955.3353807639,380.4964246901651,4579.070728409606,1.14996021918848,0.0016992903124552906,0.0016992903124552904,0.0016992903124552904,0.02048485872091298,4579.070728409606,-62807095.39763644,-0.005817615008702895,-2.6002209365975935,1.0155011521695994,0.0,0.0,76239301092359.06,-483.11512265403184,0.3948233800362012,1.0,49435744998854.8,4107847495618.8447,1813477040133085.5,-28072040548.490852,0.04012800062670699,-0.17111515624808807,0.039880272354245405,0.02048485872091298,550369418683596.5,2413282203815537.0,2417390051311156.0,2363846458816682.0,167976.42336144974,-28072040548.490852,1.0,597.0816143806703,1.731626205552923e-08,1.731626205552923e-08,0.04953632982141931,50978.91201931414,597.0816143806703
2175.0,4590.285570052857,10796913941.942299,476.9301537298503,7.583221134712875e-05,2.7740899863109445,0.23282930797948312,4817540477004733.0,0.4158228709517005,0.4158228709517005,1626815456469.6929,0.6865645995734042,227351.29085226412,226979.7435781128,222390.5878027819,371.54727415133567,4589.155775330896,1.147551019308444,0.0016342430815260774,0.0016342430815260772,0.0016342430815260776,0.020218349457036832,4589.155775330896,-62310576.63624172,-0.005771146919508782,-2.5809902999849252,1.0133860380400455,0.0,0.0,77299863075503.38,-483.67067771116007,0.39290592428581184,1.0,49548719972415.17,4011563944375.214,1842078127228622.2,-27866730153.925076,0.03987902201805,-0.17202734254242225,0.040932450359616124,0.020218349457036832,559053910775976.75,2450680757977014.0,2454692321921389.0,2401132038004599.0,170611.5411435097,-27866730153.925076,1.0,594.4153093852831,1.691265665343401e-08,1.691265665343401e-08,0.04949207262509492,51779.046659272186,594.4153093852831
2176.0,4638.523261183621,10797779146.6397,476.39629097662026,7.550675967605694e-05,2.7721014916681868,0.23283087208165262,4894840340080236.0,0.4154243934400726,0.4154243934400726,1598948726315.7678,0.673160160251359,230834.6317585186,230471.97847178506,225873.43428080695,362.65328673352855,4598.544190978108,1.1450730675324523,0.0015710523328791857,0.0015710523328791859,0.0015710523328791863,0.019952725799770376,4598.544190978108,-61818963.79505992,-0.0057251554190472734,-2.560034480470771,1.0112753293292067,0.0,0.0,78374504411940.88,-484.2255419700322,0.39099021218337227,1.0,49654064570244.55,3915850096951.642,1871072920037225.5,-27642686927.90589,0.039612004736876906,-0.17287233512611877,0.04196310458903224,0.019952725799770376,567858538419964.5,2488585523027434.5,2492501373124386.5,2438931458457190.0,173283.12559712882,-27642686927.90589,1.0,591.6998942626728,1.6519226130166507e-08,1.6519226130166507e-08,0.049447561717830046,52590.30868367814,591.6998942626728
2177.0,4687.194421112735,10798617730.860764,475.8630258149602,7.518533395526735e-05,2.7700717235692873,0.23283259313459093,4973214844492177.0,0.415030109596893,0.415030109596893,1571306039387.8618,0.6598879024156925,234365.5015722535,234011.67710690456,229404.38581654034,353.82446534892784,4607.291290364209,1.1425326011525405,0.0015097122356971379,0.0015097122356971377,0.0015097122356971374,0.019688296530003674,4607.291290364209,-61332199.408154935,-0.005679634276975754,-2.5374231921317048,1.0091690168613543,0.0,0.0,79463119342808.25,-484.7787156362055,0.38907869805467976,1.0,49752377419367.31,3820815145129.262,1900465664423690.0,-27400663073.250744,0.03932321521752975,-0.17364821077874606,0.04297148054557202,0.019688296530003674,576784603792026.0,2527002645635083.5,2530823460780213.0,2477250268215716.0,175991.56779042707,-27400663073.250744,1.0,588.9409106929884,1.6135698160580694e-08,1.6135698160580694e-08,0.04940278245485352,53412.81802611326,588.9409106929884
2178.0,4736.302176139736,10799430511.68206,475.3303575759424,7.486787332596278e-05,2.7680041911251285,0.23283446699360708,5052677963834985.0,0.4146399752870361,0.4146399752870361,1543905376314.611,0.6467558373851312,237944.4787984861,237599.4064273887,232983.95337349747,345.0723710974061,4615.453053891223,1.139935816994003,0.0014502222234357702,0.0014502222234357705,0.0014502222234357707,0.019425355994320312,4615.453053891223,-60850227.5143379,-0.005634577438922768,-2.513228540442921,1.0070670914798703,0.0,0.0,80565612456881.12,-485.32925476640924,0.3871737323296265,1.0,49844264535429.016,3726585093167.8022,1930260605953679.2,-27141436982.48945,0.039011059056543895,-0.17435325277342026,0.04395687068599202,0.019425355994320312,585833408840379.6,2565938279329488.0,2569664864422656.0,2516094014794059.0,178737.25877171577,-27141436982.48945,1.0,586.1438210221033,1.5761808456062852e-08,1.5761808456062852e-08,0.049357730609359995,54246.69460178169,586.1438210221033
2179.0,4785.849668037856,10800218281.221334,474.7982855913874,7.455431804338556e-05,2.765902403446593,0.2328364895140104,5133243576291866.0,0.41425394683986433,0.41425394683986433,1516763939332.1216,0.6337726472084598,241572.14431444727,241235.7352576449,236612.64919954748,336.4090568023832,4623.086058097417,1.137288868298513,0.0013925821528681284,0.0013925821528681286,0.0013925821528681284,0.019164184166826952,4623.086058097417,-60372993.31705017,-0.005589978993482244,-2.487525028267988,1.004969544047209,0.0,0.0,81681900966366.25,-485.87626912475395,0.3852775619661625,1.0,49930338560323.195,3633291245245.5254,1960462000857610.2,-26865813285.295544,0.03867514292899656,-0.17498595041727344,0.0449186153020492,0.019164184166826952,595006258595552.8,2605398598013486.5,2609031889258732.0,2555468259453163.0,181520.5905853148,-26865813285.295544,1.0,583.3140046720287,1.539730031758022e-08,1.539730031758022e-08,0.04931240855159014,55092.05861423266,583.3140046720287
2180.0,4835.840054073991,10800981807.392605,474.2668091938643,7.424460945290418e-05,2.763769869644564,0.23283865655111002,5214925477258232.0,0.4138719810443399,0.4138719810443399,1489898126046.826,0.6209471539789672,245249.08158759968,244921.2351166347,240290.98770324135,327.8464709650061,4630.24741339332,1.1345978619375052,0.0013367898009758858,0.001336789800975886,0.0013367898009758858,0.018905046804897647,4630.24741339332,-59900442.9780514,-0.00554583315167268,-2.46038956567316,1.002876365444857,0.0,0.0,82811915634334.0,-486.4189203694528,0.3833923312771105,1.0,50011218075787.914,3541063768510.899,1991074123302952.8,-26574622937.934395,0.038315755135158946,-0.17554499861440456,0.045856103395225147,0.018905046804897647,604304463360157.2,2645389804738898.0,2648930868507409.0,2595378586663110.0,184341.95694507932,-26574622937.934395,1.0,580.4567550410547,1.5041924289361336e-08,1.5041924289361336e-08,0.04926682302053553,55949.030758162015,580.4567550410547
2181.0,4886.276507028152,10801721834.63886,473.7359277166889,7.393868996668383e-05,2.7616100988299244,0.23284096396021517,5297737392892566.0,0.413494035144188,0.413494035144188,1463323503108.8916,0.6082880209230043,248975.87690573232,248656.48078269037,244019.48607415584,319.39612304193747,4636.994708534546,1.1318688559525447,0.0012828396349533406,0.0012828396349533406,0.0012828396349533404,0.01864819567114753,4636.994708534546,-59432523.48646484,-0.00550213423344019,-2.43190148347214,1.0007875465732916,0.0,0.0,83955600966320.5,-486.95642037362995,0.3815200831065768,1.0,50087526990282.46,3450028076161.096,2022101270548985.5,-26268723353.71165,0.03793357799874711,-0.1760292974592135,0.046768773547109545,0.01864819567114753,613729340255577.1,2685918137794845.0,2689368165871006.0,2635830610804562.5,187201.7537115731,-26268723353.71165,1.0,577.5772768826332,1.4695437872686217e-08,1.4695437872686217e-08,0.04922098377475148,56817.73236258275,577.5772768826332
2182.0,4937.162215212525,10802439084.642996,473.20564049392334,7.363650304092522e-05,2.7594266001135552,0.23284340759663508,5381692993858886.0,0.4131200668331104,0.4131200668331104,1437054779755.18,0.5958035818045537,252753.11960876177,252442.05071429457,247798.664752532,311.06889446720317,4643.385961762576,1.1291078574190012,0.001230722275351967,0.001230722275351967,0.001230722275351967,0.018393868805232468,4643.385961762576,-58969182.571311824,-0.005458876658248767,-2.402142550539417,0.9987030783519446,0.0,0.0,85112915004056.88,-487.4880295814528,0.3796627603139161,1.0,50159893998426.66,3360302783609.2026,2053547766855153.2,-25948998574.831013,0.03752952868356993,-0.17643795186759142,0.047656114787623584,0.018393868805232468,623282214389945.5,2726989875243525.0,2730350178027134.0,2676829981245098.5,190100.37925365628,-25948998574.831013,1.0,574.6806841513128,1.4357605277539565e-08,1.4357605277539565e-08,0.04917490273322023,57698.28549887574,574.6806841513128
2183.0,4988.500382490179,10803134257.017614,472.67594686037546,7.333799315365588e-05,2.757222882606341,0.2328459833156789,5466805908862943.0,0.4127500342500503,0.4127500342500503,1411105781180.3489,0.5835017413428346,256581.40231667535,256278.5273851607,251629.04780652263,302.87493151463855,4649.47957863807,1.1263208206290625,0.0011804243362144667,0.0011804243362144669,0.0011804243362144669,0.018142290835198895,4649.47957863807,-58510368.64003125,-0.0054160549381327425,-2.3711969950068656,0.9966229517191603,0.0,0.0,86283828907545.19,-488.01305535432084,0.37782220752738715,1.0,50228952113288.76,3271998548237.656,2085417966625528.2,-25616359486.895897,0.03710467115056125,-0.17677027125331451,0.04851766746326296,0.018142290835198895,632964419793839.5,2768611338532656.5,2771883337080894.0,2718382386419367.5,193038.23473922492,-25616359486.895897,1.0,571.7719983034895,1.4028197199669917e-08,1.4028197199669917e-08,0.049128593393875875,58590.81306729774,571.7719983034895
2184.0,5040.294228293294,10803808029.974274,472.14684615159723,7.304310578305903e-05,2.7550024554191634,0.23284868697265593,5553089737770488.0,0.4123838959745061,0.4123838959745061,1385489421693.453,0.571389914899279,260461.3211506889,260166.49756604357,255511.16324940822,294.8235846453324,4655.334316635369,1.1235136455897532,0.0011319284696201146,0.0011319284696201146,0.0011319284696201144,0.01789367332146064,4655.334316635369,-58056030.733252265,-0.005373663672307079,-2.3391515295018994,0.994547157632157,0.0,0.0,87468326427889.69,-488.5308502919907,0.3760001731282052,1.0,50295338272279.99,3185217411217.042,2117716257057085.5,-25271744077.759224,0.03666016753709086,-0.1770257692570337,0.04935302410758207,0.01789367332146064,642777300204938.5,2810788895534304.0,2813974112945521.0,2760493557262024.0,196015.72437992756,-25271744077.759224,1.0,568.8561470402112,1.3706990615872236e-08,1.3706990615872236e-08,0.04908207041368007,59495.43886948064,568.8561470402112
2185.0,5092.546987640973,10804461060.972816,471.61833770388483,7.275178738632583e-05,2.752768827662906,0.23285151442287524,5640558064198378.0,0.41202161102189494,0.41202161102189494,1360217677615.6936,0.5594749898439497,264393.47594615235,264106.5525714049,259445.54331481745,286.9233747474544,4661.0092565874365,1.1206921768314722,0.0010852135201924974,0.0010852135201924974,0.0010852135201924974,0.01764821512835153,4661.0092565874365,-57606118.490303054,-0.005331697542821844,-2.30609538061529,0.992475687066987,0.0,0.0,88666403327076.25,-489.0408105321973,0.37419831141809834,1.0,50359693017632.81,3100052429941.7817,2150447060440967.5,-24916117742.74719,0.03619725139507109,-0.1772041635353913,0.050161830316206794,0.01764821512835153,652722209746914.1,2853528963205514.5,2856629015635456.0,2803169270187881.5,199033.25564369652,-24916117742.74719,1.0,565.9379634789894,1.3393768593178208e-08,1.3393768593178208e-08,0.04903534928638553,60412.28767112092,565.9379634789894
2186.0,5145.261911156678,10805093987.351286,471.0904208542771,7.246398537901668e-05,2.7505255084484506,0.23285446152164616,5729224467525454.0,0.4116631388389652,0.4116631388389652,1335301559872.9465,0.5477632988489958,268378.47045652656,268099.28848115384,263432.7247000773,279.1819753727354,4666.563781076543,1.117862202522299,0.0010402547376390941,0.0010402547376390941,0.0010402547376390941,0.017406102819271678,4666.563781076543,-57160582.12223471,-0.005290151310960212,-2.272120322804616,0.9904085310184988,0.0,0.0,89878066775402.88,-489.542374046947,0.3724181849068924,1.0,50422660252501.44,3016587483476.798,2183614836200424.0,-24550473638.47482,0.035717213062991734,-0.1773053756179972,0.05094378562874544,0.017406102819271678,662800513527948.1,2896838009980873.0,2899854597464350.0,2846415349728372.0,202091.23944286077,-24550473638.47482,1.0,563.0221857412628,1.3088320109222161e-08,1.3088320109222161e-08,0.048988446082647075,61341.48525721656,563.0221857412628
2187.0,5198.442265085197,10805707426.937063,470.56309494055506,7.217964811491794e-05,2.7482760068866807,0.23285752412427785,5819102534300857.0,0.411308439299257,0.411308439299257,1310751086234.4717,0.536260599696462,272416.9125481819,272145.3063433154,267473.24878344836,271.60620486646707,4672.0575598670275,1.1150294538832153,0.000997024018537867,0.0009970240185378672,0.0009970240185378672,0.01716751107209307,4672.0575598670275,-56719372.39040042,-0.005249019814196268,-2.237320716954117,0.9883456805002968,0.0,0.0,91103334743215.75,-490.03501896971846,0.37066126662573995,1.0,50484887073732.59,2934897185127.773,2217224082712991.5,-24175833087.631256,0.03522139178793254,-0.17732953084023004,0.051698644420058434,0.01716751107209307,673013588173301.6,2940722557960025.5,2943657455145153.5,2890237670886293.0,205190.09030225757,-24175833087.631256,1.0,560.1134569420467,1.2790439881945213e-08,1.2790439881945213e-08,0.04894137723269765,62283.158481190796,560.1134569420467
2188.0,5252.091331309196,10806301978.63971,470.03635930124096,7.189872486638077e-05,2.7460238320884782,0.23286069808607948,5910205869044073.0,0.4109574726986103,0.4109574726986103,1286575253146.8403,0.5249720585904356,276509.41438600526,276245.2123610812,271567.6618186063,264.202024924022,4677.550542474873,1.1121996048992424,0.0009554901611964569,0.0009554901611964568,0.0009554901611964566,0.016932603111907793,4677.550542474873,-56282440.58932832,-0.0052082979635937506,-2.201793553822681,0.986287126544702,0.0,0.0,92342235395936.12,-490.51826201070935,0.36892894231715834,1.0,50547023682333.46,2855046864697.0767,2251279338944621.5,-23793246037.230194,0.0347111716175749,-0.17727695836008966,0.05242621680344596,0.016932603111907793,683362822300343.6,2985189184927298.5,2988044231791996.0,2934642161244965.0,208330.2265099213,-23793246037.230194,1.0,557.2163255682215,1.2499928207322834e-08,1.2499928207322834e-08,0.048894159340236554,63237.43530868502,557.2163255682215
2189.0,5306.212407365362,10806878223.02607,469.51021327559766,7.16211658051294e-05,2.7437724931647263,0.23286397926236035,6002548104440009.0,0.41061019975072094,0.41061019975072094,1262782007109.61,0.5139022352934763,280656.59260992554,280399.61806637293,275716.5151084053,256.9745435526142,4683.102957967613,1.1093782723214778,0.0009156191242932024,0.0009156191242932025,0.0009156191242932027,0.016701531158502092,4683.102957967613,-55849738.53302357,-0.005167980741563765,-2.1656385026225973,0.9842328602027143,0.0,0.0,93594806497121.88,-490.9916570535899,0.36722251226039626,1.0,50609723372649.17,2777092598590.8105,2285785185912541.0,-23403791572.93893,0.03418797941355811,-0.17714819126760292,0.05312636954841655,0.016701531158502092,693849616941122.8,3030244526226313.0,3033021618824903.5,2979634802853664.0,211512.07025191135,-23403791572.93893,1.0,554.3352462319787,1.221659080412157e-08,1.221659080412157e-08,0.04884680902082539,64204.44485649396,554.3352462319787
2190.0,5360.808806460087,10807436722.878141,468.9846562036275,7.134692198352626e-05,2.7415254992263076,0.23286736350842957,6096142910937131.0,0.41026658158274265,0.41026658158274265,1239378215536.6711,0.5030550691431601,284859.0685025263,284609.14048132015,279920.365159233,249.92802120612987,4688.775322087167,1.106571015954947,0.0008773742837817127,0.0008773742837817129,0.0008773742837817127,0.016474436886171992,4688.775322087167,-55421218.54406621,-0.005128063199921,-2.128957964980551,0.9821828725439724,0.0,0.0,94861094822024.38,-491.4547940860429,0.36554319233730426,1.0,50673642601249.64,2701081274459.395,2320746247987616.0,-23008578492.19472,0.033653284074847405,-0.17694396679557797,0.05379902701580815,0.016474436886171992,704475385915737.5,3075895276504603.0,3078596357779063.0,3025221633903353.5,214736.04773228554,-23008578492.19472,1.0,551.4745807860479,1.1940238664898779e-08,1.1940238664898779e-08,0.04879934276061926,65184.31742694745,551.4745807860479
2191.0,5415.883857484738,10807978023.734228,468.45968742607164,7.107594531628167e-05,2.7392863593841046,0.2328708466795964,6191004005759155.0,0.409926579730936,0.409926579730936,1216369637044.4763,0.49243386541145245,289117.46814795304,288874.4022686646,284179.7738168747,243.0658792884319,4694.62845178987,1.1037833392272427,0.0008407166846246916,0.0008407166846246915,0.0008407166846246914,0.016251451893697665,4694.62845178987,-54996833.4450125,-0.005088540458191155,-2.0918571345425154,0.9801371546567152,0.0,0.0,96141155582872.38,-491.90729871046625,0.3638921136967195,1.0,50739441136542.36,2627050681669.0083,2356167194043758.0,-22608745938.927162,0.0331085964681481,-0.176665226640806,0.05444417211314604,0.016251451893697665,715241556158787.8,3122148191339088.5,3124775242020757.0,3071408750202545.5,218002.5892789229,-22608745938.927162,1.0,548.6385997875549,1.1670687912603014e-08,1.1670687912603014e-08,0.04875177679263376,66177.18453795182,548.6385997875549
2192.0,5471.440905030469,10808502654.413834,467.935306284409,7.080818856259649e-05,2.737058582749001,0.23287442463117003,6287145161342027.0,0.4095901561363626,0.4095901561363626,1193760891105.549,0.4820412816942866,293432.42258232867,293196.0318718791,288495.308384578,236.39071044957063,4700.723487301142,1.1010206900329682,0.0008056052850916505,0.0008056052850916505,0.0008056052850916507,0.016032698182474943,4700.723487301142,-54576536.55169918,-0.005049407702130871,-2.0544440624935456,0.978095697647744,0.0,0.0,97435051866408.12,-492.34883262838247,0.36227031998731385,1.0,50807782290159.84,2555029621372.956,2392052738460037.5,-22205464102.80623,0.03255546978861142,-0.17631311740512692,0.055061847273238915,0.016032698182474943,726149568000610.9,3169010088750808.5,3171565118372181.0,3118202306460648.5,221312.12943572743,-22205464102.80623,1.0,545.8314842976442,1.1407759662239208e-08,1.1407759662239208e-08,0.04870412698858351,67183.17894885056,545.8314842976442
2193.0,5527.483309402635,10809011127.526804,467.411512120856,7.054360530872647e-05,2.7348456784318778,0.23287809321845968,6384580213208435.0,0.40925727314062527,0.40925727314062527,1171555427002.743,0.47187931414245216,297804.56793590484,297574.6636456847,292867.54172389663,229.9042902201114,4707.121921788099,1.0982884618490931,0.0007719971920296155,0.0007719971920296155,0.0007719971920296155,0.015818288640973684,4707.121921788099,-54160281.66811355,-0.0050106601824274274,-2.016829729273498,0.9760584926423821,0.0,0.0,98742854083895.0,-492.7790957163737,0.3606787605357933,1.0,50879333231232.914,2485038031255.336,2428407641980281.0,-21799934986.044113,0.031995500199409777,-0.17588899116610493,0.0556521554591359,0.015818288640973684,737200875404738.5,3216487850616252.0,3218972888647507.5,3165608517385019.5,224665.1070416579,-21799934986.044113,1.0,543.0573280043644,1.115127988714501e-08,1.115127988714501e-08,0.04865640876468036,68202.43468223873,543.0573280043644
2194.0,5584.0144466347065,10809503939.967148,466.8883042783651,7.028214995095678e-05,2.7326511555436195,0.23288184829677452,6483323067292330.0,0.4089278934816521,0.4089278934816521,1149755492016.6987,0.4619492834127078,302234.5455671661,302010.9379775749,297297.0523388131,223.6075895912494,4713.885638761786,1.0955919951164985,0.000739847885924598,0.0007398478859245979,0.0007398478859245979,0.015608327533858409,4713.885638761786,-53748023.08254044,-0.0049722932135499815,-1.979128122780676,0.9740255307844382,0.0,0.0,100064639433566.62,-493.1978306432515,0.3591182769670138,1.0,50954765384750.086,2417087120693.1675,2465236712434220.0,-21393393240.897503,0.03143032766823314,-0.17539440618740182,0.056215261198692745,0.015608327533858409,748396946162799.6,3264588423981769.5,3267005511102462.5,3213633658597019.5,228061.9652969674,-21393393240.897503,1.0,540.3201396567629,1.0901079289493175e-08,1.0901079289493175e-08,0.04860863700012885,69235.0870418457,540.3201396567629
2195.0,5641.037708501804,10809981573.392008,466.3656821006243,7.002377767897622e-05,2.730478523195107,0.23288568572142376,6583387706725897.0,0.40860198028952605,0.40860198028952605,1128362098775.8013,0.45225182025484906,306723.002189113,306505.5014009326,301784.4244436011,217.50078818041666,4721.076957331528,1.092936578883115,0.0007091114348388988,0.0007091114348388988,0.0007091114348388989,0.015402910994266295,4721.076957331528,-53339715.56473362,-0.004934302172727611,-1.9414563233658242,0.9719968032361661,0.0,0.0,101400491375423.38,-493.60483145856386,0.3575895794846744,1.0,51034754915319.43,2351179512428.5425,2502544805324027.5,-20987107081.129955,0.030861636957305136,-0.17483112777929277,0.056751391652126004,0.015402910994266295,759739262048013.0,3313318822287360.0,3315670001799788.0,3262284067372040.5,231503.15181700786,-20987107081.129955,1.0,537.623845798615,1.0656993174681974e-08,1.0656993174681974e-08,0.04856082596711442,70281.27262659324,537.623845798615
2196.0,5698.5565025337355,10810444494.686203,465.8436449320562,6.976844445964071e-05,2.728331290497225,0.23288960134771666,6684788198101320.0,0.4082794970823573,0.4082794970823573,1107374991694.6714,0.4427868506700877,311270.58998793404,311059.00670029473,306330.24801484676,211.5832876392986,4728.758685447992,1.0903274527043234,0.0006797406965030018,0.0006797406965030018,0.0006797406965030018,0.015202127517896147,4728.758685447992,-52935314.36389585,-0.0048966824990328405,-1.9039345959317822,0.969972301178228,0.0,0.0,102750499118165.25,-493.99995824412935,0.35609320726444327,1.0,51119983297800.81,2287309387027.863,2540336824279662.5,-20582379270.833336,0.030291158744934658,-0.1742011293201386,0.057260837716069074,0.015202127517896147,771229318928297.2,3362686126505760.0,3364973435892788.0,3311566143207959.5,234989.11867392194,-20582379270.833336,1.0,534.9722937908188,1.0418861329350895e-08,1.0418861329350895e-08,0.0485129892712568,71341.12934092483,534.9722937908188
2197.0,5756.574252027605,10810893156.412775,465.32219211781745,6.951610702111565e-05,2.726212966560854,0.23289359103096238,6787538697219485.0,0.40796040776219983,0.40796040776219983,1086792612423.838,0.43355358058617294,315877.96673428203,315672.1130093095,310935.1188280218,205.853724972517,4736.9941812877005,1.0877698087964718,0.0006516875079979291,0.0006516875079979291,0.0006516875079979291,0.015006058457713689,4736.9941812877005,-52534775.20727276,-0.004859429692551381,-1.8666864894656359,0.9679520158096542,0.0,0.0,104114757118019.88,-494.38316084602843,0.3546294649334132,1.0,51211137976450.336,2225462626527.4614,2578617721386285.5,-20180548194.13223,0.02972067086856698,-0.17350659345001598,0.05774395516778489,0.015006058457713689,782868626839968.4,3412697486202704.5,3414922948829232.0,3361486348226254.0,238520.3224265248,-20180548194.13223,1.0,532.3692551120641,1.0186527902746113e-08,1.0186527902746113e-08,0.04846513980150857,72414.796401497,532.3692551120641
2198.0,5815.094396059998,10811327997.249943,464.8013230037975,6.926672283738752e-05,2.7241270604968784,0.23289765062647014,6891653454337505.0,0.4076446766110107,0.4076446766110107,1066612064229.7058,0.42455047999944184,320545.7958873599,320345.4859019139,315599.6384789617,200.30998544598094,4745.847422952176,1.0852687944397152,0.0006249028626049117,0.0006249028626049117,0.0006249028626049117,0.01481477851823172,4745.847422952176,-52138054.29919965,-0.004822539313621962,-1.8298389443454544,0.965935938347807,0.0,0.0,105493364589146.62,-494.75451590614426,0.3531983238784684,1.0,51308913114439.35,2165616953780.8623,2617392497386662.0,-19782989009.46029,0.029151999685992986,-0.1727499134481097,0.05820116585333609,0.01481477851823172,794658710022897.1,3463360120523998.5,3465525737477779.5,3412051207409559.0,242097.2241386482,-19782989009.46029,1.0,529.8184289281289,9.959841291260662e-09,9.959841291260662e-09,0.048417289688512,73502.41434031351,529.8184289281289
2199.0,5874.1203894986575,10811749442.414875,464.2810369366181,6.902025011313489e-05,2.72207708141618,0.23290177598954911,6997146818926652.0,0.4073322682866519,0.4073322682866519,1046829075220.2455,0.41577526653575836,325274.74669200956,325079.7974772322,320324.4143905556,194.94921477736017,4755.383086676586,1.082829514626619,0.0005993370735354081,0.000599337073535408,0.000599337073535408,0.014628356248467398,4755.383086676586,-51745108.3204585,-0.0047860069821319216,-1.7935224077765575,0.9639240600283404,0.0,0.0,106886425025210.62,-495.1142830514698,0.35179927271050726,1.0,51414010435844.7,2107742064168.3416,2656666201761084.5,-19391114892.23678,0.028587021555186713,-0.1719336948058942,0.05863295892366645,0.014628356248467398,806601106917875.9,3514681319114805.5,3516789061178974.0,3463267308678960.5,245720.2893861829,-19391114892.23678,1.0,527.3234459208319,9.738654025953946e-09,9.738654025953946e-09,0.0483694502705343,74604.12500437268,527.3234459208319
2200.0,5933.655703013762,10812157904.074661,463.7613332636324,6.877664776894983e-05,2.7200665384296427,0.2329059629755086,7104033243951863.0,0.407023147818934,0.407023147818934,1027437960328.0087,0.40722488838239307,330065.4942690017,329875.7264386821,325110.0598049123,189.76783031958905,4765.666633769855,1.080457034953388,0.0005749399243924881,0.000574939924392488,0.0005749399243924881,0.01444685453282573,4765.666633769855,-51355894.427827746,-0.0047498283768565575,-1.7578709577299314,0.9619163721051637,0.0,0.0,108294045731661.5,-495.4629883148918,0.3504310952291292,1.0,51527140162499.625,2051799746529.044,2696443932687020.5,-19006378369.96297,0.028027664435439477,-0.17106075700857368,0.05903989212270627,0.01444685453282573,818697370126848.0,3566668442976367.5,3568720242722896.5,3515141302813868.5,249389.98825302403,-19006378369.96297,1.0,524.8878723685186,9.522822662904971e-09,9.522822662904971e-09,0.04832163206602158,75720.0715518883,524.8878723685186
2201.0,5993.7038230886965,10812553781.744854,463.24221133292383,6.853587542690032e-05,2.7180989406481477,0.23291020743965773,7212327289683524.0,0.40671728060570195,0.40671728060570195,1008431581958.0457,0.39889550654200373,334918.7196987033,334733.95816772984,329957.19376119325,184.76153097347813,4776.764406536598,1.0781563847509077,0.0005516608063583059,0.0005516608063583059,0.000551660806358306,0.014270331079295628,4776.764406536598,-50970370.25373082,-0.00471399923483253,-1.7230224357710273,0.9599128658504028,0.0,0.0,109716337368102.75,-495.80154609362506,0.34909154550287935,1.0,51649022048401.5,1997743990448.25,2736730836880054.0,-18630272753.92725,0.027475909613796576,-0.17013413553771606,0.059422593131781484,0.014270331079295628,830949066336455.2,3619328925264911.0,3621326669255359.5,3567679903216509.5,253106.7953160664,-18630272753.92725,1.0,522.5152144707491,9.31220767627626e-09,9.31220767627626e-09,0.04827384475190444,76850.39844512686,522.5152144707491
2202.0,6054.268252030414,10812937462.675978,462.723670493306,6.829789339642518e-05,2.7161777971825782,0.2329145052373057,7322043627051627.0,0.4064146324089616,0.4064146324089616,989801309204.1184,0.3907824763584136,339835.1100982979,339655.18479269894,334866.44105923414,179.9253055989738,4788.743733464783,1.075932560453232,0.0005294488422544983,0.0005294488422544984,0.0005294488422544984,0.014098838904483343,4788.743733464783,-50588493.90591548,-0.004678515350757968,-1.6891185891866394,0.9579135325543616,0.0,0.0,111153413500044.5,-496.1314361057248,0.3477768757752453,1.0,51780386514736.18,1945521077394.5676,2777532109317162.5,-18264333671.918606,0.02693379356164976,-0.1691570841085055,0.05978176097478032,0.014098838904483343,843357776205207.2,3672670272037106.5,3674615793114500.5,3620889885522370.0,256871.1896193452,-18264333671.918606,1.0,520.2089229107838,9.106673353975818e-09,9.106673353975818e-09,0.04822609714675341,77995.2514398889,520.2089229107838
2203.0,6115.35250797931,10813309322.228334,462.20571009432103,6.806266266055273e-05,2.7143066171438175,0.23291885222376174,7433197040551672.0,0.4061151693510473,0.4061151693510473,971536975532.1998,0.38288032826204493,344815.35869271687,344640.10525297903,339838.43220897985,175.25343973780332,4801.67304399917,1.0737905292015737,0.0005082529977847678,0.0005082529977847678,0.0005082529977847677,0.013932426815139688,4801.67304399917,-50210223.96713071,-0.004643372576415277,-1.6563052228367932,0.9559183635254856,0.0,0.0,112605390159138.88,-496.4549607705012,0.34648114874645164,1.0,51921975888968.73,1895069653669.3704,2818852992842517.5,-17910140706.556576,0.026403409926940395,-0.16813307715555517,0.06011816748871498,0.013932426815139688,855925094214306.1,3726700062945792.5,3728595132599462.0,3674778087056823.5,260683.6546373416,-17910140706.556576,1.0,517.9723976503622,8.906087695835232e-09,8.906087695835232e-09,0.048178397197903955,79154.77757163825,517.9723976503622
2204.0,6176.960124918602,10813669724.235449,461.6883294862394,6.783014486243514e-05,2.712488909642748,0.23292324425433503,7545802430710811.0,0.4058188579108298,0.4058188579108298,953626834825.6433,0.3751827476807728,349860.16487942566,349689.4253589109,344873.8033656497,170.7395205147237,4815.621993261197,1.071735232682338,0.00048802218044333975,0.0004880221804433398,0.0004880221804433398,0.013771139885967624,4815.621993261197,-49835519.49482321,-0.004608566820117737,-1.6247323611802331,0.9539273500903233,0.0,0.0,114072385410828.12,-496.77562489099034,0.345195221441443,1.0,52074545751890.97,1846320783720.545,2860698777655146.5,-17569319144.08026,0.025886911667892643,-0.16706581258176784,0.060432658864507896,0.013771139885967624,868652628481909.1,3781425951888947.0,3783272272672667.5,3729351406137055.5,264544.678227391,-17569319144.08026,1.0,515.8089929522685,8.710322314242669e-09,8.710322314242669e-09,0.04813075197170735,80329.12513825874,515.8089929522685
2205.0,6239.094652683319,10814019021.356512,461.1715280200589,6.760030229219001e-05,2.7107281837902515,0.23292767718433485,7659874816121639.0,0.4055256649199638,0.4055256649199638,936057515681.563,0.3676825540596815,354970.23428720026,354803.85784754826,349973.19625042746,166.3764396520116,4830.6615971208075,1.0697715911982495,0.00046870532676100213,0.000468705326761002,0.00046870532676100197,0.013615019933623271,4830.6615971208075,-49464340.02097065,-0.004574094046189854,-1.5945544209454297,0.9519404835934875,0.0,0.0,115554518928133.0,-497.098709658266,0.34390520645918055,1.0,52238866397000.84,1799197983102.4275,2903074800676761.0,-17243541838.691994,0.0253865133346005,-0.16595921478530934,0.060726157263035,0.013615019933623271,881542000540296.9,3836855667614059.0,3838654865597161.0,3784616801217058.0,268454.752571038,-17243541838.691994,1.0,513.7220226271957,8.51925233717645e-09,8.51925233717645e-09,0.04808316764595033,81518.44367938944,513.7220226271957
2206.0,6301.759656968737,10814357555.418158,460.6553050475035,6.737309787404186e-05,2.7090279486972118,0.23293214686907035,7775429335049772.0,0.40523555755917523,0.40523555755917523,918813973842.871,0.36037167893075106,360146.2788289936,359984.12243437965,355137.25805630523,162.15639461396293,4846.864378074399,1.067904507972157,0.000450251478763602,0.000450251478763602,0.0004502514787636021,0.01346410598694646,4846.864378074399,-49096645.55237993,-0.004539950274510922,-1.5659303949436378,0.9499577553976196,0.0,0.0,117051911570019.38,-497.4321638796226,0.3425900781095256,1.0,52415724407116.0,1753617231252.8782,2945986444796695.5,-16934531197.817669,0.024904493505175918,-0.16481743798037335,0.06099966251167182,0.01346410598694646,894594845074996.8,3892997014278808.5,3894750631510061.5,3840581289871692.5,272414.374104055,-16934531197.817669,1.0,511.71476550247854,8.33275631365638e-09,8.33275631365638e-09,0.048035649503645805,82722.88395225022,511.71476550247854
2207.0,6364.958719338447,10814685657.745836,460.1396599210233,6.714849515375543e-05,2.707391713474512,0.2329366491638507,7892481246619791.0,0.4049485033545876,0.4049485033545876,901879442645.0533,0.3532411429708935,365389.0167489899,365230.94586099277,360366.64133855567,158.0708879970696,4864.304522437133,1.0661388736836634,0.00043260985073795754,0.0004326098507379576,0.0004326098507379576,0.013318434753577786,4864.304522437133,-48732396.57222086,-0.004506131580192264,-1.5390240475474861,0.9479791568833511,0.0,0.0,118564684962544.12,-497.7879976001657,0.34121791805722224,1.0,52605924353709.07,1709486965329.0571,2989439137989593.0,-16644061293.937744,0.024443197383544814,-0.16364486982806534,0.06125425388681395,0.013318434753577786,907812809624523.2,3949857871967824.5,3951567358933154.0,3897251947614116.0,276424.0434347213,-16644061293.937744,1.0,509.79047111137663,8.150716121666163e-09,8.150716121666163e-09,0.04798820192716535,83942.59790383436,509.79047111137663
2208.0,6428.69543723181,10815003649.485176,459.6245919937927,6.692645828635364e-05,2.7058229872330326,0.2329411799239852,8011045931582335.0,0.40466447017408697,0.40466447017408697,885235381351.1156,0.3462810319839966,370699.17266389146,370545.06193849206,365662.0038890758,154.1107253994162,4883.058049416258,1.064479571239339,0.00041572988763896303,0.0004157298876389632,0.00041572988763896314,0.013178041083237568,4883.058049416258,-48371554.04453645,-0.004472634093548278,-1.5140041223874268,0.9460046794492658,0.0,0.0,120092961080584.12,-498.18431446504553,0.33974040768233316,1.0,52810290625084.79,1666708057619.494,3033438352299599.0,-16373960108.955622,0.024005039566371945,-0.16244613539442518,0.061491091988081434,0.013178041083237568,921197554238817.6,4007446197163502.0,4009112905221121.5,3954635906538417.0,280484.2652497856,-16373960108.955622,1.0,507.95236560274026,7.973016878793998e-09,7.973016878793998e-09,0.04794127457343822,85177.73863929017,507.95236560274026
2209.0,6492.973423971103,10815311841.913546,459.11010061971064,6.670695202411298e-05,2.7043181069210314,0.23294578930943008,8131138892662919.0,0.404383426223725,0.404383426223725,868861421242.16,0.3394804717397134,376077.47759848525,375927.211586343,371024.14017465984,150.26601214223962,4903.071411683161,1.0629205097110312,0.00039956131673130795,0.00039956131673130784,0.0003995613167313077,0.013042608410796097,4903.071411683161,-48014080.75997479,-0.004439454124096684,-1.4907846237951943,0.9440343145118628,0.0,0.0,121637411240867.38,-498.649180391003,0.338082332077819,1.0,53028246300524.664,1625173780559.0889,3077990476359630.5,-16123300595.474794,0.02359250698701037,-0.16122610145334246,0.06171142071016879,0.013042608410796097,934751300507159.4,4065770023167314.5,4067395196947873.5,4012741776866790.0,284595.62898882106,-16123300595.474794,1.0,506.1952982333616,7.799544859013206e-09,7.799544859013206e-09,0.04789723268483148,86428.51118583877,506.1952982333616
2210.0,6557.796308768042,10815610536.742186,458.596185153399,6.648994170482922e-05,2.7028356089120664,0.23295079781740338,8252776303903786.0,0.4041053400441602,0.4041053400441602,852738120646.6852,0.3328276015986448,381524.6766352494,381378.1504829427,376454.5558473522,146.5261523067187,4923.594635590537,1.0613979194645948,0.0003840541943419368,0.0003840541943419368,0.0003840541943419369,0.012910007113296195,4923.594635590537,-47659946.04396454,-0.0044065885954433035,-1.467896556726951,0.9420680535055196,0.0,0.0,123201544271381.88,-499.22984475276434,0.3361165725336338,1.0,53251682019340.31,1584769796796.8372,3123106686165461.5,-15876197465.783585,0.02320639372331753,-0.15998931045454992,0.061916422848696945,0.012910007113296195,948479174661760.5,4124837542846562.0,4126422312643358.5,4071585860827222.0,288759.1667207153,-15876197465.783585,1.0,504.47030706366644,7.63017908252563e-09,7.63017908252563e-09,0.047854103251344204,87695.38912663693,504.47030706366644
2211.0,6623.167736729916,10815900026.409143,458.0828449502022,6.627539324034686e-05,2.7013682306380193,0.23295624212981794,8375977848175168.0,0.40383018050713637,0.40383018050713637,836861923180.9016,0.32631032147088335,387041.5682628662,386898.6877255948,381954.1889817532,142.88053727140135,4944.498743841594,1.059900572442689,0.000369160702589861,0.00036916070258986107,0.00036916070258986107,0.012779828158394905,4944.498743841594,-47309109.81701522,-0.004374033571085231,-1.4450844716161642,0.9401058878824539,0.0,0.0,124785992805634.5,-499.9593886946434,0.33375202172255747,1.0,53479204094096.27,1545381606847.1025,3168794545071676.0,-15629889174.716713,0.022837147666324623,-0.15873695307284386,0.062106441404613466,0.012779828158394905,962383777623151.4,4184657526788923.5,4186202908395770.5,4131178322694827.5,292975.57645082165,-15629889174.716713,1.0,502.76869757093056,7.464810479309103e-09,7.464810479309103e-09,0.04781142966457419,88978.61253093154,502.76869757093056
2212.0,6689.09136886522,10816180594.3633,457.57007936618606,6.606327310534534e-05,2.6999159388592737,0.23296210239375978,8500763840980802.0,0.4035579168119982,0.4035579168119982,821232034006.1849,0.3199208234740577,392628.96444775624,392489.64196847804,387523.854991094,139.3224792781835,4965.786977384094,1.0584283172868658,0.0003548451385244706,0.0003548451385244706,0.00035484513852447055,0.012652020452001917,4965.786977384094,-46961531.37862372,-0.004341785066264247,-1.4223530973347025,0.9381478091126871,0.0,0.0,126390791072577.12,-500.8212664674923,0.3310287716161241,1.0,53710848740523.83,1506937096727.2712,3215060825036871.0,-15384427969.724144,0.02247774212664374,-0.15746962608376328,0.062281671972820224,0.012652020452001917,976467175170657.4,4245238848948052.0,4246745786044779.0,4191528000207528.5,297245.4830046342,-15384427969.724144,1.0,501.0902342518233,7.3033351468404706e-09,7.3033351468404706e-09,0.047769178634372356,90278.37198645975,501.0902342518233
2213.0,6755.570882088775,10816452515.339758,457.05788775813755,6.585354832637607e-05,2.698478700336212,0.23296835875631483,8627154632053379.0,0.4032885184822436,0.4032885184822436,805847606036.4608,0.31365444992123315,398287.68236506905,398151.8342477992,393164.3716442421,135.84811726989253,4987.4626035570955,1.0569810046967012,0.0003410803880833419,0.00034108038808334184,0.00034108038808334184,0.01252653428805512,4987.4626035570955,-46617171.07310659,-0.004309839201623147,-1.3997072752006257,0.9361938086840074,0.0,0.0,128015973148160.5,-501.7532177791673,0.32811012312744814,1.0,53946652423408.125,1469394709748.0994,3261912320259839.0,-15139867277.583166,0.022124318793654785,-0.15618792017605745,0.06244231085760387,0.01252653428805512,990731436353498.4,4306590409036746.0,4308059803746493.5,4252643756613337.5,301569.5132608252,-15139867277.583166,1.0,499.4346851888832,7.145652366437948e-09,7.145652366437948e-09,0.047727323770208274,91594.85838341688,499.4346851888832
2214.0,6822.609969226436,10816716055.626863,456.5462694835634,6.564618647114336e-05,2.6970564818292155,0.23297499136456915,8755170605201540.0,0.403021955362112,0.403021955362112,790707738758.8777,0.30750827931971586,404018.5444344048,403886.0893091535,398876.5603907929,132.45512525134353,5009.528918360569,1.0555584874068202,0.0003278441721945477,0.00032784417219454767,0.0003278441721945477,0.012403321260530068,5009.528918360569,-46275990.11248571,-0.004278192186473537,-1.3771519629082198,0.9342438781019319,0.0,0.0,129661576192814.62,-502.70181146666596,0.3251380977096331,1.0,54186651882357.84,1432729479956.2747,3309355858279339.5,-14896261748.227392,0.021774774653666562,-0.1548924203613493,0.06258855512677909,0.012403321260530068,1005178636712968.6,4368721146874666.0,4370153876354622.0,4314534494992308.0,305948.2971782189,-14896261748.227392,1.0,497.80182199585073,6.991664434971633e-09,6.991664434971633e-09,0.04768584298100409,92928.26321257402,497.80182199585073
2215.0,6890.212339019191,10816971473.325073,456.0352239006895,6.544115563802407e-05,2.695649250098669,0.23298198036560872,8884832181394355.0,0.402758197613209,0.402758197613209,775811477010.6503,0.3014803429393671,409822.37840012653,409693.23639883567,404661.2471496354,129.14200129086936,5031.989249200246,1.0541606201642462,0.00031511700701903267,0.00031511700701903267,0.0003151170070190327,0.012282334200659377,5031.989249200246,-45937950.5439876,-0.004246840315449824,-1.3546922385285132,0.9322980088896706,0.0,0.0,131327642010941.5,-503.64186243480026,0.3221804683036944,1.0,54430884162677.516,1396925343971.4436,3357398306627376.0,-14653667299.297813,0.021427979494253596,-0.15358370638123667,0.06272060266755819,0.012282334200659377,1019810860150376.9,4431640050940431.0,4433036976284402.5,4377209166777753.0,310382.4684114963,-14653667299.297813,1.0,496.1914197639731,6.841276538212394e-09,6.841276538212394e-09,0.0476447170220462,94278.7787381391,496.1914197639731
2216.0,6958.381716126925,10817219018.597963,455.5247503684602,6.523842444581901e-05,2.694256971904954,0.2329893059065195,9016159823405296.0,0.4024972157111664,0.4024972157111664,761157809711.3524,0.2955691905642701,415700.0174329615,415574.10975665355,410519.2627988622,125.90767630795561,5054.8469577913565,1.0527872597060577,0.0003028810946063054,0.0003028810946063054,0.0003028810946063054,0.012163527128172898,5054.8469577913565,-45603015.20846018,-0.0042157799643379006,-1.3323333044781824,0.9303561925880894,0.0,0.0,133014217699239.5,-504.56455446714955,0.3192615426144191,1.0,54679386647922.72,1361970910745.8936,3406046577008898.0,-14412141160.312866,0.021083342609156012,-0.15226235311205044,0.06283865224416692,0.012163527128172898,1034630200039769.1,4495356163696590.0,4496718134607336.0,4440676777048667.5,314872.6646980992,-14412141160.312866,1.0,494.6032570092502,6.694396636470436e-09,6.694396636470436e-09,0.04760392866746388,95646.59810076297,494.6032570092502
2217.0,7027.121841131563,10817458933.915564,455.0148482465376,6.50379620237312e-05,2.692879614008454,0.2329969481343875,9149174041104536.0,0.4022389804423371,0.4022389804423371,746745668551.0396,0.2897736496041222,421652.3002402407,421529.54894121696,416451.44349815923,122.75129902374645,5078.105443057701,1.0514382647373701,0.00029111971867296267,0.00029111971867296267,0.00029111971867296267,0.012046855210536741,5078.105443057701,-45271147.68751933,-0.004185007584875819,-1.3100804914099005,0.9284184207556726,0.0,0.0,134721355805187.12,-505.4673488120806,0.3163888393342046,1.0,54932197092369.78,1327857136274.167,3455307628095554.0,-14171741915.95052,0.02074057287995844,-0.15092893096725687,0.06294290355716864,0.012046855210536741,1049638759915640.8,4559878585103565.0,4561206442239839.0,4504946388011195.0,319419.52811692783,-14171741915.95052,1.0,493.03711562062153,6.550935358067979e-09,6.550935358067979e-09,0.047563462225401976,97031.91538123142,493.03711562062153
2218.0,7096.4364705398,10817691454.290302,454.5055168953003,6.483973800156495e-05,2.6915171431695515,0.23300488719629875,9283895396909724.0,0.40198346290052506,0.40198346290052506,732573926635.089,0.28409269127487136,427680.07117802236,427560.3990600538,422458.63091610884,119.67211796855996,5101.768143944975,1.0501134959096203,0.00027981691463651643,0.00027981691463651643,0.00027981691463651643,0.011932274726940735,5101.768143944975,-44942312.2584894,-0.004154519700288295,-1.2879392620048689,0.9264846849684872,0.0,0.0,136449114227063.25,-506.3498098145665,0.3135642005661011,1.0,55189353652524.055,1294576047865.312,3505188467534336.0,-13932529548.23503,0.02039954594359268,-0.14958400629739044,0.06303355730443308,0.011932274726940735,1064838653918035.9,4625216475104895.0,4626511051152761.0,4570027121452372.0,324023.7052743981,-13932529548.23503,1.0,491.4927808090631,6.410805900733197e-09,6.410805900733197e-09,0.04752330324199083,98434.92564171075,491.4927808090631
2219.0,7166.329376785303,10817916807.505737,453.99675567584296,6.464372250014044e-05,2.6901695261486283,0.2330131032393392,9420344511136788.0,0.40173063448374974,0.40173063448374974,718641397086.854,0.2785253560636733,433784.18036154046,433667.5109445722,428541.6724024609,116.66941696825042,5125.838542111328,1.0488128157991525,0.0002689572885553629,0.0002689572885553629,0.0002689572885553629,0.0118197430352731,5125.838542111328,-44616473.85846537,-0.004124312901677092,-1.2659152146633037,0.9245549768201453,0.0,0.0,138197555982182.12,-507.21217678782074,0.31078761414967393,1.0,55450894917266.84,1262120046742.7312,3555696153503338.0,-13694565477.583387,0.02006023066013636,-0.14822814178736354,0.06311081524367558,0.0118197430352731,1080232007095861.0,4691379055516466.0,4692641175563209.0,4635928160599199.0,328685.8474485872,-13694565477.583387,1.0,489.97004105757975,6.2739239396977345e-09,6.2739239396977345e-09,0.04748343831043855,99855.82495387369,489.97004105757975
2220.0,7236.804348230402,10818135214.338318,453.4885639499755,6.444988612191844e-05,2.6888367297060682,0.23302157641059482,9558542067118970.0,0.4014804668910444,0.4014804668910444,704946831609.2706,0.27307071201654565,439965.48377218854,439851.74129208754,434701.4211276055,113.74248010102752,5150.320164482033,1.0475360888861147,0.00025852591691016076,0.0002585259169101608,0.0002585259169101608,0.011709218541121828,5150.320164482033,-44293598.05458882,-0.004094383844997818,-1.2440140870963534,0.9226292879217688,0.0,0.0,139966748912481.38,-508.0548977387193,0.30805846856616925,1.0,55716859936499.8,1230481529347.1013,3606837795999081.5,-13457912602.749996,0.019722648418657077,-0.1468618968509951,0.06317488025649134,0.011709218541121828,1095820955624378.5,4758375611559960.0,4759606093089307.0,4702658751623460.0,333406.610708525,-13457912602.749996,1.0,488.4686880720863,6.140207541256651e-09,6.140207541256651e-09,0.04744385493959147,101294.81041908047,488.4686880720863
2221.0,7307.865189167354,10818346888.772375,452.98094108022207,6.42581999418301e-05,2.687518720602254,0.2330302868571516,9698508816031452.0,0.401232932119288,0.401232932119288,691488919006.5206,0.2677278311953263,446224.84336020844,446113.9527873111,440938.7362016443,110.89057289732423,5175.216585666848,1.0462831815336353,0.00024850829026524965,0.0002485082902652497,0.00024850829026524965,0.01160066066827141,5175.216585666848,-43973651.01832018,-0.0040647292484175595,-1.222241759825358,0.9207076099019514,0.0,0.0,141756765364901.5,-508.8784775060494,0.3053759646596139,1.0,55987288248272.14,1199652684297.9539,3658620557958235.0,-13222635339.734335,0.019386850627108966,-0.14548582802261223,0.06322595641381193,0.01160066066827141,1111607646968046.9,4826215493174553.0,4827415145858851.0,4770228204926282.0,338186.6560181452,-13222635339.734335,1.0,486.988516733141,6.009577080921261e-09,6.009577080921261e-09,0.04740454145693662,102752.08018349907,486.988516733141
2222.0,7379.515719819019,10818552038.208557,452.4738864298205,6.40686354983067e-05,2.6862154655975683,0.23303921472609562,9840265581396354.0,0.40098800246007094,0.40098800246007094,678266283666.7863,0.26249577618958087,452563.1271427554,452455.0142102607,447254.4827800154,108.11293249467491,5200.531430245321,1.0450539619673,0.0002388902807377236,0.0002388902807377236,0.00023889028073772355,0.011494029830396747,5200.531430245321,-43656599.502437115,-0.004035345889935397,-1.200604259597037,0.9187899344067235,0.0,0.0,143567681866553.0,-509.68342793372113,0.30273925247981925,1.0,56262219904448.18,1169625386196.9695,3711051656271461.0,-12988799659.7454,0.019052906271371267,-0.14410048934559613,0.0632642490427152,0.011494029830396747,1127594240006188.5,4894908116182098.0,4896077741568295.0,4838645896277649.0,343026.64933023456,-12988799659.7454,1.0,485.52932504853413,5.881955165587986e-09,5.881955165587986e-09,0.047365486932377854,104227.83344978084,485.52932504853413
2223.0,7451.759776339093,10818750863.665895,451.9673993627215,6.388116478450461e-05,2.684926931452394,0.23304834016451278,9983833263262908.0,0.40074565049659316,0.40074565049659316,665277484007.0409,0.25737359219021433,458981.2092973069,458875.8005345754,453649.5321596475,105.40876273150377,5226.26837492795,1.0438483002549133,0.0002296581223725541,0.00022965812237255408,0.00022965812237255408,0.011389287403780101,5226.26837492795,-43342410.82005539,-0.0040062306052002904,-1.1791077627226914,0.9168762530995151,0.0,0.0,145399578805152.12,-510.4702515510065,0.3001474774182016,1.0,56541695495001.516,1140391142839.41,3764138362722373.0,-12756473126.31128,0.018720895049688803,-0.1427064327577665,0.06328996479452575,0.011389287403780101,1143782905131443.0,4964462963348817.0,4965603354491656.0,4907921267853816.0,347927.2616734339,-12756473126.31128,1.0,484.0909141067069,5.757266559321758e-09,5.757266559321758e-09,0.047326681115096525,105722.27048621362,484.0909141067069
2224.0,7524.601210811807,10818943559.977694,451.4614792435875,6.369576023972052e-05,2.683653084927113,0.23305764331948914,1.012923284206806e+16,0.4005058491005953,0.4005058491005953,652521010880.7296,0.2523603021367744,465479.97025050607,465377.19301854004,460124.7618679378,102.77723196600223,5252.431150602224,1.0426660682865398,0.00022079839850185364,0.0002207983985018536,0.00022079839850185366,0.011286395700944833,5252.431150602224,-43031052.8252663,-0.003977380285488339,-1.157758598349619,0.9149665576611202,0.0,0.0,147252540119931.0,-511.23943644312556,0.29759979586338503,1.0,56825756171034.16,1111941071890.9133,3817888004870659.5,-12525724931.623411,0.018390903594068628,-0.14130420847351913,0.06330331171414802,0.011286395700944833,1160175824326737.0,5034889585368430.0,5036001526440321.0,4978063829197396.0,352889.1692340551,-12525724931.623411,1.0,482.67308803098473,5.63543811245366e-09,5.63543811245366e-09,0.04728811437926095,107235.59263388273,482.67308803098473
2225.0,7598.043891251131,10819130315.981447,450.95612543779225,6.351239474099247e-05,2.6823938927821085,0.23306710433811068,1.0276485382187992e+16,0.40026857142932193,0.40026857142932193,639995285949.1062,0.24745490356085603,472060.2967626127,471960.0792902139,466681.0557459409,100.21747239888013,5279.02354427299,1.0415071397548266,0.0002122980328703156,0.00021229803287031563,0.0002122980328703157,0.011185317945136743,5279.02354427299,-42722493.8951372,-0.003948791875815544,-1.136563251672608,0.9130608397896597,0.0,0.0,149126653005418.75,-511.9914549184813,0.29509538041354655,1.0,57114443666623.734,1084265893821.7579,3872307966890918.5,-12296625932.201565,0.01806302340066099,-0.13989436536265212,0.06330449931057945,0.011185317945136743,1176775191224218.0,5106197601781761.0,5107281867675582.0,5049083158115137.0,357913.053433782,-12296625932.201565,1.0,481.27565393461333,5.516398693751731e-09,5.516398693751731e-09,0.04724977767609273,108768.00231215885,481.27565393461333
2226.0,7672.09170159952,10819311314.702948,450.4513373114198,6.333104159488221e-05,2.681149321777763,0.23307670336746333,1.042561203519341e+16,0.400033790922517,0.400033790922517,627698660016.9047,0.2426563663629009,478723.08200776076,478625.35342753545,473319.3040266292,97.72858022529779,5306.04940090624,1.0403713901355955,0.00020414428277705962,0.0002041442827770596,0.00020414428277705957,0.011086018245603832,5306.04940090624,-42416702.91290165,-0.003920462373169658,-1.1155283670927083,0.9111590912005464,0.0,0.0,151022007628921.75,-512.7267634751839,0.2926334214433579,1.0,57407800319597.68,1057355933801.4191,3927405690374371.0,-12069248683.958242,0.017737349706098332,-0.13847745132583583,0.0632937386285562,0.011086018245603832,1193583211148262.8,5178396701842231.0,5179454057776033.0,5120988901522634.0,362999.60100392037,-12069248683.958242,1.0,479.8984218765788,5.4000791254611635e-09,5.4000791254611635e-09,0.04721166249081521,110319.70302270884,479.8984218765788
2227.0,7746.748541726027,10819486733.534748,449.9471142312641,6.31516745294343e-05,2.6799193386744604,0.23308642055463313,1.0576634042822332e+16,0.39980148129945065,0.39980148129945065,615629411332.9464,0.2379636311001726,485469.22565022367,485373.9160339816,480040.40340879664,95.30961624208668,5333.512625184936,1.0392586966687096,0.0001963247332813561,0.00019632473328135613,0.00019632473328135618,0.010988461573636624,5333.512625184936,-42113649.25221144,-0.0038923888248488863,-1.0946607513300715,0.9092613036264483,0.0,0.0,152938696861717.5,-513.4458032070346,0.29021312737846183,1.0,57705869091328.5,1031201128509.5448,3983188675098193.0,-11843667476.736889,0.017413980887300333,-0.13705401366669792,0.06327124232128846,0.010988461573636624,1210602101143950.8,5251496645333473.0,5252527846461982.0,5193790776242144.0,368149.5040566381,-11843667476.736889,1.0,478.54120481820183,5.2864121210358134e-09,5.2864121210358134e-09,0.04717376080362845,111890.89935215852,478.54120481820183
2228.0,7822.018327424045,10819656744.409203,449.4434555648274,6.297426768630788e-05,2.6787039102325823,0.23309623604670607,1.072957273968405e+16,0.39957161655597745,0.39957161655597745,603785743856.2095,0.23337560755221676,492299.6339169059,492206.67431020405,486845.25712701894,92.9596067018201,5361.417183185075,1.038168938339199,0.0001888272919526699,0.00018882729195266994,0.0001888272919526699,0.010892613739337762,5361.417183185075,-41813302.76234743,-0.003864568326897565,-1.0739673764969044,0.9073674688172529,0.0,0.0,154876816023588.5,-514.1490003477898,0.28783372450808453,1.0,58008693585639.79,1005791035608.9749,4039664479765989.5,-11619958368.39019,0.01709301815082811,-0.13562459946051192,0.06323722472424682,0.010892613739337762,1227834089991993.5,5325507263343623.0,5326513054379232.0,5267498569757983.0,373363.46015352005,-11619958368.39019,1.0,477.2038185804835,5.175332225401082e-09,5.175332225401082e-09,0.04713606505404355,113481.79697349892,477.2038185804835
2229.0,7897.904990408468,10819821513.966177,448.9403606803202,6.2798795613077e-05,2.677503003212512,0.23310612999076813,1.0884449555707638e+16,0.39934417096162544,0.39934417096162544,592165785487.8193,0.22889117343449356,499215.21966625116,499124.54212195496,493734.77501797536,90.67754429619828,5389.7671039796305,1.0371019958586558,0.00018164018388065273,0.0001816401838806527,0.00018164018388065268,0.010798441369093623,5389.7671039796305,-41515633.75430413,-0.0038369980226305896,-1.0534553831364573,0.9054775785400311,0.0,0.0,156836462640063.88,-514.8367668468895,0.28549445663460604,1.0,58316318066905.984,981114844609.6271,4096840722721912.0,-11398199218.463322,0.016774565382292925,-0.1341897559194906,0.06319190192996472,0.010798441369093623,1245281418210827.8,5400438458999646.0,5401419573844255.0,5342122140932740.0,378642.1723716725,-11398199218.463322,1.0,475.88608180220064,5.066775757603567e-09,5.066775757603567e-09,0.0470985681081848,115092.60264630282,475.88608180220064
2230.0,7974.412478312313,10819981203.715658,448.4378289466605,6.262523325569525e-05,2.6763165843746313,0.2331160825339053,1.1041286018347702e+16,0.3991191190567162,0.3991191190567162,580767586269.356,0.22450917318865615,506216.9024537571,506128.440064556,500709.87358337885,88.46238920107666,5418.56648117717,1.036057751646881,0.0001747519467885758,0.00017475194678857582,0.00017475194678857585,0.010705911883722715,5418.56648117717,-41220612.98767378,-0.003809675101239393,-1.0331320832329018,0.9035916245790017,0.0,0.0,158817736211681.0,-515.509500938727,0.2831945846695051,1.0,58628787477420.68,957161388391.4285,4154725082640551.5,-11178469721.535599,0.016458729084149942,-0.13275003075469904,0.06313549186382617,0.010705911883722715,1262946338046451.5,5476300208164423.0,5477257369552815.0,5417671420687003.0,383986.3493675746,-11178469721.535599,1.0,474.58781589872444,4.960680755714714e-09,4.960680755714714e-09,0.04706126322876458,116723.52421580424,474.58781589872444
2231.0,8051.544754682899,10820135970.195364,447.93585973347206,6.245355595112091e-05,2.675144620479324,0.2331260738232036,1.1200103754559384e+16,0.3988964356495146,0.3988964356495146,569589116547.8203,0.22022841680993288,513305.6085942811,513219.2955241383,507771.47604973643,86.31307014275066,5447.819474401881,1.03503608981379,0.00016815142616330325,0.00016815142616330322,0.0001681514261633032,0.010614993477277889,5447.819474401881,-40928211.65826422,-0.003782596796473089,-1.0130049631971454,0.9017095987354954,0.0,0.0,160820737994555.0,-516.1675876924029,0.28093338621632047,1.0,58946147454106.59,933919154949.5719,4213325299194453.5,-10960851440.275864,0.0161456183622221,-0.13130597253461276,0.0630682143608106,0.010614993477277889,1280831113450493.5,5553102560099054.0,5554036479254003.0,5494156412644947.0,389396.7054388485,-10960851440.275864,1.0,473.3088450215592,4.856986923866339e-09,4.856986923866339e-09,0.04702414404741906,118374.77061088792,473.3088450215592
2232.0,8129.30579897746,10820285965.123547,447.43445241108503,6.228373942009877e-05,2.673987078286973,0.23313608400574903,1.136092449255394e+16,0.39867609581340924,0.39867609581340924,558628265107.5444,0.21604767868976038,520482.27122129715,520398.0427358372,514920.51242511644,84.22848545995595,5477.530310720756,1.0340368961415647,0.00016182777035290006,0.0001618277703529001,0.00016182777035290012,0.010525655096480142,5477.530310720756,-40638401.38639211,-0.0037557603853890474,-0.9930816868326036,0.8998314928279196,0.0,0.0,162845570791528.25,-516.8113995379841,0.2787101551558737,1.0,59268444344630.61,911376299085.974,4272649173700790.0,-10745427838.256037,0.015835344939029293,-0.12985813104035623,0.06299029124317033,0.010525655096480142,1298938020046922.0,5630855638092343.0,5631767014391429.0,5571587193747712.0,394873.96058409114,-10745427838.256037,1.0,472.0489960185796,4.755635581305163e-09,4.755635581305163e-09,0.04698720453923366,120046.55184102528,472.0489960185796
2233.0,8207.699606558235,10820431335.547108,446.9336063505336,6.2115759760095e-05,2.67284392455796,0.23314609322862753,1.1523770063345468e+16,0.398458074884122,0.398458074884122,547882837269.2884,0.2119656964616083,527747.8303432624,527665.6228391184,522157.91955309483,82.20750414408806,5507.703286023529,1.033060058067053,0.00015577042560386835,0.00015577042560386832,0.0001557704256038683,0.010437866420763192,5507.703286023529,-40351154.20579826,-0.0037291631871677142,-0.9733700982850715,0.8979572986917222,0.0,0.0,164892338753212.5,-517.4412967686445,0.2765242012394242,1.0,59595725222984.766,889520653857.8092,4332704569748633.5,-10532284312.568356,0.015528023181809389,-0.1284070576176661,0.06290194639901815,0.010437866420763192,1317269345087759.2,5709569640059378.0,5710459160713235.0,5649973914836393.0,400418.8405609028,-10532284312.568356,1.0,470.8080983949585,4.656569613361791e-09,4.656569613361791e-09,0.046950438999264765,121739.07899219204,470.8080983949585
2234.0,8286.73018868708,10820572223.985172,446.43332092355655,6.194959343838116e-05,2.671715126052668,0.23315608163892512,1.168866240209868e+16,0.3982423484569473,0.3982423484569473,537350552956.72003,0.20798116984333498,535103.2328972411,535022.9839303967,529484.6411640362,80.24896684444664,5538.342766360532,1.0321054646644143,0.00014996913102159726,0.00014996913102159726,0.00014996913102159729,0.010351597842908813,5538.342766360532,-40066442.553136714,-0.003702802561986912,-0.9538782249802737,0.8960870081793569,0.0,0.0,166961147188276.0,-518.0576280192724,0.2743748496917774,1.0,59928037904589.97,868339741640.5264,4393499413808182.5,-10321508226.28583,0.015223770138551704,-0.1269533055256303,0.06280340586180568,0.010351597842908813,1335827387398143.8,5789254839110916.0,5790123178852556.0,5729326801206326.0,406032.07694223727,-10321508226.28583,1.0,469.5859842747734,4.559733424236905e-09,4.559733424236905e-09,0.04691384202086368,123452.56422179901,469.5859842747734
2235.0,8366.401572519497,10820708768.568285,445.9335955025959,6.178521728526399e-05,2.6706006495314805,0.2331660293837278,1.1855623549286956e+16,0.3980288923840202,0.3980288923840202,527029044730.4342,0.20409275947240255,542549.432799915,542471.0811130874,536901.6279238445,78.35168682758349,5569.453189242908,1.0311730066280007,0.00014441391344423087,0.0001444139134442309,0.0001444139134442309,0.010266820450253384,5569.453189242908,-39784239.25799428,-0.0036766759099513434,-0.9346142805522304,0.8942206131602469,0.0,0.0,169052102382332.0,-518.6607307225671,0.272261440824926,1.0,60265430960971.33,847820784687.3489,4455041695823103.5,-10113188940.80066,0.01492270557836889,-0.12549743028226198,0.062694897890675,0.010266820450253384,1354614457311027.8,5869921584095102.0,5870769404879789.0,5809656153134131.0,411714.4071711821,-10113188940.80066,1.0,468.3824883632742,4.465072891514417e-09,4.465072891514417e-09,0.04687740847571242,125187.22075266241,468.3824883632742
2236.0,8446.717801098233,10820841103.173319,445.4344294607959,6.162260848745775e-05,2.6695004617547795,0.23317591661012155,1.2024675651669288e+16,0.39781768277161356,0.39781768277161356,516915855789.63354,0.2002990857319153,550087.3909961145,550010.8765452334,544409.8374803236,76.51445088102189,5601.03906490977,1.0302625762554771,0.00013909508222405766,0.00013909508222405766,0.00013909508222405764,0.010183506006447374,5601.03906490977,-39504517.53339961,-0.003650780670073283,-0.9155866677655844,0.8923581055207502,0.0,0.0,171165311424871.25,-519.250931543742,0.2701833296622804,1.0,60607953734055.086,827950715080.0975,4517339469787192.0,-9907417848.075329,0.014624952034194581,-0.12403999000697145,0.06257665305166837,0.010183506006447374,1373632876591800.0,5951580300113048.0,5952408250828128.0,5890972346378992.0,417466.5746142819,-9907417848.075329,1.0,467.1974479098054,4.372535322317226e-09,4.372535322317226e-09,0.04684113349534891,126943.26286604177,467.1974479098054
2237.0,8527.682933346234,10820969357.554262,444.9358221720026,6.146174458159522e-05,2.668414529482948,0.23318572346519237,1.219584096309416e+16,0.39760869597746307,0.39760869597746307,507008437941.5582,0.19659872756634986,557718.0755049768,557643.3394848246,552010.2345072586,74.73602015222873,5633.104977565961,1.0293740674311704,0.00013400322391301413,0.00013400322391301413,0.00013400322391301413,0.010101626933749575,5633.104977565961,-39227250.96678628,-0.0036251143193009056,-0.8968039814344053,0.8904994771641241,0.0,0.0,173300882043647.5,-519.8285467949675,0.2681398855733099,1.0,60955656350127.66,808716183972.825,4580400854306324.0,-9704288402.834362,0.014330634846714027,-0.12258154576000567,0.06244890429978248,0.010101626933749575,1392884978353063.5,6034241489009515.0,6035050205193488.0,5973285832659388.0,423289.328613493,-9704288402.834362,1.0,466.03070267136485,4.282069411027172e-09,4.282069411027172e-09,0.04680501245415791,128720.90589376561,466.03070267136485
2238.0,8609.301044059168,10821093657.468994,444.43777301076295,6.130260344787467e-05,2.66734281947637,0.23319543009602622,1.2369141845137808e+16,0.3974019086081212,0.3974019086081212,497304149538.7239,0.19299022128633198,565442.46146385,565369.446332936,559703.7907463415,73.01513091406176,5665.655586594419,1.0285073756096539,0.00012912919685061498,0.00012912919685061498,0.00012912919685061498,0.010021156295839191,5665.655586594419,-38952413.51137554,-0.0035996743715908594,-0.8782750113402554,0.8886447200104902,0.0,0.0,175458922446038.5,-520.3938828306366,0.2661304919183263,1.0,61308589733500.64,790103570033.422,4644234033146770.0,-9503896154.727547,0.014039882208940202,-0.12112266187892774,0.06231188706185558,0.010021156295839191,1412373106959819.5,6117915729840090.0,6118705833410123.0,6056607140106589.0,429183.42453687213,-9503896154.727547,1.0,464.8820948767968,4.1936251984955874e-09,4.1936251984955874e-09,0.04676904095363854,130520.36620946936,464.8820948767968
2239.0,8691.576223897411,10821214124.80218,443.9402813523242,6.11451633038392e-05,2.666285298495426,0.23320501664970916,1.2544600767583846e+16,0.3971972975163383,0.3971972975163383,487800253383.99634,0.1894720593620819,573261.531170038,573190.1806747899,567491.4850470439,71.35049524813773,5698.695627746123,1.0276623977995434,0.00012446412565397504,0.000124464125653975,0.000124464125653975,0.009942067781128622,5698.695627746123,-38679979.47794883,-0.003574458377022082,-0.8600087451511297,0.8867938259967986,0.0,0.0,177639541166878.75,-520.94723642448,0.264154545703156,1.0,61666805619914.77,772098986990.7788,4708847255770772.0,-9306338780.482801,0.013752825211129424,-0.11966390631221357,0.062165839320277375,0.009942067781128622,1432099617925263.5,6202613679315950.0,6203385778302940.0,6140946873696036.0,435149.62382807984,-9306338780.482801,1.0,463.7514691915909,4.107154032675864e-09,4.107154032675864e-09,0.04673321480785897,132341.86121896404,463.7514691915909
2240.0,8774.512579377422,10821330877.684376,443.4433465726324,6.0989402698285594e-05,2.6652419333004995,0.23321446327332712,1.2722240308750724e+16,0.39699483979847183,0.39699483979847183,478493914603.51355,0.18604268920528683,581176.2741204763,581106.5333188386,575374.3034045274,69.74080163776478,5732.229914311207,1.0268390325475387,0.00011999939561075005,0.00011999939561075005,0.00011999939561075008,0.009864335686561755,5732.229914311207,-38409923.526981875,-0.0035494639209480584,-0.8420143713444225,0.8849467870767938,0.0,0.0,179842846922284.75,-521.4888951294889,0.2622114572434281,1.0,62030356569721.92,754688290197.2051,4774248837860193.0,-9111716116.083397,0.013469597885878443,-0.11820585095004421,0.06201100169751273,0.009864335686561755,1452066877797357.2,6288346072227272.0,6289100760517469.0,6226315715657550.0,441188.6940547761,-9111716116.083397,1.0,462.6386726833018,4.022608530613651e-09,4.022608530613651e-09,0.04669753003005206,134185.60934975132,462.6386726833018
2241.0,8858.114232862708,10821444030.60752,442.94696804833274,6.083530050529954e-05,2.664212690651974,0.23322375011396618,1.2902083155673008e+16,0.3967945127919221,0.3967945127919221,469382198487.4302,0.18270051193923265,589187.6870494363,589119.502333974,583353.2389957004,68.18471546232261,5766.263338273653,1.0260371799226624,0.00011572664697692761,0.00011572664697692761,0.00011572664697692761,0.009787934901881313,5766.263338273653,-38142220.661114745,-0.0035246886231849253,-0.8243012821344369,0.883103595220979,0.0,0.0,182068948469104.75,-522.019137621702,0.260300649837774,1.0,62399295980872.41,737857082118.4232,4840447161829177.0,-8920130188.975826,0.013190337253337361,-0.11674907195237713,0.061847617541432,0.009787934901881313,1472277264036405.2,6375123721846455.0,6375861578928573.0,6312724425865583.0,447301.40895599435,-8920130188.975826,1.0,461.5435547875503,3.939942541734174e-09,3.939942541734174e-09,0.046661982820181525,136051.83003970602,461.5435547875503
2242.0,8942.385322554166,10821553694.53683,442.4511451567679,6.068283591841436e-05,2.6631975373102312,0.23323285731871218,1.3084152104142112e+16,0.3965962940725962,0.3965962940725962,460462068298.45435,0.17944388115705934,597296.7739643244,597230.0930849392,591429.2922134866,66.68087938527248,5800.800871452482,1.0252567415007252,0.00011163776918248552,0.00011163776918248553,0.00011163776918248553,0.009712840894351052,5800.800871452482,-37876846.21793458,-0.0035001301372331022,-0.8068790764070857,0.8812642424165819,0.0,0.0,184317954469517.75,-522.5382340283587,0.2584215594507093,1.0,62773678101739.08,721590716666.6602,4907450677326430.0,-8731685250.337564,0.012915183366505986,-0.11529415007437903,0.061675933011441336,0.009712840894351052,1492733164883729.2,6462957520311899.0,6463679111028565.0,6400183842210159.0,453488.5484885516,-8731685250.337564,1.0,460.46596727461366,3.8591111123702295e-09,3.8591111123702295e-09,0.04662656955347133,137940.74372493505,460.46596727461366
2243.0,9027.33000247994,10821659977.019333,441.95587727597757,6.053198844489024e-05,2.662196440035655,0.23324176503465124,1.326847005861163e+16,0.3964001614523972,0.3964001614523972,451730383048.11676,0.17627110166802068,605504.546179662,605439.3182660337,599603.4706994018,65.22791362837893,5835.847566631865,1.0244976203490033,0.0001077248949490544,0.00010772489494905439,0.00010772489494905437,0.00963902969391816,5835.847566631865,-37613775.863049656,-0.0034757861495302517,-0.7897575626629562,0.8794287206675189,0.0,0.0,186589973360478.5,-523.0464462416237,0.25657363440374636,1.0,63153558043805.73,705874302296.7021,4975267901727960.0,-8546487807.418051,0.012644279356614014,-0.11384167098930584,0.06149619716540786,0.00963902969391816,1513436979221641.5,6551858438993406.0,6552564313295703.0,6488704880949601.0,459750.89887257054,-8546487807.418051,1.0,459.40576421658886,3.780070451477253e-09,3.780070451477253e-09,0.04659128676976887,139852.57182683126,459.40576421658886
2244.0,9112.95244248469,10821762982.288984,441.46116378469765,6.038273790011146e-05,2.6612093655886273,0.23325045340886927,1.3455060031972108e+16,0.39620609297674086,0.39620609297674086,443183895240.6987,0.17318042823163077,613812.0223493037,613748.1979331785,607876.7893744962,63.824416125230435,5871.408558682292,1.0237597210111222,0.00010398039432487637,0.00010398039432487636,0.00010398039432487639,0.009566477878801915,5871.408558682292,-37352985.58343502,-0.0034516543787336063,-0.7729467619700535,0.8775970219943611,0.0,0.0,188885113227577.0,-523.5440282184273,0.2547563350751071,1.0,63538991794242.75,690692703790.2268,5043907420620813.0,-8364646655.96766,0.01237777147859375,-0.11239222560891643,0.06130866204737533,0.009566477878801915,1534391116424787.8,6641837528839844.0,6642528221543634.0,6578298537045601.0,466089.2526361672,-8364646655.96766,1.0,458.36280195511625,3.702777897485418e-09,3.702777897485418e-09,0.04655613116371904,141787.53673832896,458.36280195511625
2245.0,9199.256828218422,10821862811.368639,440.9670040623594,6.023506440209847e-05,2.6602362807295314,0.23325890258845236,1.3643945145199684e+16,0.3960140669220981,0.3960140669220981,434819248584.7311,0.17017006427957926,622220.2284969683,622157.7595344204,616250.2704687454,62.46896254778116,5907.4890656750695,1.0230429494921514,0.00010039686864356824,0.00010039686864356824,0.00010039686864356827,0.009495162561495372,5907.4890656750695,-37094451.68103177,-0.003427732575029792,-0.7564569109276735,0.8757691384342992,0.0,0.0,191203481683058.75,-524.0312262671771,0.25296913360765216,1.0,63930036228395.9,676030542660.6133,5113377888278554.0,-8186272912.770989,0.012115809156659368,-0.11094641040150678,0.06111358277606671,0.009495162561495372,1555597996203027.0,6732905920709977.0,6733581951252638.0,6668975884481581.0,472504.40865936887,-8186272912.770989,1.0,457.3369390696588,3.6271918862413464e-09,3.6271918862413464e-09,0.046521099575637326,143745.8618093765,457.3369390696588
2246.0,9286.247361124671,10821959562.168842,440.473397489089,6.008894836613262e-05,2.659277152218749,0.2332670927204864,1.3835148626882742e+16,0.39582406179356316,0.39582406179356316,426632975671.9601,0.16723816062529373,630730.1980451298,630669.0379389294,624724.9435489374,61.16010620041092,5944.094389991903,1.0223472132438967,9.696714441447247e-05,9.696714441447247e-05,9.696714441447247e-05,0.00942506137516695,5944.094389991903,-36838150.76658378,-0.003404018519470516,-0.7402984646422562,0.8739450620411093,0.0,0.0,193545185747620.25,-524.5082793225146,0.2512115136232719,1.0,64326749122207.05,661872196118.7988,5183688028128919.0,-8011480048.294177,0.011858545030010808,-0.10950482770765226,0.06091121763417105,0.00942506137516695,1577060048435894.5,6825074825687021.0,6825736697883140.0,6760748076564814.0,478997.1722173068,-8011480048.294177,1.0,456.3280363463198,3.5532719199946324e-09,3.5532719199946324e-09,0.04648618898306345,145727.77133163062,456.3280363463198
2247.0,9373.928258428248,10822053329.583609,439.9803434457061,5.99443704994906e-05,2.658331946816664,0.23327500395205744,1.4028693812630362e+16,0.39563605632244747,0.39563605632244747,418621495623.6659,0.16438281416102024,639342.9718423311,639283.0754645541,633301.8455451225,59.89637777692922,5981.229919431581,1.0216724211504038,9.368426715371844e-05,9.368426715371842e-05,9.368426715371842e-05,0.009356152460449765,5981.229919431581,-36584059.75369661,-0.003380510023332534,-0.7244820997166967,0.8721247848851182,0.0,0.0,195910331735735.0,-524.9754192057495,0.24948296995250563,1.0,64729189164589.64,648201794550.8146,5254846633214266.0,-7840383919.462802,0.011606134998678427,-0.10806808605374542,0.060701828158412525,0.009356152460449765,1598779712998771.2,6918355535377627.0,6919003737172179.0,6853626346213037.0,485568.35502273875,-7840383919.462802,1.0,455.335956747199,3.4809785373881493e-09,3.4809785373881493e-09,0.046451396492903196,147733.4905223837,455.335956747199
2248.0,9462.303753122325,10822144205.583252,439.4878413137237,5.980131179628627e-05,2.6574006312836587,0.23328261643025153,1.4224604144366096e+16,0.3954500294638992,0.3954500294638992,410781111704.20306,0.16160206654229006,648059.5981889573,648000.9219039803,641982.0207756653,58.67628497704966,6018.901128314999,1.0210184835136444,9.054149516653124e-05,9.054149516653123e-05,9.054149516653124e-05,0.009288414452606088,6018.901128314999,-36332155.853104904,-0.0033572049275004843,-0.7090187172532317,0.8703082990531686,0.0,0.0,198299025144183.25,-525.4328708790678,0.247783008356654,1.0,65137415969772.664,635003217469.5297,5326862566645200.0,-7673102802.572132,0.011358738269527702,-0.10663680046341747,0.06048567923040032,0.009288414452606088,1620759439580793.0,7012759422195766.0,7013394425413235.0,6947622006225993.0,492218.77526793804,-7673102802.572132,1.0,454.3605653802634,3.4102732844092285e-09,3.4102732844092285e-09,0.046416719334157586,149763.2455077273,454.3605653802634
2249.0,9551.378093955147,10822232279.30437,438.99589047534704,5.96597535324174e-05,2.656483172380116,0.2332899103021545,1.442290316951028e+16,0.39526596039454726,0.39526596039454726,403108008901.6309,0.15889390285963462,656881.1328615319,656823.6345495518,650766.5209709611,57.49831198014733,6057.11357859069,1.0203853120394129,8.753229329280759e-05,8.753229329280759e-05,8.75322932928076e-05,0.009221826469056104,6057.11357859069,-36082416.567135654,-0.0033341011018712813,-0.693919445871726,0.8684955966485849,0.0,0.0,200711370543568.25,-525.8808526840705,0.24611114527216138,1.0,65551490089636.98,622260087917.0636,5399744762047944.0,-7509757426.349996,0.011116517402435844,-0.10521159276692933,0.06026303916825832,0.009221826469056104,1643001687494596.2,7108297939632177.0,7108920199720094.0,7042746449542540.0,498949.2576660004,-7509757426.349996,1.0,453.40172946974087,3.3411186862679173e-09,3.3411186862679173e-09,0.04638215485111674,151817.26330496065,453.40172946974087
2250.0,9641.155545415982,10822317637.137064,438.50449031347307,5.951967726061475e-05,2.655579536866419,0.2332968657148525,1.4623614540053848e+16,0.3950838285101704,0.3950838285101704,395598251475.28094,0.15625625029740572,665808.6391355509,665752.2782167754,659656.4052958338,56.36091877559264,6095.872920941541,1.0197728198234006,8.465032662953807e-05,8.465032662953808e-05,8.465032662953808e-05,0.009156368097258942,6095.872920941541,-35834819.684356,-0.0033111964447788784,-0.6791956447430766,0.8666866697911391,0.0,0.0,203147471472510.75,-526.319576572678,0.2444669075545568,1.0,65971473026051.875,609955765310.3457,5473502224005642.0,-7350471005.169678,0.010879638356659593,-0.10379309190862022,0.06003417981903452,0.009156368097258942,1665508925477895.8,7204982622509590.0,7205592578274900.0,7139011149483538.0,505760.63349158934,-7350471005.169678,1.0,452.45931832700904,3.2734782201635846e-09,3.2734782201635846e-09,0.04634770049707693,153895.77180424446,452.45931832700904
2251.0,9731.640387720796,10822400362.80948,438.0136402116891,5.938106480559151e-05,2.654689691502949,0.2333034628154314,1.4826762011526358e+16,0.39490361342339103,0.39490361342339103,388247780470.11127,0.15368697677955478,674843.1878069235,674787.9252665729,668652.7403706781,55.262540350663286,6135.184895894728,1.0191809213374712,8.188945424529383e-05,8.188945424529383e-05,8.188945424529382e-05,0.00909201938293582,6135.184895894728,-35589343.274394624,-0.0032884888824382466,-0.6648589066392454,0.8648815106170163,0.0,0.0,205607430334342.75,-526.7492483279012,0.2428498322307352,1.0,66397427243234.34,598073336740.7919,5548144028494203.0,-7195369272.429684,0.010648270537403248,-0.10238193425249847,0.05979937665188982,0.00909201938293582,1688283631486978.8,7302825087224415.0,7303423160561156.0,7236427659981181.0,512653.74062117137,-7195369272.429684,1.0,451.5332033219861,3.207316288906915e-09,3.207316288906915e-09,0.046313353828410175,155998.99974950682,451.5332033219861
2252.0,9822.836916797118,10822480537.469746,437.5233395542729,5.924389825929046e-05,2.6538136030500903,0.2333096817509773,1.50323694418607e+16,0.394725294961393,0.394725294961393,381052411197.6816,0.1511838896022207,683985.8572120181,683931.6556262792,677756.6002913436,54.20158573896854,6175.055334935537,1.018609532416117,7.924372290371412e-05,7.924372290371413e-05,7.924372290371413e-05,0.009028760818624504,6175.055334935537,-35345965.68292755,-0.0032659763684076168,-0.6509210609999745,0.8630801112787806,0.0,0.0,208091348295992.75,-527.1700677754425,0.24125946625789862,1.0,66829416180138.57,586595606759.9847,5623679323312665.0,-7044580514.101381,0.010422586842602551,-0.10097876388606049,0.05955890885206707,0.009028760818624504,1711328292482062.8,7401837031974867.0,7402423627581626.0,7335007615794728.0,519629.42357274593,-7044580514.101381,1.0,450.62325785500707,3.1425981953650714e-09,3.1425981953650714e-09,0.04627911249908845,158127.1767185977,450.62325785500707
2253.0,9914.749444268562,10822558239.765406,437.0335877261913,5.910815997622683e-05,2.652951238268225,0.23331550266857612,1.5240460790156692e+16,0.39454885316366334,0.39454885316366334,374007830683.5802,0.148744734052973,693237.7332463746,693184.5568094401,686969.0666478137,53.176436934517746,6215.49016162649,1.0180585702430973,7.670736081473369e-05,7.670736081473368e-05,7.670736081473366e-05,0.00896657333255501,6215.49016162649,-35104665.52681904,-0.003243656883067971,-0.637394177016725,0.8612824639453409,0.0,0.0,210599325188918.5,-527.5822289865866,0.23969536628892396,1.0,67267504262891.58,575505085707.0305,5700117328508658.0,-6898235602.450847,0.010202763709933699,-0.09958423292242137,0.05931305941564094,0.00896657333255501,1734645404204587.8,7502030236976137.0,7502605742061844.0,7434762732713246.0,526688.5335451164,-6898235602.450847,1.0,449.7293573291729,3.079290117699108e-09,3.079290117699108e-09,0.046244974255504,160280.53310269723,449.7293573291729
2254.0,10007.382297438664,10822633545.920397,436.54438411309934,5.897383256892464e-05,2.6521025639177362,0.23332090571531386,1.545106011534561e+16,0.39437426827975824,0.39437426827975824,367109595081.12933,0.14636719201655427,702599.9093820857,702547.7239344066,696291.228541674,52.185447679028094,6256.495392732723,1.0175279533382622,7.42747714341773e-05,7.427477143417728e-05,7.42747714341773e-05,0.008905438277836996,6256.495392732723,-34865421.68940996,-0.0032215284331189903,-0.6242905667346009,0.8594885608019169,0.0,0.0,213131459411805.0,-527.9859204727928,0.238157098444013,1.0,67711756917285.58,564783976659.9232,5777467336798880.0,-6756468029.943548,0.009988981164056585,-0.09819900180083997,0.059062115245049715,0.008905438277836996,1758237470946366.0,7603416564662531.0,7603981348639191.0,7535704807745246.0,533831.928456702,-6756468029.943548,1.0,448.8513791231749,3.017359085364664e-09,3.017359085364664e-09,0.04621077180934452,162459.30008497197,448.8513791231749
2255.0,10100.739819274322,10822706529.809677,436.0557281013401,5.884089890344456e-05,2.6512665383489553,0.2333259775231713,1.5664191574757416e+16,0.3942015207670919,0.3942015207670919,360353127051.1858,0.14404888056696502,712073.4866838913,712022.2597417585,705724.2063660664,51.226942132833784,6298.05337569216,1.0170161256306403,7.194052733432948e-05,7.194052733432948e-05,7.194052733432949e-05,0.008845304047062215,6298.05337569216,-34628215.69964964,-0.0031995892713408535,-0.6115697429426695,0.8576983940500051,0.0,0.0,215688721158523.5,-528.3816172122764,0.23664334519145958,1.0,68161983394193.42,554414161123.2026,5855738097848513.0,-6618839850.379655,0.009781422864102775,-0.09682373958572019,0.058806367245410496,0.008845304047062215,1782107878634265.0,7706007959876971.0,7706562374038094.0,7637845976482778.0,541060.4160539396,-6618839850.379655,1.0,447.9881623572756,2.9567734704930864e-09,2.9567734704930864e-09,0.046176459011058046,164663.79031212672,447.9881623572756
2256.0,10194.826368388472,10822777263.03154,435.5676190779434,5.870934209500084e-05,2.6504417472081134,0.23333084768784654,1.587988029591594e+16,0.39403059128874945,0.39403059128874945,353734287200.80615,0.14178735054572977,721659.5857304127,721609.2865161401,715269.1493355868,50.29921427270661,6340.137180553259,1.0165209899919883,6.969936417015414e-05,6.969936417015414e-05,6.969936417015414e-05,0.008786108076799883,6340.137180553259,-34393029.952351056,-0.0031778377320792533,-0.599169879202876,0.8559119559073453,0.0,0.0,218272422020818.75,-528.769886361971,0.2351524925699876,1.0,68617892522192.7,544377192579.00055,5934938234764687.0,-6484682145.330241,0.009579915046947055,-0.09545900772329914,0.058546080511376435,0.008786108076799883,1806260451612412.8,7809816578899293.0,7810360956091871.0,7741198686377100.0,548374.7923961495,-6484682145.330241,1.0,447.13817222436273,2.897502547536477e-09,2.897502547536477e-09,0.046142253175416315,166894.35693943736,447.13817222436273
2257.0,10289.646319022435,10822845814.97773,435.0800564306251,5.8579145503665854e-05,2.64962794125778,0.23333552488414974,1.6098152717936758e+16,0.3938614607113218,0.3938614607113218,347249605055.4759,0.13958024330949892,731359.351285004,731309.9506464746,724927.2035993652,49.40063852943212,6382.747047109452,1.016042157853581,6.754632786554902e-05,6.754632786554902e-05,6.754632786554902e-05,0.008727827430034465,6382.747047109452,-34159843.97694024,-0.003156271886426253,-0.587089208275099,0.8541292386078858,0.0,0.0,220882838004110.75,-529.1509457759374,0.23368398397911694,1.0,69079487166870.0,534655493965.492,6015077241841111.0,-6353975980.798744,0.009383940737980904,-0.09410521616458302,0.058281482559077995,0.008727827430034465,1830698109797786.8,7914854838805768.0,7915389494299734.0,7845775351638898.0,555775.9340447084,-6353975980.798744,1.0,446.30108356658843,2.839515675196184e-09,2.839515675196184e-09,0.046108154234706156,169151.26955465676,446.30108356658843
2258.0,10385.2040610276,10822912252.90138,434.59303954778676,5.8450292730159805e-05,2.6488248745813885,0.23334001743911303,1.6319035555940868e+16,0.3936941101027644,0.3936941101027644,340895629074.6771,0.13742544003015084,741173.9381969733,741125.408424632,734699.52518696,48.529772341229744,6425.883237672058,1.0155792469834426,6.547690068445518e-05,6.547690068445518e-05,6.547690068445518e-05,0.008670439799562656,6425.883237672058,-33928637.53279975,-0.0031348898281702547,-0.5753259298327383,0.852350234401751,0.0,0.0,223520242112100.25,-529.5250062364955,0.23223727776605863,1.0,69546770428714.516,525233467702.4099,6096164695640589.0,-6226702055.398623,0.009193201742361636,-0.09276275954981571,0.05801279757700177,0.008670439799562656,1855423797706187.2,8021135263775490.0,8021660497243193.0,7951588493346776.0,563264.7251673267,-6226702055.398623,1.0,445.47657767453467,2.7827829740298986e-09,2.7827829740298986e-09,0.04607416157856936,171434.80001963332,445.47657767453467
2259.0,10481.503999846542,10822976641.982876,434.1065678185141,5.8322767611724037e-05,2.648032301262374,0.23334433367976876,1.6542555798052968e+16,0.39352852073027794,0.39352852073027794,334668927019.2785,0.1353209636748057,751104.5113936147,751056.8261093425,744587.2801542293,47.68528427215781,6469.545955113248,1.0151318765646749,6.348688304864732e-05,6.348688304864733e-05,6.348688304864733e-05,0.008613923381306676,6469.545955113248,-33699390.61329099,-0.003113689674111403,-0.5638780294380978,0.8505749355552061,0.0,0.0,226184907717572.25,-529.892272628232,0.23081184392219012,1.0,70019744756425.48,516096717843.8774,6178210253503914.0,-6102838741.535866,0.0090075207879688,-0.09143201756217167,0.05774024644109152,0.008613923381306676,1880440487522869.5,8128670485783208.0,8129186582501053.0,8058650741026783.0,570842.0574002094,-6102838741.535866,1.0,444.6643387742817,2.7272753078573773e-09,2.7272753078573773e-09,0.04604027461921123,173745.22275401992,444.6643387742817
2260.0,10578.550556493668,10823039045.393686,433.6206406325771,5.8196554218075854e-05,2.64724997538417,0.233348481933149,1.676874070577054e+16,0.3933646740582112,0.3933646740582112,328566088277.7426,0.13326492466226328,761152.245918302,761105.3800043216,754591.6446652828,46.86591398044158,6513.735339038788,1.014699667138146,6.15723256835426e-05,6.15723256835426e-05,6.157232568354258e-05,0.008558256859256208,6513.735339038788,-33472083.44212917,-0.0030926695636725966,-0.5527432706373236,0.848803334350625,0.0,0.0,228877108815782.5,-530.2529441396484,0.22940716375420112,1.0,70498411905777.48,507231616908.3811,6261223654147357.0,-5982362000.186363,0.008826786102950504,-0.09011335487391543,0.05746404662763944,0.008558256859256208,1905751179392836.5,8237473245445971.0,8237980477062879.0,8166974833540194.0,578508.8299032009,-5982362000.186363,1.0,443.8640539489578,2.6729642639851517e-09,2.6729642639851517e-09,0.046006492759284034,176082.81476208192,443.8640539489578
2261.0,10676.348167535203,10823099524.358236,433.13525738042847,5.807163684744323e-05,2.6464776510302106,0.23335247052628608,1.6997617814586322e+16,0.3932025517459865,0.3932025517459865,322583726277.5563,0.1312554912499574,771318.326972092,771272.2565219408,764713.8050599723,46.07045015113726,6558.4514619684705,1.0142822405466567,5.972948980998891e-05,5.9729489809988904e-05,5.9729489809988904e-05,0.008503419391154904,6558.4514619684705,-33246696.470437184,-0.003071827658575335,-0.5419191869344648,0.8470354230864557,0.0,0.0,231597120217829.25,-530.6072144613246,0.22802272956686676,1.0,70982772898557.53,498625067117.74347,6345214718138303.0,-5865245294.351008,0.008650920670790839,-0.08880712107676682,0.05718441212263368,0.008503419391154904,1931358901676461.5,8347556392713321.0,8348055017780440.0,8276573619814764.0,586265.9494036711,-5865245294.351008,1.0,443.0754130625582,2.619822134096682e-09,2.619822134096682e-09,0.045972815377318454,178447.85565630128,443.0754130625582
2262.0,10774.901285068741,10823158138.213875,432.6504174532036,5.7948000022677425e-05,2.6457150822839304,0.23335630778621216,1.7229214934804152e+16,0.39304213564604656,0.39304213564604656,316718480983.20526,0.1292908736391869,781603.949958029,781558.6522396624,774954.9579141471,45.29771836655331,6603.694325515295,1.0138792198805637,5.7954822732133995e-05,5.7954822732134e-05,5.7954822732134015e-05,0.00844939059479607,6603.694325515295,-33023210.374137312,-0.003051162142548817,-0.5314030736416355,0.8452711940771876,0.0,0.0,234345217708289.25,-530.9552719784267,0.22665804435667525,1.0,71472827981477.64,490264369181.48157,6430193348308987.0,-5751459501.156335,0.008479865150232207,-0.08751365059664548,0.05690155332752973,0.00844939059479607,1957266711188704.8,8458932887479169.0,8459423151848351.0,8387460059497692.0,594114.3302346822,-5751459501.156335,1.0,442.29810868599196,2.5678218957239938e-09,2.5678218957239938e-09,0.04593924182236919,180840.6276794648,442.29810868599196
2263.0,10874.214376702173,10823214944.468998,432.1661202427191,5.782562848744204e-05,2.644962023228763,0.23336000203995952,1.7463560152512442e+16,0.3928834078018232,0.3928834078018232,310967021482.04895,0.12736931570056403,792010.3205276389,791965.7739531513,785316.3100965936,44.54657448754084,6649.463856557735,1.0134902294248538,5.624494193189783e-05,5.6244941931897835e-05,5.624494193189783e-05,0.008396150534847588,6649.463856557735,-32801606.051501747,-0.003030671221055662,-0.5211919796030557,0.8435106396533173,0.0,0.0,237121678180617.5,-531.2972999565569,0.2253126215157486,1.0,71968576585002.14,482137150718.45337,6516169530140839.0,-5640972822.577174,0.00831356836154111,-0.08623326259295656,0.05661567696141187,0.008396150534847588,1983477693431861.8,8571615800157704.0,8572097937308422.0,8499647223572701.0,602054.894370439,-5640972822.577174,1.0,441.5318360253187,2.5169371942512347e-09,2.5169371942512347e-09,0.04590577141344965,183261.41572615455,441.5318360253187
2264.0,10974.291925532001,10823269998.859385,431.6823651414725,5.770450720247653e-05,2.6442182279481425,0.23336356161456032,1.770068183069306e+16,0.3927263504457272,0.3927263504457272,305326048659.4718,0.1254890909429592,802538.6546293066,802494.838728202,795799.0788248007,43.815901104614696,6695.759903401376,1.0131148946076531,5.459662391570823e-05,5.459662391570822e-05,5.459662391570821e-05,0.008343679710155956,6695.759903401376,-32581864.62076908,-0.003010353121025599,-0.5112826987910118,0.8417537521613161,0.0,0.0,239926779757964.0,-531.6334767205525,0.22398598454562435,1.0,72470017282049.72,474231327898.566,6603153332137130.0,-5533750694.760618,0.00815198196192604,-0.08496626084257032,0.05632698595951,0.008343679710155956,2009994962827270.0,8685618312246449.0,8686092543574348.0,8613148294964400.0,610088.571460659,-5533750694.760618,1.0,440.77629285214005,2.467142325418677e-09,2.467142325418677e-09,0.045872403441377774,185710.50736414173,440.77629285214005
2265.0,11075.13843012127,10823323355.4028,431.1991515426413,5.758462134193289e-05,2.643483450525504,0.23336699483704673,1.7940608610451024e+16,0.39257094599715947,0.39257094599715947,299792297964.7112,0.12364850085623033,813190.1785583474,813147.0739526338,806404.4917207062,43.104605713567814,6742.5822319274685,1.012752841950164,5.30067957657644e-05,5.30067957657644e-05,5.3006795765764414e-05,0.00829195904149589,6742.5822319274685,-32363967.41777997,-0.002990206090592728,-0.5016717617720993,0.8400005239635956,0.0,0.0,242760801903827.0,-531.963975826193,0.22267766678051204,1.0,72977147746544.5,466535085745.08746,6691154906193514.0,-5429755695.9340315,0.007995057439905015,-0.08371293360863973,0.05603567936803663,0.00829195904149589,2036821662948929.2,8800953716888989.0,8801420251974734.0,8727976569142443.0,618216.2988647489,-5429755695.9340315,1.0,440.03117943611164,2.418412218305279e-09,2.418412218305279e-09,0.045839137171652666,188188.19285595734,440.03117943611164
2266.0,11176.758404476734,10823375066.451916,430.71647884008235,5.7465956289783464e-05,2.6427574450442806,0.23337031003445108,1.8183369412354852e+16,0.3924171770605433,0.3924171770605433,294362542268.77716,0.12184587459256604,823966.1290085997,823923.7173887248,817133.7868669984,42.411619874828055,6789.930521726303,1.0124036990180143,5.1472528277173164e-05,5.147252827717316e-05,5.147252827717316e-05,0.008240969859741073,6789.930521726303,-32147895.993611064,-0.0029702283988343467,-0.49235542704217267,0.8382509474384757,0.0,0.0,245624025525033.75,-532.2889662249352,0.22138721111970228,1.0,73489964711793.31,459036869081.0505,6780184487971186.0,-5328947452.880537,0.00784274439294872,-0.08247355349439295,0.055741952235307896,0.008240969859741073,2063960966760519.2,8917635419443499.0,8918094456312580.0,8844145454731705.0,626439.0216862219,-5328947452.880537,1.0,439.29619847953836,2.370722418773325e-09,2.370722418773325e-09,0.045805971847775906,190694.76518077648,439.29619847953836
2267.0,11279.156378025627,10823425182.745615,430.234346428331,5.734849763629881e-05,2.6420399655879065,0.23337351553380553,1.8428993437879884e+16,0.39226502642337696,0.39226502642337696,289033594815.8966,0.12007956941342555,834867.7531254581,834826.0172265088,827988.2128642945,41.735898949391014,6837.804362214242,1.012067094374014,4.999103006811095e-05,4.999103006811095e-05,4.999103006811096e-05,0.008190693894436902,6837.804362214242,-31933632.11219781,-0.0029504183355104135,-0.48332967222874523,0.8365050149801511,0.0,0.0,248516733068657.5,-532.6086124218901,0.22011416976879672,1.0,74008463928677.45,451725379713.365,6870252397275296.0,-5231282545.968785,0.007694989514862912,-0.08124837728203,0.05544599549911246,0.008190693894436902,2091416076856646.0,9035676938060620.0,9036128663440332.0,8961668474131942.0,634757.6928076013,-5231282545.968785,1.0,438.57105505402285,2.3240490733610956e-09,2.3240490733610956e-09,0.04577290669459133,193230.52005669332,438.57105505402285
2268.0,11382.336895591825,10823473753.458693,429.7527537026001,5.723223117459363e-05,2.641330766239817,0.23337661966214235,1.867751017094854e+16,0.3921144770543069,0.3921144770543069,283802312269.9278,0.1183479715849913,845896.3085602418,845855.2321380536,838969.0288893204,41.07642218814898,6886.203248733255,1.0117426575323092,4.8559642325503374e-05,4.8559642325503374e-05,4.8559642325503374e-05,0.008141113262759065,6886.203248733255,-31721157.747944575,-0.0029307742108034334,-0.47459018515981416,0.8347627189986575,0.0,0.0,251439208613824.0,-532.9230746272902,0.21885810398948413,1.0,74532640123646.38,444589577439.41876,6961369038439610.0,-5136714412.72635,0.0075517359752942746,-0.08003764575684683,0.055147995870291365,0.008141113262759065,2119190225708678.2,9155091904271934.0,9155536493849372.0,9080559264148288.0,643173.2729259006,-5136714412.72635,1.0,437.85545653913726,2.278368913611264e-09,2.278368913611264e-09,0.0457399409214887,195795.75596341986,437.85545653913726
2269.0,11486.30451737137,10823520826.250055,429.2717000587799,5.7117142897239684e-05,2.6406296010834445,0.23337963074649368,1.8928949379562364e+16,0.3919655121012216,0.3919655121012216,278665597857.2014,0.11664949754678224,857053.0635258233,857012.6313327705,850077.5047541384,40.432193052832154,6935.126578631986,1.0114300189139156,4.717583399853739e-05,4.717583399853739e-05,4.717583399853739e-05,0.008092210458843445,6935.126578631986,-31510455.083323516,-0.0029112943550588344,-0.4661323547975565,0.8330240519198396,0.0,0.0,254391737959075.0,-533.2325089017078,0.21761858385758415,1.0,75062486956503.6,437618683558.2916,7053544900717786.0,-5045193249.940332,0.00741292301546663,-0.07884158351670449,0.054848135712492085,0.008092210458843445,2147286675915311.8,9275894063589602.0,9276331682273160.0,9200831576633098.0,651686.7305887168,-5045193249.940332,1.0,437.14911256308,2.2336592408234424e-09,2.2336592408234424e-09,0.04570707372540883,198390.77416542155,437.14911256308
2270.0,11591.063818907582,10823566447.30942,428.7911848934365,5.700321899294386e-05,2.639936224202225,0.23338255711389175,1.918334111752144e+16,0.39181811488936497,0.39181811488936497,273620404607.26108,0.11498259525656956,868339.2968534654,868299.4946137628,861314.9209664346,39.802239702550175,6984.573647328186,1.0111288098036413,4.583719733378242e-05,4.5837197333782434e-05,4.5837197333782434e-05,0.008043968343474697,6984.573647328186,-31301506.50646479,-0.0028919771185260184,-0.45795126203680664,0.8312890061853179,0.0,0.0,257374608705790.5,-533.5370672952965,0.21639518802908442,1.0,75597996977982.92,430802186172.28894,7146790558681331.0,-4956665914.284584,0.0072784856627328125,-0.07766039876695414,0.054546592918059376,0.008043968343474697,2175708720457934.5,9398097276117250.0,9398528078303422.0,9322499279139266.0,660299.0422309386,-4956665914.284584,1.0,436.45173494530155,2.1898979112197627e-09,2.1898979112197627e-09,0.04567430429357189,201015.87873549608,436.45173494530155
2271.0,11696.619391065475,10823610661.40258,428.3112076038117,5.68904458432903e-05,2.6392503896795914,0.23338540709136882,1.944071572622723e+16,0.39167226891946977,0.39167226891946977,268663738692.9765,0.11334574565820851,879756.2980507942,879717.1124351837,872682.5687908321,39.18561561047542,7034.543644351564,1.010838662308366,4.4541443689912616e-05,4.454144368991262e-05,4.454144368991261e-05,0.007996370134120653,7034.543644351564,-31094294.608741928,-0.0028728208711003805,-0.450041670366479,0.829557574252455,0.0,0.0,260388110338006.0,-533.8368979813073,0.2151875035139308,1.0,76139161587105.34,424129846895.16516,7241116672623911.0,-4871075821.454048,0.0071483545099963915,-0.07649428310092583,0.05424354078002588,0.007996370134120653,2204459682960729.0,9521715517171746.0,9522139647018642.0,9445576355584640.0,669011.1922120423,-4871075821.454048,1.0,435.7630376410533,2.1470633215127964e-09,2.1470633215127964e-09,0.04564163180596892,203671.37657878982,435.7630376410533
2272.0,11802.975840005658,10823653511.915285,427.8317675878218,5.677881001954501e-05,2.6385718515989782,0.2333881890059571,1.970110383656524e+16,0.3915279578659109,0.3915279578659109,263792662871.52246,0.11173746424307554,891305.3673608599,891266.7859605681,884181.7503112007,38.581400291808734,7085.035649367327,1.010559209316694,4.328639959394346e-05,4.328639959394345e-05,4.328639959394344e-05,0.007949399395301584,7085.035649367327,-30888802.182355955,-0.002853824002066569,-0.4423980163942319,0.8278297485943246,0.0,0.0,263432534298953.75,-534.1321453841333,0.21399512545731958,1.0,76685970988319.66,417591708763.045,7336533988971754.0,-4788362843.809784,0.007022455530117409,-0.07534341126608168,0.0539391478601649,0.007949399395301584,2233542917955478.0,9646762877915552.0,9647180469624314.0,9570076906927232.0,677824.1728539523,-4788362843.809784,1.0,435.0827366878487,2.1051343948652973e-09,2.1051343948652973e-09,0.04560905543761273,206357.57745724847,435.0827366878487
2273.0,11910.137787157784,10823695040.895748,427.35286424405734,5.6668298279521654e-05,2.6379003640438192,0.23339091118468874,1.996453637086419e+16,0.3913851655748779,0.3913851655748779,259004300027.71268,0.11015630268913988,902987.8158222475,902949.8271221145,895813.7784939344,37.988700133034364,7136.048628180069,1.0102900844599536,4.2070003013764255e-05,4.2070003013764255e-05,4.207000301376426e-05,0.007903040029282816,7136.048628180069,-30685012.21792135,-0.0028349849198432255,-0.43501440023305504,0.8261055216996765,0.0,0.0,266508174064605.75,-534.4229503021209,0.21281765692825805,1.0,77238414148423.52,411178105239.9997,7433053340699854.0,-4708463206.520756,0.006900709908754438,-0.07420794091593222,0.05363357785306823,0.007903040029282816,2262961811151025.0,9773253565999304.0,9773664744104544.0,9696015151850880.0,686738.9844794361,-4708463206.520756,1.0,434.41055015379897,2.0640905672313983e-09,2.0640905672313983e-09,0.04557657436051654,209074.79401449827,434.41055015379897
2274.0,12018.1098691932,10823735289.09588,426.8744969717818,5.65588975645072e-05,2.63723568109755,0.23339358195459609,2.0231044544928796e+16,0.3912438760625666,0.3912438760625666,254295836821.19193,0.10860085056908525,914804.9653301642,914767.5586808472,907579.977252129,37.406649317031366,7187.581428718125,1.0100309220745525,4.08902998285879e-05,4.089029982858789e-05,4.089029982858789e-05,0.007857276267080429,7187.581428718125,-30482907.902057745,-0.0028163020517295023,-0.42788457574983335,0.824384886072906,0.0,0.0,269615325214394.25,-534.7094500253742,0.21165470871517356,1.0,77796478753266.55,404879670259.58673,7530685647753432.0,-4631309382.203291,0.006783033886470613,-0.07308801234780887,0.053326989446211635,0.007857276267080429,2292719779707274.5,9901201906213972.0,9901606785884232.0,9823405427460706.0,695756.6354509839,-4631309382.203291,1.0,433.7461980878043,2.02391177406928e-09,2.02391177406928e-09,0.0455441877455125,211823.34180114523,433.7461980878043
2275.0,12126.896737997251,10823774296.01122,426.39666517093127,5.645059499624617e-05,2.6365775568436027,0.2333962096427112,2.050065987014319e+16,0.3911040735133902,0.3911040735133902,249664527438.98865,0.10706973712299298,926758.148698496,926721.3142876553,919481.6815106567,36.83441084077121,7239.632776998609,1.009781357165661,3.9745440482503506e-05,3.9745440482503506e-05,3.974544048250351e-05,0.007812092659769579,7239.632776998609,-30282472.61498962,-0.0027977738436535324,-0.42100194067478,0.8226678342340202,0.0,0.0,272754285499400.25,-534.9917784487727,0.21050589912834228,1.0,78360151164237.88,398687349267.0565,7629441917474502.0,-4556829984.046524,0.006669338605024804,-0.07198374822658331,0.053019536175971,0.007812092659769579,2322820272513719.5,1.003062234115246e+16,1.0031021028501726e+16,9952262189988222.0,704878.1422101628,-4556829984.046524,1.0,433.08940247156585,1.984578437415248e-09,1.984578437415248e-09,0.045511894763835326,214603.53930049387,433.08940247156585
2276.0,12236.503060640944,10823812099.919657,425.9193682421134,5.6343377873982226e-05,2.6359257453654124,0.23339880257606643,2.077341415564259e+16,0.39096574227820863,0.39096574227820863,245107697454.94214,0.10556163309336852,938848.7097227704,938812.4385451472,931520.2372720735,36.271177623133234,7292.20127307372,1.0095410253722472,3.863367680810215e-05,3.8633676808102165e-05,3.8633676808102165e-05,0.007767474070086088,7292.20127307372,-30083689.928156868,-0.0027793987599230565,-0.41435952657256925,0.8209543587186058,0.0,0.0,275925354908153.25,-535.2700661804023,0.20937085380894738,1.0,78929416374544.86,392592411235.6046,7729333245033085.0,-4484949657.433156,0.006559529955028085,-0.07089525329441934,0.05271136627955193,0.007767474070086088,2353266770472412.0,1.0161529431880044e+16,1.016192202429128e+16,1.0082600015505498e+16,714104.5293173982,-4484949657.433156,1.0,432.43988717341176,1.946071453309553e-09,1.946071453309553e-09,0.045479694588534736,217415.70795467525,432.43988717341176
2277.0,12346.933519351993,10823848737.918951,425.4426055866069,5.6237233671555796e-05,2.635280000746414,0.23340136908169393,2.1049339510550744e+16,0.39082886687257695,0.39082886687257695,240622747797.50897,0.1040752526215526,951078.0032439961,951042.2870702957,943697.0016833371,35.71617370040317,7345.28538695852,1.00930956293343,3.7553359007968046e-05,3.7553359007968046e-05,3.755335900796803e-05,0.007723405664311536,7345.28538695852,-29886543.601838652,-0.00276117528297839,-0.4079499886739859,0.8192444520777962,0.0,0.0,279128835730245.5,-535.5444406455993,0.20824920554454684,1.0,79504257965285.48,386586461630.40283,7830370813862767.0,-4415588970.042973,0.006453508423409816,-0.06982261406664277,0.052402622542796484,0.007723405664311536,2384062786785320.0,1.0293937858613372e+16,1.0294324445075002e+16,1.0214433600648088e+16,723436.8294921566,-4415588970.042973,1.0,431.7973779038964,1.908372179564414e-09,1.908372179564414e-09,0.04544758639574065,220260.17219118052,431.7973779038964
2278.0,12458.192811485405,10823884245.963102,424.9663766063606,5.613215003455662e-05,2.6346400770700398,0.23340391748662592,2.1328468346280988e+16,0.3906934319750121,0.3906934319750121,236207158827.466,0.10260935520525657,963447.3952133524,963412.2265578458,956013.343103305,35.16865550659965,7398.883454540896,1.0090866066561537,3.650293278213873e-05,3.650293278213873e-05,3.650293278213873e-05,0.007679872904432823,7398.883454540896,-29691017.582792286,-0.0027431019131478524,-0.4017655955681865,0.8175381068782399,0.0,0.0,282365032617942.0,-535.815026186796,0.20714059409075236,1.0,80084658061322.27,380661456289.58746,7932565896100339.0,-4348664300.440476,0.0063511689398239556,-0.06876589851380924,0.05209344214383035,0.007679872904432823,2415211867246041.0,1.0427862421407702e+16,1.0428243082863992e+16,1.034777776334638e+16,732876.0836535078,-4348664300.440476,1.0,431.16160217315576,1.8714624238648485e-09,1.8714624238648485e-09,0.045415569365762964,223137.2594497972,431.16160217315576
2279.0,12570.285649493415,10823918658.8976,424.49068070399284,5.602811477753009e-05,2.634005728419726,0.23340645611789465,2.161083337889893e+16,0.39055942242527775,0.39055942242527775,231858494527.0255,0.10116274771735156,975958.2627576871,975923.634844452,968470.6411709771,34.62791323508649,7452.993673474866,1.0088717938841958,3.54809365896869e-05,3.548093658968691e-05,3.548093658968691e-05,0.00763686154056794,7452.993673474866,-29497096.00190912,-0.0027251771684057863,-0.3957982187565823,0.8158353157020679,0.0,0.0,285634252645936.0,-536.0819441593337,0.2060446659989683,1.0,80670597286970.38,374809716183.9398,8035929853029233.0,-4284087725.157805,0.006252400721515002,-0.06772515573004874,0.05178395649251439,0.00763686154056794,2446717590535829.0,1.0563318040852032e+16,1.0563692850568216e+16,1.0482647443565062e+16,742423.3409610342,-4284087725.157805,1.0,430.5322892500094,1.8353244321932157e-09,1.8353244321932157e-09,0.045383642684077685,226047.30020994297,430.5322892500094
2280.0,12683.216760894897,10823952010.493586,424.0155172827907,5.5925115881236055e-05,2.6333767088789046,0.2334089933025323,2.1896467631544864e+16,0.3904268232226875,0.3904268232226875,227574406801.8677,0.09973428648625779,988611.9942458022,988577.900973525,981070.2868744675,34.09327227707847,7507.614099057411,1.008664762468468,3.4485999032499847e-05,3.4485999032499847e-05,3.448599903249984e-05,0.00759435760364875,7507.614099057411,-29304763.17188879,-0.0027073995841332688,-0.3900393220666923,0.8141360711468612,0.0,0.0,288936805369420.0,-536.3453130234234,0.20496107444995382,1.0,81262054721502.45,369023943007.7887,8140474135526506.0,-4221766904.255329,0.006157087116384464,-0.0667004155877649,0.05147429106566526,0.00759435760364875,2478583568523907.0,1.0700319758771914e+16,1.0700688782714924e+16,1.0619057704050412e+16,752079.6588560715,-4221766904.255329,1.0,429.9091701227636,1.799940877568502e-09,1.799940877568502e-09,0.04535180554218288,228990.62801839603,429.9091701227636
2281.0,12796.990888244189,10823984333.480963,423.5408857467091,5.582314148995916e-05,2.632752772531012,0.23341153736757114,2.2185404436914284e+16,0.3902956195244255,0.3902956195244255,223352639897.61237,0.09832287943839925,1001409.9893554957,1001376.425260764,993813.6826206733,33.56409473169034,7562.742640090709,1.0084651507386488,3.351683634920806e-05,3.3516836349208065e-05,3.3516836349208065e-05,0.00755234739835355,7562.742640090709,-29114003.584933277,-0.0026897677128815923,-0.3844799509283029,0.8124403658256184,0.0,0.0,292273002880612.0,-536.6052484324011,0.20388947909308486,1.0,81859007854490.28,363297235543.2872,8246210284513150.0,-4161604965.38548,0.006065105444103295,-0.06569168837876188,0.051164565238009344,0.00755234739835355,2510813446572040.5,1.083888273893968e+16,1.0839246036175222e+16,1.075702373108519e+16,761846.1031032546,-4161604965.38548,1.0,429.29197746172383,1.7652948490916321e-09,1.7652948490916321e-09,0.04532005713837073,231967.57951741878,429.29197746172383
2282.0,12911.612789099441,10824015659.58049,423.06678550036986,5.5722179908869594e-05,2.632133673459481,0.23341409664004334,2.2477677439794896e+16,0.390165796643885,0.390165796643885,219191034932.2269,0.0969274883032597,1014353.6591413459,1014320.6193603647,1006702.2423056345,33.03978098116376,7618.377054730177,1.0082725974760993,3.257225000709522e-05,3.257225000709522e-05,3.257225000709521e-05,0.007510817496280773,7618.377054730177,-28924801.91046161,-0.0026722801241385727,-0.37911072151012526,0.8107481923667244,0.0,0.0,295643159863894.25,-536.8618633174419,0.20282954589111013,1.0,82461432540988.14,357623106729.2262,8353149931407598.0,-4103500386.340454,0.005976326835200778,-0.06469896444187466,0.0508548921088359,0.007510817496280773,2543410903843384.0,1.097902226779197e+16,1.0979379890898698e+16,1.0896560835250982e+16,771723.7478323588,-4103500386.340454,1.0,428.68044558336777,1.7313698412882547e-09,1.7313698412882547e-09,0.04528839667836615,234978.4944732757,428.68044558336777
2283.0,13027.087235990162,10824046019.534883,422.59321594906197,5.562221960143311e-05,2.6315191657477466,0.2334166794469811,2.277332059965879e+16,0.3900373400490247,0.3900373400490247,215087534545.88644,0.09554713088160983,1027444.426103188,1027411.9063318641,1019737.391385544,32.519771323848026,7674.514946320125,1.0080867418880965,3.165112437972584e-05,3.165112437972583e-05,3.165112437972583e-05,0.007469754729356993,7674.514946320125,-28737142.99284662,-0.002654935404097762,-0.3739218097192622,0.8090595434139176,0.0,0.0,299047593649651.0,-537.115267968863,0.20178094697025917,1.0,83069302956577.31,351995501354.08185,8461304798582052.0,-4047346876.1090603,0.00589061606807917,-0.06372221377717241,0.05054537832431476,0.007469754729356993,2576379653615530.5,1.112075375515416e+16,1.1121105750655514e+16,1.1037684452197582e+16,781713.6755804038,-4047346876.1090603,1.0,428.0743104161876,1.698149743740765e-09,1.698149743740765e-09,0.04525682337594428,238023.71580514024,428.0743104161876
2284.0,13143.41901638451,10824075443.138958,422.1201764987397,5.552324918686932e-05,2.6309090034792413,0.23341929411541665,2.3072368193308444e+16,0.38991023536074154,0.38991023536074154,211040187669.77737,0.09418088337750007,1040683.7242553062,1040651.7207076497,1032920.5669484314,32.00354765644591,7731.15375921823,1.0079072235833544,3.075242449798766e-05,3.075242449798765e-05,3.075242449798766e-05,0.007429146183471447,7731.15375921823,-28551011.84917386,-0.0026377321554305545,-0.36890294006269025,0.8073744116262589,0.0,0.0,302486624267023.0,-537.365570114163,0.2007433604755403,1.0,83682591552285.48,346408814281.4635,8570686699821819.0,-3993033254.4343286,0.005807831403941966,-0.06276138564680793,0.05023612389544546,0.007429146183471447,2609723443597867.5,1.1264092734971972e+16,1.1264439143786254e+16,1.1180410143419686e+16,791816.9773340327,-3993033254.4343286,1.0,427.47330946815873,1.6656188310013367e-09,1.6656188310013367e-09,0.04522533645342075,241103.58961439884,427.47330946815873
2285.0,13260.612932655804,10824103959.268852,421.647666556022,5.542525743765729e-05,2.6303029407374012,0.23342194897238228,2.3374854817575468e+16,0.38978446835126174,0.38978446835126174,207047154415.34305,0.09282788279462155,1054072.9991962817,1054041.5085610857,1046253.2177864753,31.490635195968686,7788.29077461045,1.0077336825488479,2.987519386226563e-05,2.987519386226563e-05,2.9875193862265638e-05,0.007388979192330441,7788.29077461045,-28366393.66702392,-0.0026206689970612604,-0.3640433743723744,0.8056927896780982,0.0,0.0,305960574495611.5,-537.6128749929218,0.19971647043107066,1.0,84301269009398.05,340857909104.57574,8681307540787205.0,-3940443329.889611,0.005727824419623745,-0.061816408162582354,0.04992722201160464,0.007388979192330441,2643446056253158.5,1.1409054866049762e+16,1.1409395723958866e+16,1.1324753597040364e+16,802034.7525721298,-3940443329.889611,1.0,426.8771817958386,1.633761752778189e-09,1.633761752778189e-09,0.045193935142107344,244218.4652143454,426.8771817958386
2286.0,13378.673802048514,10824131595.910336,421.1756855281926,5.532823327708734e-05,2.6297007316056593,0.23342465234491017,2.368081539207108e+16,0.3896600249425476,0.3896600249425476,203106711085.45343,0.0914873293976454,1067613.708179501,1067582.7275752702,1059736.8044689524,30.980604230811014,7845.923106317767,1.0075657591279137,2.901855230356611e-05,2.901855230356611e-05,2.901855230356611e-05,0.007349241331524435,7845.923106317767,-28183273.802278258,-0.0026037445639451296,-0.3593319003936007,0.8040146702590438,0.0,0.0,309469769916296.0,-537.857285428689,0.19869996660529576,1.0,84925304194177.11,335338137115.1149,8793179319478036.0,-3889455776.4688787,0.0056504398383261205,-0.06088718786029589,0.04961875884965986,0.007349241331524435,2677551309123404.0,1.1555655932795618e+16,1.1555991270932732e+16,1.147073062860144e+16,812368.1093086811,-3889455776.4688787,1.0,426.2856679750552,1.6025635243873276e-09,1.6025635243873276e-09,0.045162618682702105,247368.69516027125,426.2856679750552
2287.0,13497.606456643716,10824158380.18626,420.70423282319837,5.5232165776858294e-05,2.62910213016745,0.23342741256003244,2.3990285161987376e+16,0.389536891204722,0.389536891204722,199217255308.98456,0.09015848923915036,1081307.3201843032,1081276.8471124137,1073372.7994158166,30.473071889365897,7904.0476965970365,1.0074030939996548,2.8181693881598735e-05,2.818169388159873e-05,2.818169388159873e-05,0.00730992041280183,7904.0476965970365,-28001637.776949164,-0.0025869575068493515,-0.35475682023883165,0.8023400460739306,0.0,0.0,313014538961275.0,-538.0989018979751,0.19769354438095732,1.0,85554664112512.72,329845356461.2982,8906314126700684.0,-3839944008.71638,0.005575515358259574,-0.05997360926095276,0.04931081337861801,0.00730992041280183,2712043055160012.5,1.170391184597321e+16,1.1704241691329674e+16,1.1618357181860696e+16,822818.1641358638,-3839944008.71638,1.0,425.69851007319227,1.5720095174623054e-09,1.5720095174623054e-09,0.045131386325643064,250554.63527995275,425.69851007319227
2288.0,13617.415743323993,10824184338.383156,420.2333078496489,5.513704415471885e-05,2.6285068905062077,0.23343023794478143,2.4303299700948652e+16,0.3894150533545091,0.3894150533545091,195377311300.2682,0.08884069675275197,1095155.315987758,1095125.3482838445,1087162.6869719073,29.96770391368549,7962.661311937337,1.0072453281596172,2.736388480811654e-05,2.736388480811654e-05,2.7363884808116547e-05,0.007271004478542581,7962.661311937337,-27821471.277033977,-0.0025703064921370105,-0.3503059387066634,0.8006689098427878,0.0,0.0,316595212963446.0,-538.3378225964599,0.1966969046296715,1.0,86189313864521.6,324375951359.8181,9020724146537556.0,-3791776055.3912754,0.005502881479206892,-0.05907553441889134,0.049003457159778184,0.007271004478542581,2746925183058311.0,1.1853838643460388e+16,1.1854163019411748e+16,1.1767649329595868e+16,833386.042267367,-3791776055.3912754,1.0,425.1154516230344,1.542085450914702e-09,1.542085450914702e-09,0.04510023733139312,253776.64470454026,425.1154516230344
2289.0,13738.10652373767,10824209495.977015,419.76291001681597,5.504285777215267e-05,2.6279147667053664,0.23343313682618932,2.4619894913912096e+16,0.38929449775369124,0.38929449775369124,191585535244.87692,0.08753335741304075,1109159.188237049,1109129.724020624,1101107.96348177,29.46421642487256,8021.760538854182,1.0070921029017577,2.6564461384217007e-05,2.6564461384217e-05,2.6564461384217e-05,0.007232481796426023,8021.760538854182,-27642760.150393967,-0.00255379020155401,-0.3459665514679399,0.7990012543008076,0.0,0.0,320212126205178.5,-538.5741435025287,0.1957097535909773,1.0,86829216599119.14,318926851217.6275,9136421656818898.0,-3744814431.689696,0.00543236132701414,-0.058192802456908034,0.04869675414235897,0.007232481796426023,2782201617596388.0,1.2005452491014404e+16,1.2005771417865622e+16,1.1918623274415286e+16,844072.8775819233,-3744814431.689696,1.0,424.53623759817066,1.512777382138265e-09,1.512777382138265e-09,0.04506917097072427,257035.08589984666,424.53623759817066
2290.0,13859.683674262615,10824233877.658266,419.2930387346324,5.494959613210574e-05,2.6273255128483597,0.23343611753128832,2.4940107040117276e+16,0.3891752109075827,0.3891752109075827,187840720813.18723,0.0862359504629372,1123320.4415224665,1123291.4791448002,1115210.1373651167,28.962377666199295,8081.341779683485,1.0069430598016844,2.578282794083743e-05,2.578282794083743e-05,2.5782827940837435e-05,0.007194340854286621,8081.341779683485,-27465490.40465787,-0.0025374073320189386,-0.341725433119485,0.7973370721983133,0.0,0.0,323865615966655.5,-538.80795843823,0.19473180275574542,1.0,87474333468585.12,313495549512.00757,9253419029597042.0,-3698916010.0293736,0.0053637704760265935,-0.057325229088445714,0.048390760454571476,0.007194340854286621,2817876319978383.0,1.215876968304401e+16,1.2159083178593522e+16,1.2071295349575426e+16,854879.8126670691,-3698916010.0293736,1.0,423.96061438992865,1.48407169844981e-09,1.48407169844981e-09,0.04503818652493563,260330.32469804757,423.96061438992865
2291.0,13982.152085969381,10824257507.356005,418.8236934136915,5.485724887675557e-05,2.6267388830186227,0.23343918838711067,2.5263972656083932e+16,0.3890571794635188,0.3890571794635188,184141804803.15784,0.08494803170906573,1137640.5924509913,1137612.130441282,1129470.7291929042,28.462009709418286,8141.4012483778,1.0067978407011835,2.5018454772344464e-05,2.5018454772344464e-05,2.5018454772344464e-05,0.007156570355152362,8141.4012483778,-27289648.20515028,-0.0025211565954158647,-0.3375688251074011,0.7956763563007285,0.0,0.0,327556022573813.5,-539.0393591277639,0.19376276875380027,1.0,88124623583150.95,308080122271.61035,9371728731622948.0,-3653931889.418133,0.005296916769482507,-0.05647260612691676,0.04808552419011023,0.007156570355152362,2853953288182207.0,1.2313806643388304e+16,1.2314114723510576e+16,1.2225682019805154e+16,865807.9988631146,-3653931889.418133,1.0,423.3883297858375,1.4559551087601896e-09,1.4559551087601896e-09,0.04500728328605663,263662.7303297896,423.3883297858375
2292.0,14105.516664583773,10824280408.261456,418.3548734652466,5.476580578532107e-05,2.6261546312995887,0.23344235772068853,2.5591528678657744e+16,0.3889403902093613,0.3889403902093613,180487872913.73972,0.08366923638574611,1152121.1697204586,1152093.2067303492,1143891.2717640423,27.96299010940006,8201.93496630684,1.0066560876940107,2.4270876053935175e-05,2.4270876053935175e-05,2.4270876053935175e-05,0.007119159212459906,8201.93496630684,-27115219.872844942,-0.0025050367183900458,-0.33348242352048185,0.7940190993885448,0.0,0.0,331283689445984.0,-539.2684352535871,0.19280237324564498,1.0,88780043965629.72,302679245997.58795,9491363324825044.0,-3609707263.412301,0.005231600137885234,-0.055634700982233214,0.04778108519003513,0.007119159212459906,2890436557311759.0,1.2470579926102434e+16,1.247088260534843e+16,1.2381799882136804e+16,876858.5963073274,-3609707263.412301,1.0,422.81913294958906,1.4284146354688448e-09,1.4284146354688448e-09,0.04497646055704263,267032.6754567149,422.81913294958906
2293.0,14229.782330448976,10824302602.850716,417.88657830120985,5.467525677191247e-05,2.6255725117746924,0.23344563385905415,2.592281236810373e+16,0.38882483007201957,0.38882483007201957,176878165650.32742,0.0823992820881935,1166763.714194311,1166736.248940819,1158473.3101827535,27.465253492136032,8262.938758065295,1.0065174431129698,2.353968773454846e-05,2.353968773454846e-05,2.353968773454846e-05,0.007082096545441626,8262.938758065295,-26942191.882342804,-0.002489046442146512,-0.32945136675633035,0.7923652942572911,0.0,0.0,335048963143360.5,-539.4952745102261,0.19185034281818214,1.0,89440549506122.23,297292214862.88275,9612335466790530.0,-3566081286.6932726,0.005167612415368879,-0.05481125614461547,0.04747747482001854,0.007082096545441626,2927330199953733.5,1.2629106216250388e+16,1.262940350846525e+16,1.2539665666744264e+16,888032.7739783439,-3566081286.6932726,1.0,422.25277440249937,1.401437606575587e-09,1.401437606575587e-09,0.044945717651899475,270440.53620440955,422.25277440249937
2294.0,14354.95401848688,10824324112.906809,417.4188073341518,5.458559188342025e-05,2.624992278527368,0.2334490251292398,2.625786133124709e+16,0.38871048611598724,0.38871048611598724,173312084363.63416,0.08113797177551535,1181569.7789769035,1181542.8101838422,1173218.4019365523,26.968793061338364,8324.408247289844,1.0063815495182507,2.2824545398148275e-05,2.282454539814828e-05,2.282454539814828e-05,0.00704537167467898,8324.408247289844,-26770550.85987518,-0.0024731845222515335,-0.3254602230606048,0.7907149337175012,0.0,0.0,338852193414278.5,-539.7199626558856,0.19090640888429944,1.0,90106092916819.77,291918957029.8387,9734657911248826.0,-3522886940.266933,0.005104737154083652,-0.05400198865575503,0.04717471574293323,0.00704537167467898,2964638326538987.5,1.2789402330704636e+16,1.2789694249661666e+16,1.2699296237787814e+16,899331.7097407795,-3522886940.266933,1.0,421.68900600644076,1.3750116480035393e-09,1.3750116480035393e-09,0.04491505389584716,273886.6921957727,421.68900600644076
2295.0,14481.036678159122,10824344959.541042,416.95155997730024,5.4496801297442496e-05,2.6244136856410494,0.2334525398582776,2.659671352466137e+16,0.3885973455418941,0.3885973455418941,169789197423.36722,0.0798851968440822,1196540.9294893958,1196514.4558273866,1188128.1169748977,26.473662009392278,8386.338852488845,1.0062480496870465,2.212516208759318e-05,2.2125162087593177e-05,2.2125162087593174e-05,0.007008974117817669,8386.338852488845,-26600283.581331447,-0.0024574497284368985,-0.3214929779421094,0.7890680105946846,0.0,0.0,342693733242492.0,-539.9425835619351,0.18997030758622324,1.0,90776624686940.84,286560049931.9585,9858343508557594.0,-3479950895.315511,0.005042749436618357,-0.053206589567405295,0.046872821686757264,0.007008974117817669,3002365085708629.0,1.2951485218953166e+16,1.2951771779003096e+16,1.2860708594266224e+16,910756.590390075,-3479950895.315511,1.0,421.1275809482423,1.3491246761271947e-09,1.3491246761271947e-09,0.044884468625413954,277371.5265848226,421.1275809482423
2296.0,14608.035273427357,10824365163.213722,416.4848356445402,5.4408875320249725e-05,2.623836487199171,0.23345618637319987,2.693940725790386e+16,0.3884853956850735,0.3884853956850735,166309246528.0517,0.07864094027184504,1211678.7435461932,1211652.763571374,1203204.037788487,25.979974819332753,8448.725782886913,1.006116586604436,2.144130608687393e-05,2.144130608687393e-05,2.1441306086873932e-05,0.006972893585439531,8448.725782886913,-26431376.970311776,-0.0024418408444070246,-0.3175330214650139,0.7874245177292929,0.0,0.0,346573938894412.5,-540.1632192603481,0.18904177970253155,1.0,91452093037826.69,281216734375.5552,9983405206190988.0,-3437093375.7158914,0.004981415686488299,-0.052424723387478674,0.04657179720777388,0.006972893585439531,3040514664684798.5,1.3115371963913612e+16,1.3115653180647988e+16,1.3023919870875786e+16,922308.6116975514,-3437093375.7158914,1.0,420.5682537255386,1.323764890499888e-09,1.323764890499888e-09,0.044853961188520364,280895.42609093565,420.5682537255386
2297.0,14735.954782712923,10824384743.754223,416.0186337504127,5.432180438478651e-05,2.6232604372851664,0.23345997300103874,2.728598119679827e+16,0.3883746240141446,0.3883746240141446,162872153152.33582,0.07740527983416153,1226984.8114319388,1226959.3235234928,1218447.7594892052,25.4879084458853,8511.564034287621,1.005986803455532,2.077279865929222e-05,2.0772798659292225e-05,2.0772798659292225e-05,0.006937119977086713,8511.564034287621,-26263818.096204646,-0.002426356667648859,-0.3135631354202885,0.7857844479766903,0.0,0.0,350493169966394.5,-540.3819499891796,0.18812057055871667,1.0,92132443878230.08,275890927331.8452,1.0109856049230246e+16,-3394128019.2471104,0.004920493476713059,-0.051656027513728615,0.046271637449045326,0.006937119977086713,3079091289646222.0,1.3281079782754698e+16,1.328135567368203e+16,1.3188947338876468e+16,933988.9784556793,-3394128019.2471104,1.0,420.01078013405424,1.2989207667750443e-09,1.2989207667750443e-09,0.04482353094458502,284458.781033526,420.01078013405424
2298.0,14864.800198856237,10824403720.380436,415.5529537101139,5.423557904870915e-05,2.62268528998247,0.2334639080688265,2.7636474366764668e+16,0.38826501812960956,0.38826501812960956,159478025133.0887,0.07617839139168472,1242460.7359790886,1242435.738275723,1233860.8898907655,24.997703365499646,8574.84838495755,1.0058583436189015,2.0119511741190654e-05,2.011951174119065e-05,2.0119511741190647e-05,0.006901643377433664,8574.84838495755,-26097594.172288805,-0.0024109960092445234,-0.3095654803787275,0.7841477942071222,0.0,0.0,354451789432191.0,-540.5988542361433,0.18720642994121273,1.0,92817620759832.67,270585233310.48093,1.023770918085686e+16,-3350861737.5128546,0.0048597313365120135,-0.05090011165509792,0.04597232789414091,0.006901643377433664,3118099226108658.0,1.344862602772535e+16,1.3448896612958662e+16,1.3355808406965518e+16,945798.9045235873,-3350861737.5128546,1.0,419.454917256314,1.2745810498157022e-09,1.2745810498157022e-09,0.04479317726453136,288061.98536717816,419.454917256314
2299.0,14994.576529075252,10824422111.71762,415.0877949394947,5.41501899924585e-05,2.622110799374516,0.2334679999035953,2.799092615619686e+16,0.3881565657624659,0.3881565657624659,156127163395.57587,0.07496055225085799,1258108.132646009,1258083.6229815213,1249445.049589987,24.50966448778432,8638.573391534339,1.005730850661244,1.9481365593143763e-05,1.9481365593143766e-05,1.948136559314377e-05,0.006866454052602529,8638.573391534339,-25932692.55386024,-0.002395757693686729,-0.30552158262722734,0.7825145493056836,0.0,0.0,358450163690464.5,-540.8140087803705,0.18629911201477034,1.0,93507564833019.78,265302954232.35272,1.0366977842847822e+16,-3307094574.5971217,0.004798868556149227,-0.05015655724081728,0.04567384411610121,0.006866454052602529,3157542779310150.5,1.3618028186990994e+16,1.3618293489945226e+16,1.3524520622157974e+16,957739.6128727641,-3307094574.5971217,1.0,418.90042345176033,1.2507347469871288e-09,1.2507347469871288e-09,0.04476289953083801,291705.4367172227,418.90042345176033
2300.0,15125.2887949236,10824439935.816683,414.6231568550599,5.4065628017367593e-05,2.621536719544739,0.23347225683237738,2.8349376319887324e+16,0.38804925477283275,0.38804925477283275,152820068820.97876,0.07375214459754842,1273928.6295956455,1273904.6054337216,1265201.872048759,24.024161923909848,8702.73338496264,1.0056039683333398,1.8858326413101573e-05,1.8858326413101573e-05,1.885832641310157e-05,0.006831542446618012,8702.73338496264,-25769100.736383736,-0.0023806405586969067,-0.30141232099132487,0.780884706172289,0.0,0.0,362488662612532.0,-541.0274887324122,0.18539837524310654,1.0,94202214802954.69,260048097753.69632,1.049767537607335e+16,-3262619564.485694,0.004737634989956704,-0.04942491681733973,0.04537615152162149,0.006831542446618012,3197426294601264.0,1.378930388547757e+16,1.3789563933575324e+16,1.3695101670674614e+16,969812.3356329864,-3262619564.485694,1.0,418.34705834827236,1.2273711216273096e-09,1.2273711216273096e-09,0.04473269713752459,295389.5364157725,418.34705834827236
2301.0,15256.942032248025,10824457210.171871,414.15903887396746,5.398188404380286e-05,2.620962804576573,0.23347668718220496,2.8711864982499856e+16,0.38794307314859233,0.38794307314859233,149557449256.49307,0.07255365900434046,1289923.8677747336,1289900.326143122,1281133.0036766613,23.541631611468468,8767.322466460739,1.0054773405672517,1.82504039188611e-05,1.8250403918861103e-05,1.8250403918861103e-05,0.00679689917799738,8767.322466460739,-25606806.35366919,-0.002365643455046057,-0.2972179135455475,0.779258257721641,0.0,0.0,366567659590260.5,-541.2393675725533,0.18450398231272047,1.0,94901506885982.78,254825384035.9699,1.0629815220996736e+16,-3217222587.2703414,0.004675750857572556,-0.04870471343320054,0.045079205090439105,0.00679689917799738,3237754157840246.5,1.3962470885722966e+16,1.3962725711107002e+16,1.3867569378836982e+16,982018.3141384468,-3217222587.2703414,1.0,417.7945828350626,1.2044796866903863e-09,1.2044796866903863e-09,0.04470256949013218,299114.6895382145,417.7945828350626
2302.0,15389.541291145415,10824473951.737953,413.6954404140277,5.389894910933878e-05,2.620388808553451,0.2334812992801103,2.9078432642090116e+16,0.38783800900404486,0.38783800900404486,146340226669.22272,0.07136569801199798,1306095.50099357,1306072.43841777,1297240.1039142478,23.06257580006081,8832.334503522019,1.005350611474798,1.7657648910448508e-05,1.765764891044851e-05,1.7657648910448508e-05,0.006762515036472153,8832.334503522019,-25445797.176072676,-0.0023507652463782922,-0.2929179042153284,0.7776351968831997,0.0,0.0,370687531584191.5,-541.4497171875046,0.18361570005979277,1.0,95605374766410.47,249640251007.74033,1.0763410918176408e+16,-3170682224.1764946,0.004612926543424969,-0.04799544001189333,0.04478294910991094,0.006762515036472153,3278530795793204.0,1.4137547088736022e+16,1.4137796728987032e+16,1.4041941713969612e+16,994358.798974084,-3170682224.1764946,1.0,417.2427590569529,1.1820501985581869e-09,1.1820501985581869e-09,0.04467251600563249,302881.30494016386,417.2427590569529
2303.0,15523.091635919034,10824490176.946838,413.23236089370266,5.3816814366964835e-05,2.619814485558809,0.23348610145312557,2.9449120173674308e+16,0.3877340505785787,0.3877340505785787,143169544445.04623,0.07018897978559167,1322445.1960063165,1322422.6084429089,1313524.8453169547,22.587563407630913,8897.763125954309,1.0052234253472836,1.7080150826547387e-05,1.7080150826547394e-05,1.708015082654739e-05,0.00672838097983746,8897.763125954309,-25286061.108722575,-0.0023360048090370917,-0.28849114927241787,0.7760155166011518,0.0,0.0,374848659171786.5,-541.6586079055315,0.18273329940009653,1.0,96313749553692.2,244498858227.06467,1.0898476108769776e+16,-3122769611.4353914,0.0045488623945047334,-0.047296558712858684,0.044487316904769016,0.00672838097983746,3319760676539217.0,1.4314550534862682e+16,1.4314795033720908e+16,1.4218236785308992e+16,1006835.0500220791,-3122769611.4353914,1.0,416.691350410008,1.1600726510152053e-09,1.1600726510152053e-09,0.04464253611234015,306689.79529487557,416.691350410008
2304.0,15657.598145034413,10824505901.723701,412.7697997321052,5.373547108332454e-05,2.6192395896760794,0.23349110202828302,2.9823968832846096e+16,0.3876311862353532,0.3876311862353532,140046774833.61084,0.06902434184577294,1338974.6325918678,1338952.5153616033,1329988.9136396423,22.117230264401737,8963.601721960964,1.0050954266564784,1.6518035313028438e-05,1.6518035313028435e-05,1.6518035313028428e-05,0.006694488130925401,8963.601721960964,-25127586.18977068,-0.002321361031894245,-0.2839158037262674,0.7743992098343802,0.0,0.0,379051426595872.5,-541.8661085300884,0.18185655526179945,1.0,97026559740067.19,239408089526.79868,1.103502453503892e+16,-3073248293.0276093,0.004483248516463176,-0.04660750028068332,0.044192230562043744,0.006694488130925401,3361448309880482.0,1.449349940465947e+16,1.4493738812748998e+16,1.4396472844919402e+16,1019448.3365085232,-3073248293.0276093,1.0,416.1401215385093,1.1385372693824496e-09,1.1385372693824496e-09,0.04461262924974441,310540.57713111903,416.1401215385093
2305.0,15793.065911074546,10824521141.502611,412.3077563489987,5.365491063698542e-05,2.6186638749886972,0.2334963093326148,3.020302025944197e+16,0.3875294044599968,0.3875294044599968,136973526540.58324,0.06787274487566101,1355685.5036352554,1355663.851355986,1346634.007921718,21.652279269302145,9029.843434267825,1.004966260056874,1.5971461825948418e-05,1.597146182594842e-05,1.5971461825948425e-05,0.006660827774699337,9029.843434267825,-24970360.58866868,-0.0023068328161815026,-0.279169307615911,0.772786269556433,0.0,0.0,383296221813175.5,-542.072286372008,0.1809852465211208,1.0,97743731158690.61,234375554712.2798,1.117307004085766e+16,-3021874072.347075,0.004415764568072867,-0.04592766338261035,0.04389760065114564,0.006660827774699337,3403598247757372.5,1.4674412019773724e+16,1.4674646395328436e+16,1.4576668288615032e+16,1032199.9370502097,-3021874072.347075,1.0,415.5888383332763,1.1174345048057855e-09,1.1174345048057855e-09,0.044582794868296416,314434.07087150833,415.5888383332763
2306.0,15929.500040694511,10824535911.241665,411.8462301647958,5.357512451673988e-05,2.6180870955800963,0.23350173169315322,3.0586316481255144e+16,0.3874286938593177,0.3874286938593177,133951652468.23616,0.06673527660379702,1372579.5152095943,1372558.3217291012,1363461.840572802,21.193480493158972,9096.481156299415,1.0048355703891785,1.5440621296116826e-05,1.544062129611683e-05,1.5440621296116826e-05,0.006627391355465306,9096.481156299415,-24814372.604470246,-0.002292419075324942,-0.2742283722035441,0.7711766887554936,0.0,0.0,387583436542869.0,-542.277207280317,0.1801191559407258,1.0,98465186942296.11,229409590682.39902,1.1312626572219568e+16,-2968394862.798609,0.004346079554102664,-0.04525641393446854,0.04360332593909918,0.006627391355465306,3446215084668383.5,1.4857306843830248e+16,1.4857536253420928e+16,1.4758841656887952e+16,1045091.1397015186,-2968394862.798609,1.0,415.03726793129687,1.0967550286945004e-09,1.0967550286945004e-09,0.044553032429146766,318370.70087128325,415.03726793129687
2307.0,16066.905654575628,10824550225.43767,411.3852206005581,5.349610431993577e-05,2.617509005533712,0.23350737743693042,3.0973899917798012e+16,0.3873290431600287,0.3873290431600287,130983257605.43755,0.06561315576359861,1389658.386658579,1389637.6449873054,1380474.1374588965,20.741671273796253,9163.5075284089,1.0047030026850796,1.4925733887498366e-05,1.4925733887498363e-05,1.492573388749836e-05,0.00659417047419769,9163.5075284089,-24659610.664159037,-0.0022781187347820702,-0.2690689660746579,0.7695704604343494,0.0,0.0,391913466315099.5,-542.4809356717248,0.17925807011081119,1.0,99190847482438.34,224519262462.72528,1.145370817774667e+16,-2912550537.381719,0.004273851616643835,-0.04459308441512803,0.04330929310092311,0.00659417047419769,3489303458094900.5,1.504220248332401e+16,1.504242700258647e+16,1.494301163584157e+16,1058123.242001361,-2912550537.381719,1.0,414.485178716678,1.0764897273059334e-09,1.0764897273059334e-09,0.04452334140380332,322350.8954575355,414.485178716678
2308.0,16205.287887379025,10824564098.140366,410.9247270779951,5.34178417508366e-05,2.616929358932977,0.23351325489097866,3.136581338411311e+16,0.3872304412074851,0.3872304412074851,128070707068.05583,0.06450773612973502,1406923.8506795147,1406903.552923154,1397672.6379889888,20.29775636070276,9230.914934165474,1.0045682021732518,1.4427046887363068e-05,1.4427046887363068e-05,1.4427046887363071e-05,0.006561156885975731,9230.914934165474,-24506063.321003117,-0.0022639307318816837,-0.2636663011468137,0.767967577610362,0.0,0.0,396286710519350.0,-542.6835345588532,0.1784017793927678,1.0,99920630389355.33,219714364774.86334,1.1596329009198082e+16,-2854072777.2832656,0.004198727824940812,-0.04393697316959755,0.04301537642515425,0.006561156885975731,3532868048930662.0,1.5229117688518098e+16,1.5229337402882872e+16,1.5129197058128744e+16,1071297.5510201196,-2854072777.2832656,1.0,413.9323403228851,1.0566296964721754e-09,1.0566296964721754e-09,0.04449372127367979,326375.08696886926,413.9323403228851
2309.0,16344.651887698463,10824577542.96621,410.46474901946357,5.334032861901031e-05,2.6163479098613256,0.23351937238233017,3.1762100094632464e+16,0.3871328769644365,0.3871328769644365,125216634290.77257,0.06342051063182222,1424377.6534068591,1424357.7906986778,1415059.095201974,19.862708181264775,9298.69549670369,1.004430814286626,1.3944832772233328e-05,1.3944832772233328e-05,1.3944832772233328e-05,0.006528342497528295,9298.69549670369,-24353719.252936423,-0.0022498540156665444,-0.25799481859180545,0.7663680333154369,0.0,0.0,400703572452428.5,-542.8850655772557,0.17755007786539734,1.0,100654450452499.8,215005424921.40988,1.1740503321977698e+16,-2792684919.5304985,0.00412034396377041,-0.043287343700879825,0.04272143751451325,0.006528342497528295,3576913581915675.0,1.5418071354345872e+16,1.5418286359770794e+16,1.5317416903893372e+16,1084615.383406501,-2792684919.5304985,1.0,413.37852363627474,1.037166236464961e-09,1.037166236464961e-09,0.04446417152961435,330443.71179547295,413.37852363627474
2310.0,16485.002818012854,10824590573.111729,410.00528584796695,5.326355683774645e-05,2.615764412402193,0.23352573823801712,3.2162803667084892e+16,0.3870363395097907,0.3870363395097907,122423949371.24207,0.06235311554582157,1442021.5544963134,1442002.1169289965,1432635.2758538576,19.437567316904357,9366.841075138918,1.0042904846709078,1.3479387500344086e-05,1.3479387500344086e-05,1.3479387500344086e-05,0.006495719364883663,9366.841075138918,-24202567.260967556,-0.002235887546738877,-0.252028174674068,0.7647718205959921,0.0,0.0,405164459366041.5,-543.0855890112869,0.1767027632735675,1.0,101392219601784.47,210403707942.78754,1.1886245475640456e+16,-2728101803.7354727,0.004038324320426218,-0.04264342395070872,0.04242732498171323,0.006495719364883663,3621444826074531.0,1.5609082521316772e+16,1.5609292925024716e+16,1.5507690301714988e+16,1098078.0654342603,-2728101803.7354727,1.0,412.82350080089645,1.018090846994933e-09,1.018090846994933e-09,0.044433383065023424,334557.2104195974,412.82350080089645
2311.0,16626.345854638123,10824603201.366486,409.54633698715475,5.3187518422500896e-05,2.615179783588739,0.2335329793100093,3.2567968126450932e+16,0.38694081803739194,0.38694081803739194,119695847567.50659,0.06130733476350319,1459857.3272094142,1459838.3037661181,1450402.9194479296,19.02344329600358,9435.384318188522,1.0041485397552006,1.3031029088553322e-05,1.3031029088553322e-05,1.3031029088553322e-05,0.006463307815562136,9435.384318188522,-24052605.983968757,-0.0022220311947261386,-0.2458388150667297,0.7631789325129296,0.0,0.0,409679389589352.5,-543.2849321505474,0.17586040221828037,1.0,102134291296786.61,205921225202.93417,1.203355988289291e+16,-2661107624.5914655,0.0039522814703590444,-0.04200440556929475,0.04213287414041399,0.006463307815562136,3666476202234446.0,1.5802170376424142e+16,1.5802376297649346e+16,1.5700036085127356e+16,1111686.0044693192,-2661107624.5914655,1.0,412.2681491908928,9.993964608444458e-10,9.993964608444458e-10,0.04439802256476644,338716.9149786104,412.2681491908928
2312.0,16768.68618767838,10824615440.125608,409.0879018613214,5.31122054893678e-05,2.6145981831132405,0.23354336028958977,3.2977647516040284e+16,0.38684630185481067,0.38684630185481067,117034739942.91513,0.06028510414031625,1477886.8876603963,1477868.2661429374,1468363.7911915816,18.62151745890951,9504.474951355745,1.0040109905012982,1.2600096539450826e-05,1.2600096539450824e-05,1.2600096539450824e-05,0.00643120579086613,9504.474951355745,-23903858.467200052,-0.0022082870841389143,-0.23978193575938206,0.7615893621416039,0.0,0.0,414283968290847.0,-543.4822840916771,0.17502567386929013,1.0,102882286308732.5,201570765404.28046,1.2182424645958894e+16,-2595547244.0842137,0.003862494127691135,-0.0413696620095541,0.041837962855471485,0.00643120579086613,3712048719894875.5,1.5997355652162502e+16,1.5997557222927906e+16,1.589447336585377e+16,1125437.1772691382,-2595547244.0842137,1.0,411.71641555967005,9.810792036863414e-10,9.810792036863414e-10,0.044363111482602635,342926.61392244353,411.71641555967005
2313.0,16912.02902097671,10824627301.401962,408.6299798954057,5.303761025357799e-05,2.614019934831428,0.23355700048833078,3.3391931484331132e+16,0.38675278038214694,0.38675278038214694,114439192698.83092,0.05928821889228542,1496112.6386237468,1496094.4057577243,1486520.273140844,18.232866022532615,9574.132616880426,1.003878302981541,1.218682708228758e-05,1.2186827082287581e-05,1.2186827082287584e-05,0.006399417429832199,9574.132616880426,-23756310.04310795,-0.0021946538556603355,-0.23389100406306926,0.7600031025717924,0.0,0.0,418979070308756.5,-543.6776079744614,0.17419870616729904,1.0,103636417311926.88,197363979330.31076,1.2332855713986012e+16,-2531782948.1334167,0.003771535054308845,-0.040739364757178605,0.04154267056584411,0.006399417429832199,3758172218741870.0,1.6194664350039808e+16,1.6194861714019138e+16,1.6091027932727882e+16,1139333.0569809743,-2531782948.1334167,1.0,411.1685939864857,9.631304867675966e-10,9.631304867675966e-10,0.04432909129011775,347187.2161598697,411.1685939864857
2314.0,17056.379572065332,10824638796.83794,408.1725705149904,5.296372502802356e-05,2.6134449567992726,0.23357379884466845,3.381091055463989e+16,0.3866602431508462,0.3866602431508462,111907409750.6975,0.058317330172901666,1514537.0023070497,1514519.1444642122,1504874.7818159985,17.85784283759958,9644.362648213826,1.0037503569040624,1.179095843178295e-05,1.1790958431782952e-05,1.179095843178295e-05,0.006367937099683008,9644.362648213826,-23609943.02783047,-0.002181129871486089,-0.22816488701959906,0.7584201469076655,0.0,0.0,423762116262163.5,-543.8709472633657,0.1733793609492944,1.0,104396742092630.08,193304698407.71497,1.2484872775902336e+16,-2469802488.108497,0.003681056848047172,-0.04011375404509924,0.041247094768145254,0.006367937099683008,3804853171726152.5,1.6394122689721116e+16,1.6394315994419524e+16,1.6289725947628488e+16,1153375.462241694,-2469802488.108497,1.0,410.62459333674616,9.45541544364853e-10,9.45541544364853e-10,0.04429589036355397,351499.31957430433,410.62459333674616
2315.0,17201.74307211513,10824649937.716879,407.71567314630107,5.289054222180793e-05,2.6128731670727467,0.2335936542970389,3.4234672670902052e+16,0.3865686798025272,0.3865686798025272,109437607262.589,0.05737235741452286,1533162.373956521,1533144.8776094655,1523429.7076119576,17.49634705553389,9715.169997507901,1.0036270321056677,1.1411933499504252e-05,1.1411933499504254e-05,1.1411933499504252e-05,0.006336759258300587,9715.169997507901,-23464740.548493553,-0.0021677135688918828,-0.22260229362491427,0.7568404882677559,0.0,0.0,428630680957849.0,-544.0623445022668,0.17256750221364903,1.0,105163314308432.8,189391832064.9578,1.2638495341569764e+16,-2409591903.8225627,0.0035919669646751044,-0.0394930608999727,0.04095133131757664,0.006336759258300587,3852097948048054.5,1.6595756603926252e+16,1.6595945995758318e+16,1.649059328961782e+16,1167566.195146211,-2409591903.8225627,1.0,410.0843229918628,9.283039153981396e-10,9.283039153981396e-10,0.044263442474721915,355863.51246574667,410.0843229918628
2316.0,17348.124765884768,10824660734.974134,407.2592872162057,5.2818054338820954e-05,2.6123044837078213,0.23361646578387835,3.46633033518599e+16,0.3864780800878228,0.3864780800878228,107028015358.76645,0.05645282059201461,1551991.1239908044,1551973.9759556039,1542187.4167003897,17.148035200546445,9786.55925521436,1.0035082085462657,1.1049054943337452e-05,1.1049054943337452e-05,1.104905494333745e-05,0.006305878453398962,9786.55925521436,-23320686.483272392,-0.0021544034546897156,-0.21720177355514592,0.75526411978493,0.0,0.0,433582481382174.5,-544.2518413680157,0.17176299608194845,1.0,105936183700416.6,185621663317.30942,1.2793742758959736e+16,-2351135509.769131,0.003504759145595336,-0.03887750705225364,0.04065547435564667,0.006305878453398962,3899912816568164.0,1.6799591759228316e+16,1.6799777380891634e+16,1.6693655575527902e+16,1181907.0428344754,-2351135509.769131,1.0,409.5476928416004,9.114094256624679e-10,9.114094256624679e-10,0.044231686450647345,360280.37386591436,409.5476928416004
2317.0,17495.529911669073,10824671199.207813,406.80341215221347,5.274625397633864e-05,2.6117388247604683,0.23364213224362285,3.5096885833242076e+16,0.3863884338652326,0.3863884338652326,104676879848.99731,0.05555802459184861,1571025.5999682215,1571008.7875302539,1561150.252862251,16.812437967636114,9858.53466800284,1.0033937663034562,1.0701568432733488e-05,1.0701568432733492e-05,1.0701568432733492e-05,0.0062752893212654854,9858.53466800284,-23177765.405393377,-0.00214119810004849,-0.21196171553784882,0.7536910346063568,0.0,0.0,438615365656029.5,-544.439478708273,0.1709657107602366,1.0,106715396287122.1,181989113056.7386,1.2950634230813764e+16,-2294415877.5172315,0.003419696944115918,-0.03826730484598842,0.040359616237915494,0.0062752893212654854,3948303948980237.5,1.7005653576081126e+16,1.7005835565194182e+16,1.6898938179794002e+16,1196399.7790308436,-2294415877.5172315,1.0,409.0146132766309,8.948501714265894e-10,8.948501714265894e-10,0.04420056582249399,364750.47383140726,409.0146132766309
2318.0,17643.96378124698,10824681340.689169,406.34804738247476,5.267513382364686e-05,2.6111761082866596,0.23367055261470848,3.5535501198898104e+16,0.38629973109998733,0.38629973109998733,102382463971.48009,0.05468716168461005,1590268.1284018732,1590251.6393773449,1580320.5392222,16.489024528266448,9931.100155144857,1.0032835855672566,1.036870715936247e-05,1.0368707159362468e-05,1.0368707159362465e-05,0.006244986585288684,9931.100155144857,-23035962.53123302,-0.002128096135693395,-0.20688034539525912,0.7521212258934781,0.0,0.0,443727302786462.5,-544.6252965704555,0.17017551650042417,1.0,107500994541911.84,178488436137.29184,1.310918883055012e+16,-2239413814.555392,0.003336915345837346,-0.03766265714755831,0.040063847461566375,0.006244986585288684,3997277422676273.0,1.7213967247768306e+16,1.7214145736204444e+16,1.7106466253226394e+16,1211046.1655137744,-2239413814.555392,1.0,408.48499518128136,8.786185043190802e-10,8.786185043190802e-10,0.04417002848192397,369274.37370842556,408.48499518128136
2319.0,17793.431659828973,10824691169.372688,405.8931923357801,5.2604686660688744e-05,2.6106162523423664,0.2337016258355715,3.597922850168457e+16,0.3862119618629264,0.3862119618629264,100143050156.9247,0.05383936864969722,1609721.0164344348,1609704.8391965125,1599700.579873023,16.177237922353477,10004.259323489277,1.0031775466349715,1.0049715296745263e-05,1.0049715296745265e-05,1.0049715296745266e-05,0.006214965054390297,10004.259323489277,-22895263.672430694,-0.0021150962474763627,-0.2019557237849597,0.7505546868219805,0.0,0.0,448916373107046.5,-544.8093342256014,0.16939228556221708,1.0,108293017555088.77,175113604482.94064,1.3269425517316378e+16,-2186108339.859323,0.003256477029732025,-0.03706375725268065,0.03976825659262014,0.006214965054390297,4046839223275503.5,1.7424557758146972e+16,1.7424732871751454e+16,1.7316264740591882e+16,1225847.953506591,-2186108339.859323,1.0,407.95874992647606,8.627070174072173e-10,8.627070174072173e-10,0.04414002635373193,373852.626366432,407.95874992647606
2320.0,17943.938846003686,10824700694.90585,405.4388464415592,5.253490535673518e-05,2.6100591749835607,0.2337352508446479,3.642814487479162e+16,0.38612511632938556,0.38612511632938556,97956941817.06537,0.05301375879282321,1629386.5533828258,1629370.6768682983,1619292.6613871586,15.876514527543511,10078.015481139792,1.0030755299062133,9.7438600401984e-06,9.7438600401984e-06,9.743860040198399e-06,0.006185219621424668,10078.015481139792,-22755655.191815946,-0.0021021971722991707,-0.19718574366088737,0.7489914105817631,0.0,0.0,454180759332333.5,-544.991630189241,0.1686158921757307,1.0,109091501181965.81,171858517838.98306,1.3431363150162022e+16,-2134476656.4315343,0.0031784035085102216,-0.03647078879105165,0.03947293019262568,0.006185219621424668,4096995246811496.0,1.7637449898155484e+16,1.7637621756673322e+16,1.7528358396973518e+16,1240806.8849869336,-2134476656.4315343,1.0,407.43578936287537,8.471085323712849e-10,8.471085323712849e-10,0.04411051508857722,378485.776400225,407.43578936287537
2321.0,18095.490651684377,10824709926.638597,404.98500912988027,5.246578286907807e-05,2.609504794266213,0.23377132658037394,3.688232563412395e+16,0.38603918477809784,0.38603918477809784,95822465160.63383,0.052209440065858925,1649267.012161826,1649251.4258670625,1639099.054217129,15.58629476335526,10152.37164993365,1.0029774158780576,9.45043746611112e-06,9.450437466111118e-06,9.450437466111118e-06,0.006155745261579043,10152.37164993365,-22617123.96290153,-0.0020893976943661932,-0.19256812747421637,0.7474313903769102,0.0,0.0,459518738170958.0,-545.1722222404047,0.16784621250490017,1.0,109896478177961.05,168717119644.4069,1.359502050134474e+16,-2084494121.0243568,0.003102692355967807,-0.035883925628082035,0.03917795274467411,0.006155745261579043,4147751301583353.5,1.7852668281106052e+16,1.7852836998225698e+16,1.7742771802928094e+16,1255924.6939161546,-2084494121.0243568,1.0,406.91602581420113,8.318160876800019e-10,8.318160876800019e-10,0.04408145377683015,383174.3603009745,406.91602581420113
2322.0,18248.092402054346,10824718873.632513,404.53167983144994,5.2397312241745744e-05,2.6089530282462965,0.23380975198118562,3.734184437229491e+16,0.38595415759010504,0.38595415759010504,93737971039.60948,0.05142552549734045,1669364.6505946894,1669349.3445657147,1659122.0139889033,15.30602897470748,10227.330576811359,1.0028830851403512,9.168775060173284e-06,9.168775060173284e-06,9.168775060173286e-06,0.006126537030792691,10227.330576811359,-22479657.332680255,-0.0020766966417425886,-0.1881004241337812,0.7458746194256605,0.0,0.0,464928672452872.0,-545.351147439407,0.16708312461168762,1.0,110707978321688.81,165683460722.88217,1.3760416268802504e+16,-2036134211.259222,0.0030293267279413883,-0.0353033317632351,0.03888340657859687,0.006126537030792691,4199113109682363.5,1.8070237356806556e+16,1.807040304026728e+16,1.7959529378484868e+16,1271203.1073916326,-2036134211.259222,1.0,406.3993720707574,8.168229276786946e-10,8.168229276786946e-10,0.0440528046834372,387918.90659727063,406.3993720707574
2323.0,18401.749435512324,10824727544.669708,404.0788579776118,5.232948660424028e-05,2.6084037949797816,0.23385042598551917,3.7806773044747784e+16,0.385870025247681,0.385870025247681,91701836828.35027,0.050661139372372696,1689681.7126182439,1689666.6774375741,1679363.7826934147,15.035180669674777,10302.89474415959,1.0027924183711543,8.89823246437167e-06,8.898232464371668e-06,8.898232464371668e-06,0.006097590064203795,10302.89474415959,-22343243.087466154,-0.00206409288319394,-0.18378000574171607,0.7443210909603779,0.0,0.0,470409003733628.0,-545.5284421447451,0.16632650842113317,1.0,111526028526937.08,162751734334.1141,1.3927569087833714e+16,-1989368490.311911,0.0029582806140517354,-0.034729161224533726,0.03858937179522042,0.006097590064203795,4251086308208406.5,1.8290181424569056e+16,1.829034417630339e+16,1.817865539604212e+16,1286643.8467259067,-1989368490.311911,1.0,405.8857413831327,8.021224925085348e-10,8.021224925085348e-10,0.04402453300274978,392719.9359675079,405.8857413831327
2324.0,18556.467103616847,10824735948.261452,403.6265430003461,5.226229917029627e-05,2.607857012522641,0.23389324753181068,3.827718204848141e+16,0.3857867783332663,0.3857867783332663,89712468338.03836,0.04991542106687946,1710220.429389196,1710205.6561608845,1699826.5897816818,14.773228311474265,10379.06637920263,1.0027052963323337,8.638201285404191e-06,8.638201285404191e-06,8.638201285404193e-06,0.006068899574628841,10379.06637920263,-22207869.421534196,-0.00205158532528463,-0.17960406412083244,0.7427707982275221,0.0,0.0,475958245342660.5,-545.7041420293123,0.16557624568722773,1.0,112350652944346.53,159916295575.0893,1.4096497542029642e+16,-1944166569.3426297,0.002889521723752111,-0.034161557958849315,0.03829592618956052,0.006068899574628841,4303676450190801.5,1.851252464516479e+16,1.8512684561460364e+16,1.8400173992220444e+16,1302248.628456721,-1944166569.3426297,1.0,405.3750474560935,7.877084087822952e-10,7.877084087822952e-10,0.043996606632255464,397577.9613249605,405.3750474560935
2325.0,18712.250771030373,10824744092.656507,403.174734332269,5.219574323666045e-05,2.607312598930845,0.23393811555849625,3.875314029382407e+16,0.3857044075284142,0.3857044075284142,87768301768.69572,0.049187527591735565,1730983.0202979755,1730968.500631648,1720512.6531691365,14.519666327535642,10455.847462511656,1.0026215998652903,8.38810442232772e-06,8.38810442232772e-06,8.38810442232772e-06,0.006040460851076268,10455.847462511656,-22073524.90832726,-0.00203917290971358,-0.17556960714659423,0.7412237344876194,0.0,0.0,481574975846174.0,-545.878282096042,0.16483221995958885,1.0,113181873053540.58,157171672306.33505,1.4267220173504802e+16,-1900496067.8101196,0.002823013060905613,-0.033600655717632884,0.038003145172849404,0.006040460851076268,4356889005228581.0,1.8737291051786924e+16,1.8737448223459228e+16,1.8624109178733384e+16,1318019.1652922,-1900496067.8101196,1.0,404.86720444265666,7.735744809487007e-10,7.735744809487007e-10,0.04396899596381787,402493.48787693644,404.86720444265666
2326.0,18869.10581546269,10824751985.849236,402.72343140663133,5.2129812181892075e-05,2.606770472260367,0.23398492900401202,3.923471526967025e+16,0.38562290361274726,0.38562290361274726,85867805700.8856,0.04847663543188234,1751971.6938958904,1751957.419890188,1741424.1801544917,14.274005702374623,10533.239735696217,1.0025412098868387,8.14739516175245e-06,8.147395161752451e-06,8.147395161752451e-06,0.006012269257295327,10533.239735696217,-21940198.47401727,-0.0020268546108676497,-0.1716734548977435,0.7396798930152331,0.0,0.0,487257832897365.5,-546.0508966930411,0.1640943165509634,1.0,114019707746403.7,154512571572.803,1.4439755492468822e+16,-1858322571.821948,0.00275871377077745,-0.03304657793778623,0.03771110169329771,0.006012269257295327,4410729359864390.5,1.8964504560079616e+16,1.8964659072651188e+16,1.8850484852333212e+16,1333957.166995173,-1858322571.821948,1.0,404.3621269383496,7.597146832838196e-10,7.597146832838196e-10,0.04394167369119395,407467.0131593186,404.3621269383496
2327.0,19027.037627613892,10824759635.587442,402.27263365731886,5.20644994651834e-05,2.6062305505671772,0.23403358680679415,3.972197310256762e+16,0.38554225746292553,0.38554225746292553,84009483129.06366,0.04778194200497338,1773188.6487409929,1773174.6129666353,1762563.3682582986,14.035774357600323,10611.244708336611,1.0024640073852191,7.915556174784936e-06,7.915556174784938e-06,7.915556174784936e-06,0.005984320230359782,10611.244708336611,-21807879.3732236,-0.002014629433574496,-0.16791223563588398,0.7381392670989346,0.0,0.0,493005507448858.5,-546.2220195284076,0.16336242250501654,1.0,114864173402143.0,151933883720.36523,1.4614121986181854e+16,-1817609590.6325643,0.002696579582876726,-0.032499437617410525,0.03741986615550184,0.005984320230359782,4465202817705620.5,1.919418897728962e+16,1.919434091117334e+16,1.9079324803887476e+16,1350064.3412105446,-1817609590.6325643,1.0,403.8597299756473,7.461231524536866e-10,7.461231524536866e-10,0.04391461463252755,412499.02704775403,403.8597299756473
2328.0,19186.05161111667,10824767049.37998,401.82234051885087,5.199979862520002e-05,2.6056927519072475,0.23408398790527876,4.021497861001647e+16,0.3854624600516251,0.3854624600516251,82191873538.43109,0.047102666919765,1794636.0741676362,1794622.269650204,1783932.405985992,13.804517432110192,10689.863664212131,1.0023898734162568,7.69209848771864e-06,7.692098487718642e-06,7.69209848771864e-06,0.0059566092792862355,10689.863664212131,-21676557.166708328,-0.0020024964110382324,-0.16428238162580258,0.7366018500412741,0.0,0.0,498816738303793.5,-546.3916836838239,0.16263642656754784,1.0,115715283954727.81,149430685431.69794,1.4790338127332874e+16,-1778318511.4166548,0.0026365630288264982,-0.03195933718619955,0.03712950633841415,0.0059566092792862355,4520314599305442.0,1.9426368010593044e+16,1.9426517441278476e+16,1.9310652726638316e+16,1366342.3942393323,-1778318511.4166548,1.0,403.3599290185893,7.327941805977478e-10,7.327941805977478e-10,0.043887795566697196,417590.01174665976,403.3599290185893
2329.0,19346.153182478152,10824774234.504112,401.3725514263796,5.193570327894057e-05,2.6051569943365496,0.23413603123790197,4.0713795348320264e+16,0.38538350244652764,0.38538350244652764,80413555027.01443,0.04643805313450555,1816316.1509843718,1816302.5711868464,1805533.4735199704,13.579797525530877,10769.097666875861,1.0023186890996643,7.476560464526601e-06,7.4765604645266e-06,7.476560464526598e-06,0.005929131983686447,10769.097666875861,-21546221.700882934,-0.0019904546029425783,-0.16078012480600432,0.7350676351587512,0.0,0.0,504690306983651.5,-546.5599216296391,0.16191621915207877,1.0,116573050953256.17,146998242364.14932,1.4968422381878012e+16,-1740408552.420391,0.0025786135345662545,-0.031426368370277284,0.03684008731180098,0.005929131983686447,4576069841815677.0,1.9661065274646944e+16,1.9661212272889308e+16,1.954449222369369e+16,1382793.0317628211,-1740408552.420391,1.0,402.8626399575758,7.197222088871574e-10,7.197222088871574e-10,0.043861195082391724,422740.44175714947,402.8626399575758
2330.0,19507.34777102119,10824781198.012665,400.9232658156894,5.187220712061565e-05,2.604623195911055,0.23418961574309985,4.121848565530391e+16,0.3853053758093207,0.3853053758093207,78673146474.59404,0.04578736807125998,1838231.052104497,1838217.690909557,1827368.7433449344,13.361194940159816,10848.94756462262,1.0022503356154802,7.268506820654161e-06,7.2685068206541616e-06,7.268506820654163e-06,0.005901883992452776,10848.94756462262,-21416863.088975023,-0.0019785030937075174,-0.1574014923181032,0.733536615781786,0.0,0.0,510625032892184.5,-546.7267652371146,0.1612016923143612,1.0,117437483615752.23,144632011771.22394,1.5148393216373702e+16,-1703836714.5841382,0.0025226774419430742,-0.03090061205130597,0.03655167135111947,0.005901883992452776,4632473598422575.0,1.9898304298412028e+16,1.98984489304238e+16,1.9780866814796276e+16,1399417.959520033,-1703836714.5841382,1.0,402.3677791043377,7.069018215169411e-10,7.069018215169411e-10,0.04383479343891117,427950.78382490145,402.3677791043377
2331.0,19669.640818825,10824787946.740936,400.4744831231963,5.1809303920545284e-05,2.604091274686736,0.23424464035930864,4.17291106881961e+16,0.3852280713947082,0.3852280713947082,76969309760.0099,0.04514990471753485,1860382.9431132488,1860369.7948053076,1849440.380810414,13.148307941091254,10929.413994893688,1.002184694200654,7.0675276774405825e-06,7.0675276774405825e-06,7.067527677440582e-06,0.005874861022476168,10929.413994893688,-21288471.693716493,-0.001966640990886653,-0.15414230190388942,0.7320087852546908,0.0,0.0,516619768756122.0,-546.8922457920283,0.16049273972176925,1.0,118308588876866.9,142327645320.76273,1.5330269104836804e+16,-1668557731.7321246,0.0024686979902388646,-0.030382138119714637,0.036264317850749885,0.005874861022476168,4689530837575732.0,2.0138108531289404e+16,2.0138250858934724e+16,2.0019799942412536e+16,1416218.8839414958,-1668557731.7321246,1.0,401.8752631870821,6.94327740094179e-10,6.94327740094179e-10,0.04380857243777614,433221.49686891824,401.8752631870821
2332.0,19833.037780665385,10824794487.313417,400.02620278594736,5.174698752407481e-05,2.603561148719564,0.23430100402496443,4.2245730456952216e+16,0.38515158054943155,0.38515158054943155,75300752028.27777,0.044524982732933704,1882773.982775386,1882761.0420223405,1871750.5446341822,12.940753045383904,11010.497388158383,1.002121646145768,6.87323766090501e-06,6.87323766090501e-06,6.87323766090501e-06,0.005848058857395741,11010.497388158383,-21161038.111426342,-0.0019548674236935333,-0.15099815717720627,0.7304841369356397,0.0,0.0,522673396324565.0,-547.0563940072851,0.1597892566254845,1.0,119186371429915.64,140080992227.356,1.5514068535162196e+16,-1634524019.4063075,0.002416615274609989,-0.029871005321921582,0.03597808323552569,0.005848058857395741,4747246442019788.0,2.0380501348611896e+16,2.0380641429604124e+16,2.0261314977181984e+16,1433197.5127421194,-1634524019.4063075,1.0,401.3850093458093,6.819948183884684e-10,6.819948183884684e-10,0.043782515304265024,438553.03189206286,401.3850093458093
2333.0,19997.544123954354,10824800826.150282,399.57842424161976,5.1685251850508815e-05,2.6030327360655097,0.2343586056785033,4.276840385327678e+16,0.385075894711301,0.385075894711301,73666228008.87146,0.04391194957099484,1905406.3234866157,1905393.5853212697,1894301.3873499597,12.738165346020017,11092.19797131002,1.0020610727919022,6.685275045540434e-06,6.685275045540434e-06,6.685275045540434e-06,0.005821473346379382,11092.19797131002,-21034553.157372013,-0.001943181541646223,-0.14796444277807796,0.7289626641966414,0.0,0.0,528784822310037.5,-547.219240035239,0.15909113983313594,1.0,120070833763659.19,137888102761.23636,1.5699810015125752e+16,-1601685622.4250045,0.0023663661908888507,-0.029367261101443675,0.03569302087050822,0.005821473346379382,4805625207637716.0,2.062550605652713e+16,2.062564394462989e+16,2.0505435222763468e+16,1450355.5554757686,-1601685622.4250045,1.0,400.8969351278021,6.698980374138618e-10,6.698980374138618e-10,0.04375660657810765,443945.83187419095,400.8969351278021
2334.0,20163.165328679173,10824806969.473696,399.13114692851985,5.162409089206265e-05,2.6025059547805456,0.2344173442583614,4.3297188675586824e+16,0.38500100540823723,0.38500100540823723,72064542386.44646,0.04331018162214412,1928282.1116720797,1928269.5714732062,1917095.0557025955,12.540198873356228,11174.515770610678,1.002002855527642,6.503300942040162e-06,6.503300942040162e-06,6.503300942040162e-06,0.005795100402934482,11174.515770610678,-20909007.852303296,-0.001931582513320318,-0.1450363194155778,0.7274443604235088,0.0,0.0,534952974555282.5,-547.3808134796807,0.158398287682063,1.0,120961976194200.2,135745232162.89268,1.5887512077999056e+16,-1569990161.2365596,0.0023178843720310146,-0.02887094143380452,0.03540918096895757,0.005795100402934482,4864671842113965.0,2.087314589630722e+16,2.0873281641539384e+16,2.075218392011302e+16,1467694.7240539577,-1569990161.2365596,1.0,400.4109584832856,6.580325008144082e-10,6.580325008144082e-10,0.04373083201260153,449400.33164863783,400.4109584832856
2335.0,20329.906887340876,10824812923.31392,398.68437028558304,5.156349871283129e-05,2.601980722920644,0.23447711870297486,4.3832141650142104e+16,0.3849269042573231,0.3849269042573231,70494552225.2099,0.042719085381335994,1951403.488134904,1951391.1416079092,1940133.6909936923,12.346526994857204,11257.450614216921,1.0019468757862242,6.326998526920572e-06,6.326998526920572e-06,6.326998526920572e-06,0.005768936003748073,11257.450614216921,-20784393.41006136,-0.0019200695252014023,-0.14220871880518707,0.7259292190158316,0.0,0.0,541176798410860.5,-547.5411434074902,0.15771060001323,1.0,121859796892343.55,133648844971.97443,1.6077193287800182e+16,-1539382777.130304,0.002271100119177943,-0.028382070655170382,0.03512661049845557,0.005768936003748073,4924390963425071.0,2.1123444048117596e+16,2.112357769696257e+16,2.1001584251225252e+16,1485216.7332309235,-1539382777.130304,1.0,399.92699776125454,6.463934305280135e-10,6.463934305280135e-10,0.04370517848149991,454916.9577627687,399.92699776125454
2336.0,20497.77430489231,10824818693.515228,398.23809375237255,5.150346944777528e-05,2.6014569585417746,0.23453782795077985,4.437331844855297e+16,0.38485358296386524,0.38485358296386524,68955169448.07959,0.04213809864262898,1974772.5883576046,1974760.4315147519,1963419.4293804357,12.156842852633511,11341.00213431624,1.0018930150428191,6.156072311467629e-06,6.156072311467629e-06,6.156072311467629e-06,0.0057429761875556,11341.00213431624,-20660701.226174094,-0.0019086417806287322,-0.1394763385061143,0.7244172333869467,0.0,0.0,547455253309574.0,-547.7002583599624,0.1570279781457775,1.0,122764291906742.55,131595619765.31422,1.6268872244203474e+16,-1509806076.364044,0.002225940329019257,-0.027900661284657333,0.034845353085140196,0.0057429761875556,4984787098164871.0,2.1376423634275084e+16,2.1376555229894852e+16,2.1253659342368344e+16,1502923.3010571888,-1509806076.364044,1.0,399.444971705464,6.349761627056858e-10,6.349761627056858e-10,0.04367963389302609,460496.12832324696,399.444971705464
2337.0,20666.773098675527,10824824285.741644,397.79231676907904,5.144399730172328e-05,2.60093457969991,0.23459937094021244,4.492077370186254e+16,0.38478103332046537,0.38478103332046537,67445363371.715546,0.04156669172218927,1998391.542758912,1998379.5718990746,1986954.4021301724,11.970859837402346,11425.16976890228,1.0018411548119655,5.9902474471423055e-06,5.990247447142305e-06,5.990247447142305e-06,0.005717217054037866,11425.16976890228,-20537922.867356244,-0.0018972984988226186,-0.136833636665161,0.7229083969639102,0.0,0.0,553787309524566.5,-547.8581863638148,0.15635032485219214,1.0,123675455183134.66,129582454289.12218,1.6462567587129138e+16,-1481200073.279383,0.0021823284184242816,-0.02742671384026672,0.0345654489160145,0.005717217054037866,5045864679710822.0,2.1632107722023092e+16,2.1632237304477384e+16,2.150843226683996e+16,1520816.149303548,-1481200073.279383,1.0,398.9647994505948,6.237761438653558e-10,6.237761438653558e-10,0.043654187110496734,466138.2528266243,398.9647994505948
2338.0,20836.90879835869,10824829705.482502,397.3470387765199,5.138507654839104e-05,2.6004135044510224,0.23466164660970873,4.547456101138711e+16,0.38470924720610183,0.38470924720610183,65964163298.436165,0.0410043687107825,2022262.476908454,2022250.6885963571,2010740.7358331431,11.788312096806298,11509.952763214007,1.0017911766451335,5.829269064433094e-06,5.829269064433094e-06,5.829269064433095e-06,0.005691654762745096,11509.952763214007,-20416050.06183982,-0.0018860389139886058,-0.13427482667013968,0.7214027031874682,0.0,0.0,560171945098899.0,-548.0149549418883,0.15567754433408276,1.0,124593278579939.39,127606470963.00752,1.6658298001032744e+16,-1453502132.437442,0.0021401842469247418,-0.026960216648421687,0.03428693463929711,0.005691654762745096,5107628046237610.0,2.1890519325850292e+16,2.1890646932321256e+16,2.176592604727035e+16,1538897.0038573204,-1453502132.437442,1.0,398.4864005185732,6.127889272613636e-10,6.127889272613636e-10,0.043628827878998244,471843.7319758227,398.4864005185732
2339.0,21008.1869458725,10824834958.05783,396.90225921613825,5.132670152941639e-05,2.599893650851082,0.23472455389770494,4.603473295648601e+16,0.3846382165852205,0.3846382165852205,64510661165.998726,0.04045066875655384,2046387.5117015147,2046375.9027464392,2034780.5525755761,11.608955075482791,11595.350170863083,1.0017429621284315,5.672901642089412e-06,5.672901642089414e-06,5.672901642089414e-06,0.005666285532047643,11595.350170863083,-20295074.69046627,-0.0018748622744921342,-0.13179387171865706,0.7199001455120286,0.0,0.0,566608142935065.0,-548.17059112355,0.15500954219854424,1.0,125517751880480.55,125665022727.60901,1.685608221891266e+16,-1426646909.8379083,0.0020994240373913282,-0.026501145647084903,0.034009843262783425,0.005666285532047643,5170081438583667.0,2.215168140937681e+16,2.2151807074399536e+16,2.202616365749633e+16,1557167.5950925483,-1426646909.8379083,1.0,398.0096948150571,6.020101694524394e-10,6.020101694524394e-10,0.043603546757656764,477612.95748302765,398.0096948150571
2340.0,21180.613095345947,10824840048.623575,396.4579775300027,5.1268866653410045e-05,2.5993749369560626,0.23478799174263718,4.660134109942107e+16,0.3845679335068352,0.3845679335068352,63084014256.16082,0.03990516737874317,2070768.7634959482,2070757.3309298644,2059075.9700751926,11.432566083844167,11681.360854671871,1.0016963928804583,5.520928403682935e-06,5.520928403682935e-06,5.520928403682934e-06,0.0056411056381128,11681.360854671871,-20174988.7784781,-0.001863767842097901,-0.12938447930690194,0.7184007174056328,0.0,0.0,573094888033722.0,-548.3251214548008,0.15434622543510623,1.0,126448862802075.8,123755699202.93193,1.7055939026052554e+16,-1400566293.2716603,0.0020599602951334875,-0.02604946418245095,0.03373420405019014,0.0056411056381128,5233228997975829.0,2.241561688683046e+16,2.241574064252966e+16,2.2289168024028384e+16,1575629.6582157155,-1400566293.2716603,1.0,397.5346026260875,5.91435627052574e-10,5.91435627052574e-10,0.043578335057061324,483446.31185947696,397.5346026260875
2341.0,21354.19281304164,10824844982.176662,396.0141931608062,5.1211566395021916e-05,2.5988572808219343,0.23485185908294154,4.717443598745479e+16,0.3844983901036378,0.3844983901036378,61683447962.88916,0.03936747781288001,2095408.3442131854,2095397.085268293,2083629.1017810507,11.258944892185172,11767.983487242274,1.0016513505502862,5.373150738508129e-06,5.373150738508129e-06,5.373150738508129e-06,0.005616111413906787,11767.983487242274,-20055784.48795231,-0.0018527548912686128,-0.12704009564134636,0.7169044123499272,0.0,0.0,579631164871593.0,-548.4785720081044,0.15368750239323725,1.0,127386597002212.36,121876333120.77422,1.7257887263514798e+16,-1375189341.8384714,0.002021701725581064,-0.02560512279921724,0.03346004241545887,0.005616111413906787,5297074763617072.0,2.268234862413409e+16,2.268247050046721e+16,2.255496202713187e+16,1594284.9335884512,-1375189341.8384714,1.0,397.06104461489167,5.810611536505809e-10,5.810611536505809e-10,0.04355318478144432,489344.1681925994,397.06104461489167
2342.0,21528.931677290562,10824849763.559898,395.57090555186534,5.1154795294022503e-05,2.598340600504669,0.23491605485705414,4.775406715232638e+16,0.3844295785911174,0.3844295785911174,60308258621.05069,0.03883725238793245,2120308.361405123,2120297.273490777,2108442.056939502,11.087914346481885,11855.216551275154,1.001607716815592,5.2293876439434274e-06,5.229387643943427e-06,5.229387643943427e-06,0.005591299248221537,11855.216551275154,-19937454.110823337,-0.0018418227085182785,-0.12475389997870343,0.7154112238401346,0.0,0.0,586215954909173.0,-548.6309683919368,0.1530332827604094,1.0,128330938082022.25,120025006991.88684,1.74619458313995e+16,-1350442224.687643,0.001984553150655444,-0.025168059024443534,0.033187379814996205,0.005591299248221537,5361622670141812.0,2.2951899439623332e+16,2.295201946463032e+16,2.282356850154131e+16,1613135.1670285817,-1350442224.687643,1.0,396.5889418188527,5.708826968854392e-10,5.708826968854392e-10,0.04352808857522428,495306.88991092006,396.5889418188527
2343.0,21704.835278426264,10824854397.466724,395.12811414712047,5.109854795439934e-05,2.597824814060238,0.23498047800341113,4.834028310723556e+16,0.3843614912666893,0.3843614912666893,58957816396.363045,0.0383141839358367,2145470.9182885555,2145459.9989675535,2133516.9406278953,10.919321002093955,11943.058339658097,1.0015653733809222,5.089475186549864e-06,5.089475186549864e-06,5.089475186549865e-06,0.005566665584725598,11943.058339658097,-19819990.062447134,-0.0018309705918155802,-0.122518798896892,0.7139211453850262,0.0,0.0,592848234219402.0,-548.7823357605714,0.1523834775389976,1.0,129281867587249.6,118200059966.86751,1.7668133691882666e+16,-1326248159.0113626,0.0019484154239262099,-0.02473819714502174,0.032916233637831055,0.005566665584725598,5426876544942958.0,2.3224292104412876e+16,2.322441030447284e+16,2.3095010236825624e+16,1632182.110090777,-1326248159.0113626,1.0,396.11821564663245,5.608962956656246e-10,5.608962956656246e-10,0.043503039673607136,501334.83053711813,396.11821564663245
2344.0,21881.909218718603,10824858888.445827,394.6858183911336,5.1042819043467946e-05,2.5973098395446126,0.23504502746044867,4.893313134145496e+16,0.38429412050883227,0.38429412050883227,57631568237.351685,0.037798007233791855,2170898.113748697,2170887.3607129254,2158855.8537575873,10.75303577153668,12031.506955338291,1.0015242019761037,4.9532659793823244e-06,4.9532659793823244e-06,4.9532659793823244e-06,0.005542206921038552,12031.506955338291,-19703384.875662513,-0.0018201978500332592,-0.12032742050137422,0.7124341705068934,0.0,0.0,599526971229189.0,-548.9326988210987,0.15173799903220164,1.0,130239365006891.5,116400094849.29477,1.787646987204644e+16,-1302527347.3380594,0.0019131853446252094,-0.024315447978782958,0.03264661709367176,0.005542206921038552,5492840105374685.0,2.3499549342428016e+16,2.3499665742522864e+16,2.3369309977421124e+16,1651427.5203279848,-1302527347.3380594,1.0,395.6487878754522,5.510980775219353e-10,5.510980775219353e-10,0.0434780318568897,507428.33342960244,395.6487878754522
2345.0,22060.159112306897,10824863240.905596,394.2440177290892,5.098760329099723e-05,2.596795595013766,0.23510960216660282,4.953265831268415e+16,0.384227458776236,0.384227458776236,56329040890.013626,0.03728850047967351,2196592.042313226,2196581.453358643,2184460.893047647,10.588954582573637,12120.560310996148,1.00148408435479,4.8206286732343945e-06,4.8206286732343945e-06,4.8206286732343945e-06,0.005517919807828398,12120.560310996148,-19587631.19530885,-0.0018095038024397406,-0.11817210856988439,0.7109502927415193,0.0,0.0,606251124566039.0,-549.082081845198,0.15109676081349532,1.0,131203407769681.5,114623985220.52022,1.808697346651283e+16,-1279196914.1584466,0.0018787555705875917,-0.023899708639277675,0.03237853909884807,0.005517919807828398,5559516955834454.0,2.377769383011697e+16,2.3777808454102188e+16,2.3646490422347284e+16,1670873.1615347129,-1279196914.1584466,1.0,395.1805806485288,5.414842560835222e-10,5.414842560835222e-10,0.04345305940819855,513587.7315129342,395.1805806485288
2346.0,22239.590585132457,10824867459.118456,393.8027116067923,5.0932895488348905e-05,2.596281998523669,0.23517410106030973,5.013890943725019e+16,0.38416149860695636,0.38416149860695636,55049843975.85518,0.03678548680088965,2222554.7940981556,2222544.3670991124,2210334.150970578,10.42699904310835,12210.216128533997,1.001444902293145,4.691447459831605e-06,4.691447459831606e-06,4.691447459831606e-06,0.005493800847931282,12210.216128533997,-19472721.77316362,-0.0017988877782296115,-0.11604491663876397,0.7094695056381514,0.0,0.0,613019641002680.0,-549.230508675716,0.15045967771336188,1.0,132173971238571.0,112870882638.00285,1.8299663639891936e+16,-1256170841.91907,0.0018450145301788898,-0.023490862294270644,0.03211200416012504,0.005493800847931282,5626910584727699.0,2.4058748195858204e+16,2.4058861066740844e+16,2.392657422461963e+16,1690520.8039731698,-1256170841.91907,1.0,394.71351647265993,5.320511286689409e-10,5.320511286689409e-10,0.0434281170744073,519813.34699740866,394.71351647265993
2347.0,22420.209274870795,10824871547.225058,393.36189947066845,5.087869048763088e-05,2.595768968130293,0.2352384230800056,5.075192907825287e+16,0.38409623261758075,0.38409623261758075,53793673133.93611,0.03628883579697754,2248788.454726797,2248778.1876096874,2236477.7156712934,10.267117109751666,12300.471938394041,1.0014065375886723,4.5656215853344965e-06,4.565621585334495e-06,4.565621585334494e-06,0.0054698466954932025,12300.471938394041,-19358649.463265248,-0.0017883491160897715,-0.11393760203513195,0.7079918027594725,0.0,0.0,619831453493024.0,-549.3780027353431,0.14982666579859782,1.0,133151028703361.9,111140223873.37839,1.8514559629054764e+16,-1233359906.4291518,0.0018118463332627678,-0.023088777917997818,0.03184701225637773,0.0054698466954932025,5695024361318312.0,2.434273501907644e+16,2.434284615930031e+16,2.4209583990373076e+16,1710372.2245832053,-1233359906.4291518,1.0,394.247518215968,5.227950739835782e-10,5.227950739835782e-10,0.0434032000299609,526105.4910880881,394.247518215968
2348.0,22602.020830863225,10824875509.238338,392.921580767763,5.082498320086411e-05,2.5952564218896095,0.23530246716412648,5.1371760531745896e+16,0.3840316535024011,0.3840316535024011,52560313227.50696,0.035798465116217065,2275295.1052229223,2275284.995939165,2262893.670860447,10.10928375753185,12391.325078717731,1.0013688720591802,4.443064872915193e-06,4.443064872915194e-06,4.443064872915196e-06,0.005446054055132987,12391.325078717731,-19245407.217590313,-0.0017778871637983817,-0.1118416198572221,0.7065171776815732,0.0,0.0,626685479293197.0,-549.5245870346492,0.14919764235346633,1.0,134134551371622.39,109431738162.84746,1.8731680745239908e+16,-1210671611.7059877,0.0017791306812684768,-0.02269331003724076,0.03158355871811827,0.005446054055132987,5763861532467787.0,2.462967682907932e+16,2.462978626081748e+16,2.4495542277707696e+16,1730429.207176897,-1210671611.7059877,1.0,393.78250910579135,5.137125499162464e-10,5.137125499162464e-10,0.04337830384337349,532464.46368355,393.78250910579135
2349.0,22785.030914047773,10824879349.047476,392.4817549457399,5.0771768599162836e-05,2.5947442778575907,0.2353661322511085,5.1998446011039096e+16,0.3839677540325962,0.3839677540325962,51349641615.80097,0.035314342066511545,2302076.8218791545,2302066.868377506,2289584.095683147,9.953501649024657,12482.772694358637,1.0013317875418886,4.323705253632565e-06,4.323705253632565e-06,4.323705253632564e-06,0.005422419681126153,12482.772694358637,-19132988.082056586,-0.0017675012778539812,-0.1097481169064705,0.7050456239939243,0.0,0.0,633580618161790.0,-549.6702841800159,0.14857252586090763,1.0,135124508358016.53,107745454451.23701,1.895104637600234e+16,-1188010124.2977006,0.0017467427764066093,-0.022304298471277476,0.03132163410486796,0.005422419681126153,5833425219265700.0,2.4919596103626056e+16,2.4919703849080504e+16,2.478447159526804e+16,1750693.542618553,-1188010124.2977006,1.0,393.3184127267268,5.048000914281463e-10,5.048000914281463e-10,0.043353424446244127,538890.5530645943,393.3184127267268
2350.0,22969.24519688979,10824883070.42168,392.04242145288157,5.071904171192794e-05,2.5942324540902075,0.2354293172793878,5.263202662920089e+16,0.38390452705542283,0.38390452705542283,50161631491.50327,0.03483648526076682,2329135.676101612,2329125.8762998097,2316551.0645640497,9.799801802244607,12574.811735760064,1.0012951658926716,4.207484305357005e-06,4.207484305357004e-06,4.207484305357004e-06,0.005398940376609087,12574.811735760064,-19021385.1928254,-0.001757190823132321,-0.10764792557429662,0.7035771352993487,0.0,0.0,640515750633992.0,-549.8151163811859,0.14795123598475723,1.0,136120866672168.98,106081708622.60551,1.9172675987012624e+16,-1165276207.1152165,0.0017145532300844595,-0.021921568065774874,0.031061224080369515,0.005398940376609087,5903718413554082.0,2.521251526723887e+16,2.5212621348947492e+16,2.5076394400566704e+16,1771167.0289908967,-1165276207.1152165,1.0,392.85515301881975,4.960543085280128e-10,4.960543085280128e-10,0.04332855810452907,545384.0355731532,392.85515301881975
2351.0,23154.669363311976,10824886677.013922,391.60357973808823,5.066679762605312e-05,2.593720868643432,0.2354919211874005,5.327254237983488e+16,0.38384196549341476,0.38384196549341476,48996355284.388054,0.034364966296978716,2356473.7342316397,2356464.0859873816,2343796.647029674,9.648244257985118,12667.438957707693,1.0012588889854435,4.094356800090139e-06,4.094356800090139e-06,4.09435680009014e-06,0.0053756129928031185,12667.438957707693,-18910591.77287956,-0.0017469551725687077,-0.1055315576869006,0.702111705213993,0.0,0.0,647489736364478.0,-549.95910545865,0.14733369355223835,1.0,137123591205177.12,104441150724.83917,1.9396589123713456e+16,-1142367152.8094563,0.0016824279705694536,-0.021544928420692694,0.03080230928563602,0.0053756129928031185,5974743974347966.0,2.5508456689266596e+16,2.550856113041732e+16,2.537133309806142e+16,1791851.4717480687,-1142367152.8094563,1.0,392.3926542759034,4.874718843277841e-10,4.874718843277841e-10,0.043303701391938176,551945.1752816056,392.3926542759034
2352.0,23341.309108623827,10824890172.364492,391.1652292508766,5.061503148514373e-05,2.593209439573236,0.23555384291358278,5.392003211619936e+16,0.3837800623435906,0.3837800623435906,47853988131.5786,0.033899911473219,2384093.057345486,2384083.558426737,2371322.9075087695,9.498918748964696,12760.650917967143,1.0012228387116817,3.984290260691859e-06,3.984290260691859e-06,3.984290260691859e-06,0.005352434428258014,12760.650917967143,-18800601.128854558,-0.0017367937068638103,-0.10338919831106129,0.7006493273673007,0.0,0.0,654501412534314.0,-550.1022728508256,0.14671982053689026,1.0,138132644714876.47,102824752213.75676,1.962280541284022e+16,-1119176716.7260509,0.001650228149950121,-0.021174173612274055,0.0305448652098352,0.005352434428258014,6046504624154250.0,2.580744268170935e+16,2.5807545506461564e+16,2.566931003699447e+16,1812748.6838560684,-1119176716.7260509,1.0,391.9308411440829,4.790495731736079e-10,4.790495731736079e-10,0.04327885116525998,558574.2236527011,391.9308411440829
2353.0,23529.170139450554,10824893559.904495,390.7273694413799,5.056373848874796e-05,2.592698084935591,0.23561498139637072,5.457453352873367e+16,0.3837188106766699,0.3837188106766699,46734811414.85255,0.03344150353769023,2411995.701032641,2411986.349087266,2399131.9051114502,9.351945375165123,12854.443975815519,1.0011868969800912,3.877264528772294e-06,3.877264528772294e-06,3.877264528772294e-06,0.005329401628114456,12854.443975815519,-18691406.64810296,-0.0017267058142110608,-0.10121069952399549,0.6991899954019841,0.0,0.0,661549592317500.0,-550.2446396210328,0.1461095400419321,1.0,139147987809958.55,101233813264.20357,1.985134456381147e+16,-1095595049.4707277,0.0016178100504423282,-0.02080908190920234,0.030288862059009235,0.005329401628114456,6119002945190869.0,2.61094954968123e+16,2.6109596730625564e+16,2.597034750900234e+16,1833860.4859211764,-1095595049.4707277,1.0,391.46963862036614,4.707841988474454e-10,4.707841988474454e-10,0.04325400454150685,565271.4191902737,391.46963862036614
2354.0,23718.258173661667,10824896842.959204,390.28999976034663,5.051291389160026e-05,2.592186722786468,0.23567523557420042,5.523608312105117e+16,0.3836582036362977,0.3836582036362977,45639216365.38182,0.032989983474000784,2440183.7151535875,2440174.507678295,2427225.6933878195,9.207475292181506,12948.814290475646,1.0011509457164034,3.7732713463346673e-06,3.773271346334667e-06,3.773271346334667e-06,0.005306511583384993,12948.814290475646,-18583001.79597332,-0.0017166908900439258,-0.09898557415009553,0.6977337029739963,0.0,0.0,668633063403097.0,-550.3862264642762,0.14550277628403963,1.0,140169578933034.84,99669970221.96046,2.0082226369995056e+16,-1071508629.1158732,0.0015850249900880512,-0.02044941548300847,0.03003426462263215,0.005306511583384993,6192241375508214.0,2.6414637324436304e+16,2.6414736994406532e+16,2.627446774550327e+16,1855188.7063068931,-1071508629.1158732,1.0,391.00897205143553,4.626726528349077e-10,4.626726528349077e-10,0.04322915887667245,572036.9870809263,391.00897205143553
2355.0,23908.578940298758,10824900024.751337,389.8531196591403,5.046255300287666e-05,2.5916752711818396,0.2357345043855081,5.5904716184454264e+16,0.3835982344382769,0.3835982344382769,44567707736.265945,0.03254565232179245,2468659.1435775165,2468650.0778860943,2455606.320066633,9.065691422287843,13043.757819461229,1.0011148668633236,3.672313954671797e-06,3.6723139546717966e-06,3.6723139546717975e-06,0.005283761330253254,13043.757819461229,-18475380.11328671,-0.0017067483368014861,-0.09670298946863885,0.6962804437525043,0.0,0.0,675750586568951.0,-550.5270537138366,0.14489945457753495,1.0,141197374342736.3,98135203301.51166,2.0315470709854456e+16,-1046800193.092597,0.0015517192278920512,-0.020094920112816658,0.0297810321380083,0.005283761330253254,6266222205014377.0,2.6722890289211572e+16,2.672298842441487e+16,2.6581692914868836e+16,1876735.181239804,-1046800193.092597,1.0,390.54876713256886,4.5471189265535065e-10,4.5471189265535065e-10,0.04320431174603945,578871.1388268291,390.54876713256886
2356.0,24100.138179502945,10824903108.404205,389.41672858973834,5.041265118546183e-05,2.5911636481776767,0.23579268676872983,5.658046677102322e+16,0.38353889636980854,0.38353889636980854,43520907543.17335,0.03210887303283537,2497424.0239006504,2497415.097091449,2484275.826774609,8.92680920130803,13139.270316840084,1.001078542380605,3.57440671503012e-06,3.5744067150301204e-06,3.5744067150301213e-06,0.005261147949390713,13139.270316840084,-18368535.21399514,-0.001696877563710869,-0.09435176089374507,0.6948302114198609,0.0,0.0,682900894303585.0,-550.6671413476814,0.14429950131897207,1.0,142231328094925.34,96631844671.37056,2.0551097547979984e+16,-1021348669.7821114,0.0015177338684494585,-0.01974532488452308,0.029529118152517814,0.005261147949390713,6340947571405907.0,2.7034276447480816e+16,2.703437307932549e+16,2.6892045119385892e+16,1898501.754904816,-1021348669.7821114,1.0,390.08894990669256,4.468989402505435e-10,4.468989402505435e-10,0.04317946092589042,585774.0718697926,390.08894990669256
2357.0,24292.941642441852,10824906096.944798,388.9808260047318,5.036320385522772e-05,2.5906517718299513,0.23584968166230172,5.72633676653268e+16,0.383480182788741,0.383480182788741,42499558873.391235,0.031680072362683914,2526480.3871456776,2526471.5960682994,2513236.248736876,8.791077378321948,13235.347331423469,1.001041854245274,3.4795747566652504e-06,3.4795747566652504e-06,3.47957475666525e-06,0.005238668565290956,13235.347331423469,-18262460.783007618,-0.0016870779865852123,-0.09192034563190483,0.6933829996715777,0.0,0.0,690082689472917.0,-550.8065089946965,0.14370284397211952,1.0,143271392023107.97,95162587111.31073,2.0789126936008884e+16,-995029109.8640797,0.0014829047661023091,-0.019400341884502192,0.02927847038371544,0.005238668565290956,6416419456005596.0,2.7348817784037588e+16,2.7348912946624696e+16,2.720554639201448e+16,1920490.2795301266,-995029109.8640797,1.0,389.62944676358507,4.3923088042854577e-10,4.3923088042854577e-10,0.04315460437647811,592745.9692067496,389.62944676358507
2358.0,24486.99509123598,10824908993.306728,388.5454113573244,5.031420648032344e-05,2.5901395601946353,0.2359053880046599,5.795345035479972e+16,0.38342208712282616,0.38342208712282616,41504529763.52715,0.03125974279797257,2555830.25744276,2555821.59866387,2542489.6144589824,8.658778889794272,13331.98420488751,1.0010046844519875,3.387853659130645e-06,3.3878536591306446e-06,3.3878536591306446e-06,0.005216320345620834,13331.98420488751,-18157150.57417071,-0.0016773490276359515,-0.08939683631854098,0.6919388022162971,0.0,0.0,697294644028557.0,-550.9451759407505,0.1431094110533202,1.0,144317515718110.06,93730493475.18846,2.1029579013437468e+16,-967712617.4377438,0.0014470624286823579,-0.0190596658879444,0.029029030577292274,0.005216320345620834,6492639679508529.0,2.7666536208664104e+16,2.766662993915758e+16,2.7522218692945996e+16,1942702.615462218,-967712617.4377438,1.0,389.17018443921364,4.3170485935969764e-10,4.3170485935969764e-10,0.043129740226212965,599786.9989967644,389.17018443921364
2359.0,24682.304298884508,10824911800.333141,388.1104841013319,5.026565458047631e-05,2.589626931327699,0.23595970473424055,5.865074499882828e+16,0.3833646028689835,0.3833646028689835,40536817146.08941,0.03084844451940854,2585475.6516925464,2585467.1214607116,2572037.9453908782,8.530231834945528,13429.176069833424,1.0009669150135292,3.2992891769687834e-06,3.299289176968782e-06,3.299289176968783e-06,0.005194100500588204,13429.176069833424,-18052598.40839168,-0.0016676901152983161,-0.0867689546373171,0.6904976127757657,0.0,0.0,704535397754937.0,-551.0831611345933,0.14251913211723166,1.0,145369646507091.28,92339007249.67928,2.127247400832856e+16,-939266280.9560649,0.0014100319208818644,-0.018722974041929172,0.0287807343629105,0.005194100500588204,6569609897637765.0,2.7987453552473416e+16,2.7987545891480664e+16,2.7842083905966324e+16,1965140.631231184,-939266280.9560649,1.0,388.7110900152091,4.2431808312186097e-10,4.2431808312186097e-10,0.04310486675692893,606897.3141596944,388.7110900152091
2360.0,24878.875049190792,10824914520.77948,387.67604369118163,5.021754372630383e-05,2.5891138032851155,0.23601253078947976,5.935528039658322e+16,0.3833077235925727,0.3833077235925727,39597550865.13335,0.0304468074005014,2615418.5792116057,2615410.1734210206,2601883.2555732275,8.405790585166402,13526.917847793102,1.0009284279614525,3.213937016422147e-06,3.213937016422147e-06,3.2139370164221484e-06,0.0051720062823260955,13526.917847793102,-17948798.171892952,-0.0016581006840690042,-0.08402404492643362,0.6890594250848066,0.0,0.0,711803557052470.0,-551.220483193602,0.14193193774292667,1.0,146427729431966.66,90991964563.99922,2.1517832237916824e+16,-909553104.0187787,0.0013716327673007464,-0.018389925543342858,0.028533511107923258,0.0051720062823260955,6647331596710792.0,2.8311591564059584e+16,2.8311682556024148e+16,2.8165163834627616e+16,1987806.2036066193,-909553104.0187787,1.0,388.2520909184843,4.1706781629227746e-10,4.1706781629227746e-10,0.04307998239014843,614077.0519666082,388.2520909184843
2361.0,25076.713136687107,10824917157.316206,387.24208958191133,5.016986953863633e-05,2.5886000941228557,0.23606376510881366,6.006708395363569e+16,0.3832514429266728,0.3832514429266728,38687997761.11457,0.030055533042051993,2645661.0413605715,2645652.7555135046,2632027.5512663196,8.285847067075355,13625.20424718472,1.000889105346851,3.131862675353995e-06,3.131862675353995e-06,3.131862675353995e-06,0.005150034984292621,13625.20424718472,-17845743.81458809,-0.0016485801743551208,-0.08114906777312768,0.6876242328912917,0.0,0.0,719097693754225.0,-551.3571604093745,0.14134775952034928,1.0,147491707227287.5,89693608079.28218,2.1765674109113948e+16,-878431936.0375454,0.001331678855225771,-0.01806016131175677,0.028287283768994115,0.005150034984292621,6725806089117794.0,2.863897190545903e+16,2.863906159906711e+16,2.8491480198231744e+16,2010701.2176442612,-878431936.0375454,1.0,387.7931149209792,4.0995138058362257e-10,4.0995138058362257e-10,0.04305508567428573,621326.3336220585,387.7931149209792
2362.0,25275.824366559187,10824919712.53141,386.8086212291691,5.0122627687850195e-05,2.588085721896892,0.23611330663067834,6.078618164738991e+16,0.38319575457137,0.38319575457137,37809565825.07703,0.029675396842400663,2676205.031155366,2676196.8603230994,2662472.8305618744,8.17083226651491,13724.029761225089,1.0008488292412776,3.05314135927299e-06,3.0531413592729905e-06,3.0531413592729905e-06,0.005128183940686701,13724.029761225089,-17743429.3485698,-0.0016391280323335066,-0.07813059360202833,0.6861920299561156,0.0,0.0,726416343973795.0,-551.4932107531826,0.14076653003713213,1.0,148561520297653.22,88448603269.58496,2.2016020118915748e+16,-845757402.8343769,0.0012899783371809058,-0.017733303657380597,0.028041968741631024,0.005128183940686701,6805034508712787.0,2.8969616147926188e+16,2.896970459652946e+16,2.8821054627628536e+16,2033827.5667235686,-845757402.8343769,1.0,387.3340901395483,4.029661535220021e-10,4.029661535220021e-10,0.04303017527266029,628645.263838306,387.3340901395483
2363.0,25476.214554569902,10824922188.933363,386.3756380892119,5.0075813893211416e-05,2.587570604663195,0.23616105429351006,6.1512597991363704e+16,0.38314065229305216,0.38314065229305216,36963808422.24265,0.029307250103420737,2707052.532861695,2707044.471643686,2693221.082977883,8.061218009461907,13823.388665802815,1.0008074817377965,2.9778579882009844e-06,2.977857988200985e-06,2.9778579882009844e-06,0.005106450525879028,13823.388665802815,-17641848.8467017,-0.0016297437098196867,-0.07495479625900944,0.6847628100531676,0.0,0.0,733758006982038.0,-551.6286518812909,0.14018818286574064,1.0,149637106694698.84,87262057700.45343,2.226889085471202e+16,-811379837.1911308,0.001246333533308974,-0.01740895594421526,0.027797475707652806,0.005106450525879028,6885017806118408.0,2.930354576752513e+16,2.9303633029582824e+16,2.9153908660830428e+16,2057187.152576317,-811379837.1911308,1.0,386.8749450359768,3.961095671648265e-10,3.961095671648265e-10,0.04300524995233279,636033.9304015659,386.8749450359768
2364.0,25677.88952698282,10824924588.95297,385.9431396189059,5.002942392222933e-05,2.5870546604777367,0.2362069070357448,6.224635599834574e+16,0.38308612992371105,0.38308612992371105,36152428585.05152,0.028952022172219427,2738205.521573129,2738197.5640540435,2724274.289036725,7.957519085573645,13923.275017318192,1.000764944952179,2.906107311112997e-06,2.9061073111129963e-06,2.906107311112996e-06,0.005084832153858198,13923.275017318192,-17540996.44130595,-0.0016204266641457116,-0.07160744659537505,0.683336566969305,0.0,0.0,741121144110732.0,-551.7635011401496,0.13961265255096256,1.0,150718402093722.28,86139544016.48871,2.252430699450071e+16,-775145209.402412,0.0012005408336291145,-0.017086702248529664,0.027553707480606843,0.005084832153858198,6965756743945307.0,2.964078214053974e+16,2.964086828008376e+16,2.949006373844602e+16,2080781.8853063579,-775145209.402412,1.0,386.41560841713374,3.893791068566314e-10,3.893791068566314e-10,0.0429803085735907,643492.4037303674,386.41560841713374
2365.0,25880.85512048486,10824926914.946157,385.51112527572474,4.9983453590020286e-05,2.5865378073964886,0.23625076379581875,6.298747714245648e+16,0.3830321813602519,0.3830321813602519,35377283375.64911,0.028610722618491936,2769665.9627728793,2769658.1024770886,2755634.419826595,7.8602957910075775,14023.682650493578,1.0007211010242336,2.8379941468241757e-06,2.8379941468241757e-06,2.837994146824176e-06,0.005063326277691557,14023.682650493578,-17440866.322939806,-0.0016111763580462523,-0.0680739060549183,0.6819132945043257,0.0,0.0,748504177681104.0,-551.8977755714681,0.13903987459772105,1.0,151805339769991.4,85087127467.51591,2.2782289307006196e+16,-736895057.8594012,0.0011523906002276073,-0.01676610701279277,0.02731055984915926,0.005063326277691557,7047251891926752.0,2.998134653870294e+16,2.9981431625830404e+16,2.9829541198932948e+16,2104613.683400514,-736895057.8594012,1.0,385.9560094352528,3.8277231002107813e-10,3.8277231002107813e-10,0.04295535008013651,651020.7364260809,385.9560094352528
2366.0,26085.117182108846,10824929169.196188,385.0795945177498,4.993789875868116e-05,2.5860199634754224,0.236292523512168,6.373598132013758e+16,0.38297880056381056,0.38297880056381056,34640388317.78971,0.02828444344745222,2801435.8118795203,2801428.0417225407,2787303.436546381,7.770156979334198,14124.605176159588,1.0006758321192781,2.7736337725050706e-06,2.77363377250507e-06,2.77363377250507e-06,0.005041930389000696,14124.605176159588,-17341452.73925453,-0.0016019922595523301,-0.0643391202680986,0.6804929864709423,0.0,0.0,755905489955461.0,-552.0314919171815,0.13846978545920519,0.9999999999999999,152897850574789.38,84111398934.8281,2.3042858651702476e+16,-696466419.7105622,0.0011016670694312522,-0.016446714695194375,0.02706792141848008,0.005041930389000696,7129503621969220.0,3.032526012424649e+16,3.0325344235645424e+16,3.0172362273671696e+16,2128684.4737306987,-696466419.7105622,1.0,385.49607758834526,3.7628676498746714e-10,3.7628676498746714e-10,0.042930373489827645,658618.9628156824,385.49607758834526
2367.0,26290.68156915539,10824931353.9159,384.64854680366864,4.989275533667253e-05,2.5855010467705104,0.23633208512322876,6.449188681009305e+16,0.382925981559077,0.382925981559077,33943921898.079147,0.027974361348245373,2833517.013776733,2833509.32601301,2819283.290033989,7.687763722922296,14226.035979020844,1.0006290204297508,2.713152483483923e-06,2.7131524834839237e-06,2.713152483483924e-06,0.005020642017451234,14226.035979020844,-17242749.99393084,-0.0015928738418921524,-0.0603876126571221,0.6790756366947535,0.0,0.0,763323422110206.0,-552.164666624314,0.13790232252531598,0.9999999999999999,153995862911238.4,83219514565.75877,2.3306035978740588e+16,-653691761.6402097,0.0010481482540194448,-0.01612804941489368,0.026825673449647966,0.005020642017451234,7212512103119511.0,3.067254394477134e+16,3.0672627164285908e+16,3.05185480818601e+16,2152996.19154718,-653691761.6402097,1.0,385.035742720743,3.6992010985024306e-10,3.6992010985024306e-10,0.04290537788595228,666287.0984868092,385.035742720743
2368.0,26497.554149114138,10824933471.24988,384.21798159277506,4.984801927821124e-05,2.5849809753377233,0.2363693475674371,6.5255210232203256e+16,0.38287371843362683,0.38287371843362683,33290230136.43894,0.027681739977725366,2865911.5023271795,2865903.8884934774,2851575.9202780724,7.6138337022264,14327.96821540534,1.000580548176954,2.6566883506499807e-06,2.6566883506499807e-06,2.65668835064998e-06,0.004999458730256701,14327.96821540534,-17144752.445685495,-0.0015838205833985518,-0.05620347805483494,0.6776612390142189,0.0,0.0,770756273228485.0,-552.2973158497538,0.1373374241114207,0.9999999999999999,155099302709945.7,82419243287.76096,2.357184232877947e+16,-608398910.7964408,0.000991605845531813,-0.01580961459313899,0.026583689697101082,0.004999458730256701,7296277296448811.0,3.1023218927938228e+16,3.102330134718151e+16,3.0868119625228284e+16,2177550.7804629304,-608398910.7964408,1.0,384.57493502376553,3.6367003136005995e-10,3.6367003136005995e-10,0.0428803624090075,674025.139815142,384.57493502376553
2369.0,26705.740799584735,10824935523.276567,383.78789834496797,4.980368658267233e-05,2.5844596672330336,0.23640420978322918,6.602596650543174e+16,0.38282200533725946,0.38282200533725946,32681831225.642498,0.02740793227945996,2898621.199870609,2898613.650724152,2884183.25591315,7.549146457070593,14430.394811001892,1.000530297612947,2.604392204613552e-06,2.6043922046135514e-06,2.6043922046135514e-06,0.004978378131696437,14430.394811001892,-17047454.50734417,-0.0015748319674225761,-0.05177037634298857,0.6762497872806313,0.0,0.0,778202299311096.0,-552.4294554649467,0.1367750294473974,0.9999999999999999,156208093404520.22,81719023653.56091,2.3840298832719456e+16,-560410985.9286138,0.0009318051167227239,-0.015490892590404402,0.026341836244161962,0.004978378131696437,7380798949854271.0,3.1377305875978252e+16,3.1377387595001904e+16,3.122109778257373e+16,2202350.192428981,-560410985.9286138,1.0,384.1135850365197,3.5753426384507805e-10,3.5753426384507805e-10,0.04285532624891397,681833.0634841693,384.1135850365197
2370.0,26915.247408197356,10824937512.010298,383.35829652075086,4.975975329400009e-05,2.5839370405124122,0.23643657070904106,6.680416880474284e+16,0.38277083648134297,0.38277083648134297,32121420239.713882,0.027154382837805826,2931648.0167062413,2931640.5221565887,2917107.2136979997,7.494549652432843,14533.308458588834,1.0004781510225669,2.5564288788164624e-06,2.5564288788164624e-06,2.556428878816463e-06,0.004957397862647145,14533.308458588834,-16950850.644976035,-0.0015659074822528094,-0.04707152611201153,0.6748412753580904,0.0,0.0,785659712304155.0,-552.5611010605202,0.13621507866698268,0.9999999999999999,157322155906994.8,81128031668.24402,2.411142671133688e+16,-509546328.7574858,0.0008685048242289288,-0.015171344339697437,0.026099971336667124,0.004957397862647145,7466076592778439.0,3.173482546002231e+16,3.1734906588053984e+16,3.1577503304115316e+16,2227396.387700639,-509546328.7574858,1.0,383.65162364681976,3.515105881612479e-10,3.515105881612479e-10,0.042830268637593205,689710.8259973609,383.65162364681976
2371.0,27126.079872532504,10824939439.403275,382.92917558123116,4.971621550012801e-05,2.583413013231831,0.2364663292833089,6.758982851704699e+16,0.3827202061381664,0.3827202061381664,31611873910.956398,0.026922630266870952,2964993.8505594055,2964986.399592874,2950349.6979771163,7.450966531522028,14636.701615757822,1.0004239907255943,2.512978747027167e-06,2.5129787470271665e-06,2.5129787470271665e-06,0.004936515600128083,14636.701615757822,-16854935.377086263,-0.0015570466210400704,-0.042089698347829115,0.6734356971234753,0.0,0.0,793126679141976.0,-552.6922679508467,0.1356575127974029,0.9999999999999999,158441408583194.47,80656261468.74663,2.438524727481735e+16,-455618435.6380022,0.000801457111501578,-0.014850408976191921,0.02585794521473304,0.004936515600128083,7552109530846677.0,3.209579821424722e+16,3.209587887050869e+16,3.1937356805664028e+16,2252691.3347943486,-455618435.6380022,1.0,383.1889820922356,3.455968306704391e-10,3.455968306704391e-10,0.04280518884192541,697658.3631827678,383.1889820922356
2372.0,27338.24410004041,10824941307.34749,382.5005349881195,4.9673069332407745e-05,2.582887503447261,0.2364933844444689,6.838295519618897e+16,0.3826701086402986,0.3826701086402986,31156255475.318398,0.026714309634163016,2998660.586032467,2998653.166627716,2983912.6001250795,7.41940475125918,14740.56650263629,1.0003676990790569,2.4742395941101844e-06,2.4742395941101844e-06,2.474239594110185e-06,0.004915729056859725,14740.56650263629,-16759703.273862613,-0.0015482488817271341,-0.03680721014922677,0.6720330464664193,0.0,0.0,800601320803997.0,-552.8229711785635,0.13510227374928085,0.9999999999999999,159565767228090.3,80314620967.83574,2.4661781922185736e+16,-398435889.55258465,0.0007304074120687168,-0.01452750346334834,0.02561559994269291,0.004915729056859725,7638896840422894.0,3.2460244529836716e+16,3.2460324844457684e+16,3.2300678762608628e+16,2278237.0104350043,-398435889.55258465,1.0,382.7255919612633,3.3979086224531925e-10,3.3979086224531925e-10,0.04278008615701756,705675.5896900753,382.7255919612633
2373.0,27551.74600796015,10824943117.676579,382.07237420372917,4.9630310965046455e-05,2.582360429214675,0.2365176351309571,6.918355651699297e+16,0.38262053837995363,0.38262053837995363,30757819585.765812,0.026531154918696565,3032650.0940400185,3032642.6930731987,3017797.797973587,7.400966819771081,14844.895099611722,1.0003091584796686,2.440428862636013e-06,2.440428862636013e-06,2.440428862636013e-06,0.00489503598083568,14844.895099611722,-16665148.95647286,-0.0015395137669831746,-0.03120591848004582,0.6706333172892821,0.0,0.0,808081711384435.0,-552.9532255190576,0.13454930430681822,0.9999999999999998,160695145041172.7,80115044839.83368,2.4941052140629984e+16,-337802292.4813484,0.0006550943531886729,-0.014202022215687001,0.025372769237240255,0.00489503598083568,7726437363083732.0,3.282818464875489e+16,3.282826476379973e+16,3.2667489503713716e+16,2304035.3994934643,-337802292.4813484,1.0,382.2613851946177,3.3409059729997357e-10,3.3409059729997357e-10,0.04275495989972189,713762.3984801227,382.2613851946177
2374.0,27766.59152323804,10824944872.16762,381.64469269097515,4.9587936614552997e-05,2.5818317085900433,0.23653898028120968,6.99916382283774e+16,0.38257148980836325,0.38257148980836325,30420017293.284462,0.02637500150330959,3066964.231228235,3066956.834365853,3052007.155220792,7.396862382346519,14949.679145061016,1.0002482513664077,2.411786321806655e-06,2.4117863218066546e-06,2.4117863218066546e-06,0.004874434154907865,14949.679145061016,-16571267.0964102,-0.001530840784142665,-0.025267213960696037,0.6692365035071238,0.0,0.0,815565877173357.0,-553.0830454849277,0.1339985481182523,0.9999999999999998,161829452601879.44,80070627515.91151,2.52230795047151e+16,-273516198.19779867,0.0005752496599569989,-0.013873336718384156,0.025129278293817447,0.004874434154907865,7814729700011098.0,3.3199638657328076e+16,3.319971872795559e+16,3.30378092047262e+16,2330088.4949139105,-273516198.19779867,1.0,381.7962940866452,3.2849399284532363e-10,3.2849399284532363e-10,0.04272980940240689,721918.6603068818,381.7962940866452
2375.0,27982.78658244563,10824946572.542885,381.21748991337364,4.954594253919218e-05,2.5813012596293388,0.2365573188336627,7.080720410555076e+16,0.3825229574351558,0.3825229574351558,30146501095.086662,0.026247788700916205,3101604.8393783392,3101597.4309557076,3086542.5208226196,7.408422631662244,15054.910133088128,1.0001848602232364,2.388577209322103e-06,2.388577209322103e-06,2.3885772093221034e-06,0.004853921396384829,15054.910133088128,-16478052.414883902,-0.0015222294451484805,-0.018972014703925875,0.6678425990476784,0.0,0.0,823051795747998.0,-553.2124453304418,0.1334499496865723,0.9999999999999998,162968597845113.47,80195779174.56136,2.5507885675483616e+16,-205371045.54349563,0.0004905980599322054,-0.013540795143866306,0.02488494361128937,0.004853921396384829,7903772206303074.0,3.3574626479631804e+16,3.357470667541098e+16,3.3411657881786692e+16,2356398.297630726,-205371045.54349563,1.0,381.3302512868597,3.229990475684485e-10,3.229990475684485e-10,0.04270463400693858,730144.2231918934,381.3302512868597
2376.0,28200.337131697306,10824948220.471516,380.7907653350415,4.9504325038447484e-05,2.580769000388533,0.23657254972675237,7.163025590129876e+16,0.3824749358277414,0.3824749358277414,29941130049.543167,0.026151562314397584,3136573.7447940693,3136566.3076769193,3121405.728365646,7.437117150137931,15160.579311272806,1.0001188675819521,2.371095901214404e-06,2.371095901214404e-06,2.371095901214404e-06,0.004833495556643088,15160.579311272806,-16385499.682252837,-0.001513679266498987,-0.012300760198392687,0.6664515978513273,0.0,0.0,830537395073168.0,-553.3414390560051,0.13290345436048723,0.9999999999999997,164112486036879.84,80506408059.82379,2.5795492399438252e+16,-133155092.22003776,0.00040085718835005687,-0.013203721965583906,0.024639572814944843,0.004833495556643088,7993562985203043.0,3.395316787067818e+16,3.395324837708624e+16,3.3789055384641296e+16,2382966.8164744945,-133155092.22003776,1.0,380.86318980159297,3.176038009349714e-10,3.176038009349714e-10,0.042679433058806726,738438.9118911516,380.86318980159297
2377.0,28419.24912656727,10824949817.57118,380.3645184206953,4.9463080452491664e-05,2.5802348489235962,0.2365845718989148,7.246079329637194e+16,0.38242741961070403,0.38242741961070403,29807974957.323128,0.02608847722980695,3171872.757672996,3171865.2730994686,3156598.5954210353,7.484573527216605,15266.677678433281,1.0000501560251795,2.3596701693379303e-06,2.35967016933793e-06,2.35967016933793e-06,0.004813154520751463,15266.677678433281,-16293603.717499958,-0.0015051897691989295,-0.0052334052456783015,0.6650634938710734,0.0,0.0,838020552609530.0,-553.4700404126504,0.13235900832565184,0.9999999999999997,165261019750074.38,81020132838.04147,2.6085921507401656e+16,-56651349.15948139,0.00030573749398918847,-0.012861417569148381,0.024392964477869955,0.004813154520751463,8084099882246724.0,3.4335282409398456e+16,3.4335363429531292e+16,3.417002138964838e+16,2409796.068066634,-56651349.15948139,1.0,380.395042995764,3.123063323137309e-10,3.123063323137309e-10,0.042654205901411,746802.5273544014,380.395042995764
2378.0,28639.5285320061,10824951365.409647,379.9387486356508,4.942220516166547e-05,2.5796987232905013,0.23659328428858606,7.329881384898147e+16,0.38238040346519986,0.38238040346519986,29751323608.163647,0.026060800042540872,3207503.671461544,3207496.1188614117,3192122.9228790053,7.552600132391951,15373.195982406189,0.9999786081895061,2.354666091138253e-06,2.354666091138253e-06,2.3546660911382536e-06,0.00479289620710853,15373.195982406189,-16202359.3877457,-0.0014967604787139437,0.002250586044031078,0.663678281072514,0.0,0.0,845499094428616.0,-553.5982629065711,0.1318165585961386,0.9999999999999996,166414098840457.97,81756529115.52933,2.6379194913247756e+16,24362484.470306113,0.00020494214576124368,-0.012513157861023605,0.024144907940740194,0.00479289620710853,8175380479326764.0,3.472098949141498e+16,3.4721071247944096e+16,3.455457539257452e+16,2436888.0767021803,24362484.470306113,1.0,379.9257445947694,3.0710476012298895e-10,3.0710476012298895e-10,0.04262895187045612,755234.8461768248,379.9257445947694
2379.0,28861.181322257016,10824952865.506329,379.51345544582256,4.938169558596404e-05,2.57916054154522,0.23659858583420232,7.414431294341008e+16,0.3823338821283617,0.3823338821283617,29775686092.633953,0.02607091171610144,3243468.262193552,3243460.618981086,3227980.4942632406,7.643212466122483,15480.124717845556,0.9999041067687442,2.356493681536255e-06,2.356493681536255e-06,2.356493681536255e-06,0.004772718567092868,15480.124717845556,-16111761.60779881,-0.0014883909249285396,0.010172246194452133,0.6622959534338153,0.0,0.0,852970794333498.0,-553.7261198037163,0.13127605300614742,0.9999999999999996,167571620422837.6,82737414686.82626,2.6675334612498892e+16,110114085.59127046,9.816694010160155e-05,-0.01215819387496918,0.023895183130080724,0.004772718567092868,8267402088674506.0,3.511030832159624e+16,3.5110391059010924e+16,3.49427367011734e+16,2464244.874220168,110114085.59127046,1.0,379.4552286864814,3.0199724099747585e-10,3.0199724099747585e-10,0.04260367028840584,763735.6200430722,379.4552286864814
2380.0,29084.21348077144,10824954319.333776,379.08863831772254,4.9341548184531074e-05,2.578620221743723,0.2366003754741997,7.499728373774358e+16,0.38228785039271,0.38228785039271,29885800178.225224,0.02612131027304502,3279768.2878121217,3279760.529148566,3264173.075024522,7.758663555606507,15587.45412404406,0.9998265345173356,2.3656133222698428e-06,2.3656133222698428e-06,2.3656133222698428e-06,0.004752619584726388,15587.45412404406,-16021805.339743266,-0.0014800806421074422,0.01855311023713821,0.6609165049456857,0.0,0.0,860433372983818.0,-553.8536241344632,0.130737440201956,0.9999999999999994,168733478847487.84,83987178568.52022,2.6974362680781536e+16,200836570.79858497,-1.4899790775736648e-05,-0.011795751376434176,0.02364356037504545,0.004752619584726388,8360161746758177.0,3.5503257906387204e+16,3.5503341893565772e+16,3.533452442753971e+16,2491868.499860947,200836570.79858497,1.0,378.98342972336263,2.9698196897561703e-10,2.9698196897561703e-10,0.04280250738547675,772304.5751635749,378.98342972336263
2381.0,29308.631000124125,10824955728.319117,378.66429671846004,4.930175945516045e-05,2.5780938835760225,0.23648891871764446,7.585771711072741e+16,0.38224230310556995,0.38224230310556995,30086636749.023808,0.0262146135176898,3316405.4874745384,3316397.5859956276,3300701.4603163907,7.901478910976253,15696.125679236995,0.9997690846237564,2.382543069844356e-06,2.3825430698443554e-06,2.3825430698443554e-06,0.004732884182981578,15696.125679236995,-15931341.74175797,-0.0014717235009174274,0.02490147550843624,0.6595399296113501,0.0,0.0,863964863440439.0,-553.9785245353061,0.13020856285494187,0.9999999999999993,169909865583873.28,85533159399.56508,2.728021060581001e+16,269557369.94864506,-0.00013457726967786514,-0.011425030465109358,0.023389800222768736,0.004732884182981578,8449736574513180.0,3.589985704590706e+16,3.5899942579066456e+16,3.5729947180323188e+16,2520122.1409564177,269557369.94864506,1.0,378.5244033568135,2.9199435722525513e-10,2.9199435722525513e-10,0.043197851251858266,780579.3193599733,378.5244033568135
2382.0,29534.439881928058,10824957093.845465,378.24043011574105,4.926232593380531e-05,2.5775955811780507,0.2361562487332642,7.672168197416784e+16,0.3821972351684946,0.3821972351684946,30356194118.972454,0.026353561790123495,3353330.186278846,3353322.1119059874,3337515.3691697046,8.074372858774318,15806.742736282566,0.9997519739263911,2.4078669293626466e-06,2.4078669293626466e-06,2.407866929362647e-06,0.004713756152491478,15806.742736282566,-15839388.686046416,-0.0014632287729853368,0.026966539548747486,0.6581662214465238,0.0,0.0,859793547227493.0,-554.0988985950602,0.12969613518423473,0.9999999999999992,171107311913712.22,87404739755.94234,2.759649892666758e+16,291911633.58467835,-0.00024407652620203984,-0.011050729047258472,0.023135070955303275,0.004713756152491478,8531961744644276.0,3.6299567983225576e+16,3.629965538796533e+16,3.612846067131186e+16,2549340.2594969715,291911633.58467835,1.0,378.0903397028235,2.8698173174174555e-10,2.8698173174174555e-10,0.043541659429012114,788175.1096727329,378.0903397028235
2383.0,29761.646136748583,10824958417.253271,377.8170379778673,4.922324419409448e-05,2.5771221342746586,0.23560491594898714,7.758147552139533e+16,0.3821526415366942,0.3821526415366942,30648105752.557133,0.026533523087013303,3390443.3182129236,3390435.0426000296,3374516.36469094,8.275612893927889,15918.67790908968,0.9997706246095992,2.4408645469672385e-06,2.4408645469672385e-06,2.4408645469672385e-06,0.0046951726575130285,15918.67790908968,-15746238.297225574,-0.001454623444292272,0.02514227995555204,0.656795374479386,0.0,0.0,848264263791601.0,-554.2152446402239,0.12919843675464826,0.9999999999999991,172319026423544.03,89583165454.0544,2.7922587510188964e+16,272164135.03379124,-0.00031877483118684724,-0.010682359683619566,0.022881798241522148,0.0046951726575130285,8606411815931133.0,3.670131835254364e+16,3.6701407935709096e+16,3.65289993261201e+16,2579463.7202194496,272164135.03379124,1.0,377.6783884307159,2.819622598986316e-10,2.819622598986316e-10,0.04383760480177634,795052.6444714905,377.6783884307159
2384.0,29990.2557840172,10824959699.841644,377.3941197737355,4.918451084685589e-05,2.576670362590698,0.23483747079274142,7.842973978518693e+16,0.3821085172184717,0.3821085172184717,30920269887.590923,0.026739119145342716,3427650.3649123604,3427641.8683245513,3411610.540709052,8.49658780926756,16031.327615499278,0.9998204627022128,2.4788373680828452e-06,2.4788373680828452e-06,2.4788373680828452e-06,0.004677071943731237,16031.327615499278,-15652158.18833535,-0.001445932236455746,0.01983833127733097,0.6554273827505545,0.0,0.0,829702183478044.0,-554.3280508725074,0.12871377624771374,0.999999999999999,173538475372738.12,91975220621.48714,2.825787045273371e+16,214749136.5892158,-0.0003477193826153611,-0.010328303100330236,0.022632160595031092,0.004677071943731237,8672676161996737.0,3.710408509010318e+16,3.710417706532381e+16,3.693054661473045e+16,2610436.549999081,214749136.5892158,1.0,377.28571550022895,2.769520744417621e-10,2.769520744417621e-10,0.044089006333889236,801173.9907099707,377.28571550022895
2385.0,30220.27485194507,10824960942.869621,376.971674972837,4.9146122539647225e-05,2.57623708585102,0.2338564636924553,7.925944196866498e+16,0.3820648572746637,0.3820648572746637,31135019024.180138,0.026950296248842216,3464860.9593372676,3464852.234311058,3448708.125097503,8.725026209543012,16144.109213555163,0.999896916545725,2.5181461282105446e-06,2.518146128210544e-06,2.518146128210544e-06,0.004659393279080258,16144.109213555163,-15557393.657304784,-0.0014371778096393417,0.011481115421151692,0.654062240313059,0.0,0.0,804415884195585.0,-554.4377961943857,0.12824048974716118,0.9999999999999988,174759351694156.22,94448067943.81688,2.8601770676475508e+16,124282626.01454517,-0.00032763399130804067,-0.009995805442376604,0.022388083087066336,0.004659393279080258,8730360081062084.0,3.750689010923174e+16,3.750698455729969e+16,3.733213075753759e+16,2642205.438654763,124282626.01454517,1.0,376.90950162776375,2.7196545566395023e-10,2.7196545566395023e-10,0.04429883966891701,806502.6864427398,376.90950162776375
2386.0,30451.70937743581,10824962147.557404,376.5497030452569,4.910807595629343e-05,2.5758191237804757,0.23266444507605696,8.006385785286056e+16,0.3820216568180876,0.3820216568180876,31259301650.194683,0.027145721629469866,3501988.488961227,3501979.5420868727,3485723.0837490032,8.946874353973996,16256.458337869737,0.9999954154720997,2.554798333054444e-06,2.554798333054444e-06,2.5547983330544446e-06,0.004642076900364276,16256.458337869737,-15462169.810346609,-0.0014283809587117649,0.0005146082811694672,0.6526999412323163,0.0,0.0,772699943180419.0,-554.5449508616904,0.12777693923577194,0.9999999999999987,175975546160783.84,96849576220.72061,2.8953734709983548e+16,5570615.16447906,-0.00025960785619566945,-0.009690973119858544,0.022151230486566,0.004642076900364276,8779085728466475.0,3.790879598461081e+16,3.790889283418703e+16,3.7732820438450024e+16,2674719.256779739,5570615.16447906,1.0,376.5469409648646,2.670150074978106e-10,2.670150074978106e-10,0.044469751151620995,811003.8269692638,376.5469409648646
2387.0,30684.56540599792,10824963315.08756,376.1282034616738,4.907036781643091e-05,2.5754132961039176,0.23126396537147464,8.083655779604098e+16,0.3819789110129947,0.3819789110129947,31264872265.35916,0.027304702229624403,3538949.70255855,3538940.555043739,3522572.728602862,9.147514811137993,16367.826440877063,1.0001113886908706,2.5848106302625955e-06,2.5848106302625963e-06,2.5848106302625963e-06,0.00462506396654486,16367.826440877063,-15366693.588874308,-0.0014195608004931156,-0.012599223793186537,0.6513404795861035,0.0,0.0,734837123967223.0,-554.6499770142584,0.12732151130093328,0.9999999999999984,177181120770214.4,99021512254.7889,2.931322765828255e+16,-136386135.3598226,-0.00014726712512177988,-0.0094187661137953,0.021923000038473268,0.00462506396654486,8818492903571322.0,3.830890168262408e+16,3.830900070413634e+16,3.813172056185387e+16,2707928.591076749,-136386135.3598226,1.0,376.19523998679193,2.621118250471854e-10,2.621118250471854e-10,0.044604074077555955,814644.1375261132,376.19523998679193
2388.0,30918.848991656956,10824964446.606186,375.7071756933584,4.9032994875058584e-05,2.575016422546196,0.22965757500663647,8.15713949200082e+16,0.3819366150745289,0.3819366150745289,31128486129.99934,0.027408287448164342,3575664.3234842597,3575655.010810615,3559177.332271044,9.312673644316755,16477.678539570934,1.0002402643853427,2.604459703656451e-06,2.604459703656451e-06,2.60445970365645e-06,0.0046082965190300555,16477.678539570934,-15271155.684723042,-0.001410734950682523,-0.02738028838758622,0.649983849464533,0.0,0.0,691100227414895.0,-554.7533291119169,0.12687261604477407,0.9999999999999982,178370284353461.1,100809361102.57533,2.9679728361584988e+16,-296390648.333445,4.234669290311527e-06,-0.009182990510076273,0.021704514070197616,0.0046082965190300555,8848239719415715.0,3.870633836535417e+16,3.870643917471527e+16,3.85279680810007e+16,2741785.297123086,-296390648.333445,1.0,375.8516165892944,2.5726565197530114e-10,2.5726565197530114e-10,0.044703846170228045,817392.0351479576,375.8516165892944
2389.0,31154.566196866883,10824965543.224024,375.28661921217343,4.899595392209549e-05,2.574625322832163,0.2278478244094707,8.226249514742309e+16,0.3818947642681909,0.3818947642681909,30832095481.665894,0.02743992125650852,3612054.6713477075,3612045.2421687515,3595459.75100363,9.42917895558525,16585.49116512142,1.000377469017856,2.610475148779266e-06,2.6104751487792664e-06,2.6104751487792664e-06,0.004591717449021521,16585.49116512142,-15175732.335301967,-0.0014019196896937322,-0.04333050711478128,0.648630044970026,0.0,0.0,641753665502335.0,-554.8554542898181,0.12642868619421754,0.999999999999998,179537370379885.84,102070537295.10342,3.0052724736418476e+16,-469051246.4879308,0.00018877475331680903,-0.008986290944273242,0.021496612597680487,0.004591717449021521,8868003180244643.0,3.910026528704301e+16,3.910036735758031e+16,3.892072791666312e+16,2776242.0689856354,-469051246.4879308,1.0,375.5132993919085,2.524850268838385e-10,2.524850268838385e-10,0.04477082747187433,819217.6820179943,375.5132993919085
2390.0,31391.723092421435,10824966606.017557,374.8665334905729,4.89592417819447e-05,2.57423681668667,0.22583726400790552,8.290424881292542e+16,0.3818533539093084,0.3818533539093084,30363044235.177963,0.02738584511938985,3648045.2931585,3648035.807524604,3631345.057014236,9.48563389625026,16690.75051036731,1.0005184268441496,2.6001963062354252e-06,2.6001963062354252e-06,2.600196306235425e-06,0.004575270471835888,16690.75051036731,-15080586.995822957,-0.0013931301171349311,-0.059934210160511196,0.6472790602172878,0.0,0.0,587054807666800.0,-554.9567926401057,0.12598817640619986,0.9999999999999978,180676816904096.62,102681670163.81728,3.043170928814669e+16,-648785823.5455719,0.0003995711496438358,-0.0088301435656523,0.021299846086559732,0.004575270471835888,8877479688959344.0,3.948986579401013e+16,3.948996847568029e+16,3.930918897710603e+16,2811252.0246695094,-648785823.5455719,1.0,375.1775272462589,2.47777418370578e-10,2.47777418370578e-10,0.044806518002815876,820093.0323447267,375.1775272462589
2391.0,31630.32575736451,10824967636.030067,374.4469180016011,4.892285531306381e-05,2.573847723834568,0.2236284442298691,8.349130362059222e+16,0.3818123793625117,0.3818123793625117,29714258411.632393,0.027235362445446724,3683562.6043457408,3683553.13133095,3666760.1805625143,9.47301479073224,16792.950768435712,1.0006585596369693,2.5716991424433247e-06,2.5716991424433243e-06,2.5716991424433243e-06,0.004558900108050849,16792.950768435712,-14985871.89005558,-0.0013843802950667737,-0.07665876768876227,0.6459308893332814,0.0,0.0,527255141678858.0,-555.0577774233177,0.12554956276331697,0.9999999999999974,181783148581762.84,102545078525.31064,3.0816174779934904e+16,-829828679.2487991,0.0006293570535179739,-0.008714850065016601,0.021114468510343903,0.004558900108050849,8876385503738081.0,3.987434343225475e+16,3.987444597733327e+16,3.9692560283672984e+16,2846768.3060192857,-829828679.2487991,1.0,374.8415489479759,2.4314934886763057e-10,2.4314934886763057e-10,0.04481217468965881,819991.874543229,374.8415489479759
2392.0,31870.380278900797,10824968634.272654,374.0277722188923,4.8886791407541544e-05,2.5734548640007087,0.22122391550328968,8.401855876227109e+16,0.38177183604121473,0.38177183604121473,28884429732.383595,0.026981025130435276,3718534.539495122,3718525.154316249,3701633.5616617436,9.385178873703433,16891.592654505253,1.000793286619078,2.523891811148187e-06,2.5238918111481864e-06,2.523891811148187e-06,0.004542551671298625,16891.592654505253,-14891729.444317253,-0.0013756833804736332,-0.09295544388919212,0.6445855264572027,0.0,0.0,462601284360570.0,-555.1588352111895,0.12511134245528732,0.9999999999999971,182850960667929.72,101594266934.878,3.1205610039971664e+16,-1006239764.4853963,0.000870481696371906,-0.008639533257113433,0.020940430836124204,0.004542551671298625,8864457160587680.0,4.025291816122727e+16,4.02530197554942e+16,4.007006720055934e+16,2882743.6913925447,-1006239764.4853963,1.0,374.5026231509113,2.3860650766163277e-10,2.3860650766163277e-10,0.044788827182053126,818889.8702691988,374.5026231509113
2393.0,32111.89275230517,10824969601.725233,373.60909561667006,4.885104699068053e-05,2.5730550569099435,0.21862622825609546,8.448116004663166e+16,0.38173171940710177,0.38173171940710177,27878189967.898197,0.026618775035594622,3752890.212189852,3752880.9929347336,3735894.810832847,9.219255118244202,16986.182101886625,1.0009180246058833,2.4565746922995295e-06,2.4565746922995295e-06,2.45657469229953e-06,0.004526171262522108,16986.182101886625,-14798293.611806512,-0.0013670517476047257,-0.10826046256851211,0.6432429657404545,0.0,0.0,393335871755873.0,-555.2603859618497,0.12467203364166712,0.9999999999999968,183874904902291.94,99798156405.54326,3.159949588608957e+16,-1171916216.3728561,0.0011149720163225081,-0.008602134663370726,0.02077737505899071,0.004526171262522108,8841451876419040.0,4.0624822667410904e+16,4.0624922465567304e+16,4.044094776250861e+16,2919130.2191789425,-1171916216.3728561,1.0,374.15801848237953,2.341538537046279e-10,2.341538537046279e-10,0.04473729227317058,816764.5916539045,374.15801848237953
2394.0,32354.869280832463,10824970539.337496,373.1908876697463,4.8815619020586166e-05,2.572645122287124,0.21583793291621464,8.487449591838754e+16,0.38169202496961924,0.38169202496961924,26706273751.52534,0.026148057940596207,3786559.5829617353,3786550.607071895,3769474.3779488504,8.975889840527348,17076.229123044508,1.0010281883578631,2.3704604784025795e-06,2.3704604784025795e-06,2.3704604784025795e-06,0.0045097057705111195,17076.229123044508,-14705691.096100014,-0.0013584971009999649,-0.12199627605420345,0.6419032013466208,0.0,0.0,319698353549857.0,-555.3628430282797,0.12423017549140192,0.9999999999999963,184849677179933.75,97163743088.04727,3.1997301144695228e+16,-1320606094.1956367,0.0013545740650499913,-0.008599414503871458,0.020624628898813408,0.0045097057705111195,8807147945388611.0,4.098929876726378e+16,4.0989395931006856e+16,4.080444909008384e+16,2955878.8200317365,-1320606094.1956367,1.0,373.80501385814824,2.2979570895984955e-10,2.2979570895984955e-10,0.04465818671165733,813595.5579171139,373.80501385814824
2395.0,32599.315975626076,10824971448.029842,372.77314785352104,4.8780504487761384e-05,2.5722218798571013,0.2128615799115754,8.519419427193739e+16,0.38165274828547335,0.38165274828547335,25385667657.329704,0.025571919073874523,3819473.1340383133,3819464.474715224,3802303.227889386,8.65932308940108,17161.246825838105,1.0011191911429533,2.267151197433771e-06,2.267151197433771e-06,2.267151197433771e-06,0.00449310287854363,17161.246825838105,-14614042.483822096,-0.001350030580125167,-0.13357303182623284,0.6405662274514426,0.0,0.0,241925712498804.0,-555.4666131011948,0.1237843283947575,0.9999999999999958,185770006902290.25,93736925202.03227,3.239847873896177e+16,-1445924255.7457519,0.0015807845776163198,-0.008626954477947818,0.02048120126723669,0.00449310287854363,8761345139692544.0,4.13455938855566e+16,4.13456876224818e+16,4.115982387865431e+16,2992938.9554979685,-1445924255.7457519,1.0,373.4408989958504,2.2553584310778718e-10,2.2553584310778718e-10,0.04455193824636017,809364.2723914176,373.4408989958504
2396.0,32845.23895562679,10824972328.69428,372.3558756439813,4.874570041470728e-05,2.5717821493447275,0.20969971967010592,8.54361199844362e+16,0.3816138849581324,0.3816138849581324,23939743401.583954,0.0248970846800022,3851561.5492957146,3851553.2720151353,3834312.5214400874,8.277280579229707,17240.750575047972,1.0011864455090123,2.1490713502276155e-06,2.1490713502276155e-06,2.1490713502276155e-06,0.004476311076966514,17240.750575047972,-14523463.297295038,-0.0013416628566150684,-0.14239023374893348,0.6392320382427915,0.0,0.0,160253126281436.0,-555.5720960879961,0.12333307434322116,0.9999999999999952,186630647900814.3,89601333227.00015,3.280246181942989e+16,-1541370340.2085154,0.001784878441121933,-0.008679163689893637,0.020345778608476615,0.004476311076966514,8703865124725056.0,4.169295759205575e+16,4.1693047193388984e+16,4.150632694415494e+16,3030258.260566524,-1541370340.2085154,1.0,373.0629751254231,2.213775504790861e-10,2.213775504790861e-10,0.04441879478110278,804054.2608735634,373.0629751254231
2397.0,33092.644347480695,10824973182.195307,371.9390705177008,4.87112038555295e-05,2.571322750474853,0.20635490261973446,8.559637311071763e+16,0.3815754306373349,0.3815754306373349,22398373061.37544,0.024134031533152002,3882755.3975786814,3882747.556900559,3865433.2996114446,7.840678122232773,17314.25728911438,1.0012253642663544,2.0193592743756883e-06,2.0193592743756883e-06,2.0193592743756883e-06,0.0044592796815602544,17314.25728911438,-14434064.97850877,-0.0013334042251716266,-0.14783859706715183,0.6379006279206444,0.0,0.0,74914586423111.0,-555.6796849301098,0.1228750174728892,0.9999999999999946,187426370824292.78,84875130403.39522,3.320865990836373e+16,-1600348848.5452962,0.001957935217276439,-0.008749288059448452,0.02021672221468042,0.0044592796815602544,8634551897494875.0,4.20306381766829e+16,4.2030723051813304e+16,4.18432118058586e+16,3067782.1874870462,-1600348848.5452962,1.0,372.6685558950263,2.1732372009399034e-10,2.1732372009399034e-10,0.04425883153837873,797651.1121243985,372.6685558950263
2398.0,33341.538285446935,10824974009.370758,371.5227319518391,4.867701189555027e-05,2.57084050297233,0.20282967918838918,8.567128769714074e+16,0.38153738101860246,0.38153738101860246,20798024212.830143,0.023297044906264816,3912984.817316423,3912977.4541659113,3895596.1693040146,7.363150511821698,17381.284861896846,1.001231361680291,1.8817222288307895e-06,1.881722228830789e-06,1.881722228830789e-06,0.004441958857542621,17381.284861896846,-14345955.816109052,-0.001325264689198359,-0.14930209851450396,0.6365719906970592,0.0,0.0,-13856513295234.0,-555.789765361818,0.122408784766734,0.9999999999999938,188151956879502.75,79705912917.55487,3.3616455027301404e+16,-1616191335.9640179,0.0020908664603802663,-0.008829423545368925,0.02009206661509938,0.004441958857542621,8553272256418840.0,4.235787924059974e+16,4.2357958946512664e+16,4.216972728372025e+16,3105453.6480365633,-1616191335.9640179,1.0,372.2549684707639,2.1337689968265985e-10,2.1337689968265985e-10,0.04407195613926529,790142.5212674511,372.2549684707639
2399.0,33591.92691130491,10824974811.032618,371.1068594241411,4.8643121650925974e-05,2.570332226562009,0.19912659980399833,8.56574311838455e+16,0.381499731842758,0.381499731842758,19181832876.866127,0.022404264736597873,3942179.2001322173,3942172.339698141,3924730.9879990225,6.860434076138644,17441.351699118753,1.0011998548734062,1.740264388769681e-06,1.740264388769681e-06,1.7402643887696813e-06,0.004424299649074771,17441.351699118753,-14259241.827378115,-0.0013172540422768794,-0.14616022497053544,0.6352461207961487,0.0,0.0,-105826808319975.0,-555.9027156145605,0.12193302691103292,0.9999999999999929,188802192813321.44,74264026066.95065,3.4025197775104e+16,-1582180753.6809068,0.0021744448042847367,-0.008910533504181679,0.01996951913806512,0.004424299649074771,8459916310064576.0,4.2673916277981896e+16,4.267399054200796e+16,4.248511408516858e+16,3143212.65121339,-1582180753.6809068,1.0,371.8195548282882,2.0953935454451755e-10,2.0953935454451755e-10,0.04385791150389462,781518.3367856323,371.8195548282882
2400.0,33843.8163742613,10824975587.967836,370.6914524129362,4.8609530268270233e-05,2.569794740968743,0.19524821489449004,8.555160437552554e+16,0.38146247889544893,0.38146247889544893,17599652123.18522,0.021477719301884295,3970266.870904131,3970260.52125298,3952766.5448940205,6.349651151052095,17493.97635895961,1.0011262654372066,1.5993008423653185e-06,1.5993008423653187e-06,1.5993008423653187e-06,0.0044062540141417885,17493.97635895961,-14174027.607444935,-0.001309381946616086,-0.1377904261732208,0.6339230124540561,0.0,0.0,-200762405466561.0,-556.0189060716252,0.12144641930099087,0.9999999999999918,189371867022224.25,68734818702.2508,3.4434203321327748e+16,-1491577999.5807996,0.0021993353808646473,-0.008982470504754241,0.019846460745679032,0.0044062540141417885,8354398032085994.0,4.297797322043597e+16,4.2978041955254664e+16,4.278860135341374e+16,3180995.933108802,-1491577999.5807996,1.0,371.3596732341651,2.058131220839742e-10,2.058131220839742e-10,0.04361627646314914,771770.6117852186,371.3596732341651
2401.0,34097.212830856224,10824976340.939083,370.2765103971378,4.857623492428235e-05,2.569224865917382,0.19119707488779256,8.535084197005898e+16,0.3814256180066756,0.3814256180066756,16108074123.60442,0.020543345478256248,3997174.761471595,3997168.9129066383,3979630.2356206873,5.848564956893778,17538.67728595102,1.0010060212525118,1.463174693602983e-06,1.4631746936029833e-06,1.463174693602983e-06,0.004387774864684751,17538.67728595102,-14090417.158277247,-0.0013016580096335696,-0.12357077905583226,0.6326026599189297,0.0,0.0,-298428327525238.0,-556.1386988791286,0.1209476631903762,0.9999999999999906,189855766671785.47,63310577286.82056,3.4842747276799108e+16,-1337650759.710795,0.0021561299190112123,-0.009034002922452242,0.019719948243202005,0.004387774864684751,8236655869480659.0,4.326925891295155e+16,4.326932222352884e+16,4.307940314627977e+16,3218736.575434995,-1337650759.710795,1.0,370.87269991455867,2.022000628394652e-10,2.022000628394652e-10,0.043346463948459535,760893.6601856921,370.87269991455867
2402.0,34352.12244486953,10824977070.685509,369.86203285624265,4.8543232825381024e-05,2.5686194211327784,0.18697573021183406,8.505241364253374e+16,0.38138914505032445,0.38138914505032445,14770423363.893625,0.019630994503353812,4022828.074885685,4022822.6999915224,4005247.72736462,5.374894162279689,17574.97262690206,1.0008345585178073,1.3360984019761828e-06,1.3360984019761833e-06,1.336098401976183e-06,0.004368816111865705,17574.97262690206,-14008514.710434804,-0.0012940918598682715,-0.10288287341973247,0.6312850574508978,0.0,0.0,-398587952854745.0,-556.2624475201907,0.12043548697968376,0.999999999999989,190248675704140.28,58183106064.039024,3.5250061399738628e+16,-1113704745.7348435,0.0020353837689526524,-0.009052846644227317,0.019586717968350934,0.004368816111865705,8106653411398629.0,4.35469634868414e+16,4.3547021669947464e+16,4.3356714811137256e+16,3256363.608861332,-1113704745.7348435,1.0,370.3560309085117,1.9870190880691511e-10,1.9870190880691511e-10,0.04304771659201201,748884.1185032887,370.3560309085117
2403.0,34608.55138722625,10824977777.923464,369.44801927033,4.851052120734332e-05,2.5679752263397826,0.18258673129454275,8.465382568967899e+16,0.3813530559437058,0.3813530559437058,13656718618.158781,0.018774422066986887,4047149.936755713,4047144.990958678,4029542.6108417017,4.945797034885477,17602.38011697619,1.0006073239844704,1.2220444293324456e-06,1.2220444293324456e-06,1.2220444293324452e-06,0.004349332716346933,17602.38011697619,-13928425.551162178,-0.00128669322347875,-0.07511493090042633,0.629970199322044,0.0,0.0,-501002442915709.0,-556.3904963602074,0.11990864763699027,0.9999999999999873,190545373604829.1,53538142996.75505,3.565532909150493e+16,-813117457.7873715,0.0018276560535947675,-0.009025702228052684,0.019443191070103092,0.004349332716346933,7964380126052192.0,4.381025459116195e+16,4.381030812930494e+16,4.361970921755712e+16,3293801.5969160376,-813117457.7873715,1.0,369.8070841027124,1.9532030985125722e-10,1.9532030985125722e-10,0.04271909952423014,735741.013925664,369.8070841027124
2404.0,34866.50583590186,10824978463.3472,369.03446912006115,4.8478097334948714e-05,2.5672891012632473,0.17803262856384686,8.415282324676328e+16,0.3813173466470973,0.3813173466470973,12843601160.37141,0.01801126147019499,4070061.029836899,4070056.4521822524,4052436.035159009,4.577654646775269,17620.417023243233,1.0003197773975643,1.124714006305382e-06,1.1247140063053823e-06,1.1247140063053823e-06,0.004329280743463804,17620.417023243233,-13850256.87323004,-0.0012794720026581365,-0.03966517162971143,0.628658079816382,0.0,0.0,-605430150846872.0,-556.5231801720981,0.11936593224529224,0.9999999999999851,190740634791804.38,49553012963.98352,3.6057680630858936e+16,-429374628.63659656,0.0015235531399893573,-0.008938297876793237,0.0192854804922253,0.004329280743463804,7809852173829456.0,4.40582734394802e+16,4.405832299249316e+16,4.386753280468839e+16,3330970.195732797,-429374628.63659656,1.0,369.2233014442788,1.9205687900388787e-10,1.9205687900388787e-10,0.042359490096782304,721465.8394262121,369.2233014442788
2405.0,35125.99197582708,10824979127.629562,368.62138188667876,4.844595850162817e-05,2.5665578656280226,0.17331597244767455,8.354739309591642e+16,0.3812820131632917,0.3812820131632917,12414226531.734814,0.017382978516265895,4091479.207515239,4091474.921215113,4073846.3210831303,4.286300125811031,17628.600131982286,0.9999673941405431,1.047616255250166e-06,1.047616255250166e-06,1.0476162552501658e-06,0.004308617423163095,17628.600131982286,-13774118.660065517,-0.0012724383574014109,0.004054554310891948,0.6273486932298312,0.0,0.0,-711626004072260.0,-556.6608236513163,0.11880615966968278,0.9999999999999826,190829228478036.0,46399109396.66038,3.645618808937599e+16,43890465.787245795,0.0011137756359357537,-0.008775438608174486,0.019109399783682212,0.004308617423163095,7643113305519381.0,4.429013062337341e+16,4.42901770224828e+16,4.409930139489537e+16,3367783.6843422265,43890465.787245795,1.0,368.60215132763716,1.8891323746352715e-10,1.8891323746352715e-10,0.041967564185922956,706062.6367409042,368.60215132763716
2406.0,35387.01599879236,10824979771.42264,368.20875705200615,4.8414102029118255e-05,2.565778339158961,0.16843931337395404,8.283576709184416e+16,0.38124705153714894,0.38124705153714894,12458116997.52206,0.01693480671521381,4111319.081255909,4111314.9934006142,4093688.5476359357,4.08785529522868,17626.445764678378,0.9995456680819429,9.942928812958827e-07,9.942928812958829e-07,9.942928812958829e-07,0.004287301214568072,17626.445764678378,-13700124.62422384,-0.0012656027922002613,0.05661485049373806,0.6260420338701913,0.0,0.0,-819340853545055.0,-556.8037409312423,0.11822818233725685,0.9999999999999795,190805918844721.7,44250950879.353386,3.684985986302417e+16,612854611.3568316,0.0005891691416410943,-0.008521062029405004,0.01891047386646242,0.004287301214568072,7464235855639361.0,4.450490163750826e+16,4.450494588845913e+16,4.431409571866353e+16,3404150.4595053196,612854611.3568316,1.0,367.941131151147,1.8589106015674458e-10,1.8589106015674458e-10,0.04154177863891784,689538.0881306161,367.941131151147
2407.0,35649.58410335169,10824980395.358406,367.7965940984467,4.8382525267119966e-05,2.564947341580913,0.16340520177061352,8.20164262382991e+16,0.38121245785515406,0.38121245785515406,13070971608.878891,0.016715661290702975,4129491.5763649927,4129487.5760190394,4111874.1062130723,4.000345953355533,17613.469805967197,0.999050114621729,9.68726023380549e-07,9.687260233805488e-07,9.687260233805486e-07,0.004265291875014467,17613.469805967197,-13628393.218242532,-0.0012589762494245428,0.11856454915417686,0.6247380960571179,0.0,0.0,-928320781574821.0,-556.952235110285,0.11763088812212108,0.9999999999999757,190665465343832.12,43303666519.724976,3.723763474568329e+16,1283458920.1784725,-5.9220979023322934e-05,-0.008158301157861664,0.018683951901382962,0.004265291875014467,7273321842255089.0,4.470162205328221e+16,4.470166535694873e+16,4.4510956587938376e+16,3439972.488231964,1283458920.1784725,1.0,367.23777003860795,1.8299212277702767e-10,1.8299212277702767e-10,0.0410803493113816,671901.6179811083,367.23777003860795
2408.0,35913.702494726516,10824981000.049341,367.38489250898306,4.835122559296256e-05,2.564061692618731,0.15821618806558124,8.108810545672429e+16,0.3811782282449787,0.3811782282449787,14354430529.057364,0.01677803037125896,4145903.44953974,4145899.4032686315,4128310.215543956,4.046271108531125,17589.187724675834,0.9984762739346478,9.759684849825253e-07,9.75968484982525e-07,9.759684849825253e-07,0.004242550533379681,17589.187724675834,-13559048.739506623,-0.0012525702113883451,0.19042614985218823,0.623436874122098,0.0,0.0,-1038306359228338.0,-557.1065978025687,0.11701320232733292,0.999999999999971,190402622925917.0,43800807870.89802,3.761837545912884e+16,2061359454.0624862,-0.0008400905001353846,-0.0076695547688735,0.018424822404325518,0.004242550533379681,7070504186444092.0,4.487928226849884e+16,4.487932606930671e+16,4.468887964557293e+16,3475144.710088393,2061359454.0624862,1.0,366.48963172029,1.80218351313412e-10,1.80218351313412e-10,0.040581223998846117,653165.5054555627,366.48963172029
2409.0,36179.37738470879,10824981586.089043,366.9736517671768,4.832020041127191e-05,2.5631182119972653,0.15287482268678532,8.004979909749595e+16,0.38114435887504783,0.38114435887504783,16415789983.11985,0.017177841622265943,4160456.7606098335,4160452.5043116766,4142899.389745197,4.256298156660956,17553.11456647957,0.9978197144074923,1.0230362677863942e-06,1.0230362677863942e-06,1.0230362677863944e-06,0.004219039767498472,17553.11456647957,-13492222.554095432,-0.0012463968134074246,0.27269088919252754,0.6221383624084251,0.0,0.0,-1149031843009726.0,-557.2671087244338,0.11637408975501773,0.9999999999999654,190012141960652.7,46074349170.75959,3.7990861540271416e+16,2951873854.203358,-0.0017618125489337342,-0.0070365657991708856,0.01812783077944096,0.004219039767498472,6855948066739871.0,4.5036821748971944e+16,4.503686782332112e+16,4.484680960701129e+16,3509554.3801287087,2951873854.203358,1.0,365.6943175675672,1.7757187520872746e-10,1.7757187520872746e-10,0.04004204938388112,633345.009616488,365.6943175675672
2410.0,36446.61499156369,10824982154.052788,366.56287135716735,4.828944715364363e-05,2.562113719441369,0.147383656062154,7.890076725448622e+16,0.3811108459541106,0.3811108459541106,19367663837.323208,0.017974302428002114,4173048.289551269,4173043.6153076775,4155538.850414243,4.674243591661951,17504.76489343449,0.9970760362668082,1.1201029241299714e-06,1.1201029241299712e-06,1.1201029241299712e-06,0.004194723685423036,17504.76489343449,-13428054.468878867,-0.0012404689705517444,0.36581340320593597,0.6208425552711746,0.0,0.0,-1260224298864165.0,-557.4340353291019,0.11571255685527637,0.9999999999999581,189488767582318.12,50598603463.436226,3.835378146962276e+16,3959923561.417574,-0.0028323687137436064,-0.0062405083914061805,0.017787499452527673,0.004194723685423036,6629852426584457.0,4.517312266378954e+16,4.517317326239299e+16,4.498363389620722e+16,3543080.3417318715,3959923561.417574,1.0,364.84946977467814,1.750550854630207e-10,1.750550854630207e-10,0.04201981996213755,612458.5086823717,364.84946977467814
2411.0,36715.42153993242,10824982704.498117,366.1525507636719,4.825896327832071e-05,2.5607921975390373,0.14034024142905058,7.764054295562206e+16,0.38107768573081646,0.38107768573081646,23327587398.740784,0.019229711559644435,4183568.8882197933,4183563.52474423,4166136.366708165,5.363475563468511,17427.15803606455,0.995878447247233,1.282033523714915e-06,1.2820335237149148e-06,1.282033523714915e-06,0.004165625293601821,17427.15803606455,-13355765.98196455,-0.0012337909765356774,0.5155398601052543,0.6195494470771791,0.0,0.0,-1434940391123052.0,-557.6382959454498,0.11491888453558019,0.9999999999999476,188648684328954.12,58059530210.54493,3.876924020975736e+16,5580710069.118757,-0.004059274550098551,-0.005262084233154324,0.01739815080755934,0.004165625293601821,6329113904439155.0,4.528700279852547e+16,4.528706085805568e+16,4.509835411419651e+16,3581459.7831779937,5580710069.118757,1.0,363.74095067573603,1.7224686954456872e-10,1.7224686954456872e-10,0.045593052104867304,584676.5835301714,363.74095067573603
2412.0,36985.803260733934,10824983237.96537,365.7426894719841,4.822874626987563e-05,2.5589479762661993,0.13058971292992932,7.6205602564499e+16,0.38104487449329466,0.38104487449329466,28908297467.859543,0.02100924006069375,4190858.097366226,4190851.684126345,4173549.05026587,6.413239880885205,17302.6338604752,0.9939343532461133,1.530292778205888e-06,1.5302927782058877e-06,1.5302927782058881e-06,0.0041286676705864465,17302.6338604752,-13268771.801479282,-0.0012257544893873886,0.7579787019876386,0.6182590322050043,0.0,0.0,-1720700046197252.0,-557.9037059596274,0.11390815171424684,0.9999999999999303,187300721512296.1,69423214211.63336,3.927873830170169e+16,8205106743.7509365,-0.005758173691339287,-0.003982008921762256,0.016928365654411644,0.0041286676705864465,5899860210252649.0,4.536589923346662e+16,4.536596865668084e+16,4.517859851195434e+16,3628526.477892671,8205106743.7509365,1.0,362.1996082622652,1.6890520086989856e-10,1.6890520086989856e-10,0.04757876714131304,545022.5723731992,362.1996082622652
2413.0,37257.76639106691,10824983754.978226,365.3332869679739,4.819879363889698e-05,2.5566533964296045,0.11850599235035522,7.448490251830176e+16,0.38101240856873914,0.38101240856873914,37113404211.61048,0.023515895114315455,4192847.970030661,4192839.9313276117,4175711.469100478,8.038703049300128,17128.46222713368,0.9913513334163045,1.917241718936292e-06,1.917241718936292e-06,1.9172417189362924e-06,0.00408516960047892,17128.46222713368,-13174055.757635884,-0.0012170046677046846,1.0783503549238331,0.6169713050449246,0.0,0.0,-2091781340565637.0,-558.2198491633777,0.11271669381872984,0.9999999999999024,185415325356480.25,87018829919.76782,3.98452999072244e+16,11673125074.225498,-0.008349719661208923,-0.0022049873878364178,0.01632668360978982,0.00408516960047892,5356708911264539.0,4.5387424143845416e+16,4.5387511162675336e+16,4.5202008818488936e+16,3680864.637685966,11673125074.225498,1.0,360.2909857012591,1.6531498537930873e-10,1.6531498537930873e-10,0.04805391701139827,494846.83141451183,360.2909857012591
2414.0,37531.31717411096,10824984256.044205,364.9243427380868,4.816910292168036e-05,2.553980798836002,0.10446300147589303,7.239312117773613e+16,0.38098028432299735,0.38098028432299735,48786529285.83598,0.027135458594778443,4187692.795115453,4187682.104493115,4170778.7855424024,10.69062233778517,16903.318950712746,0.9882372678111924,2.5528669032873585e-06,2.5528669032873585e-06,2.5528669032873585e-06,0.00403643794560637,16903.318950712746,-13078076.506542042,-0.0012081381549575749,1.4608698193851861,0.615686259998898,0.0,0.0,-2522952314888382.0,-558.5764328922457,0.1113805239677843,0.9999999999998577,182978161516359.12,115725818493.83896,4.043225488605444e+16,15813892794.974781,-0.011966225256498313,0.00022633497112188724,0.015550509228596682,0.00403643794560637,4716359802885231.0,4.533159285045603e+16,4.533170857627453e+16,4.514861468893967e+16,3735086.715112663,15813892794.974781,1.0,358.08060518050564,1.617281937403174e-10,1.617281937403174e-10,0.04709833813124287,435692.0704297393,358.08060518050564
2415.0,37806.46185902746,10824984741.655176,364.5158562693431,4.8139671679923514e-05,2.5510025242921417,0.08883466209210773,6.987016886284774e+16,0.38094849816016324,0.38094849816016324,64600422080.81076,0.03230879101882317,4173739.9425646304,4173724.8375676908,4157097.760042806,15.104996939623573,16627.07752488439,0.9846997150914436,3.6190556065987264e-06,3.619055606598727e-06,3.619055606598727e-06,0.00398375028828544,16627.07752488439,-12986774.619947365,-0.0011997037344517905,1.888784678142046,0.6144038914805426,0.0,0.0,-2989410913925341.0,-558.9634438701205,0.10993485251729374,0.9999999999997862,179987860505191.22,163511361394.1733,4.100291384967285e+16,20446065321.159733,-0.016573482764074124,0.003430224160358498,0.014566587825703164,0.00398375028828544,3997605972359434.5,4.518050768253748e+16,4.518067119389887e+16,4.500051982203229e+16,3787803.3852455453,20446065321.159733,1.0,355.63338564556386,1.5836397938117676e-10,1.5836397938117676e-10,0.04478669700567872,369294.3747972606,355.63338564556386
2416.0,38083.206700860304,10824985212.287836,364.10782704933735,4.8110497500425816e-05,2.547790913604772,0.0719948959845641,6.68807579489224e+16,0.38091704652217506,0.38091704652217506,85046487401.97049,0.03945852247398102,4149499.0766074597,4149476.6774773714,4133176.1161036603,22.39913008808897,16300.56137371097,0.980845404664424,5.398032310541448e-06,5.398032310541449e-06,5.398032310541448e-06,0.003928341485129329,16300.56137371097,-12905637.244312163,-0.0011922083024799427,2.3445387515958513,0.6131241939151122,0.0,0.0,-3466911092322420.0,-559.3712714787733,0.10841371316041859,0.9999999999996719,176453335822411.56,242470251971.67465,4.1520405634033576e+16,25379597315.660873,-0.022038483212942533,0.00748482509439005,0.013351454965651405,0.003928341485129329,3221164702569820.0,4.491802367242581e+16,4.4918266142677784e+16,4.474157033660339e+16,3835608.5315388925,25379597315.660873,1.0,353.01317448779184,1.5541312265543622e-10,1.5541312265543622e-10,0.04118163473641867,297567.58456476766,353.01317448779184
2417.0,38361.55796043611,10824985668.404179,363.70025456623745,4.808157799479178e-05,2.544418307580642,0.05431762493882708,6.341384685659998e+16,0.3808859258884168,0.3808859258884168,110426084717.63136,0.04894598612113489,4113611.443876393,4113577.2765281154,4097651.9981032563,34.16734827761293,15925.278424859102,0.9767798435406959,8.305925035402933e-06,8.305925035402933e-06,8.305925035402931e-06,0.00387139400923085,15925.278424859102,-12839808.82620691,-0.0011861270970255017,2.810027220845525,0.6118471617394711,0.0,0.0,-3932016484283591.5,-559.7907975599468,0.10684969313432569,0.9999999999994912,172390910714446.03,369861055432.5342,4.194765595219909e+16,30418504393.47843,-0.02816803162331405,0.01242751761256319,0.011891789028386196,0.00387139400923085,2409368201376407.5,4.4529415064289944e+16,4.452978492534538e+16,4.4357024153575496e+16,3875077.273740448,30418504393.47843,1.0,350.28239267357964,1.5304553948924468e-10,1.5304553948924468e-10,0.036327641392568166,222574.72436280805,350.28239267357964
2418.0,38641.521904263944,10824986110.451954,363.2931383087847,4.805291079913871e-05,2.540957047026502,0.03617677074046149,5.948183037231639e+16,0.38085513277532423,0.38085513277532423,140844589111.1098,0.061045397340614135,4064819.972057086,4064767.4549243296,4049264.3023641584,52.517132756503614,15503.152560171005,0.9726070368557255,1.2919916039953484e-05,1.2919916039953484e-05,1.2919916039953484e-05,0.0038140318559649593,15503.152560171005,-12794241.443523562,-0.0011819175852032008,3.2669156961833994,0.6105727894020713,0.0,0.0,-4362438330834585.0,-560.2134523027865,0.10527376251445475,0.9999999999992086,167821411132068.78,568497232649.913,4.224748512424388e+16,35364317035.202774,-0.034731868109786526,0.018254851134157823,0.010184616262221242,0.0038140318559649593,1585744706397054.8,4.400105124177301e+16,4.4001619739005656e+16,4.3833229830640936e+16,3902774.996029996,35364317035.202774,1.0,347.50179081686446,1.514200865958218e-10,1.514200865958218e-10,0.030245102117292255,146489.3063341629,347.50179081686446
2419.0,38923.10480443489,10824986538.865088,362.8864777662922,4.802449357380833e-05,2.5374794727491,0.01794625517503224,5.511939204148181e+16,0.38082466373599505,0.38082466373599505,176208906146.31256,0.07592834991120571,4001940.171974837,4001860.182589963,3986823.922367713,79.98938487405613,15036.260222250257,0.9684293200080956,1.9987651348266854e-05,1.9987651348266854e-05,1.9987651348266854e-05,0.003757317731305381,15036.260222250257,-12773884.262166034,-0.0011800369650626164,3.697002250177982,0.6093010713629274,0.0,0.0,-4737427011240448.0,-560.6312364787652,0.10371519575803778,0.9999999999987761,162767314500731.6,865884014513.7562,4.238280309954806e+16,40019999592.33059,-0.041477644180981495,0.024923182285754117,0.008237333777881032,0.003757317731305381,774512192907732.9,4.332008260695653e+16,4.332094849097104e+16,4.31573152924558e+16,3915275.362918979,40019999592.33059,1.0,344.7303122540991,1.5069647722950791e-10,1.5069647722950791e-10,0.022923800613198875,71548.5594487339,344.7303122540991
2420.0,39206.31293852121,10824986954.064135,362.4802724286451,4.799632400308242e-05,2.5340579255551865,2.81041648286795e-11,5.038196503024136e+16,0.3807945153598028,0.3807945153598028,216228905738.64316,0.09365497698145218,3923831.2189272735,3923711.8954549776,3909185.3204540987,119.32347229612802,14526.575000879076,0.9643472997041742,3.0409940091345105e-05,3.04099400913451e-05,3.04099400913451e-05,0.0037022532204023188,14526.575000879076,-12783919.035932293,-0.001180963920804791,4.082607347150937,0.608032002093593,0.0,0.0,-5038196501834855.0,-561.036711104585,0.10220157773857697,0.9999999999981324,157249984871750.2,1291675030919.219,4.231688009374536e+16,44194171271.47527,-0.04814168122889412,0.03235009025094816,0.006067528125752826,0.0037022532204023188,1189280.5732235098,4.247413007980639e+16,4.2475421754837304e+16,4.231688009493464e+16,3909185.3203442344,44194171271.47527,1.0,342.02505826759256,1.510498004208306e-10,1.510498004208306e-10,0.022923800613198875,0.00010986438859189628,342.02505826759256
