"t, Time, (yr)","A, Total factor productivity, ($)","L, Population, (persons)","theta1, Marginal abatement cost at mu=1, ($/tCO2)","sigma, Carbon intensity of GDP, (tCO2/$)","f, Control: log10(marginal_abatement_cost), (log10($/tCO2))","s, Savings rate, (dimensionless)","K, Capital stock, ($)","gini, Background Gini index, (dimensionless)","Gini, Gini index, (dimensionless)","Ecum, Cumulative CO2 emissions, (tCO2)","delta_T, Global mean temperature change, (°C)","y_gross, Per-capita gross income, ($/person/yr)","y_damaged, Per-capita income after climate damage, ($/person/yr)","y_net, Per-capita net income after abatement, ($/person/yr)","climate_damage, Per-capita climate damage, ($/person/yr)","tax_amount, Per-capita tax amount, ($/person/yr)","mu, Abatement fraction, (dimensionless)","Omega, Climate damage as fraction of gross output, (dimensionless)","Omega_base, Base damage from temperature before income adjustment, (dimensionless)","Omega_calc, Climate damage from previous timestep (lagged), (dimensionless)","lambda_abate, Abatement cost as fraction of damaged output, (dimensionless)","abateCost_amount, Abatement expenditure per capita, ($/person/yr)","U, Mean utility per capita, (dimensionless)","aggregate_utility, Aggregate utility from integration, (dimensionless)","e, CO2 emissions, (tCO2/yr)","emission_ratio, Ratio of CO2e to industrial CO2, (dimensionless)","E_extra, Extra emission pulse, (tCO2/yr)","consumption_extra, Extra consumption pulse, ($/person/yr)","dK_dt, Net capital accumulation, ($/yr)","log_deltaU_norm, Log normalized utility-loss (log deltaU), (dimensionless)","max_average_tax_rate, Maximum average tax rate across income bins, (dimensionless)","max_marginal_tax_rate, Maximum marginal tax rate across income bins, (dimensionless)",AbateCost,Climate_damage,Consumption,E,H1,H2,H3,Lambda,Savings,Y_damaged,Y_gross,Y_net,consumption,dEcum_dt,mac_over_wmac,marginal_abatement_cost,mu_dollar_cost,mu_dollar_numeraire,r_consumption,savings,welfare_adjusted_mac
2020.0,739.6190000000007,7752000000.0,6035.6,0.0002913549999999999,1.7881454564342207,0.4800723982234203,295000000000000.0,0.57313,0.57313,2327128215854.4233,1.1696599999999997,17503.727145280773,17420.70314539412,17410.098785730497,83.02399988665066,10.604359663621288,0.056838240994628045,0.004743218355585198,0.004743218355585198,0.004743218355585198,0.0006087216787472202,10.604359663621288,-236353290.65431878,-0.030489330579762483,7.4517434630201915,1.4,0.0,0.0,35292052265390.05,-678.8517200289764,0.011540205761709776,0.9453950822593306,82204996112.39223,643602047121.3159,70171033521592.766,57765915325.33253,-0.07022,0.21036,-0.08308,0.0006087216787472202,64792052265390.05,135045290783095.22,135688892830216.55,134963085786982.81,9051.9909083582,57765915325.33253,1.0,61.396760433420205,1.6841218923559375e-06,1.6841218923559375e-06,1.0464367372746581,8358.107877372297,61.396760433420205
2021.0,749.4392757472212,7832251487.344443,4937.569188788617,0.0002869469393703804,2.1362633048207895,0.20961900592425514,330292052265390.06,0.5710759862923859,0.5710759862923859,2384894131179.756,1.195964938405231,18291.103165064997,18200.398288526692,18155.22330555082,90.70487653830438,45.17498297587411,0.10634542692187177,0.004958961508212676,0.004958961508212676,0.004958961508212676,0.002482087603783477,45.17498297587411,-188830041.5169971,-0.024109292432975833,7.212052903063249,1.3970840409436769,0.0,0.0,-3222163469833.2734,-668.7878867859813,0.04721361153306902,0.999994525003876,353821827603.54987,710423404176.5286,112389232981265.17,56486612076.823944,-0.07522053494757705,0.21620228500684668,-0.08523469577107999,0.002482087603783477,29807041756705.734,142550096565574.44,143260519969750.97,142196274737970.9,14349.543443908387,56486612076.823944,1.0,136.8558306052981,8.400712521747605e-07,8.400712521747605e-07,0.0276902719084251,3805.679861642432,136.8558306052981
2022.0,759.3749267602893,7910820339.096546,4059.769804874857,0.0002826406030102666,2.132123113346351,0.21373717902104952,327069888795556.8,0.5690435894947019,0.5690435894947019,2441380743256.5796,1.2243600139837558,18423.91689320756,18328.163519857524,18278.487898386447,95.75337335003628,49.67562147107823,0.1194712933281777,0.005197232157801264,0.005197232157801264,0.005197232157801264,0.002710343642299869,49.67562147107823,-189907601.26787767,-0.02400605665752814,7.022204904550547,1.3941741553282239,0.0,0.0,-1801055783218.2656,-666.7730701858793,0.05172724020440378,0.9999983335763425,392974916690.66675,757487733434.5723,113691900738148.17,55551401384.221985,-0.07718500263306619,0.22162145089461407,-0.08730056762876287,0.002710343642299869,30905933096337.418,144990808751176.25,145748296484610.8,144597833834485.6,14371.695458214937,55551401384.221985,1.0,135.55736344877798,8.351847651940986e-07,8.351847651940986e-07,0.03058673778740406,3906.7924401715113,135.55736344877798
2023.0,769.427109958828,7987717781.36314,3358.004875731523,0.00027843312404643265,2.130656383895749,0.21738682761684158,325268833012338.56,0.567032582105645,0.567032582105645,2496932144640.802,1.253501365864048,18582.89641127977,18481.664631893902,18426.618481123623,101.23177938586541,55.04615077027909,0.13423303616692037,0.0054475780925312585,0.0054475780925312585,0.0054475780925312585,0.0029784195237092265,55.04615077027909,-190764313.9270655,-0.02388220504887576,6.83259243572989,1.391270330503709,0.0,0.0,-530449152679.77344,-664.54949279013,0.05703155252935288,0.9999995911736688,439693117303.3546,808610884239.5077,115190193943511.73,54576820091.686935,-0.07768461963115539,0.22669918395198557,-0.08929645680954967,0.0029784195237092265,31996434148554.082,147626321209369.2,148434932093608.7,147186628092065.8,14420.914345806295,54576820091.686935,1.0,135.10032192811968,8.280400997365927e-07,8.280400997365927e-07,0.033810389208208225,4005.7041353173286,135.10032192811968
2024.0,779.596991501509,8062956561.399988,2796.9470921655156,0.00027432172967518736,2.1304373387135174,0.2203335670137688,324738383859658.8,0.565042739018188,0.565042739018188,2551508964732.489,1.2827441650927203,18766.442218179334,18659.385017510067,18598.288511528455,107.05720066926493,61.09650598161251,0.15043388785855888,0.00570471480020635,0.00570471480020635,0.00570471480020635,0.0032743043741409066,61.09650598161251,-191379907.3157806,-0.023735698668150944,6.64360624440846,1.388372553846548,0.0,0.0,566764711555.5273,-662.1730161116594,0.06290314059901636,0.9999999144908014,492618473783.0562,863197558581.3649,116916589287316.97,53567108559.71113,-0.0773482812219923,0.23143704251585717,-0.09122103223974753,0.0032743043741409066,33040603097521.406,150449810858621.44,151313008417202.8,149957192384838.38,14500.461263432193,53567108559.71113,1.0,135.03219853675367,8.184458421095638e-07,8.184458421095638e-07,0.036029602290678975,4097.827248096261,135.03219853675367
2025.0,789.885746834912,8136550834.027715,2348.3588011236193,0.00027030373767847766,2.132586677797699,0.22296061719386265,325305148571214.3,0.5630738374943813,0.5630738374943813,2605076073292.1997,1.3117241569691078,18972.2769489133,18859.099909088727,18790.946457138623,113.17703982457012,68.15345195010465,0.1683212279254092,0.00596539045520589,0.00596539045520589,0.00596539045520589,0.0036138231558580165,68.15345195010465,-191814383.5587618,-0.02357440978019562,6.451953870649738,1.3854808127594485,0.0,0.0,1558712276324.4805,-659.5575427945049,0.06965202679863258,0.9999999860145429,554534026306.4918,920870737777.3939,118804263934555.48,52496650647.34347,-0.07652691833291705,0.23583740212646154,-0.09307319746543737,0.0036138231558580165,34089227133445.918,153448025094307.88,154368895832085.28,152893491068001.4,14601.30543739817,52496650647.34347,1.0,135.702134167134,8.072701380539294e-07,8.072701380539294e-07,0.03836428907750422,4189.641019740454,135.702134167134
2026.0,800.2945607424174,8208516052.191165,1989.6692190028818,0.0002663765530827186,2.1358249815292263,0.22514785062953682,326863860847538.8,0.5611256571404205,0.5611256571404205,2657572723939.543,1.3402336047449315,19199.08544841976,19079.522837723624,19003.536595184563,119.56261069613458,75.98624253906189,0.18756532877663365,0.0062275159417020855,0.0062275159417020855,0.0062275159417020855,0.003982607069649746,75.98624253906189,-192062300.74282822,-0.023397932040537278,6.259205671012694,1.3825950946713572,0.0,0.0,2434615176175.242,-656.7707419333134,0.07700830600713138,0.9999999980855364,623734291627.5807,981431609141.1038,120869833929045.6,51378790224.47367,-0.07539875365483636,0.23989737179874046,-0.09485053271446817,0.003982607069649746,35121001260929.125,156614569481602.28,157596001090743.4,155990835189974.72,14724.931176419013,51378790224.47367,1.0,136.71777488727497,7.945000842758187e-07,7.945000842758187e-07,0.04029517153660933,4278.605418765551,136.71777488727497
2027.0,810.8246273931094,8278868861.719479,1702.8371767166157,0.0002625376649539717,2.1404608997276555,0.22700572044241493,329298476023714.06,0.5591979798819762,0.5591979798819762,2708951514164.0166,1.3681443558363662,19445.2059118983,19319.01437365142,19234.303921869698,126.19153824688247,84.71045178171931,0.20811570776864244,0.006489596398136741,0.006489596398136741,0.006489596398136741,0.0043848226489884064,84.71045178171931,-192148945.29968607,-0.023209565039514074,6.064657989615543,1.379715387037404,0.0,0.0,3218152829183.3438,-653.7849886961114,0.08505798666982467,0.9999999997866515,701306721517.8654,1044723196604.5979,123090279384061.12,50208508187.20637,-0.07407087497517963,0.24361685021993826,-0.09655133833020885,0.0043848226489884064,36148000431554.74,159939586537133.75,160984309733738.38,159238279815615.88,14868.0069028773,50208508187.20637,1.0,138.18499899910984,7.805199252920368e-07,7.805199252920368e-07,0.042062438768764476,4366.297018992398,138.18499899910984
2028.0,821.477150390716,8347627000.319342,1473.4420946140226,0.00025878464332340217,2.1460632651011586,0.22854631189530453,332516628852897.4,0.5572905899397829,0.5572905899397829,2759160022351.223,1.395376028718783,19709.27222568827,19576.224656114224,19482.01235374249,133.04756957404572,94.21230237173414,0.2296578898226717,0.0067505064647002495,0.006750506464700249,0.006750506464700249,0.004812587923704119,94.21230237173414,-192086318.65033564,-0.02301088903984178,5.869754926118894,1.3768416773388468,0.0,0.0,3916497532880.0664,-650.635571451908,0.09365359473424262,0.999999999979946,786449159040.5378,1110631484103.1702,125460411926485.98,48998524706.52754,-0.07259942734997499,0.2469947200331317,-0.09817367065049343,0.004812587923704119,37168160418169.8,163415021503696.3,164525652987799.5,162628572344655.78,15029.470281995884,48998524706.52754,1.0,139.9791219897748,7.655251649348195e-07,7.655251649348195e-07,0.04356036572390454,4452.542071746608,139.9791219897748
2029.0,832.2533428225427,8414809200.811381,1289.9573849759238,0.0002551151362372384,2.152445512656335,0.22983522542059828,336433126385777.44,0.5554032738054854,0.5554032738054854,2808158547057.7505,1.4218733066941776,19989.958462555212,19849.84252548691,19745.440749948633,140.11593706830118,104.40177553827507,0.2518655931271713,0.0070093160689034695,0.0070093160689034695,0.007009316068903471,0.005259577017007803,104.40177553827507,-191893023.93504766,-0.02280420379781692,5.6760538242209275,1.3739739530830188,0.0,0.0,4544756181011.699,-647.3509228443271,0.102676036784622,0.999999999998364,878521021380.5217,1179048876422.6492,127966047677154.3,47762909944.35489,-0.07102350325027595,0.2500324773308468,-0.09971626873470399,0.005259577017007803,38188068819589.445,167032637518124.28,168211686394546.94,166154116496743.75,15207.242924155122,47762909944.35489,1.0,142.0513981516492,7.497805639908001e-07,7.497805639908001e-07,0.04479231114863502,4538.197825793512,142.0513981516492
2030.0,843.1544273084459,8480435098.599607,1143.169671633005,0.00025152686692572995,2.1597556658911063,0.23094107449128679,340977882566789.1,0.5535358202177394,0.5535358202177394,2855921457002.1055,1.4475982624489059,20286.14601898467,20138.76230538525,20023.466732495333,147.38371359941834,115.2955728899152,0.2744909987334528,0.007265239708986131,0.007265239708986131,0.007265239708986131,0.00572505753539205,115.2955728899152,-191587046.22870567,-0.02259165290473632,5.484600656740533,1.3711122018032729,0.0,0.0,5117786764691.305,-643.9301049702153,0.11211416194767643,0.9999999999998843,977756623048.7863,1249878017770.4597,130592135052524.81,46511799911.22488,-0.06937360107056927,0.252734432599737,-0.10117861767296846,0.00572505753539205,39215575021370.22,170785466696943.84,172035344714714.28,169807710073895.03,15399.225810252326,46511799911.22488,1.0,144.46267949313977,7.335316691246177e-07,7.335316691246177e-07,0.04603902127048798,4624.240922243008,144.46267949313977
2031.0,854.1816360498018,8544525143.345851,1025.7145634169328,0.00024801763108586787,2.167516223197433,0.2318149372747471,346095669331480.44,0.5516880201385631,0.5516880201385631,2902433256913.3306,1.4725264520768655,20596.93982728845,20442.099973679822,20315.462399272335,154.83985360862513,126.63757440748876,0.2970339313882779,0.007517614505213103,0.007517614505213104,0.007517614505213104,0.006194939588914088,126.63757440748876,-191170550.85960326,-0.022373455242094942,5.29843983955671,1.3682564110589277,0.0,0.0,5630255962935.586,-640.4465932750237,0.12169421069924058,0.9999999999999923,1082057938617.1188,1323033022350.8882,133346156373196.06,45272652429.597664,-0.06767298547685856,0.2551068333635412,-0.10256073594008058,0.006194939588914088,40239822896083.625,174668037207896.8,175991070230247.72,173585979269279.7,15606.034757477535,45272652429.597664,1.0,147.06733518118028,7.168202068838362e-07,7.168202068838362e-07,0.04702017760544153,4709.4276417948,147.06733518118028
2032.0,865.3362108784883,8607100514.805265,931.7055908540553,0.00024458529427287534,2.1757654607704047,0.23253467142812248,351725925294416.0,0.5498596667299385,0.5498596667299385,2947705909342.928,1.4966436384832185,20921.32227293256,20758.84980433962,20620.48763478205,162.47246859293762,138.36216955756936,0.31919363643861726,0.007765879540182798,0.007765879540182798,0.007765879540182797,0.006665213673285736,138.36216955756936,-190661916.93384627,-0.022151700982913403,5.119112011048957,1.365406568435214,0.0,0.0,6098267809926.734,-636.9209923808605,0.13133759767841047,0.9999999999999996,1190897100828.5286,1398416868067.9556,136211749397499.86,44060711625.645294,-0.06595181072840947,0.25716132632804906,-0.10386407237327529,0.006665213673285736,41270860339368.336,178673506837696.75,180071923705764.72,177482609736868.2,15825.509317940345,44060711625.645294,1.0,149.88751545575573,6.998728315677806e-07,6.998728315677806e-07,0.04781294054860652,4794.978316841706,149.88751545575573
2033.0,876.6194033058837,8668183042.76501,856.4376096488695,0.00024122778939571657,2.184547113903897,0.23315077357437425,357824193104342.75,0.5480505553306578,0.5480505553306578,2991766620968.5737,1.5199487294158185,21258.54649570536,21088.273692339695,20937.844781753596,170.27280336566312,150.42891058609732,0.34072744333762583,0.008009616433562924,0.008009616433562922,0.008009616433562922,0.007133296578976996,150.42891058609732,-190074613.1897649,-0.02192784949879579,4.947837499315428,1.3625626615432198,0.0,0.0,6532830612411.484,-633.3669281977325,0.14099294815996866,1.0,1303945331884.0227,1475955826778.3022,139177821166396.62,42888761109.92283,-0.06423636392397943,0.258912326974683,-0.10509085511996055,0.007133296578976996,42315249922845.766,182797016421126.44,184272972247904.75,181493071089242.4,16056.17007390757,42888761109.92283,1.0,152.94916624450053,6.828476721609291e-07,6.828476721609291e-07,0.04859748295563748,4881.674707846026,152.94916624450053
2034.0,888.0324745718599,8727795131.016027,796.1497265995536,0.00023794311431209384,2.1936408265221066,0.23363855284200122,364357023716754.25,0.546260483433415,0.546260483433415,3034655382078.4966,1.542451982395618,21608.05260934927,21429.81769725532,21267.149146508367,178.23491209394842,162.66855074695354,0.36132981411619647,0.008248541195092728,0.008248541195092728,0.00824854119509273,0.007590757562430769,162.66855074695354,-189411705.1491405,-0.021702125485969163,4.786399719183424,1.359724678019838,0.0,0.0,6931192558678.734,-629.8328888854896,0.15049232969604975,1.0,1419737785178.6946,1555597797950.6328,142248425841133.25,41774716164.18557,-0.06254924297806046,0.26037644262755866,-0.1062439554256093,0.007590757562430769,43366894930354.164,187035058556666.06,188590656354616.72,185615320771487.4,16298.323196843152,41774716164.18557,1.0,156.18554109893964,6.657774732319257e-07,6.657774732319257e-07,0.04932349431127481,4968.825949665216,156.18554109893964
2035.0,899.5766956937855,8785959685.277266,747.8358026942864,0.00023472932951861789,2.2028944344877606,0.23399585575342102,371288216275433.0,0.544489250662137,0.544489250662137,3076430098242.682,1.5641733038016428,21969.22739581783,21782.873547964948,21607.929931401024,186.3538478528799,174.9436165639254,0.3807852464830321,0.00848249437703736,0.008482494377037362,0.008482494377037362,0.008031246023565582,174.9436165639254,-188679110.27135554,-0.021475071253459918,4.635944156230665,1.356892605527711,0.0,0.0,7294449496900.711,-626.357866019564,0.15970715279455705,1.0,1537047562327.2524,1637297394431.6963,145423130135141.34,40731218459.839355,-0.06091423066440482,0.2615734528724531,-0.1073271483762321,0.008031246023565582,44423271124444.016,191383448821912.6,193020746216344.3,189846401259585.34,16551.76387604288,40731218459.839355,1.0,159.54912783296888,6.487241772859746e-07,6.487241772859746e-07,0.049793382904704364,5056.166055358142,159.54912783296888
2036.0,911.2533475155293,8842700044.982775,709.0929853682185,0.00023158455593203574,2.212465002262638,0.23431083521409246,378582665772333.7,0.5427366587495546,0.5427366587495546,3117161316702.5215,1.5851426981560712,22341.477264295445,22146.850547355745,21959.515806858442,194.62671693970117,187.33474049730413,0.39911783321072775,0.008711452453985207,0.008711452453985205,0.008711452453985203,0.008458753089823474,187.33474049730413,-187893537.58732975,-0.021248435051682876,4.495881446451387,1.354066431755178,0.0,0.0,7640542114023.0625,-622.9210724725812,0.16871359616625714,1.0,1656544918222.3477,1721025678637.5452,148682602721850.66,39755731068.7729,-0.05935244879612356,0.2625251502793123,-0.10834482884259322,0.008458753089823474,45498808691256.43,195837956331329.44,197558982009966.97,194181411413107.1,16814.163317256374,39755731068.7729,1.0,163.1041466017506,6.31860841638225e-07,6.31860841638225e-07,0.05023681131608804,5145.352489602067,163.1041466017506
2037.0,923.0637207564556,8898039918.834373,678.0006380440997,0.0002285069727575973,2.2222723115905767,0.23457637767581885,386223207886356.75,0.541002511515008,0.541002511515008,3156917047771.2944,1.6053990307959192,22724.528826583362,22521.47334320179,22321.668280515143,203.055483381574,199.80506268664513,0.41629517820295786,0.008935520068695012,0.008935520068695012,0.008935520068695014,0.00887175806137733,199.80506268664513,-187058312.4302173,-0.021022417761272706,4.366157770949275,1.3512461444162212,0.0,0.0,7969027151063.508,-619.5339124315465,0.1774785496227722,1.0,1777873423770.9727,1806795796867.455,152027747475303.6,38850246137.835556,-0.057873998285359156,0.2632522028392994,-0.10930121429747722,0.00887175806137733,46591347939699.195,200396968838773.75,202203764635641.2,198619095415002.78,17085.532191590675,38850246137.835556,1.0,166.8292938725486,6.152107352710845e-07,6.152107352710845e-07,0.050687874776268016,5236.136088924466,166.8292938725486
2038.0,935.0091160604229,8952003324.016354,653.0235666817786,0.00022549481544081854,2.232193367875221,0.23477022287854263,394192235037420.25,0.5392866148424884,0.5392866148424884,3195767293909.13,1.6249851396547217,23118.10299393265,22906.459548300976,22694.165727989297,211.6434456316752,212.29382031167918,0.43230506192577484,0.009154879433110108,0.009154879433110106,0.009154879433110106,0.009267858259109514,212.29382031167918,-186174793.57835588,-0.02079699781599587,4.2466066306782855,1.3484317312504124,0.0,0.0,8276283431747.945,-616.2137589559175,0.1859508662922814,1.0,1900454985098.2825,1894632828801.0308,155462740097248.22,38015636673.6219,-0.05648572578104248,0.26377510482376115,-0.11020058260595203,0.009267858259109514,47695506935489.97,205058702017836.47,206953334846637.5,203158247032738.2,17366.251381986665,38015636673.6219,1.0,170.684218447562,5.98775907494914e-07,5.98775907494914e-07,0.05114229082163102,5327.914346002631,170.684218447562
2039.0,947.0908440447746,9004614528.963562,632.934667294611,0.00022254637369907782,2.2421076370363466,0.23487106059107185,402468518469168.2,0.5375887766589076,0.5375887766589076,3233782930582.752,1.6439463885954824,23521.860758216997,23301.4662252345,23076.727390439664,220.39453298249452,224.73883479483558,0.4471651722355694,0.009369774578973438,0.009369774578973438,0.00936977457897344,0.009644836621974155,224.73883479483558,-185244574.8675988,-0.020572182659430352,4.136864156186096,1.3456231800228604,0.0,0.0,8558658090354.5,-612.9776497799058,0.19408259061131283,1.0,2023686577015.9182,1984567813798.309,158991524803613.06,37250867085.14191,-0.055191971877468875,0.2641139544580515,-0.11104721309671409,0.009644836621974155,48805509937271.31,209820721317900.3,211805289131698.62,207797034740884.38,17656.67195327606,37250867085.14191,1.0,174.62548971045737,5.825608280513983e-07,5.825608280513983e-07,0.05144497753351329,5420.055437163602,174.62548971045737
2040.0,959.3102253493188,9055897999.570053,616.7530969386451,0.00021965998962964294,2.2520769972697434,0.23492682896024403,411027176559522.7,0.5359088069125989,0.5359088069125989,3271033797667.894,1.6623295602287809,23935.40488743201,23706.091782121584,23468.860384221894,229.31310531042746,237.23139789968903,0.46102930986644786,0.0095804982781317,0.0095804982781317,0.0095804982781317,0.01000719140379781,237.23139789968903,-184277689.91121948,-0.020348914035909903,4.035572283087885,1.3428204785241562,0.0,0.0,8826658549800.945,-609.8009904254665,0.20196079921119825,1.0,2148343341675.0012,2076636091655.897,162602229599910.72,36545730965.53593,-0.053994488881578304,0.2642880775544318,-0.1118452871090931,0.01000719140379781,49929376205753.22,214679949147338.94,216756585238994.8,212531605805663.94,17955.395434845952,36545730965.53593,1.0,178.68043342534952,5.666514691351484e-07,5.666514691351484e-07,0.05163523037786466,5513.464949375944,178.68043342534952
2041.0,971.6685906852944,9105878348.722523,603.6948528485327,0.00021683405589088595,2.2621421450603405,0.23497363760264936,419853835109323.6,0.5342465175520426,0.5342465175520426,3307579528633.43,1.6801817215405905,24358.528471911904,24120.12235084893,23870.25634562901,238.4061210629757,249.86600521991986,0.4740541141441143,0.009787377810522689,0.009787377810522689,0.009787377810522689,0.010359234567113445,249.86600521991986,-183281705.9048185,-0.020127844770793733,3.9414091333850734,1.3400236145703215,0.0,0.0,9088404220082.945,-606.6589668569914,0.2096698782636376,1.0,2275249447013.857,2170897135990.271,166285862705104.3,35889992091.14834,-0.052887827339588356,0.26431418744240953,-0.11259841120187382,0.010359234567113445,51073787731015.32,219634899883133.47,221805797019123.72,217359650436119.62,18261.37538158884,35889992091.14834,1.0,182.86986532781037,5.511039797491744e-07,5.511039797491744e-07,0.05180677623971963,5608.880964040172,182.86986532781037
2042.0,984.1672808843301,9154580289.040443,593.1332695929102,0.0002140670139535893,2.2722485135944877,0.23501012262084536,428942239329406.56,0.5326017225048162,0.5326017225048162,3343469520724.5786,1.6975470774170316,24791.17069637994,24543.488647395938,24280.830117809477,247.68204898400174,262.65852958646155,0.48633457163253757,0.009990736299523316,0.009990736299523314,0.009990736299523314,0.010701760184134606,262.65852958646155,-182258932.3061205,-0.019909042965554062,3.853554780537865,1.337232576002755,0.0,0.0,9344016198946.984,-603.5481794893856,0.21722383244405974,1.0,2404528597700.567,2267425203578.092,170042568666150.53,35277676636.64951,-0.05186253091932122,0.2642064519923697,-0.11330962151443806,0.010701760184134606,52238240131887.64,224685337395738.75,226952762599316.84,222280808798038.2,18574.589254487157,35277676636.64951,1.0,187.17528953445506,5.359211817476901e-07,5.359211817476901e-07,0.05196146096112253,5706.24086332232,187.17528953445506
2043.0,996.807646947382,9202028588.703463,584.5674438528433,0.00021135735241938956,2.282341536058533,0.23503492011738955,438286255528353.56,0.5309742376567661,0.5309742376567661,3378747197361.228,1.714465247989514,25233.276290487618,24976.127279966542,24700.509987142847,257.1490105210777,275.61729282369623,0.49795697455509397,0.010190868897116507,0.010190868897116507,0.010190868897116508,0.011035229350579505,275.61729282369623,-181211551.6729153,-0.019692565603998787,3.7712679738677317,1.3344473506881798,0.0,0.0,9593589386682.062,-600.467187582132,0.22463008808822293,1.0,2536238208104.7065,2366292546371.764,173872584117726.44,34703315711.19265,-0.05090960544554029,0.2639774300840887,-0.1139816117074376,0.011035229350579505,53422214939517.42,229831037265348.56,232197329811720.3,227294799057243.88,18895.027595455944,34703315711.19265,1.0,191.5761918287643,5.211041460499495e-07,5.211041460499495e-07,0.05210118614879655,5805.482391686902,191.5761918287643
2044.0,1009.5910500936434,9248248030.24593,577.5969958693671,0.0002087036054035407,2.292366645638827,0.2350466661948394,447879844915035.6,0.5293638808313977,0.5293638808313977,3413450513072.421,1.730971516345297,25684.795194789334,25417.980471056948,25129.24000778091,266.8147237323862,288.7404632760368,0.5089950688660559,0.01038804170751242,0.01038804170751242,0.01038804170751242,0.011359693332238609,288.7404632760368,-180141623.98278835,-0.019478459422113705,3.6939127235205547,1.3316679265185902,0.0,0.0,9837200234413.133,-597.4171504172367,0.2318878266021942,1.0,2670343420744.9043,2467568743198.6523,177776259677620.34,34162221069.19935,-0.0500206302757429,0.2636382191151646,-0.11461676279404963,0.011359693332238609,54625184725916.695,235071787824281.94,237539356567480.6,232401444403537.03,19222.695919942027,34162221069.19935,1.0,196.04990926541214,5.066523574514044e-07,5.066523574514044e-07,0.052235074690201166,5906.544087838884,196.04990926541214
2045.0,1022.518861809461,9293263372.198286,571.901895886534,0.00020610435097930403,2.3023130087914496,0.23503901960672668,457717045149448.75,0.5277704717694842,0.5277704717694842,3447612734141.62,1.7470971221180525,26145.682320213473,25868.99585292614,25566.932283206632,276.68646728733404,302.0635697195082,0.5195408138399725,0.0105824917437104,0.0105824917437104,0.0105824917437104,0.011676663888959597,302.0635697195082,-179050512.11258432,-0.019266699429635405,3.6207248328433055,1.3288942914111996,0.0,0.0,10073621854640.297,-594.389438316864,0.23902615242036207,1.0,2807156308549.769,2571320212024.321,181754908957412.9,33648349469.871452,-0.049187993398888255,0.26319865435262707,-0.11521718702879495,0.011676663888959597,55845326369585.18,240407391635547.84,242978711847572.16,237600235326998.1,19557.705585010175,33648349469.871452,1.0,200.5917229978425,4.925600419137739e-07,4.925600419137739e-07,0.05236896916890443,6009.226698196457,200.5917229978425
2046.0,1035.5924638971946,9337099313.455645,567.2263391220289,0.00020355820968139714,2.3122727378380703,0.23499934443733597,467790667004089.06,0.5261938321088875,0.5261938321088875,3481261083611.4917,1.7628696548617475,26615.875340175717,26329.10449278103,26013.3655929971,286.77084739468694,315.73889978392856,0.5297521378033565,0.010774428559252253,0.01077442855925225,0.01077442855925225,0.011992010585490993,315.73889978392856,-177938830.83556762,-0.01905718519874164,3.550445195881768,1.326126433308388,0.0,0.0,10299777904858.695,-591.3453542052749,0.24616398272550422,1.0,2948085464403.76,2677607882328.025,185810533413776.3,33150859400.929546,-0.04840367830830297,0.26266706917325916,-0.1157846600778629,0.011992010585490993,57078844605267.6,245837463483447.7,248515071365775.72,242889378019043.9,19900.24173203403,33150859400.929546,1.0,205.24507175009055,4.788176630697485e-07,4.788176630697485e-07,0.052469069205859364,6113.12386096307,205.24507175009055
2047.0,1048.8132485240646,9379780460.254797,563.3658567871391,0.00020106384306604736,2.3222189081191935,0.23493452868285838,478090444908947.75,0.5246337853645937,0.5246337853645937,3514411943012.4214,1.7783129121001715,27095.26368471509,26798.190407541453,26468.40285621323,297.07327717363717,329.78755132822613,0.5396879742525724,0.010964029751857386,0.010964029751857382,0.010964029751857384,0.012306336596347882,329.78755132822613,-176809532.0639985,-0.018850071471629683,3.482557358703525,1.3233643401776487,0.0,0.0,10517635951058.875,-588.2804963807155,0.2533131731304319,1.0,3093334829983.7715,2786482120497.139,189941127482907.47,32665623464.88388,-0.04765642638674738,0.2620493630254028,-0.11632037449272271,0.012306336596347882,58326680441953.664,251361142754844.84,254147624875342.0,248267807924861.12,20250.061106200752,32665623464.88388,1.0,209.99981305528928,4.6543219795445714e-07,4.6543219795445714e-07,0.052537203566429325,6218.341750012478,209.99981305528928
2048.0,1062.1826182709801,9421331295.642363,560.1570137299491,0.00019861995232530683,2.3321147159676126,0.23485278968221576,488608080860006.6,0.5230901569089574,0.5230901569089574,3547077566477.305,1.7934455146835666,27583.774968085443,27276.176677761287,26931.966644906544,307.5982903241566,344.2100328547415,0.5493866300200442,0.011151421104618538,0.011151421104618538,0.01115142110461854,0.012619438454341058,344.2100328547415,-175665458.3263085,-0.01864550272290699,3.4167101985342825,1.3206080000115372,0.0,0.0,10729559855071.148,-585.1958684873507,0.2604690678873155,1.0,3242916754808.462,2897985399117.062,194144612263782.44,32189958721.591465,-0.04693740680954739,0.26135043247617556,-0.11682529551586138,0.012619438454341058,59590367941071.82,256977896959662.75,259875882358779.78,253734980204854.28,20606.919146721855,32189958721.591465,1.0,214.83978840457684,4.524085371391217e-07,4.524085371391217e-07,0.052577342800022686,6325.047498184686,214.83978840457684
2049.0,1075.7019861813094,9461776151.318565,557.4691736056269,0.00019622527695339158,2.341923357716118,0.23476234477433003,499337640715077.75,0.5215627739521547,0.5215627739521547,3579267525198.8965,1.8082820158545254,28081.380955190565,27763.031120236854,27404.034463930355,318.3498349537124,358.99665630650037,0.5588742020919084,0.011336687304007696,0.011336687304007696,0.011336687304007696,0.012930744296317947,358.99665630650037,-174509186.35422453,-0.018443597012164088,3.352654402691156,1.3178574008276185,0.0,0.0,10937961444530.625,-582.095131177663,0.2676193422387184,1.0,3396746001043.9526,3012154876141.2373,198419114224689.88,31722065470.996372,-0.046240041755938294,0.26057449248893344,-0.11730023867606242,0.012930744296317947,60871725516038.41,262687585741772.22,265699740617913.44,259290839740728.28,20970.599076901515,31722065470.996372,1.0,219.7472038850375,4.3974868466275785e-07,4.3974868466275785e-07,0.052593161400253274,6433.4353870288405,219.7472038850375
2050.0,1089.3727758096488,9501139181.743296,555.1979166524047,0.00019387859346290558,2.3516080296975033,0.23467141129812313,510275602159608.4,0.520051465522841,0.520051465522841,3610989590669.893,1.8228339241297458,28588.09751879686,28258.765996587,27884.638723632856,329.3315222098609,374.12727295414504,0.5681658494674215,0.011519882426360246,0.011519882426360246,0.011519882426360246,0.013239335114609424,374.12727295414504,-173343046.98999527,-0.018244448762847174,3.2902321741891596,1.3151125306684146,0.0,0.0,11145305745691.812,-578.9846165303572,0.2747443413733289,1.0,3554635292023.3965,3129024629451.272,202762967584211.84,31260953827.221058,-0.045559556610582655,0.25972527478684826,-0.11774591734579588,0.013239335114609424,62172865961652.66,268490468837887.88,271619493467339.16,264935833545864.5,21340.911200819635,31260953827.221058,1.0,224.70256486521126,4.27452193529998e-07,4.27452193529998e-07,0.052588052682043473,6543.727522813218,224.70256486521126
2051.0,1103.1964212705273,9539444340.393452,553.2597784203012,0.0001915787141489072,2.36113192824456,0.23458820659251692,521420907905300.2,0.5185560624490136,0.5185560624490136,3642250544497.1143,1.8371105204092384,29103.984690544916,28763.437843792803,28373.866782521018,340.5468467521137,389.571061271783,0.5772670495049874,0.011701038547575515,0.011701038547575515,0.011701038547575515,0.013543967288870272,389.571061271783,-172169144.04999238,-0.018048131306869317,3.2293672779091143,1.3123733776013529,0.0,0.0,11354115587820.54,-575.8733293453599,0.2818174547037051,1.0,3716291455630.1807,3248627689888.287,207174716515247.3,30806369402.301907,-0.044892684693481386,0.25880620576239377,-0.11816298598374425,0.013543967288870272,63496206378350.555,274387214349228.06,277635842039116.38,270670922893597.88,21717.692259914424,30806369402.301907,1.0,229.6846268940245,4.155165537964872e-07,4.155165537964872e-07,0.05258267361187419,6656.174522606594,229.6846268940245
2052.0,1117.1743672870812,9576715358.063293,551.5880443573649,0.0001893244858988654,2.3705047249109468,0.23451057994736824,532775023493120.75,0.5170763973390744,0.5170763973390744,3673056913899.416,1.8511195387958368,29629.14680778023,29277.147412612812,28871.790572116257,351.99939516742,405.3568404965552,0.5862139855708066,0.011880173177142904,0.011880173177142904,0.011880173177142904,0.013845503278844868,405.3568404965552,-170988219.27291414,-0.017854578827901306,3.1697554830433288,1.3096399297187142,0.0,0.0,11563950757349.188,-572.7553151292029,0.2888557400651268,1.0,3881987079879.373,3370998013728.8213,211655467080111.5,30355846015.76638,-0.044237457003137776,0.25782056432414097,-0.11855207906047736,0.013845503278844868,64841453106661.266,280378907266652.12,283749905280380.94,276496920186772.75,22101.050220930316,30355846015.76638,1.0,234.69547962645976,4.0393032828199274e-07,4.0393032828199274e-07,0.05258942706623859,6770.740351185942,234.69547962645976
2053.0,1131.3080692396888,9612975723.102285,550.1293883588103,0.0001871147890466398,2.379776473527283,0.23442865750724956,544338974250469.94,0.5156123045630927,0.5156123045630927,3703412759915.1826,1.8648677495771881,30163.68246723024,29799.99002273945,29378.413379963,363.6924444907889,421.57664277644943,0.5950723444901428,0.01205729588507317,0.01205729588507317,0.01205729588507317,0.014146871943740832,421.57664277644943,-169800144.8600291,-0.01766364024533617,3.110864444442749,1.3069121751375818,0.0,0.0,11772031502853.914,-569.6089985547933,0.29591967539906283,1.0,4052606032436.9727,3496166639565.679,216208045676946.75,29904664382.290226,-0.043591231936819325,0.2567710370283026,-0.11891369602974405,0.014146871943740832,66205928927900.914,286466580637284.6,289962747276850.3,282413974604847.7,22491.271371605253,29904664382.290226,1.0,239.7598584441681,3.926774569177531e-07,3.926774569177531e-07,0.05258710559464341,6887.142008357744,239.7598584441681
2054.0,1145.5989932145667,9648248663.48793,548.8411859084696,0.00018494853626869955,2.3889511938700068,0.23434362864092886,556111005753323.9,0.5141636202342651,0.5141636202342651,3733317424297.4727,1.878360674271284,30707.645897127753,30332.017566682764,29893.761167761644,375.6283304449906,438.2563989211191,0.6038656309001333,0.012232403998123642,0.012232403998123642,0.012232403998123642,0.01444863988877904,438.2563989211191,-168606117.7511186,-0.017475308072145597,3.05247862561233,1.304190101999788,0.0,0.0,11978860884797.242,-566.429439017897,0.3030208410462676,1.0,4228406715155.7207,3624155537184.083,220832479773354.06,29451072819.88964,-0.042949578222026275,0.25565927726774523,-0.11924808533105721,0.01444863988877904,67589961460129.63,292650847948639.4,296275003485823.5,288422441233483.7,22888.34870198309,29451072819.88964,1.0,244.87880309272506,3.817509657997865e-07,3.817509657997865e-07,0.05257654744003748,7005.412465778555,244.87880309272506
2055.0,1160.0486160522987,9682557130.634256,547.689366432091,0.00018282467152087653,2.3980326399500598,0.23425674394562096,568089866638121.1,0.5127301821905706,0.5127301821905706,3762768497117.3623,1.891601813339951,31261.101938475374,30873.29322069281,30417.872285452133,387.8087177825659,455.4209352406763,0.6126133502095735,0.012405471775940848,0.012405471775940846,0.012405471775940846,0.014751291091143806,455.4209352406763,-167407255.7527559,-0.01728957066755669,2.994414326149488,1.3014736984718644,0.0,0.0,12184962248308.227,-563.2120833878517,0.3101691963497544,1.0,4409639223954.731,3754980065687.7114,225528837284106.38,28993587785.732098,-0.042308940142191,0.254486536595141,-0.11955540158481029,0.014751291091143806,68993948912120.34,298932425420181.4,302687405485869.1,294522786196226.7,23292.280566108373,28993587785.732098,1.0,250.05332853703666,3.7114358805241256e-07,3.7114358805241256e-07,0.052558620043589466,7125.591719343761,250.05332853703666
2056.0,1174.6584253963313,9715923784.839758,546.6466966508264,0.00018074216901402173,2.4070245657783866,0.23416925401854066,580274828886429.4,0.5113118299766183,0.5113118299766183,3791762084903.094,1.904593047162488,31824.126193493837,31423.8915120777,30950.796858072437,400.2346814161371,473.0946540052605,0.6213318959242955,0.012576454699264028,0.012576454699264028,0.012576454699264031,0.015055253542465537,473.0946540052605,-166204595.74663085,-0.017106412053784138,2.9365128075585116,1.298762952744989,0.0,0.0,12390860936900.344,-559.9526200703787,0.31737352825146803,1.0,4596551601330.246,3888649660688.8096,230297239527546.3,28530934631.444317,-0.04166641549743925,0.2532537303955008,-0.11983572052774298,0.015055253542465537,70418343825543.28,305312134954419.9,309200784615108.75,300715583353089.6,23703.07184653822,28530934631.444317,1.0,255.28456997712692,3.608478003863788e-07,3.608478003863788e-07,0.05253410712834583,7247.725011534215,255.28456997712692
2057.0,1189.4299197414146,9748370982.281912,545.691408439693,0.00017870003222700325,2.4159307253659286,0.23408240945690284,592665689823329.8,0.5099084048256862,0.5099084048256862,3820293019534.5386,1.9173349362455658,32396.804877868723,31983.898117654033,31492.596315763807,412.90676021468903,491.30180189022684,0.6300351153394662,0.012745292684611581,0.012745292684611581,0.012745292684611581,0.015360910670830483,491.30180189022684,-164999099.26931342,-0.016925812483871046,2.878635842698895,1.2960578530349367,0.0,0.0,12597084672572.57,-556.6474039370883,0.32464032910309815,1.0,4789392229089.504,4025168279664.91,235137858426404.6,28062010117.52255,-0.041019595380867954,0.2519614896950406,-0.1200890507080698,0.015360910670830483,71863653654905.55,311790904310399.6,315816072590064.56,307001512081310.1,24120.733490116232,28062010117.52255,1.0,260.57378736715714,3.50855898206093e-07,3.50855898206093e-07,0.05250371663767117,7371.862825647573,260.57378736715714
2058.0,1204.3646084819825,9779920763.468763,544.8061020540763,0.0001766972929555557,2.4247548727236303,0.23399746085792225,605262774495902.4,0.5085197496419501,0.5085197496419501,3848355029652.061,1.9298269486077437,32979.23469010766,32553.409696720017,32043.34297865696,425.82499338764256,510.0667180630547,0.6387347854470325,0.012911912522802466,0.012911912522802466,0.012911912522802466,0.015668611147496708,510.0667180630547,-163791657.7645813,-0.01674774895686244,2.8206619481731146,1.2933583875820254,0.0,0.0,12804163977356.93,-553.301331841632,0.33195280041303477,1.0,4988412086739.236,4164534694435.7544,240050913900971.06,27585850353.664497,-0.04036645187291639,0.2506102039112742,-0.12031534310726445,0.015668611147496708,73330441426947.17,318369767414657.5,322534302109093.25,313381355327918.25,24545.2820842517,27585850353.664497,1.0,265.9223700042187,3.411600600696429e-07,3.411600600696429e-07,0.052468087865214175,7498.06089440526,265.9223700042187
2059.0,1219.4640119604724,9810594843.061306,543.9768694620732,0.00017473301039555217,2.4335007618624354,0.23391565881881374,618066938473259.2,0.5071457089828979,0.5071457089828979,3875940880005.7256,1.9420676359531233,33571.52269905801,33132.53375424874,32603.11969081526,438.98894480927146,529.4140634334797,0.6474410106323011,0.013076229777971586,0.013076229777971588,0.013076229777971588,0.01597867725300636,529.4140634334797,-162583097.70955005,-0.016572195703764024,2.762483210255037,1.2906645446510674,0.0,0.0,13012632630104.04,-550.0348768533057,0.3389885975099214,1.0,5193866880564.627,4306742678106.7627,245036671428992.72,27101603536.571507,-0.03970525568427524,0.24920005589918628,-0.12051449899252548,0.01597867725300636,74819326477429.97,325049864786987.3,329356607465094.1,319855997906422.7,24976.73946878957,27101603536.571507,1.0,271.33184119937226,3.31752403181855e-07,3.31752403181855e-07,0.05242919692577641,7626.38022202569,271.33184119937226
2060.0,1234.7296615155963,9840414600.983875,543.1925936107673,0.00017280627025933337,2.442182197362727,0.2338370977590239,631079571103363.2,0.5057861290419299,0.5057861290419299,3903042483542.297,1.9540547721953359,34173.78625021262,33721.38853175667,33171.99883840229,452.39771845595595,549.3896933543795,0.6561720440708372,0.01323815029284738,0.01323815029284738,0.013238150292847379,0.016292024654826983,549.3896933543795,-161374062.7590649,-0.016399112161689836,2.703927982029296,1.2879763125313173,0.0,0.0,13222603207529.984,-547.4027595810741,0.3442985232854867,1.0,5406222360114.489,4451781114145.781,250095661395367.72,26607772394.36995,-0.03903451340102538,0.24773105048286734,-0.12068637626807818,0.016292024654826983,76330560317866.31,331832444073348.5,336284225187494.3,326426221713234.0,25415.154903164588,26607772394.36995,1.0,276.8102689942018,3.2262449944788876e-07,3.2262449944788876e-07,0.05239306187728565,7756.843935237703,276.8102689942018
2061.0,1250.1630995305404,9869401074.74304,542.444388319156,0.00017091618392378616,2.4508387011542143,0.23375776830282247,644302174310893.2,0.5044408576311424,0.5044408576311424,3929650255936.667,1.965785463245744,34786.146008183896,34320.096133510495,33749.99808876656,466.0498746734038,570.0980447439395,0.6649701877969516,0.013397571394191225,0.013397571394191224,0.013397571394191224,0.016611201860454287,570.0980447439395,-160164729.43969736,-0.016228414290465686,2.6446333906179222,1.2852936795364205,0.0,0.0,13432687637563.75,-545.4648769385096,0.3477665188730553,1.0,5626526255504.742,4599633133985.551,255229362341195.16,26100947627.66585,-0.03835245623037932,0.2462028884052778,-0.1208307562924748,0.016611201860454287,77862905068653.1,338718793665352.94,343318426799338.44,333092267409848.25,25860.673855311965,26100947627.66585,1.0,282.3830997105193,3.1376609888204793e-07,3.1376609888204793e-07,0.05235482907226641,7889.324233454594,282.3830997105193
2062.0,1265.7658794810905,9897574952.878813,541.7251505760918,0.00016906188760892104,2.459459410310673,0.23367793332574374,657734861948457.0,0.5031097441642922,0.5031097441642922,3955751203564.333,1.977256031849398,35408.701696099626,34928.75869490628,34337.214635783246,479.943001193341,591.5440591230355,0.6738298673771802,0.013554380087485897,0.013554380087485897,0.0135543800874859,0.016935730934214428,591.5440591230355,-158955745.20035905,-0.016060069861266887,2.5846096880039995,1.282616634004364,0.0,0.0,13643164179679.64,-543.8017820754077,0.3505141899529357,1.0,5854851663100.42,4750271827420.698,260438505156226.72,25581368110.956306,-0.03765596021750764,0.24461458669242744,-0.1209472450496297,0.016935730934214428,79416650374525.34,345710007193852.5,350460279021273.2,339855155530752.06,26313.365283530937,25581368110.956306,1.0,288.0443827418572,3.0516927441840885e-07,3.0516927441840885e-07,0.05231438651440756,8023.8493522523095,288.0443827418572
2063.0,1281.5395659837068,9924956569.475285,541.0292026852485,0.00016724254158575,2.4680276324053123,0.23359844581563435,671378026128136.6,0.5017926396399398,0.5017926396399398,3981332571675.2896,1.9884614301922552,36041.55925055708,35547.4855284741,34933.769342619526,494.0737220829785,613.7161858545746,0.6827383971054362,0.013708444705408848,0.013708444705408848,0.013708444705408848,0.017264686284574986,613.7161858545746,-157747772.5802718,-0.015894051674284725,2.523925193665966,1.2799451642974244,0.0,0.0,13854549655817.742,-542.2299090854652,0.35302660736602987,1.0,6091106490590.675,4903660233792.563,265723791264934.53,25049847931.739212,-0.03694344566000972,0.24296523835762493,-0.1210354650233162,0.017264686284574986,80992352268631.4,352807250024156.6,357710910257949.25,346716143533565.94,26773.29511770175,25049847931.739212,1.0,293.78365687004793,2.9682642787607347e-07,2.9682642787607347e-07,0.05227240103021091,8160.474224917776,293.78365687004793
2064.0,1297.4857348435114,9951565899.661053,540.3520062261792,0.000165457329412319,2.4765266750113466,0.23352015876034093,685232575783954.4,0.5004893966247711,0.5004893966247711,4006382419607.029,1.9993959270362263,36684.834576436886,36176.39656339271,35539.798940066845,508.4380130441795,636.5976233258656,0.6916815504950805,0.01385962398126106,0.013859623981261058,0.013859623981261058,0.017597043481385476,636.5976233258656,-156541420.84308657,-0.01573033052500997,2.462663124811306,1.2772792588021176,0.0,0.0,14067370162638.5,-540.6871726217341,0.3554667475803641,1.0,6335143200094.955,5059754392701.878,271086023471745.3,24507354375.224922,-0.036214549826115314,0.24125412704419807,-0.12109508499597743,0.017597043481385476,82590627741033.94,360011794412874.2,365071548805576.06,353676651212779.25,27240.539449271837,24507354375.224922,1.0,299.5895599129013,2.8873000279563205e-07,2.8873000279563205e-07,0.052229490818499924,8299.259490795006,299.5895599129013
2065.0,1313.6059731022074,9977422556.032927,539.6899334190591,0.00016370545719679596,2.484939845701987,0.2334439251477101,699299945946592.9,0.49919986923709386,0.49919986923709386,4030889773982.254,2.010053645911314,37338.65357449203,36815.62213914627,36155.45620017701,523.0314353457651,660.1659389692624,0.7006436739534255,0.014007774391283213,0.014007774391283213,0.014007774391283217,0.017931679559132156,660.1659389692624,-155337249.75581983,-0.015568875517043623,2.400920891222734,1.2746189059291477,0.0,0.0,14282161754733.617,-539.1521004413668,0.3578905462006824,1.0,6586754530196.574,5218505640533.114,276526107865913.72,23955002255.336384,-0.03546968026801786,0.23948075279232123,-0.12112582755390527,0.017931679559132156,84212156349392.9,367325018745503.1,372543524386036.25,360738264215306.6,27715.184589301578,23955002255.336384,1.0,305.44980042042295,2.808725143096905e-07,2.808725143096905e-07,0.052186231973827546,8440.271610875432,305.44980042042295
2066.0,1329.9018790859168,10002545785.939575,539.0400843730642,0.0001619861528865637,2.493250452050445,0.23337059796558843,713582107701326.5,0.4979239131305081,0.4979239131305081,4054844776237.5903,2.0204289033395297,38003.15218891088,37465.30288866848,36780.910207995505,537.8493002424045,684.3926806729721,0.7096077810674106,0.014152754949610368,0.01415275494961037,0.01415275494961037,0.018267373487055653,684.3926806729721,-154135773.19986424,-0.01540965435184816,2.3388095495271317,1.2719640941133588,0.0,0.0,14499471284388.0,-537.6182392984996,0.3603145913219329,1.0,6845669123993.326,5379862251610.213,282045056349486.7,23394049603.737846,-0.034709763894113135,0.2376448559342854,-0.12112747621983487,0.018267373487055653,85857682054520.64,374748407528000.7,380128269779610.8,367902738404007.3,28197.327199036976,23394049603.737846,1.0,311.35113414847825,2.732465738707175e-07,2.732465738707175e-07,0.052143162788925945,8583.583008958527,311.35113414847825
2067.0,1346.3750624529548,10026954469.564756,538.4001410102345,0.0001602986655823095,2.5014418016299325,0.23330103020182255,728081578985714.5,0.4966613854777485,0.4966613854777485,4078238825841.328,2.0305164344924673,38678.476476999014,38125.58968056471,37416.34669299007,552.8867964343029,709.2429875746474,0.718555632343778,0.014294430566909459,0.014294430566909455,0.014294430566909454,0.018602807025859543,709.2429875746474,-152937462.47557184,-0.015252633582788219,2.2764533804987472,1.2693148118136819,0.0,0.0,14719857302702.266,-536.0851612782295,0.3627398317332423,1.0,7111547144269.071,5543770734670.273,287643989506787.5,22825894398.347713,-0.03393610530097172,0.2357464394462418,-0.1210998822875418,0.018602807025859543,87528015201273.7,382283551852330.3,387827322587000.56,375172004708061.25,28687.074463126926,22825894398.347713,1.0,317.2793459767408,2.658449095509109e-07,2.658449095509109e-07,0.05210078657906325,8729.27222986314,317.2793459767408
2068.0,1363.0271442414892,10050667118.75277,537.7682503046077,0.00015864226487614767,2.5094972020136606,0.2332360748442591,742801436288416.8,0.4954121449546964,0.4954121449546964,4101064720239.676,2.040311555077554,39364.782701432014,38796.64360218906,38061.96839356991,568.1390992429519,734.6752086191543,0.727467804437652,0.014432674595261622,0.014432674595261617,0.01443267459526162,0.0189365661667109,734.6752086191543,-151742749.33580288,-0.015097778838250222,2.2139895587282767,1.2666710475130867,0.0,0.0,14943890962330.781,-534.555015712689,0.36516064326219366,1.0,7383975962231.365,5710176963638.953,293324139617087.8,22252072059.172245,-0.03315030626397968,0.23378579001061012,-0.12104297141566545,0.0189365661667109,89224034591172.45,389932150170491.6,395642327134130.56,382548174208260.25,29184.54428460741,22252072059.172245,1.0,323.2192379601097,2.5866038270802634e-07,2.5866038270802634e-07,0.052059573457547526,8877.424108962496,323.2192379601097
2069.0,1379.8597569171493,10073701876.521624,537.1429309534897,0.0001570162402128489,2.5173999607748425,0.23317658488074472,757745327250747.5,0.4941760517245605,0.4941760517245605,4123316792298.848,2.0498102867773498,40062.237444463484,39478.6359721962,38717.99543448871,583.601472267287,760.6405377074962,0.7363237522309949,0.014567370908235159,0.014567370908235162,0.014567370908235169,0.019267143328943685,760.6405377074962,-150552028.78849164,-0.014945055018888067,2.151567888748312,1.2640327897185313,0.0,0.0,15172156882059.422,-533.0311664399718,0.36756840789554657,1.0,7662466012062.421,5879027246319.752,299086853656430.4,21674253478.347538,-0.032354219578498586,0.23176349798098264,-0.12095675002321375,0.019267143328943685,90946689607134.19,397696009275626.94,403575036521946.7,390033543263564.56,29689.86548564636,21674253478.347538,1.0,329.15462421806336,2.516860016448431e-07,2.516860016448431e-07,0.05201994817316513,9028.129948842343,329.15462421806336
2070.0,1396.8745444205238,10096076517.212223,536.5229987783903,0.00015541990027329242,2.525137566628127,0.23312317992119458,772917484132806.9,0.49295296742222383,0.49295296742222383,4144991045777.196,2.0590094615987717,40771.017742751676,40171.74837498536,39384.65338657564,599.2693677663106,787.094988409725,0.7451063499655493,0.014698415711558967,0.014698415711558967,0.014698415711558964,0.019593247001911496,787.094988409725,-149365639.71808714,-0.01479442429575907,2.0893138360751964,1.2614000269609105,0.0,0.0,15405132164571.75,-531.5168538565159,0.36995494994905176,1.0,7946571229298.852,6050269391390.063,304933593616896.75,21093872357.48538,-0.03154992225935171,0.2296804763886681,-0.12084131151662218,0.019593247001911496,92696880577852.44,405577045424048.0,411627314815438.06,397630474194749.2,30203.177749003084,21093872357.48538,1.0,335.0715592372435,2.449148987524839e-07,2.449148987524839e-07,0.05198175292556506,9181.47563757256,335.0715592372435
2071.0,1414.073162214569,10117808447.224546,535.9075070968607,0.00015385257237929026,2.5327789893266766,0.23307195051844778,788322616297378.6,0.4917427551387557,0.4917427551387557,4166084918134.681,2.067906813795569,41491.309318080894,40876.17081716413,40061.93419052786,615.1385009167667,814.2366266362674,0.753886068575679,0.014825719193409605,0.014825719193409605,0.014825719193409605,0.019919591545849127,814.2366266362674,-148183470.78291976,-0.01464580709902336,2.0266346934160007,1.2587727477950084,0.0,0.0,15640884166207.172,-529.9998105036452,0.3723512305375105,1.0,8238290219020.045,6223853520788.706,310865830369131.7,20505101620.482742,-0.0307394662946769,0.2275379037670651,-0.12069682303701085,0.019919591545849127,94473145795945.05,413577266384096.75,419801119904885.4,405338976165076.7,30724.621047199842,20505101620.482742,1.0,341.01932412703604,2.3833978809665723e-07,2.3833978809665723e-07,0.051943415393022274,9337.313143328021,341.01932412703604
2072.0,1431.4572773319433,10138914706.294422,535.2956990608017,0.0001523136019189705,2.5403488566313785,0.23302150801188246,803963500463585.8,0.49054527940608617,0.49054527940608617,4186590019755.164,2.07650096203279,42223.268565203514,41592.06424221123,40749.913822716844,631.2043229922887,842.1504194943873,0.7626880453666774,0.014949205602535194,0.014949205602535197,0.014949205602535197,0.02024786301997726,842.1504194943873,-147005699.80033934,-0.014499155388798719,1.9633007745843876,1.2561509407994476,0.0,0.0,15878793026899.703,-528.4754963209479,0.37476837574892197,1.0,8538491273123.66,6399726793063.13,316884757464115.9,19905739096.312878,-0.029920322784385847,0.22533574278715413,-0.12052314641492214,0.02024786301997726,96275143073258.3,421698391810497.8,428098118603560.9,413159900537374.2,31254.30745239311,19905739096.312878,1.0,347.0154863785094,2.3195439132953192e-07,2.3195439132953192e-07,0.051904693311934924,9495.606370323732,347.0154863785094
2073.0,1449.0285684222117,10159411969.267029,534.6869695597493,0.00015080235179193953,2.547840348193288,0.2329722254867758,819842293490485.5,0.48936040618184234,0.48936040618184234,4206495758851.477,2.084789396128393,42967.04355102453,42319.58243345214,41448.75374025784,647.4611175723894,870.8286931943037,0.7715036186016754,0.015068784446467953,0.015068784446467953,0.01506878444646795,0.020577440587077823,870.8286931943037,-145832669.17208263,-0.014354439962985775,1.8993591330695705,1.2535345945766383,0.0,0.0,16119201755655.938,-526.9453929870036,0.37720230439597413,1.0,8847107448819.375,6577824227499.94,322991533755272.5,19296371910.44364,-0.029089706132287108,0.22307351012336565,-0.120320030169577,0.020577440587077823,98103431104704.48,429942072308796.4,436519896536296.3,421094964859977.0,31792.34533773665,19296371910.44364,1.0,353.05335932778047,2.2575296407174922e-07,2.2575296407174922e-07,0.05186590545550995,9656.40840252119,353.05335932778047
2074.0,1466.7887257989837,10179316548.325655,534.0808347695987,0.00014931820187347462,2.5552466436634615,0.23292447602840508,835961495246141.5,0.4881880028343438,0.4881880028343438,4225792130761.921,2.092768373817335,43722.78924040742,43058.887161999264,42158.626432815334,663.9020784081544,900.2607291839267,0.7803236706232552,0.01518434871018233,0.015184348710182332,0.015184348710182332,0.020907663632757173,900.2607291839267,-144664691.72522846,-0.014211631108870824,1.834862362432583,1.2509236977527312,0.0,0.0,16362458527413.266,-525.4111335408433,0.3796486165778583,1.0,9164038938389.666,6758069413207.922,329187395650209.06,18677644809.8099,-0.02824644305891952,0.22075085515619647,-0.12008725599721652,0.020907663632757173,99958608052027.42,438310042640626.2,445068112053834.2,429146003702236.5,32338.850460874553,18677644809.8099,1.0,359.1258307731196,2.197298825361693e-07,2.197298825361693e-07,0.051827337021244535,9819.77597194078,359.1258307731196
2075.0,1484.7394514869222,10198644395.636581,533.4769078124336,0.00014786054849702987,2.562560922692955,0.2328786327220475,852323953773554.8,0.4870279381277564,0.4870279381277564,4244469775571.731,2.1004336368439827,44490.667536130866,43810.14785048107,42879.715283697245,680.5196856497929,930.4325667838278,0.7891386434347807,0.015295785011477813,0.015295785011477813,0.015295785011477811,0.021237832156131627,930.4325667838278,-143502053.30248177,-0.014070698784622603,1.7698685563638072,1.2483182389775662,0.0,0.0,16608916431119.86,-523.8745012783087,0.3821026048031927,1.0,9489150882747.645,6940378278172.629,335473656156095.8,18050260033.37315,-0.027390289382389226,0.21836756795730966,-0.11982464143178274,0.021237832156131627,101841311808475.34,446804118847318.8,453744497125491.44,437314967964571.2,32893.94581691914,18050260033.37315,1.0,365.2253573594289,2.1387965234736235e-07,2.1387965234736235e-07,0.05178924707956356,9985.769466778098,365.2253573594289
2076.0,1502.8824592686635,10217411106.373217,532.8748793010624,0.00014642880395436777,2.5697763649328236,0.23283506865298034,868932870204674.6,0.48588008220740175,0.48588008220740175,4262520035605.104,2.1077808219860823,45270.84731911416,44573.54138330368,43612.214578766674,697.3059358104854,961.3268045370045,0.7979385524229379,0.015402979557576569,0.015402979557576569,0.015402979557576569,0.021567207242301316,961.3268045370045,-142345014.91774288,-0.01393161275745807,1.7044412896549619,1.2457182069246233,0.0,0.0,16858933591119.375,-522.3374309508442,0.38455925914702893,1.0,9822271169530.664,7124661413090.022,341851704999035.75,17414977363.081696,-0.026521551590239827,0.21592358702499884,-0.1195320424714768,0.021567207242301316,103752220611586.84,455426196780153.2,462550858193243.2,445603925610622.56,33457.76160321102,17414977363.081696,1.0,371.34396045261155,2.0819691432503648e-07,2.0819691432503648e-07,0.0517518731032478,10154.452975555649,371.34396045261155
2077.0,1521.2194747316307,10235631922.084724,532.2745017879695,0.00014502239601265585,2.576886150034124,0.2327941569064808,885791803795794.0,0.48474430658522183,0.48474430658522183,4279935012968.1855,2.114805703023647,46063.504494586785,45349.25200420376,44356.32960189132,714.2524903830252,992.9224023124412,0.806712998865354,0.015505821761063831,0.01550582176106383,0.01550582176106383,0.021895011680025063,992.9224023124412,-141193814.62276384,-0.013794342713527984,1.6386496152436194,1.2431235902909745,0.0,0.0,17112873485477.031,-520.802010497601,0.3870132708562043,1.0,10163188237262.275,7310825590993.006,348323009354573.94,16772614310.899443,-0.02564087730911941,0.21341900681362053,-0.11920935618094418,0.021895011680025063,105692053865056.44,464178251456892.6,471489077047885.7,454015063219630.4,34030.43524875305,16772614310.899443,1.0,377.4732236373515,2.026764482107135e-07,2.026764482107135e-07,0.05171543379815091,10325.894353138267,377.4732236373515
2078.0,1539.7522353147208,10253321734.376486,531.6755773351277,0.00014364076744789584,2.583883457647911,0.23275627056782613,902904677281271.0,0.4836204841253965,0.4836204841253965,4296707627279.085,2.121504339025408,46868.82204700813,46137.47126703301,45112.276780772736,731.3507799751198,1025.1944862602784,0.8154511817572927,0.015604206549966098,0.015604206549966098,0.015604206549966101,0.022220430771480514,1025.1944862602784,-140048669.1693995,-0.013658858348300527,1.572568073078704,1.2405343777972333,0.0,0.0,17371105360150.781,-519.2704825004372,0.3894590363271292,1.0,10511648907935.447,7498774847772.092,354889114915226.9,16124046402.484425,-0.024749139390675426,0.2108540850903801,-0.11885652327642736,0.022220430771480514,107661573088277.88,473062336911440.2,480561111759212.25,462550688003504.75,34612.11148045654,16124046402.484425,1.0,383.6042919727765,1.973131749293884e-07,1.973131749293884e-07,0.05168013092106882,10500.1653003162,383.6042919727765
2079.0,1558.4824903548815,10270495088.871637,531.0779475783606,0.0001422833755940779,2.5907614674252413,0.23272178272229355,920275782641421.8,0.4825084890301118,0.4825084890301118,4312831673681.5693,2.1278731707318217,47686.99010490572,46938.398019991415,45880.28386118959,748.5920849143081,1058.114158801817,0.8241419094017755,0.015698035947907266,0.015698035947907266,0.015698035947907266,0.022542613370638644,1058.114158801817,-138909775.5177733,-0.01352512944271653,1.506276707092426,1.237950558187506,0.0,0.0,17634004680633.36,-517.7452449467786,0.39189066234641057,1.0,10867356271439.605,7688411331680.581,361551647127608.8,15470207522.674501,-0.023847371900160563,0.20822925014391994,-0.11847353069909633,0.022542613370638644,109661582944775.56,482080586343824.0,489768997675504.56,471213230072384.4,35202.94240920868,15470207522.674501,1.0,389.7278731404542,1.9210215775997204e-07,1.9210215775997204e-07,0.05164615047226784,10677.341451980916,389.7278731404542
2080.0,1577.4120011335974,10287166189.424896,530.4814857856363,0.00014094969190747678,2.5975133590171704,0.23269106645516027,937909787322055.1,0.481408196825479,0.481408196825479,4328301881204.2437,2.1339090881991405,48518.20601585907,47752.238411616,46660.59009567832,765.9676042430624,1091.648315937685,0.8327736111341096,0.01578722024455504,0.01578722024455504,0.01578722024455504,0.022860673179922294,1091.648315937685,-137777312.22150138,-0.013393125928415066,1.4398610870320694,1.2353721202293442,0.0,0.0,17901953586907.562,-516.2288510458509,0.3943019730567512,1.0,11229967646456.781,7879636040564.021,368312312491763.2,14812090291.984882,-0.02293673488611267,0.20554510786140273,-0.11806041417989888,0.022860673179922294,111692932319113.08,491235212457332.94,499114848497897.0,480005244810876.25,35803.08762488785,14812090291.984882,1.0,395.83424061807466,1.8703860266324127e-07,1.8703860266324127e-07,0.05161366348359864,10857.502470790478,395.83424061807466
2081.0,1596.5425409232123,10303348902.561583,529.8860905091425,0.00013963920154553075,2.604132312074754,0.23266449485170362,955811740908962.8,0.4803194843476007,0.4803194843476007,4343113971496.2285,2.1396094825511214,49362.674431305844,48579.20591140705,47453.446437143066,783.4685198987987,1125.759474263982,0.8413343494915846,0.015871678934031224,0.015871678934031224,0.015871678934031224,0.02317369032991209,1125.759474263982,-136651440.71026254,-0.013262817944201494,1.3734123323027692,1.232799052713693,0.0,0.0,18175341331247.156,-514.7240079086549,0.3966865189299308,1.0,11599092643706.102,8072349514690.835,375172899848759.44,14150746446.79628,-0.022018495107654842,0.202802448684063,-0.11761726079763363,0.02317369032991209,113756515422143.44,500528507914609.0,508600857429299.75,488929415270902.9,36412.7142928728,14150746446.79628,1.0,401.9132390099385,1.8211785794212452e-07,1.8211785794212452e-07,0.051582826530597314,11040.732144270267,401.9132390099385
2082.0,1615.8758950331644,10319056762.116539,529.2916805112917,0.0001383514029597666,2.610611506249048,0.23264244099720074,973987082240209.9,0.47924222972878483,0.47924222972878483,4357264717943.025,2.1449722889624505,50220.6074005275,49419.521340565705,48259.115730373,801.0860599617947,1160.4056101927058,0.8498118330893765,0.015951341519485095,0.015951341519485095,0.015951341519485095,0.023480713263003505,1160.4056101927058,-135532306.48375103,-0.013134175885272681,1.307027135306344,1.2302313444548452,0.0,0.0,18454564686148.453,-513.2335739291465,0.39903758794709454,1.0,11974291358657.01,8266452524086.053,382135281601100.7,13487287198.852737,-0.021094015600978483,0.20000225444537625,-0.11714421153050787,0.023480713263003505,115853272910169.45,509962845869927.1,518229298394013.2,497988554511270.1,37031.99724649262,13487287198.852737,1.0,407.95429166186955,1.773354133636254e-07,1.773354133636254e-07,0.05155308272314785,11227.118483880384,407.95429166186955
2083.0,1635.4138608560895,10334302974.049217,528.6981907090035,0.00013708580750225458,2.6169579679330037,0.2326246496660881,992441646926358.4,0.47817631238390274,0.47817631238390274,4370752005141.8774,2.149996024821399,51092.224472967675,50273.412909770326,49077.8109528276,818.8115631973521,1195.6019569427212,0.858210531867704,0.016026148237694684,0.016026148237694684,0.016026148237694684,0.0237819930603988,1195.6019569427212,-134419988.28733417,-0.013007165420336553,1.2406581443566025,1.2276689842903912,0.0,0.0,18739560732070.906,-511.7570846455141,0.40135654519673847,1.0,12355712859412.229,8461846772736.285,389201242264924.8,12821337151.002821,-0.02016475012769207,0.19714570509092863,-0.11664146380016917,0.0237819930603988,117983725424706.75,519540680549043.8,528002527321780.06,507184967689631.56,37661.10237354758,12821337151.002821,1.0,413.95960887196304,1.7268690867784825e-07,1.7268690867784825e-07,0.0515210433403368,11416.708579280023,413.95960887196304
2084.0,1655.158247913771,10349100421.412788,528.1055689319037,0.0001358419390450992,2.6232444351556152,0.23260776555291363,1011181207658429.2,0.477121612996891,0.477121612996891,4383573342292.8804,2.1546798252533903,51977.745597376066,51141.109167263596,49909.44021303057,836.6364301124698,1231.6689542330255,0.8666172012444755,0.016096050732810254,0.01609605073281025,0.01609605073281025,0.024083735653927515,1231.6689542330255,-133314307.92683583,-0.012881729087390253,1.1735333292067158,1.2251119610811707,0.0,0.0,19027932593723.39,-510.2771893080473,0.40368509489657045,1.0,12746665693294.053,8658434431446.253,396371755381584.7,12145014271.835175,-0.019231267613480936,0.19423387135521358,-0.11610919343856858,0.024083735653927515,120146053359566.33,529264474434445.1,537922908865891.4,516517808741151.0,38300.116845080796,12145014271.835175,1.0,419.9953045906727,1.6816818717884197e-07,1.6816818717884197e-07,0.051489016535865906,11609.323367949773,419.9953045906727
2085.0,1675.1108779029994,10363461669.456585,527.5137733311077,0.00013461933361249014,2.6294760242665713,0.23259132108563943,1030209140252152.6,0.476078013507396,0.476078013507396,4395718356564.7153,2.159023051113919,52877.35522646561,52022.80395469417,50754.16003790859,854.5512717714414,1268.6439167855876,0.8750369413498899,0.016161006315681434,0.01616100631568143,0.016161006315681434,0.02438630408869213,1268.6439167855876,-132215372.01292558,-0.012757838667227722,1.1055854733038029,1.222560263711225,0.0,0.0,19319514009827.062,-508.7927737381578,0.40602564047141065,1.0,13147542603796.707,8856109349588.71,403648364083288.5,11457692674.891977,-0.018288925314927137,0.1912661939697328,-0.11554716381447769,0.02438630408869213,122340428035042.33,539136334722127.5,547992444071716.2,525988792118330.8,38949.18290409946,11457692674.891977,1.0,426.06516150931486,1.6377534959753433e-07,1.6377534959753433e-07,0.0514576919585763,11804.977133809125,426.06516150931486
2086.0,1695.2735847412569,10377398970.842588,526.9227703080184,0.00013341753902485707,2.635645015229046,0.2325754186831683,1049528654261979.8,0.4750453970975581,0.4750453970975581,4407176049239.607,2.1630230047389416,53791.23691499994,52918.69228646421,51612.18820221378,872.5446285357305,1306.5040842504338,0.8834587581604669,0.016220943755476593,0.016220943755476593,0.016220943755476596,0.02468889588536974,1306.5040842504338,-131123325.00755115,-0.012635471121036088,1.036889473418418,1.2200138810877466,0.0,0.0,19614591321100.953,-507.30603975743713,0.40837268131149806,1.0,13558114139302.09,9054743730180.918,411032811985288.3,10760215754.329803,-0.017334758534463583,0.18824200225491117,-0.11495510812296224,0.02468889588536974,124567456747298.94,549158382871889.3,558213126602070.25,535600268732587.25,39608.461921929425,10760215754.329803,1.0,432.1604461821629,1.595046109993936e-07,1.595046109993936e-07,0.051427299018053985,12003.726280284349,432.1604461821629
2087.0,1715.648214612303,10390924270.958014,526.3325328587852,0.00013223611455469043,2.6417436880062146,0.23256016076440308,1069143245583080.8,0.47402364817893566,0.47402364817893566,4417936264993.9375,2.16667568154411,54719.58030568053,53828.97676542911,52483.75451795513,890.6035402514207,1345.2222474739813,0.8918712630406821,0.016275774325684396,0.016275774325684396,0.016275774325684396,0.024990670978868226,1345.2222474739813,-130038294.26581235,-0.012514603212850015,0.9675260354306403,1.2174728021410341,0.0,0.0,19913456484939.0,-505.8193515048755,0.4107204173469322,1.0,13978102501110.08,9254193942199.62,418526937608375.1,10053489764.340023,-0.01636765600455123,0.18516081550045518,-0.11433280624539523,0.024990670978868226,126827781043247.08,559332821152732.4,568587015094932.0,545354718651622.25,40278.12412974002,10053489764.340023,1.0,438.27196200844156,1.5535227941361072e-07,1.5535227941361072e-07,0.051398037640487004,12205.630388215111,438.27196200844156
2088.0,1736.2366260115843,10404049213.30725,525.7430392510028,0.00013107463059360594,2.647764322561252,0.23254564974824662,1089056702068019.8,0.4730126523795661,0.4730126523795661,4427989754758.277,2.1699765922462504,55662.58120266941,54753.86707181118,53369.10058602847,908.7141308582275,1384.7664857827112,0.900262674695819,0.016325404090578685,0.016325404090578685,0.016325404090578685,0.025290752230642494,1384.7664857827112,-128960391.9086141,-0.012395211639682359,0.8975818094192342,1.214937015824441,0.0,0.0,20216406167525.094,-504.33523810251165,0.4130627507523208,1.0,14407178667021.861,9454306538276.723,426132672592657.8,9338485318.16708,-0.015387572371742243,0.18202235041211395,-0.11368008754405401,0.025290752230642494,129122076374327.08,569661927634006.9,579116234172283.5,555254748966984.94,40958.348413770946,9338485318.16708,1.0,444.3900460516698,1.5131475960214582e-07,1.5131475960214582e-07,0.05137008628291606,12410.75217225752,444.3900460516698
2089.0,1757.040689791527,10416785144.96769,525.1542719659785,0.0001299326683302502,2.6536991988573333,0.23253198805360176,1109273108235544.9,0.4720122965311636,0.4720122965311636,4437328240076.444,2.1729212334925694,56620.44163301833,55693.579665705875,54268.47975586176,926.8619673124555,1425.0999098441146,0.9086208224206596,0.016369741043700266,0.016369741043700266,0.016369741043700266,0.025588226118667685,1425.0999098441146,-127889716.28178401,-0.012277273122367035,0.8271495192444277,1.2124065111143303,0.0,0.0,20523741421505.39,-502.8563955757041,0.41539328895511407,1.0,14844959570958.967,9654921972535.914,433852041515780.6,8616238824.732521,-0.014395093036359635,0.17882652865443993,-0.11299683370605937,0.025588226118667685,131451052245059.88,580148053331799.5,589802975304335.5,565303093760840.5,41649.32226958458,8616238824.732521,1.0,450.50456788175853,1.473885548833671e-07,1.473885548833671e-07,0.051343606443468914,12619.157486277176,450.50456788175853
2090.0,1778.0622892066774,10429143122.095034,524.5662168532685,0.00012880981943865668,2.6595405968576324,0.2325192780993713,1129796849657050.2,0.4710224686564513,0.4710224686564513,4445944478901.177,2.1755053641268276,57593.36990501518,56648.33761171743,55182.15719874293,945.0322932977501,1466.180412974502,0.9169331507610556,0.01640869938425773,0.01640869938425773,0.01640869938425773,0.025882143674260793,1466.180412974502,-126826353.15920411,-0.012160764472635494,0.7563280855313274,1.209881277010024,0.0,0.0,20835767667605.016,-501.38568774395264,0.41770534943679294,1.0,15291005369723.482,9855877041803.928,441687162578326.7,7887853851.266347,-0.013391194077125478,0.175573484474198,-0.11228298163289811,0.025882143674260793,133815452633310.05,590793620581360.2,600649497623164.1,575502615211636.8,42351.24184292519,7887853851.266347,1.0,456.60493059486237,1.435702677681767e-07,1.435702677681767e-07,0.051318745177314495,12830.915355817731,456.60493059486237
2091.0,1799.3033199586828,10441133915.464727,523.9788624548866,0.00012770568577667987,2.6652807965253253,0.23250762230445807,1150632617324655.2,0.47004305795662676,0.47004305795662676,4453832332752.443,2.1777251741433203,58581.58066803555,57618.37047346586,56110.4100395807,963.2101945696929,1507.96043388516,0.9251867256965273,0.016442202200516225,0.016442202200516225,0.016442202200516225,0.026171521712499642,1507.96043388516,-125770376.77918918,-0.012045662645213878,0.685222740802958,1.2073613025337573,0.0,0.0,21152794819075.89,-499.92614584980464,0.41999196666883454,1.0,15744816829417.25,10057006630243.0,449640248723357.2,7154502398.645461,-0.012377110161564212,0.17226357238714637,-0.11153852637120501,0.026171521712499642,136216056551541.4,601601122104315.9,611658128734558.9,585856305274898.6,43064.3120147496,7154502398.645461,1.0,462.68007416543986,1.3985659984066745e-07,1.3985659984066745e-07,0.051295636461518246,13046.098024831103,462.68007416543986
2092.0,1820.7656902411327,10452768016.037258,523.3921994651328,0.000126619879094148,2.670912077823586,0.23249712308776496,1171785412143731.2,0.4690739547989594,0.4690739547989594,4460986835151.089,2.179577394513751,59585.294975965706,58603.91424787518,57053.52751386524,981.380728090522,1550.3867340099425,0.9333682424439962,0.016470183263947447,0.016470183263947443,0.016470183263947443,0.026455344389665156,1550.3867340099425,-124721850.76547357,-0.01193194477999683,0.613945135431638,1.204846576730631,0.0,0.0,21475137456055.625,-498.4809667221806,0.4222459014379816,1.0,16205832865747.592,10258145086139.965,457713608928603.6,6417426075.241488,-0.011354262200850266,0.1688973749086967,-0.11076352407983152,0.026455344389665156,138653678670428.75,612573120464779.9,622831265550919.9,596367287599032.4,43788.74650488293,6417426075.241488,1.0,468.7184812830126,1.3624435113600275e-07,1.3624435113600275e-07,0.05127440188128629,13264.781008982312,468.7184812830126
2093.0,1842.4513207842442,10464055640.535887,522.8062202988283,0.00012555202075038968,2.676426720715589,0.23248788286819475,1193260549599787.0,0.46811505070451864,0.46811505070451864,4467404261226.33,2.181059374545854,60604.74035481207,59605.2113216763,58011.81112895712,999.5290331357663,1593.4001927191832,0.9414640349753498,0.01649258832368552,0.01649258832368552,0.016492588323685522,0.02673256511280449,1593.4001927191832,-123680828.9631108,-0.011819588237278987,0.5426134330370597,1.2023370886685611,0.0,0.0,21803114995472.36,-497.0535092876105,0.4244596527607071,1.0,16673428274254.139,10459127417063.697,465909649506215.1,5677937154.601986,-0.010324218025537152,0.16547571030662256,-0.1099580950275404,0.02673256511280449,141129169955451.1,623712247735920.4,634171375152984.1,607038819461666.2,44524.7679782363,5677937154.601986,1.0,474.70818582271824,1.3273041916851616e-07,1.3273041916851616e-07,0.05125515090415722,13487.043150720818,474.70818582271824
2094.0,1864.3621448993808,10475006737.026377,522.2209187461963,0.00012450174144080194,2.6818170051645103,0.2324800040646503,1215063664595259.2,0.46716623833603105,0.46716623833603105,4473082198380.932,2.1821691415083713,61640.15087426994,60622.510439628604,58985.57481574555,1017.6404346413324,1636.9356238830462,0.9494600873343744,0.01650937611617884,0.01650937611617884,0.01650937611617884,0.027002108820834817,1636.9356238830462,-122647356.2078129,-0.011708570627862888,0.47135239394067513,1.1998328274382353,0.0,0.0,22137051823931.97,-495.6472892550448,0.4266254725493225,1.0,17146911688253.385,10659790408738.406,474230875298850.1,4937419502.042083,-0.009288671274212346,0.1619996403516187,-0.10912242661495868,0.027002108820834817,143643418283457.9,635021205270561.5,645680995679299.9,617874293582308.0,45272.608142825295,4937419502.042083,1.0,480.63678409370925,1.2931179770672627e-07,1.2931179770672627e-07,0.05123798089435505,13712.96667292026,480.63678409370925
2095.0,1886.5001085234233,10485630990.489065,521.6362896970044,0.00012346868093214168,2.6870752111335237,0.23247358909603447,1237200716419191.2,0.466227411485865,0.466227411485865,4478019617882.974,2.182905450649819,62691.76722252291,61656.06667794887,59975.14506055631,1035.7005445740444,1680.9216173925645,0.9573420468315468,0.016520519207854686,0.016520519207854682,0.016520519207854682,0.027262874652264214,1680.9216173925645,-121621469.04060361,-0.011598869839203736,0.40029344527827343,1.1973337821530623,0.0,0.0,22477277373352.688,-494.26597181103494,0.42873538316327153,1.0,17625523803914.477,10859973727052.002,482679890690774.6,4197329355.0995026,-0.008249430285480374,0.1584704780391593,-0.10825677641370947,0.027262874652264214,146197349015271.78,646502763509960.9,657362737237012.9,628877239706046.4,46032.50783177348,4197329355.0995026,1.0,486.4914490027278,1.2598557535941211e-07,1.2598557535941211e-07,0.05122297695610656,13942.637228782829,486.4914490027278
2096.0,1908.8671702629629,10495937828.374434,521.0523289200669,0.00012245248780623288,2.6921936185858035,0.23246874038125,1259677993792544.0,0.4652984650641425,0.4652984650641425,4482216947238.073,2.1832678300758075,63759.83678323558,62706.141418674364,60980.8610093034,1053.6953645612118,1725.2804093709615,0.9650952391880693,0.016526004734664885,0.01652600473466489,0.016526004734664892,0.027513739010851652,1725.2804093709615,-120603196.37584549,-0.011490464058372191,0.32957473637106216,1.1948399419491262,0.0,0.0,22824126126114.28,-492.9133621746455,0.4307811979537599,1.0,18108435913270.004,11059521036480.812,491259400369022.44,3459195942.7535625,-0.007208412437575412,0.1548897952537925,-0.10736147521493244,0.027513739010851652,148791925505368.7,658159761787661.1,669219282824142.0,640051325874391.1,46804.71706310656,3459195942.7535625,1.0,492.2589472616813,1.2274893401745143e-07,1.2274893401745143e-07,0.051210211659779015,14176.143946196844,492.2589472616813
2097.0,1931.4653014383434,10505936426.134096,520.4690328869968,0.00012145281921179507,2.6971645074845263,0.23246556033919982,1282502119918658.2,0.4643792950869753,0.4643792950869753,4485676143180.827,2.183256622917515,64844.61371350485,63773.002321941574,62003.07453703704,1071.6113915632725,1769.9277849045359,0.9727046856931413,0.016525835072406236,0.016525835072406236,0.016525835072406233,0.027753559036934022,1769.9277849045359,-119592560.12845291,-0.011383331792391187,0.2593411779588085,1.1923512959851383,0.0,0.0,23177937540513.734,-491.59339387701635,0.43275454488528364,1.0,18594748787055.4,11258281153284.832,499972209778585.3,2724621928.3139715,-0.00616764140329368,0.15125943034475073,-0.10643693007869569,0.027753559036934022,151428149532379.56,669995108098020.2,681253389251305.1,651400359310964.9,47589.495072031554,2724621928.3139715,1.0,497.9256597576171,1.1959914718396914e-07,1.1959914718396914e-07,0.051199744685397786,14413.579465005489,497.9256597576171
2098.0,1954.2964861275175,10515635712.719784,519.8863986313299,0.00012046934062410955,2.7019801577928657,0.23246415138878676,1305680057459172.0,0.46346979866482535,0.46346979866482535,4488400765109.142,2.182873028094707,65946.35902139853,64856.9232938569,63042.15027667137,1089.4357275416269,1814.7730171855267,0.9801551224307383,0.01652002845506789,0.016520028455067892,0.016520028455067892,0.02798117648848474,1814.7730171855267,-118589575.80472845,-0.011277451886364007,0.18974446390523075,1.1898678334423909,0.0,0.0,23539055889688.016,-490.31011465096054,0.4346468932903601,1.0,19083491949996.36,11456109243249.592,508821225220407.7,1995283660.9327145,-0.005129245908432673,0.14758149557956207,-0.10548362737510306,0.02798117648848474,154107061635605.22,682011778806009.2,693467888049258.9,662928286856012.9,48387.11031088059,1995283660.9327145,1.0,503.4776051911167,1.1653357821731532e-07,1.1653357821731532e-07,0.051185270526106,14655.039965790778,503.4776051911167
2099.0,1977.3627212097454,10525044376.0436,519.3044236359176,0.00011950172561224961,2.706669362374086,0.23246466528020443,1329219113348860.0,0.4625698739909878,0.4625698739909878,4490396048770.074,2.182119140347535,67065.3406416129,65958.1844480203,64098.21150824656,1107.1561935926095,1859.9729397737408,0.9874829088212789,0.01650861954924058,0.016508619549240582,0.01650861954924058,0.028199274363586078,1859.9729397737408,-117594266.68496545,-0.01117280483421292,0.12044379736805685,1.1873895435247095,0.0,0.0,23907241600414.28,-489.05578710387124,0.43647642291165056,1.0,19576297729358.89,11652868068773.734,517807367614023.3,1267676312.1180017,-0.004095459202452223,0.14385838444022617,-0.10450213580721177,0.028199274363586078,156829152935300.28,694212818278682.5,705865686347456.1,674636520549323.6,49197.642224922274,1267676312.1180017,1.0,508.9432542014991,1.1355014908404729e-07,1.1355014908404729e-07,0.05115687832421667,14900.569283324285,508.9432542014991
2100.0,2000.666016409107,10534170868.393435,518.7231057429201,0.00011854965561361307,2.7113170624046194,0.2324671870077642,1353126354949274.2,0.4616794203301947,0.4616794203301947,4491663725082.192,2.1809979898591445,68201.82461041871,67077.06330841349,65170.96049006315,1124.7613020052247,1906.102818350337,0.9948060507078237,0.016491659987545305,0.016491659987545305,0.0164916599875453,0.028416611049089473,1906.102818350337,-116606668.6687618,-0.01106937319752679,0.05029929480581602,1.1849164154584066,0.0,0.0,24281210442285.906,-487.8036665077628,0.43830385484012857,1.0,20079212781228.742,11848427741479.709,526928187522429.44,529861366.0441603,-0.00306531345620942,0.14009171197801337,-0.10349283562445599,0.028416611049089473,159593845937213.3,706601246240871.5,718449673982351.2,686522033459642.8,50020.85063034404,529861366.0441603,1.0,514.4190729423599,1.1064753501514772e-07,1.1064753501514772e-07,0.05112928246715431,15150.109859719123,514.4190729423599
2101.0,2024.2083943378414,10543023411.79797,518.1424430818618,0.00011761281971550375,2.71592107294723,0.23247154722579283,1377407565391560.2,0.4607983380073391,0.4607983380073391,4492193586448.236,2.1795121336754777,69356.05933353033,68213.82073065927,66260.6620280931,1142.2386028710653,1953.1587025661665,1.0021204858159793,0.01646919697928754,0.016469196979287542,0.016469196979287542,0.028632888198392662,1953.1587025661665,-115626789.08711174,-0.010967137657848866,-0.020668322979880086,1.182448438492234,0.0,0.0,24661009520032.5,-486.5546822589044,0.4401270240360269,1.0,20592197928112.043,12042648331929.045,536185944984229.75,-217906613.05947772,-0.002030763387887868,0.13628062454922207,-0.10245548116675907,0.028632888198392662,162401766059188.53,719179908971530.4,731222557303459.4,698587711043418.2,50856.94340621696,-217906613.05947772,1.0,519.9015029951279,1.078233514401158e-07,1.078233514401158e-07,0.051103368770551105,15403.718621876142,519.9015029951279
2102.0,2047.9918905395007,10551610003.336288,517.562434012125,0.0001166909144435194,2.7204747458453626,0.2324775673935702,1402068574911592.8,0.4599265283963177,0.4599265283963177,4491975679835.177,2.1776605601517622,70528.29580127087,69368.7241138382,67367.622557998,1159.57168743268,2001.1015558402037,1.0094155704149754,0.016441226521338767,0.016441226521338767,0.016441226521338764,0.028847316732484186,2001.1015558402037,-114654626.56370722,-0.01086607887587343,-0.09237285524053367,1.1799856018973365,0.0,0.0,25046771204393.562,-485.311319128921,0.4419403147242913,1.0,21114843194295.305,12235348216700.205,545583251388402.2,-974682343.3927499,-0.000987513877542592,0.13242434406483472,-0.10138984256472784,0.028847316732484186,165253628695552.8,731951723278250.2,744187071494950.5,710836880083955.0,51706.16154462642,-974682343.3927499,1.0,525.3814633737627,1.050752281474777e-07,1.050752281474777e-07,0.05107923261492209,15661.46101337158,525.3814633737627
2103.0,2072.0185535319274,10559938420.387594,516.983077076983,0.00011578364355651152,2.7249714329424624,0.23248506897037627,1427115346115986.2,0.4590638939089908,0.4590638939089908,4491000997491.784,2.1754403604339267,71718.78889512156,70542.04717273501,68492.15981198668,1176.7417223865466,2049.8873607483265,1.0166803766106698,0.016407718821177565,0.016407718821177565,0.016407718821177565,0.029059085225139628,2049.8873607483265,-113690173.67393126,-0.010766177713161167,-0.1647226511614578,1.1775278949672054,0.0,0.0,25438636328300.875,-484.0761816265361,0.443737917114685,1.0,21646684298233.176,12426320125102.766,555122818954025.9,-1739461052.7079813,6.62190038867856e-05,0.128522306092767,-0.10029574156354912,0.029059085225139628,168150170939899.5,744919674192158.5,757345994317261.2,723272989893925.4,52568.75531416693,-1739461052.7079813,1.0,530.8495248195792,1.0240086790808413e-07,1.0240086790808413e-07,0.051056941328015526,15923.404497819758,530.8495248195792
2104.0,2096.2904448500367,10568016225.817007,516.4043709668598,0.00011489071784789216,2.729404486081973,0.232493873415491,1452553982444287.0,0.4582103379842588,0.4582103379842588,4489261536439.076,2.1728478435804055,72927.79753011037,71734.06900954989,69634.60211525958,1193.7285205604887,2099.4668942903095,1.0239036951366052,0.016368635293937447,0.016368635293937447,0.016368635293937447,0.029267361008209494,2099.4668942903095,-112733418.18518984,-0.010667415319612124,-0.23762045526903772,1.1750753070176323,0.0,0.0,25836751374477.97,-482.851992147293,0.44551383451218673,1.0,22187200204425.63,12615342374503.775,564807455413467.8,-2511176826.869215,0.0011307911421905808,0.12457416595801085,-0.09917305409131849,0.029267361008209494,171092149618906.7,758086805236800.1,770702147611303.9,735899605032374.5,53444.98374573634,-2511176826.869215,1.0,536.2959114867056,9.979804702821012e-08,9.979804702821012e-08,0.05103654480889652,16189.618369523241,536.2959114867056
2105.0,2120.8096390884043,10575850773.09386,515.8263144899605,0.00011401185495307068,2.7337672571073406,0.23250380218819425,1478390733818765.0,0.45736576507725296,0.45736576507725296,4486750359612.207,2.1698791682074807,74155.58475449074,72945.07357019998,70795.28805733229,1210.5111842907709,2149.7855128676997,1.031074039336322,0.016323938221220274,0.016323938221220274,0.016323938221220274,0.02947129131069853,2149.7855128676997,-111784343.86053634,-0.010569773180322109,-0.3109632608109248,1.1726278273866613,0.0,0.0,26241266843312.125,-481.6415886037413,0.4472618907621094,1.0,22735810778247.844,12802185644220.314,574640061707351.6,-3288701042.2510066,0.0022057291564784743,0.12057980500738687,-0.09802171288698067,0.02947129131069853,174080340225188.62,771456212710788.0,784258398355008.2,748720401932540.2,54335.11440699408,-3288701042.2510066,1.0,541.7105043510336,9.726461456738575e-08,9.726461456738575e-08,0.05101808125384388,16460.173650338216,541.7105043510336
2106.0,2145.578223943678,10583449211.33934,515.2489065487974,0.00011314677916281206,2.738053097862009,0.23251467674776605,1504632000662077.0,0.45653008064864065,0.45653008064864065,4483461658569.956,2.16653070679473,75402.41782474695,74175.3493142196,71974.5663642602,1227.0685105273685,2200.7829499593904,1.0381796503850202,0.01627359633718067,0.01627359633718067,0.01627359633718067,0.029670004527198028,2200.7829499593904,-110842931.01649657,-0.010473233140074695,-0.3846421718437592,1.1701854454345437,0.0,0.0,26652336260073.594,-480.4479211775532,0.4489757387159641,1.0,23291874576076.777,12986617260000.217,584623631298039.4,-4070840890.2476845,0.0032900609980523613,0.11653933701728161,-0.0968417101828998,0.029670004527198028,177115536326281.28,785031042200397.5,798017659460397.5,761739167624320.6,55239.423332013605,-4070840890.2476845,1.0,547.0828464372245,9.479849086986349e-08,9.479849086986349e-08,0.05100158015607659,16735.143032246597,547.0828464372245
2107.0,2170.5983002567696,10590818490.300667,514.6721461214266,0.00011229522124231522,2.7422553601894224,0.23252631855348627,1531284336922150.5,0.45570319115404284,0.45570319115404284,4479390817679.708,2.162799262315914,76668.56826568644,75425.18900147727,73172.79587205026,1243.3792642091653,2252.393129427,1.0452085037970416,0.016217588150340464,0.016217588150340464,0.016217588150340464,0.029862611671849906,2252.393129427,-109909156.9404669,-0.010377777415515564,-0.4585422749077068,1.167748150543692,0.0,0.0,27070115514492.22,-479.27404795821735,0.4506488701161069,1.0,23854686802561.656,13168404101842.865,594761250301999.0,-4856338003.677073,0.004382498098271452,0.11245311472167234,-0.0956331004366988,0.029862611671849906,180198549206707.28,798814486311267.9,811982890413110.9,774959799508706.2,56158.19502965668,-4856338003.677073,1.0,552.4021499560562,9.239766575914782e-08,9.239766575914782e-08,0.05098706378542639,17014.600842393585,552.4021499560562
2108.0,2195.8719820548695,10597965365.249416,514.0960322464483,0.00011145691825581835,2.7463673959330257,0.23253854906463486,1558354452436642.8,0.45488500403356286,0.45488500403356286,4474534479676.031,2.158682203435648,77954.3119206935,76694.88954077834,74390.34554337287,1259.4223799151534,2304.543997405471,1.0521483172636223,0.01615590400177506,0.01615590400177506,0.01615590400177506,0.030048208051465478,2304.543997405471,-108982996.22598897,-0.01028338860054617,-0.5325425212553148,1.1653159321186333,0.0,0.0,27494762357779.125,-478.12312929602825,0.452274627151921,1.0,24423477467196.625,13347314762560.79,605056097976158.5,-5643867195.786427,0.005481535372699702,0.1083217364363896,-0.09439600310655186,0.030048208051465478,183330207601443.38,812809783044798.6,826157097807359.4,788386305577601.9,57091.72252630011,-5643867195.786427,1.0,557.6573054411409,9.006019658340179e-08,9.006019658340179e-08,0.050974547818299465,17298.623017072754,557.6573054411409
2109.0,2221.401396593246,10604896401.80186,513.5205640110195,0.00011063161339654446,2.7503825569362643,0.23255118974049174,1585849214794422.0,0.4540754277014257,0.4540754277014257,4468890612480.245,2.1541775549245576,79259.928994552,77984.75186900908,75627.59449321461,1275.1771255429255,2357.157375794475,1.0589865598630115,0.016088547412533964,0.016088547412533967,0.016088547412533967,0.030225875178185986,2357.157375794475,-108064421.05829237,-0.010190049667994052,-0.6065156206606545,1.1628887795859626,0.0,0.0,27926435956739.812,-476.9984207399745,0.4538462158465002,1.0,24997409773043.543,13523121310330.21,615511447281839.9,-6432035323.180797,0.006585505807301082,0.10414605275406763,-0.09313060546361648,0.030225875178185986,186511357436182.06,827020214491065.4,840543335801395.5,802022804718021.9,58040.30741660609,-6432035323.180797,1.0,562.8368929698098,8.778420621201918e-08,8.778420621201918e-08,0.05096404149139766,17587.287076608518,562.8368929698098
2110.0,2247.188684396834,10611617980.65957,512.9457405412697,0.00010981905582180761,2.754294195042582,0.23256406204033686,1613775650751161.8,0.45327437153572586,0.45327437153572586,4462458577157.064,2.1492840635581287,80585.70408972247,79295.08084277403,76884.9320023359,1290.6232469484366,2410.148840438118,1.0657104626823353,0.016015536024993757,0.016015536024993757,0.016015536024993754,0.030394682933950867,2410.148840438118,-107153401.46821213,-0.01009774396925208,-0.6803279478767946,1.1604666823942982,0.0,0.0,28365296446755.375,-475.9032644595607,0.4553567213768773,1.0,25575578771258.95,13695600853575.268,626130665355904.5,-7219380284.434621,0.007692609971453699,0.09992717328264884,-0.09183716543476655,0.030394682933950867,189742861521871.56,841449105649035.1,855144706502610.4,815873526877776.1,59004.259906177576,-7219380284.434621,1.0,567.9291955476906,8.556788103629917e-08,8.556788103629917e-08,0.050955547488198194,17880.672096158327,567.9291955476906
2111.0,2273.2359993016407,10618136302.268772,512.3715609946427,0.00010901900049310712,2.7580956620954233,0.23257698742345015,1642140947197917.0,0.4524817458682835,0.4524817458682835,4455239196872.63,2.1440012506867574,81931.9262360796,80626.18513196729,78162.75750481918,1305.7411041123223,2463.4276271481094,1.0723070308874303,0.0159369023053351,0.0159369023053351,0.0159369023053351,0.030553691993686936,2463.4276271481094,-106249905.56470089,-0.01000645523282636,-0.7538394628413267,1.1580496300142349,0.0,0.0,28811504449247.28,-474.8410790721665,0.4567991253933551,1.0,26157010315833.16,13864537018939.559,636917213778312.5,-8004370166.478283,0.008800931731517159,0.09566647339868067,-0.09051601446824545,0.030553691993686936,193025599169039.0,856099823263184.6,869964360282124.0,829942812947351.5,59983.89883563867,-8004370166.478283,1.0,572.9222147301247,8.340946900149992e-08,8.340946900149992e-08,0.05094906167604463,18178.858669180514,572.9222147301247
2112.0,2299.5455084959044,10624457391.397236,511.7980245537726,0.00010823120802104264,2.761780309938234,0.2325897873491115,1670952451647164.2,0.45169746197460725,0.45169746197460725,4447234826706.151,2.1383294576345215,83298.88891359774,81978.37710893332,79461.48054015492,1320.5118046644282,2516.896568778391,1.0787630572733107,0.015852694098166625,0.015852694098166625,0.015852694098166625,0.030701956510238368,2516.896568778391,-105353899.75178835,-0.009916167562316622,-0.8269036457549422,1.155637611938298,0.0,0.0,29265220532789.844,-473.81534781809717,0.4581663253758498,1.0,26740660353539.918,14029721403494.287,647874648558710.4,-8785402551.114418,0.009908446415621934,0.09136560098499241,-0.08916756041430433,0.030701956510238368,196360465697506.28,870975774609756.5,885005496013250.8,844235114256216.6,60979.551678874726,-8785402551.114418,1.0,577.8036885460584,8.130727768362891e-08,8.130727768362891e-08,0.050944572761588924,18481.928861280197,577.8036885460584
2113.0,2326.119392561066,10630587101.627693,511.2251304215895,0.00010745544451488998,2.7653414904144573,0.23260228327660093,1700217672179954.0,0.4509214320639626,0.4509214320639626,4438449424155.037,2.1322698872957666,84686.8900671665,83351.97272925262,80781.52066266244,1334.9173379138774,2570.4520665901873,1.0850651373239344,0.015762975082154195,0.0157629750821542,0.0157629750821542,0.030838527060896778,2570.4520665901873,-104465348.9333984,-0.009826865434121063,-0.8993674481781943,1.1532306176808989,0.0,0.0,29726604604824.625,-472.8296050463089,0.45945115604231057,1.0,27325414584445.895,14190955034166.441,659006619783550.4,-9560803994.226925,0.01101302489888873,0.08702648312068283,-0.08779229041232867,0.030838527060896778,199748371822820.0,886080406190816.1,900271361224982.6,858754991606370.4,61991.55450997124,-9560803994.226925,1.0,582.5611117813679,7.925967241674949e-08,7.925967241674949e-08,0.05094206190437789,18789.966152691202,582.5611117813679
2114.0,2352.9598455125133,10636531119.76707,510.6528778174075,0.0001066914814366825,2.7687725553675384,0.23261429666519834,1729944276784778.5,0.45015356926954475,0.45015356926954475,4428888620160.811,2.1258246437513164,86096.23211252637,84747.29140152373,82123.30730237458,1348.9407110026416,2623.9840991491437,1.0911996858055046,0.015667825152204086,0.015667825152204086,0.015667825152204082,0.03096245385256012,2623.9840991491437,-103584216.7080642,-0.009738533695027876,-0.9710712613073306,1.1508286367782876,0.0,0.0,30195815225481.312,-471.8874209961513,0.4606464128034897,1.0,27910088528373.832,14348049851300.316,670316870875942.5,-10328829690.406883,0.012112435538125504,0.0826513326896958,-0.08639077377538885,0.03096245385256012,203190242903959.2,901417202308275.5,915765252159575.8,873507113779901.6,63020.25193441278,-10328829690.406883,1.0,587.181758668726,7.726507447246766e-08,7.726507447246766e-08,0.05094150231325312,19103.05536796181,587.181758668726
2115.0,2380.0690748400975,10642294970.17093,510.0812659737975,0.00010593909545964932,2.772066856640923,0.23262564897418364,1760140092010259.8,0.449393787638755,0.449393787638755,4418559790470.403,2.118996770866196,87527.22193219332,86164.65584427034,83487.27957230443,1362.5660879229792,2677.3762719659103,1.0971529549126144,0.015567340740901714,0.015567340740901716,0.015567340740901716,0.03107279017982577,2677.3762719659103,-102710465.55478932,-0.009651157559781454,-1.0418489026010644,1.1484316587885095,0.0,0.0,30673008837788.844,-470.9923848850306,0.4617448772380164,1.0,28493428032397.805,14500830224028.205,681809237426774.9,-11087663335.829412,0.013204345032255555,0.07824265487262164,-0.08496366486258133,0.03107279017982577,206687018038814.88,916989683497987.5,931490513722015.8,888496255465589.8,64065.996980708005,-11087663335.829412,1.0,591.6527080200091,7.53219592910182e-08,7.53219592910182e-08,0.050942858841904526,19421.28259159642,591.6527080200091
2116.0,2407.449301548452,10647884018.98283,509.51029413408725,0.00010519806833086623,2.7752177460780536,0.23263616166283677,1790813100848048.5,0.4486420021235795,0.4486420021235795,4407472127134.574,2.111790290351376,88980.17086016649,87604.39192853683,84873.88601751244,1375.7789316296585,2730.5059110243906,1.1029110539811984,0.015461635084874288,0.015461635084874284,0.015461635084874283,0.031168596127598227,2730.5059110243906,-101844057.01083604,-0.00956472260866765,-1.1115276219371055,1.1460396732913576,0.0,0.0,31158338910373.22,-470.14808633887395,0.46273934454117893,1.0,29074110253734.76,14649134499752.713,693487645559662.9,-11835417202.282095,0.014286318812546894,0.07380325348474556,-0.08351170592895686,0.031168596127598227,210239648995178.1,932801404808575.8,947450539308328.4,903727294554841.0,65129.15094898924,-11835417202.282095,1.0,595.9608708249704,7.342885476215273e-08,7.342885476215273e-08,0.05094608759526942,19744.735068523205,595.9608708249704
2117.0,2435.1027601970404,10653303478.288393,508.9399615503629,0.00010446818673798093,2.7782185755223763,0.23264565619043767,1821971439758421.8,0.44789812857106914,0.44789812857106914,4395636709932.292,2.1042102395034172,90455.39465415748,89066.82850498037,86283.58430174668,1388.5661491771205,2783.2442032336767,1.1084599707764446,0.015350838437951576,0.015350838437951576,0.01535083843795158,0.031248942507008045,2783.2442032336767,-100984951.84193449,-0.009479214785136223,-1.1799281284794347,1.1436526698883296,0.0,0.0,31651954990026.062,-469.3580952316708,0.46362265287956883,1.0,29650745151235.336,14792816586862.137,705356109795119.5,-12570132435.260277,0.015355821305273678,0.06933623712178033,-0.08203572994226564,0.031248942507008045,213849098965868.25,948855953912223.1,963648770499085.2,919205208760987.8,66210.08321340388,-12570132435.260277,1.0,600.0930203264035,7.158433955339628e-08,7.158433955339628e-08,0.05094976935906548,20073.501088342804,600.0930203264035
2118.0,2463.0316989400285,10658558410.184072,508.3702674818717,0.00010374924217987905,2.7810694957306494,0.23265398800735881,1853623394748447.8,0.44716208371391974,0.44716208371391974,4383066577497.0317,2.0962627086839936,91953.21345405684,90552.29721442625,87716.76869423104,1400.9162396305983,2835.5285201952056,1.1137964921599472,0.015235098231021009,0.015235098231021005,0.015235098231021005,0.03131371160557886,2835.5285201952056,-100133114.41289583,-0.00939462078823158,-1.2469840577540043,1.1412706382025803,0.0,0.0,32153854568551.938,-468.62327314651264,0.464393439647646,1.0,30222646356243.406,14931747567878.158,717418108636670.5,-13291052416.139404,0.01641021626467235,0.0648450250731769,-0.08053666335518683,0.03131371160557886,217516194043396.75,965156949036310.6,980088696604188.8,934934302680067.2,67309.11264239914,-13291052416.139404,1.0,604.0452808683186,6.978710489582987e-08,6.978710489582987e-08,0.05092415930328342,20407.656051831895,604.0452808683186
2119.0,2491.238379565878,10663653730.760782,507.8012111937443,0.00010304103084116174,2.783917264231633,0.232661806039313,1885777249316999.8,0.44643378516115106,0.44643378516115106,4369775525080.8926,2.087954878513949,93473.94953799063,92061.13012666313,89172.25012430418,1412.8194113274933,2888.8800023589647,1.119153629225022,0.015114579177520258,0.015114579177520262,0.015114579177520265,0.03138001888945175,2888.8800023589647,-99288603.87767343,-0.009310936606208596,-1.315234383026514,1.1388935678788787,0.0,0.0,32660851223846.625,-467.8865945344832,0.46517438406062284,1.0,30806016014875.39,15065816986493.676,729663421562823.2,-14025204035.385542,0.01744756790212937,0.06033309457750684,-0.07901546250686219,0.03138001888945175,221238576155546.62,981708013733245.1,996773830719738.9,950901997718369.9,68425.27336179421,-14025204035.385542,1.0,608.019158857527,6.803722964656881e-08,6.803722964656881e-08,0.050887278974414585,20746.976762509963,608.019158857527
2120.0,2519.725077536727,10668594214.002632,507.23279195597456,0.00010234335347031116,2.7868123717189475,0.2326694295131078,1918438100540846.5,0.4457131513888847,0.4457131513888847,4355750321045.507,2.079294705995337,95017.8800399391,93593.61349249238,90649.73847676729,1424.2665474467194,2943.87501572509,1.1246131460510969,0.014989458266676274,0.014989458266676274,0.01498945826667627,0.03145380230416291,2943.87501572509,-98451452.91641873,-0.009228156113314373,-1.3856101269039114,1.136521448583561,0.0,0.0,33172022655628.938,-467.12799330693775,0.4660083315227038,1.0,31407007959511.605,15194921847287.576,742089442704377.6,-14782512182.750523,0.018483804148852128,0.055798339149162546,-0.07747166579453522,0.03145380230416291,225015832709713.6,998512283373602.9,1013707205220890.5,967105275414091.2,69558.31553986543,-14782512182.750523,1.0,612.0858950735957,6.63339210946288e-08,6.63339210946288e-08,0.050852225330032974,21091.42293690186,612.0858950735957
2121.0,2548.4940820275347,10673384495.601212,506.6650090426028,0.00010165601526142356,2.7897396764900773,0.2326768718172204,1951610123196475.5,0.4450001017312179,0.4450001017312179,4340967808862.7563,2.070283094792328,96585.27077661513,95150.03181621918,92149.63624125479,1435.2389603959477,3000.3955749643837,1.1301516607818816,0.014859811944984916,0.014859811944984912,0.014859811944984912,0.03153331131575028,3000.3955749643837,-97621653.54899687,-0.0091462697318952,-1.4578914011222028,1.134154270004488,0.0,0.0,33687975646000.562,-466.35313241618576,0.46688287558662855,1.0,32024375610495.336,15318857267372.91,754699510767052.2,-15560635477.008047,0.01953398818112299,0.05123669647259111,-0.07590429927867032,0.03153331131575028,228848987965648.1,1015572874343195.9,1030891731610568.8,983548498732700.4,70708.54714154486,-15560635477.008047,1.0,616.2255150641195,6.467581122691599e-08,6.467581122691599e-08,0.05081935317764108,21441.08909970993,616.2255150641195
2122.0,2577.5476959649654,10678029076.685892,506.09786173106323,0.00010097882573939467,2.7926840368425085,0.23268414634012813,1985298098842476.0,0.4442945563711945,0.4442945563711945,4325407173385.7485,2.060914330546742,98176.39900832252,96730.69022838911,93672.37743807076,1445.708779933403,3058.312790318347,1.1357453281062757,0.014725624432516092,0.014725624432516092,0.014725624432516096,0.031616778326479626,3058.312790318347,-96799185.20479897,-0.009065267055335856,-1.5318461334300342,1.1317920218509971,0.0,0.0,34209335999643.188,-465.5678008671293,0.46778540951196523,1.0,32656752900619.676,15437320388548.963,767497224082124.4,-16357097553.774761,0.02060498881489243,0.04664469316383285,-0.07431252102770994,0.031616778326479626,232739145883890.8,1032893122866634.9,1048330443255183.9,1000236369966015.1,71876.30025824299,-16357097553.774761,1.0,620.417496378898,6.306155597102385e-08,6.306155597102385e-08,0.05078892396245238,21796.077179827775,620.417496378898
2123.0,2606.8882360660596,10682532327.470808,505.5313493016626,0.00010031159864844585,2.795630311073726,0.23269126647030822,2019507434842119.2,0.4435964363318702,0.4435964363318702,4309050075831.9736,2.0511797223270025,99791.55370830902,98335.91010895983,95218.42401800517,1455.643599349195,3117.486090954654,1.1413698248130464,0.014586841724140756,0.014586841724140756,0.014586841724140756,0.03170241763665343,3117.486090954654,-95984018.15858111,-0.008985137158139192,-1.6072294981155542,1.129434693853861,0.0,0.0,34736737838728.125,-464.77792179635156,0.46870311929056774,1.0,33302645947063.69,15549959807323.74,780486411420223.0,-17169281071.28409,0.021699052165555253,0.04201945569849118,-0.07269562679231088,0.03170241763665343,236687481322940.1,1050476538690226.8,1066026498497550.5,1017173892743163.1,73061.92834194873,-17169281071.28409,1.0,624.640747079878,6.148984166882115e-08,6.148984166882115e-08,0.05076114129093878,22156.49567605644,624.640747079878
2124.0,2636.5180328766223,10686898490.819206,504.96547103716176,9.965415184388337e-05,2.7985633574812154,0.2326982455962379,2054244172680847.5,0.4429056634674719,0.4429056634674719,4291880794760.6895,2.041069650050344,101431.03567326174,99966.0264749308,96788.26397356018,1465.009198330934,3177.76250137061,1.1470003404770637,0.014443401751808449,0.01444340175180845,0.01444340175180845,0.03178842466212779,3177.76250137061,-95176115.72025128,-0.008905868788967559,-1.68378338694573,1.1270822757652406,0.0,0.0,35270818189855.125,-463.9895584658896,0.46962297847043166,1.0,33960425280079.438,15656404590679.113,793671116730111.4,-17994422136.816772,0.022815775757895736,0.037358722250852926,-0.07105305593349069,0.03178842466212779,240695235457939.84,1068326777468130.8,1083983182058809.9,1034366352188051.2,74265.80475260718,-17994422136.816772,1.0,628.8735912738654,5.995938855506272e-08,5.995938855506272e-08,0.05073617028806576,22522.459220953013,628.8735912738654
2125.0,2666.4394308093742,10691131685.725979,504.40022622244334,9.900630718698721e-05,2.801468034362462,0.23270509710639445,2089514990870702.5,0.4422221604546509,0.4422221604546509,4273886372623.8726,2.0305747307290343,103095.15755428969,101621.38636238838,98382.41037825738,1473.7711919013097,3238.975984130993,1.1526115734594158,0.01429525136644003,0.01429525136644003,0.014295251366440028,0.03187297575906509,3238.975984130993,-94375435.71488936,-0.008827450497209063,-1.7612359251601928,1.1247347573586415,0.0,0.0,35812214401109.25,-463.2089168402258,0.47053174734985226,1.0,34628318773248.344,15756281887246.234,807055591424904.4,-18829605205.519047,0.023953198224436423,0.03266085533327904,-0.06938439758015542,0.03187297575906509,244763713488179.5,1086447623686332.2,1102203905573578.5,1051819304913083.9,75488.32201762385,-18829605205.519047,1.0,633.0937620155565,5.846895257057598e-08,5.846895257057598e-08,0.050714147954818545,22894.088360633534,633.0937620155565
2126.0,2696.654788181871,10695235910.71923,503.83561414424395,9.836789044292927e-05,2.804329200014951,0.2327118343892551,2125327205271811.8,0.44154585078382674,0.44154585078382674,4255056767418.3535,2.0196864981710085,104784.24385074971,103302.34776882632,100001.40090664254,1481.8960819233891,3300.9468621837905,1.1581777324078193,0.014142356020950438,0.014142356020950438,0.014142356020950438,0.031954228858096886,3300.9468621837905,-93581931.54973494,-0.008749870721032255,-1.8393010371838567,1.1223921284288694,0.0,0.0,36361563001454.625,-462.44234388809684,0.47141597805593816,1.0,35304405419804.04,15849228191341.158,820644290570318.0,-19671758503.511913,0.025108399539744752,0.027924855117585832,-0.06768939698903684,0.031954228858096886,248894283528635.8,1104842979518757.9,1120692207710099.0,1069538574098953.9,76729.89146016243,-19671758503.511913,1.0,637.278401938926,5.701732623490305e-08,5.701732623490305e-08,0.05069518849182297,23271.509446480104,637.278401938926
2127.0,2727.1664772541335,10699215047.181849,503.2716340909407,9.773873118162393e-05,2.8071317127361675,0.2327184708332972,2161688768273266.5,0.44087665875062343,0.44087665875062343,4235385008914.842,2.008397814531158,106498.63088842951,105009.27891036037,101645.79757601768,1489.3519780691483,3363.48133434269,1.1636725434444302,0.013984705396160714,0.013984705396160714,0.013984705396160714,0.03203032502693287,3363.48133434269,-92795553.03332955,-0.008673117852488787,-1.9176780668429105,1.120054378791985,0.0,0.0,36919499218091.16,-461.6963210162482,0.47226202643120463,1.0,35986610103314.59,15934897094307.482,834441870862710.8,-20517650028.416267,0.026277830533703746,0.023150373312908975,-0.06596796207764066,0.03203032502693287,253088376045417.8,1123516857011443.2,1139451754105750.8,1087530246908128.6,77990.94299749598,-20517650028.416267,1.0,641.4040719780834,5.560333897624058e-08,5.560333897624058e-08,0.05067938578673448,23654.8545785217,641.4040719780834
2128.0,2757.976884266028,10703072862.594063,502.7082853523807,9.711866268141846e-05,2.8098604308235977,0.2327250198269979,2198608267491357.8,0.44021450944739515,0.44021450944739515,4214867358886.4253,1.9967031345031434,108238.66679183356,106742.55765448959,103316.18655647295,1496.1091373439679,3426.3710980166356,1.1690692632254656,0.013822316753229329,0.013822316753229327,0.013822316753229327,0.03209939103302461,3426.3710980166356,-92016247.03966914,-0.008597180288406213,-1.9960514570323469,1.1177214982852617,0.0,0.0,37486656706241.84,-460.97745220113694,0.4730560713139629,1.0,36672699516358.48,16012965107385.236,848453189143913.6,-21363884182.10425,0.027457492850616515,0.018337727467268892,-0.0642201700983423,0.03209939103302461,257347483455377.66,1142473372115649.8,1158486337223035.0,1105800672599291.2,79271.92499166797,-21363884182.10425,1.0,645.4467685339577,5.422585713915559e-08,5.422585713915559e-08,0.05066681428722597,24044.26156480498,645.4467685339577
2129.0,2789.088409474397,10706813013.69805,502.1455672197438,9.65075218355325e-05,2.812500212574727,0.23273149475883448,2236094924197599.5,0.43955932875484127,0.43955932875484127,4193503474704.321,1.9845986888768166,110004.71145363599,108502.57104860165,105013.17795484846,1502.140405034344,3489.393093753187,1.174340698050681,0.013655236991076106,0.013655236991076106,0.01365523699107611,0.03215954294935721,3489.393093753187,-91243958.07035223,-0.008522046472056326,-2.074090493954257,1.115393476767139,0.0,0.0,38063667236166.53,-460.29244649308544,0.4737841415935705,1.0,37360279386104.72,16083136437023.373,862683300680834.1,-22206899092.256855,0.028643036487274988,0.013487915552643857,-0.06244627441923855,0.03215954294935721,261673159655926.5,1161716739722865.2,1177799876159888.8,1124356460336760.6,80573.3040800411,-22206899092.256855,1.0,649.3819494300241,5.288378379391015e-08,5.288378379391015e-08,0.050657528943556684,24439.873874807367,649.3819494300241
2130.0,2820.5034671899225,10710439049.585707,501.5834789854337,9.590514906116028e-05,2.81503591628704,0.23273790901728425,2274158591433766.0,0.43891104333370956,0.43891104333370956,4171296575612.064,1.9720826242330887,111797.13650054277,110289.71489785035,106737.40551130501,1507.4216026924128,3552.30938654534,1.179459229190635,0.013483543942872761,0.013483543942872761,0.013483543942872761,0.03220889082753969,3552.30938654534,-90478628.74563237,-0.008447704928504513,-2.1514491212047324,1.1130703041171799,0.0,0.0,38651160189313.875,-459.64809465701535,0.4744321512846731,1.0,38046793169865.055,16145147197665.889,877137456707055.2,-23042964680.948017,0.0298298121219382,0.008602630685792811,-0.060646711374769895,0.03220889082753969,266067019332690.47,1181251269209611.0,1197396416407276.8,1143204476039745.8,81895.56493867392,-23042964680.948017,1.0,653.1845689783278,5.1576058418153455e-08,5.1576058418153455e-08,0.0506515646089738,24841.84057263108,653.1845689783278
2131.0,2852.2244858136955,10713954414.710714,501.0220199429899,9.531138821115122e-05,2.8174524002580226,0.23274427599082445,2312809751623080.0,0.43826958061658694,0.43826958061658694,4148253610931.1157,1.959155118946799,113616.32525259689,112104.39336480532,108489.52616574574,1511.9318877915719,3614.867199059574,1.184396844585622,0.013307347200590916,0.013307347200590913,0.013307347200590913,0.03224554444798811,3614.867199059574,-89720200.24295712,-0.008374144295384295,-2.2277658291194173,1.1107519702360265,0.0,0.0,39249761776167.91,-459.05123980237846,0.4749859427590216,1.0,38729522385957.27,16198769323946.416,891821100874889.4,-23868181539.835655,0.031012898877723405,0.0036842758293843415,-0.05882210714647544,0.03224554444798811,270530736938475.9,1201081360199322.5,1217280129523268.8,1162351837813365.2,83239.20994571164,-23868181539.835655,1.0,656.8291224457828,5.030165649222367e-08,5.030165649222367e-08,0.05064893512399893,25250.3162200341,656.8291224457828
2132.0,2884.2539078735394,10717362451.82608,500.4611893870174,9.472608648818833e-05,2.8197345227851605,0.2327506090679323,2352059513399248.0,0.4376348687997763,0.4376348687997763,4124385429391.2803,1.9458184864603185,115462.67267166663,113947.01857381336,110270.21946189222,1515.6540978532637,3676.799111921128,1.1891251770520226,0.013126788621663266,0.013126788621663263,0.013126788621663266,0.03226762014435109,3676.799111921128,-88968612.6946009,-0.008301353350183838,-2.3026636248845365,1.108438465045356,0.0,0.0,39860093923165.78,-458.5087419520364,0.4754313381792966,1.0,39405588745010.98,16243814318288.9,906739864352414.6,-24678480672.523266,0.03218711898965201,-0.0012640216897585018,-0.0569732846315462,0.03226762014435109,275066045263090.6,1221211498360516.2,1237455312678805.2,1181805909615505.2,84604.75872008225,-24678480672.523266,1.0,660.2897001697568,4.905958903257348e-08,4.905958903257348e-08,0.05064963222227026,25665.460741809977,660.2897001697568
2133.0,2916.594190060062,10720666404.848385,499.90098661313056,9.414909436138587e-05,2.821867142165938,0.2327569216370851,2391919607322414.0,0.43700683683525915,0.43700683683525915,4099706948718.757,1.932077271676872,117336.58529408641,115818.01020893076,112080.18676303589,1518.575085155651,3737.8234458948637,1.1936155491095755,0.012942042597793108,0.012942042597793108,0.012942042597793111,0.03227324868690102,3737.8234458948637,-88223805.5519652,-0.008229321034750815,-2.3757500889757344,1.106129778487838,0.0,0.0,40482772796674.28,-458.02743661069655,0.47575419908573424,1.0,40071958243659.69,16280136898667.965,921899559350695.9,-25469624165.197716,0.03334704576477445,-0.00623839601621755,-0.05510127025412262,0.03227324868690102,279674733528915.7,1241646251123271.2,1257926388021939.2,1201574292879611.5,85992.74751556209,-25469624165.197716,1.0,663.5400515210126,4.7848902078089154e-08,4.7848902078089154e-08,0.050653624347866355,26087.43924747381,663.5400515210126
2134.0,2949.2478032624044,10723869421.649956,499.34141091790775,9.358026548523073e-05,2.823835116697842,0.2327632270867601,2432402380119088.5,0.4363854144227425,0.4363854144227425,4074237324553.559,1.9179383434756927,119238.48114196319,117717.79509761611,113920.15025743024,1520.6860443470816,3797.6448401858643,1.1978390245165471,0.012753316125660647,0.012753316125660644,0.012753316125660644,0.03226058419660945,3797.6448401858643,-87485717.92170206,-0.008158036477493929,-2.446617523495226,1.1038259005270876,0.0,0.0,41118406944952.25,-457.614087520092,0.47594049398744054,1.0,40725447375955.92,16307638570903.498,937306170898563.4,-26237206846.6834,0.034487008412084776,-0.011234229133886461,-0.05320730067156239,0.03226058419660945,284358644956861.1,1262390263231380.5,1278697901802284.0,1221664815855424.5,87403.72845330217,-26237206846.6834,1.0,666.553658850877,4.6668676138183395e-08,4.6668676138183395e-08,0.05066085544881349,26516.421804128066,666.553658850877
2135.0,2982.217232603736,10726974556.78022,498.7824615988549,9.301945662079475e-05,2.8256233046783565,0.23276953880543455,2473520787064041.0,0.4357705320017897,0.4357705320017897,4048000117706.8755,1.9034109847596203,121168.78960740911,119646.806774264,115790.85173414607,1521.982833145108,3855.955040117935,1.2017664665688972,0.01256084869772474,0.012560848697724739,0.012560848697724742,0.032227814047665414,3855.955040117935,-86754288.87729447,-0.008087489013615634,-2.5148431979344577,1.1015268211476263,0.0,0.0,41767595048000.5,-457.27533393017694,0.4759763737033108,1.0,41362731607433.54,16326271127003.85,952965846705691.2,-26976658998.53473,0.03560109576135958,-0.01624613795218595,-0.051292829325210725,0.032227814047665414,289119673754404.6,1283448252067529.2,1299774523194533.0,1242085520460095.8,88838.26857810044,-26976658998.53473,1.0,669.303821487927,4.551802560781685e-08,4.551802560781685e-08,0.050671243798196874,26952.58315604563,669.303821487927
2136.0,3015.5049774764498,10729984774.11755,498.2241379543767,9.246652755914748e-05,2.827216564404967,0.23277587018158571,2515288382112041.5,0.4351621207440342,0.4351621207440342,4021023458708.341,1.8885069805494292,123127.9513038411,121605.48501873799,117693.05111263829,1522.4662851030928,3912.433906099703,1.2053686031844497,0.012364912020229464,0.01236491202022946,0.012364912020229463,0.0321731697011598,3912.433906099703,-86029457.74871004,-0.008017668203614504,-2.579989697792032,1.099232530354835,0.0,0.0,42430923272224.78,-457.0176328711666,0.4758482540814929,1.0,41980356242191.06,16336040058263.494,968884884974618.5,-27683250174.688644,0.03668316002719001,-0.021267962303652528,-0.04935953278256621,0.0321731697011598,293959761483429.0,1304825002700238.5,1321161042758502.0,1262844646458047.5,90296.94872556807,-27683250174.688644,1.0,671.7637497676716,4.439609815214391e-08,4.439609815214391e-08,0.05068468088784095,27396.102387070223,671.7637497676716
2137.0,3049.11355157708,10732902949.452847,497.66643928375305,9.192134104690091e-05,2.8285997541751597,0.23278223460369085,2557719305384266.5,0.4345601125454748,0.4345601125454748,3993340208533.6523,1.8732407041280639,125116.41787848441,123594.27536570374,119627.52471167348,1522.1425127806656,3966.750654030251,1.208616098753544,0.012165809560332844,0.012165809560332844,0.01216580956033285,0.03209493839656418,3966.750654030251,-85311164.3920102,-0.007948563850226492,-2.641605381318966,1.0969430181749111,0.0,0.0,43108962233116.22,-456.8471970767423,0.47554290560145507,1.0,42574749794385.29,16337007864911.172,985069720042120.6,-28352094188.44884,0.03772682129595359,-0.02629275405264852,-0.04740931681518065,0.03209493839656418,298880892771542.9,1326525362608049.0,1342862370472960.2,1283950612813663.5,91780.36218918188,-28352094188.44884,1.0,673.9066689866014,4.330207406178178e-08,4.330207406178178e-08,0.05070103043625096,27847.162522491602,673.9066689866014
2138.0,3083.045482940928,10735731873.006186,497.1093648871192,9.138376271382095e-05,2.82975773228642,0.2327886454602272,2600828267617382.5,0.4339644400188523,0.4339644400188523,3964988114345.2036,1.8576292009405466,127134.65178031019,125613.62858096484,121595.06324585418,1521.0231993453458,4018.565335110662,1.2114796326939719,0.011963875922464378,0.011963875922464376,0.011963875922464376,0.03199147561062992,4018.565335110662,-84599349.4402398,-0.007880166013921747,-2.6992249494444307,1.0946582746548272,0.0,0.0,43802263575286.19,-456.7699293791492,0.4750475492299485,1.0,43142239951905.32,16329297240793.67,1001526905751695.2,-28978155322.164085,0.03872547314738055,-0.031312767521081294,-0.0454443221541944,0.03199147561062992,303885090337024.5,1348554236040625.0,1364883533281418.8,1305411996088719.8,93289.11317820112,-28978155322.164085,1.0,675.7059330701818,4.2235165578514494e-08,4.2235165578514494e-08,0.050720127550945904,28305.95006765305,675.7059330701818
2139.0,3117.3033139763893,10738474251.87784,496.55291406545183,9.085366100244151e-05,2.830675357036233,0.23279511613967202,2644630531192668.5,0.43337503648610665,0.43337503648610665,3936009959023.0396,1.841692269776794,129183.1259778287,127664.00010128596,123596.46954088459,1519.1258765427544,4067.530560401365,1.2139299846001794,0.011759476054198262,0.011759476054198262,0.011759476054198265,0.03186121817563504,4067.530560401365,-83893954.53647578,-0.007812465027031677,-2.7523701336497526,1.0923782898622854,0.0,0.0,44511356185531.0,-456.79135456601955,0.47434995776310185,1.0,43679072191596.305,16313094110615.723,1018263096482995.0,-29556255811.835438,0.03967228967349987,-0.03631945144249931,-0.043466929863121895,0.03186121817563504,308974409304797.8,1370916577979389.2,1387229672090004.8,1327237505787792.8,94823.81505966093,-29556255811.835438,1.0,677.1351476332316,4.119461619041507e-08,4.119461619041507e-08,0.05074177808426694,28772.654481223664,677.1351476332316
2140.0,3151.889601499,10741132712.434973,495.99708612055537,9.033090709962034e-05,2.8313374867220835,0.23280166003050262,2689141887378199.5,0.4327918359709127,0.4327918359709127,3906453703211.204,1.8254525406525945,131262.3236214526,129745.84943441376,125632.5559620193,1516.4741870388539,4113.293472394456,1.215938125824948,0.011553004283332767,0.011553004283332767,0.011553004283332767,0.03170269793080138,4113.293472394456,-83194922.54954904,-0.007745451506546844,-2.8005505062039826,1.090103053885675,0.0,0.0,45236742061289.09,-456.91654984932586,0.4734385617436012,1.0,44181431072181.336,16288650497966.266,1035285025791353.8,-30081084655.01392,0.04056023407334344,-0.0413034426606236,-0.04147976626540222,0.03170269793080138,314150930799109.0,1393617387662644.2,1409906038160610.5,1349435956590462.8,96385.08838018618,-30081084655.01392,1.0,678.1683019915064,4.0179699894825676e-08,4.0179699894825676e-08,0.05076575822058227,29247.467581833112,678.1683019915064
2141.0,3186.8069167651656,10743709802.635323,495.4418803550526,8.981537486997669e-05,2.8317289796414573,0.2328082905211962,2734378629439488.5,0.4322147731912954,0.4322147731912954,3876372618556.19,1.8089355487298229,133372.7376455389,131859.6395162114,127704.14155385003,1513.0981293274901,4155.497962361389,1.217475317276302,0.011344883190062497,0.011344883190062499,0.011344883190062499,0.031514555762534854,4155.497962361389,-82502197.7726618,-0.007679116365598861,-2.843264416746722,1.0878325568340297,0.0,0.0,45978891863929.375,-457.1500752409182,0.47230255889702477,1.0,44645464193053.164,16256287204404.926,1052599482641349.2,-30547207785.68596,0.04138206895260849,-0.04625456179214741,-0.03948570736235282,0.031514555762534854,319416754807878.25,1416661701642280.5,1432917988846685.5,1372016237449227.5,97973.55866622135,-30547207785.68596,1.0,678.7799095561201,3.9189720427333296e-08,3.9189720427333296e-08,0.05079130051507086,29730.58288762868,678.7799095561201
2142.0,3222.0578455056075,10746207994.289194,494.8872960723763,8.930694079115376e-05,2.8318373533709083,0.23281502447331764,2780357521303418.0,0.43164378355232214,0.43164378355232214,3845825410770.504,1.7921698035647815,135514.8703057288,134005.83602203417,129812.00716438657,1509.034283694639,4193.8288576476125,1.2185178764249591,0.011135562320874285,0.011135562320874285,0.011135562320874284,0.03129586727072121,4193.8288576476125,-81815726.97946048,-0.007613450905001971,-2.880061520530516,1.0855667888369847,0.0,0.0,46738140636927.31,-457.49481517233403,0.4709343374031245,1.0,45067757196733.49,16216396283095.797,1070212936377388.0,-30949740135.969723,0.042130368427311216,-0.05116181107635782,-0.0374878826755501,0.03129586727072121,324773892767269.1,1440054586341390.5,1456270982624486.2,1394986829144657.0,99589.82153947942,-30949740135.969723,1.0,678.9493132497287,3.8224023323904634e-08,3.8224023323904634e-08,0.05078607313604433,30222.185624907142,678.9493132497287
2143.0,3257.6449879584957,10748629685.261074,494.3333325767621,8.880548389085045e-05,2.831817485538225,0.23282207985460796,2827095661940345.5,0.43107880313887204,0.43107880313887204,3814875670634.534,1.7751868529349237,137689.23119319582,136184.90519095716,131954.28256348975,1504.3260022386553,4230.622627467407,1.219336273652491,0.010925516753942007,0.010925516753942006,0.010925516753942006,0.031065283054206846,4230.622627467407,-81135512.32745388,-0.007548451728568708,-2.914386305502076,1.0833057400447326,0.0,0.0,47508443179654.06,-457.88508465011137,0.4694717443605456,1.0,45473395960733.375,16169443123972.527,1088109709285564.9,-31325659157.637962,0.042797947553241705,-0.05601350871343218,-0.03548964403525688,0.031065283054206846,330218009373688.6,1463801114619987.0,1479970557743959.8,1418327718659253.5,101232.41205133544,-31325659157.637962,1.0,678.9182538110904,3.7282763639537726e-08,3.7282763639537726e-08,0.05076077131131984,30721.87051215431,678.9182538110904
2144.0,3293.5709589022836,10750977201.612137,493.7799891732432,8.831088568556846e-05,2.831767164072844,0.23282954690905794,2874604105119999.5,0.4305197687084816,0.4305197687084816,3783550011476.896,1.758021158478089,139896.2440857573,138397.2217921103,134129.8305409539,1499.0222936470152,4267.391251156407,1.220101746824955,0.010715243310807577,0.010715243310807577,0.010715243310807579,0.030834370776362512,4267.391251156407,-80461560.20001152,-0.007484115973006258,-2.948465746813713,1.0810494006279825,0.0,0.0,48286024368248.5,-458.2802601251987,0.46800059552471407,1.0,45878626051541.62,16115954503707.395,1106280315321646.2,-31698888023.728535,0.04340408633642512,-0.06080580608988913,-0.03349238225555126,0.030834370776362512,335746434880248.44,1487905376253436.2,1504021330757143.5,1442026750201894.8,102900.44286911488,-31698888023.728535,1.0,678.8395924796332,3.6365793254740487e-08,3.6365793254740487e-08,0.05073388365264209,31229.38767183902,678.8395924796332
2145.0,3329.838387688201,10753252799.684988,493.2272651676459,8.782303012102354e-05,2.831687117992992,0.23283737920957176,2922890129488248.0,0.42996661768426553,0.42996661768426553,3751851123453.1675,1.7406984851855387,142136.28042667254,140643.1219964434,136338.9861156323,1493.1584302291453,4304.1358808111045,1.2208154764101373,0.010505118227006503,0.010505118227006503,0.010505118227006503,0.03060324472120256,4304.1358808111045,-79793854.03255133,-0.0074204387750364115,-2.982302454547147,1.0787977607779156,0.0,0.0,49070977837316.625,-458.67987326443983,0.4665217947967235,1.0,46283461210556.62,16056310070234.799,1124727593367994.1,-32069452218.86652,0.04397450915394157,-0.06553981864989793,-0.031496227441464464,0.03060324472120256,341359990786141.4,1512371045364692.2,1528427355434927.0,1466087584154135.5,104594.17390437829,-32069452218.86652,1.0,678.7144851085768,3.54725078013587e-08,3.54725078013587e-08,0.05070570090370663,31744.812211254015,678.7144851085768
2146.0,3366.4499182725,10755458668.131905,492.67515986658515,8.734180351416988e-05,2.8315780763168976,0.23284553032905364,2971961107325564.5,0.4294192881479119,0.4294192881479119,3719781671234.301,1.7232331516162045,144409.71596526093,142922.96462916955,138582.10661956327,1486.7513360913788,4340.858009606259,1.221478652563534,0.010295369159572547,0.010295369159572548,0.010295369159572548,0.03037201208965351,4340.858009606259,-79132368.9863916,-0.007357414632707241,-3.0158993467361097,1.0765508107061432,0.0,0.0,49863439976024.56,-459.08348352320485,0.4650361970308253,1.0,46687918906549.445,15990692545120.71,1143454569180780.5,-32437380771.06624,0.044523477440330805,-0.07021663580977125,-0.02950130703147415,0.03037201208965351,347059550708581.0,1537202038795911.2,1553192731341032.0,1490514119889361.5,106313.88250961361,-32437380771.06624,1.0,678.5440964022833,3.4602306953328494e-08,3.4602306953328494e-08,0.0506764080613773,32268.224109949664,678.5440964022833
2147.0,3403.408209248297,10757596929.88784,492.1236725774619,8.686709449679005e-05,2.83144076806279,0.2328539538404078,3021824547301589.0,0.42887771883275144,0.42887771883275144,3687344290463.2344,1.7056331442427335,146716.93140870653,145237.1235469608,140859.56405434015,1479.8078617457363,4377.5594926206195,1.222092474610781,0.010086142393637339,0.010086142393637339,0.010086142393637337,0.030140775207553493,4377.5594926206195,-78477074.84426302,-0.007295037670191016,-3.049259673550059,1.0743085406446642,0.0,0.0,50663566422513.19,-459.4906703347461,0.46354462412939923,1.0,47092020558216.945,15919176510339.822,1162464392663637.2,-32802706502.61291,0.045058907017919245,-0.07483732240532508,-0.027507745640333148,0.030140775207553493,352846021152672.1,1562402434374526.5,1578321610884866.2,1515310413816309.2,108059.85762805087,-32802706502.61291,1.0,678.3295991378803,3.375459871914175e-08,3.375459871914175e-08,0.05064613019025721,32799.70642628929,678.3295991378803
2148.0,3440.7159338771953,10759669644.089487,491.5728026084596,8.639879396060287e-05,2.8312759222488966,0.23286260331653838,3072488113724102.0,0.42834184911689904,0.42834184911689904,3654541583960.6216,1.6879029483333519,149058.31272831443,147585.98332218,143171.74076569453,1472.3294061344336,4414.242556485462,1.222658150540413,0.009877539730494727,0.009877539730494727,0.009877539730494727,0.02990963272473631,4414.242556485462,-77827937.67676681,-0.007233301788175192,-3.082387033890531,1.0720709408458229,0.0,0.0,51471519188563.25,-459.9010288601867,0.46204787371762734,1.0,47495791636664.6,15841778017284.967,1181760302447119.2,-33165466199.88698,0.04558520208190514,-0.07940292014968207,-0.025515664890444593,0.02990963272473631,358720330560973.44,1587976424644757.5,1603818202662042.2,1540480633008092.8,109832.39648963434,-33165466199.88698,1.0,678.0721734039673,3.2928801732389324e-08,3.2928801732389324e-08,0.050614957733264854,33339.34427606019,678.0721734039673
2149.0,3478.375780120476,10761678807.941622,491.0225492685428,8.593679500384444e-05,2.8310842678934445,0.23287143233034965,3123959632912665.0,0.4278116190164683,0.4278116190164683,3621376117760.7344,1.6700451142654185,151434.25127669997,149969.93677697142,145519.02697398447,1464.3144997285706,4450.90980298694,1.223176896507225,0.009669638720324782,0.009669638720324782,0.009669638720324782,0.029678680265139635,4450.90980298694,-77184920.83187573,-0.007172200751328578,-3.1152853878403275,1.0698380015822657,0.0,0.0,52287459701907.625,-460.31416766968493,0.4605467237768268,1.0,47899261702864.17,15758482319890.596,1201345605745039.5,-33525700739.011448,0.04610482468490708,-0.08391444908477153,-0.023525183236124403,0.029678680265139635,364683422993174.1,1613928290441078.2,1629686772760968.5,1566029028738213.8,111631.80273123391,-33525700739.011448,1.0,677.7730058569053,3.212434645279891e-08,3.212434645279891e-08,0.05058296054539113,33887.22424275055,677.7730058569053
2150.0,3516.3904506700856,10763626358.532,490.4729118674539,8.548099287927806e-05,2.830866534014663,0.23288039445474581,3176247092614572.5,0.4272869691788571,0.4272869691788571,3587850417021.723,1.6520611235276819,153845.14380300342,152389.383553001,147901.81934353858,1455.7602500023875,4487.564209462423,1.2236499363464999,0.009462503749006654,0.009462503749006652,0.009462503749006652,0.02944801077892443,4487.564209462423,-76547985.54894634,-0.007111728240944472,-3.1479590668879984,1.0676097131468998,0.0,0.0,53111545134650.75,-460.729707467111,0.459041935082786,1.0,48302464410574.55,15669259398628.832,1221223666764841.8,-33883455187.93546,0.046619163950456094,-0.0883729090177343,-0.021536415783125873,0.02944801077892443,370736254396108.0,1640262385571524.5,1655931644970153.5,1591959921160949.8,113458.38531424076,-33883455187.93546,1.0,677.4332889951421,3.1340675768902835e-08,3.1340675768902835e-08,0.05055019572350772,34443.434029297816,677.4332889951421
2151.0,3554.762662979177,10765514174.59598,489.9238897157121,8.503128494359069e-05,2.8306234496307794,0.23288944326263103,3229358637749223.0,0.4267678408761034,0.4267678408761034,3553966961833.7876,1.633951866892276,156291.39241446272,154844.72926200824,150320.52013444877,1446.6631524544723,4524.209127559458,1.224078501099324,0.009256192104413051,0.009256192104413053,0.009256192104413054,0.02921771473347456,4524.209127559458,-75917091.3620226,-0.007051877888115055,-3.180412783002391,1.0653860658528505,0.0,0.0,53943926549419.06,-461.1472803751521,0.4575342524573238,1.0,48705437491577.85,15574072673614.326,1241397899915707.0,-34238778896.47849,0.04712901748211637,-0.09277928093787165,-0.019549474104702865,0.02921771473347456,376879790324341.4,1666983127731626.8,1682557200405241.0,1618277690240048.5,115312.45788938788,-34238778896.47849,1.0,677.0542204519809,3.0577245267428675e-08,3.0577245267428675e-08,0.05051671202018482,35008.06224506089,677.0542204519809
2152.0,3593.4951492924206,10767344078.232141,489.3754821246115,8.458757060813519e-05,2.830355743760022,0.23289853232690955,3283302564298642.0,0.42625417599831195,0.42625417599831195,3519728182937.309,1.6157179078055743,158773.40451109057,157336.38496310113,152775.53668187815,1437.0195479894371,4560.848281222981,1.2244638285492502,0.009050757287811758,0.009050757287811758,0.009050757287811757,0.02898788021786951,4560.848281222981,-75292196.38267967,-0.006992643295842523,-3.2126516371607754,1.063167050033419,0.0,0.0,54784748044653.375,-461.5665295182461,0.4560244053833099,1.0,49108222732541.51,15472883920347.895,1261871765715840.5,-34591725580.80587,0.04763485801035905,-0.09713452841223799,-0.01756446605487443,0.02898788021786951,383115004474517.6,1694094992922899.5,1709567876843247.5,1644986770190358.0,117194.3384132128,-34591725580.80587,1.0,676.637002307207,2.983352331318188e-08,2.983352331318188e-08,0.05048255237294019,35581.19826866535,676.637002307207
2153.0,3632.5906566759168,10769117836.570024,488.8276884062196,8.41497512909781e-05,2.8300641454206197,0.2329076152204855,3338087312343295.5,0.42574591704714904,0.42574591704714904,3485136457356.5034,1.5973596268304968,161291.5927081435,159864.76682480238,155267.28106041672,1426.8258833411096,4597.4857643856685,1.2248071627705028,0.008846250814343098,0.008846250814343098,0.008846250814343098,0.02875859300144669,4597.4857643856685,-74673257.51202552,-0.006934018054705308,-3.244681127669469,1.0609526560420408,0.0,0.0,55634146443142.94,-461.9871087608493,0.4545131082831825,1.0,49510865948622.48,15365656069968.523,1282648768225992.2,-34942353405.96742,0.048136981106906805,-0.10143959895934472,-0.015581495579209787,0.02875859300144669,389442877677472.44,1721602511852087.2,1736968167922055.8,1672091645903464.8,119104.3489068662,-34942353405.96742,1.0,676.1828404179049,2.910899101802617e-08,2.910899101802617e-08,0.050447755390540694,36162.932153550515,676.1828404179049
2154.0,3672.0519470467943,10770837163.391218,488.2805078733757,8.371773037021508e-05,2.829749383630799,0.23291664551626315,3393721458786438.5,0.42524300712940677,0.42524300712940677,3450194103950.536,1.578877300210815,163846.3747543775,162430.29589243387,157796.16985381237,1416.0788619436328,4634.1260386215,1.2251097536879383,0.008642723185462478,0.00864272318546248,0.00864272318546248,0.028529936568547253,4634.1260386215,-74060230.6093104,-0.006875995754631983,-3.2765071584696024,1.058742874252244,0.0,0.0,56492251270342.56,-462.40868252392744,0.4530010606244289,1.0,49913416956623.375,15252354832515.223,1303732453353249.0,-35290725068.56175,0.048635587036517436,-0.10569542540119402,-0.013600662523260122,0.028529936568547253,395864397148986.44,1749510267458858.8,1764762622291373.8,1699596850502235.2,121042.8152961479,-35290725068.56175,1.0,675.6929437687993,2.840314214249146e-08,2.840314214249146e-08,0.05041235625884477,36753.35455766447,675.6929437687993
2155.0,3711.8817972024904,10772503720.704908,487.7339398396905,8.329141313851633e-05,2.829412187408789,0.23292557678714668,3450213710056781.0,0.4247453899506344,0.4247453899506344,3414903378881.9746,1.5602711419466373,166438.17345035405,165033.39791634728,160362.62398544358,1404.7755340067777,4670.773930903697,1.2253728566489563,0.008440224408169205,0.008440224408169205,0.008440224408169203,0.02830199214144058,4670.773930903697,-73453070.63249105,-0.006818569994207864,-3.3081360475384365,1.056537695057606,0.0,0.0,57359184881898.375,-462.83092563813585,0.4514889469409251,1.0,50315929549231.56,15132949666843.236,1325126407657616.8,-35636907880.70583,0.049130826136094166,-0.10990292719427446,-0.011622062438654816,0.02830199214144058,402380555887576.5,1777822893094424.8,1792955842761268.0,1727506963545193.2,123010.06729853382,-35636907880.70583,1.0,675.168523842418,2.7715482954601614e-08,2.7715482954601614e-08,0.050376387320624216,37352.55668690977,675.168523842418
2156.0,3752.082998849638,10774119120.27905,487.1879836195435,8.287070675886622e-05,2.829053285772818,0.23293436260604028,3507572894938679.5,0.42425300980883657,0.42425300980883657,3379266471001.2686,1.541541325655638,169067.41656898946,167674.50321599632,162967.06858445378,1392.9133529931455,4707.434631542548,1.2255977320075346,0.00823880426672726,0.00823880426672726,0.00823880426672726,0.028074838697917517,4707.434631542548,-72851731.75947508,-0.006761734388322617,-3.339574535450488,1.0543371088717133,0.0,0.0,58235062662732.625,-463.25352321150734,0.44997743681833935,1.0,50718461471166.336,15007414389375.451,1346834257454990.2,-35980973855.99413,0.04962282399712143,-0.11406301174037174,-0.009645786386818192,0.028074838697917517,408992352156600.7,1806545071082757.0,1821552485472132.5,1755826609611591.0,125006.43833795919,-35980973855.99413,1.0,674.6107940093291,2.7045532060231334e-08,2.7045532060231334e-08,0.05033987846960808,37960.63024649459,674.6107940093291
2157.0,3792.658358632683,10775684925.128279,486.6426385280834,8.245552022146237e-05,2.828673407741113,0.2329429565458482,3565807957601412.0,0.4237658115882388,0.4237658115882388,3343285497145.2744,1.5226879952317918,171734.53677940622,170354.04656573327,165609.93287338997,1380.4902136729504,4744.113692343284,1.2257856447205473,0.008038512459763385,0.008038512459763386,0.008038512459763386,0.027848552987044587,4744.113692343284,-72256167.49513385,-0.0067054825746284226,-3.3708297941371823,1.052141106128119,0.0,0.0,59119993255105.81,-463.6761704999853,0.44846718486959425,1.0,51121074397678.19,14875727584762.729,1368859668100047.5,-36322999797.85729,0.0501116954650266,-0.11817657567816311,-0.007671920740227564,0.027848552987044587,415700789015247.06,1835681531512972.8,1850557259097735.5,1784560457115294.5,127032.26547650306,-36322999797.85729,1.0,674.020968938684,2.639282021366318e-08,2.639282021366318e-08,0.05030285743610419,38577.66739688692,674.020968938684
2158.0,3833.61069816206,10777202650.959616,486.0979038812257,8.204576430174023e-05,2.828273282331903,0.23295131217947462,3624927950856518.0,0.4232837407531174,0.4232837407531174,3306962497347.417,1.5037112692912604,174439.97157450524,173072.46709427526,168291.6500692706,1367.5044802299785,4780.817025004655,1.2259378639565464,0.007839398664691381,0.007839398664691381,0.00783939866469138,0.027623209544938594,4780.817025004655,-71666330.767168,-0.006649808219091689,-3.4019094358694617,1.0499496772803019,0.0,0.0,60014078792533.94,-464.09857277483485,0.4469588307142841,1.0,51523833915633.03,14737872909533.676,1391206343382725.5,-36663067390.5769,0.05059755244719316,-0.12224450615662008,-0.005700546981112897,0.027623209544938594,422506873878185.8,1865237051176544.2,1879974924086077.8,1813713217260911.2,129087.88935678505,-36663067390.5769,1.0,673.4002640292863,2.57568901138844e-08,2.57568901138844e-08,0.0502653500073269,39203.76071248556,673.4002640292863
2159.0,3874.9428540421286,10778673767.577122,485.55377899565286,8.164135151949057e-05,2.8278536385634157,0.2329593830798237,3684942029649052.0,0.4228067433416953,0.4228067433416953,3270299429956.8403,1.4846112421676694,177184.16320235239,175830.2081931946,171012.65729342593,1353.9550091578042,4817.550899768658,1.2260556627171213,0.007641512563464976,0.007641512563464975,0.007641512563464975,0.027398880711529062,4817.550899768658,-71082174.01278745,-0.006594705020816825,-3.4328215224791716,1.047762812801624,0.0,0.0,60917415127306.875,-464.5204451840722,0.4454529989693057,1.0,51926809507304.0,14593839339688.865,1413878025000094.5,-37001263293.12041,0.051080508294057386,-0.12626768209126746,-0.0037317414974860174,0.027398880711529062,429411618092212.1,1895216452599610.5,1909810291939299.2,1843289643092306.5,131173.65415150812,-37001263293.12041,1.0,672.7498948613451,2.513729619037548e-08,2.513729619037548e-08,0.05022738020630513,39839.00314191782,672.7498948613451
2160.0,3916.657677898642,10780099700.246483,485.0102631888123,8.12421960990384e-05,2.827415205453879,0.2329671228197997,3745859444776359.0,0.4223347659601014,0.4223347659601014,3233298166663.7197,1.4653879829854473,179967.55860127218,178627.7174316668,173773.39548734037,1339.8411696053774,4854.32194432641,1.226140317470988,0.007444903848331173,0.007444903848331173,0.0074449038483311745,0.027175636648793924,4854.32194432641,-70503649.25753935,-0.006540166716262124,-3.4635745748307563,1.04558050318529,0.0,0.0,61830092045285.625,-464.9415126067026,0.44395029925438034,1.0,52330074536933.055,14443621390840.826,1436878492080970.0,-37337679235.914375,0.051560680284253244,-0.13024697540435082,-0.00176557537637991,0.027175636648793924,436416036522921.56,1925624603140824.8,1940068224531665.5,1873294528603891.5,133289.90751802752,-37337679235.914375,1.0,672.0710766690681,2.4533604381098426e-08,2.4533604381098426e-08,0.050188970443169945,40483.48796931285,672.0710766690681
2161.0,3958.7580364059577,10781481831.020607,484.467355778916,8.084821393045241e-05,2.8269587120215216,0.2329744849723068,3807689536821644.5,0.42186775577639374,0.42186775577639374,3195960487427.805,1.4460415336567842,182790.60933846666,181465.4464757924,176574.30933280938,1325.1628626742374,4891.137142983049,1.226193107800926,0.007249622217848631,0.007249622217848631,0.007249622217848631,0.02695354536068953,4891.137142983049,-69930708.18724664,-0.006486187082933366,-3.4941775825522043,1.043402738944306,0.0,0.0,62752193465003.375,-465.3615094994602,0.4424513262141613,1.0,52733706240101.78,14287219327065.547,1460211560749529.0,-37672412120.646095,0.05203819106168299,-0.1341832522499589,0.00019788580582625172,0.02695354536068953,443521147147167.94,1956466414136798.2,1970753633463864.0,1903732707896696.8,135437.00055665732,-37672412120.646095,1.0,671.3650238342266,2.394539190474168e-08,2.394539190474168e-08,0.05015014164653131,41137.30877615205,671.3650238342266
2162.0,4001.246811313832,10782821500.02724,483.9250560849397,8.045932253175565e-05,2.8264848872845714,0.23298142311024922,3870441730286648.0,0.4214056605146461,0.4214056605146461,3158288075307.159,1.4265719062694404,185653.77155191588,184343.85101138894,179415.847175306,1309.9205405269627,4928.003836082949,1.2262153160636655,0.007055717368826299,0.007055717368826299,0.007055717368826299,0.026732672714852274,4928.003836082949,-69363302.2138033,-0.006432759942620591,-3.524640014032279,1.0412295106114366,0.0,0.0,63683797619846.75,-465.78017973621377,0.44095665955754615,1.0,53137785715931.945,14124639367721.438,1483881083718979.8,-38005564123.163574,0.052513169494099954,-0.13807737422513652,0.002158582196124156,0.026732672714852274,450727970648511.6,1987746840083423.0,2001871479451144.2,1934609054367491.2,137615.28777187224,-38005564123.163574,1.0,670.6329494007748,2.337224702886152e-08,2.337224702886152e-08,0.05011091337972862,41800.55940343378,670.6329494007748
2163.0,4044.1268994738693,10784120006.719593,483.38336342662143,8.007544101210846e-05,2.8259944602612554,0.23298789080653112,3934125527906495.0,0.4209484284490959,0.4209484284490959,3120282511183.9956,1.4069790801231157,188557.50589530828,187263.3906694974,182298.46094980047,1294.1152258108932,4964.929719696925,1.2262082270628398,0.006863238987311476,0.0068632389873114754,0.0068632389873114754,0.026513082466073506,4964.929719696925,-68801382.53543247,-0.00637987916423058,-3.5549718266908568,1.0390608087391666,0.0,0.0,64624977223084.69,-466.19727644043587,0.43946686411423364,1.0,53542397922140.305,13955893897667.697,1507890949909199.5,-38337242799.54137,0.05298575121329052,-0.14193019956800904,0.004116459880765591,0.026513082466073506,458037530013734.2,2019470877845074.0,2033426771742741.5,1965928479922933.8,139825.12703582968,-38337242799.54137,1.0,669.8760646106132,2.2813768835264702e-08,2.2813768835264702e-08,0.05007130394482684,42473.33391397079,669.8760646106132
2164.0,4087.401212865608,10785378611.090954,482.84227712446096,7.969649003593581e-05,2.8254881599698027,0.23299384163405673,3998750505129579.5,0.4204960083983543,0.4204960083983543,3081945268384.454,1.3872629985560665,191502.27748573985,190224.52895403432,185222.60610846136,1277.7485317055202,5001.922845572943,1.226173127735089,0.00667223674037332,0.00667223674037332,0.0066722367403733215,0.026294836281506064,5001.922845572943,-68244900.19192153,-0.006327538666259068,-3.5851834775282594,1.036896623899657,0.0,0.0,65575799616000.375,-466.61256181126254,0.43798248990824273,1.0,53947631672969.62,13781001684209.59,1532245084083765.5,-38667561195.36997,0.05345607898092648,-0.14574258434392406,0.006071471104456172,0.026294836281506064,465450850128958.4,2051643565885693.8,2065424567569903.2,1997695934212723.8,142066.87955377926,-38667561195.36997,1.0,669.0955784605435,2.2269566983761317e-08,2.2269566983761317e-08,0.05003133047626096,43155.726554682115,669.0955784605435
2165.0,4131.072678622255,10786598534.854261,482.301796499719,7.932239178797242e-05,2.8249667154284412,0.23299922916573024,4064326304745580.0,0.42004834971967725,0.42004834971967725,3043277707189.084,1.367423565639395,194488.55585392687,193227.7331711313,188188.7415497788,1260.822682795579,5038.99162135251,1.2261113068493903,0.006482760269671272,0.006482760269671272,0.006482760269671272,0.026077993767539307,5038.99162135251,-67693806.11528267,-0.006275732418940656,-3.615285933959433,1.0347369466847065,0.0,0.0,66536326899633.44,-467.02580694371164,0.43650407224793386,1.0,54353579640023.88,13599988102953.812,1556947446502719.8,-38996637958.32604,0.053924302959906356,-0.14951538362060027,0.008023574492987509,0.026077993767539307,472968957374191.44,2084269983516935.0,2097869971619888.8,2029916403876911.2,144340.9098310115,-38996637958.32604,1.0,668.2926972804381,2.1739261475247655e-08,2.1739261475247655e-08,0.04999100902546161,43847.83171876729,668.2926972804381
2166.0,4175.144239056016,10787780962.587553,481.7619208744158,7.895306993919917e-05,2.8244308556553994,0.2330040069744559,4130862631645213.5,0.41960540230329624,0.41960540230329624,3004281069230.758,1.347460642780835,197516.8148966796,196273.47435976425,191197.32954870886,1243.340536915359,5076.144811055406,1.226024054719699,0.006294859187384865,0.006294859187384864,0.006294859187384864,0.025862612498268423,5076.144811055406,-67148051.17623742,-0.006224454446109862,-3.6452906849388036,1.0325817677057083,0.0,0.0,67506616050734.69,-467.4367916436488,0.43503213183197575,1.0,54760338356041.09,13412885374148.896,1582002032587884.0,-39324597454.08057,0.054390580935422865,-0.15324945263325654,0.009972735279443343,0.025862612498268423,480592879215256.06,2117355250159181.0,2130768135533329.8,2062594911803140.0,146647.58564104416,-39324597454.08057,1.0,667.4686243326411,2.1222482414940875e-08,2.1222482414940875e-08,0.049950354637482874,44549.7439076647,667.4686243326411
2167.0,4219.61885168309,10788927042.846209,481.22264957133126,7.858844961364586e-05,2.823881309668905,0.23300812863313788,4198369247695948.0,0.4191671165668097,0.4191671165668097,2964956471776.6772,1.3273740452601568,200587.53283139903,199362.2272233178,194248.83568748157,1225.3056080812262,5113.391535836237,1.2259126629309567,0.006108583074857096,0.006108583074857094,0.006108583074857096,0.02564874804547812,5113.391535836237,-66607586.226882614,-0.006173698826802983,-3.6752097523816887,1.0304310775936114,0.0,0.0,68486719022584.44,-467.84530423807155,0.4335671748706753,1.0,55168008221644.49,13219732810778.658,1607412872597880.2,-39651569885.60292,0.05485507851028994,-0.15694564794067947,0.011918925534116815,0.02564874804547812,488323643792179.25,2150904524611704.0,2164124257422482.8,2095736516390059.5,148987.2779947756,-39651569885.60292,1.0,666.624559432587,2.0718869776470927e-08,2.0718869776470927e-08,0.049909381420383925,45261.55769270597,666.624559432587
2168.0,4264.499489248251,10790037889.242903,480.68398191400263,7.82284573560356e-05,2.823318806487185,0.23301154771468036,4266855966718532.5,0.4187334434496325,0.4187334434496325,2925304901891.074,1.3071635387073792,203701.19215236168,202494.4700617452,197343.72878672837,1206.7220906164794,5150.741275016821,1.225778424078532,0.0059239814841824355,0.0059239814841824355,0.005923981484182437,0.025436454010058854,5150.741275016821,-66072362.139861956,-0.006123459696627443,-3.705055702888247,1.0282848669988789,0.0,0.0,69476682831292.625,-468.2511413812667,0.43210969322206083,1.0,55576693515118.805,13020577079538.22,1633184031310128.5,-39977691415.91968,0.05531796928815125,-0.16060482857317213,0.013862124398277567,0.025436454010058854,496162279503145.9,2184923004328393.5,2197943581407931.5,2129346310813274.5,151360.36111034668,-39977691415.91968,1.0,665.7616985906086,2.022807316743612e-08,2.022807316743612e-08,0.04986810260806096,45983.3676763817,665.7616985906086
2169.0,4309.78913974911,10791114581.49611,480.14591722672526,7.787302110024708e-05,2.822744075128469,0.23301421779198753,4336332649549825.0,0.4183043344075042,0.4183043344075042,2885327210475.1543,1.2868288355289392,206858.27958857315,205670.68470400435,200482.48083660522,1187.5948845687858,5188.203867399114,1.2256226315211345,0.005741103942906371,0.005741103942906371,0.005741103942906371,0.02522578205477283,5188.203867399114,-65542329.84433737,-0.006073731248922611,-3.7348416597760457,1.0261431265914465,0.0,0.0,70476549628187.69,-468.65410785738595,0.4306601645420651,1.0,55986502405265.09,12815472475780.416,1659319607707235.0,-40303104294.38842,0.05577943505215105,-0.16422785717331229,0.015802318321929083,0.02522578205477283,504109814583170.25,2219415924695670.5,2232231397171451.0,2163429422290405.2,153767.21238346654,-40303104294.38842,1.0,664.8812336748852,1.9749751596941634e-08,1.9749751596941634e-08,0.04982653061704667,46715.26845313869,664.8812336748852
2170.0,4355.490806459924,10792158166.448055,479.6084548345502,7.752207013857197e-05,2.8221578446109845,0.23301609243796367,4406809199178012.5,0.41787974140705547,0.41787974140705547,2845024106180.766,1.2663695912835908,210059.28606297096,208891.35644044937,203665.5669275853,1167.9296225216005,5225.789512864033,1.2254465791472444,0.005559999961970175,0.005559999961970175,0.005559999961970175,0.025016781938288567,5225.789512864033,-65017440.35902963,-0.006024507735733857,-3.7645813154275727,1.0240058470606836,0.0,0.0,71486356758835.88,-469.0540163794499,0.429219052449331,1.0,56397546967394.18,12604481213533.086,1685823734665175.8,-40627956986.54944,0.056239665943303055,-0.16781560113043503,0.01773950130569832,0.025016781938288567,512167276676637.1,2254388558309207.0,2266993039522740.0,2197991011341812.8,156208.21235795683,-40627956986.54944,1.0,663.984352095464,1.9283573245568664e-08,1.9283573245568664e-08,0.04978467709783119,47457.3545696285,663.984352095464
2171.0,4401.607507955091,10793169659.052917,479.07159406328435,7.717553509174484e-05,2.8215608439529594,0.23301712522551293,4478295555936848.5,0.417459616920431,0.417459616920431,2804396149194.217,1.245785401007958,213304.70665277593,212156.97395487054,206893.46518060827,1147.732697905376,5263.508774262286,1.2252515611550931,0.005380719047018925,0.005380719047018926,0.005380719047018926,0.02480950155040355,5263.508774262286,-64497644.822571285,-0.0059757834686192494,-3.7942889439592875,1.021873019115352,0.0,0.0,72506136809208.62,-469.4506873881575,0.4277868066973858,1.0,56809943202526.52,12387673731735.252,1712700578640769.0,-40952404307.621315,0.05669886064094258,-0.17136893370974135,0.019673675147001534,0.02480950155040355,520335692402893.56,2289846214246189.0,2302233887977924.0,2233036271043662.5,158683.74469627818,-40952404307.621315,1.0,663.0722365092781,1.882921523813327e-08,1.882921523813327e-08,0.04974429120193302,48209.72048433009,663.0722365092781
2172.0,4448.142278132188,10794150043.336111,478.5353342394897,7.683334787972423e-05,2.8209413670638184,0.23301732321099053,4550801692746057.0,0.4170439139199695,0.4170439139199695,2763443744886.5957,1.225075795490615,216595.0405507879,215468.02925586738,210166.90333520735,1127.011294920518,5301.125920660052,1.2250169492856304,0.005203310713184372,0.005203310713184372,0.005203310713184371,0.024602842189478547,5301.125920660052,-63982894.88814546,-0.005927552853283341,-3.823606894486228,1.0197446334835651,0.0,0.0,73536659372903.88,-469.8477626183715,0.4263550948904471,1.0,57221148586222.875,12165129017906.596,1739956260096034.8,-41272586525.81877,0.05715722654662444,-0.174888735176923,0.02160484969063213,0.024602842189478547,528616828647509.6,2325794237329767.5,2337959366347674.0,2268573088743544.5,161194.3740924943,-41272586525.81877,1.0,662.1271056579831,1.8386343228264517e-08,1.8386343228264517e-08,0.04972477619286719,48972.52924271301,662.1271056579831
2173.0,4495.098166234717,10795100273.32546,477.9996746904813,7.649544169320373e-05,2.820147339886024,0.2330173233950861,4624338352118961.0,0.41663258587293955,0.41663258587293955,2722171158360.777,1.2042402374929846,219930.8016103627,218825.02813696195,213489.4323687021,1105.77347340072,5335.595768259854,1.2244747580229287,0.005027824503453354,0.005027824503453354,0.005027824503453354,0.024382931941954646,5335.595768259854,-63473146.33889211,-0.00587981072262324,-3.847925037361557,1.0176206809127486,0.0,0.0,74587169298110.5,-470.2913427664124,0.4248176267824174,1.0,57598291336296.12,11936935524944.156,1767618825205467.0,-41538736622.557625,0.05761245074194703,-0.17837507764930272,0.023532833588052766,0.024382931941954646,537021004510006.6,2362238121051769.5,2374175056576714.0,2304639829715473.5,163742.6962650109,-41538736622.557625,1.0,660.9176346281153,1.7954413251063476e-08,1.7954413251063476e-08,0.049710347724120085,49746.73610369122,660.9176346281153
2174.0,4542.478236874349,10796021273.955015,477.46461474432806,7.6161750965833e-05,2.81914159834468,0.23301732356442417,4698925521417072.0,0.4162255867363309,0.4162255867363309,2680632421738.219,1.1832792258548708,223312.6391699581,222228.6083600916,216862.50006039455,1084.030809866521,5366.1082996970445,1.223559953901456,0.004854319101219748,0.004854319101219748,0.004854319101219748,0.024146793427253014,5366.1082996970445,-62968336.42634346,-0.00583255023572917,-3.8659830003256217,1.0155011521695994,0.0,0.0,75659760943788.12,-470.79102874762566,0.42315133072756117,1.0,57932619361875.87,11703219684941.645,1795699851089595.0,-41737234716.26385,0.05803194894592176,-0.18181792852216294,0.025454844598069366,0.024146793427253014,545552313085495.44,2399184783536966.5,2410888003221907.5,2341252164175090.5,166329.78071483164,-41737234716.26385,1.0,659.3888488161969,1.7533082721948983e-08,1.7533082721948983e-08,0.04969426521210307,50532.71934556292,659.3888488161969
2175.0,4590.285570052857,10796913941.942299,476.9301537298503,7.583221134712875e-05,2.817934441879289,0.23301732371984743,4774585282360860.0,0.4158228709517005,0.4158228709517005,2638895187021.9556,1.1622075474764633,226741.2357296506,225679.41369426216,220286.6111631191,1061.8220353884433,5392.802531143081,1.2222914892285615,0.004682968371286824,0.0046829683712868225,0.0046829683712868225,0.02389585493362256,5392.802531143081,-62468402.84207128,-0.005785764634040752,-3.8779434495482787,1.0133860380400455,0.0,0.0,76753505675800.19,-471.3417208679158,0.4213668951158578,1.0,58225624834640.45,11464401137747.033,1824203549378416.5,-41869821696.49162,0.05838911003496321,-0.18520477098712637,0.02736741951342934,0.02389585493362256,554212033911886.2,2436641208124943.0,2448105609262690.0,2378415583290302.5,168956.01457857442,-41869821696.49162,1.0,657.5585693248794,1.712209549272023e-08,1.712209549272023e-08,0.049676252993607006,51330.59658454468,657.5585693248794
2176.0,4638.523261183621,10797779146.6397,476.39629097662026,7.550675967605694e-05,2.8165361699293556,0.23301732386219848,4851338788036660.0,0.4154243934400726,0.4154243934400726,2597025365325.464,1.1410515494391704,230217.2638452262,229178.05637555907,223762.22684266794,1039.2074696671186,5415.829532891118,1.2206885585246228,0.004514029279601601,0.0045140292796016016,0.004514029279601603,0.02363153618868327,5415.829532891118,-61973289.78864737,-0.005739447801905972,-3.8839811029294817,1.0112753293292067,0.0,0.0,77867457874106.5,-471.9383582051332,0.41947498626990043,1.0,58478931192007.14,11221132745003.822,1853133770129649.5,-41938370159.15462,0.058670292569712304,-0.18852379175690923,0.029267221464262846,0.02363153618868327,563001336677772.5,2474614037999429.5,2485835170744433.0,2416135106807422.0,171621.75156234327,-41938370159.15462,1.0,655.4448718540219,1.6721205706712216e-08,1.6721205706712216e-08,0.04965614276445818,52140.475280324674,655.4448718540219
2177.0,4687.194421112735,10798617730.860764,475.8630258149602,7.518533395526735e-05,2.8149570819343834,0.2330173239923199,4929206245910766.0,0.415030109596893,0.415030109596893,2555086995166.309,1.1198433699305814,233741.38597436412,232725.12786832935,227289.7766659186,1016.2581060347732,5435.351202410766,1.2187705460319855,0.004347788483406325,0.004347788483406326,0.004347788483406325,0.02335523994420562,5435.351202410766,-61482945.903007045,-0.00569359407244303,-3.8842822276623017,1.0091690168613543,0.0,0.0,79000686759754.12,-472.57595561859,0.41748618250742586,1.0,58694279867808.266,10974182802958.08,1882494100997140.8,-41944878935.301476,0.05886912018442016,-0.19176388812280057,0.031151045479949298,0.02335523994420562,571921311350830.8,2513109692215779.5,2524083875018738.0,2454415412347971.5,174327.32113641422,-41944878935.301476,1.0,653.0660118437627,1.633017555829514e-08,1.633017555829514e-08,0.04963383525995857,52962.45552950438,653.0660118437627
2178.0,4736.302176139736,10799430511.68206,475.3303575759424,7.486787332596278e-05,2.8132074773338758,0.23301732411105433,5008206932670520.0,0.4146399752870361,0.4146399752870361,2513142116231.008,1.0986177148743612,237314.25477455987,236321.2053532244,230869.6662858196,993.049421335487,5451.539067404799,1.2165569758795893,0.004184533382871793,0.004184533382871791,0.0041845333828717905,0.023068344879404696,5451.539067404799,-60997322.9765191,-0.005648198107348023,-3.8790441629106422,1.0070670914798703,0.0,0.0,80152294227966.12,-473.24963480851994,0.41541091804328123,1.0,58873517340158.16,10724368220378.672,1912287930813917.2,-41891467889.09939,0.05898331909968679,-0.19491467370407095,0.03301582370870047,0.023068344879404696,580972987495018.1,2552134435649093.5,2562858803869472.0,2493260918308935.5,177073.03442948582,-41891467889.09939,1.0,650.44035374244,1.5948773889061488e-08,1.5948773889061488e-08,0.04960927825297756,53796.63185633378,650.44035374244
2179.0,4785.849668037856,10800218281.221334,474.7982855913874,7.455431804338556e-05,2.8112976555673383,0.23301732421924443,5088359226898486.0,0.41425394683986433,0.41425394683986433,2471250648341.908,1.0774100458619293,240936.5136522885,239966.85583125113,234502.2827074373,969.6578210373937,5464.5731238138305,1.214067465016484,0.004024536614806218,0.004024536614806218,0.004024536614806219,0.022772199539325605,5464.5731238138305,-60516375.12469316,-0.005603254818461846,-3.868474865773597,1.004969544047209,0.0,0.0,81321424821294.88,-473.9546503943741,0.4132594346170162,1.0,59018582550884.91,10472516125297.305,1942518493173854.5,-41780372965.77325,0.059012963557804124,-0.19796648298054914,0.03485863031240808,0.022772199539325605,590157347511143.6,2591694423235883.0,2602166939361180.0,2532675840684998.0,179859.18826764548,-41780372965.77325,1.0,647.5863046190549,1.5576775265849922e-08,1.5576775265849922e-08,0.04958245350104229,54643.09443979183,647.5863046190549
2180.0,4835.840054073991,10800981807.392605,474.2668091938643,7.424460945290418e-05,2.8092379160742724,0.23301732431773278,5169680651719781.0,0.4138719810443399,0.4138719810443399,2429470275376.135,1.0562555510988252,244608.79745102391,243662.6388907396,238187.99817572735,946.1585602843198,5474.640715012225,1.211321679007188,0.0038680479612502967,0.0038680479612502967,0.0038680479612502967,0.022468117147278786,5474.640715012225,-60040058.21713745,-0.0055587593135323805,-3.852792480256019,1.002876365444857,0.0,0.0,82507271243872.88,-474.6864116100613,0.41104173965922663,1.0,59131494764857.88,10219441396539.717,1973188898619443.0,-41613941486.90429,0.05895950108151998,-0.20091037469314518,0.03667668605312009,0.022468117147278786,599475336415851.0,2631795729800152.0,2642015171196692.0,2572664235035294.0,182686.06815622235,-41613941486.90429,1.0,644.5222522925518,1.5213959346885433e-08,1.5213959346885433e-08,0.049553368621624516,55501.930019505,644.5222522925518
2181.0,4886.276507028152,10801721834.63886,473.7359277166889,7.393868996668383e-05,2.8070385582941837,0.23301732440736203,5252187922963654.0,0.413494035144188,0.413494035144188,2387856333889.2305,1.035188551357153,248331.73321446785,247409.10871677136,241927.17325805654,922.6244976964923,5481.935458714821,1.208339290762643,0.0037152903728968137,0.0037152903728968137,0.0037152903728968137,0.022157371194406684,5481.935458714821,-59568329.46387435,-0.005514706856535704,-3.8322249298260744,1.0007875465732916,0.0,0.0,83709077302544.94,-475.44050003063205,0.4087675702946818,1.0,59214341940480.88,9965933181940.912,2004302160175097.8,-41394627699.74969,0.0588252097317047,-0.20373813419419948,0.03846736258720645,0.022157371194406684,608927869598910.4,2672444371714489.0,2682410304896430.0,2613230029774008.0,185553.9506440279,-41394627699.74969,1.0,641.2665081053457,1.4860110428621884e-08,1.4860110428621884e-08,0.049522051702967085,56373.222614028644,641.2665081053457
2182.0,4937.162215212525,10802439084.642996,473.20564049392334,7.363650304092522e-05,2.804709881666575,0.23301732448897475,5335897000266199.0,0.4131200668331104,0.4131200668331104,2346461706189.481,1.0142421481371526,252105.94098834484,251206.81566332202,245720.15943548767,899.1253250227974,5486.656227834343,1.205139942262263,0.003566458297245622,0.003566458297245621,0.003566458297245621,0.021841191742137247,5486.656227834343,-59101147.1005012,-0.005471092837220512,-3.80700953461545,0.9987030783519446,0.0,0.0,84926139321144.44,-476.2126836590885,0.4064463627262338,1.0,59269269679557.61,9712746553018.604,2035861214822856.2,-41124988592.33848,0.05861289475310486,-0.20644227482859973,0.04022818648345657,0.021841191742137247,618515839347764.4,2713646323850178.0,2723359070403197.0,2654377054170620.5,188463.10531082604,-41124988592.33848,1.0,637.8372544263782,1.4515017112260127e-08,1.4515017112260127e-08,0.0494885474558866,57257.05412466164,637.8372544263782
2183.0,4988.500382490179,10803134257.017614,472.67594686037546,7.333799315365588e-05,2.8022621856309518,0.23301732456341362,5420823139587343.0,0.4127500342500503,0.4127500342500503,2305336717597.1426,0.9934480071916245,255932.03463905086,255056.30756457194,249567.30137361123,875.7270744789281,5489.006190960689,1.2017432093056972,0.0034217173153567658,0.0034217173153567658,0.0034217173153567666,0.021520762389187542,5489.006190960689,-58638470.13986811,-0.00542791274687502,-3.777392654582784,0.9966229517191603,0.0,0.0,86157806609558.69,-476.99892766527347,0.4040872266619231,1.0,59298470818549.195,9460597158101.123,2067868942332405.5,-40807679988.92998,0.058325717953364095,-0.20901603842672975,0.04195684298179639,0.021520762389187542,628240120568293.0,2755407533719248.0,2764868130877349.0,2696109062900698.5,191413.7965090212,-40807679988.92998,1.0,634.2524969300516,1.4178472053995837e-08,1.4178472053995837e-08,0.049452914256780334,58153.50486459003,634.2524969300516
2184.0,5040.294228293294,10803808029.974274,472.14684615159723,7.304310578305903e-05,2.799705769626815,0.23301732463152122,5506980946196902.0,0.4123838959745061,0.4123838959745061,2264529037608.2124,0.9728362181615576,259810.62267572246,258958.13088219118,253468.9389647687,852.4917935312876,5489.1919174224795,1.198168569317061,0.0032812045356409797,0.0032812045356409793,0.0032812045356409793,0.021197217861908722,5489.1919174224795,-58180258.17163959,-0.005385162158585498,-3.7436293601045345,0.994547157632157,0.0,0.0,87403481312650.38,-477.79540205504446,0.40169892449920186,1.0,59304175715518.87,9210157684440.496,2100328182204286.2,-40445452941.944824,0.0579671007621779,-0.21145339499100757,0.04365117950990089,0.021197217861908722,638101575932340.5,2797733933852146.0,2806944091536586.5,2738429758136627.0,194406.28493000794,-40445452941.944824,1.0,630.5300216614869,1.385027177675005e-08,1.385027177675005e-08,0.049415221729186776,59062.654034760744,630.5300216614869
2185.0,5092.546987640973,10804461060.972816,471.61833770388483,7.275178738632583e-05,2.797050933093671,0.23301732469414022,5594384427509552.0,0.41202161102189494,0.41202161102189494,2224083584666.2676,0.9524351974246533,263742.30906692386,262912.83174140245,257425.40919027163,829.4773255214269,5487.422551130835,1.194435372209961,0.003145029435952004,0.0031450294359520042,0.003145029435952005,0.02087164218948503,5487.422551130835,-57726471.19857303,-0.005342836710947934,-3.705983131540788,0.992475687066987,0.0,0.0,88662617822921.0,-478.5984865432446,0.3992898549981305,1.0,59288643278797.22,8962055464556.13,2133241749127407.2,-40041150437.35454,0.057540668278824564,-0.21374904165875364,0.04530920897563968,0.02087164218948503,648101060573876.2,2840631452980080.5,2849593508444636.5,2781342809701283.5,197440.8290324602,-40041150437.35454,1.0,626.687356866113,1.3530216528745354e-08,1.3530216528745354e-08,0.04937554867274074,59984.58015781143,626.687356866113
2186.0,5145.261911156678,10805093987.351286,471.0904208542771,7.246398537901668e-05,2.794307975471022,0.23301732475211318,5683047045332473.0,0.4116631388389652,0.4116631388389652,2184042434228.913,0.932271615848594,267727.69404576236,266920.9568843925,261437.04782774986,806.7371613698483,5483.909056642627,1.1905628143083447,0.0030132749779406597,0.00301327497794066,0.0030132749779406597,0.020545067426151146,5483.909056642627,-57277069.50244126,-0.00530093209457421,-3.664725589370228,0.9904085310184988,0.0,0.0,89934721863414.75,-479.4047729013761,0.39686804117748886,1.0,59254152775110.51,8716870851690.192,2166612447157828.2,-39597704430.99665,0.057050216215020724,-0.21589840102526378,0.04692911285399346,0.020545067426151146,658239426396662.0,2884106026329601.0,2892822897181291.5,2824851873554490.5,200517.6863518373,-39597704430.99665,1.0,622.7417395323954,1.3218110178639836e-08,1.3218110178639836e-08,0.049333981235913704,60919.361475912534,622.7417395323954
2187.0,5198.442265085197,10805707426.937063,470.56309494055506,7.217964811491794e-05,2.7914871961983727,0.23301732480628276,5772981767195888.0,0.411308439299257,0.411308439299257,2144444729797.9165,0.9123703412167079,271767.374898753,270983.0545563871,265504.19101623667,784.3203423658781,5478.8635401504425,1.1865699153063742,0.0028859988902570697,0.0028859988902570697,0.0028859988902570693,0.020218472882445056,5478.8635401504425,-56832013.53479703,-0.005259444040944793,-3.6201362565212043,0.9883456805002968,0.0,0.0,91219349305256.75,-480.2110650469428,0.394441122163824,1.0,59202996446978.33,8475136148600.789,2200443082722219.8,-39118133233.61532,0.05649969072468758,-0.2178976189121613,0.04850924408779762,0.020218472882445056,668517526024845.6,2928163605194044.0,2936638741342644.5,2868960608747065.5,203637.1147007769,-39118133233.61532,1.0,618.7100865708601,1.2913760139524644e-08,1.2913760139524644e-08,0.04929061127621637,61867.07631545976,618.7100865708601
2188.0,5252.091331309196,10806301978.63971,470.03635930124096,7.189872486638077e-05,2.7885988947152276,0.23301732485749158,5864201116501145.0,0.4109574726986103,0.4109574726986103,2105326596564.3013,0.892754389561912,275861.9467346854,275099.6753325525,269627.1766851272,762.2714021328624,5472.498647425338,1.1824754982398844,0.0027632350570845096,0.0027632350570845096,0.0027632350570845096,0.01989278482720833,5472.498647425338,-56391263.8290556,-0.005218368313278813,-3.572502354549088,0.986287126544702,0.0,0.0,92516104761521.38,-481.0143771348896,0.3920163487182988,1.0,59137472961775.57,8237334961128.816,2234736476495892.5,-38605539262.65883,0.05589317558945822,-0.21974356166733594,0.05004812982239722,0.01989278482720833,678936216411635.9,2972810165869304.0,2981047500830433.0,2913672692907528.5,206799.37326508062,-38605539262.65883,1.0,614.6089705301805,1.2616977315730597e-08,1.2616977315730597e-08,0.04924553487675998,62827.80342004656,614.6089705301805
2189.0,5306.212407365362,10806878223.02607,469.51021327559766,7.16211658051294e-05,2.785653370461089,0.23301732490658225,5956717221262666.0,0.41061019975072094,0.41061019975072094,2066721057301.6423,0.8734448821151906,280012.003230351,279271.3728901055,273806.34584998555,740.6303402455226,5465.027040119938,1.1782981724327153,0.002644994970577191,0.002644994970577191,0.002644994970577191,0.019568876621917315,5465.027040119938,-55954780.93111898,-0.005177700699161843,-3.52211863533255,0.9842328602027143,0.0,0.0,93824639987039.75,-481.81192990210525,0.38960058216247495,1.0,59059881708120.77,8003901895311.727,2269495474179247.0,-38063107179.08963,0.05523488370826848,-0.2214338130840239,0.05154447399503055,0.019568876621917315,689496362113306.4,3018051718000674.0,3026055619895986.0,2958991836292553.5,210004.72359757544,-38063107179.08963,1.0,610.45459973211,1.2327576067504427e-08,1.2327576067504427e-08,0.04919885100125443,63801.62225241011,610.45459973211
2190.0,5360.808806460087,10807436722.878141,468.9846562036275,7.134692198352626e-05,2.782660922875462,0.2330173249543974,6050541861249706.0,0.41026658158274265,0.41026658158274265,2028657950122.5527,0.8544610059388436,284218.13735042734,283498.7047281001,278042.0437768091,719.4326223272757,5456.660951290981,1.1740563193732851,0.0025312692181929607,0.0025312692181929607,0.0025312692181929607,0.019247569249123707,5456.660951290981,-55522525.34622197,-0.005137437004714259,-3.4692872499858716,0.9821828725439724,0.0,0.0,95144652107381.25,-482.60114550386436,0.3872002964228247,1.0,58972517949277.32,7775222542176.32,2304722956185226.5,-37494102427.71023,0.0545291512125957,-0.22296667102783996,0.052997159800495255,0.019247569249123707,700198838232351.8,3063894312366856.0,3071669534909032.0,3004921794417578.5,213253.4305110836,-37494102427.71023,1.0,606.2628026913358,1.2045374189432782e-08,1.2045374189432782e-08,0.049150660276427116,64788.613265725515,606.2628026913358
2191.0,5415.883857484738,10807978023.734228,468.45968742607164,7.107594531628167e-05,2.7796318513978493,0.2330173250017796,6145686513357087.0,0.409926579730936,0.409926579730936,1991163847694.8425,0.835819977065969,288480.94203917054,287782.2328364812,282334.62101595604,698.7092026893868,5447.611820525166,1.169768081469997,0.0024220289830948847,0.002422028983094885,0.002422028983094885,0.01892963219734457,5447.611820525166,-55094457.49998087,-0.005097573050111122,-3.4143176567101636,0.9801371546567152,0.0,0.0,96475881696932.62,-483.37964106694693,0.3848215829149687,1.0,58877668838070.805,7551633707647.757,2340421846247143.5,-36901870199.771194,0.0537804332895158,-0.22434114386184442,0.05440525205539329,0.01892963219734457,711044533032641.4,3110344048117855.5,3117895681825503.0,3051466379279785.0,216545.76287142673,-36901870199.771194,1.0,602.049016673682,1.1770192899133524e-08,1.1770192899133524e-08,0.04910106389405677,65788.85814452931,602.049016673682
2192.0,5471.440905030469,10808502654.413834,467.935306284409,7.080818856259649e-05,2.776576455467755,0.23301732504957157,6242162395054020.0,0.4095901561363626,0.4095901561363626,1954261977495.0713,0.8175370053794906,292801.0108818732,292122.524315672,286684.4343070157,678.4865662011651,5438.090008656293,1.1654513536287636,0.0023172275401565877,0.0023172275401565877,0.0023172275401565873,0.01861578466568299,5438.090008656293,-54670537.71184101,-0.0050581046662846844,-3.357526569340959,0.978095697647744,0.0,0.0,97818110724211.75,-484.14522116870717,0.3824701579919827,1.0,58777610293502.89,7333423851769.421,2376595118956893.5,-36289834836.986725,0.052993301216115306,-0.2255569467610177,0.055767999483999214,0.01861578466568299,722034350229613.8,3157407079480010.5,3164740503331780.0,3098629469186507.0,219881.99429144527,-36289834836.986725,1.0,597.8282802366341,1.1501856833264595e-08,1.1501856833264595e-08,0.04905016262635087,66802.44001557042,597.8282802366341
2193.0,5527.483309402635,10809011127.526804,467.411512120856,7.054360530872647e-05,2.773505034524684,0.23301732509861586,6339980505778232.0,0.40925727314062527,0.40925727314062527,1917972142658.0845,0.799625260687906,297178.93873432773,296520.1519479431,291091.8473562008,658.7867863846419,5428.304591742279,1.1611237775916359,0.002216801732957209,0.002216801732957209,0.002216801732957209,0.018306697052736128,5428.304591742279,-54250726.179288976,-0.005019027692656471,-3.2992379483864567,0.9760584926423821,0.0,0.0,99171160381519.75,-484.8958694356005,0.3801513726851373,1.0,58674604735747.13,7120833704699.218,2413245806246165.5,-35661499696.46791,0.05217244034236162,-0.2266144980088416,0.057084836949555726,0.018306697052736128,733169210959343.0,3205089621941255.5,3212210455645955.0,3146415017205508.5,223262.4037272443,-35661499696.46791,1.0,593.6152295894274,1.1240194048355341e-08,1.1240194048355341e-08,0.04899805594879125,67829.4436289565,593.6152295894274
2194.0,5584.0144466347065,10809503939.967148,466.8883042783651,7.028214995095678e-05,2.7704278880081388,0.23301732514975515,6439151666159752.0,0.4089278934816521,0.4089278934816521,1882310642961.6165,0.7820958395745854,301615.3223187969,300975.69472193066,295557.2314881978,639.6275968662187,5418.463233732868,1.1568027389726097,0.002120673419204329,0.002120673419204329,0.002120673419204329,0.018002992695934958,5418.463233732868,-53834982.971339,-0.004980337975759377,-3.2397830363990225,0.9740255307844382,0.0,0.0,100534888815238.25,-485.6297394399152,0.37787022446782115,1.0,58570899673602.56,6914057028437.109,2450377002826243.0,-35020447496.59396,0.05132264888911882,-0.2275149153700542,0.05835538765557175,0.018002992695934958,744450055431213.5,3253397957931059.0,3260312014959496.0,3194827058257456.5,226687.27597815098,-35020447496.59396,1.0,589.424098606104,1.0985036024363821e-08,1.0985036024363821e-08,0.048944841264722205,68869.95551004684,589.424098606104
2195.0,5641.037708501804,10809981573.392008,466.3656821006243,7.002377767897622e-05,2.7673553153576242,0.23301732520383195,6539686554974990.0,0.40860198028952605,0.40860198028952605,1847290195465.0225,0.7649577326593151,306110.7607852544,305489.7383118738,300080.9661747743,621.0224733805948,5408.7721370995405,1.1525053669248466,0.002028750873662557,0.0020287508736625565,0.0020287508736625565,0.017705249829301096,5408.7721370995405,-53423268.02993136,-0.004942031368622209,-3.179500439577998,0.9719968032361661,0.0,0.0,101909188772386.0,-486.34514506178965,0.37563137076944086,1.0,58468727136722.14,6713241493906.558,2487991870605095.5,-34370341164.42995,0.05044883750007713,-0.22826001263507803,0.05957946534248869,0.017705249829301096,755877844269885.0,3302338442011702.5,3309051683505609.0,3243869714874980.5,230156.90209214683,-34370341164.42995,1.0,585.2687223236371,1.0736217669215521e-08,1.0736217669215521e-08,0.04889061322556709,69924.06408262748,585.2687223236371
2196.0,5698.5565025337355,10810444494.686203,465.8436449320562,6.976844445964071e-05,2.7642976160126427,0.23301732526168897,6641595743747376.0,0.4082794970823573,0.4082794970823573,1812919854300.5925,0.7482177919405233,310665.8562368884,310062.87551332905,304663.4394427106,602.9807235593022,5399.436070618476,1.148248536372804,0.0019409301390994132,0.001940930139099413,0.0019409301390994134,0.017414003729660836,5399.436070618476,-53015541.17800197,-0.004904103730800466,-3.11873625756732,0.969972301178228,0.0,0.0,103293985178174.12,-487.0405504782748,0.3734391439479784,1.0,58370303944027.61,6518489643403.562,2526093642102702.5,-33714925205.996887,0.04955602952665032,-0.22885229643313346,0.060757076505893,0.017414003729660836,767453559552911.8,3351917505599641.5,3358435995243045.5,3293547201655614.0,233671.57967874364,-33714925205.996887,1.0,581.1625437583177,1.0493577322893276e-08,1.0493577322893276e-08,0.048835463140426194,70991.85976396698,581.1625437583177
2197.0,5756.574252027605,10810893156.412775,465.32219211781745,6.951610702111565e-05,2.7612650894127,0.23301732532416886,6744889728925550.0,0.40796040776219983,0.40796040776219983,1779204929094.5957,0.7318806978984036,315281.21421909455,314695.7066373174,309305.0481638209,585.507581777202,5390.658473496509,1.1440488727432352,0.0018570963171003335,0.0018570963171003335,0.001857096317100334,0.017129749023583506,5390.658473496509,-52611762.13309518,-0.004866550928947724,-3.057844263491107,0.9679520158096542,0.0,0.0,104689232658344.0,-487.7145599472907,0.3712975673847151,1.0,58277832799681.945,6329859908862.945,2564685622887276.0,-33058027621.55207,0.04864936204764346,-0.22929496341266037,0.061888422663294064,0.017129749023583506,779178205550899.0,3402141661237856.5,3408471521146719.5,3343863828438175.0,237231.61313142412,-33058027621.55207,1.0,577.1186238770791,1.0256956759926132e-08,1.0256956759926132e-08,0.04877947846839148,72073.43503239677,577.1186238770791
2198.0,5815.094396059998,10811327997.249943,464.8013230037975,6.926672283738752e-05,2.7582680349972986,0.23301732539211412,6849578961583894.0,0.4076446766110107,0.4076446766110107,1746146901473.0437,0.7159489260408398,319957.44417139253,319388.83986499894,314006.198229894,568.6043063936353,5382.641635104939,1.13992275913037,0.0017771247919115437,0.0017771247919115437,0.0017771247919115437,0.016852942129662717,5382.641635104939,-52211890.525502875,-0.00482936883783231,-2.9971861363602486,0.965935938347807,0.0,0.0,106094913018865.88,-488.3659075793443,0.36921037227284226,1.0,58193504208773.24,6147367657070.394,2603771193055613.0,-32403562389.00094,0.047734087638626285,-0.22959189788941137,0.06297390269736258,0.016852942129662717,791052809177255.5,3453017506441641.5,3459164874098711.5,3394824002232868.5,240837.31376181808,-32403562389.00094,1.0,573.1496545658888,1.00262011893727e-08,1.00262011893727e-08,0.048722742386623,73168.88446807589,573.1496545658888
2199.0,5874.1203894986575,10811749442.414875,464.2810369366181,6.902025011313489e-05,2.755316752205942,0.2330173254663675,6955673874602760.0,0.4073322682866519,0.4073322682866519,1713743339084.0427,0.7004227125698846,324695.15984188,324142.8915650571,318767.30461531755,552.2682768229242,5375.586949739586,1.135886345833133,0.0017008823817757795,0.0017008823817757793,0.0017008823817757793,0.01658400381320927,5375.586949739586,-51815885.92001931,-0.004792553341713947,-2.9371317480915904,0.9639240600283404,0.0,0.0,107511032694174.25,-488.99344734360716,0.36718101450737095,1.0,58119499206499.65,5970986234003.675,2643353807780302.0,-31755532539.72828,0.04681557691382627,-0.22974767006446495,0.06401411530444238,0.01658400381320927,803078420154450.1,3504551727141251.5,3510522713375255.0,3446432227934752.0,244488.99984773342,-31755532539.72828,1.0,569.2679744449234,9.801159251612873e-09,9.801159251612873e-09,0.04866533342704904,74278.30476758417,569.2679744449234
2200.0,5933.655703013762,10812157904.074661,463.7613332636324,6.877664776894983e-05,2.7524215404781356,0.23301732554777155,7063184907296934.0,0.407023147818934,0.407023147818934,1681987806544.3145,0.6853000188389282,329494.9796640168,328958.4865760057,323588.79132995184,536.4930880110787,5369.695246053853,1.131955562205575,0.0016282284135501427,0.0016282284135501427,0.0016282284135501431,0.016323321832930393,5369.695246053853,-51423707.84050406,-0.004756100336004578,-2.878059507503162,0.9619163721051637,0.0,0.0,108937620173493.0,-489.59614364790764,0.365212690818452,1.0,58057992897093.305,5800647982020.408,2683436996944918.5,-31118033852.44754,0.045899321868452234,-0.22976753491647833,0.06500986157811742,0.016323321832930393,815256110903186.5,3556751100745198.5,3562551748727219.0,3498693107848105.0,248186.99659701053,-31118033852.44754,1.0,565.485587389494,9.581683011453154e-09,9.581683011453154e-09,0.04860732517421207,75401.7947329413,565.485587389494
2201.0,5993.7038230886965,10812553781.744854,463.24221133292383,6.853587542690032e-05,2.749592699253382,0.23301732563716893,7172122527470427.0,0.40671728060570195,0.40671728060570195,1650869772691.867,0.6705764942608531,334357.5270956569,333836.2584555669,328471.0912644494,521.2686400899818,5365.167191117484,1.1281461307661271,0.0015590157177494948,0.001559015717749495,0.001559015717749495,0.01607125366171566,5365.167191117484,-51035315.796546645,-0.004720005729147081,-2.8203567637924833,0.9599128658504028,0.0,0.0,110374723412950.5,-490.17306297058553,0.36330835290600094,1.0,58011158802010.77,5636245205709.93,2724024363885288.0,-30495259192.214092,0.044990940053006204,-0.22965743187477755,0.06596214775864288,0.01607125366171566,827586976159993.2,3609622498847292.0,3615258744053002.5,3551611340045281.5,251931.63602888497,-30495259192.214092,1.0,561.8141836267616,9.367627947218663e-09,9.367627947218663e-09,0.048548786016680445,76539.45523556444,561.8141836267616
2202.0,6054.268252030414,10812937462.675978,462.723670493306,6.829789339642518e-05,2.746840527971186,0.2330173257354022,7282497250883378.0,0.4064146324089616,0.4064146324089616,1620374513499.6528,0.6562454373160534,339283.43092036806,338776.849699133,333414.645929697,506.58122123507286,5362.203769436013,1.124473583516518,0.001493091542551545,0.0014930915425515451,0.001493091542551545,0.01582812926620628,5362.203769436013,-50650669.31162336,-0.004684265444654515,-2.7644202721677336,0.9579135325543616,0.0,0.0,111822407239090.25,-490.72336719828843,0.3614707178481311,1.0,57981174021037.01,5477631064980.867,2765119583250639.5,-29891503523.50341,0.044096179614134125,-0.22942398538241163,0.06687218818014684,0.01582812926620628,840072132327428.1,3663172889599104.5,3668650520664085.0,3605191715578067.5,255723.25677414302,-29891503523.50341,1.0,558.2651632908735,9.158852935649366e-09,9.158852935649366e-09,0.04848977894421336,77691.389155554,558.2651632908735
2203.0,6115.35250797931,10813309322.228334,462.20571009432103,6.806266266055273e-05,2.7441753260710495,0.23301732584331403,7394319658122468.0,0.4061151693510473,0.4061151693510473,1590483009976.1494,0.6422977542964983,344273.3255111467,343780.9119290707,338419.9050913449,492.4135820759959,5361.006837725856,1.1209532804273359,0.0014302983867393842,0.0014302983867393842,0.001430298386739384,0.0155942539323764,5361.006837725856,-50269727.95223255,-0.004648875423261572,-2.710656724487322,0.9559183635254856,0.0,0.0,113280750747054.38,-491.2463095007857,0.359702272563318,1.0,57970225214910.84,5324620377454.214,2806726397992567.0,-29311169628.259678,0.043220925239327135,-0.22907450646111185,0.0677414084486859,0.0155942539323764,852712716559301.2,3717409339766778.5,3722733960144232.5,3659439114551868.0,259562.2037948116,-29311169628.259678,1.0,554.8496623332076,8.955220232542849e-09,8.955220232542849e-09,0.04843036138273171,78857.70129653333,554.8496623332076
2204.0,6176.960124918602,10813669724.235449,461.6883294862394,6.783014486243514e-05,2.7416073929924787,0.23301732596174704,7507600408869522.0,0.4058188579108298,0.4058188579108298,1561171840347.8896,0.6287219154081698,349327.8510566822,348849.1060562709,343487.3262994902,478.7450004113136,5361.77975678074,1.117600430054241,0.0013704747530526333,0.0013704747530526333,0.0013704747530526333,0.015369911126892387,5361.77975678074,-49892451.35758641,-0.004613831625148319,-2.659483347975179,0.9539273500903233,0.0,0.0,114749844694119.5,-491.74123366618056,0.35800526982919134,1.0,57980515423918.4,5176990316576.909,2848848615482308.0,-28758774562.107525,0.04237120504557515,-0.22861699539323985,0.06857144888550853,0.015369911126892387,865509885581071.6,3772339016487297.5,3777516006803874.5,3714358501063379.5,263448.82802343287,-28758774562.107525,1.0,551.5785806999054,8.7565954491934e-09,8.7565954491934e-09,0.04837058505903258,80038.49827605727,551.5785806999054
2205.0,6239.094652683319,10814019021.356512,461.1715280200589,6.760030229219001e-05,2.7391470281749757,0.23301732609154385,7622350253563642.0,0.4055256649199638,0.4055256649199638,1532413065785.7822,0.6155039078391689,354447.65375033545,353982.1024148666,348617.3743124789,465.55133546882035,5364.728102387703,1.114430112256617,0.0013134558249798536,0.0013134558249798536,0.0013134558249798536,0.015155365386525243,5364.728102387703,-49518799.26952695,-0.004579130032204743,-2.611328575316441,0.9519404835934875,0.0,0.0,116229788886432.5,-492.2075776835912,0.3563817136789351,1.0,58014271743626.445,5034480997177.75,2891490102747713.0,-28238956884.483795,0.041553198455058164,-0.22806014563932697,0.06936416827125516,0.015155365386525243,878464814242796.8,3827969188734136.5,3833003669731314.5,3769954916990509.5,267383.4859211302,-28238956884.483795,1.0,548.4626127055955,8.562847524761049e-09,8.562847524761049e-09,0.04831049588690162,81233.8883913487,548.4626127055955
2206.0,6301.759656968737,10814357555.418158,460.6553050475035,6.737309787404186e-05,2.7368045310580453,0.23301732623354704,7738580042450074.0,0.40523555755917523,0.40523555755917523,1504174108901.2983,0.602627185384507,359633.3859419437,359180.58087039914,353810.52041243704,452.80507154457837,5370.06045796209,1.1114573029991943,0.0012590740716649583,0.0012590740716649583,0.0012590740716649583,0.014950865230377629,5370.06045796209,-49148731.56242385,-0.004544766650312906,-2.566632789708635,0.9499577553976196,0.0,0.0,117720689553599.0,-492.6448817840691,0.35483333347185053,1.0,58073753886614.625,4896795946589.7705,2934654780810062.0,-27756484701.36956,0.04077324510422571,-0.22741334911374916,0.07012164792831961,0.014950865230377629,891578693798606.4,3884307228495283.5,3889204024441873.0,3826233474608668.5,271366.5389526311,-27756484701.36956,1.0,545.5122795503287,8.373848694790694e-09,8.373848694790694e-09,0.04825013386630106,82443.9814598059,545.5122795503287
2207.0,6364.958719338447,10814685657.745836,460.1396599210233,6.714849515375543e-05,2.7345902010811907,0.23301732638859932,7856300732003673.0,0.4049485033545876,0.4049485033545876,1476417624199.9287,0.5900726142009717,364885.70625250257,364445.23090094165,359067.24160856847,440.4753515609515,5377.989292373161,1.1086969012265702,0.0012071597873339016,0.0012071597873339016,0.0012071597873339016,0.014756646092139234,5377.989292373161,-48782208.2728944,-0.0045107375116312295,-2.5258491487426924,0.9479791568833511,0.0,0.0,119222656702341.25,-493.0527999317537,0.35336154911673723,1.0,58161263667738.7,4763602467116.777,2978346618087836.0,-27316264562.537125,0.040037854836261905,-0.22668670294550483,0.07084619618022865,0.014756646092139234,904852729902708.8,3941360611658283.5,3946124214125399.5,3883199347990544.5,275398.35297521064,-27316264562.537125,1.0,542.7379639459484,8.189474456148206e-09,8.189474456148206e-09,0.04818953298683071,83668.88863335784,542.7379639459484
2208.0,6428.69543723181,10815003649.485176,459.6245919937927,6.692645828635364e-05,2.732514337683916,0.2330173265575432,7975523388706014.0,0.40466447017408697,0.40466447017408697,1449101359637.3916,0.5778184142462836,370205.2796516169,369776.7516496937,364388.01972235844,428.5280019231729,5388.7319273352705,1.1061637578109345,0.0011575415734925252,0.0011575415734925252,0.0011575415734925252,0.014572933272019925,5388.7319273352705,-48419189.62927477,-0.004477038676873647,-2.4894444913267426,0.9460046794492658,0.0,0.0,120735801436554.88,-493.4311117463862,0.3519674352314238,1.0,58279155460228.234,4634531904705.705,3022569622818826.5,-26923351258.88949,0.03935371883098758,-0.22589101785602142,0.07154035322868031,0.014572933272019925,918288140307156.4,3999136918586211.0,4003771450490916.5,3940857763125983.0,279479.29753705714,-26923351258.88949,1.0,540.1499468387037,8.009603528703215e-09,8.009603528703215e-09,0.0481300792093704,84908.72218530129,540.1499468387037
2209.0,6492.973423971103,10815311841.913546,459.11010061971064,6.670695202411298e-05,2.730568973941929,0.23301743007534034,8096259190142569.0,0.404383426223725,0.404383426223725,1422178008378.5022,0.5658400959359222,375592.77749746054,375175.8519464155,369773.7095809523,416.92555104500565,5402.142365463198,1.1038436890106835,0.001110046774123138,0.0011100467741231382,0.0011100467741231382,0.01439896074717186,5402.142365463198,-48059638.26449968,-0.004443666439487196,-2.457213700434548,0.9440343145118628,0.0,0.0,122261577010225.38,-493.7827383842993,0.35064386729848473,1.0,58425854296896.98,4509179849413.38,3067330484034691.0,-26575532432.42197,0.038727721930799805,-0.22503782829147748,0.0722068964908379,0.01439896074717186,931887496024482.2,4057643834356070.5,4062153014205484.5,3999217980059173.5,283609.99006497354,-26575532432.42197,1.0,537.735828668948,7.834111402862437e-09,7.834111402862437e-09,0.04807894631088261,86163.71951597877,537.735828668948
2210.0,6557.796308768042,10815610536.742186,458.596185153399,6.648994170482922e-05,2.728649593025321,0.23301825339488008,8218520767152794.0,0.4041053400441602,0.4041053400441602,1395602475946.0803,0.554110391528258,381048.8962299186,380643.2689649424,375227.1485051297,405.62726497616217,5416.120459812748,1.1015696757690236,0.0010645018762406111,0.0010645018762406111,0.001064501876240611,0.01422886177533216,5416.120459812748,-47703526.38345752,-0.004410617987898304,-2.425292724166876,0.9420680535055196,0.0,0.0,123808394575699.38,-494.12644311620977,0.34934232156474154,1.0,58578649513415.69,4387106521066.094,3112650229752826.5,-26231021542.183422,0.03816228518608113,-0.2241378969475255,0.07284845953988137,0.01422886177533216,945660471290978.9,4116889350557221.0,4121276457078287.0,4058310701043805.5,287792.3737341231,-26231021542.183422,1.0,535.3645286860971,7.66284391315234e-09,7.66284391315234e-09,0.04802999708190514,87434.7747710066,535.3645286860971
2211.0,6623.167736729916,10815900026.409143,458.0828449502022,6.627539324034686e-05,2.726738347690345,0.23301987087880352,8342329161728493.0,0.40383018050713637,0.40383018050713637,1369371454403.897,0.5426012268923673,386574.454069964,386179.86183403555,380749.5538242083,394.592235928452,5430.30800982721,1.0993132179220586,0.0010207405889708296,0.0010207405889708296,0.0010207405889708296,0.014061603274799805,5430.30800982721,-47350807.699896626,-0.00437788881038844,-2.393013056224074,0.9401058878824539,0.0,0.0,125377657527163.88,-494.4667724547744,0.34805102332194215,1.0,58733668546899.91,4267870174999.3867,3158538535562511.5,-25882589978.011387,0.03763246556918852,-0.22319320279758104,0.07346547177025668,0.014061603274799805,959610573700013.2,4176882777809424.5,4181150647984424.0,4118149109262524.5,292027.3419549293,-25882589978.011387,1.0,533.0136704106847,7.49567983532423e-09,7.49567983532423e-09,0.0479818238497165,88722.21186927908,533.0136704106847
2212.0,6689.09136886522,10816180594.3633,457.57007936618606,6.606327310534534e-05,2.7248357711911697,0.2330222491651731,8467706819255657.0,0.4035579168119982,0.4035579168119982,1343488864425.8855,0.5312957091459874,392170.293365934,391786.4967406576,386341.77899979247,383.79662527638163,5444.717740865122,1.0970750686365969,0.0009786478776409031,0.0009786478776409031,0.0009786478776409031,0.013897155175486418,5444.717740865122,-47001434.79459185,-0.004345474299780644,-2.36039294456077,0.9381478091126871,0.0,0.0,126969283110061.38,-494.8059870397014,0.3467640875429706,1.0,58891050370530.92,4151213610496.5225,3205002487773723.0,-25530436362.03025,0.03711990356799556,-0.2222042020512969,0.07405798154727287,0.013897155175486418,973739965035627.0,4237633503179881.0,4241784716790378.0,4178742452809350.0,296315.54871078656,-25530436362.03025,1.0,530.683727802882,7.332508268311227e-09,7.332508268311227e-09,0.04793433574301509,90026.23028900589,530.683727802882
2213.0,6755.570882088775,10816452515.339758,457.05788775813755,6.585354832637607e-05,2.7229423967819635,0.23302535489205126,8594676102365718.0,0.4032885184822436,0.4032885184822436,1317958428063.8552,0.5201851502236579,397837.25994712533,397464.03110531165,392004.6686864393,373.2288418137258,5459.362418872397,1.0948559750578666,0.0009381445113092973,0.0009381445113092973,0.0009381445113092973,0.013735487972812035,5459.362418872397,-46655362.32083055,-0.004313370049437604,-2.327451162586767,0.9361938086840074,0.0,0.0,128583170159028.62,-495.1475579501689,0.3454724069559215,1.0,59050934367763.69,4037012044833.419,3252049104242764.0,-25174764981.892082,0.036614557157072895,-0.221171378477508,0.07462604708676374,0.013735487972812035,988050780395600.5,4299150819006128.0,4303187831050961.0,4240099884638364.5,300657.6416464408,-25174764981.892082,1.0,528.3751653944374,7.1732222792705665e-09,7.1732222792705665e-09,0.04788746889242246,91347.02703999849,528.3751653944374
2214.0,6822.609969226436,10816716055.626863,456.5462694835634,6.564618647114336e-05,2.7210587577168948,0.2330291546975004,8723259272524747.0,0.403021955362112,0.403021955362112,1292783663081.9631,0.5092653560394613,403576.20291592943,403213.3190512061,397739.0641948301,362.8838647233362,5474.254856376024,1.0926566784460947,0.0008991706203225518,0.0008991706203225516,0.0008991706203225516,0.013576572493332792,5474.254856376024,-46312546.55182645,-0.0042815718110428376,-2.294207026733948,0.9342438781019319,0.0,0.0,130219214515870.12,-495.4968871665217,0.3441617267683631,1.0,59213460397555.87,3925211725880.8374,3299685379857877.0,-24815785981.005066,0.036110993854523765,-0.22009524378344725,0.07516973664889817,0.013576572493332792,1002545141768344.8,4361443982023778.0,4365369193749659.0,4302230521626222.0,305054.266275334,-24815785981.005066,1.0,526.0884385234806,7.01771854580903e-09,7.01771854580903e-09,0.04784117518908104,92684.79791949611,526.0884385234806
2215.0,6890.212339019191,10816971473.325073,456.0352239006895,6.544115563802407e-05,2.7191853872501337,0.2330336152195829,8853478487040617.0,0.402758197613209,0.402758197613209,1267967877100.958,0.49853457025149006,409387.97465373925,409035.2145336214,403545.80661196244,352.7601201178379,5489.407921658991,1.0904779143181287,0.0008616768003901499,0.0008616768003901499,0.0008616768003901501,0.013420379778102893,5489.407921658991,-45972945.10921389,-0.004250075469144422,-2.260680415685466,0.9322980088896706,0.0,0.0,131877316996734.38,-495.86253123719973,0.3428093683809713,1.0,59378768894029.984,3815796156241.379,3347918312600758.5,-24453715566.774353,0.03560633749158543,-0.21897633802197036,0.07568912873990699,0.013420379778102893,1017225165700796.2,4424522247195584.0,4428338043351825.5,4365143478301554.5,309506.0683904742,-24453715566.774353,1.0,523.8239935729706,6.865897103599887e-09,6.865897103599887e-09,0.04779541609501181,94039.73822148827,523.8239935729706
2216.0,6958.381716126925,10817219018.597963,455.5247503684602,6.523842444581901e-05,2.7173228186358482,0.2330387030963613,8985355804037351.0,0.4024972157111664,0.4024972157111664,1243514161534.1836,0.4879923342473185,415273.43093663285,414930.5731735821,409425.7386240772,342.8577630507539,5504.834549504904,1.0883204125940218,0.0008256193088911363,0.0008256193088911364,0.0008256193088911364,0.013266881028798068,5504.834549504904,-45636516.79259105,-0.004218877025058708,-2.2268917904654715,0.9303561925880894,0.0,0.0,133557387288445.0,-496.2583498341193,0.3413784629685518,1.0,59547000983139.6,3708767515146.569,3396754918855706.0,-24088776228.18277,0.03509913132490469,-0.21781523002966274,0.07618431232258333,0.013266881028798068,1032092967692180.1,4488394887531026.0,4492103655046172.5,4428847886547886.5,314013.69548085245,-24088776228.18277,1.0,521.5822682126247,6.717661153889141e-09,6.717661153889141e-09,0.04775015919937564,95412.04314322474,521.5822682126247
2217.0,7027.121841131563,10817458933.915564,455.0148482465376,6.50379620237312e-05,2.7154715851282067,0.23304438496589794,9118913191325796.0,0.4022389804423371,0.4022389804423371,1219425385306.0007,0.47763885445224696,421233.431104099,420900.2533706866,415379.7056180247,333.17773341239075,5520.547752661945,1.0861848977485409,0.0007909574806042709,0.0007909574806042707,0.0007909574806042706,0.01311604758717026,5520.547752661945,-45303221.46888129,-0.00418797258632005,-2.1928622149829757,0.9284184207556726,0.0,0.0,135259345631633.25,-496.70727023278056,0.3398078092543634,1.0,59718298607140.445,3604136448883.6045,3446202242740705.0,-23721196958.31346,0.034588708598355486,-0.21661251789686042,0.07665538703595287,0.01311604758717026,1047150664764212.9,4553071206112058.0,4556675342560942.0,4493352907504918.0,318577.79759495636,-23721196958.31346,1.0,519.3636916442003,6.572916906740188e-09,6.572916906740188e-09,0.04770537627115057,96801.9080230683,519.3636916442003
2218.0,7096.4364705398,10817691454.290302,454.5055168953003,6.483973800156495e-05,2.7136322199813785,0.23305062746625527,9254172536957430.0,0.40198346290052506,0.40198346290052506,1195704188347.6873,0.46747465052223247,427268.8382500701,426945.1170119828,421408.5563783955,323.7212380873207,5536.560633587254,1.0840720889675215,0.0007576523469700227,0.0007576523469700227,0.000757652346970023,0.01296785093207159,5536.560633587254,-44973020.00428587,-0.004157358360082413,-2.1586133768331535,0.9264846849684872,0.0,0.0,136983123311543.12,-497.2469504284044,0.33799647544222844,1.0,59892804652116.945,3501916470829.486,3496267362092096.0,-23351213479.684734,0.034074844118621724,-0.21536882946969566,0.07710246342427712,0.01296785093207159,1062400377007286.2,4618560543751499.0,4622062460222329.0,4558667739099382.0,323199.0278947616,-23351213479.684734,1.0,517.16868484998,6.4315734475927065e-09,6.4315734475927065e-09,0.047661042130114906,98209.52848363387,517.16868484998
2219.0,7166.329376785303,10817916807.505737,453.99675567584296,6.464372250014044e-05,2.7118052564495327,0.23305739723549568,9391155660268974.0,0.40173063448374974,0.40173063448374974,1172352974868.0024,0.45750035902571085,433380.5194197589,433066.02995175915,427513.1435555039,314.4894679996883,5552.886396255242,1.0819827003090172,0.0007256659076895046,0.0007256659076895046,0.0007256659076895046,0.012822262685608933,5552.886396255242,-44645874.23648841,-0.004127030650255325,-2.124167608271548,0.9245549768201453,0.0,0.0,138728662516866.38,-497.931757628962,0.3357977492713283,1.0,60070663076219.55,3402120901657.3657,3546957392554935.0,-22979068471.480045,0.03355756144972106,-0.2140848228838424,0.0775256631754401,0.012822262685608933,1077844228543763.9,4684872284174918.0,4688274405076576.0,4624801621098699.0,327878.04303449334,-22979068471.480045,1.0,514.9976608443368,6.29354262119755e-09,6.29354262119755e-09,0.04761713396786371,99635.10052101056,514.9976608443368
2220.0,7236.804348230402,10818135214.338318,453.4885639499755,6.444988612191844e-05,2.7099912277868374,0.2330646609116816,9529884322785840.0,0.4014804668910444,0.4014804668910444,1149373906396.5225,0.44771662317335975,439569.3458036181,439263.86235893465,433694.32400100183,305.4834446834125,5569.538357932805,1.0799174408691896,0.0006949607555661768,0.0006949607555661768,0.0006949607555661768,0.01267925462391391,5569.538357932805,-44321746.95697863,-0.004096985855587638,-2.089547907335551,0.9226292879217688,0.0,0.0,140495915873619.62,-498.804815585978,0.3330925117744413,1.0,60252019037560.89,3304761210326.996,3598279490581686.5,-22605011798.393665,0.03303702628592098,-0.21276118712945935,0.07792511936872065,0.01267925462391391,1093484348152203.6,4752015857771451.0,4755320618981778.0,4691763838733890.0,332615.5034383874,-22605011798.393665,1.0,512.8510249282532,6.158738925316124e-09,6.158738925316124e-09,0.04757363091857947,101078.82056261446,512.8510249282532
2221.0,7307.865189167354,10818346888.772375,452.98094108022207,6.42581999418301e-05,2.708190667247462,0.23307238513287548,9670380238659460.0,0.401232932119288,0.401232932119288,1126768894598.129,0.43812403014125173,445836.19292401336,445539.488985646,439952.95902475755,296.703938367358,5586.529960888403,1.0778770149528973,0.0006654998922842657,0.0006654998922842656,0.0006654998922842656,0.012538798690116523,5586.529960888403,-44000601.76834841,-0.004067220456206081,-2.0547779591184923,0.9207076099019514,0.0,0.0,142284845821654.5,-499.8338253122435,0.32996134823558265,1.0,60437019021410.72,3209846128523.0176,3650240855784085.5,-22229300741.14759,0.032513487548734434,-0.21139864264678615,0.07830097673193805,0.012538798690116523,1109322869687600.4,4820000744493097.0,4823210590621620.0,4759563725471686.0,337412.07351859106,-22229300741.14759,1.0,510.7291749466901,6.027079393884805e-09,6.027079393884805e-09,0.04753051377039208,102540.88550616648,510.7291749466901
2222.0,7379.515719819019,10818552038.208557,452.4738864298205,6.40686354983067e-05,2.706404108085574,0.23308053653713973,9812665084481114.0,0.40098800246007094,0.40098800246007094,1104539593856.9812,0.42872307469227033,452181.940812511,451893.7893868762,446289.91460284113,288.1514256348353,5603.874784035109,1.0758621222489224,0.0006372466470400505,0.0006372466470400505,0.0006372466470400506,0.012400867008237434,5603.874784035109,-43682402.86679166,-0.004037730993252681,-2.0198821572166232,0.9187899344067235,0.0,0.0,144095423924677.62,-500.9298771028035,0.32663833005148746,1.0,60625810966688.56,3117381193114.4487,3702848732885700.5,-21852200228.896996,0.03198724491316061,-0.20999794195187446,0.0786533919079614,0.012400867008237434,1125361932372789.1,4888836476225178.0,4891953857418292.0,4828210665258490.0,342268.42185609665,-21852200228.896996,1.0,508.6325015486849,5.898483477100011e-09,5.898483477100011e-09,0.04748776475777272,104021.49274674448,508.6325015486849
2223.0,7451.759776339093,10818750863.665895,451.9673993627215,6.388116478450461e-05,2.7046320835553437,0.23308908176253676,9956760508405792.0,0.40074565049659316,0.40074565049659316,1082687393628.0842,0.4195141373030314,458607.4741769577,458327.6481078911,452706.06155336543,279.8260690666034,5621.586554525675,1.0738734580098088,0.0006101646502137688,0.0006101646502137688,0.0006101646502137688,0.01226543189731889,5621.586554525675,-43367115.05320716,-0.004008514069665189,-1.9848856253779026,0.9168762530995151,0.0,0.0,145927630162573.75,-502.03213526756656,0.32328574045682623,1.0,60818544391947.23,3027368526390.548,3756110413414105.0,-21473983073.835205,0.03145863097085364,-0.2085598702919944,0.078982533730585,0.01226543189731889,1141603681003153.0,4958532638809205.0,4961560007335596.0,4897714094417258.0,347185.22135755705,-21473983073.835205,1.0,506.5613884500952,5.772872959053161e-09,5.772872959053161e-09,0.04744536740220506,105520.8401958084,506.5613884500952
2224.0,7524.601210811807,10818943559.977694,451.4614792435875,6.369576023972052e-05,2.702875126910939,0.233097987447129,1.0102688138568366e+16,0.4005058491005953,0.4005058491005953,1061213410554.249,0.4104974702656172,465113.68255818065,464841.9548490074,459202.2756896818,271.7277091732621,5639.679159325576,1.0719117132362515,0.0005842178361185319,0.000584217836118532,0.000584217836118532,0.012132465885437316,5639.679159325576,-43054703.812607326,-0.00397956635728083,-1.9498142393837685,0.9149665576611202,0.0,0.0,147781452231671.88,-503.11768348539147,0.3199657300107166,1.0,61015370521125.85,2939806749227.5557,3810033237211475.5,-21094930208.333828,0.030928001500175665,-0.20708524633033276,0.07928858350978775,0.012132465885437316,1158050266088508.2,5029098873821111.0,5032038680570338.0,4968083503299984.0,352163.1493952753,-21094930208.333828,1.0,504.5162126988793,5.650171888252072e-09,5.650171888252072e-09,0.04740330638303192,107039.12629440652,504.5162126988793
2225.0,7598.043891251131,10819130315.981447,450.95612543779225,6.351239474099247e-05,2.701133771406528,0.2331072202289789,1.0250469590800038e+16,0.40026857142932193,0.40026857142932193,1040118480345.9152,0.4016731881473151,471701.4604764947,471437.604613228,465779.43795643345,263.85586326666447,5658.166656794579,1.0699775748660285,0.0005593704607149774,0.0005593704607149774,0.0005593704607149772,0.012001941723415538,5658.166656794579,-42745135.309509635,-0.003950884596183187,-1.9146946491977412,0.9130608397896597,0.0,0.0,149656884865965.12,-504.17994401421333,0.31669692005579386,1.0,61216442409401.62,2854690969317.825,3864624593809280.0,-20715330924.982746,0.030395730227199054,-0.20557492285967816,0.07957173532641218,0.012001941723415538,1174703843945969.0,5100544880164650.0,5103399571133968.0,5039328437755249.0,357202.88793459313,-20715330924.982746,1.0,502.4973449428532,5.530306500087953e-09,5.530306500087953e-09,0.04736156742836051,108576.55002184035,502.4973449428532
2226.0,7672.09170159952,10819311314.702948,450.4513373114198,6.333104159488221e-05,2.6994085502962823,0.23311674674614882,1.0400126475666004e+16,0.400033790922517,0.400033790922517,1019403149420.9324,0.39304126060508243,478371.7075683741,478115.4978400663,472438.4345517581,256.2097283077576,5677.063288308245,1.06807172596742,0.0005355871266093579,0.000535587126609358,0.000535587126609358,0.011873832398144248,5677.063288308245,-42438376.35498003,-0.0039224655914381745,-1.8795543014134013,0.9111590912005464,0.0,0.0,151553929185409.0,-505.21741737407547,0.3134842945952927,1.0,61421915069478.12,2772012812417.09,3919891923694375.5,-20335483119.880608,0.029862206075488413,-0.20402978754487125,0.07983219633631738,0.011873832398144248,1191566576752009.5,5172880415515862.0,5175652428328280.0,5111458500446385.0,362305.12365120894,-20335483119.880608,1.0,500.5051496998277,5.413205139185747e-09,5.413205139185747e-09,0.047320137220177916,110133.3109005492,500.5051496998277
2227.0,7746.748541726027,10819486733.534748,449.9471142312641,6.31516745294343e-05,2.697699996834367,0.23312653363670124,1.0551680404851412e+16,0.39980148129945065,0.39980148129945065,999067666301.0518,0.3846015064448757,485125.3287137134,484876.54052763403,479180.15703768306,248.78818607935762,5696.383489950988,1.066194845937084,0.000512832811139768,0.000512832811139768,0.0005128328111397679,0.011748111145472794,5696.383489950988,-42134394.37583344,-0.003894306210038491,-1.8444214620345039,0.9092613036264483,0.0,0.0,153472592073667.75,-506.23004835128336,0.3103289097178552,1.0,61631945598651.086,2691760478745.784,3975842719483500.0,-19955693539.52908,0.029327831796140347,-0.20245076369387494,0.08007018708407743,0.011748111145472794,1208640632558809.0,5246115297640960.0,5248807058119706.0,5184483352042309.0,367470.54803999787,-19955693539.52908,1.0,498.5399856300598,5.298798185585453e-09,5.298798185585453e-09,0.047279003310339185,111709.60899768521,498.5399856300598
2228.0,7822.018327424045,10819656744.409203,449.4434555648274,6.297426768630788e-05,2.696008644274954,0.2331365475386985,1.070515299692508e+16,0.39957161655597745,0.39957161655597745,979111972761.5227,0.3763535883106395,491963.2341541522,491721.6443444012,486005.5024400883,241.58980975100891,5716.1419043128735,1.0643476107024068,0.0004910728952466984,0.0004910728952466983,0.0004910728952466983,0.011624751462657387,5716.1419043128735,-41833157.38841798,-0.003866403378280393,-1.8093252396205897,0.9073674688172529,0.0,0.0,155412885585758.0,-507.21818230154423,0.30723069806250347,1.0,61846693306998.84,2613918814453.0396,4032484527017619.0,-19576278031.69071,0.028793023364436156,-0.20083881105739584,0.08028594182631507,0.011624751462657387,1225928185278266.0,5320259405602884.0,5322873324417337.0,5258412712295885.0,372699.8575163956,-19576278031.69071,1.0,496.6022058109874,5.187017984797892e-09,5.187017984797892e-09,0.047238154045239567,113305.6449236927,496.6022058109874
2229.0,7897.904990408468,10819821513.966177,448.9403606803202,6.2798795613077e-05,2.6943350258722094,0.23314675509020313,1.0860565882510838e+16,0.39934417096162544,0.39934417096162544,959535694729.832,0.3682970076615634,498886.3396029126,498651.72673161695,492915.3733391971,234.61287129566665,5736.353392419877,1.0625306929282374,0.0004702731918504848,0.0004702731918504847,0.00047027319185048483,0.01150372712036608,5736.353392419877,-41534633.97549236,-0.0038387540794346414,-1.7742956088277182,0.9054775785400311,0.0,0.0,157374826384940.62,-508.1822699256855,0.3041892671961838,1.0,62066319847017.45,2538469392298.232,4089824946384090.5,-19197561800.52986,0.028258209803515462,-0.19919492665706273,0.08047970886477794,0.01150372712036608,1243431414636024.8,5395322680867132.0,5397861150259430.0,5333256361020115.0,377993.75351108727,-19197561800.52986,1.0,494.69215801414424,5.077798781292024e-09,5.077798781292024e-09,0.04719757849785333,114921.61982810982,494.69215801414424
2230.0,7974.412478312313,10819981203.715658,448.4378289466605,6.262523325569525e-05,2.6926796748803037,0.2331571229292775,1.1017940708895778e+16,0.3991191190567162,0.3991191190567162,940338132929.3021,0.36043109984776217,505895.56634659827,505667.710997167,499910.67795133847,227.8553494313207,5757.033045828517,1.0607447622280586,0.0004503999730157999,0.00045039997301579986,0.00045039997301579997,0.011385012174251266,5757.033045828517,-41238793.26521262,-0.00381135535162029,-1.7393634343770175,0.9035916245790017,0.0,0.0,159358435207734.38,-509.12278277174863,0.3012041303692359,1.0,62290989345034.46,2465390598012.953,4147871632872922.0,-18819879666.38964,0.02772383324721543,-0.19752014564223289,0.08065175088928016,0.011385012174251266,1261152506097312.2,5471315128315268.0,5473780518913281.0,5409024138970234.0,383352.9425585798,-18819879666.38964,1.0,492.81018498426295,4.971076655074982e-09,4.971076655074982e-09,0.04715726640618012,116557.73539275868,492.81018498426295
2231.0,8051.544754682899,10820135970.195364,447.93585973347206,6.245355595112091e-05,2.691043124553406,0.23316761769398403,1.1177299144103512e+16,0.3988964356495146,0.3988964356495146,921518253262.9125,0.35275502917835055,512991.8413393872,512770.5264015117,506992.33020259807,221.31493787551443,5778.196198913629,1.0589904853795367,0.00043141999548701584,0.0004314199954870159,0.000431419995487016,0.011268580976101505,5778.196198913629,-40945604.91174508,-0.003784204285836325,-1.7045604954801112,0.9017095987354954,0.0,0.0,161363736355711.0,-510.0401887172537,0.29827477489805554,1.0,62520868534711.484,2394657720048.4062,4206632297872234.5,-18443576330.518383,0.027190349138269013,-0.1958155421755664,0.08080234533064942,0.011268580976101505,1279093650766062.2,5548246817173008.0,5550641474893056.0,5485725948638297.0,388778.13638013654,-18443576330.518383,1.0,490.95662472049287,4.866789461117076e-09,4.866789461117076e-09,0.04711720811735676,118214.1938224615,490.95662472049287
2232.0,8129.30579897746,10820285965.123547,447.43445241108503,6.228373942009877e-05,2.689425908145683,0.23317820602238518,1.1338662880459224e+16,0.39867609581340924,0.39867609581340924,903074676932.394,0.34526778392221746,520176.09729001473,519961.1082362532,514161.24979487504,214.98905376153039,5799.858441378131,1.0572685265444577,0.00041330052434467626,0.00041330052434467626,0.0004133005243446762,0.011154408184588425,5799.858441378131,-40655039.07725164,-0.0037572980241273543,-1.6699195107515148,0.8998314928279196,0.0,0.0,163390757212627.25,-510.9349448814656,0.29540068310038003,1.0,62756126892947.12,2326243041071.0786,4266114709707318.5,-18069006645.070595,0.026658226504574264,-0.19408223034756886,0.08093178472383443,0.011154408184588425,1297257045258549.8,5626127881858816.0,5628454124899887.0,5563371754965868.0,394270.05196147866,-18069006645.070595,1.0,489.1318107597214,4.764876771422587e-09,4.764876771422587e-09,0.04707739453688764,119891.19783339642,489.1318107597214
2233.0,8207.699606558235,10820431335.547108,446.9336063505336,6.2115759760095e-05,2.6878285589113053,0.23318885455254332,1.1502053637671852e+16,0.398458074884122,0.398458074884122,885005670287.3235,0.33796817120736466,527449.2727419289,527240.3978958327,521418.3622648197,208.8748460963006,5822.035631013016,1.05557954749306,0.0003960093546256516,0.00039600935462565166,0.00039600935462565166,0.011042468775625348,5822.035631013016,-40367066.41508671,-0.0037306337578681794,-1.6354741636376926,0.8979572986917222,0.0,0.0,165439527785465.75,-511.80749571590127,0.29258133902659234,1.0,62996936778485.02,2260115929907.99,4326326694427257.0,-17696535888.702988,0.026127948282014764,-0.1923213651203624,0.08104037708134293,0.011042468775625348,1315644891552651.0,5704968522758393.0,5707228638688301.0,5641971585979908.0,399829.4116256233,-17696535888.702988,1.0,487.3360724619817,4.6652798195743315e-09,4.6652798195743315e-09,0.047037817082528965,121588.95063919638,487.3360724619817
2234.0,8286.73018868708,10820572223.985172,446.43332092355655,6.194959343838116e-05,2.686251610104442,0.2331995299225209,1.1667493165457318e+16,0.3982423484569473,0.3982423484569473,867309134398.6205,0.3308548117987503,534812.312146978,534609.3429428226,528764.5990360876,202.96920415537764,5844.743906734992,1.0539242078327342,0.00037951483080216997,0.00037951483080216997,0.0003795148308021699,0.010932738052354049,5844.743906734992,-40081658.05408405,-0.003704208726155717,-1.6012591283908222,0.8960870081793569,0.0,0.0,167510080268014.75,-512.6582726622962,0.2898162308297506,1.0,63243473573523.24,2196242932808.0552,4387276136542800.5,-17326540048.068436,0.025600011666577993,-0.19053414330100374,0.08112844627719557,0.010932738052354049,1334259396813746.8,5784779006930070.0,5786975249862878.0,5721535533356547.0,405456.94310120173,-17326540048.068436,1.0,485.5697352979203,4.567941447598e-09,4.567941447598e-09,0.04699846764238713,123307.65593488589,485.5697352979203
2235.0,8366.401572519497,10820708768.568285,445.9335955025959,6.178521728526399e-05,2.68469559497926,0.23321019877038032,1.1835003245725332e+16,0.3980288923840202,0.3980288923840202,849982594350.552,0.3239261347422818,542266.1659329594,542068.8971672424,536200.8974653132,197.26876571704082,5867.999701929223,1.0523031652411168,0.00036378586404638277,0.00036378586404638277,0.00036378586404638277,0.010825191654777406,5867.999701929223,-39798785.58383311,-0.0036780202142986784,-1.5673100966164857,0.8942206131602469,0.0,0.0,169602448625669.75,-513.4876942883727,0.287104851759463,1.0,63495915828621.625,2134587862959.0264,4448970979718895.0,-16959406105.523613,0.02507492848640787,-0.18872180454471957,0.0811963324415946,0.010825191654777406,1353102773198203.0,5865569668745719.0,5867704256608679.0,5802073752917098.0,411153.3795865712,-16959406105.523613,1.0,483.8331211383285,4.4728060550066504e-09,4.4728060550066504e-09,0.046959338536894935,125047.51787874202,483.8331211383285
2236.0,8446.717801098233,10820841103.173319,445.4344294607959,6.162260848745775e-05,2.68316104678993,0.23322082773418404,1.2004605694351002e+16,0.39781768277161356,0.39781768277161356,833023188245.0284,0.3171803718667894,549811.7905653521,549620.0206403121,543728.2008821875,191.76992503999492,5891.8197581246195,1.0507170757035946,0.0003487919472276225,0.0003487919472276225,0.0003487919472276225,0.010719805569055869,5891.8197581246195,-39518421.04085515,-0.003652065552396475,-1.533663804423947,0.8923581055207502,0.0,0.0,171716668200218.0,-514.296166564988,0.2844467007070298,1.0,63754445411203.56,2075111887225.2432,4511419227425135.0,-16595532333.359812,0.024553225588804593,-0.18688563238848438,0.081244392366521,0.010719805569055869,1372177237635318.0,5947350910471657.0,5949426022358882.0,5883596465060453.0,416919.459810025,-16595532333.359812,1.0,482.12654854575266,4.379819549897307e-09,4.379819549897307e-09,0.04692042248430606,126808.74107216246,482.12654854575266
2237.0,8527.682933346234,10820969357.554262,444.9358221720026,6.146174458159522e-05,2.6816484987906186,0.23323138345199443,1.217632236255122e+16,0.39760869597746307,0.39760869597746307,816427655911.6686,0.3106155521380455,557450.1486035149,557263.6797630254,551347.4586239974,186.46884048946896,5916.221139028044,1.0491665937552042,0.0003345031676044892,0.0003345031676044892,0.0003345031676044892,0.010616556136484434,5916.221139028044,-39240536.895600215,-0.0036263421139997847,-1.500358060206379,0.8904994771641241,0.0,0.0,173852775333425.75,-515.0840831786942,0.28184128259694374,1.0,64019247657937.234,2017773609075.217,4574628943547144.0,-16235328594.852781,0.02403544523960501,-0.1850269553154156,0.08127299992248727,0.010616556136484434,1391485011588547.8,6030133202793629.0,6032150976402704.0,5966113955135692.0,422755.92808638123,-16235328594.852781,1.0,480.4503330681685,4.288929301982489e-09,4.288929301982489e-09,0.046881712569439626,128591.53053761617,480.4503330681685
2238.0,8609.301044059168,10821093657.468994,444.43777301076295,6.130260344787467e-05,2.6801584842354966,0.233241832561874,1.2350175137884646e+16,0.3974019086081212,0.3974019086081212,800192327316.8158,0.30422949586005554,565182.2087516403,565000.8473099241,559059.6260649789,181.36144171622047,5941.2212449451845,1.0476523727269813,0.00032089021718643073,0.00032089021718643073,0.00032089021718643073,0.010515420062168867,5941.2212449451845,-38965106.040192686,-0.00360084731484585,-1.4674317730804505,0.8886447200104902,0.0,0.0,176010807008358.25,-515.8518258458557,0.2792881087210922,1.0,64290511531296.375,1962529146664.826,4638608252961908.0,-15879216652.449343,0.023522145533708058,-0.18314714785050873,0.08128254648668651,0.010515420062168867,1411028320796823.0,6113927085290027.0,6115889614436692.0,6049636573758731.0,428663.5343702272,-15879216652.449343,1.0,478.80478753477075,4.200084097448485e-09,4.200084097448485e-09,0.04684320221537375,130396.0916947517,478.80478753477075
2239.0,8691.576223897411,10821214124.80218,443.9402813523242,6.11451633038392e-05,2.6786915363787323,0.23325214170188507,1.2526185944893004e+16,0.3971972975163383,0.3971972975163383,784313110664.3665,0.2980198087194027,573008.9459047142,572832.5024684214,566865.6646408067,176.44343629277495,5966.837827614614,1.046175064996755,0.0003079244007511809,0.0003079244007511809,0.0003079244007511809,0.010416374423418038,5966.837827614614,-38692101.77686054,-0.0035755786116622905,-1.4349249820125658,0.8867938259967986,0.0,0.0,178190800507384.75,-516.5997646175657,0.27678669704800796,1.0,64568429780587.21,1909332205040.0098,4703365342079788.0,-15527630483.385891,0.023013900816261097,-0.18124763168828437,0.08127344138279233,0.010416374423418038,1430809394996685.0,6198743166857060.0,6200652499062101.0,6134174737076473.0,434643.034306076,-15527630483.385891,1.0,477.1902223538801,4.1132340955409286e-09,4.1132340955409286e-09,0.046804885157815335,132222.63033473073,477.1902223538801
2240.0,8774.512579377422,10821330877.684376,443.4433465726324,6.0989402698285594e-05,2.6772481884744934,0.2332622775100901,1.2704376745400388e+16,0.39699483979847183,0.39699483979847183,768785480180.9806,0.291983875668665,580931.3411897225,580759.6308740109,574766.5418685282,171.71031571173836,5993.089005482661,1.0447353222444349,0.0002955776415162642,0.0002955776415162642,0.0002955776415162642,0.010319396677870666,5993.089005482661,-38421497.806989625,-0.0035505335010337776,-1.402878885660824,0.8849467870767938,0.0,0.0,180392793085893.75,-517.3282581721414,0.27433657251843124,1.0,64853199107740.27,1858134141428.367,4768908459355841.0,-15181016603.052925,0.022511302114424567,-0.1793298768529632,0.08124611233267676,0.010319396677870666,1450830467625932.5,6284592126089514.0,6286450260230942.0,6219738926981774.0,440695.1892756768,-15181016603.052925,1.0,475.606945813021,4.028330786785831e-09,4.028330786785831e-09,0.04676675542195774,134071.35259285144,475.606945813021
2241.0,8858.114232862708,10821444030.60752,442.94696804833274,6.083530050529954e-05,2.67582897377695,0.23327220662455156,1.2884769538486282e+16,0.3967945127919221,0.3967945127919221,753604463577.9276,0.28611885464496983,588950.3820023432,588783.2246416906,582763.2313622439,167.15736065256576,6019.993279446698,1.0433337957118207,0.0002838224844752723,0.0002838224844752723,0.0002838224844752723,0.01022446467137412,6019.993279446698,-38153268.220749326,-0.0035257095183263993,-1.3713358729610319,0.883103595220979,0.0,0.0,182616821660834.5,-518.0376540944601,0.2719372673314431,1.0,65145020338165.85,1808884022605.816,4835245915773040.0,-14839834396.41211,0.02201495757986687,-0.17739540289183153,0.08120100592032725,0.01022446467137412,1471093775509462.8,6371484711620669.0,6373293595643275.0,6306339691282503.0,446820.76644271915,-14839834396.41211,1.0,474.0552643812131,3.94532695276101e-09,3.94532695276101e-09,0.04672880730155082,135942.4649195247,474.0552643812131
2242.0,8942.385322554166,10821553694.53683,442.4511451567679,6.068283591841436e-05,2.6744344255402703,0.23328189568333177,1.3067386360147116e+16,0.3965962940725962,0.3965962940725962,738764629181.5155,0.28042167011970204,597067.0620393243,596904.2823938982,590856.7128448037,162.77964542604744,6047.569549094594,1.0419711364669668,0.0002726320974231306,0.0002726320974231306,0.0002726320974231306,0.010131556645632828,6047.569549094594,-37887387.487241775,-0.0035011042366651013,-1.3403395544853896,0.8812642424165819,0.0,0.0,184862922513184.25,-518.7282891422408,0.26958832122292475,1.0,65444098596973.04,1761528673355.639,4902386085299677.0,-14504556457.775217,0.021525492942266373,-0.1754457801025037,0.08113858806825676,0.010131556645632828,1491601558527896.2,6459431742424545.0,6461193271097901.0,6393987643827573.0,453020.53879514587,-14504556457.775217,1.0,472.53548301352043,3.864176627339375e-09,3.864176627339375e-09,0.04669103533998897,137836.1740496578,472.53548301352043
2243.0,9027.33000247994,10821659977.019333,441.95587727597757,6.053198844489024e-05,2.6730650770186224,0.23329131132449327,1.32522492826603e+16,0.3964001614523972,0.3964001614523972,724260072723.7402,0.27488900647527204,605282.3813267588,605123.8092852485,599047.9721557795,158.5720415102691,6075.837129468994,1.0406479956731522,0.00026198026970929584,0.0002619802697092958,0.0002619802697092958,0.010040651245644365,6075.837129468994,-37623830.44513115,-0.003476715265959972,-1.3099347946030926,0.8794287206675189,0.0,0.0,187131131003544.75,-519.4004894996357,0.2672892817372925,1.0,65750643490862.65,1716012715085.9272,4970337405323217.0,-14175668939.261328,0.021043551974168444,-0.17348263079483056,0.08105934452671387,0.010040651245644365,1512356059269574.8,6548444108083654.0,6550160120798739.0,6482693464592791.0,459295.2851852792,-14175668939.261328,1.0,471.04790545793105,3.78483505933112e-09,3.78483505933112e-09,0.04665343431322788,139752.68697050033,471.04790545793105
2244.0,9112.95244248469,10821762982.288984,441.46116378469765,6.038273790011146e-05,2.6717214614661766,0.2333004201860984,1.3439380413663844e+16,0.39620609297674086,0.39620609297674086,710084403784.4789,0.26951730120471556,613597.3462444335,613442.8170243354,607338.0012559498,154.52922009815572,6104.815768385496,1.0393650248625161,0.00025184140877395055,0.0002518414087739506,0.00025184140877395066,0.009951727526941304,6104.815768385496,-37362572.29371372,-0.003452540251977586,-1.2801677444725907,0.8775970219943611,0.0,0.0,189421481300039.25,-520.0545710185534,0.2650397044931657,1.0,66064869296008.24,1672278593740.2085,5039108377062595.0,-13853671908.253866,0.020569796967589236,-0.1715076305882466,0.08096378137601355,0.009951727526941304,1533359522666423.8,6638532769025027.0,6640205047618768.0,6572467899729019.0,465645.79036795156,-13853671908.253866,1.0,469.59283456463834,3.707258676457164e-09,3.707258676457164e-09,0.046615999214352666,141692.21088799826,469.59283456463834
2245.0,9199.256828218422,10821862811.368639,440.9670040623594,6.023506440209847e-05,2.6704041121371005,0.23330918890620964,1.3628801894963884e+16,0.3960140669220981,0.3960140669220981,696230731876.225,0.2643027379297394,622012.9695464418,621862.3238928566,615727.7982285225,150.64565358520426,6134.525664334077,1.0381228762143844,0.00024219053453990166,0.00024219053453990164,0.00024219053453990158,0.00986476496265598,6134.525664334077,-37103588.584393516,-0.0034285768754539437,-1.251085875894449,0.8757691384342992,0.0,0.0,191734006117803.5,-520.6908394481336,0.262839153443559,1.0,66386995152243.445,1630266596228.0447,5108707565960949.0,-13539079714.170698,0.020104909222785322,-0.16952250974539146,0.0808524255423223,0.00986476496265598,1554614195614192.2,6729708756727384.0,6731339023323612.0,6663321761575141.0,472072.84503681964,-13539079714.170698,1.0,468.17057259778755,3.6314050505908043e-09,3.6314050505908043e-09,0.046578725239563745,143654.9531917029,468.17057259778755
2246.0,9286.247361124671,10821959562.168842,440.473397489089,6.008894836613262e-05,2.6691135622855633,0.23331758412288936,1.3820535901081688e+16,0.39582406179356316,0.39582406179356316,682691652162.0543,0.25924123923265946,630530.2703782053,630383.3547622685,624218.3672772738,146.9156159369049,6164.987484994681,1.0369222028383864,0.00023300327175217422,0.00023300327175217422,0.00023300327175217428,0.009779743450427295,6164.987484994681,-36846855.21253233,-0.0034048228512459718,-1.2227380160563124,0.8739450620411093,0.0,0.0,194068736469249.5,-521.3095906529358,0.2606872011306651,1.0,66717245263889.43,1589914854720.3132,5179143602060296.0,-13232421364.88797,0.01964958954961836,-0.16752905454288164,0.08072582532724452,0.009779743450427295,1576122326577418.5,6821983173901605.0,6823573088756325.0,6755265928637715.0,478577.2458590058,-13232421364.88797,1.0,466.7814215497991,3.557232864209068e-09,3.557232864209068e-09,0.0465416077754941,145641.12141826798,466.7814215497991
2247.0,9373.928258428248,10822053329.583609,439.9803434457061,5.99443704994906e-05,2.6678503451657334,0.23332557247420002,1.4014604637550938e+16,0.39563605632244747,0.39563605632244747,669459230797.1664,0.25432845929751,639150.274290075,639006.941108186,632810.7187217881,143.33318188898832,6196.22238639785,1.0357636590623995,0.00022425584037837298,0.00022425584037837293,0.00022425584037837293,0.009696643319166713,6196.22238639785,-36592348.409645386,-0.003381275927518768,-1.195174383199921,0.8721247848851182,0.0,0.0,196425701424427.75,-521.9111108199763,0.25858342893647146,1.0,67055849107557.34,1551159338301.539,5250425180359802.0,-12934240913.14174,0.019204558781966738,-0.16552910868015303,0.08058455095157104,0.009696643319166713,1597886165179521.8,6915367194646882.0,6916918353985182.0,6848311345539324.0,485159.79550821695,-12934240913.14174,1.0,465.42568345834667,3.484701877999068e-09,3.484701877999068e-09,0.04650464238761365,147650.9232135712,465.42568345834667
2248.0,9462.303753122325,10822144205.583252,439.4878413137237,5.980131179628627e-05,2.6666149940317805,0.233333120598204,1.4211030338975366e+16,0.3954500294638992,0.3954500294638992,656524989884.0247,0.24955977635541954,647874.0132476354,647734.1210226851,641505.8689899223,139.89222495030023,6228.2520327628035,1.034647900725409,0.00021592504420582385,0.00021592504420582385,0.0002159250442058239,0.009615445335702296,6228.2520327628035,-36340044.735918276,-0.0033579338849661685,-1.1684466232421398,0.8703082990531686,0.0,0.0,198804927880703.0,-522.49567665515,0.2565274273291881,1.0,67403041647276.086,1513933831652.0405,5322561061158697.0,-12645097853.25324,0.01877055830563823,-0.1635245747273347,0.0804291951135638,0.009615445335702296,1619907961778239.8,7009872064584212.0,7011385998415865.0,6942469022936937.0,491821.3026964411,-12645097853.25324,1.0,464.1036607261061,3.4137728995683697e-09,3.4137728995683697e-09,0.04646782480963463,149684.5662934812,464.1036607261061
2249.0,9551.378093955147,10822232279.30437,438.99589047534704,5.96597535324174e-05,2.6654080421378716,0.23334019513296378,1.4409835266856068e+16,0.39526596039454726,0.39526596039454726,643879892030.7714,0.24493028492917168,656702.5256388611,656565.9392246628,650304.8406076168,136.58641419819287,6261.098617046091,1.0335755854753497,0.00020798825779650727,0.00020798825779650727,0.00020798825779650727,0.009536130711318664,6261.098617046091,-36089921.07302223,-0.0033347945360623892,-1.1426078473816794,0.8684955966485849,0.0,0.0,201206440341047.0,-523.0635555693859,0.2545187961059271,1.0,67759063557304.164,1478169900650.1196,5395560070384981.0,-12365567528.520493,0.018348350600252757,-0.16151741561315813,0.08026037356216527,0.009536130711318664,1642189967026654.0,7105509100968938.0,7106987270869589.0,7037750037411635.0,498562.5822043246,-12365567528.520493,1.0,462.81565644338144,3.3444077532115272e-09,3.3444077532115272e-09,0.046431150933689436,151742.25840329222,462.81565644338144
2250.0,9641.155545415982,10822317637.137064,438.50449031347307,5.951967726061475e-05,2.6642300227381774,0.23334676271654173,1.4611041707197116e+16,0.3950838285101704,0.3950838285101704,631514324502.2509,0.240434787871684,665636.8562782195,665503.4470683393,659208.6621861041,133.4092098802016,6294.78488223529,1.0325473730720354,0.00020042341198793213,0.00020042341198793216,0.00020042341198793216,0.009458681108212037,6294.78488223529,-35841954.617208995,-0.003311855724342852,-1.11771267072505,0.8666866697911391,0.0,0.0,203630260700128.0,-523.6150058547778,0.2525571446323347,1.0,68124161452998.734,1443796845043.026,5469431099910363.0,-12096241549.63928,0.017938719795570435,-0.15950965615394685,0.08007872568553429,0.009458681108212037,1664734431419839.8,7202289692783201.0,7203733489628244.0,7134165531330203.0,505384.45491027436,-12096241549.63928,1.0,461.56197471374895,3.276569250688268e-09,3.276569250688268e-09,0.04639461680123391,153824.20727582974,461.56197471374895
2251.0,9731.640387720796,10822400362.80948,438.0136402116891,5.938106480559151e-05,2.663081469086866,0.2333527899870003,1.4814671967897244e+16,0.39490361342339103,0.39490361342339103,619418082952.6116,0.236067788192949,674678.0564078591,674547.7025499952,668218.368406572,130.3538578638859,6329.334143423135,1.0315639256952374,0.00019320897815755238,0.00019320897815755235,0.00019320897815755232,0.009383078645878312,6329.334143423135,-35596122.8726676,-0.003289115323712428,-1.0938172519643536,0.8648815106170163,0.0,0.0,206076408037495.25,-524.1502768514999,0.25064209207808064,1.0,68498588130124.97,1410741638639.7344,5544183107852025.0,-11837728224.50629,0.017542472242756534,-0.15750338462477687,0.07988491511532571,0.009383078645878312,1687543604827219.8,7300225300809369.0,7301636042448009.0,7231726712679244.0,512287.74781833723,-11837728224.50629,1.0,460.3429209828274,3.2102211629710317e-09,3.2102211629710317e-09,0.0463582185944027,155930.6205882348,460.3429209828274
2252.0,9822.836916797118,10822480537.469746,437.5233395542729,5.924389825929046e-05,2.6619629144381056,0.2333582435824019,1.502074837593474e+16,0.394725294961393,0.394725294961393,607580354728.1052,0.23182348066979075,683827.1836959447,683699.7703129352,677335.0000022362,127.41338300950463,6364.7703106989375,1.0306259082580325,0.00018632395150023368,0.00018632395150023368,0.00018632395150023373,0.009309305907453687,6364.7703106989375,-35352403.64512919,-0.0032665712377796937,-1.0709793341420604,0.8630801112787806,0.0,0.0,208544898416940.75,-524.6696091027571,0.2487732676577491,1.0,68882602813004.516,1378928857833.5422,5619825118860857.0,-11590652999.784756,0.0171604371010774,-0.15550075437393832,0.07967963034714451,0.009309305907453687,1710619736010415.0,7399327457684277.0,7400706386542110.0,7330444854871272.0,519273.29408482823,-11590652999.784756,1.0,459.158802370342,3.1453281929238443e-09,3.1453281929238443e-09,0.04632195262779315,158061.70591740802,459.158802370342
2253.0,9914.749444268562,10822558239.765406,437.0335877261913,5.910815997622683e-05,2.6608748920460656,0.233363090140809,1.522929327435168e+16,0.39454885316366334,0.39454885316366334,595989701728.3204,0.22769574323259587,693085.302232252,692960.7216506738,686559.603737778,124.58058157819522,6401.117912895689,1.0297339887255155,0.00017974783360280873,0.00017974783360280873,0.00017974783360280873,0.009237345946026846,6401.117912895689,-35110775.03570642,-0.0032442213992158195,-1.049258286537784,0.8612824639453409,0.0,0.0,211035744691254.0,-525.173234505511,0.24695031085510277,1.0,69276471411919.18,1348280599673.863,5696366224395939.0,-11355658914.611626,0.01679346694054023,-0.15350398548187535,0.07946358537762094,0.009237345946026846,1733965072126422.0,7499607767934281.0,7500956048533955.0,7430331296522361.0,526341.9330436809,-11355658914.611626,1.0,458.00992800562017,3.0818559488725523e-09,3.0818559488725523e-09,0.04628581534045506,160217.6706940972,458.00992800562017
2254.0,10007.382297438664,10822633545.920397,436.54438411309934,5.897383256892464e-05,2.6598179351649147,0.2333672963002839,1.5440329019042934e+16,0.39437426827975824,0.39437426827975824,584634042813.7089,0.22367812812297674,702453.4825210737,702331.6345082416,695893.2323860092,121.84801283206,6438.402122232312,1.0288888384389845,0.00017346061463707603,0.00017346061463707605,0.00017346061463707605,0.009167182290942015,6438.402122232312,-34871215.43495807,-0.0032220637691371167,-1.0287151477131622,0.8594885608019169,0.0,0.0,213548956311380.5,-525.6613764471842,0.24517287166127244,1.0,69680466790196.49,1318716391179.9915,5773815582984127.0,-11133407066.836926,0.016442438360999068,-0.15151536646582472,0.07923752035856818,0.009167182290942015,1757581858215674.0,7601077907989998.0,7602396624381179.0,7531397441199801.0,533494.510230421,-11133407066.836926,1.0,456.89660936668633,3.019770919035456e-09,3.019770919035456e-09,0.0462497258410417,162398.72215558813,456.89660936668633
2255.0,10100.739819274322,10822706529.809677,436.0557281013401,5.884089890344456e-05,2.6587852219692283,0.23337106025786766,1.5653877975354314e+16,0.3942015207670919,0.3942015207670919,573500635746.872,0.21976385281612282,711932.8014715108,711813.5934814782,705337.1229397912,119.20799003264776,6476.470541687013,1.0280802503536057,0.00016744275553290137,0.00016744275553290137,0.00016744275553290134,0.009098548553997986,6476.470541687013,-34633708.587306894,-0.003200096804982473,-1.0090216381099213,0.8576983940500051,0.0,0.0,216086756957739.75,-526.1364593092522,0.24343391128804215,1.0,70092940021636.055,1290153092131.8237,5852182131664478.0,-10920345071.491503,0.016108252628262133,-0.14953725603141851,0.07900220226869967,0.009098548553997986,1781474554493171.0,7703749626179285.0,7705039779271416.0,7633656686157649.0,540731.8507200981,-10920345071.491503,1.0,455.81144107347313,2.959041025987671e-09,2.959041025987671e-09,0.04621369229287775,164605.27221969303,455.81144107347313
2256.0,10194.826368388472,10822777263.03154,435.5676190779434,5.870934209500084e-05,2.6577676678836246,0.23337466012888292,1.5869964732312054e+16,0.39403059128874945,0.39403059128874945,562580290675.3805,0.21594579070138537,721524.3726349607,721407.7200589686,714892.6077662081,116.65257599203348,6515.112292760548,1.0272947086474402,0.00016167517053654855,0.00016167517053654855,0.00016167517053654855,0.009031109747796983,6515.112292760548,-34398239.40731535,-0.0031783190738677502,-0.9897169253370698,0.8559119559073453,0.0,0.0,218652084817872.5,-526.6014913501283,0.24172454218732908,1.0,70511609188186.16,1262504847120.6387,5931474902792365.0,-10711485836.375523,0.015789174386725544,-0.14757122577236015,0.07875820511512051,0.009031109747796983,1805648558049077.8,7807635070029628.0,7808897574876749.0,7737123460841442.0,548054.7884001186,-10711485836.375523,1.0,454.7447227988212,2.8996350425654076e-09,2.8996350425654076e-09,0.04617786522189382,166837.81936608962,454.7447227988212
2257.0,10289.646319022435,10822845814.97773,435.0800564306251,5.8579145503665854e-05,2.656764953122044,0.23337810316937682,1.6088616817129926e+16,0.3938614607113218,0.3938614607113218,551868804839.005,0.21221762758876428,731229.3559353055,731115.1811061859,724560.8544059792,114.17482911955533,6554.326700206652,1.0265316890301204,0.00015614092649975173,0.00015614092649975173,0.00015614092649975173,0.00896483463835326,6554.326700206652,-34164786.209798165,-0.0031567285346075554,-0.9707983235089966,0.8541292386078858,0.0,0.0,221245157374419.0,-527.0567871259242,0.24004399495073603,1.0,70936467297328.36,1235696571512.3767,6011703571717028.0,-10506800572.776741,0.0154811057664155,-0.14561779094197347,0.07850583717079394,0.00896483463835326,1830106839087411.8,7912746878101769.0,7913982574673282.0,7841810410804440.0,555464.2165739287,-10506800572.776741,1.0,453.6960029105917,2.841521663910771e-09,2.841521663910771e-09,0.04614223469179901,169096.63783205042,453.6960029105917
2258.0,10385.2040610276,10822912252.90138,434.59303954778676,5.8450292730159805e-05,2.65577678248561,0.23338139586828752,1.6309861974504344e+16,0.3936941101027644,0.3936941101027644,541362004266.2283,0.20857488911865818,741048.9205580978,740937.1506835648,734343.0370552859,111.76987453299111,6594.113628278974,1.0257907064138891,0.00015082658031377353,0.00015082658031377353,0.00015082658031377353,0.008899693613952892,6594.113628278974,-33933327.6546096,-0.00313532317935155,-0.952264226702784,0.852350234401751,0.0,0.0,223866183114326.5,-527.5026438558667,0.2383915412956421,1.0,71367513184524.48,1209675544588.3594,6092877873013705.0,-10306272167.18122,0.015181759379161728,-0.14367744653679335,0.07824540203660604,0.008899693613952892,1854852380564761.0,8019097766762990.0,8020307442307578.0,7947730253578466.0,562961.0340211657,-10306272167.18122,1.0,452.66486063009336,2.784670407666942e-09,2.784670407666942e-09,0.04610679263111628,171382.0030341202,452.66486063009336
2259.0,10481.503999846542,10822976641.982876,434.1065678185141,5.8322767611724037e-05,2.654802860775448,0.23338454471455297,1.653372815761867e+16,0.39352852073027794,0.39352852073027794,531055732099.04706,0.2050141323531774,750984.2448629648,750874.8108647446,744240.337981686,109.43399822018047,6634.472883058585,1.0250712784077474,0.00014572076440851214,0.0001457207644085121,0.0001457207644085121,0.008835657804818353,6634.472883058585,-33703842.734829605,-0.003114101032436002,-0.9341128038997042,0.8505749355552061,0.0,0.0,226515371843344.0,-527.9393493842095,0.23676647060264622,1.0,71804745045211.84,1184401606575.8088,6175007606392018.0,-10109881057.58363,0.014889857772157303,-0.14175067023325438,0.07797719929772007,0.008835657804818353,1879888187605210.8,8126700539042440.0,8127884940649017.0,8054895793997228.0,570546.1455436252,-10109881057.58363,1.0,451.65088002446066,2.7290515860636403e-09,2.7290515860636403e-09,0.04607153237134698,173694.19243806083,451.65088002446066
2260.0,10578.550556493668,10823039045.393686,433.6206406325771,5.8196554218075854e-05,2.653842892792683,0.23338755619711132,1.6760243529462014e+16,0.3933646740582112,0.3933646740582112,520945851041.46344,0.20153249467017564,761036.5164367601,760929.3522927929,754253.9480844501,107.16414396715773,6675.404208342741,1.0243729252200002,0.00014081340599648182,0.00014081340599648182,0.00014081340599648184,0.008772699053110199,6675.404208342741,-33476310.756378215,-0.0030930601484456272,-0.9163419903490679,0.848803334350625,0.0,0.0,229192936032434.0,-528.3671826133267,0.23516808919129695,1.0,72248160390678.81,1159841714422.7383,6258102641281711.0,-9917605140.481728,0.014604681225044831,-0.13983792237512555,0.07770152443733262,0.008772699053110199,1905217288978635.5,8235568090651025.0,8236727932365448.0,8163319930260346.0,578220.4623889974,-9917605140.481728,1.0,450.6536498697826,2.6746362793099748e-09,2.6746362793099748e-09,0.04603644812261276,176033.4856954527,450.6536498697826
2261.0,10676.348167535203,10823099524.358236,433.13525738042847,5.807163684744323e-05,2.6528965833384395,0.23339043680490065,1.6989436465494448e+16,0.3932025517459865,0.3932025517459865,511028245900.9817,0.1981274444440348,771206.9321650058,771101.9745286271,764385.0672469818,104.95763637869264,6716.907281645349,1.0236951695631884,0.0001360952968667508,0.00013609529686675083,0.00013609529686675083,0.008710789887098109,6716.907281645349,-33250711.32380948,-0.0030721986108485965,-0.8989494787730113,0.8470354230864557,0.0,0.0,231899091505991.0,-528.7864138893283,0.23359571970422377,1.0,72697756005134.16,1135966944367.993,6342172919691911.0,-9729419676.130264,0.014325817274719828,-0.13793964594241603,0.07741866874647162,0.008710789887098109,1930842738055435.8,8345713413752481.0,8346849380696849.0,8273015657747347.0,585984.9025150653,-9729419676.130264,1.0,449.6727635181216,2.6213963114579095e-09,2.6213963114579095e-09,0.046001534681386236,178400.16473191645,449.6727635181216
2262.0,10774.901285068741,10823158138.213875,432.6504174532036,5.7948000022677425e-05,2.651963637213843,0.23339319302685899,1.722133555700044e+16,0.39304213564604656,0.39304213564604656,501298826224.85144,0.19479664349589604,781496.6983126482,781393.8862841539,774634.9045739302,102.81202849430656,6758.981710223693,1.0230375365613666,0.00013155785394396543,0.00013155785394396543,0.0001315578539439654,0.008649903497921392,6758.981710223693,-33027024.32959103,-0.003051514530955695,-0.8819327103968415,0.8452711940771876,0.0,0.0,234634057771555.25,-529.1973053551642,0.2320487005572487,1.0,73153527903046.3,1112750842904.431,6427228458112261.0,-9545297191.888596,0.014053021949925967,-0.13605626650191757,0.0771289192297862,0.008649903497921392,1956767613471599.5,8457149599486907.0,8458262350329812.0,8383996071583861.0,593840.3907653644,-9545297191.888596,1.0,448.707818768341,2.5693042279287756e-09,2.5693042279287756e-09,0.04596678726479708,180794.51380856577,448.707818768341
2263.0,10874.214376702173,10823214944.468998,432.1661202427191,5.782562848744204e-05,2.651043759220017,0.2333958313519245,1.7455969614771996e+16,0.3928834078018232,0.3928834078018232,491753529032.9628,0.19153787146467444,791907.0306092122,791806.3055911257,785004.6785640396,100.72501808647216,6801.627027086139,1.0223995536597037,0.00012719298376349133,0.00012719298376349133,0.00012719298376349133,0.008590013718075105,6801.627027086139,-32805229.94540561,-0.0030310060470683077,-0.8652888657976271,0.8435106396533173,0.0,0.0,237398058155798.25,-529.6001112793846,0.23052638543310033,1.0,73615471286262.94,1090168521035.4156,6513279348879399.0,-9365207383.583508,0.013786142866253985,-0.13418819213950964,0.07683255850727053,0.008590013718075105,1982995019632998.0,8569889839798658.0,8570980008319694.0,8496274368512396.0,601787.8589954354,-9365207383.583508,1.0,447.75841774065833,2.5183332742571762e-09,2.5183332742571762e-09,0.045932201414242035,183216.8195686043,447.75841774065833
2264.0,10974.291925532001,10823269998.859385,431.6823651414725,5.770450720247653e-05,2.650136654158088,0.23339835826903513,1.7693367672927794e+16,0.3927263504457272,0.3927263504457272,482388321649.37933,0.18834898449446064,802439.1543357159,802340.4599338846,795495.6172469272,98.69440183141356,6844.842686957321,1.02178075053638,0.0001229930036416479,0.0001229930036416479,0.0001229930036416479,0.008531095001143726,6844.842686957321,-32585308.61467442,-0.0030106713237412017,-0.8490148555678579,0.8417537521613161,0.0,0.0,240191319837347.75,-529.995078365526,0.2290281428057005,1.0,74083580500657.23,1068196158397.311,6600335761242668.0,-9189117014.85353,0.013525076576367376,-0.13233581337433487,0.07652986471185984,0.008531095001143726,2009528087130127.2,8683947428873453.0,8685015625031850.0,8609863848372795.0,609828.2461712817,-9189117014.85353,1.0,446.82416675485376,2.468457375799771e-09,2.468457375799771e-09,0.045897772937150805,185667.37107564555,446.82416675485376
2265.0,11075.13843012127,10823323355.4028,431.1991515426413,5.758462134193289e-05,2.64924202682918,0.23340078026712907,1.7933558992765142e+16,0.39257094599715947,0.39257094599715947,473199204634.5258,0.18522789295215797,813094.30441196,812997.5863615863,806108.9582993973,96.71805037352193,6888.628062189187,1.021180659016745,0.00011895059385942895,0.00011895059385942895,0.00011895059385942895,0.008473122402512794,6888.628062189187,-32367241.04586105,-0.0029905085511192763,-0.8331073107924741,0.8400005239635956,0.0,0.0,243014073826226.25,-530.3824460450103,0.22755335548807332,1.0,74557848992175.36,1046810733496.7644,6688407942258548.0,-9016989814.457005,0.013269744888497227,-0.13049950305494215,0.07622111138283608,0.008473122402512794,2036369973102740.5,8799335764353462.0,8800382575086960.0,8724777915361288.0,617962.4984519953,-9016989814.457005,1.0,445.9046762120516,2.4196511182604036e-09,2.4196511182604036e-09,0.04586349786981336,188146.45984740194,445.9046762120516
2266.0,11176.758404476734,10823375066.451916,430.71647884008235,5.7465956289783464e-05,2.6483595820344172,0.23340310383514437,1.817657306659137e+16,0.3924171770605433,0.3924171770605433,464182214820.0688,0.18217254971069355,823873.725483436,823778.9315885099,816845.9491498972,94.79389492611175,6932.982438612756,1.0205988129897254,0.00011505876688868576,0.00011505876688868576,0.00011505876688868576,0.008416071560902563,6932.982438612756,-32151008.206310794,-0.0029705159443255288,-0.8175625733397853,0.8382509474384757,0.0,0.0,245866554916970.0,-530.7624467554481,0.2261014201998104,1.0,75038269262230.3,1025989878795.1406,6777506217585140.0,-8848786371.550098,0.01302008168772677,-0.12867961623748833,0.07590656735498019,0.008416071560902563,2063523861576107.2,8916068348423477.0,8917094338302272.0,8841030079161247.0,626191.5692631467,-8848786371.550098,1.0,444.99956048001394,2.371889728939387e-09,2.371889728939387e-09,0.04582937245213081,190654.3798867505,444.99956048001394
2267.0,11279.156378025627,10823425182.745615,430.234346428331,5.734849763629881e-05,2.6474890245749254,0.23340533546201903,1.8422439621508336e+16,0.39226502642337696,0.39226502642337696,455333428448.5187,0.17918094431069326,834778.6720075291,834685.7520872769,827707.847075948,92.91992025209532,6977.905011328857,1.0200347483264505,0.00011131084605771678,0.0001113108460577168,0.0001113108460577168,0.008359918680628478,6977.905011328857,-31936591.31648412,-0.002950691742887131,-0.8023766859661335,0.8365050149801511,0.0,0.0,248749001630307.5,-531.1353062056536,0.2246717471516323,1.0,75524832822423.58,1005711804835.2428,6867640992216831.0,-8684464028.93382,0.012776025572135589,-0.12687649004608814,0.07558649664340904,0.008359918680628478,2090992963781141.2,9034158788820396.0,9035164500625232.0,8958633955997972.0,634516.4193646408,-8684464028.93382,1.0,444.108437781872,2.3251490586452365e-09,2.3251490586452365e-09,0.04579539310914238,193191.4277113072,444.108437781872
2268.0,11382.336895591825,10823473753.458693,429.7527537026001,5.723223117459363e-05,2.646630059251829,0.2334074816366912,1.8671188623138644e+16,0.3921144770543069,0.3921144770543069,446648964419.58484,0.1762511004054041,845810.4083388465,845719.3141776628,838695.9192972248,91.09416118374325,7023.394880437938,1.0194880028010707,0.0001077004495163996,0.0001077004495163996,0.00010770044951639958,0.008304640514527154,7023.394880437938,-31723971.84450203,-0.0029310342101919436,-0.7875453822350801,0.8347627189986575,0.0,0.0,251661656151300.75,-531.5012436283471,0.22326375964552314,1.0,76017530148596.17,985955262665.5807,6958822751181257.0,-8523976774.278983,0.012537515707764865,-0.1250904435153998,0.07526115832403547,0.008304640514527154,2118780518465165.2,9153620799795020.0,9154606755057684.0,9077603269646422.0,642938.0169150899,-8523976774.278983,1.0,443.2309300882296,2.2794055642243863e-09,2.2794055642243863e-09,0.04576155643655122,195757.90238213484,443.2309300882296
2269.0,11486.30451737137,10823520826.250055,429.2717000587799,5.7117142897239684e-05,2.6457823908662528,0.23340954884809895,1.8922850279289944e+16,0.3919655121012216,0.3919655121012216,438124987645.30585,0.17338107505207923,856970.2088136262,856880.894112509,849811.4430657988,89.31470111717499,7069.451046710066,1.0189581160137546,0.00010422147724460648,0.00010422147724460647,0.00010422147724460647,0.008250214347505154,7069.451046710066,-31513131.500952546,-0.0029115416329707072,-0.7730640762519151,0.8330240519198396,0.0,0.0,254604764268159.75,-531.8604720213235,0.22187689368938424,1.0,76516350634221.66,966699527632.0426,7051062060211132.0,-8367275129.338364,0.012304489464799347,-0.12332177741553228,0.07493080640959142,0.008250214347505154,2146889792197154.0,9274468203042510.0,9275434902570142.0,9197951852408286.0,651457.3375338588,-8367275129.338364,1.0,442.3666630125787,2.2346362916741754e-09,2.2346362916741754e-09,0.045727859188770204,198354.10553194003,442.3666630125787
2270.0,11591.063818907582,10823566447.30942,428.7911848934365,5.700321899294386e-05,2.6449457242193213,0.23341154358518032,1.9177455043558104e+16,0.39181811488936497,0.39181811488936497,429757712515.96747,0.17056895905454694,868259.3578332517,868171.7781616308,861055.705754434,87.57967162086507,7116.072407196828,1.0184446293158358,0.0001008680998721636,0.00010086809987216358,0.00010086809987216361,0.008196617980678014,7116.072407196828,-31304052.23392452,-0.0028922123208017306,-0.7589278522140628,0.8312890061853179,0.0,0.0,257578575313924.25,-532.2131983777552,0.22051059762541259,1.0,77021282543159.95,947924395221.9722,7144369566398289.0,-8214306037.152732,0.012076881038868774,-0.1215707740593605,0.07459568972115459,0.008196617980678014,2175324079669734.8,9396714928611184.0,9397662853006406.0,9319693646068024.0,660075.3643614647,-8214306037.152732,1.0,441.51526570996026,2.190818859810114e-09,2.190818859810114e-09,0.04569429826855642,200980.34139296928,441.51526570996026
2271.0,11696.619391065475,10823610661.40258,428.3112076038117,5.68904458432903e-05,2.6441197641121605,0.2334134723368734,1.9435033618872028e+16,0.39167226891946977,0.39167226891946977,421543406478.81476,0.1678128779169267,879679.1499468996,879593.2626942144,872430.0049434274,85.88725268525285,7163.257750786976,1.0179470857370991,9.763474863583756e-05,9.763474863583759e-05,9.763474863583761e-05,0.00814382971607326,7163.257750786976,-31096716.224245794,-0.0028730446056358903,-0.7451314537785173,0.829557574252455,0.0,0.0,260583342111997.75,-532.5596239062079,0.219164331771609,1.0,77532312961792.58,929610183842.68,7238755998833986.0,-8065012747.263564,0.011854620616617685,-0.11983769709233298,0.07425605175512064,0.00814382971607326,2204086703999200.8,9520375015794978.0,9521304625978822.0,9442842702833186.0,668793.0881187064,-8065012747.263564,1.0,440.67637077882046,2.1479314444622534e-09,2.1479314444622534e-09,0.04566087071779812,203636.916824721,440.67637077882046
2272.0,11802.975840005658,10823653511.915285,427.8317675878218,5.677881001954501e-05,2.643304215345893,0.2334153415921163,1.9695616960984024e+16,0.3915279578659109,0.3915279578659109,413478393731.5512,0.1651109931651824,891230.8899333811,891146.6542600269,883935.6485063193,84.23567335420158,7211.005753707659,1.01746502991517,9.451610610186342e-05,9.451610610186342e-05,9.45161061018634e-05,0.008091828341874205,7211.005753707659,-30891105.880907916,-0.0028540368413402417,-0.7316692732462919,0.8278297485943246,0.0,0.0,263619320925985.5,-532.8999442409047,0.21783756807585852,1.0,78049427750559.23,911737741728.7527,7334232169238150.0,-7919334698.932733,0.011637633841421262,-0.11812279126485734,0.07391213054556382,0.008091828341874205,2233181017024388.0,9645462614013096.0,9646374351754826.0,9567413186262538.0,677611.507164768,-7919334698.932733,1.0,439.84961416598924,2.1059527631778753e-09,2.1059527631778753e-09,0.04562757370916959,206324.14134155135,439.84961416598924
2273.0,11910.137787157784,10823695040.895748,427.35286424405734,5.6668298279521654e-05,2.642498782721647,0.23341715783984704,1.995923628191001e+16,0.3913851655748779,0.3913851655748779,405559059032.61847,0.1624615039021382,902915.8928822496,902833.2696696529,895573.954694679,82.62321259664753,7259.3149749739305,1.0169980080270198,9.150709744725086e-05,9.150709744725086e-05,9.150709744725086e-05,0.00804059311818462,7259.3149749739305,-30687203.836663164,-0.0028351874032588736,-0.7185353405660212,0.8261055216996765,0.0,0.0,266686771413947.0,-533.2343496427184,0.21652978978214488,1.0,78572611494925.58,894288456445.209,7430808972579242.0,-7777207402.392781,0.011425841444059651,-0.11642628218734608,0.07356415852192973,0.00804059311818462,2262610399604948.0,9771991983679116.0,9772886272135560.0,9693419372184190.0,686531.6275544551,-7777207402.392781,1.0,439.0346350747533,2.0648620604095288e-09,2.0648620604095288e-09,0.045594404538428,209042.3271402239,439.0346350747533
2274.0,12018.1098691932,10823735289.09588,426.8744969717818,5.65588975645072e-05,2.641703171040543,0.23341892756900376,2.0225923053323956e+16,0.3912438760625666,0.3912438760625666,397781851630.2257,0.15986264852191095,914735.4842742041,914654.4360738627,907346.2522220751,81.04820034138136,7308.1838517876,1.0165455677225228,8.860288218258961e-05,8.860288218258961e-05,8.860288218258961e-05,0.007990103763294305,7308.1838517876,-30484992.943782594,-0.002816494687789897,-0.7057233121554036,0.824384886072906,0.0,0.0,269785956586938.75,-533.5630251913585,0.2152404911084218,1.0,79101847455794.11,877244266152.7222,7528497387685632.0,-7638562318.11407,0.011219158963502663,-0.11474837606800814,0.07321236236200548,0.007990103763294305,2292378261919334.5,9899977497060760.0,9900854741326914.0,9820875649604966.0,695554.4630946435,-7638562318.11407,1.0,438.2310758759313,2.024639093169018e-09,2.024639093169018e-09,0.04556136061733951,211791.78912743158,438.2310758759313
2275.0,12126.896737997251,10823774296.01122,426.39666517093127,5.645059499624617e-05,2.6409170851037103,0.23342065726852448,2.0495709009910896e+16,0.3911040735133902,0.3911040735133902,390143289312.11163,0.15731270654311474,926691.0000608889,926611.4910422557,919253.8803473667,79.50901863326177,7357.610694888977,1.0161072580601085,8.579884624760311e-05,8.579884624760311e-05,8.579884624760311e-05,0.007940340440428935,7357.610694888977,-30284456.26996396,-0.00279795711197751,-0.6932264595438654,0.8226678342340202,0.0,0.0,272917142771755.75,-533.886150969162,0.2139691769357862,1.0,79637117519396.58,860587672183.776,7627308477849557.0,-7503326734.125753,0.011017496516347567,-0.11308925943346619,0.07285696284011278,0.007940340440428935,2322488043762845.5,1.0029433639131798e+16,1.0030294226803982e+16,9949796521612402.0,704681.0354000428,-7503326734.125753,1.0,437.4385820219495,1.9852641171288863e-09,1.9852641171288863e-09,0.04552843946707141,214572.8449473239,437.4385820219495
2276.0,12236.503060640944,10823812099.919657,425.9193682421134,5.6343377873982226e-05,2.6401402297122702,0.2334223534273473,2.0768626152682652e+16,0.39096574227820863,0.39096574227820863,382639962577.9859,0.15481000053869703,938783.7867441184,938705.78264123,931298.1889573678,78.00410288835445,7407.59368386225,1.015682629444427,8.30905944369657e-05,8.309059443696571e-05,8.309059443696571e-05,0.00789128374496592,7407.59368386225,-30085577.094380878,-0.00277957311311827,-0.6810376578343633,0.8209543587186058,0.0,0.0,276080599577642.25,-534.2039022369032,0.2127153625085204,1.0,80178402146676.64,844301752686.3488,7727253391424113.0,-7371423641.368525,0.01082075859197542,-0.11144909883228488,0.07249817467047141,0.00789128374496592,2352943214845907.5,1.0160375008416696e+16,1.0161219310169384e+16,1.008019660627002e+16,713912.3739483126,-7371423641.368525,1.0,436.6568019638154,1.9467178731542083e-09,1.9467178731542083e-09,0.0454956387120391,217385.81500905516,436.6568019638154
2277.0,12346.933519351993,10823848737.918951,425.4426055866069,5.6237233671555796e-05,2.6393723096673494,0.23342402253441027,2.1044706752260296e+16,0.39082886687257695,0.39082886687257695,375268538936.6174,0.15235289815050013,951015.2014545889,950938.6695113531,943480.5386489552,76.53194323574672,7458.130862397918,1.0152712335660765,8.047394312802804e-05,8.047394312802807e-05,8.047394312802805e-05,0.007842914692101367,7458.130862397918,-29888338.90386462,-0.0027613411483807474,-0.6691493739878486,0.8192444520777962,0.0,0.0,279276599866747.75,-534.5164496019861,0.21147857314467589,1.0,80725680322200.08,828370177202.7219,7828343362413808.0,-7242771607.117631,0.010628843860711518,-0.1098280405214887,0.07213620634568052,0.007842914692101367,2383747275092777.5,1.0292816317828786e+16,1.029364468800599e+16,1.0212090637506586e+16,723249.5161345839,-7242771607.117631,1.0,435.88538707099127,1.9089815742483007e-09,1.9089815742483007e-09,0.04546295607417994,220231.02251437126,435.88538707099127
2278.0,12458.192811485405,10823884245.963102,424.9663766063606,5.613215003455662e-05,2.638613029770072,0.2334256710786515,2.1323983352127044e+16,0.3906934319750121,0.3906934319750121,368025767329.49976,0.14993981418232105,963386.612030138,963311.520944199,955802.3008106853,75.09108593910784,7509.220133513664,1.0148726233433272,7.794491328965942e-05,7.794491328965942e-05,7.794491328965939e-05,0.007795214704951759,7509.220133513664,-29692725.38921085,-0.0027432596944377994,-0.6575536549290599,0.8175381068782399,0.0,0.0,282505419728164.5,-534.8239591793862,0.21025834395682064,1.0,81278929502607.5,812777222108.5708,7930589711059193.0,-7117284646.46211,0.010441644987973373,-0.10822621013615348,0.07177125997026729,0.007795214704951759,2414903754940869.0,1.042677239550267e+16,1.0427585172724778e+16,1.0345493466000062e+16,732693.5073254319,-7117284646.46211,1.0,435.12399155408445,1.8720368928968126e-09,1.8720368928968126e-09,0.04543038936757671,223108.79348525335,435.12399155408445
2279.0,12570.285649493415,10823918658.8976,424.49068070399284,5.602811477753009e-05,2.637862094821563,0.2334273055490091,2.160648877185521e+16,0.39055942242527775,0.39055942242527775,360908482683.03766,0.14756921276837426,975899.3970935879,975825.7169586943,968264.8577039578,73.680134893616,7560.859254736453,1.0144863528658612,7.549972375538843e-05,7.549972375538843e-05,7.549972375538843e-05,0.007748165603076125,7560.859254736453,-29498720.441604335,-0.0027253272471107737,-0.6462421154759388,0.8158353157020679,0.0,0.0,285767338455298.5,-535.1265927456674,0.20905421958263182,1.0,81838125564640.5,797507786865.1024,8034003844415880.0,-6994872091.865472,0.010259048450511753,-0.10664371234215023,0.07140353108925239,0.007748165603076125,2446416215640819.0,1.056225818562134e+16,1.0563055693408204e+16,1.0480420060056698e+16,742245.4009123283,-6994872091.865472,1.0,434.3722723903319,1.8358659487954715e-09,1.8358659487954715e-09,0.045397936493451585,226019.45679162958,434.3722723903319
2280.0,12683.216760894897,10823952010.493586,424.0155172827907,5.5925115881236055e-05,2.6371192096229477,0.23342893243442106,2.1892256110310508e+16,0.3904268232226875,0.3904268232226875,353913610591.1722,0.1452396096158039,988554.9461302252,988482.6483770303,980869.6025437823,72.29775319491101,7613.045833247934,1.0141119773405003,7.313478474608433e-05,7.313478474608433e-05,7.313478474608433e-05,0.0077017495914042,7613.045833247934,-29306308.149155017,-0.002707542321025,-0.6352059260929122,0.8141360711468612,0.0,0.0,289062638526411.0,-535.4245078863981,0.20786575392500317,1.0,82403242752763.78,782547411048.2261,8138597256928354.0,-6875438460.810817,0.010080934352604036,-0.10508063047212339,0.0710332085116838,0.0077017495914042,2478288249557462.0,1.069928874923858e+16,1.070007129664963e+16,1.0616885506485816e+16,751906.2583646122,-6875438460.810817,1.0,433.62988925182844,1.8004512969474381e-09,1.8004512969474381e-09,0.04536559543546548,228963.34417917,433.62988925182844
2281.0,12796.990888244189,10823984333.480963,423.5408857467091,5.582314148995916e-05,2.63638407897535,0.23343055822382547,2.218131874883692e+16,0.3902956195244255,0.3902956195244255,347038172130.3614,0.14294957432084937,1001354.6595649588,1001283.7169001818,993617.9395791863,70.9426647769014,7665.777320995614,1.0137490530389137,7.084669162844122e-05,7.084669162844124e-05,7.084669162844124e-05,0.007655949249557023,7665.777320995614,-29115472.793539364,-0.002689903449275957,-0.6244358004692755,0.8124403658256184,0.0,0.0,292391605588142.5,-535.717858137266,0.20669250990135346,1.0,82974253626410.19,767882292120.5724,8244381530998912.0,-6758883321.544083,0.009907176241016273,-0.10353702614478341,0.0706604741290907,0.007655949249557023,2510523480471834.5,1.0837879265097156e+16,1.0838647147389276e+16,1.0754905011470746e+16,761677.1492820096,-6758883321.544083,1.0,432.89650443645826,1.7657759161169064e-09,1.7657759161169064e-09,0.04533336425533263,231940.79029717675,432.89650443645826
2282.0,12911.612789099441,10824015659.58049,423.06678550036986,5.5722179908869594e-05,2.635656407679895,0.23343218940616045,2.2473710354425064e+16,0.390165796643885,0.390165796643885,340279288808.8173,0.14069773275879893,1014299.9488391998,1014230.335183085,1006511.2841733126,69.61365611495184,7719.051009772336,1.0133971372472959,6.863221889601805e-05,6.863221889601803e-05,6.863221889601801e-05,0.007610747521546891,7719.051009772336,-28926198.84674146,-0.002672409183105576,-0.6139219829237604,0.8107481923667244,0.0,0.0,295754528441856.0,-536.006793119172,0.20553405920184986,1.0,83551129006876.36,753499303908.8898,8351368337552042.0,-6645101156.927489,0.009737640918087103,-0.10201293886759438,0.07028550272881066,0.007610747521546891,2543125563884362.5,1.097804503044328e+16,1.097879852974719e+16,1.0894493901436404e+16,771559.1514467301,-6645101156.927489,1.0,432.1717828014913,1.7318231976262101e-09,1.7318231976262101e-09,0.045301241088683275,234952.1327265825,432.1717828014913
2283.0,13027.087235990162,10824046019.534883,422.59321594906197,5.562221960143311e-05,2.6349359005377075,0.23343383247036403,2.276946488286692e+16,0.3900373400490247,0.3900373400490247,333634187651.88983,0.1384827695481587,1027392.2364874819,1027323.9269094914,1019551.0628832252,68.30957799041052,7772.864026266246,1.0130557882179974,6.648831435981246e-05,6.648831435981246e-05,6.648831435981249e-05,0.007566127705843889,7772.864026266246,-28738470.96788868,-0.0026550580915881573,-0.6036542356361739,0.8090595434139176,0.0,0.0,299151699032607.0,-536.2914586675771,0.20438998205624936,1.0,84133837923893.05,739386015743.2107,8459569436594434.0,-6533981226.413101,0.009572188252582936,-0.10050838562293753,0.06990846180214472,0.007566127705843889,2576098187319298.5,1.1119801461837626e+16,1.112054084785337e+16,1.1035667623913732e+16,781553.3508751609,-6533981226.413101,1.0,431.4553916998056,1.698576934484324e-09,1.698576934484324e-09,0.045269224141240905,237997.71200806438,431.4553916998056
2284.0,13143.41901638451,10824075443.138958,422.1201764987397,5.552324918686932e-05,2.6342222623499136,0.23343549390537432,2.306861658189953e+16,0.38991023536074154,0.38991023536074154,327100206425.47675,0.13630343058962088,1040632.9562138931,1040565.9268665814,1032738.713539497,67.02934731173372,7827.213327084424,1.0127245651231118,6.44120935354621e-05,6.44120935354621e-05,6.44120935354621e-05,0.007522073445797162,7827.213327084424,-28552274.000176672,-0.00263784876132539,-0.5936218257079149,0.8073744116262589,0.0,0.0,302583412440674.5,-536.5719969563582,0.20325986700907683,1.0,84722347561904.5,725530712206.5692,8568996677771161.0,-6425407426.156356,0.009410670988136475,-0.0990233604378312,0.06952951134729517,0.007522073445797162,2609445070630627.5,1.1263164095963692e+16,1.12638896266759e+16,1.1178441748401788e+16,791660.8418692036,-6425407426.156356,1.0,430.747000918701,1.6660213108350637e-09,1.6660213108350637e-09,0.04523731168519163,241077.87167029336,430.747000918701
2285.0,13260.612932655804,10824103959.268852,421.647666556022,5.542525743765729e-05,2.6335151979176357,0.2334371802001294,2.3371199994340204e+16,0.38978446835126174,0.38978446835126174,320674798999.3204,0.13415852568050557,1054023.5529683188,1053957.7810193321,1046075.6853255801,65.77194898670425,7882.095693752107,1.012403028009986,6.240083421426274e-05,6.240083421426274e-05,6.240083421426274e-05,0.007478568720398802,7882.095693752107,-28367592.967879683,-0.00262077979615006,-0.5838135120516209,0.8056927896780982,0.0,0.0,306049966875448.5,-536.8485466164088,0.20214331070289293,1.0,85316623206078.16,711922413435.8145,8679662000918021.0,-6319258147.272604,0.00925293454917701,-0.09755783393728973,0.0691488036670432,0.007478568720398802,2643169966309469.5,1.1408148590433566e+16,1.1408860512847002e+16,1.132283196722749e+16,801882.7270672588,-6319258147.272604,1.0,430.0462826212588,1.6341408917140023e-09,1.6341408917140023e-09,0.04520550205580287,244192.9582583213,430.0462826212588
2286.0,13378.673802048514,10824131595.910336,421.1756855281926,5.532823327708734e-05,2.632814412042001,0.23343889784356733,2.3677249961215652e+16,0.3896600249425476,0.3896600249425476,314355540852.0478,0.13204693120538957,1067565.483022541,1067500.9465847015,1059563.4388570103,64.53643783947004,7937.507727691092,1.0120907377586792,6.0451971205318e-05,6.045197120531799e-05,6.045197120531799e-05,0.007435597835379799,7937.507727691092,-28184413.073441494,-0.002603849816837996,-0.5742175321129495,0.8040146702590438,0.0,0.0,309551663671567.0,-537.1212428492211,0.20103991766937845,1.0,85916628188083.61,698550895905.711,8791577436610442.0,-6215406132.269434,0.009098816844303664,-0.09611175288140174,0.06876648316112359,0.007435597835379799,2677276659793132.5,1.155477072459166e+16,1.1555469275487566e+16,1.1468854096403574e+16,812220.1174948898,-6215406132.269434,1.0,429.3529112902347,1.6029206131034449e-09,1.6029206131034449e-09,0.04517379364826146,247343.32136212054,429.3529112902347
2287.0,13497.606456643716,10824158380.18626,420.70423282319837,5.5232165776858294e-05,2.6321196095241324,0.23344065332462616,2.398680162488722e+16,0.389536891204722,0.389536891204722,308140134719.7784,0.1299675929036641,1081260.2140462254,1081196.89210566,1073203.4462604807,63.32194056540636,7993.445845179284,1.011787256041318,5.8563091236333275e-05,5.8563091236333275e-05,5.856309123633329e-05,0.007393145414626409,7993.445845179284,-28002719.694643404,-0.0025870574608278726,-0.5648215884239346,0.8023400460739306,0.0,0.0,313088807287222.5,-537.3902175356635,0.1999493001279905,1.0,86522323831662.39,685406713620.6996,8904755106709212.0,-6113718329.649047,0.00894814806709522,-0.09468503968621322,0.06838268611325607,0.007393145414626409,2711768969775944.5,1.1703046400316818e+16,1.170373180703044e+16,1.1616524076485156e+16,822674.1326151937,-6113718329.649047,1.0,428.66656367442005,1.572345772275345e-09,1.572345772275345e-09,0.04514218491470223,250529.31364528692,428.66656367442005
2288.0,13617.415743323993,10824184338.383156,420.2333078496489,5.513704415471885e-05,2.631430495165156,0.23344245313224404,2.4299890432174444e+16,0.3894150533545091,0.3894150533545091,302026416390.12933,0.12791952871476642,1095109.2251828245,1095047.0975251084,1086997.191252813,62.12765771613837,8049.906272295314,1.0114921452833887,5.6731928000849765e-05,5.6731928000849765e-05,5.6731928000849765e-05,0.00735119639190746,8049.906272295314,-27822498.381845146,-0.002570401381948479,-0.5556128349918209,0.8006689098427878,0.0,0.0,316661705304502.5,-537.655599340161,0.19887107779196922,1.0,87133669398031.27,672481219631.4543,9019207224903230.0,-6014055746.723132,0.008800750494349325,-0.09327759192849665,0.06799754047279287,0.00735119639190746,2746650748521947.0,1.185299164282321e+16,1.1853664124042842e+16,1.1765857973425178e+16,833245.9003788972,-6014055746.723132,1.0,427.9869187374746,1.5424020184124314e-09,1.5424020184124314e-09,0.04511067436141514,253751.2908739157,427.9869187374746
2289.0,13738.10652373767,10824209495.977015,419.76291001681597,5.504285777215267e-05,2.630746773766196,0.23344430375535896,2.4616552137478948e+16,0.38929449775369124,0.38929449775369124,296012360643.4062,0.12590183170183716,1109114.007125408,1109053.0542597014,1100946.169219851,60.952865706514196,8106.885039850275,1.0112049686269124,5.495635734011809e-05,5.495635734011809e-05,5.495635734011809e-05,0.007309736002901739,8106.885039850275,-27643734.855295848,-0.002553880250153147,-0.5465778635228606,0.7990012543008076,0.0,0.0,320270668431661.0,-537.9175138104761,0.1978048776814384,1.0,87750622031141.34,659766587787.4626,9134946097249472.0,-5916273300.634976,0.008656438281773864,-0.09188928183449413,0.06761116563094491,0.007309736002901739,2781925882179556.0,1.2004622601460172e+16,1.2005282368047958e+16,1.1916871979429028e+16,843936.5572741933,-5916273300.634976,1.0,427.31365760916685,1.5130753434983024e-09,1.5130753434983024e-09,0.04507926054625089,257009.61194565773,427.31365760916685
2290.0,13859.683674262615,10824233877.658266,419.2930387346324,5.494959613210574e-05,2.6300681501283774,0.23344621168290905,2.493682280591061e+16,0.3891752109075827,0.3891752109075827,290096087342.77124,0.12391367305454846,1123276.0621924722,1123216.2652736374,1115051.8872953267,59.79691883490501,8164.377978310629,1.0109252898955323,5.323439254833766e-05,5.323439254833766e-05,5.323439254833766e-05,0.007268749777516468,8164.377978310629,-27466415.00251125,-0.002537492751260968,-0.5377026894847258,0.7973370721983133,0.0,0.0,323916010507279.0,-538.1760834732758,0.19675033394340757,1.0,88373136702837.02,647255834632.3605,9251984122710522.0,-5820219667.628531,0.008515017257139724,-0.090519955752719,0.06722367219154882,0.007268749777516468,2817598291098340.0,1.21579555505117e+16,1.215860280634633e+16,1.2069582413808862e+16,854747.2483763547,-5820219667.628531,1.0,426.6464635390174,1.4843520734675081e-09,1.4843520734675081e-09,0.04504794207615914,260304.63891897208,426.6464635390174
2291.0,13982.152085969381,10824257507.356005,418.8236934136915,5.485724887675557e-05,2.629394329052825,0.23344818340383236,2.526073881641789e+16,0.3890571794635188,0.3890571794635188,284275867675.1427,0.12195430517184488,1137596.9044037268,1137538.2451524187,1129315.8644397038,58.659251307980995,8222.380712714934,1.0106526735614827,5.1564179790667884e-05,5.1564179790667884e-05,5.1564179790667884e-05,0.007228223532487224,8222.380712714934,-27290524.875714604,-0.002521237586704526,-0.5289727380082491,0.7956763563007285,0.0,0.0,327598048506171.0,-538.431427925663,0.1957070876784418,1.0,89001166157943.84,634942841346.2958,9370333793689740.0,-5725737130.572451,0.008376284710925138,-0.0891694336109058,0.06683516173633981,0.007228223532487224,2853671930147960.0,1.2313006889995644e+16,1.2313641832836992e+16,1.22240057238377e+16,865679.1273971263,-5725737130.572451,1.0,425.9850218522991,1.4562188596071323e-09,1.4562188596071323e-09,0.04501671760489834,263636.7370425775,425.9850218522991
2292.0,14105.516664583773,10824280408.261456,418.3548734652466,5.476580578532107e-05,2.6287250153406636,0.23345022540706697,2.558833686492406e+16,0.3889403902093613,0.3889403902093613,278550130544.57025,0.12002306482533036,1152078.0595558907,1152020.5201766298,1143739.6315190417,57.5393792611057,8280.888657588102,1.010386684714448,4.9943993624256935e-05,4.994399362425693e-05,4.994399362425693e-05,0.007188143364250545,8280.888657588102,-27116050.689338263,-0.002505113473283857,-0.5203728296313143,0.7940190993885448,0.0,0.0,331317102547000.0,-538.6836639228382,0.194674786773813,1.0,89634660859325.4,622822375639.512,9490007696564334.0,-5632661424.769812,0.008240029184473266,-0.08783750835719786,0.0664457265846959,0.007188143364250545,2890150789039406.0,1.2469793146463064e+16,1.2470415968838702e+16,1.238015848560374e+16,876733.3567339258,-5632661424.769812,1.0,425.32901990837667,1.4286626702016609e-09,1.4286626702016609e-09,0.04498558583088608,267006.274785116,425.32901990837667
2293.0,14229.782330448976,10824302602.850716,417.88657830120985,5.467525677191247e-05,2.6280599137930185,0.23345234418155097,2.591965396747106e+16,0.38882483007201957,0.38882483007201957,272917469119.80045,0.11811937640402675,1166721.0652985324,1166664.6283957667,1158324.7313839102,56.436902765758845,8339.89701185668,1.0101268890322983,4.8372232613558024e-05,4.8372232613558024e-05,4.837223261355804e-05,0.0071484956420805644,8339.89701185668,-26942978.81758327,-0.0024891191429263536,-0.5118871658867442,0.7923652942572911,0.0,0.0,335073495901532.5,-538.9329054620573,0.19365308574291396,1.0,90273568932947.16,610890113504.2362,9611018512216576.0,-5540821582.073761,0.008106030255694412,-0.08652394538566535,0.06605544954782108,0.0071484956420805644,2927038892648638.0,1.262833097379816e+16,1.2628941863911664e+16,1.2538057404865214e+16,887911.107518871,-5540821582.073761,1.0,424.6781470613513,1.4016707824132378e-09,1.4016707824132378e-09,0.04495454549515454,270413.6238650392,424.6781470613513
2294.0,14354.95401848688,10824324112.906809,417.4188073341518,5.458559188342025e-05,2.6273987292110137,0.23345454621622244,2.625472746337259e+16,0.38871048611598724,0.38871048611598724,267376647537.72668,0.11624275524121823,1181527.4712099393,1181472.1197021233,1173072.718948355,55.35150781598229,8399.400753768488,1.0098728527536953,4.6847415032423875e-05,4.684741503242388e-05,4.684741503242388e-05,0.007109267001481316,8399.400753768488,-26771295.79203491,-0.002473253342452403,-0.503499314736501,0.7907149337175012,0.0,0.0,338867555005407.5,-539.179263863034,0.19264164557076435,1.0,90917836112983.88,599142660738.2867,9733379016563164.0,-5450039773.334362,0.007974058322342943,-0.08522848194624827,0.06566440367733643,0.007109267001481316,2964340301342667.0,1.2788637154018814e+16,1.2789236296679552e+16,1.269771931790583e+16,899213.5596676365,-5450039773.334362,1.0,424.03209462298616,1.3752307743898251e-09,1.3752307743898251e-09,0.04492359537946844,273859.1592807184,424.03209462298616
2295.0,14481.036678159122,10824344959.541042,416.95155997730024,5.4496801297442496e-05,2.626741166395774,0.2334568380000194,2.6593595018378e+16,0.3885973455418941,0.3885973455418941,261926607764.39233,0.11439281102408604,1196498.8388730814,1196444.5559047945,1187985.1612689737,54.28296828682036,8459.394635820914,1.0096241426525727,4.536817464691116e-05,4.536817464691116e-05,4.5368174646911153e-05,0.0070704443378269335,8459.394635820914,-26600988.299331255,-0.0024575148333464743,-0.4951921958551029,0.7890680105946846,0.0,0.0,342699609470448.0,-539.4228478449312,0.1916401335654182,1.0,91567405687016.64,587577574164.3702,9857102081083120.0,-5360131149.208243,0.007843874382901475,-0.0839508265392212,0.06527265200824976,0.0070704443378269335,3002059111308248.0,1.2950728598078384e+16,1.2951316175652548e+16,1.2859161192391368e+16,910641.901928176,-5360131149.208243,1.0,423.39055582788984,1.3493305175939185e-09,1.3493305175939185e-09,0.044892734304509796,277343.2593407977,423.39055582788984
2296.0,14608.035273427357,10824365163.213722,416.4848356445402,5.4408875320249725e-05,2.626086930148425,0.23345922602188,2.693629462784845e+16,0.3884853956850735,0.3884853956850735,256566476615.18408,0.11256925128682556,1211636.7419516474,1211583.5108037884,1203063.6376240873,53.231147859136115,8519.87317970115,1.0093803260144734,4.393325657440355e-05,4.393325657440355e-05,4.393325657440355e-05,0.007032014800241791,8519.87317970115,-26432043.178883344,-0.0024419023915334863,-0.4869480657642911,0.7874245177292929,0.0,0.0,346569992098342.0,-539.6637636000858,0.1906482232150878,1.0,92222218441356.05,576193382484.3116,9982200673344160.0,-5270903679.353297,0.007715229815110232,-0.08269065829428052,0.06488024729627632,0.007032014800241791,3040199454883187.5,1.3114622346668704e+16,1.3115198540051186e+16,1.3022400128227348e+16,922197.3319293004,-5270903679.353297,1.0,422.75322580092717,1.323958169344913e-09,1.323958169344913e-09,0.04486196112817753,280866.3056947869,422.75322580092717
2297.0,14735.954782712923,10824384743.754223,416.0186337504127,5.432180438478651e-05,2.6254357252700915,0.23346171677074223,2.728286461994679e+16,0.3883746240141446,0.3883746240141446,251295572935.83078,0.11077188498792563,1226942.7662661837,1226890.5702642766,1218309.739593034,52.19600190712352,8580.830671242715,1.009140970614747,4.25415132165991e-05,4.25415132165991e-05,4.25415132165991e-05,0.006993965785713369,8580.830671242715,-26264447.42064469,-0.002426414807160244,-0.47874850282210274,0.7857844479766903,0.0,0.0,350479038895680.5,-539.9021148645919,0.18966559405083017,1.0,92882212606537.95,564989606728.4341,1.0108687857527656e+16,-5182157990.042745,0.007587866152176588,-0.08144762633435622,0.06448723174948456,0.006993965785713369,3078765500890360.5,1.3280335571024554e+16,1.3280900560631282e+16,1.3187453358418016e+16,933881.0562291283,-5182157990.042745,1.0,422.11980152683515,1.2991021655683951e-09,1.2991021655683951e-09,0.044831274744008276,284428.6833639056,422.11980152683515
2298.0,14864.800198856237,10824403720.380436,415.5529537101139,5.423557904870915e-05,2.6247872565618975,0.2334643167355443,2.763334365884247e+16,0.38826501812960956,0.38826501812960956,246113414945.78802,0.10900062617227496,1242418.5098703762,1242367.332291029,1233725.0711356264,51.177579347364244,8642.261155402399,1.0089056446986,4.1191900266121836e-05,4.1191900266121836e-05,4.1191900266121836e-05,0.006956284933430557,8642.261155402399,-26098188.162927996,-0.002411050884381717,-0.47057439206909046,0.7841477942071222,0.0,0.0,354427089090325.5,-540.1380029858742,0.18869193151460883,1.0,93547323803037.05,553966780287.6744,1.0236576794952518e+16,-5093687200.228425,0.007461514856705716,-0.080221349124255,0.064093636754243,0.006956284933430557,3117761454974573.0,1.344788557373013e+16,1.3448439540510418e+16,1.3354338249927092e+16,945694.2903634366,-5093687200.228425,1.0,421.48998182202104,1.2747512137458493e-09,1.2747512137458493e-09,0.044800674079613634,288030.7807721898,421.48998182202104
2299.0,14994.576529075252,10824422111.71762,415.0877949394947,5.41501899924585e-05,2.624141228824968,0.23346703240522415,2.7987770747932796e+16,0.3881565657624659,0.3881565657624659,241019727745.5596,0.10725549771874807,1258065.5831274423,1258015.407102991,1249311.2486717291,50.17602445148822,8704.158431261776,1.0086739169630021,3.988347278903772e-05,3.988347278903772e-05,3.988347278903772e-05,0.006918960119340721,8704.158431261776,-25933252.690268137,-0.0023958094411520546,-0.4624059099351753,0.7825145493056836,0.0,0.0,358414485148906.5,-540.371526987365,0.18772692683260228,1.0,94217484987243.33,543126468550.7731,1.036588074459763e+16,-5005276756.091218,0.007335897092393833,-0.0790114138042439,0.06369948259544607,0.006918960119340721,3157191559942186.5,1.361728978952706e+16,1.3617832915995608e+16,1.3523072304539816e+16,957638.2588938755,-5005276756.091218,1.0,420.8634673085207,1.2508942860586756e-09,1.2508942860586756e-09,0.04477015809524265,291672.98977785365,420.8634673085207
2300.0,15125.2887949236,10824439935.816683,414.6231568550599,5.4065628017367593e-05,2.6234973468604283,0.2334698702687199,2.8346185233081704e+16,0.38804925477283275,0.38804925477283275,236014450989.46838,0.10553663517390603,1273885.6087866912,1273836.4172080627,1265069.9011610048,49.191578628491044,8766.51604705777,1.0084453565404312,3.8615381388399095e-05,3.8615381388399095e-05,3.8615381388399095e-05,0.006881979450918687,8766.51604705777,-25769628.431329187,-0.0023806893090201177,-0.454222508809685,0.780884706172289,0.0,0.0,362441572795507.5,-540.6027836304053,0.18677027689357628,1.0,94892626397749.94,532471288212.1049,1.0496613063623166e+16,-4916704264.1064,0.00721072349353084,-0.07781737550868863,0.06330477817099897,0.006881979450918687,3197060096103678.0,1.3788565786124596e+16,1.3789098257412808e+16,1.3693673159726844e+16,969714.1954560827,-4916704264.1064,1.0,420.23996039008966,1.2275206127204402e-09,1.2275206127204402e-09,0.04473972578237384,295355.7057049221,420.23996039008966
2301.0,15256.942032248025,10824457210.171871,414.15903887396746,5.398188404380286e-05,2.622855315469403,0.23347283681496966,2.8708626805877212e+16,0.38794307314859233,0.38794307314859233,231097746725.362,0.1038442906724311,1289880.222060237,1289831.9974780495,1281002.670182803,48.22458218762962,8829.327295246636,1.008219532984464,3.7386868457137676e-05,3.7386868457137676e-05,3.7386868457137676e-05,0.006845331262141288,8829.327295246636,-25607302.956854496,-0.0023656893329294156,-0.44600290147848687,0.779258257721641,0.0,0.0,366508701031357.5,-540.831867473476,0.18582168413218758,1.0,95572675501999.75,522004926368.41345,1.0628787207890582e+16,-4827739322.666382,0.007085693932355756,-0.07663875666986339,0.06290952070054316,0.006845331262141288,3237371381619079.0,1.396173126501166e+16,1.3962253269938028e+16,1.386615858950966e+16,981923.342807673,-4827739322.666382,1.0,419.61916523040765,1.2046196754916712e-09,1.2046196754916712e-09,0.044709376162371806,299079.32737513,419.61916523040765
2302.0,15389.541291145415,10824473951.737953,413.6954404140277,5.389894910933878e-05,2.622214839453017,0.23347593853291146,2.907513550690857e+16,0.38783800900404486,0.38783800900404486,226270007402.69562,0.10217883694489742,1306051.0706999004,1306003.7952238016,1297111.2100161952,47.27547609868888,8892.58520760637,1.0079960162572068,3.619726453220118e-05,3.619726453220118e-05,3.619726453220118e-05,0.0068090041086614934,8892.58520760637,-25446263.977658313,-0.0023508083710222904,-0.43772504543167834,0.7776351968831997,0.0,0.0,370616222155495.5,-541.058870928862,0.1848808564170824,1.0,96257556943345.39,511732159586.26794,1.076241673248125e+16,-4738143352.298514,0.006960497284315696,-0.0754750463070538,0.06251369542840675,0.0068090041086614934,3278129772846352.0,1.4136804062270948e+16,1.4137315794430536e+16,1.4040546505327602e+16,994266.9528761036,-4738143352.298514,1.0,419.0007877333749,1.182181201371605e-09,1.182181201371605e-09,0.04467910828515742,302844.2571400916,419.0007877333749
2303.0,15523.091635919034,10824490176.946838,413.23236089370266,5.3816814366964835e-05,2.621575623612395,0.2334791819114834,2.9445751729064064e+16,0.3877340505785787,0.3877340505785787,221531864050.3971,0.10054077141346156,1322399.815074275,1322353.4702705017,1313397.1877201197,46.34480377339915,8956.282550381891,1.0077743767185607,3.504598476580709e-05,3.504598476580709e-05,3.504598476580709e-05,0.006772986763175951,8956.282550381891,-25286499.342658017,-0.0023360452944482545,-0.42936612704553273,0.7760155166011518,0.0,0.0,374764491786233.0,-541.2838843168531,0.18394750694363027,1.0,96947192488569.16,501658873197.68787,1.0897515292213398e+16,-4647669424.518077,0.006834811191280183,-0.07432569930107939,0.0621172753207659,0.006772986763175951,3319339664692639.5,1.4313802149394608e+16,1.4314303808267806e+16,1.4216854956906038e+16,1006746.2868063832,-4647669424.518077,1.0,418.3845355254788,1.1601951564615982e-09,1.1601951564615982e-09,0.04464892122792996,306650.90091373655,418.3845355254788
2304.0,15657.598145034413,10824505901.723701,412.7697997321052,5.373547108332454e-05,2.620937372748662,0.23348257343962361,2.9820516220850296e+16,0.3876311862353532,0.3876311862353532,216884194625.87903,0.09893072037603698,1338928.128246009,1338882.6950331088,1329862.2832136306,45.43321290003195,9020.411819478333,1.0075541851173195,3.393252553409964e-05,3.393252553409965e-05,3.393252553409965e-05,0.006737268210980403,9020.411819478333,-25127997.036945634,-0.0023213989871763326,-0.4209025456425189,0.7743992098343802,0.0,0.0,378953868883374.0,-541.5069959175689,0.18302135413119325,1.0,97641500975921.45,491792081170.6652,1.1034096642157296e+16,-4556062089.357975,0.006708301822764712,-0.07319013565436623,0.06172022075700571,0.006737268210980403,3361005490968404.0,1.4492743634101622e+16,1.4493235426182792e+16,1.43951021331257e+16,1019362.6150086184,-4556062089.357975,1.0,417.7701179402065,1.1386517399949956e-09,1.1386517399949956e-09,0.0446188140938828,310499.66820501204,417.7701179402065
2305.0,15793.065911074546,10824521141.502611,412.3077563489987,5.365491063698542e-05,2.620299791662942,0.23348611960627003,3.019947008973367e+16,0.3875294044599968,0.3875294044599968,212328132536.52106,0.0973494432794962,1355637.6960492732,1355593.1545919005,1346508.1893561932,44.54145737284993,9084.965235707214,1.0073350125840983,3.285646120837215e-05,3.285646120837215e-05,3.2856461208372144e-05,0.006701837645707373,9084.965235707214,-24970745.179898106,-0.0023068683458113493,-0.41230989743371765,0.772786269556433,0.0,0.0,383184715770982.5,-541.7282920205078,0.18210212152477,1.0,98340398263728.98,482139947005.75146,1.1172174638148164e+16,-4463057201.62205,0.0065806236352195565,-0.07206773973670545,0.06132247921527137,0.006701837645707373,3403131724744350.0,1.4673646761156244e+16,1.467412890110325e+16,1.4575306362892514e+16,1032117.2172053509,-4463057201.62205,1.0,417.15724600448954,1.1175413785285404e-09,1.1175413785285404e-09,0.044588786010918646,314390.9721508422,417.15724600448954
2306.0,15929.500040694511,10824535911.241665,411.8462301647958,5.357512451673988e-05,2.6196625851563606,0.23348982690036083,3.0582654805504656e+16,0.3874286938593177,0.3874286938593177,207865075334.89902,0.09579783708242362,1372530.2171674385,1372486.5467680693,1363336.6120279785,43.670399369305656,9149.934740090801,1.0071164306260882,3.1817441119387895e-05,3.1817441119387895e-05,3.1817441119387895e-05,0.006666684465240889,9149.934740090801,-24814732.023325194,-0.00229245227941405,-0.40356295934770015,0.7711766887554936,0.0,0.0,387457398160579.5,-541.9478569718983,0.18118953770091262,1.0,99043797179630.55,472711806231.31445,1.1311763237296352e+16,-4368381745.90614,0.006451419129444308,-0.07095785951683878,0.060923984952202866,0.006666684465240889,3445722878711045.5,1.4856529913187028e+16,1.4857002624993258e+16,1.4757486116007398e+16,1045011.3824786415,-4368381745.90614,1.0,416.5456324271512,1.0968547202905206e-09,1.0968547202905206e-09,0.0445588361303646,318325.22954933706,416.5456324271512
2307.0,16066.905654575628,10824550225.43767,411.3852206005581,5.349610431993577e-05,2.6190254580300425,0.23349370181083406,3.0970112203665236e+16,0.3873290431600287,0.3873290431600287,203496693588.9929,0.09427694070791828,1389607.4032109668,1389564.582199326,1380349.2702100961,42.82101164083788,9215.311989229995,1.0068980111236354,3.0815186751230124e-05,3.0815186751230124e-05,3.0815186751230124e-05,0.006631798267803075,9215.311989229995,-24659945.94965455,-0.002278149709324987,-0.3946356727503951,0.7695704604343494,0.0,0.0,391772285174588.0,-542.1657732199392,0.18028333617779757,1.0,99751607470498.0,463518191210.3008,1.1452876498494308e+16,-4271753660.4360356,0.006320318606189415,-0.06985980578001748,0.06052465867684884,0.006631798267803075,3488783505541112.0,1.5041411611505916e+16,1.5041875129697126e+16,1.494166000403542e+16,1058046.4093168576,-4271753660.4360356,1.0,415.9349915893443,1.0765826296810288e-09,1.0765826296810288e-09,0.044528963625649176,322302.8608932386,415.9349915893443
2308.0,16205.287887379025,10824564098.140366,410.9247270779951,5.34178417508366e-05,2.618388115085113,0.23349775082662785,3.1361884488839824e+16,0.3872304412074851,0.3872304412074851,199224939928.55685,0.09278793958692363,1406870.9787955135,1406828.9844154154,1397547.8960646742,41.994380098001685,9281.088350741182,1.0066793263286413,2.984948920757111e-05,2.984948920757111e-05,2.984948920757111e-05,0.00659716884820779,9281.088350741182,-24506375.470153272,-0.0022639595689921046,-0.38550112706062145,0.767967577610362,0.0,0.0,396129749369819.5,-542.3821213580063,0.17938325532932475,1.0,100463735753101.78,454570859132.4893,1.1595528582919474e+16,-4172881659.7730503,0.006186939920009566,-0.0687728513316869,0.06012440721875792,0.00659716884820779,3532318198253802.0,1.5228310516926378e+16,1.5228765087785512e+16,1.5127846781173276e+16,1071223.605661087,-4172881659.7730503,1.0,415.325039536955,1.0567161819198905e-09,1.0567161819198905e-09,0.044499167690912556,326324.29040358734,415.325039536955
2309.0,16344.651887698463,10824577542.96621,410.46474901946357,5.334032861901031e-05,2.617750261122696,0.2335019804366802,3.1758014238209644e+16,0.3871328769644365,0.3871328769644365,195052058268.7838,0.09133217029253589,1424322.6816202174,1424281.4899134298,1414934.2350146626,41.19170678768668,9347.25489876731,1.0064599488647783,2.8920207000305336e-05,2.8920207000305332e-05,2.8920207000305332e-05,0.006562786194276422,9347.25489876731,-24354009.223185837,-0.0022498808038019947,-0.3761315432658533,0.7663680333154369,0.0,0.0,400530166760711.0,-542.5969801659044,0.17848903830314233,1.0,101180085465577.52,445882824250.44196,1.1739733754532114e+16,-4071465056.4367785,0.006050888231436727,-0.06769623018745476,0.059723123190248376,0.006562786194276422,3576331590581675.5,1.5417245430579366e+16,1.5417691313403616e+16,1.531606534511379e+16,1084544.2889510798,-4071465056.4367785,1.0,414.7154939749505,1.0372466578379905e-09,1.0372466578379905e-09,0.04446944753960014,330389.9460635828,414.7154939749505
2310.0,16485.002818012854,10824590573.111729,410.00528584796695,5.326355683774645e-05,2.617111600943917,0.23350639712992918,3.2158544404970356e+16,0.3870363395097907,0.3870363395097907,190980593212.34705,0.08991112526571728,1441964.2625462199,1441923.8482328404,1432510.045823271,40.41431337955627,9413.802409569504,1.0062394517295263,2.80272642181802e-05,2.8027264218180193e-05,2.80272642181802e-05,0.006528640483411557,9413.802409569504,-24202835.97250761,-0.002235912370914742,-0.3664982573437913,0.7647718205959921,0.0,0.0,404973916842159.0,-542.8104266492289,0.17760043294249772,1.0,101900556819762.53,437468395627.128,1.1885506380567234e+16,-3967193581.50548,0.005911755757541563,-0.06662913674950709,0.05932068464285967,0.006528640483411557,3620828357339194.5,1.5608235294726192e+16,1.5608672763121818e+16,1.5506334737906428e+16,1098009.786170649,-3967193581.50548,1.0,414.10607426365954,1.0181655388077912e-09,1.0181655388077912e-09,0.04443838463576322,334500.25965262175,414.10607426365954
2311.0,16626.345854638123,10824603201.366486,409.54633698715475,5.3187518422500896e-05,2.616473290257849,0.23351167383640048,3.2563518321812516e+16,0.38694081803739194,0.38694081803739194,187013399630.84155,0.0885264576328137,1459797.4856753612,1459757.8220300605,1450277.0492031751,39.66364530080764,9480.772826885293,1.0060195088890904,2.717064914141678e-05,2.717064914141678e-05,2.7170649141416787e-05,0.006494757338378597,9480.772826885293,-24052855.076496385,-0.002222054206426706,-0.3566961776702458,0.7631789325129296,0.0,0.0,409471714754590.5,-543.0222453329883,0.17671815108790112,1.0,102625603893330.94,429343221900.9871,1.2032850042737188e+16,-3861094586.7245317,0.005769121520959307,-0.0655707249696434,0.05891695471799243,0.006494757338378597,3665823546935843.0,1.580129919356636e+16,1.5801728536788262e+16,1.569867358967303e+16,1111620.427917226,-3861094586.7245317,1.0,413.4978828445083,9.994658413836285e-10,9.994658413836285e-10,0.04440236119757368,338656.62128594914,413.4978828445083
2312.0,16768.68618767838,10824615440.125608,409.0879018613214,5.31122054893678e-05,2.6158405050694085,0.23352025084072933,3.2972990036567108e+16,0.38684630185481067,0.38684630185481067,183152305044.11703,0.08717998611524808,1477824.2673527019,1477785.326072358,1468236.972291692,38.941280343872094,9548.353780666139,1.0058076121031856,2.6350413377383156e-05,2.6350413377383156e-05,2.6350413377383156e-05,0.006461259028768171,9548.353780666139,-23904092.230961338,-0.0022083086797108384,-0.34717146999914505,0.7615893621416039,0.0,0.0,414061835099690.0,-543.2314252560366,0.17584553527165037,1.0,103357257761980.4,421524384468.5377,1.2181739761275522e+16,-3757997654.52385,0.005623398601033889,-0.06452038101775147,0.05851185149037329,0.006461259028768171,3711360838756401.0,1.5996457857793904e+16,1.5996879382178372e+16,1.5893100600031924e+16,1125373.906228503,-3757997654.52385,1.0,412.8958378778212,9.811440266841778e-10,9.811440266841778e-10,0.04436680804014048,342863.0660631889,412.8958378778212
2313.0,16912.02902097671,10824627301.401962,408.6299798954057,5.303761025357799e-05,2.615213605099791,0.23353226004341718,3.33870518716668e+16,0.38675278038214694,0.38675278038214694,179394307389.59317,0.08587332877926428,1496047.046518642,1496008.79790582,1486392.2297757547,38.24861282191,9616.568130065349,1.005604276888991,2.556645054105482e-05,2.556645054105482e-05,2.556645054105482e-05,0.006428149449072125,9616.568130065349,-23756532.533976767,-0.002194674409796993,-0.33796546806401007,0.7600031025717924,0.0,0.0,418745251603660.5,-543.4379333573431,0.17498270840071772,1.0,104095765926497.39,414026978592.8002,1.2332191472252032e+16,-3658350232.5367765,0.005477853556325603,-0.06347848863902536,0.05810554549899953,0.006428149449072125,3757450438770341.0,1.619373767694887e+16,1.6194151703927464e+16,1.6089641911022374e+16,1139271.6930452485,-3658350232.5367765,1.0,412.3002566094736,9.631914498983328e-10,9.631914498983328e-10,0.044332205017209025,347120.5367305062,412.3002566094736
2314.0,17056.379572065332,10824638796.83794,408.1725705149904,5.296372502802356e-05,2.6145924424665865,0.23354759603782052,3.380579712327046e+16,0.3866602431508462,0.3866602431508462,175735957157.0564,0.08460665503601802,1514468.2828535207,1514430.697116151,1504745.2763825788,37.58573736962801,9685.420733572111,1.0054092841006024,2.4817777826822475e-05,2.4817777826822475e-05,2.4817777826822475e-05,0.006395420240764756,9685.420733572111,-23610157.81507008,-0.0021811497139255127,-0.3290760661493868,0.7584201469076655,0.0,0.0,423519224266656.0,-543.641837476915,0.17412945960679682,1.0,104841181036323.27,406852030939.037,1.248422516149579e+16,-3562129552.7514606,0.005334576755614171,-0.06244551167639745,0.057698228840012626,0.006395420240764756,3804098936593702.0,1.6393165279125816e+16,1.6393572131156756e+16,1.6288324098089492e+16,1153315.6344341617,-3562129552.7514606,1.0,411.7109733932574,9.455992585700875e-10,9.455992585700875e-10,0.0442984764404144,351429.6419484171,411.7109733932574
2315.0,17201.74307211513,10824649937.716879,407.71567314630107,5.289054222180793e-05,2.613976869287386,0.23356615341729592,3.4229316347537116e+16,0.3865686798025272,0.3865686798025272,172173827604.30493,0.0833792125106613,1533090.4068902775,1533053.4549552307,1523298.5389459506,36.95193504690075,9754.916009280227,1.0052224149693305,2.4102906704539423e-05,2.410290670453943e-05,2.410290670453943e-05,0.006363063191142997,9754.916009280227,-23464950.75788309,-0.0021677329884011278,-0.32050088018311246,0.7568404882677559,0.0,0.0,428381177425783.5,-543.8432040402614,0.17328558154810736,1.0,105593550972288.6,399991761403.9524,1.2637860622546e+16,-3469309832.712333,0.0051947114626731666,-0.0614218963762662,0.05729009044663614,0.006363063191142997,3851312812179495.5,1.6594766985697784e+16,1.6595166977459188e+16,1.6489173434725496e+16,1167507.558698158,-3469309832.712333,1.0,411.1278236750532,9.283589137026426e-10,9.283589137026426e-10,0.04426555216782502,355790.9802477926,411.1278236750532
2316.0,17348.124765884768,10824660734.974134,407.2592872162057,5.2818054338820954e-05,2.61336673767978,0.23358782677519987,3.46576975249629e+16,0.3864780800878228,0.3864780800878228,168704517771.5926,0.08218974920874124,1551915.8222863006,1551879.4762284842,1542054.4182732825,36.34605781657884,9825.05795520184,1.0050434510859818,2.3420121951610373e-05,2.3420121951610373e-05,2.3420121951610366e-05,0.006331070231742205,9825.05795520184,-23320894.836858165,-0.0021544227027373796,-0.31223724495190436,0.75526411978493,0.0,0.0,433328686608148.5,-544.0420980824294,0.17245087037868678,1.0,106352919066518.62,393433744918.2207,1.2793117473571744e+16,-3379862245.42738,0.005058874566247455,-0.060408071268774885,0.056881315964670234,0.006331070231742205,3899098439104439.0,1.6798568831742698e+16,1.6798962265487614e+16,1.6692215912676182e+16,1181849.2779397315,-3379862245.42738,1.0,410.5506439699984,9.114621712428662e-10,9.114621712428662e-10,0.04423336732116301,360205.1403335511,410.5506439699984
2317.0,17495.529911669073,10824671199.207813,406.80341215221347,5.274625397633864e-05,2.6127618997613595,0.23361251070488892,3.509102621157105e+16,0.3863884338652326,0.3863884338652326,165324655526.16522,0.08103674793846183,1570946.9079127114,1570911.1411727068,1561015.291005051,35.766740004590545,9895.850167655839,1.004872174383629,2.276763130850371e-05,2.276763130850371e-05,2.276763130850371e-05,0.006299433435979358,9895.850167655839,-23177974.2580385,-0.002141217394181427,-0.3042822106830767,0.7536910346063568,0.0,0.0,438359466612760.5,-544.2385832779419,0.1716251256963034,1.0,107119324301499.97,387163200417.2452,1.2950015174295512e+16,-3293754882.4123845,0.004927389549032944,-0.05940444704533021,0.056472087627699494,0.006299433435979358,3947462087769865.0,1.700459658636688e+16,1.7004983749567296e+16,1.6897477262065378e+16,1196342.5896246382,-3293754882.4123845,1.0,409.9792718403211,8.949010649519939e-10,8.949010649519939e-10,0.04420186195631315,364672.7013804128,409.9792718403211
2318.0,17643.96378124698,10824681340.689169,406.34804738247476,5.267513382364686e-05,2.612162207649715,0.23364009979971964,3.552938567818381e+16,0.38629973109998733,0.38629973109998733,162030900643.75284,0.07991855677320465,1590186.0197792219,1590150.8072648183,1580183.511406903,35.21251440356474,9967.295857915362,1.0047083671208534,2.214364480984028e-05,2.2143644809840282e-05,2.2143644809840282e-05,0.006268145016421352,9967.295857915362,-23036173.904175926,-0.002128115662637076,-0.29663253904204656,0.7521212258934781,0.0,0.0,443471360549731.5,-544.4327219733473,0.17080815047983378,1.0,107892801490304.86,381164247623.0158,1.310857304242288e+16,-3210952710.409693,0.004800415475811993,-0.058411416432045095,0.05606258413165952,0.006268145016421352,3996409928368112.5,1.7212875772281298e+16,1.721325693652892e+16,1.7104982970790992e+16,1210989.2780999227,-3210952710.409693,1.0,409.41354587381744,8.786678906056794e-10,8.786678906056794e-10,0.04417098072250081,369194.2333069802,409.41354587381744
2319.0,17793.431659828973,10824691169.372688,405.8931923357801,5.2604686660688744e-05,2.611567513462437,0.2336704886530485,3.597285703873354e+16,0.3862119618629264,0.3862119618629264,158819947933.34314,0.07883346195350688,1609635.492808735,1609600.8109328845,1599561.4130656172,34.681875850523134,10039.397867267428,1.0045518118654744,2.1546415946634584e-05,2.154641594663458e-05,2.1546415946634578e-05,0.006237197321893024,10039.397867267428,-22895479.284071676,-0.0021151161659791274,-0.2892846985920034,0.7505546868219805,0.0,0.0,448662329670205.0,-544.6245752206348,0.16999975102191944,1.0,108673381439628.72,375420595256.4377,1.3268810269337128e+16,-3131417522.283499,0.0046780183960715635,-0.057429354057935325,0.055652980508439275,0.006237197321893024,4045948033543559.0,1.7423431684320312e+16,1.742380710491557e+16,1.7314758302880686e+16,1225791.1160440138,-3131417522.283499,1.0,408.8533056629803,8.627551914378803e-10,8.627551914378803e-10,0.04414067252820142,373770.29702160356,408.8533056629803
2320.0,17943.938846003686,10824700694.90585,405.4388464415592,5.253490535673518e-05,2.6109776693171156,0.23370357185823212,3.642151936840374e+16,0.38612511632938556,0.38612511632938556,155688530411.05963,0.07777972892470832,1629297.6424733486,1629263.4691574506,1619151.310476836,34.173315897988985,10112.158680614712,1.00440229147875,2.097426216496104e-05,2.097426216496104e-05,2.0974262164961045e-05,0.006206582834539379,10112.158680614712,-22755876.485946536,-0.0021022176157402253,-0.2822348597553169,0.7489914105817631,0.0,0.0,453930443879185.0,-544.8142028105776,0.16919973686005452,1.0,109461091097048.28,369915916348.1985,1.3430745934956766e+16,-3055107882.5200343,0.004560210853789775,-0.05645861631683481,0.05524344799822574,0.006206582834539379,4096082380719559.5,1.763628940677337e+16,1.763665932268972e+16,1.7526828315676324e+16,1240749.865839462,-3055107882.5200343,1.0,408.29839178475663,8.471557447332519e-10,8.471557447332519e-10,0.04411089022264325,378401.44463737396,408.29839178475663
2321.0,18095.490651684377,10824709926.638597,404.98500912988027,5.246578286907807e-05,2.610392527331342,0.23373924400862697,3.687544981228293e+16,0.38603918477809784,0.38603918477809784,152633422528.5396,0.07675562574162291,1649174.7663018708,1649141.080960264,1638955.5005215283,33.68534160687948,10185.580438735708,1.0042595891000607,2.042557422971969e-05,2.042557422971969e-05,2.042557422971969e-05,0.006176294166903437,10185.580438735708,-22617352.134581123,-0.002089418773146238,-0.2754788893143234,0.7474313903769102,0.0,0.0,459273872856884.5,-545.0016633055247,0.16840792070776012,1.0,110255953683758.33,364634051674.2005,1.359439902172914e+16,-2981979067.740132,0.004446973732515236,-0.05549954122210988,0.05483415392032275,0.006176294166903437,4146818854085177.5,1.7851473829498076e+16,1.785183846354975e+16,1.7741217875814318e+16,1255867.2808658455,-2981979067.740132,1.0,407.7486457809415,8.318625494723036e-10,8.318625494723036e-10,0.044081590296533246,383088.21965568286,407.7486457809415
2322.0,18248.092402054346,10824718873.632513,404.53167983144994,5.2397312241745744e-05,2.6098119396227073,0.2337773996975896,3.7334723685139816e+16,0.38595415759010504,0.38595415759010504,149651443460.79947,0.07575943672255947,1669269.145267638,1669235.9287819865,1658976.2638326809,33.21648565143815,10259.664949305497,1.004123488132058,1.989881963948508e-05,1.989881963948508e-05,1.989881963948508e-05,0.006146324059051259,10259.664949305497,-22479893.351951007,-0.002076718445474723,-0.2690123444836851,0.7458746194256605,0.0,0.0,464690877732915.5,-545.1870140713974,0.16762411838672275,1.0,111057988813893.17,359559119146.8661,1.3759788427771074e+16,-2911983002.5726776,0.0043382683151129645,-0.05455244825336155,0.054425261542199815,0.006146324059051259,4198163246246897.5,1.8069009662831868e+16,1.8069369221951012e+16,1.7957951674017972e+16,1271145.1067138545,-2911983002.5726776,1.0,407.2039101391862,8.168688149379175e-10,8.168688149379175e-10,0.04405273260335951,387831.15711882646,407.2039101391862
2323.0,18401.749435512324,10824727544.669708,404.0788579776118,5.232948660424028e-05,2.609235758308802,0.23381793351847652,3.779941456287273e+16,0.385870025247681,0.385870025247681,146739460458.2268,0.07478947071898948,1689583.0450647192,1689550.2797530112,1679215.8660562392,32.765311707827806,10334.413696771953,1.0039937722262906,1.9392542913788965e-05,1.939254291378897e-05,1.939254291378897e-05,0.006116665375760644,10334.413696771953,-22343487.721083343,-0.002064115482711219,-0.26283046658541304,0.7443210909603779,0.0,0.0,470179803269434.5,-545.370311308772,0.1668481487603669,1.0,111867212601459.27,354675572153.41254,1.3926932979188666e+16,-2845068191.225512,0.004234042921761985,-0.053617638194398166,0.054016929946547415,0.006116665375760644,4250121259556707.0,1.828892145134683e+16,1.8289276126918988e+16,1.8177054238745372e+16,1286585.0823235307,-2845068191.225512,1.0,406.66402827462446,8.021679501979045e-10,8.021679501979045e-10,0.04402428010088588,392630.7837327087,406.66402827462446
2324.0,18556.467103616847,10824735948.261452,403.6265430003461,5.226229917029627e-05,2.6086638355072154,0.2338607400646443,3.826959436614216e+16,0.3857867783332663,0.3857867783332663,143894392267.00128,0.07384406641998101,1710118.7172796975,1710086.3868623746,1699676.5590112025,32.33041732288247,10409.827851172153,1.0038702252692984,1.890536428623551e-05,1.890536428623551e-05,1.8905364286235508e-05,0.006087311103781052,10409.827851172153,-22208123.252875283,-0.002051608774479354,-0.25692817435352655,0.7427707982275221,0.0,0.0,475739070515821.5,-545.5516100830074,0.16607983366905588,1.0,112683637755796.47,349968230617.3006,1.4095851441615854e+16,-2781179645.045805,0.004134236542841589,-0.05269539296184916,0.053609313896135255,0.006087311103781052,4302698507130038.0,1.851123358650169e+16,1.8511583554732304e+16,1.8398549948745892e+16,1302188.9410503146,-2781179645.045805,1.0,406.12884451210414,7.877535543852666e-10,7.877535543852666e-10,0.0439961986121602,397487.6179608879,406.12884451210414
2325.0,18712.250771030373,10824744092.656507,403.174734332269,5.219574323666045e-05,2.608096023335539,0.23390571392944948,3.874533343665798e+16,0.3857044075284142,0.3857044075284142,141113212621.95547,0.07292159603212885,1730878.400465779,1730846.490030299,1720360.5817543303,31.91043547991877,10485.908275968502,1.0037526313691831,1.8435977635015655e-05,1.8435977635015655e-05,1.8435977635015655e-05,0.0060582543491681596,10485.908275968502,-22073788.355629917,-0.0020391972472221997,-0.2513000568942378,0.7412237344876194,0.0,0.0,481367169902481.5,-545.7309643534059,0.1653189978670423,1.0,113507273666428.03,345422297955.34735,1.426656253101602e+16,-2720258806.350145,0.004038780805152558,-0.05178597542386761,0.053202563696286974,0.0060582543491681596,4355900513568280.0,1.873597031825073e+16,1.8736315740548684e+16,1.86224630445843e+16,1317958.4116630007,-2720258806.350145,1.0,405.59820406902566,7.736194077045733e-10,7.736194077045733e-10,0.043968456604775774,402402.17009132967,405.59820406902566
2326.0,18869.10581546269,10824751985.849236,402.72343140663133,5.2129812181892075e-05,2.607532173911364,0.23395274970624858,3.922670060656046e+16,0.38562290361274726,0.38562290361274726,138392953815.60532,0.07202046807844285,1751864.32112536,1751832.8170898226,1741270.1615548464,31.50403553737629,10562.655534976177,1.0036407748426386,1.7983148099699168e-05,1.7983148099699168e-05,1.7983148099699168e-05,0.006029488334693408,10562.655534976177,-21940471.80708408,-0.0020268798616140103,-0.2459403663234292,0.7396798930152331,0.0,0.0,487062654744292.0,-545.9084270014187,0.1645654689611752,1.0,114338126478074.78,341023371245.4789,1.4439084923790506e+16,-2662243468.760029,0.003947601012841865,-0.05088962920844151,0.05279682505480159,0.006029488334693408,4409732715400338.5,1.8963155765668916e+16,1.8963496789040164e+16,1.8848817639190844e+16,1333895.2192776464,-2662243468.760029,1.0,405.07195303876773,7.597594630994546e-10,7.597594630994546e-10,0.043941024987200095,407374.9422772,405.07195303876773
2327.0,19027.037627613892,10824759635.587442,402.27263365731886,5.20644994651834e-05,2.6069721393522802,0.23400174198839813,3.971376326130475e+16,0.38554225746292553,0.38554225746292553,135730710346.84529,0.07113912972882472,1773078.6946067773,1773047.5846828606,1762407.5147844113,31.109923916635285,10640.069898449241,1.0035344402024484,1.754570962431798e-05,1.7545709624317975e-05,1.7545709624317975e-05,0.0060010063973282455,10640.069898449241,-21808162.72871998,-0.0020146556101831156,-0.24084301010315332,0.7381392670989346,0.0,0.0,492824135126770.0,-546.0840498577393,0.1638190773519771,1.0,115176199156562.33,336757448678.99005,1.461343726623703e+16,-2607067694.2779927,0.0038606166737272353,-0.05000657850089514,0.05239223893916588,0.0060010063973282455,4464200461257245.5,1.9192813926650836e+16,1.9193150684099516e+16,1.9077637727494276e+16,1350001.0862314154,-2607067694.2779927,1.0,404.5499383747041,7.461678385222458e-10,7.461678385222458e-10,0.04391387692088866,412406.4285529958,404.5499383747041
2328.0,19186.05161111667,10824767049.37998,401.82234051885087,5.199979862520002e-05,2.6064157717758785,0.23405258536925466,4.020658739643152e+16,0.3854624600516251,0.3854624600516251,133123642652.56729,0.0702760688914881,1794523.7259205126,1794492.9990757634,1783774.8477273763,30.726844749203067,10718.151348387146,1.0034334121454564,1.7122562552602378e-05,1.7122562552602378e-05,1.712256255260238e-05,0.005972801985801799,10718.151348387146,-21676850.562169548,-0.002002523515128314,-0.23600154309671692,0.7366018500412741,0.0,0.0,498650272149976.0,-546.257883729616,0.1630796561726594,1.0,116021491546288.78,332610936572.58765,1.4789638183398968e+16,-2554661727.3161707,0.003777741738601125,-0.04913702783022112,0.05198894143091566,0.005972801985801799,4519309011793128.0,1.9424968686738384e+16,1.9425301297674956e+16,1.9308947195192096e+16,1366277.7329001352,-2554661727.3161707,1.0,404.0320078748052,7.328388097522651e-10,7.328388097522651e-10,0.0438869876469945,417497.114827241,404.0320078748052
2329.0,19346.153182478152,10824774234.504112,401.3725514263796,5.193570327894057e-05,2.6058629232997492,0.23410517444217468,4.0705237668581496e+16,0.38538350244652764,0.38538350244652764,130568980925.25111,0.06942981619311644,1816201.6104797735,1816171.2568991727,1805374.3573160542,30.35358060077816,10796.899583118553,1.0033374755409965,1.671267133870664e-05,1.6712671338706643e-05,1.6712671338706643e-05,0.005944868658230262,10796.899583118553,-21546525.047536742,-0.001990482626312603,-0.23140915935930406,0.7350676351587512,0.0,0.0,504539772506886.0,-546.4299784242536,0.16234704124000543,1.0,116874000419869.9,328570657212.24725,1.4967706287344208e+16,-2504951905.860851,0.003698884679674195,-0.04828116184393704,0.05158706357701672,0.005944868658230262,4575063539365036.0,1.965964382712911e+16,1.9659972397786324e+16,1.9542769826709244e+16,1382726.8784631502,-2504951905.860851,1.0,403.51801016681344,7.197668037147361e-10,7.197668037147361e-10,0.04386033432653824,422647.4788529039,403.51801016681344
2330.0,19507.34777102119,10824781198.012665,400.9232658156894,5.187220712061565e-05,2.605313446041484,0.2341594038005148,4.120977744108838e+16,0.3853053758093207,0.3853053758093207,128064029019.39026,0.06859894691924848,1838114.5347700056,1838084.545816668,1827208.2317954525,29.98895333752439,10876.314021215641,1.0032464154197882,1.6315062402396363e-05,1.631506240239636e-05,1.6315062402396356e-05,0.005917200079816379,10876.314021215641,-21417176.203477073,-0.001978532019419393,-0.2270586836808834,0.733536615781786,0.0,0.0,510491383374482.5,-546.6003827758096,0.16162107099199086,1.0,117733719520536.6,324623858236.11316,1.514766018491006e+16,-2457860569.9543314,0.003623948478137513,-0.047439145071206175,0.05118673123814664,0.005917200079816379,4631469127483320.0,1.9896863031913916e+16,1.989718765577215e+16,1.977912931239338e+16,1399350.2416188365,-2457860569.9543314,1.0,403.0077946939904,7.069463922558775e-10,7.069463922558775e-10,0.04383389589296294,427857.99017661606,403.0077946939904
2331.0,19669.640818825,10824787946.740936,400.4744831231963,5.1809303920545284e-05,2.604767192118673,0.2342151680376315,4.172026882446286e+16,0.3852280713947082,0.3852280713947082,125606168449.43593,0.06778208295514904,1860264.6769515583,1860235.0451263883,1849278.6513216007,29.631825170037995,10956.393804787624,1.0031600169632917,1.592882213868409e-05,1.592882213868409e-05,1.5928822138684094e-05,0.005889790020617111,10956.393804787624,-21288794.308888227,-0.001966670794257705,-0.2229425628960007,0.7320087852546908,0.0,0.0,516503887597108.5,-546.769144667719,0.16090158643992514,1.0,118600639597812.14,320758223940.562,1.5329518484948002e+16,-2413305967.6521616,0.0035528305597099553,-0.04661112167400603,0.05078806493376978,0.005889790020617111,4688530770043394.0,2.013664989458921e+16,2.013697065281315e+16,2.0018049254991396e+16,1416149.5412539074,-2413305967.6521616,1.0,402.50121170142654,6.943722863352949e-10,6.943722863352949e-10,0.043807652916131756,433129.1100676933,402.50121170142654
2332.0,19833.037780665385,10824794487.313417,400.02620278594736,5.174698752407481e-05,2.604224013648906,0.23427236174688135,4.2236772712059976e+16,0.38515158054943155,0.38515158054943155,123192862481.78377,0.06697789475007448,1882654.2073994651,1882624.9262995722,1871587.7884973728,29.281099892935124,11037.13780219934,1.003078065493528,1.5553095081322175e-05,1.5553095081322178e-05,1.5553095081322178e-05,0.005862632353377785,11037.13780219934,-21161369.88607722,-0.001954898073203902,-0.21905285697486462,0.7304841369356397,0.0,0.0,522576099143079.0,-546.9363110561613,0.16018843111566083,1.0,119474748436965.95,316961888703.51764,1.5513299805100394e+16,-2371202158.611769,0.00348542269979335,-0.04579721518616652,0.05039117968390683,0.005862632353377785,4746253370349077.0,2.037902792388644e+16,2.037934488577514e+16,2.025955317544947e+16,1433126.4970694706,-2371202158.611769,1.0,401.99811222291333,6.820393305992174e-10,6.820393305992174e-10,0.04378158747682015,438461.2914279022,401.99811222291333
2333.0,19997.544123954354,10824800826.150282,399.57842424161976,5.1685251850508815e-05,2.603683762749774,0.2343308795216208,4.275934881120306e+16,0.385075894711301,0.385075894711301,120821660323.172,0.06618510331818925,1905285.2891839768,1905256.3534596497,1894137.8088493927,28.93572432719389,11118.544610257008,1.0030003464633628,1.518708221359695e-05,1.5187082213596949e-05,1.5187082213596945e-05,0.00583572105143093,11118.544610257008,-21034893.68528137,-0.001943212999768624,-0.21538122990850006,0.7289626641966414,0.0,0.0,528706858816550.0,-547.1019279922315,0.15948145102209288,1.0,120356030882698.83,313223452602.2652,1.5699022778138536e+16,-2331458915.450795,0.0034216109103074313,-0.044997528240136274,0.049996184847509555,0.00583572105143093,4804641739936856.0,2.062402054895809e+16,2.0624333772410692e+16,2.050366451807539e+16,1450282.830166559,-2331458915.450795,1.0,401.49834806836924,6.699424983022808e-10,6.699424983022808e-10,0.043755683050901606,443854.97868283384,401.49834806836924
2334.0,20163.165328679173,10824806969.473696,399.13114692851985,5.162409089206265e-05,2.6031462915388683,0.2343906159552065,4.328805567001961e+16,0.38500100540823723,0.38500100540823723,118490201407.7212,0.06540248228400014,1928160.0784952575,1928131.483805292,1916930.871249392,28.594689965304866,11200.612555900168,1.0029266454472445,1.4830039416447337e-05,1.4830039416447337e-05,1.483003941644734e-05,0.005809050186657933,11200.612555900168,-20909356.670430724,-0.0019316147372785291,-0.21191894039942907,0.7274443604235088,0.0,0.0,534895030207874.0,-547.2660406434229,0.15878049458496535,1.0,121244468857482.73,309531999226.37164,1.5886706057889866e+16,-2293981622.9992204,0.0033612753149767486,-0.04421214228136758,0.04960318395735945,0.005809050186657933,4863700597209835.0,2.0871651123957184e+16,2.0871960655956412e+16,2.07504066550997e+16,1467620.2635936963,-2293981622.9992204,1.0,401.0017718118124,6.580768865483218e-10,6.580768865483218e-10,0.04372992440246448,449310.6076556956,401.0017718118124
2335.0,20329.906887340876,10824812923.31392,398.68437028558304,5.156349871283129e-05,2.6026114521337793,0.2344514656409949,4.382295070022748e+16,0.3849269042573231,0.3849269042573231,116196219784.72198,0.06462885997715104,1951280.7250154088,1951252.4679805944,1939969.128283158,28.25703481424048,11283.339697436559,1.0028567481324067,1.448127604192746e-05,1.4481276041927457e-05,1.4481276041927457e-05,0.005782613927511903,11283.339697436559,-20784750.006049063,-0.0019201024676633394,-0.20865683236963795,0.7259292190158316,0.0,0.0,541139495866733.0,-547.4286933143835,0.15808541260614428,1.0,122140041374952.22,305877115631.7217,1.6076368324780088e+16,-2258671175.5726027,0.0033042900168978105,-0.04344111727023873,0.04921227455141638,0.005782613927511903,4923434565889481.0,2.1121942932044516e+16,2.112224880916015e+16,2.099980289066957e+16,1485140.5228588884,-2258671175.5726027,1.0,400.50823677987887,6.464377118234427e-10,6.464377118234427e-10,0.043704297485129606,454828.6054242696,400.50823677987887
2336.0,20497.77430489231,10824818693.515228,398.23809375237255,5.150346944777528e-05,2.6020790966520972,0.23451332317234255,4.4364090196094216e+16,0.38485358296386524,0.38485358296386524,113937548609.14938,0.06386312157971069,1974649.3722407669,1974621.4503953396,1963254.726569986,27.921845427330165,11366.723825353734,1.0027904403105266,1.4140153598836319e-05,1.4140153598836319e-05,1.4140153598836322e-05,0.00575640653710006,11366.723825353734,-20661065.045199163,-0.0019086753903394694,-0.2055853252959975,0.7244172333869467,0.0,0.0,547439153683285.0,-547.5899294669778,0.15739605821830216,1.0,123042724548714.03,302248914339.2063,1.6268028291014206e+16,-2225423872.3765225,0.0032505229605865205,-0.0426844913714607,0.048823548000550554,0.00575640653710006,4983848173292707.0,2.1374919188855624e+16,2.1375221437769964e+16,2.125187646430691e+16,1502845.3364082498,-2225423872.3765225,1.0,400.01759704087834,6.350203057970975e-10,6.350203057970975e-10,0.04367878935095182,460409.3901617361,400.01759704087834
2337.0,20666.773098675527,10824824285.741644,397.79231676907904,5.144399730172328e-05,2.601549077211413,0.23457608314260603,4.49115293497775e+16,0.38478103332046537,0.38478103332046537,111712124736.77286,0.06310421132810358,1998268.1577571947,1998240.569498082,1986789.8070353428,27.58825911282088,11450.76246273907,1.002727507869846,1.3806084536614565e-05,1.3806084536614564e-05,1.3806084536614564e-05,0.005730422371324026,11450.76246273907,-20538293.318386246,-0.0018973327211822821,-0.20269440438326075,0.7229083969639102,0.0,0.0,553792913463518.5,-547.7497917396714,0.1567122868409866,1.0,123952491596916.69,298638057245.7967,1.6461704705418864e+16,-2194131311.1518583,0.003199835789793495,-0.04194228063093885,0.04843708933259783,0.005730422371324026,5044945848441268.0,2.1630603045457052e+16,2.1630901683514296e+16,2.1506650553860132e+16,1520736.4360733381,-2194131311.1518583,1.0,399.52970739438535,6.23820111369193e-10,6.23820111369193e-10,0.04365338806629504,466053.37096200476,399.52970739438535
2338.0,20836.90879835869,10824829705.482502,397.3470387765199,5.138507654839104e-05,2.6010212459293167,0.23463964014514185,4.546532226324102e+16,0.38470924720610183,0.38470924720610183,109517993425.621,0.062351134771259566,2022139.213470926,2022111.958004622,2010576.5051392845,27.2554663039563,11535.45286533746,1.002667736787745,1.3478531113183502e-05,1.3478531113183503e-05,1.3478531113183507e-05,0.005704655877076363,11535.45286533746,-20416426.52334048,-0.0018860736915796536,-0.1999736105833453,0.7214027031874682,0.0,0.0,560199693685910.0,-547.908321966264,0.15603395613803273,1.0,124869312842898.19,295035781283.8435,1.6657416357966908e+16,-2164680280.155186,0.003152083701869239,-0.04121447864008341,0.04805297705268433,0.005704655877076363,5106731920010013.0,2.188901759081982e+16,2.1889312626601104e+16,2.176414827797692e+16,1538815.557489126,-2164680280.155186,1.0,399.04442336135725,6.128326789432131e-10,6.128326789432131e-10,0.04362808263414242,471760.94765015866,399.04442336135725
2339.0,21008.1869458725,10824834958.05783,396.90225921613825,5.132670152941639e-05,2.6004954549234,0.23470388877330653,4.6025521956926936e+16,0.3846382165852205,0.3846382165852205,107353313145.46582,0.06160296108620904,2046264.665797322,2046237.7430842496,2034616.951062975,26.922713072682246,11620.79202127453,1.0026109131237806,1.3157004332180012e-05,1.3157004332180012e-05,1.315700433218001e-05,0.005679101590492004,11620.79202127453,-20295456.515606165,-0.0018748975475601647,-0.1974120304707567,0.7199001455120286,0.0,0.0,566658418427316.0,-548.065561193988,0.1553609259762906,1.0,125793155712212.06,291433925634.93134,1.6855182084003522e+16,-2136952648.581025,0.0031071152991715284,-0.04050105618758195,0.04767128295977224,0.005679101590492004,5169210614120010.0,2.2150185853835744e+16,2.2150477287761376e+16,2.2024392698123532e+16,1557084.4404844064,-2136952648.581025,1.0,398.56160117478026,6.020536629072204e-10,6.020536629072204e-10,0.04360286292232374,477532.51057856856,398.56160117478026
2340.0,21180.613095345947,10824840048.623575,396.4579775300027,5.1268866653410045e-05,2.5999715563112527,0.2347687236204566,4.659218037535426e+16,0.3845679335068352,0.3845679335068352,105216360496.8848,0.060858825452131525,2070646.635809721,2070620.0465059543,2058913.269855484,26.589303766530843,11706.77665047043,1.0025568230131725,1.2841062934976911e-05,1.2841062934976911e-05,1.2841062934976911e-05,0.005653754135252822,11706.77665047043,-20175375.299871493,-0.001863803548989796,-0.1949982859809631,0.7184007174056328,0.0,0.0,573168014446721.0,-548.2215497009995,0.15469305838561642,1.0,126723984726303.67,287824960276.96075,1.7055020768192014e+16,-2110825255.4996824,0.0030647724378547727,-0.03980196089866818,0.047292071959384306,0.005653754135252822,5232386051982147.0,2.2414130804900464e+16,2.2414418629860744e+16,2.228740682017416e+16,1575544.8294462913,-2110825255.4996824,1.0,398.08109777083007,5.914788183062422e-10,5.914788183062422e-10,0.04357771959722334,483368.44040919264,398.08109777083007
2341.0,21354.19281304164,10824844982.176662,396.0141931608062,5.1211566395021916e-05,2.5994494022104657,0.2348340392799486,4.716534838980098e+16,0.3844983901036378,0.3844983901036378,103105535241.38512,0.06011793148371574,2095287.2393504442,2095260.9847466983,2083467.5815429296,26.254603745831265,11793.403203768856,1.0025052526607554,1.2530312432948526e-05,1.2530312432948526e-05,1.2530312432948526e-05,0.005628608220944176,11793.403203768856,-20056175.021977827,-0.001852790968831493,-0.1927205240214704,0.7169044123499272,0.0,0.0,579727408416396.0,-548.3763270132766,0.1540302175201128,1.0,127661761493103.47,284202015617.09814,1.7256951348196234e+16,-2086169797.416271,0.0030248900742759106,-0.0391171168619355,0.0469154018724691,0.005628608220944176,5296262247396493.0,2.2680875357085828e+16,2.268115955910145e+16,2.255321359559273e+16,1594198.4736603778,-2086169797.416271,1.0,397.60277078055225,5.811039976910325e-10,5.811039976910325e-10,0.04355264406251713,489269.10788255185,397.60277078055225
2342.0,21528.931677290562,10824849763.559898,395.57090555186534,5.1154795294022503e-05,2.598928844738629,0.23489973034513906,4.774507579821738e+16,0.3844295785911174,0.3844295785911174,101019365443.96884,0.059379553724585754,2120188.5871058363,2120162.6690636403,2108282.001201837,25.918042196160794,11880.667861803195,1.002455988335381,1.2224404165640857e-05,1.222440416564086e-05,1.222440416564086e-05,0.005603658641461806,11880.667861803195,-19937847.961553022,-0.0018418590924624706,-0.19056640596194385,0.7154112238401346,0.0,0.0,586335524290461.0,-548.5299319209449,0.15337226962057626,1.0,128606444694774.0,280558912939.04663,1.7460992818115094e+16,-2062852714.5196075,0.0029872961092131233,-0.038446424243763856,0.04654132324037498,0.005603658641461806,5360843104112199.0,2.2950442366922068e+16,2.295072292583501e+16,2.2821835922227292e+16,1613047.1276280154,-2062852714.5196075,1.0,397.1264785220509,5.709251481295812e-10,5.709251481295812e-10,0.04352762840256341,495234.8735738216,397.1264785220509
2343.0,21704.835278426264,10824854397.466724,395.12811414712047,5.109854795439934e-05,2.598409736013335,0.23496569140938456,4.833141132250784e+16,0.3843614912666893,0.3843614912666893,98956512729.44923,0.058643040201463055,2145352.7846471034,2145327.2055321145,2133358.6389984936,25.579114988907804,11968.566533621253,1.0024088163647809,1.1923034370832116e-05,1.1923034370832118e-05,1.1923034370832116e-05,0.005578900273467907,11968.566533621253,-19820386.52521777,-0.0018310072170445283,-0.18852309701170497,0.7139211453850262,0.0,0.0,592991280801741.0,-548.6824024940507,0.15271908297811798,1.0,129557990072843.1,276890195370.98566,1.7667164231683944e+16,-2040735075.7112005,0.002951811230049293,-0.03778975889044032,0.0461698791259044,0.005578900273467907,5426132413052525.0,2.3222854634809308e+16,2.322313152500468e+16,2.3093296644736468e+16,1632092.551362029,-2040735075.7112005,1.0,396.6520799931871,5.609383083689485e-10,5.609383083689485e-10,0.043502665330076296,501266.0876364647,396.6520799931871
2344.0,21881.909218718603,10824858888.445827,394.6858183911336,5.1042819043467946e-05,2.5978919281521726,0.2350318170660416,4.892440260330958e+16,0.38429412050883227,0.38429412050883227,96915777653.73804,0.057907815039668596,2170781.9324385887,2170756.695051028,2158699.60019594,25.237387561020185,12057.094855087757,1.0023635231308792,1.162594325293158e-05,1.1625943252931581e-05,1.162594325293158e-05,0.005554328074894792,12057.094855087757,-19703783.240317944,-0.0018202346509430484,-0.18657725549094265,0.7124341705068934,0.0,0.0,599693589078216.0,-548.8337760982996,0.15207052789722708,1.0,130516350410931.16,273191159061.06152,1.78754847052563e+16,-2019672462.4829586,0.002918248751061066,-0.0371469719180701,0.045801104910425466,0.005554328074894792,5492133849409175.0,2.349813490507641e+16,2.3498408096235468e+16,2.3367618554665476e+16,1651336.5106621508,-2019672462.4829586,1.0,396.1794348647736,5.511396061360812e-10,5.511396061360812e-10,0.04347774813775529,507363.0895337893,396.1794348647736
2345.0,22060.159112306897,10824863240.905596,394.2440177290892,5.098760329099723e-05,2.597375273272733,0.2350980019084667,4.95240961923878e+16,0.384227458776236,0.384227458776236,94896105191.25508,0.057173381140509266,2196478.1258149836,2196453.2333172,2184306.9851301163,24.892497783503682,12146.248187083711,1.0023198950655656,1.1332914036768541e-05,1.1332914036768541e-05,1.133291403676854e-05,0.005529937083495196,12146.248187083711,-19588030.749140408,-0.0018095407131907282,-0.18471502200354997,0.7109502927415193,0.0,0.0,606441350371074.0,-548.9840894077728,0.15142647666845854,1.0,131481475515278.7,269457884230.97302,1.8085973420578468e+16,-1999514851.7292964,0.0028864144519347053,-0.03651788929038575,0.04543502808702125,0.005529937083495196,5558850969609854.0,2.37763058657036e+16,2.377657532358783e+16,2.3644824390188324e+16,1670780.777371319,-1999514851.7292964,1.0,395.7084034742734,5.415252555675341e-10,5.415252555675341e-10,0.0434528706535513,513526.2077587972,395.7084034742734
2346.0,22239.590585132457,10824867459.118456,393.8027116067923,5.0932895488348905e-05,2.596859623492606,0.23516414053001639,5.013053754275887e+16,0.38416149860695636,0.38416149860695636,92896590339.52579,0.05643932292104245,2222443.454928884,2222418.910770097,2210182.889156577,24.544158787083557,12236.02161351963,1.0022777186469232,1.1043771994581048e-05,1.1043771994581048e-05,1.1043771994581048e-05,0.005505722415437731,12236.02161351963,-19473121.80357255,-0.001798924732992378,-0.18292200851800083,0.7094695056381514,0.0,0.0,613233453886796.0,-549.1333784221478,0.15078680352519613,1.0,132453312193258.75,265687265765.7371,1.829864962736876e+16,-1980106497.5630963,0.0028561064146297266,-0.0359023113845767,0.045071668049662145,0.005505722415437731,5626287208162682.0,2.4057390147724704e+16,2.4057655834990468e+16,2.3924936835531444e+16,1690427.1296139222,-1980106497.5630963,1.0,395.23884681999004,5.320915547581746e-10,5.320915547581746e-10,0.04342802719931882,519755.75954265497,395.23884681999004
2347.0,22420.209274870795,10824871547.225058,393.36189947066845,5.087869048763088e-05,2.5963448309293837,0.23523012752404726,5.074377099664566e+16,0.38409623261758075,0.38409623261758075,90916483841.96269,0.05570530911666154,2248680.004670009,2248655.812508296,2236329.4025691166,24.19216171271143,12326.409939179373,1.0022367803959122,1.0758383434935022e-05,1.0758383434935022e-05,1.0758383434935022e-05,0.005481679263946445,12326.409939179373,-19359049.260169774,-0.0017883860492674802,-0.18118328736319295,0.7079918027594725,0.0,0.0,620068774716363.0,-549.2816784785442,0.1501513846180791,1.0,133431804230054.95,261877042989.7974,1.851353264571231e+16,-1961285812.2105286,0.002827114858701008,-0.03530001254527217,0.04471103587839034,0.005481679263946445,5694445874380930.0,2.43414103243233e+16,2.4341672201366292e+16,2.420797852009324e+16,1710277.3520170068,-1961285812.2105286,1.0,394.7706265557496,5.228348834210019e-10,5.228348834210019e-10,0.04340321255255253,526052.0505521097,394.7706265557496
2348.0,22602.020830863225,10824875509.238338,392.921580767763,5.082498320086411e-05,2.595830747700656,0.23529585748391577,5.1363839771362024e+16,0.3840316535024011,0.3840316535024011,88955198029.75217,0.054971095646900094,2275189.854557265,2275166.018178911,2262748.6104915016,23.83637835437248,12417.407687409404,1.002196866873499,1.0476654643403753e-05,1.0476654643403753e-05,1.0476654643403753e-05,0.005457802897983044,12417.407687409404,-19245806.075597733,-0.0017779240102274313,-0.17948338014492657,0.7065171776815732,0.0,0.0,626946171854977.0,-549.4290242649519,0.14952009798349608,1.0,134416892363665.94,258025828277.18552,1.8730641868281356e+16,-1942885246.0461302,0.0027992219751878525,-0.03471074062682162,0.04435313412050935,0.005457802897983044,5763330148991179.0,2.46283889096362e+16,2.4628646935464476e+16,2.4493972017272536e+16,1730333.2359153647,-1942885246.0461302,1.0,394.30360498606126,5.137517006497858e-10,5.137517006497858e-10,0.04337842191096808,532415.3745761368,394.30360498606126
2349.0,22785.030914047773,10824879349.047476,392.4817549457399,5.0771768599162836e-05,2.5953172259240134,0.23536122500297854,5.1990785943217e+16,0.3839677540325962,0.3839677540325962,87012312783.70604,0.05423652854480779,2301975.0786047517,2301951.60184109,2289442.5927434205,23.476763662009553,12509.009097669074,1.002157764678256,1.0198530766127597e-05,1.0198530766127597e-05,1.0198530766127597e-05,0.005434088660971164,12509.009097669074,-19133385.302419078,-0.001767537972984678,-0.17780624659188704,0.7050456239939243,0.0,0.0,633864486306133.0,-549.5754498333513,0.14889282351256794,1.0,135408514258404.95,254133134147.3554,1.8949996762390132e+16,-1924731166.8641613,0.0027722017591686942,-0.03413421652402572,0.04399795656777495,0.005434088660971164,5832943080627833.0,2.4918348357276372e+16,2.4918602490410516e+16,2.4782939843017964e+16,1750596.5795413337,-1924731166.8641613,1.0,393.8376450617712,5.048385427775301e-10,5.048385427775301e-10,0.043353650859768056,538846.0132020868,393.8376450617712
2350.0,22969.24519688979,10824883070.42168,392.04242145288157,5.071904171192794e-05,2.594804117717047,0.235426124674592,5.262465042952314e+16,0.38390452705542283,0.38390452705542283,85087581616.84187,0.053501546950211754,2329037.7451627865,2329014.631804713,2316413.4236817583,23.113358073430582,12601.2081229548,1.002119260444403,9.923994628869826e-06,9.923994628869826e-06,9.923994628869826e-06,0.005410531969561025,12601.2081229548,-19021780.085196678,-0.001757227303191155,-0.17613527333521453,0.7035771352993487,0.0,0.0,640822539264514.0,-549.7209886119775,0.14826944292252686,1.0,136406604477033.58,250199398509.67297,1.917161687189336e+16,-1906643738.430459,0.002745819841096491,-0.033570133691485836,0.043645488029589,0.005410531969561025,5903287582216828.0,2.521131105858722e+16,2.5211561257985732e+16,2.5074904454110188e+16,1771069.1882001583,-1906643738.430459,1.0,393.37261037618504,4.960920213242689e-10,4.960920213242689e-10,0.04332889534129469,545344.2354816002,393.37261037618504
2351.0,23154.669363311976,10824886677.013922,391.60357973808823,5.066679762605312e-05,2.5942912751973464,0.23549045109211278,5.326547296878765e+16,0.38384196549341476,0.38384196549341476,83180937878.4114,0.05276618616713015,2356379.9167348533,2356357.1704452075,2343663.172018096,22.746289645896955,12693.998427111766,1.0020811408403048,9.653065485898228e-06,9.65306548589823e-06,9.65306548589823e-06,0.005387128312433796,12693.998427111766,-18910983.656888105,-0.0017469913747036802,-0.17445326262944286,0.702111705213993,0.0,0.0,647819130372272.0,-549.8656734172545,0.14764983972871215,1.0,137411094451677.84,246226007739.36966,1.9395521818935836e+16,-1888436798.3990667,0.0027198333170063357,-0.03301815765174426,0.04329570410219958,0.005387128312433796,5974366427251036.0,2.5507299340638548e+16,2.550754556664629e+16,2.536988824618687e+16,1791752.8744315826,-1888436798.3990667,1.0,392.9083651616673,4.875088210282115e-10,4.875088210282115e-10,0.04330415162694967,551910.2975865133,392.9083651616673
2352.0,23341.309108623827,10824890172.364492,391.1652292508766,5.061503148514373e-05,2.593778550482504,0.23555409884889736,5.391329209915992e+16,0.3837800623435906,0.3837800623435906,81292501080.01234,0.052030580785568645,2384003.64977137,2383981.2739954093,2371193.9006133634,22.375775960837036,12787.373382045731,1.0020431925674351,9.385797694975391e-06,9.38579769497539e-06,9.385797694975388e-06,0.005363873249144639,12787.373382045731,-18800989.33550767,-0.0017368295692741379,-0.1727424210221964,0.7006493273673007,0.0,0.0,654853036043755.0,-550.0095364653163,0.14703389921749155,1.0,138421912453662.14,242215317297.49448,1.9621731305560476e+16,-1869917735.6736233,0.0026939905776989757,-0.032477925492399855,0.042948570933915624,0.005363873249144639,6046182245959747.0,2.580633546397389e+16,2.5806577679291184e+16,2.5667913551520224e+16,1812649.4581583808,-1869917735.6736233,1.0,392.4447742867159,4.790856979547877e-10,4.790856979547877e-10,0.04327941629115828,558544.4424549827,392.4447742867159
2353.0,23529.170139450554,10824893559.904495,390.7273694413799,5.056373848874796e-05,2.5932657956901086,0.2356169625383023,5.456814513520367e+16,0.3837188106766699,0.3837188106766699,79422583344.33871,0.05129496786788962,2411910.994441053,2411888.992315274,2399007.6662504287,22.002125778901053,12881.326064845798,1.0020052023597719,9.12227931694466e-06,9.122279316944662e-06,9.122279316944663e-06,0.005340762409003106,12881.326064845798,-18691790.52103493,-0.0017267412762624747,-0.17098434797642484,0.6991899954019841,0.0,0.0,661923007854069.0,-550.1526093831271,0.1464215084200876,1.0,139438983562379.19,238170669648.23468,1.985026511518134e+16,-1850887367.2544703,0.002668031137007977,-0.031949045352394755,0.04260404498634805,0.005340762409003106,6118737521374436.0,2.6108441620118156e+16,2.61086797907878e+16,2.5969002636555776e+16,1833760.7668224012,-1850887367.2544703,1.0,391.9817032534914,4.70819477678611e-10,4.70819477678611e-10,0.04325468618726669,565246.8994280273,391.9817032534914
2354.0,23718.258173661667,10824896842.959204,390.28999976034663,5.051291389160026e-05,2.5927528629377523,0.23567893675368412,5.523006814305774e+16,0.3836582036362977,0.3836582036362977,77571695977.08424,0.05055969019990079,2440103.994380668,2440082.3686402403,2427106.5193854095,21.625740427512692,12975.849254830953,1.0019669569836702,8.862630640872176e-06,8.862630640872176e-06,8.862630640872174e-06,0.005317791489990509,12975.849254830953,-18583380.692549564,-0.001716725892370668,-0.16916002445562625,0.6977337029739963,0.0,0.0,669027770987193.0,-550.2949232192075,0.14581255608730415,1.0,140462229633334.12,234096409280.43738,2.0081143113927852e+16,-1831139814.6846104,0.002641685459235949,-0.03143109589767064,0.042262072791691495,0.005317791489990509,6192034585292968.0,2.641363992885415e+16,2.641387402526343e+16,2.627317769922082e+16,1855088.6355087212,-1831139814.6846104,1.0,391.5190181958221,4.627070535337678e-10,4.627070535337678e-10,0.04322995842514521,572017.8838766883,391.5190181958221
2355.0,23908.578940298758,10824900024.751337,389.8531196591403,5.046255300287666e-05,2.592239604343024,0.23573991608839936,5.5899095914044936e+16,0.3835982344382769,0.3835982344382769,75740556162.39963,0.04982519960677759,2468584.6864237706,2468563.4393088613,2455492.5038783317,21.247114909336226,13070.935430529516,1.0019282432381706,8.607002638470079e-06,8.607002638470079e-06,8.607002638470079e-06,0.005294956257712812,13070.935430529516,-18475753.40557506,-0.0017067828213960317,-0.16724980147514273,0.6962804437525043,0.0,0.0,676166022739516.0,-550.4365084539885,0.14520693266509255,1.0,141491569265462.1,229997894707.9682,2.0314385251865264e+16,-1810462380.1279287,0.0026146747858783034,-0.030923625786410478,0.04192259070606649,0.005294956257712812,6266075614144010.0,2.672195243527474e+16,2.672218243316945e+16,2.6580460866009276e+16,1876634.90705836,-1810462380.1279287,1.0,391.0565858776575,4.547453849282682e-10,4.547453849282682e-10,0.04320523035044088,578857.5968199716,391.0565858776575
2356.0,24100.138179502945,10824903108.404205,389.41672858973834,5.041265118546183e-05,2.591725872023516,0.23579979513580457,5.657526193678445e+16,0.38353889636980854,0.38353889636980854,73930093782.2717,0.049092060333886314,2497355.1003091163,2497334.233470388,2484167.656703785,20.866838727808766,13166.576766603182,1.0018888479557788,8.355575354592513e-06,8.355575354592513e-06,8.355575354592513e-06,0.005272252544388669,13166.576766603182,-18368902.289614294,-0.0016969114740023033,-0.16523338862951792,0.6948302114198609,0.0,0.0,683336431075078.0,-550.5773950097919,0.14460453027099052,1.0,142526917767845.38,225881507407.22635,2.0550011564096468e+16,-1788635422.1878285,0.002586710961721161,-0.030426153124082447,0.041585524658943496,0.005272252544388669,6340862624753523.0,2.703340110661784e+16,2.703362698812525e+16,2.689087418884999e+16,1898401.4321700407,-1788635422.1878285,1.0,390.5942736919861,4.4693149571879014e-10,4.4693149571879014e-10,0.04318049952528935,585766.2245337442,390.5942736919861
2357.0,24292.941642441852,10824906096.944798,388.9808260047318,5.036320385522772e-05,2.591211518096818,0.23585846848925623,5.725859836785953e+16,0.383480182788741,0.383480182788741,72141458360.08386,0.04836095249254247,2526417.2583692763,2526396.772772841,2513134.0076421173,20.485596435282602,13262.765130724183,1.0018485580036764,8.108556243993289e-06,8.108556243993289e-06,8.108556243993289e-06,0.005249676247871257,13262.765130724183,-18262821.04586214,-0.0016871112675071246,-0.16308984259921935,0.6933829996715777,0.0,0.0,690537633229026.0,-550.7176122604611,0.14400524267135895,1.0,143568187125923.06,221754657751.84125,2.0788042171749492e+16,-1765432231.5020568,0.0025574962604293975,-0.029938164908518534,0.041250789898675505,0.005249676247871257,6416397470014978.0,2.7348007828890388e+16,2.734822958354814e+16,2.7204439641764468e+16,1920390.0694913808,-1765432231.5020568,1.0,390.1319496601927,4.3926247264219255e-10,4.3926247264219255e-10,0.0431557637103801,592743.9381507366,390.1319496601927
2358.0,24486.99509123598,10824908993.306728,388.5454113573244,5.031420648032344e-05,2.5906963946805215,0.23591583074211095,5.794913600108855e+16,0.38342208712282616,0.38342208712282616,70376026128.5818,0.047632675570693075,2555773.1751999673,2555753.071032047,2542393.5789516303,20.104167920548715,13359.492080416361,1.0018071602854097,7.866178468273396e-06,7.866178468273397e-06,7.866178468273397e-06,0.005227223330703706,13359.492080416361,-18157503.44508111,-0.0016773816256846392,-0.16079755564775028,0.6919388022162971,0.0,0.0,697768234355840.0,-550.8571890406398,0.14340896525944635,1.0,144615285967309.1,217625788126.0964,2.102849728285409e+16,-1740618906.233071,0.0025267232097115734,-0.029459116465261184,0.04091829073416772,0.005227223330703706,6492681834464697.0,2.7665794403286092e+16,2.766601202907422e+16,2.7521179117318784e+16,1942602.6856998478,-1740618906.233071,1.0,389.66948243187636,4.3173546380055736e-10,4.3173546380055736e-10,0.043131020848270696,599790.8932517825,389.66948243187636
2359.0,24682.304298884508,10824911800.333141,388.1104841013319,5.026565458047631e-05,2.5901803538922157,0.23597177648772516,5.864690423544439e+16,0.3833646028689835,0.3833646028689835,68635407222.34873,0.046908152008479295,2585424.857310546,2585405.13388208,2571948.3850222123,19.7234284657952,13456.748859867832,1.001764441743009,7.6286991710570315e-06,7.6286991710570315e-06,7.62869917105703e-06,0.0052048898192067995,13456.748859867832,-18052943.325627524,-0.0016677219785820275,-0.15833424411220307,0.6904976127757657,0.0,0.0,705026806219333.0,-550.9961536547199,0.14281559503422447,1.0,145668119527302.84,213504373542.41306,2.127139719311094e+16,-1713954227.4870152,0.0024940744161848424,-0.02898843087342898,0.04058792027271851,0.0052048898192067995,6569717229763773.0,2.7986782542402016e+16,2.798699604677556e+16,2.784111442287471e+16,1965041.155573785,-1713954227.4870152,1.0,389.20674128509967,4.2434767719676865e-10,4.2434767719676865e-10,0.043106269047842316,606907.2294484272,389.20674128509967
2360.0,24878.875049190792,10824914520.77948,387.67604369118163,5.021754372630383e-05,2.5896632478494923,0.23602620031945554,5.935193104166373e+16,0.3833077235925727,0.3833077235925727,66921452994.86172,0.04618843083858744,2615374.3027561214,2615354.9584075026,2601800.4320107773,19.344348618587667,13554.526396725485,1.001720189359582,7.39639775392849e-06,7.39639775392849e-06,7.39639775392849e-06,0.005182671802598786,13554.526396725485,-17949134.591616362,-0.0016581317623489077,-0.1556769368982156,0.6890594250848066,0.0,0.0,712311885921439.0,-551.1345338854564,0.14222503058001945,1.0,146726589614202.47,209400920256.37012,2.1516762286555976e+16,-1685189534.779965,0.002459222390028819,-0.02852549838235209,0.04025956015406732,0.005182671802598786,6647504990087813.0,2.8310993866257988e+16,2.831120326717825e+16,2.8164267276643788e+16,1987707.3620537557,-1685189534.779965,1.0,388.7435961270901,4.1709637931788054e-10,4.1709637931788054e-10,0.04308150656977405,614093.0699570216,388.7435961270901
2361.0,25076.713136687107,10824917157.316206,387.24208958191133,5.016986953863633e-05,2.5891449286699415,0.2360789968306585,6.006424292758517e+16,0.3832514429266728,0.3832514429266728,65236263460.08175,0.04547469139126335,2645623.5007515955,2645604.532757653,2631951.717458775,18.96799394250297,13652.815298878242,1.0016741901623434,7.169574180571933e-06,7.1695741805719335e-06,7.1695741805719335e-06,0.005160565432146124,13652.815298878242,-17846071.211214494,-0.0016486104190786273,-0.15280196398330442,0.6876242328912917,0.0,0.0,719621974667008.0,-551.2723570022695,0.1416371720468761,1.0,147790594574496.28,205326963068.07028,2.1764613036121824e+16,-1654068601.594485,0.0024218293695523075,-0.028069675819245233,0.03993308028069119,0.005160565432146124,6726046267425525.0,2.863844989812184e+16,2.863865522508491e+16,2.8490659303547348e+16,2010603.1962943785,-1654068601.594485,1.0,388.2799174953675,4.0997889376374797e-10,4.0997889376374797e-10,0.04305673181299108,621348.5211643963,388.2799174953675
2362.0,25275.824366559187,10824919712.53141,386.8086212291691,5.0122627687850195e-05,2.5886252484711543,0.23613006061469063,6.078386490225218e+16,0.38319575457137,0.38319575457137,63582194858.48727,0.04476824706381702,2676174.4312680215,2676155.835743291,2662404.2298920527,18.595524730831706,13751.605851238488,1.001626231226107,6.9485473418938545e-06,6.948547341893854e-06,6.948547341893853e-06,0.00513856692034492,13751.605851238488,-17743747.215052355,-0.0016391573966605408,-0.14968494493854095,0.6861920299561156,0.0,0.0,726955536562070.0,-551.4096497692335,0.1410519211316833,1.0,148860029258033.78,201295062223.64548,2.20149700040982e+16,-1620327511.1343906,0.0023815471457685777,-0.027620285988187228,0.039608338544392906,0.00513856692034492,6805342026787288.0,2.896917206014352e+16,2.896937335520574e+16,2.882031203088549e+16,2033730.5577068336,-1620327511.1343906,1.0,387.8155765593103,4.029925999185736e-10,4.029925999185736e-10,0.04303194330192994,628673.6721852191,387.8155765593103
2363.0,25476.214554569902,10824922188.933363,386.3756380892119,5.0075813893211416e-05,2.588104059370721,0.23617928626490847,6.151082043881425e+16,0.38314065229305216,0.38314065229305216,61961867347.352875,0.04407054915440851,2707029.0646114955,2707010.836415704,2693159.948403175,18.228195791578813,13850.888012528667,1.0015760996772267,6.733653520707532e-06,6.73365352070753e-06,6.733653520707532e-06,0.005116672540132251,13850.888012528667,-17642156.694745533,-0.0016297721486424753,-0.14630077747485656,0.6847628100531676,0.0,0.0,734310997442942.0,-551.546438452766,0.1404691810600216,1.0,149934784983252.7,197318801088.48325,2.226785384249179e+16,-1583694532.3457773,0.002338016887100053,-0.027176617060690522,0.03928518054922956,0.005116672540132251,6885393041324368.0,2.9303181668799416e+16,2.9303378987600504e+16,2.915324688381616e+16,2057091.3539920754,-1583694532.3457773,1.0,387.35044512214773,3.9613493166322984e-10,3.9613493166322984e-10,0.043007139674623884,636068.5944110996,387.35044512214773
2364.0,25677.88952698282,10824924588.95297,385.9431396189059,5.002942392222933e-05,2.587581213486233,0.23622656837466854,6.224513143625719e+16,0.38308612992371105,0.38308612992371105,60378172815.007095,0.04338319075985993,2738189.3609848996,2738171.4936284604,2724220.842216379,17.86735643910815,13950.65141208134,1.0015235826979896,6.525245000835675e-06,6.525245000835675e-06,6.525245000835676e-06,0.005094878624126926,13950.65141208134,-17541293.801517922,-0.0016204541341026178,-0.14262362602223344,0.683336566969305,0.0,0.0,741686743733987.0,-551.6827488290202,0.13988885656872818,1.0,151014749502550.78,193412786057.289,2.2523285293286548e+16,-1543889996.2937076,0.002290868964322141,-0.026737921958149988,0.03896343933083288,0.005094878624126926,6966199887359707.0,2.9640499930148804e+16,2.964069334293486e+16,2.9489485180646252e+16,2080687.5011648545,-1543889996.2937076,1.0,386.88439562337834,3.894033761263459e-10,3.894033761263459e-10,0.042982319671430735,643533.3410515246,386.88439562337834
2365.0,25880.85512048486,10824926914.946157,385.51112527572474,4.9983453590020286e-05,2.5870565629352793,0.23627180153732738,6.2986818179991176e+16,0.3830321813602519,0.3830321813602519,58834282818.71339,0.042707910737196736,2769657.2700326242,2769639.7555817654,2755588.870235106,17.514450858514145,14050.885346659517,1.0014684675314633,6.3236888722725765e-06,6.323688872272575e-06,6.323688872272575e-06,0.005073181563899134,14050.885346659517,-17441152.744919483,-0.0016112028175301759,-0.1386269103498115,0.6819132945043257,0.0,0.0,749081121331508.0,-551.8186061909919,0.13931085388917375,1.0,152099806967877.2,189592650498.8316,2.2781285188603444e+16,-1500626172.9815025,0.0022397227758631988,-0.026303417726470338,0.038642935072177004,0.005073181563899134,7047762939330626.0,2.9981147934901948e+16,2.9981337527552452e+16,2.982904812793407e+16,2104520.923568449,-1500626172.9815025,1.0,386.4173011416089,3.827954724723357e-10,3.827954724723357e-10,0.04295748212443873,651067.9466666571,386.4173011416089
2366.0,26085.117182108846,10824929169.196188,385.0795945177498,4.993789875868116e-05,2.586529959835452,0.23631488034624148,6.373589930132269e+16,0.38297880056381056,0.38297880056381056,57333656645.73189,0.04204659772857709,2801434.730368524,2801417.5593494806,2787265.9805721752,17.17101904348646,14151.578777305253,1.0014105414867955,6.129366091362635e-06,6.129366091362635e-06,6.129366091362637e-06,0.005051577809268605,14151.578777305253,-17341727.79163169,-0.0016020176687141698,-0.13428329423498903,0.6804929864709423,0.0,0.0,756492434511881.0,-551.9540353553443,0.13873508073123142,0.9999999999999999,153189837896629.34,185875064908.65982,2.3041874450759804e+16,-1453607148.700087,0.002184186573580122,-0.025872284903180817,0.038323474815853374,0.005051577809268605,7130082364644151.0,3.0325146653300584e+16,3.0325332528365492e+16,3.0171956815403956e+16,2128593.5538801122,-1453607148.700087,1.0,385.9490353978126,3.763088107246402e-10,3.763088107246402e-10,0.04293262594738101,658672.426692063,385.9490353978126
2367.0,26290.68156915539,10824931353.9159,384.64854680366864,4.989275533667253e-05,2.5860012563043413,0.23635569939476744,6.449239173583457e+16,0.382925981559077,0.382925981559077,55880049497.0318,0.04140129424922302,2833523.669087174,2833506.8303886265,2819254.110062404,16.838698547411493,14252.720326222621,1.0013495919449609,5.942670862825761e-06,5.942670862825761e-06,5.942670862825761e-06,0.0050300638676307,14252.720326222621,-17243013.26435488,-0.0015928981626398262,-0.12956467418946543,0.6790756366947535,0.0,0.0,763918944861556.0,-552.0890606689579,0.13816144626793636,0.9999999999999999,154284719137921.7,182277755865.0128,2.3305074092225772e+16,-1402528703.9934425,0.002123857289130718,-0.025443666877354883,0.03800485217291628,0.0050300638676307,7213158118445013.0,3.0672516929808704e+16,3.067269920756457e+16,3.0518232210670784e+16,2152907.333107032,-1402528703.9934425,1.0,385.4794727589975,3.6994103062261683e-10,3.6994103062261683e-10,0.042907750126041755,666346.7769553722,385.4794727589975
2368.0,26497.554149114138,10824933471.24988,384.21798159277506,4.984801927821124e-05,2.5854703044595375,0.2363941532762618,6.525631068069613e+16,0.38287371843362683,0.38287371843362683,54477520793.03836,0.04077420083792091,2865926.0012585344,2865909.4820312033,2851555.1837575007,16.51922733110173,14354.298273702538,1.0012854063649628,5.7640104189178395e-06,5.7640104189178395e-06,5.7640104189178395e-06,0.005008636303310243,14354.298273702538,-17145003.54077209,-0.0015838437793920667,-0.124442168251338,0.6776612390142189,0.0,0.0,771358870226902.0,-552.2237060152127,0.1375898611208215,0.9999999999999999,155384323839306.97,178819536855.62897,2.3570905215476156e+16,-1347078192.3388178,0.0020583203610640938,-0.02501666924266122,0.03768684702836639,0.005008636303310243,7296989938296515.0,3.102327947761198e+16,3.1023458297148836e+16,3.086789515377267e+16,2177464.210572611,-1347078192.3388178,1.0,385.00848824228683,3.6368982051060617e-10,3.6368982051060617e-10,0.04288285370909928,674090.9731848894,385.00848824228683
2369.0,26705.740799584735,10824935523.276567,383.78789834496797,4.980368658267233e-05,2.5849369564186313,0.23643013658408102,6.602766955092303e+16,0.38282200533725946,0.38282200533725946,53130442600.69954,0.04016768026961359,2898643.6294061174,2898627.414958078,2884171.114402982,16.214448039255775,14456.300555096028,1.0012177722904874,5.593805280084684e-06,5.593805280084685e-06,5.593805280084685e-06,0.00498729173694271,14456.300555096028,-17047693.052584358,-0.0015748540040656281,-0.11888610485186611,0.6762497872806313,0.0,0.0,778810383681968.0,-552.3579948200037,0.13702023734593227,0.9999999999999999,156488521414021.75,175520354570.4619,2.3839389012734732e+16,-1286934419.6349483,0.001987149562758243,-0.024590359143883307,0.037369225243344205,0.00498729173694271,7381577338774271.0,3.1377454872923024e+16,3.1377630393277596e+16,3.1220966351509004e+16,2202266.1438928237,-1286934419.6349483,1.0,384.5359575194069,3.575529162578028e-10,3.575529162578028e-10,0.042857935799316405,681904.9705101582,384.5359575194069
2370.0,26915.247408197356,10824937512.010298,383.35829652075086,4.975975329400009e-05,2.5844010642992137,0.2364635439115817,6.6806479934605e+16,0.38277083648134297,0.38277083648134297,51843508181.06459,0.03958426182955703,2931678.4429686726,2931662.5166545804,2917103.801896738,15.926314091943762,14558.714757842226,1.0011464773570031,5.432490091176739e-06,5.432490091176739e-06,5.432490091176738e-06,0.004966026844882429,14558.714757842226,-16951076.2846133,-0.0015659283266814274,-0.11286601176518749,0.6748412753580904,0.0,0.0,786271612512067.0,-552.4919500575,0.13645248842050495,0.9999999999999999,157597177508824.25,172401354841.94025,2.4110546765607292e+16,-1221767524.5879736,0.0019099068313350232,-0.024163764617254283,0.037051738354109305,0.004966026844882429,7466919605972568.0,3.173506354908868e+16,3.173523595044353e+16,3.1577466371579856e+16,2227315.098942287,-1221767524.5879736,1.0,384.061756921572,3.5152810020766854e-10,3.5152810020766854e-10,0.04283299554501219,689788.7029544512,384.061756921572
2371.0,27126.079872532504,10824939439.403275,382.92917558123116,4.971621550012801e-05,2.5838624802188757,0.23649426985212033,6.7592751547117064e+16,0.3827202061381664,0.3827202061381664,50621740656.476616,0.039026645648465454,2965032.317745342,2965016.6608473044,2950355.1327287466,15.65689803753287,14661.528118557508,1.0010713092993144,5.280515137669267e-06,5.280515137669267e-06,5.280515137669267e-06,0.004944838358637663,14661.528118557508,-16855147.77396708,-0.0015570662421088078,-0.106350605150938,0.6734356971234753,0.0,0.0,793740637211086.0,-552.6255942556462,0.13588652923031475,0.9999999999999999,158710153972493.25,169484973065.2053,2.43843998445985e+16,-1151238860.1027937,0.0018261420976810358,-0.023735873924962306,0.03673412326788525,0.004944838358637663,7553015791922794.0,3.2096125790493788e+16,3.2096295275466852e+16,3.1937415636521292e+16,2252613.0498096063,-1151238860.1027937,1.0,383.5857634447714,3.456132001557105e-10,3.456132001557105e-10,0.04280803213178719,697742.0829191405,383.5857634447714
2372.0,27338.24410004041,10824941307.34749,382.5005349881195,4.9673069332407745e-05,2.583321056295207,0.23652220899905346,6.838649218432815e+16,0.3826701086402986,0.3826701086402986,49470501796.373825,0.03849770709802089,2998707.115324286,2998691.706921606,2983926.979401414,15.40840267998625,14764.727520192002,1.000992055959561,5.138348657407963e-06,5.138348657407963e-06,5.138348657407963e-06,0.0049237230643323325,14764.727520192002,-16759902.109266298,-0.0015482672499933482,-0.09930777869840271,0.6720330464664193,0.0,0.0,801215490490615.0,-552.7589495014142,0.13532227605767766,0.9999999999999999,159827308825056.7,166795054650.82693,2.4660969708507556e+16,-1075000875.7732627,0.0017353931177133434,-0.0233056348841936,0.03641610195565481,0.0049237230643323325,7639864708923431.0,3.2460661726256044e+16,3.2460828521310696e+16,3.2300834417430988e+16,2278161.978741518,-1075000875.7732627,1.0,383.1078547554467,3.3980608835451726e-10,3.3980608835451726e-10,0.042783044774443946,705765.0006598955,383.1078547554467
2373.0,27551.74600796015,10824943117.676579,382.07237420372917,4.9630310965046455e-05,2.582776644645798,0.23654725594573767,6.918770767481877e+16,0.38262053837995363,0.38262053837995363,48395500920.60056,0.03800050124606992,3032704.682494711,3032689.4993191445,3017821.199829885,15.183175566877123,14868.299489259774,1.0009085052956714,5.006480075200531e-06,5.006480075200531e-06,5.006480075200531e-06,0.004902677802194319,14868.299489259774,-16665333.929926692,-0.0015395308546899478,-0.09170459288252181,0.6706333172892821,0.0,0.0,808694156298857.0,-552.8920374458058,0.13475964657012207,0.9999999999999998,160948496227816.78,164357011857.1417,2.4940277903696252e+16,-992697001.582987,0.0016371853050257104,-0.022871954191089037,0.036097381141994116,0.004902677802194319,7727464923780735.0,3.2828691323704804e+16,3.2828855680716656e+16,3.2667742827476988e+16,2303963.876075252,-992697001.582987,1.0,382.6279091965626,3.3410468054502313e-10,3.3410468054502313e-10,0.042758032708994254,713857.3237546328,382.6279091965626
2374.0,27766.59152323804,10824944872.16762,381.64469269097515,4.9587936614552997e-05,2.5822290973882405,0.2365693052855294,6.9996401831117624e+16,0.38257148980836325,0.38257148980836325,47402803919.01758,0.037538267370780073,3067026.8506421307,3067011.8669146253,3052039.6367214774,14.983727505287439,14972.230193148207,1.0008204453902618,4.885424300132997e-06,4.885424300132996e-06,4.885424300132996e-06,0.004881699466070237,14972.230193148207,-16571437.925496295,-0.0015308565652009626,-0.08350726434090727,0.6692365035071238,0.0,0.0,816174568847084.0,-553.0248793086107,0.1341985598097144,0.9999999999999998,162073566454232.9,162198024224.31818,2.522234606322163e+16,-903961532.91585,0.0015310315650608067,-0.0224336967400023,0.03577765199203926,0.004881699466070237,7815814751958846.0,3.320023438163471e+16,3.3200396579658936e+16,3.303816081518048e+16,2330020.7401583777,-903961532.91585,1.0,382.1458057940607,3.2850693501305056e-10,3.2850693501305056e-10,0.04273299518477103,722018.8965630995,382.1458057940607
2375.0,27982.78658244563,10824946572.542885,381.21748991337364,4.954594253919218e-05,2.581678266640124,0.23658825161178526,7.08125763999647e+16,0.3825229574351558,0.3825229574351558,46498842386.10173,0.037114433532972765,3101675.435126749,3101660.6223708875,3086584.116933375,14.812755861555448,15076.505437512349,1.0007276644599798,4.7757272388334616e-06,4.775727238833462e-06,4.775727238833463e-06,0.004860785002966564,15076.505437512349,-16478208.83504456,-0.001522243895119167,-0.07468115538163013,0.6678425990476784,0.0,0.0,823654611641626.0,-553.1574958829215,0.13363893618304845,0.9999999999999998,163202365861723.47,160347290793.45917,2.5507195905825148e+16,-808419516.9819196,0.0014164321309512633,-0.02198968493845688,0.03545658979568315,0.004860785002966564,7904912251638097.0,3.3575310523324972e+16,3.357547087061576e+16,3.3412108157463244e+16,2356334.5772554018,-808419516.9819196,1.0,381.6614242636939,3.230108516702246e-10,3.230108516702246e-10,0.042707931456541504,730249.5396779734,381.6614242636939
2376.0,28200.337131697306,10824948220.471516,380.7907653350415,4.9504325038447484e-05,2.5811240045190402,0.2366039895178618,7.163623101160633e+16,0.3824749358277414,0.3824749358277414,45690422869.11981,0.03673262120579657,3136652.234644778,3136637.5614712797,3121456.4508075193,14.673173498183822,15181.110663760504,1.0006299508653032,4.677972692068472e-06,4.677972692068473e-06,4.677972692068472e-06,0.004839931412617405,15181.110663760504,-16385641.446601622,-0.0015136923625753743,-0.0651907636332993,0.6664515978513273,0.0,0.0,831132116519114.0,-553.2899075394072,0.1330806974518992,0.9999999999999997,164334736864455.44,158836343347.83478,2.579484923476844e+16,-705686640.7834624,0.001292874401175165,-0.021538698018209613,0.035133853649104825,0.004839931412617405,7994755217679747.0,3.3953939189312644e+16,3.395409802565599e+16,3.3789604452448188e+16,2382907.401440195,-705686640.7834624,1.0,381.174645018241,3.1761447115841946e-10,3.1761447115841946e-10,0.042682840776583575,738549.0493673243,381.174645018241
2377.0,28419.24912656727,10824949817.57118,380.3645184206953,4.9463080452491664e-05,2.5805661631425787,0.23661641359711547,7.246736312812544e+16,0.38242741961070403,0.38242741961070403,44984736228.33635,0.036396649960849334,3171959.030572429,3171944.462428121,3156658.4314814857,14.568144307728277,15286.030946635456,1.0005270931207717,4.592790817067783e-06,4.592790817067783e-06,4.5927908170677825e-06,0.004819135747078627,15286.030946635456,-16293730.596646259,-0.001505201490190568,-0.05499971184571388,0.6650634938710734,0.0,0.0,838604862682636.0,-553.4221342303478,0.1325237667245477,0.9999999999999997,165470517907168.9,157699431066.29385,2.6085327936504856e+16,-595369120.7107279,0.0011598327791850513,-0.021079471342842233,0.034809086133738905,0.004819135747078627,8085341175495179.0,3.4336139629907204e+16,3.433629732933827e+16,3.4170669112000036e+16,2409741.2344732406,-595369120.7107279,1.0,380.6853491750881,3.123158739769525e-10,3.123158739769525e-10,0.04265772238666532,746917.197008245,380.6853491750881
2378.0,28639.5285320061,10824951365.409647,379.9387486356508,4.942220516166547e-05,2.5800045946283308,0.23662541844290289,7.330596799080808e+16,0.38238040346519986,0.38238040346519986,44389367107.62562,0.036110542209798195,3207597.58629233,3207583.0851659104,3192191.8341740123,14.50112641979645,15391.250991898052,1.0004188799056823,4.520868353863034e-06,4.520868353863034e-06,4.520868353863034e-06,0.0047983951103489336,15391.250991898052,-16202471.169641169,-0.0014967708050324365,-0.044070737854848704,0.663678281072514,0.0,0.0,846070575736409.0,-553.5541954934289,0.13196806844777687,0.9999999999999996,166609543440109.4,156973988237.9535,2.6378653979174284e+16,-477063593.9164551,0.0010167685151549143,-0.020610695712308967,0.03448191299279644,0.0047983951103489336,8176667374817216.0,3.4721930897431612e+16,3.472208787141985e+16,3.45553213539915e+16,2436838.105662569,-477063593.9164551,1.0,380.1934185641874,3.071131796317827e-10,3.071131796317827e-10,0.042632575509902404,755353.7285114434,380.1934185641874
2379.0,28861.181322257016,10824952865.506329,379.51345544582256,4.938169558596404e-05,2.5794391510938874,0.23663089864858056,7.41520385665445e+16,0.3823338821283617,0.3823338821283617,43912303513.70916,0.03587852800049195,3243569.646502078,3243555.1705777943,3228058.415443677,14.475924284078296,15496.755134117133,1.0003051000752121,4.462960830728388e-06,4.462960830728387e-06,4.462960830728387e-06,0.004777706658017659,15496.755134117133,-16111858.09761462,-0.0014883998385762025,-0.03236568471977259,0.6622959534338153,0.0,0.0,853526926716496.0,-553.6861104552992,0.13141352839955456,0.9999999999999996,167751643895111.16,156701198059.786,2.6674849410907904e+16,-350357011.55137664,0.0008631295500188982,-0.020131016664886345,0.03415194280545504,0.004777706658017659,8268730783370945.0,3.5111331838173964e+16,3.511148853937202e+16,3.494358019427885e+16,2464200.0517071267,-350357011.55137664,1.0,379.6987357363708,3.020045458060145e-10,3.020045458060145e-10,0.04260739934237745,763858.3637365503,379.6987357363708
2380.0,29084.21348077144,10824954319.333776,379.08863831772254,4.9341548184531074e-05,2.578869684656838,0.23663274880750496,7.5005565493261e+16,0.38228785039271,0.38228785039271,43561946502.15778,0.03570504986649481,3279876.9365045116,3279862.4397535413,3264259.9124189694,14.4967509702946,15602.527334571538,1.0001855426719923,4.41990698155411e-06,4.41990698155411e-06,4.419906981554111e-06,0.0047570675969398155,15602.527334571538,-16021886.35978797,-0.0014800881266697151,-0.01984549104507005,0.6609165049456857,0.0,0.0,860971531114716.0,-553.8178978348881,0.13086007368240216,0.9999999999999994,168896645662893.47,156926667032.19666,2.6973936357927004e+16,-214826534.00763083,0.0006983503619496413,-0.019639033776975713,0.03381876665883924,0.0047570675969398155,8361528080440817.0,3.5504361084030716e+16,3.5504518010697748e+16,3.533546443836782e+16,2491829.1165211233,-214826534.00763083,1.0,379.20118397202594,2.969881675510605e-10,2.969881675510605e-10,0.04280632291893993,772430.7958978461,379.20118397202594
2381.0,29308.631000124125,10824955728.319117,378.66429671846004,4.930175945516045e-05,2.578316464746131,0.23652118595131524,7.586653702437571e+16,0.38224230310556995,0.38224230310556995,43347119968.150154,0.03559476772891548,3316521.161479343,3316506.5931771672,3300796.841889911,14.568302175846032,15709.751287256491,1.0000893820057,4.392645626704761e-06,4.392645626704761e-06,4.392645626704761e-06,0.004736837044007432,15709.751287256491,-15931406.63675918,-0.0014717294958612257,-0.009639121890889816,0.6595399296113501,0.0,0.0,864479987064812.0,-553.9467199252832,0.13031758801055215,0.9999999999999993,170057362187455.78,157701226090.30835,2.7279845992131456e+16,-104343067.72875391,0.0005218518154505967,-0.019133299961226095,0.033481957817918385,0.004736837044007432,8451133689502384.0,3.5901037043821296e+16,3.5901194745047384e+16,3.573097968163384e+16,2520088.4582617534,-104343067.72875391,1.0,378.71845140946454,2.9199945227561823e-10,2.9199945227561823e-10,0.04320171967777564,780708.3836281577,378.71845140946454
2382.0,29534.439881928058,10824957093.845465,378.24043011574105,4.926232593380531e-05,2.577797235886937,0.23618820332964388,7.673101701144053e+16,0.3821972351684946,0.3821972351684946,43242776900.4214,0.03555256384933949,3353452.585039443,3353437.889421186,3337618.638107049,14.695618256934639,15819.251314136882,1.0000421485051947,4.38223528863814e-06,4.38223528863814e-06,4.38223528863814e-06,0.004717323485859264,15819.251314136882,-15839436.485843845,-0.0014632331886885136,-0.004582747298449618,0.6581662214465238,0.0,0.0,860278544376422.0,-554.0701442563319,0.12979456619531493,0.9999999999999992,171242716732290.22,159079437098.84955,2.7596198307607264e+16,-49608042.87765333,0.0003546180024412749,-0.018619284402262414,0.033142858613069155,0.004717323485859264,8533380245520474.0,3.630082126986003e+16,3.630098034929713e+16,3.6129578553127736e+16,2549312.488573012,-49608042.87765333,1.0,378.26593806824553,2.869857269186168e-10,2.869857269186168e-10,0.04354555519713288,788306.1495340368,378.26593806824553
2383.0,29761.646136748583,10824958417.253271,377.8170379778673,4.922324419409448e-05,2.577308062841186,0.23563635986283762,7.759129555581694e+16,0.3821526415366942,0.3821526415366942,43193168857.54375,0.035574095942765116,3390572.0582051827,3390557.1819176353,3374626.8208311265,14.876287547359173,15930.361086508923,1.000038171743593,4.387545019536914e-06,4.387545019536914e-06,4.387545019536914e-06,0.004698449320208489,15930.361086508923,-15746268.301006002,-0.001454626216014737,-0.004184237481479849,0.656795374479386,0.0,0.0,848712621476288.0,-554.1887872819149,0.1292888823685523,0.9999999999999991,172445496333288.72,161035194103.2657,2.792235283218657e+16,-45294196.74493192,0.00022758049646652863,-0.01810853569084735,0.03280439710635427,0.004698449320208489,8607842177057984.0,3.670264050557784e+16,3.670280154077194e+16,3.653019500924455e+16,2579442.0408749795,-45294196.74493192,1.0,377.840113338269,2.8196516983079255e-10,2.8196516983079255e-10,0.04384150860784075,795184.779956147,377.840113338269
2384.0,29990.2557840172,10824959699.841644,377.3941197737355,4.918451084685589e-05,2.5768450103708056,0.23486821447124315,7.844000817729323e+16,0.3821085172184717,0.3821085172184717,43147874660.79881,0.03564151205507432,3427784.98799795,3427769.891380343,3411727.4541429747,15.096617606840878,16042.437237368536,1.0000717875194387,4.404190361910153e-06,4.404190361910152e-06,4.404190361910152e-06,0.004680138324836134,16042.437237368536,-15652169.933352567,-0.0014459333214498285,-0.00793261647460478,0.6554273827505545,0.0,0.0,830107970388364.0,-554.3032531505585,0.1287984475831666,0.999999999999999,173658736581753.34,163420277197.97232,2.8257703409823344e+16,-85870253.65189666,0.00015451744650176434,-0.01761119794590972,0.03246919367915436,0.004680138324836134,8674108788117688.0,3.710547093452278e+16,3.710563435479998e+16,3.693181219794103e+16,2610421.118725894,-85870253.65189666,1.0,377.43746820760435,2.7695392228357523e-10,2.7695392228357523e-10,0.044092903455982047,801306.3354170806,377.43746820760435
2385.0,30220.27485194507,10824960942.869621,376.971674972837,4.9146122539647225e-05,2.576404143237724,0.23388632607520715,7.92701161476816e+16,0.3820648572746637,0.3820648572746637,43062004407.14692,0.03573106880489775,3465000.9406520356,3464985.6033414262,3448830.7470008945,15.337310609491494,16154.85634053194,1.0001373355671133,4.4263510666191496e-06,4.426351066619149e-06,4.4263510666191496e-06,0.004662315573534608,16154.85634053194,-15557386.892050264,-0.0014371771846713112,-0.015296627476778941,0.654062240313059,0.0,0.0,804773748075057.0,-554.4141345030063,0.12832120754479548,0.9999999999999989,174875688923927.9,166025788316.4053,2.860167277200933e+16,-165585394.99375832,0.00013957961449514186,-0.01713600868583715,0.03213955356918281,0.004662315573534608,8731785362843217.0,3.750833382377647e+16,3.750849984956478e+16,3.733345813485254e+16,2642196.3943296433,-165585394.99375832,1.0,377.05451297564395,2.7196627117091606e-10,2.7196627117091606e-10,0.044302718873391544,806634.3526712515,377.05451297564395
2386.0,30451.70937743581,10824962147.557404,376.5497030452569,4.910807595629343e-05,2.575981526203868,0.23269325359507637,8.007488989575666e+16,0.3820216568180876,0.3820216568180876,42896419012.15316,0.035817391303801016,3502133.2442548852,3502117.667592378,3485850.6554618776,15.576662507336996,16267.012130500232,1.0002291575886613,4.447764097179886e-06,4.447764097179886e-06,4.447764097179887e-06,0.0046449073602039806,16267.012130500232,-15462144.471263867,-0.0014283786179107166,-0.025723753869403253,0.6526999412323163,0.0,0.0,773005105400240.0,-554.5220131864656,0.12785514056539093,0.9999999999999987,176089790566522.12,168616782027.1996,2.895370730243709e+16,-278458661.9293735,0.00018144830563691559,-0.01669029360673173,0.0318174586751854,0.0046449073602039806,8780494094975906.0,3.791029118797951e+16,3.791045980476154e+16,3.773420139741299e+16,2674716.724895924,-278458661.9293735,1.0,376.6877752915429,2.6701482548045905e-10,2.6701482548045905e-10,0.044473603908086634,811133.9305659538,376.6877752915429
2387.0,30684.56540599792,10824963315.08756,376.1282034616738,4.907036781643091e-05,2.575573224031168,0.23129155595119746,8.08478950011569e+16,0.3819789110129947,0.3819789110129947,42617960350.223785,0.03587587762416837,3539098.5949550066,3539082.8024300737,3522704.489464809,15.792524933241591,16378.312965264602,1.0003415956063824,4.462301489920024e-06,4.4623014899200246e-06,4.4623014899200246e-06,0.004627841132741683,16378.312965264602,-15366649.780015098,-0.0014195567534716215,-0.03863965480487891,0.6513404795861035,0.0,0.0,735085372380703.0,-554.6274608739669,0.1273982557840767,0.9999999999999986,177294637012012.28,170953503054.94586,2.9313271995854424e+16,-418272845.77046096,0.0002756312423497438,-0.016279959355474532,0.03150455889385116,0.004627841132741683,8819874872496393.0,3.8310441505362824e+16,3.831061245886588e+16,3.813314686835082e+16,2707932.686940225,-418272845.77046096,1.0,376.33379851444806,2.621106841156343e-10,2.621106841156343e-10,0.04460789394829656,814771.8025245845,376.33379851444806
2388.0,30918.848991656956,10824964446.606186,375.7071756933584,4.9032994875058584e-05,2.5751753014815515,0.2296837920639172,8.15829803735376e+16,0.3819366150745289,0.3819366150745289,42199687504.45332,0.03588407866769349,3575816.6696607387,3575800.7059927606,3559312.5264623296,15.96366797783731,16488.179530431124,1.0004689906358009,4.464341842041889e-06,4.464341842041889e-06,4.464341842041888e-06,0.004611045437403218,16488.179530431124,-15271093.659907738,-0.0014107292208886183,-0.05344797961973742,0.649983849464533,0.0,0.0,691287907878717.0,-554.7310395847685,0.12694859167421313,0.9999999999999983,178483957206176.78,172806138297.51456,2.9679845608082284e+16,-578572479.1265895,0.00041573010894813497,-0.015909485264691124,0.031202163227557343,0.004611045437403218,8849585945232478.0,3.8707915510520936e+16,3.870808831665923e+16,3.852943155331476e+16,2741796.12824386,-578572479.1265895,1.0,375.9891403924643,2.5726359351828914e-10,2.5726359351828914e-10,0.044707628306535074,817516.3982184695,375.9891403924643
2389.0,31154.566196866883,10824965543.224024,375.28661921217343,4.899595392209549e-05,2.5747838233169458,0.22787252085358226,8.227426828141632e+16,0.3818947642681909,0.3818947642681909,41621115025.32674,0.03582251227853886,3612209.7471460174,3612193.6762947333,3595597.633514512,16.070851284343114,16596.04278022156,1.0006056816788989,4.4490360220750155e-06,4.4490360220750155e-06,4.4490360220750155e-06,0.00459444987380777,16596.04278022156,-15175652.48244558,-0.001401912312962964,-0.06953053046462553,0.648630044970026,0.0,0.0,641877672154683.0,-554.8333021056013,0.12650421484169405,0.9999999999999981,179651591249770.22,173966411403.29175,3.005291598979612e+16,-752665596.4816595,0.0005941412170835368,-0.015581914911109315,0.030911230878955923,0.00459444987380777,8869304500296314.0,3.91018720813422e+16,3.91020460477536e+16,3.892222049009243e+16,2776259.7367903856,-752665596.4816595,1.0,375.65037205770966,2.5248209424243255e-10,2.5248209424243255e-10,0.04477456818454284,819337.8967241267,375.65037205770966
2390.0,31391.723092421435,10824966606.017557,374.8665334905729,4.89592417819447e-05,2.57439485429928,0.2258603012405393,8.2916145953571e+16,0.3818533539093084,0.3818533539093084,40868449428.84508,0.03567516455450913,3648202.338649529,3648186.2409161855,3631484.898807317,16.097733343128084,16701.342108868168,1.0007460050376566,4.412511107891851e-06,4.412511107891853e-06,4.412511107891853e-06,0.004577985060508831,16701.342108868168,-15080489.823155273,-0.0013931211404173834,-0.08624774737586052,0.6472790602172878,0.0,0.0,587112571959074.0,-554.934792314452,0.1260632191125436,0.9999999999999978,180791470604172.75,174257425871.9369,3.043197559253008e+16,-933628985.1879286,0.0008024446210975703,-0.015298848267443783,0.03063236252892451,0.004577985060508831,8878727167316175.0,3.949149423045043e+16,3.94916684878763e+16,3.931070275984626e+16,2811276.625612227,-933628985.1879286,1.0,375.3140773350874,2.477736561756283e-10,2.477736561756283e-10,0.04481021439158961,820208.27319509,375.3140773350874
2391.0,31630.32575736451,10824967636.030067,374.4469180016011,4.892285531306381e-05,2.5740044591904825,0.2236496921451351,8.350325852553008e+16,0.3818123793625117,0.3818123793625117,39934820443.65715,0.03542981739375255,3683720.828371889,3683704.796716115,3666901.2729716194,16.03165577389224,16803.52374449569,1.0008842939480738,4.352027887242973e-06,4.352027887242973e-06,4.3520278872429715e-06,0.004561582610928923,16803.52374449569,-14985758.014015045,-0.001384369775308714,-0.10293949451459021,0.6459308893332814,0.0,0.0,527244620160956.0,-555.0360454094505,0.1256237249045129,0.9999999999999976,181897600705428.62,173542154904.35806,3.0816517131721268e+16,-1114316696.5897336,0.0010316229015547309,-0.015060435139760183,0.030365791977845513,0.004561582610928923,8877570472713963.0,3.9875985205140664e+16,3.987615874729557e+16,3.969408760443523e+16,2846799.932144913,-1114316696.5897336,1.0,374.9768523626198,2.4314480251527683e-10,2.4314480251527683e-10,0.044815824324666576,820101.3408267067,374.9768523626198
2392.0,31870.380278900797,10824968634.272654,374.0277722188923,4.8886791407541544e-05,2.5736087027524803,0.22124325248771634,8.403050314569104e+16,0.38177183604121473,0.38177183604121473,38820503747.06741,0.035078278316268655,3718693.123716751,3718677.2594237835,3701775.2200671523,15.8642929674317,16902.03935663144,1.0010148785349524,4.266093608599703e-06,4.266093608599704e-06,4.266093608599704e-06,0.004545175119405346,16902.03935663144,-14891599.578941423,-0.0013756713836374098,-0.11892613046047007,0.6445855264572027,0.0,0.0,462520945261766.0,-555.1375880457786,0.12518387887595184,0.9999999999999972,182964045890777.28,171730473777.36038,3.12060293885238e+16,-1287371632.0300062,0.0012721876746357194,-0.014865370516167615,0.030111378316327615,0.004545175119405346,8865571259830871.0,4.025456469424545e+16,4.0254736424719224e+16,4.007160064835467e+16,2882782.4304010635,-1287371632.0300062,1.0,374.63530552134057,2.3860122290472014e-10,2.3860122290472014e-10,0.044792427833780346,818992.7896660886,374.63530552134057
2393.0,32111.89275230517,10824969601.725233,373.60909561667006,4.885104699068053e-05,2.573203649747203,0.21864354118862975,8.44930240909528e+16,0.38173171940710177,0.38173171940710177,37533132115.03741,0.034616553783668416,3753048.314662029,3753032.722524497,3736036.377656619,15.592137531505406,16996.34486787816,1.0011320860877426,4.154526194238328e-06,4.154526194238328e-06,4.154526194238327e-06,0.004528696157076265,16996.34486787816,-14798148.559480064,-0.0013670383478140765,-0.13350984926717885,0.6432429657404545,0.0,0.0,393184680453854.0,-555.2399383836068,0.12474185384469383,0.9999999999999968,183984916535219.75,168784414804.46515,3.159999312952342e+16,-1445240059.848129,0.001514256936923013,-0.014710892397576905,0.029868598780122917,0.004528696157076265,8842487089549133.0,4.062646513560778e+16,4.0626633920022584e+16,4.044248021907255e+16,2919176.154036235,-1445240059.848129,1.0,374.28605767278543,2.3414787634070877e-10,2.3414787634070877e-10,0.04474084168815584,816860.2236203841,374.28605767278543
2394.0,32354.869280832463,10824970539.337496,373.1908876697463,4.8815619020586166e-05,2.5727853649365775,0.215853117168222,8.488620877140666e+16,0.38169202496961924,0.38169202496961924,36087892055.18928,0.03404498801826608,3786716.3412670167,3786701.1244791313,3769615.225019202,15.216787885741619,17085.89945992887,1.0012302416577146,4.018465212171175e-06,4.018465212171175e-06,4.018465212171175e-06,0.00451208027733614,17085.89945992887,-14705531.739556478,-0.0013584823798011444,-0.14597628249304598,0.6419032013466208,0.0,0.0,319475757062397.0,-555.3436060500388,0.12429584896970602,0.9999999999999963,184954358291812.47,164721280566.50073,3.1997877121267884e+16,-1580188957.4292305,0.0017476070278637768,-0.01459278263608756,0.029636542434903868,0.00451208027733614,8808096634203062.0,4.099092811376276e+16,4.099109283504333e+16,4.080597375547094e+16,2955932.028174019,-1580188957.4292305,1.0,373.9257427020965,2.2978908459901442e-10,2.2978908459901442e-10,0.044661682430344074,813683.1968451834,373.9257427020965
2395.0,32599.315975626076,10824971448.029842,372.77314785352104,4.8780504487761384e-05,2.572349913082533,0.21287453934683978,8.520568452846906e+16,0.38165274828547335,0.38165274828547335,34507703097.76005,0.033368378723430625,3819627.668000354,3819612.9229899193,3802442.7582260077,14.745010434601276,17170.1647639119,1.0013036689766999,3.8603266381512415e-06,3.860326638151242e-06,3.860326638151242e-06,0.004495263030598249,17170.1647639119,-14613869.779327894,-0.0013500146258572936,-0.15559635564966975,0.6405662274514426,0.0,0.0,241631623158265.0,-555.4490920179567,0.12384409018846065,0.9999999999999959,185866543327314.38,159614316955.4609,3.2399134214559204e+16,-1684326107.325172,0.0019617123132051133,-0.014505371270359328,0.02941390482954576,0.004495263030598249,8762200076005172.0,4.134720083389169e+16,4.134736044820864e+16,4.1161334290564376e+16,2992999.5076759197,-1684326107.325172,1.0,373.5510083646814,2.2552861700608096e-10,2.2552861700608096e-10,0.04455537745778715,809443.2505500882,373.5510083646814
2396.0,32845.23895562679,10824972328.69428,372.3558756439813,4.874570041470728e-05,2.5718933589469977,0.20971036664482984,8.544731615162733e+16,0.3816138849581324,0.3816138849581324,32823376990.434875,0.03259607527231098,3851712.9632971385,3851698.7747351816,3834450.170510225,14.188561956681426,17248.604224956434,1.0013466916974614,3.6837017949893535e-06,3.683701794989353e-06,3.683701794989352e-06,0.004478180988112794,17248.604224956434,-14523278.268974373,-0.0013416457638858635,-0.16162839548254282,0.6392320382427915,0.0,0.0,159887904757574.0,-555.5568884045722,0.12338483090329233,0.9999999999999953,186715663443752.66,153590790565.0408,3.280319747160994e+16,-1749622908.6297817,0.002145779800975425,-0.014441544819227195,0.02919898375143584,0.004478180988112794,8704619519920306.0,4.169453265497401e+16,4.169468624576458e+16,4.150781699153025e+16,3030326.2193711954,-1749622908.6297817,1.0,373.15851743415317,2.2136976742583414e-10,2.2136976742583414e-10,0.044422174206763865,804123.9511390296,373.15851743415317
2397.0,33092.644347480695,10824973182.195307,371.9390705177008,4.87112038555295e-05,2.571411767291899,0.2063631579825389,8.56072040563849e+16,0.3815754306373349,0.3815754306373349,31073754081.80509,0.03174206172556193,3882902.7825048254,3882889.2187284045,3865568.5360975945,13.563776420565079,17320.682630810166,1.0013536349556407,3.4932052591373942e-06,3.493205259137394e-06,3.4932052591373947e-06,0.004460771774602023,17320.682630810166,-14433868.713795822,-0.0013333860944372917,-0.1633204872799241,0.6379006279206444,0.0,0.0,74479024244277.0,-555.6674781924091,0.12291635291030345,0.9999999999999946,187495924975836.1,146827516001.91003,3.3209476307311664e+16,-1767939894.9082482,0.0022887826591535244,-0.014392758974036322,0.028989676213933713,0.004460771774602023,8635199429882767.0,4.2032171662170264e+16,4.203231848968627e+16,4.184467573719443e+16,3067857.605590555,-1767939894.9082482,1.0,372.74494914906796,2.1731542434401118e-10,2.1731542434401118e-10,0.04426214733482792,797710.9305070395,372.74494914906796
2398.0,33341.538285446935,10824974009.370758,371.5227319518391,4.867701189555027e-05,2.5709012028791656,0.20283547228031362,8.568168308062917e+16,0.38153738101860246,0.38153738101860246,29305814186.896843,0.030825025278531783,3913127.252144207,3913114.3612009846,3895728.4954067166,12.890943222295608,17385.865794268022,1.001318827252968,3.294281629924502e-06,3.294281629924502e-06,3.2942816299245027e-06,0.0044429741094845175,17385.865794268022,-14345749.46233969,-0.0013252456264487226,-0.15991308401935483,0.6365719906970592,0.0,0.0,-14361211607010.0,-555.7813348753643,0.12243696756473066,0.9999999999999938,188201545353359.44,139544125337.62408,3.361735261388685e+16,-1731054978.2678385,0.002379494827547232,-0.014349056116086296,0.028783476804315464,0.0044429741094845175,8553807096455906.0,4.235936125569611e+16,4.235950079982145e+16,4.217115971034275e+16,3105536.5661650198,-1731054978.2678385,1.0,372.30700095561826,2.133681349270946e-10,2.133681349270946e-10,0.044075203805976404,790191.929241697,372.30700095561826
2399.0,33591.92691130491,10824974811.032618,371.1068594241411,4.8643121650925974e-05,2.5703577304707257,0.19912986845850073,8.566732186902216e+16,0.381499731842758,0.381499731842758,27574759208.629005,0.029868409770611976,3942315.7531802435,3942303.559650308,3924859.9392712614,12.193529935594523,17443.620379046137,1.0012366026611588,3.0929866350147305e-06,3.09298663501473e-06,3.09298663501473e-06,0.004424727856470147,17443.620379046137,-14259026.589557441,-0.0013172341588291643,-0.1506418716735435,0.6352461207961487,0.0,0.0,-106399043435069.0,-555.8989220324713,0.1219450171768659,0.9999999999999929,188826751216389.66,131994654410.38289,3.4026176835975268e+16,-1630694466.3529165,0.0024065279503559566,-0.014299088077623302,0.02857747752023379,0.004424727856470147,8460333143467147.0,4.267533673065881e+16,4.267546872531322e+16,4.248650997944242e+16,3143303.0958461356,-1630694466.3529165,1.0,371.84139054305274,2.0953016391685296e-10,2.0953016391685296e-10,0.043861085779644204,781556.8434251255,371.84139054305274
2400.0,33843.8163742613,10824975587.967836,370.6914524129362,4.8609530268270233e-05,2.5697774148285073,0.19524890543744694,8.556092282558709e+16,0.38146247889544893,0.38146247889544893,25944064742.27609,0.0289004533525468,3970396.6007561055,3970385.103424884,3952891.68956636,11.49733122141617,17493.41385852413,1.00110130334561,2.8957639192081376e-06,2.8957639192081376e-06,2.8957639192081384e-06,0.00440597408131372,17493.41385852413,-14173804.747249411,-0.0013093613590227271,-0.13474089745653892,0.6339230124540561,0.0,0.0,-201400201751707.0,-556.0206928319707,0.1214388766328437,0.9999999999999918,189365777968741.94,124458329798.61046,3.4435263960629784e+16,-1458566925.6679113,0.00235837133802931,-0.014230144562611173,0.028368369223846463,0.00440597408131372,8354692080807002.0,4.297932181940552e+16,4.297944627773532e+16,4.278995604143678e+16,3181093.913865748,-1458566925.6679113,1.0,371.3448581681219,2.05803548200771e-10,2.05803548200771e-10,0.043619371190802836,771797.7757006121,371.3448581681219
2401.0,34097.212830856224,10824976340.939083,370.2765103971378,4.857623492428235e-05,2.569156320714439,0.19119514213749894,8.535952262383538e+16,0.3814256180066756,0.3814256180066756,24485497816.608177,0.027954209101611817,3997296.71757998,3997285.8879243336,3979751.1733278893,10.829655646452908,17534.71459644461,1.0009072824076148,2.70924487512384e-06,2.70924487512384e-06,2.70924487512384e-06,0.004386655117517712,17534.71459644461,-14090187.99437162,-0.001301636839711492,-0.11144597024980767,0.6326026599189297,0.0,0.0,-299129351928590.0,-556.1470894683301,0.12091695523463175,0.9999999999999905,189812870651632.1,117230766153.37009,3.4843889383644012e+16,-1206399991.247169,0.0022234353970011955,-0.014128187646770398,0.02815244484526065,0.004386655117517712,8236822910454949.0,4.3270525164750584e+16,4.327064239551674e+16,4.308071229409896e+16,3218842.0820715856,-1206399991.247169,1.0,370.814169264296,2.0219014787832205e-10,2.0219014787832205e-10,0.04334947188467897,760909.091256304,370.814169264296
2402.0,34352.12244486953,10824977070.685509,369.86203285624265,4.8543232825381024e-05,2.5684905128904485,0.18697113747900343,8.506039327190678e+16,0.38138914505032445,0.38138914505032445,23279097825.361008,0.02706754718924176,4022941.297856059,4022931.079163283,4005364.0871251035,10.218692775523525,17566.992038179535,1.0006489070433982,2.540104868288623e-06,2.5401048682886226e-06,2.5401048682886226e-06,0.004366714639772859,17566.992038179535,-14008280.620204458,-0.0012940702348589236,-0.07999834497876727,0.6312850574508978,0.0,0.0,-399349534299356.0,-556.2785425349227,0.12037769875352955,0.9999999999999889,190162286014208.34,110617114987.42181,3.525128460998512e+16,-865980250.087945,0.001990098833083708,-0.013977892784944051,0.027925604470797005,0.004366714639772859,8106689792891323.0,4.354813668889065e+16,4.354824730600564e+16,4.335797440287644e+16,3256476.6077377726,-865980250.087945,1.0,370.2461173308903,1.9869169462728169e-10,1.9869169462728169e-10,0.043050629135106044,748887.4793873308,370.2461173308903
2403.0,34608.55138722625,10824977777.923464,369.44801927033,4.851052120734332e-05,2.5677760561184644,0.1825794503823072,8.466104373760742e+16,0.3813530559437058,0.3813530559437058,22413117575.273064,0.02628313707981813,4047253.458304448,4047243.7650716137,4029654.0480711013,9.693232834207409,17589.717000512497,1.0003205620178106,2.3950150229208227e-06,2.3950150229208227e-06,2.395015022920823e-06,0.004346097744918327,17589.717000512497,-13928187.973981537,-0.0012866712763500339,-0.03964870537906654,0.629970199322044,0.0,0.0,-501821592382101.0,-556.4154703351945,0.11981959169126,0.999999999999987,190408295650510.34,104929030026.53328,3.565663274171036e+16,-429196354.65182984,0.0016467598780000438,-0.013762696767741441,0.027683362456821473,0.004346097744918327,7964282781378642.0,4.381132381873951e+16,4.381142874776954e+16,4.3620915523089e+16,3293922.0267434404,-429196354.65182984,1.0,369.6375270965557,1.9530983816685985e-10,1.9530983816685985e-10,0.04272190633024153,735732.021327661,369.6375270965557
2404.0,34866.50583590186,10824978463.3472,369.03446912006115,4.8478097334948714e-05,2.567009015160415,0.17802263976775684,8.415922214522533e+16,0.3813173466470973,0.3813173466470973,21983921220.621235,0.02564840813891562,4070153.8724053325,4070144.5894662268,4052542.2274192097,9.282939105487909,17602.362047017217,0.9999166534499757,2.280734192489382e-06,2.2807341924893826e-06,2.2807341924893826e-06,0.004324751040189865,17602.362047017217,-13850017.315407386,-0.001279449872561207,0.01033853752332818,0.628658079816382,0.0,0.0,-606303582358690.0,-556.5582781353186,0.11924115974237548,0.9999999999999847,190545190063001.53,100487615893.47014,3.605906370145419e+16,111914446.03253445,0.001181891775526717,-0.01346485308877796,0.02742085671658785,0.004324751040189865,7809618632163843.0,4.405922752368104e+16,4.4059328011296936e+16,4.386868233361804e+16,3331097.9623237364,111914446.03253445,1.0,368.985257950834,1.9204619161874276e-10,1.9204619161874276e-10,0.04236217855115765,721444.2650954729,368.985257950834
2405.0,35125.99197582708,10824979127.629562,368.62138188667876,4.844595850162817e-05,2.5661854547782275,0.1733032645556991,8.355291856286664e+16,0.3812820131632917,0.3812820131632917,22095835666.65377,0.02521548693517341,4091560.3835125403,4091551.364115091,4073946.962180091,9.01939744938603,17604.401934999983,0.9994316129076338,2.2043906490371825e-06,2.2043906490371825e-06,2.204390649037182e-06,0.004302622738504326,17604.401934999983,-13773878.701624595,-0.001272416190297152,0.07068061069167125,0.6273486932298312,0.0,0.0,-712550156802841.0,-556.7073573615664,0.11864097245111893,0.9999999999999818,190567283500776.3,97634789133.3991,3.645764913318552e+16,765116135.4654522,0.0005841027761535483,-0.013065495208994811,0.027132860335787504,0.004302622738504326,7642741699483823.0,4.429095811617013e+16,4.4291055750959256e+16,4.410039083266934e+16,3367918.654007508,765116135.4654522,1.0,368.2862076366794,1.8890237658678465e-10,1.8890237658678465e-10,0.041970118695729086,706028.308172583,368.2862076366794
2406.0,35387.01599879236,10824979771.42264,368.20875705200615,4.8414102029118255e-05,2.5653014397338314,0.16842388366648073,8.284036840606379e+16,0.38124705153714894,0.38124705153714894,22860951802.119225,0.025041109420892778,4111387.591890288,4111378.653704155,4093783.3395855804,8.938186133382215,17595.314118574606,0.9988599018062944,2.1740071772879763e-06,2.1740071772879763e-06,2.1740071772879763e-06,0.004279662760500562,17595.314118574606,-13699885.927703056,-0.0012655807416721474,0.14207138396987484,0.6260420338701913,0.0,0.0,-820311915227514.0,-556.8630847459027,0.11801764605513243,0.9999999999999782,190468919405397.28,96755684087.07283,3.685139691422206e+16,1537919857.571914,-0.00015779908213657198,-0.012544708236040925,0.026813795682477073,0.004279662760500562,7463724925378866.0,4.450559075900632e+16,4.450568751469041e+16,4.431512183960093e+16,3404292.4506434416,1537919857.571914,1.0,367.5373161959666,1.8588006881495235e-10,1.8588006881495235e-10,0.041544179708861595,689490.8889421388,367.5373161959666
2407.0,35649.58410335169,10824980395.358406,367.7965940984467,4.8382525267119966e-05,2.5643530347891543,0.16338705602044837,8.202005649083627e+16,0.38121245785515406,0.38121245785515406,24398871659.69114,0.025186506065372635,4129546.410008906,4129537.327788366,4111962.748497661,9.082220540058206,17574.57929070497,0.9981960161086438,2.1993264243369086e-06,2.199326424336909e-06,2.199326424336909e-06,0.004255822843019872,17574.57929070497,-13628157.539714009,-0.001258954477696566,0.2251759862590785,0.6247380960571179,0.0,0.0,-929334713314568.0,-557.0258214236882,0.11736984650731586,0.9999999999999738,190244476278553.12,98314859292.4515,3.723924520316219e+16,2437525636.760019,-0.0010547360888203583,-0.011881609575274359,0.02645775118896902,0.004255822843019872,7272670935769060.0,4.47021606152098e+16,4.4702258930069096e+16,4.451191613893125e+16,3440121.260554877,2437525636.760019,1.0,366.73557015908534,1.8298104534583336e-10,1.8298104534583336e-10,0.041082572365852554,671841.4879427842,366.73557015908534
2408.0,35913.702494726516,10824981000.049341,367.38489250898306,4.835122559296256e-05,2.563336304706125,0.1581953405379488,8.10907217775217e+16,0.3811782282449787,0.3811782282449787,26836397296.451157,0.025717257886768333,4145943.579559551,4145934.072930477,4128392.3909855587,9.50662907398035,17541.6819449184,0.9974344913189603,2.292995283594838e-06,2.292995283594838e-06,2.2929952835948376e-06,0.0042310566536624605,17541.6819449184,-13558817.942040252,-0.0012525488905688101,0.32062499975452924,0.623436874122098,0.0,0.0,-1039358921676793.0,-557.195911987779,0.11669629266590942,0.9999999999999684,189888373762650.25,102909079100.35394,3.762005593709157e+16,3470759530.4836035,-0.002117285502463625,-0.011054439155619785,0.026058500997418445,0.0042310566536624605,7069713256075377.0,4.487965756692959e+16,4.4879760476008696e+16,4.468976919316694e+16,3475299.9508193214,3470759530.4836035,1.0,365.8780069687457,1.8020723419428548e-10,1.8020723419428548e-10,0.04058323791212515,653092.4401662371,365.8780069687457
2409.0,36179.37738470879,10824981586.089043,366.9736517671768,4.832020041127191e-05,2.56224731424667,0.15285129613932866,8.00513628558449e+16,0.38114435887504783,0.38114435887504783,30307156826.93476,0.02670312117847641,4160481.142574259,4160470.8571679443,4142974.7462331653,10.285406314508043,17496.11093477922,0.9965699077665109,2.472167511891195e-06,2.472167511891195e-06,2.472167511891195e-06,0.004205319910998949,17496.11093477922,-13491998.623917978,-0.001246376126981709,0.4290081932061423,0.6221383624084251,0.0,0.0,-1150118623654722.0,-557.3736835038345,0.11599575964123088,0.9999999999999614,189395078697156.2,111339333959.99353,3.799260767767617e+16,4644005791.737821,-0.0033555982884302593,-0.010040659889655535,0.025609527677604695,0.004205319910998949,6855017661929767.0,4.5037020418303096e+16,4.503713175763706e+16,4.484762533960594e+16,3509715.6863989197,4644005791.737821,1.0,364.96171962708104,1.7756076768002018e-10,1.7756076768002018e-10,0.04004381468160201,633259.0598342456,364.96171962708104
2410.0,36446.61499156369,10824982154.052788,366.56287135716735,4.828944715364363e-05,2.5610821281727194,0.14735748174493468,7.890124423219018e+16,0.3811108459541106,0.3811108459541106,34951162618.672585,0.028217818550201283,4173055.8577163806,4173044.337651831,4155606.9776458144,11.520064549600159,17437.360006016843,0.9955968961711416,2.7605823986991336e-06,2.760582398699134e-06,2.760582398699134e-06,0.00417857050994786,17437.360006016843,-13427839.534506049,-0.0012404491151496977,0.5508677481798552,0.6208425552711746,0.0,0.0,-1261340739921910.0,-557.5594444922185,0.11526708228562599,0.9999999999999525,188759110878926.12,124704493162.95789,3.835558768897607e+16,5963133543.290177,-0.004779311448421184,-0.008817069094641694,0.025104048245276796,0.00417857050994786,6628783683297108.0,4.5173130483152104e+16,4.517325518764527e+16,4.498437137227318e+16,3543247.198298248,5963133543.290177,1.0,363.9838615540821,1.7504404073868116e-10,1.7504404073868116e-10,0.04202586393100738,612359.7793475663,363.9838615540821
2411.0,36715.42153993242,10824982704.498117,366.1525507636719,4.825896327832071e-05,2.5593262178190788,0.1403123318806816,7.763990349226827e+16,0.38107768573081646,0.38107768573081646,40914296161.96276,0.030338793696826644,4183558.5511718974,4183545.200709412,4166213.4162506275,13.350462485815479,17331.784458784667,0.9937796428577123,3.1911738111268343e-06,3.1911738111268343e-06,3.191173811126834e-06,0.0041428462290417425,17331.784458784667,-13355568.828431942,-0.0012337727637091085,0.7780645595550003,0.6195494470771791,0.0,0.0,-1436018090584631.0,-557.8150586232975,0.1142905993016119,0.9999999999999374,187616267004433.28,144518525506.0035,3.8771215915518856e+16,8422535400.165824,-0.006397453349238531,-0.007359921682007167,0.024535043733037946,0.0041428462290417425,6327972258642197.0,4.528680444116549e+16,4.528694895969099e+16,4.509918817416106e+16,3581642.296703921,8422535400.165824,1.0,362.5151973931212,1.7223555047728256e-10,1.7223555047728256e-10,0.045607255693543625,584571.1195467063,362.5151973931212
2412.0,36985.803260733934,10824983237.96537,365.7426894719841,4.822874626987563e-05,2.556562769145228,0.1305616921356115,7.620388540168365e+16,0.38104487449329466,0.38104487449329466,49336831562.128586,0.03314692706377168,4190829.766998629,4190813.80304686,4173665.019432933,15.96395176907065,17148.7836139269,0.9905284340475857,3.8092579886640554e-06,3.8092579886640554e-06,3.8092579886640554e-06,0.004091993684247954,17148.7836139269,-13268604.630571257,-0.0012257390463234733,1.1835830581251776,0.6182590322050043,0.0,0.0,-1721630367646293.0,-558.1880614495145,0.11289648627161164,0.9999999999999072,185635295172253.88,172809510311.8774,3.928109570372184e+16,12812266764.94484,-0.008840496590178206,-0.005444275060612465,0.023843759544708673,0.004091993684247954,5898758172522072.0,4.536548917141616e+16,4.536566198092648e+16,4.517985387624391e+16,3628744.2520885593,12812266764.94484,1.0,360.21580909106615,1.6889293732867808e-10,1.6889293732867808e-10,0.047600003239504085,544920.7673443736,360.21580909106615
2413.0,37257.76639106691,10824983754.978226,365.3332869679739,4.819879363889698e-05,2.552934418850105,0.11847923802476219,7.448225503403736e+16,0.38101240856873914,0.38101240856873914,62149098327.073425,0.0369987469772348,4192803.2604180602,4192783.361367361,4175891.7762999744,19.899050699116685,16891.58506738676,0.986059755453816,4.746001532428825e-06,4.746001532428825e-06,4.746001532428825e-06,0.0040287283199573745,16891.58506738676,-13173926.036950884,-0.001216992684251597,1.7381069339459185,0.6169713050449246,0.0,0.0,-2092494690957380.0,-558.6568940742446,0.11115957397697795,0.9999999999998486,182851133950294.47,215406900557.42624,3.984822982854803e+16,18814979324.37958,-0.012954523233084778,-0.0026910974930457964,0.02293088379319157,0.0040287283199573745,5355730812446356.0,4.538681177494469e+16,4.538702718184524e+16,4.520396064099439e+16,3681135.3005700824,18814979324.37958,1.0,357.2188918193072,1.653012037408793e-10,1.653012037408793e-10,0.04808063991495137,494756.4757298917,357.2188918193072
2414.0,37531.31717411096,10824984256.044205,364.9243427380868,4.816910292168036e-05,2.5485838036326482,0.10443864506317146,7.238976034307998e+16,0.38098028432299735,0.38098028432299735,80964077651.453,0.04261874807312717,4187634.470353908,4187608.0995126795,4171042.932443395,26.37084122866412,16565.167069284464,0.9805914579002128,6.297312101940801e-06,6.297312101940801e-06,6.297312101940801e-06,0.0039557586755102955,16565.167069284464,-13077988.471208137,-0.0012081300223513907,2.4104058514047724,0.615686259998898,0.0,0.0,-2523417259311736.0,-559.2000824979347,0.10915452744189957,0.9999999999997337,179317672723746.25,285463941118.9305,4.043591529998794e+16,26092605392.133488,-0.019008456592204865,0.00120361876415419,0.021714660376018154,0.0039557586755102955,4715558774996263.0,4.533079174770795e+16,4.5331077211649064e+16,4.51514740749842e+16,3735424.860078689,26092605392.133488,1.0,353.65825818060983,1.6171246640548212e-10,1.6171246640548212e-10,0.04712862988634625,435618.07236470556,353.65825818060983
2415.0,37806.46185902746,10824984741.655176,364.5158562693431,4.8139671679923514e-05,2.5436535601917973,0.0888135887658771,6.986634308376825e+16,0.38094849816016324,0.38094849816016324,107056683043.58649,0.05084376403843953,4173671.3806308084,4173633.9740957157,4157458.1386276693,37.40653509251821,16175.835468046695,0.9743403982340553,8.962501280315124e-06,8.962501280315124e-06,8.962501280315124e-06,0.0038757197129514567,16175.835468046695,-12986730.884715047,-0.0011996996942398768,3.1675662781553604,0.6144038914805426,0.0,0.0,-2989630176610920.0,-559.796823660967,0.10695400536056765,0.9999999999995058,175103172125130.1,404925171614.69855,4.1007416782948744e+16,34288856629.213253,-0.026938573928165233,0.006466750001018708,0.020131787802447353,0.0038757197129514567,3997004131765905.0,4.517952408683978e+16,4.517992901201139e+16,4.500442091471465e+16,3788219.3611922427,34288856629.213253,1.0,349.66612458258703,1.5834605858022932e-10,1.5834605858022932e-10,0.04481825876233869,369238.77743542666,349.66612458258703
2416.0,38083.206700860304,10824985212.287836,364.10782704933735,4.8110497500425816e-05,2.538286325226489,0.07197774464791688,6.687671290715733e+16,0.38091704652217506,0.38091704652217506,141345539672.79974,0.062476498796837567,4149423.784761613,4149367.631498212,4133636.8707834086,56.15326340093049,15730.760714803631,0.9675205407358085,1.3532785830926291e-05,1.353278583092629e-05,1.353278583092629e-05,0.003791122434028273,15730.760714803631,-12905640.605490737,-0.0011922086129818516,3.9754412885346766,0.6131241939151122,0.0,0.0,-3466914965176245.0,-560.4274193440007,0.10462726824938884,0.9999999999990516,170285252115787.75,607858245936.7764,4.152580167365867e+16,43034093160.706375,-0.03648548209369439,0.01324649978483239,0.018138178588134005,0.003791122434028273,3220756325539488.0,4.4916843251313944e+16,4.491745110955988e+16,4.474655799919816e+16,3836107.0116309463,43034093160.706375,1.0,345.37136355664063,1.553929710507568e-10,1.553929710507568e-10,0.041211745993742666,297529.8591524624,345.37136355664063
2417.0,38361.55796043611,10824985668.404179,363.70025456623745,4.808157799479178e-05,2.5326247354356624,0.054304788224328625,6.340979794198108e+16,0.3808859258884168,0.3808859258884168,184379632833.5061,0.07820021554736035,4113532.6470462484,4113445.4333505193,4098207.9178593424,87.21369572885713,15237.515491176548,0.9603415214943121,2.12016539583031e-05,2.12016539583031e-05,2.1201653958303104e-05,0.003704319344468648,15237.515491176548,-12839864.298245994,-0.001186132221470077,4.799247139416093,0.6118471617394711,0.0,0.0,-3931854194651864.5,-561.0735634566029,0.10223922342464586,0.9999999999981518,164945886814072.78,944087006353.4412,4.195391637742167e+16,51951781503.30896,-0.04727303329878701,0.021611889233942992,0.0157094571545051,0.003704319344468648,2409125599546243.5,4.452798786378198e+16,4.4528931950788344e+16,4.436304197696791e+16,3875655.6047807243,51951781503.30896,1.0,340.8982214673937,1.5302336734607152e-10,1.5302336734607152e-10,0.036353130509686915,222552.31307861835,340.8982214673937
2418.0,38641.521904263944,10824986110.451954,363.2931383087847,4.805291079913871e-05,2.526811427518256,0.03616839501015012,5.947794374732922e+16,0.38085513277532423,0.38085513277532423,236331414336.81506,0.09852864946925106,4064740.2899486762,4064603.4818825647,4049899.8413897594,136.80806611156655,14703.640492805316,0.9530076683500412,3.365727115453518e-05,3.365727115453518e-05,3.365727115453518e-05,0.003617484598029023,14703.640492805316,-12794358.479906192,-0.001181928396892143,5.604248639727851,0.6105727894020713,0.0,0.0,-4362167975899772.0,-561.718496002246,0.09984987479189478,0.9999999999964034,159166704107696.47,1480945415455.5005,4.225448313293257e+16,60665913684.57324,-0.058856088380750765,0.03155357250893449,0.012841116146636036,0.003617484598029023,1585626398833150.0,4.3999276235873416e+16,4.400075718128887e+16,4.384010953176572e+16,3903421.4641748304,60665913684.57324,1.0,336.36548636085126,1.5139640065533917e-10,1.5139640065533917e-10,0.03026237527746578,146478.37721492915,336.36548636085126
2419.0,38923.10480443489,10824986538.865088,362.8864777662922,4.802449357380833e-05,2.520989038173208,0.01794224052041915,5.511577577142944e+16,0.38082466373599505,0.38082466373599505,296997328021.3883,0.12377720938082076,4001861.402444598,4001648.834751511,3987512.5811170377,212.56769308676428,14136.25363447322,0.9457174618667048,5.3117205147812996e-05,5.311720514781298e-05,5.311720514781298e-05,0.003532607237224261,14136.25363447322,-12774079.006669652,-0.0011800549553393634,6.356490125516034,0.6093010713629274,0.0,0.0,-4737104891540540.0,-562.3470411354042,0.09751413398396269,0.9999999999931163,153024755303155.28,2301042416261.8286,4.239029732854471e+16,68808920043.13992,-0.07075163332674503,0.042986135574065526,0.009548284606474503,0.003532607237224261,774472685602403.9,4.331779476945027e+16,4.332009581186653e+16,4.316477001414711e+16,3915967.6713084383,68808920043.13992,1.0,331.88608046334434,1.506721426432896e-10,1.506721426432896e-10,0.02292896728361482,71544.90980859927,331.88608046334434
2420.0,39206.31293852121,10824986954.064135,362.4802724286451,4.799632400308242e-05,2.5153002040994563,2.7017349468749785e-10,5.03786708798889e+16,0.3807945153598028,0.3807945153598028,365806248064.5282,0.15404800258883,3923754.250993666,3923431.425529606,3909889.71848073,322.82546405937376,13541.707048876067,0.9386634183180955,8.227463888127554e-05,8.227463888127555e-05,8.227463888127557e-05,0.00345149579033311,13541.707048876067,-12784216.37107161,-0.0011809913882872536,7.023542816389655,0.608032002093593,0.0,0.0,-5037867076553931.0,-562.9455479430378,0.09528194498508114,0.9999999999872188,146588802139841.75,3494581436882.421,4.232450518294843e+16,76029759358.72888,-0.08246098784166897,0.055751936956135784,0.005865086274712255,0.00345149579033311,11434959.479285717,4.247109399652324e+16,4.247458857796012e+16,4.232450519438339e+16,3909889.7174243815,76029759358.72888,1.0,327.5670458790294,1.5102611545527998e-10,1.5102611545527998e-10,0.02292896728361482,0.001056348569084656,327.5670458790294
