"t, Time, (yr)","A, Total factor productivity, ($)","L, Population, (persons)","theta1, Marginal abatement cost at mu=1, ($/tCO2)","sigma, Carbon intensity of GDP, (tCO2/$)","f, Control: log10(marginal_abatement_cost), (log10($/tCO2))","s, Savings rate, (dimensionless)","K, Capital stock, ($)","gini, Background Gini index, (dimensionless)","Gini, Gini index, (dimensionless)","Ecum, Cumulative CO2 emissions, (tCO2)","delta_T, Global mean temperature change, (°C)","y_gross, Per-capita gross income, ($/person/yr)","y_damaged, Per-capita income after climate damage, ($/person/yr)","y_net, Per-capita net income after abatement, ($/person/yr)","climate_damage, Per-capita climate damage, ($/person/yr)","tax_amount, Per-capita tax amount, ($/person/yr)","mu, Abatement fraction, (dimensionless)","Omega, Climate damage as fraction of gross output, (dimensionless)","Omega_base, Base damage from temperature before income adjustment, (dimensionless)","Omega_calc, Climate damage from previous timestep (lagged), (dimensionless)","lambda_abate, Abatement cost as fraction of damaged output, (dimensionless)","abateCost_amount, Abatement expenditure per capita, ($/person/yr)","U, Mean utility per capita, (dimensionless)","aggregate_utility, Aggregate utility from integration, (dimensionless)","e, CO2 emissions, (tCO2/yr)","emission_ratio, Ratio of CO2e to industrial CO2, (dimensionless)","E_extra, Extra emission pulse, (tCO2/yr)","consumption_extra, Extra consumption pulse, ($/person/yr)","dK_dt, Net capital accumulation, ($/yr)","log_deltaU_norm, Log normalized utility-loss (log deltaU), (dimensionless)","max_average_tax_rate, Maximum average tax rate across income bins, (dimensionless)","max_marginal_tax_rate, Maximum marginal tax rate across income bins, (dimensionless)",AbateCost,Climate_damage,Consumption,E,H1,H2,H3,Lambda,Savings,Y_damaged,Y_gross,Y_net,consumption,dEcum_dt,mac_over_wmac,marginal_abatement_cost,mu_dollar_cost,mu_dollar_numeraire,r_consumption,savings,welfare_adjusted_mac
2020.0,739.6190000000007,7752000000.0,6035.6,0.0002913549999999999,1.9589772106127405,0.48051798633000825,295000000000000.0,0.57313,0.57313,2327128215854.4233,1.1696599999999997,17503.727145280773,17420.70314539412,17400.60823612532,83.02399988665066,20.094909268798055,0.07267925643103684,0.004743218355585197,0.004743218355585198,0.004743218355585198,0.0011535073585196229,20.094909268798055,-236455416.8078701,-0.030502504748177256,7.326586582878714,1.4,0.0,0.0,35316838147148.375,-676.1782593288375,0.021868306534373994,0.9960687428170694,155775736651.72253,643602047121.3159,70072676899295.12,56795699190.47579,-0.07022,0.21036,-0.08308,0.0011535073585196229,64816838147148.375,135045290783095.22,135688892830216.55,134889515046443.48,9039.303005585027,56795699190.47579,1.0,90.98655266378839,1.6872145035884936e-06,1.6872145035884936e-06,1.0476352648545357,8361.305230540296,90.98655266378839
2021.0,749.4392757472212,7832251487.344443,4937.569188788617,0.0002869469393703804,2.3134375154275384,0.20858447382396272,330316838147148.4,0.5710759862923859,0.5710759862923859,2383923915044.899,1.1959649384052307,18291.514936293126,18200.808017797153,18113.145291497134,90.70691849597476,87.6627263000216,0.13723114934784736,0.004958961508212673,0.004958961508212672,0.004958961508212671,0.004816419480624324,87.6627263000216,-189145714.52955773,-0.024149596681769518,6.9629385411473,1.3970840409436769,0.0,0.0,-3440490933563.6406,-657.8313143543107,0.09130005282696174,0.9999999999615996,686596518448.0131,710439397302.5295,112275516268663.23,54535485745.18889,-0.07461026899875217,0.21600533113147077,-0.08518414751045396,0.004816419480624324,29591192881151.203,142553305668262.44,143263745065564.94,141866709149814.44,14335.024411573217,54535485745.18889,1.0,205.79627776953907,8.423349924187429e-07,8.423349924187429e-07,0.02685935876109591,3778.1208799239175,205.79627776953907
2022.0,759.3749267602893,7910820339.096546,4059.769804874857,0.0002826406030102666,2.3072567256475827,0.21283812138667213,326876347213584.75,0.5690435894947019,0.5690435894947019,2438459400790.088,1.224092684447278,18420.645543959887,18324.950974599295,18229.30532434255,95.6945693605925,95.64565025674406,0.15371706116700232,0.005194962854706829,0.005194962854706829,0.00519496285470683,0.005219421890368005,95.64565025674406,-190275674.0971622,-0.024052584427532657,6.748004431564733,1.3941741553282239,0.0,0.0,-1994513298609.8008,-654.8345127528107,0.09925798523661555,0.9999999999957596,756635555397.1658,757022545638.8602,113515637904661.33,53382250705.53592,-0.07561979680657141,0.22103392757322746,-0.08714888583711917,0.005219421890368005,30693121422748.676,144965394882807.2,145722417428446.03,144208759327410.0,14349.414224925422,53382250705.53592,1.0,202.88817033231544,8.381069929428084e-07,8.381069929428084e-07,0.02980879456279384,3879.891099417128,202.88817033231544
2023.0,769.427109958828,7987717781.36314,3358.004875731523,0.00027843312404643265,2.3025490688465537,0.21660876324347642,324881833914974.94,0.567032582105645,0.567032582105645,2491841651495.624,1.2525504689157447,18576.26076700658,18475.218610104937,18370.52718990673,101.04215690164409,104.69142019820814,0.17190651714814667,0.0054393162417867074,0.0054393162417867074,0.0054393162417867074,0.00566658627470571,104.69142019820814,-191180756.1132211,-0.023934340364313078,6.533146479616072,1.391270330503709,0.0,0.0,-703319608950.332,-651.5891204700148,0.10810082797407727,0.9999999999996418,836245518673.3873,807096233350.5469,114953722905285.86,52184930303.479294,-0.0754534588249535,0.22568775726160573,-0.08903332310096528,0.00566658627470571,31784863782547.164,147574832206506.4,148381928439856.94,146738586687833.03,14391.310015170377,52184930303.479294,1.0,200.70078393795933,8.31557992491575e-07,8.31557992491575e-07,0.033025714189673705,3979.217174736353,200.70078393795933
2024.0,779.596991501509,8062956561.399988,2796.9470921655156,0.00027432172967518736,2.3008800533758276,0.21965125637451283,324178514306024.6,0.565042739018188,0.565042739018188,2544026581799.1035,1.2808232426432042,18756.729994712496,18650.04843210858,18534.49567622753,106.6815626039155,115.55275588105049,0.1922526683913142,0.005687641856229147,0.005687641856229147,0.005687641856229147,0.006195842134227963,115.55275588105049,-191839597.62278664,-0.023792711291684934,6.313595556416229,1.388372553846548,0.0,0.0,407454709304.2539,-647.8665905943043,0.11856633309182063,0.9999999999999813,931696851218.967,860168805177.644,116617527384971.75,50906246717.63204,-0.07460823120183774,0.22996835385414613,-0.09083598876725581,0.006195842134227963,32825306139906.723,150374530376097.44,151234699181275.1,149442833524878.47,14463.370414676177,50906246717.63204,1.0,199.93096094321893,8.225176628623158e-07,8.225176628623158e-07,0.03526510468829036,4071.125261551352,199.93096094321893
2025.0,789.885746834912,8136550834.027715,2348.3588011236193,0.00027030373767847766,2.3010562163806165,0.2223596978266,324585969015328.9,0.5630738374943813,0.5630738374943813,2594932828516.7354,1.3086176637800149,18959.684115910502,18847.11727056737,18719.183038999774,112.56684534313197,127.934231567595,0.21450249710379524,0.005937168818581142,0.005937168818581141,0.005937168818581141,0.006787999975326926,127.934231567595,-192313587.18282166,-0.023635763003968545,6.089986822477482,1.3854808127594485,0.0,0.0,1408916254695.3516,-643.7506800716171,0.13030070306426456,0.9999999999999993,1040943378562.0099,915905859360.5292,118442071212062.81,49551487359.64695,-0.0733358769861405,0.23386964071113603,-0.09255348525883185,0.006787999975326926,33867513156228.242,153350527746853.1,154266433606213.62,152309584368291.06,14556.791154886967,49551487359.64695,1.0,200.012075450777,8.11846616861532e-07,8.11846616861532e-07,0.03765559353175174,4162.391884112806,200.012075450777
2026.0,800.2945607424174,8208516052.191165,1989.6692190028818,0.0002663765530827186,2.301592932540849,0.22461243346319937,325994885270024.25,0.5611256571404205,0.5611256571404205,2644484315876.3823,1.3357528695554484,19183.758807376897,19065.08912530627,18923.90379324071,118.66968207062851,141.18533206556123,0.23809897841871225,0.0061859452707983065,0.0061859452707983065,0.006185945270798308,0.007405437820805004,141.18533206556123,-192597003.29961395,-0.023463072018748442,5.86558076231069,1.3825950946713572,0.0,0.0,2291170797548.297,-639.4329760505202,0.14259047140600478,1.0,1158922064594.0994,974101990185.1763,120446508732386.9,48147713842.85099,-0.07177914094404184,0.23738678451336434,-0.09418272543437285,0.007405437820805004,34890659324550.72,156496090121531.72,157470192111716.9,155337168056937.62,14673.359711617444,48147713842.85099,1.0,200.25941010086484,7.995108146598323e-07,7.995108146598323e-07,0.03957280214754588,4250.544081623265,200.25941010086484
2027.0,810.8246273931094,8278868861.719479,1702.8371767166157,0.0002625376649539717,2.3040980363307666,0.2265250097064074,328286056067572.56,0.5591979798819762,0.5591979798819762,2692632029719.2334,1.3621117975351904,19427.25143854515,19302.28577151105,19146.158638043828,124.96566703409981,156.12713346722327,0.2633771359489262,0.006432493419329426,0.006432493419329426,0.006432493419329426,0.00808853082559046,156.12713346722327,-192715872.45689714,-0.023278043857898608,5.63664679470473,1.379715387037404,0.0,0.0,3077542178320.047,-634.6733368428495,0.1562195775127595,1.0,1292556063731.316,1034574369592.6133,122602388784965.16,46665059633.191895,-0.0700340926905785,0.2405205806468655,-0.09572206382986227,0.00808853082559046,35906147785077.305,159801092633773.78,160835667003366.4,158508536570042.47,14809.074866720533,46665059633.191895,1.0,201.417887323161,7.859347447078149e-07,7.859347447078149e-07,0.041358428019216076,4337.083771323294,201.417887323161
2028.0,821.477150390716,8347627000.319342,1473.4420946140226,0.00025878464332340217,2.3076061168002435,0.22810824506857863,331363598245892.6,0.5572905899397829,0.5572905899397829,2739297089352.4253,1.3876202151872568,19688.74420338407,19557.30857840753,19385.043333947382,131.43562497653937,172.26524446014633,0.2897648168017422,0.00667567335015447,0.006675673350154471,0.006675673350154471,0.008808228584700952,172.26524446014633,-192682079.96502122,-0.023082257982735704,5.4065649660472195,1.3768416773388468,0.0,0.0,3775913635387.953,-629.6161984439692,0.1706367230497169,1.0,1438006005872.1294,1097175571858.0073,124906837676842.4,45131987689.5564,-0.06813514670785331,0.2432657393427009,-0.09716831586698554,0.008808228584700952,36912273459977.21,163257117142691.78,164354292714549.78,161819111136819.62,14963.155118462297,45131987689.5564,1.0,203.051460120299,7.712971869166278e-07,7.712971869166278e-07,0.042891032738686,4421.888215485086,203.051460120299
2029.0,832.2533428225427,8414809200.811381,1289.9573849759238,0.0002551151362372384,2.3117299848242117,0.22942848812293026,335139511881280.56,0.5554032738054854,0.5554032738054854,2784429077041.9814,1.4122193619277217,19966.868426103254,19828.808346083926,19639.538420857465,138.06008001932867,189.26992522646296,0.3167536576571648,0.0069144583453476785,0.006914458345347678,0.006914458345347676,0.009545199183078628,189.26992522646296,-192514438.63514784,-0.022878051544720113,5.178221822412867,1.3739739530830188,0.0,0.0,4402081841284.832,-624.3599406389795,0.18547239525045112,1.0,1592670308232.5227,1161749231611.4023,127346935574107.14,43573748635.08208,-0.06611926392672025,0.24562289677815075,-0.09851981265748028,0.009545199183078628,37916033029412.89,166855638911752.53,168017388143363.94,165262968603520.03,15133.668813527936,43573748635.08208,1.0,204.98873001355858,7.55857609198668e-07,7.55857609198668e-07,0.04413650509566547,4505.86960732953,204.98873001355858
2030.0,843.1544273084459,8480435098.599607,1143.169671633005,0.00025152686692572995,2.3168288130824792,0.23055959088653427,339541593722565.4,0.5535358202177394,0.5535358202177394,2828002825677.0635,1.4358669352569153,20260.472954265086,20115.651864743457,19908.376565949657,144.82108952162991,207.2752987937995,0.34411121289781954,0.007147961937934089,0.007147961937934089,0.007147961937934091,0.010304180057773284,207.2752987937995,-192231710.13732454,-0.022667670691692243,4.9524883974503515,1.3711122018032729,0.0,0.0,4971607244623.609,-618.8649628177345,0.20082164262499447,1.0,1757784718963.6582,1228145850596.6663,129905928769137.25,41999256431.14529,-0.06402279486739694,0.24759779721182343,-0.09977621804371545,0.010304180057773284,38925766616880.15,170589480104981.06,171817625955577.72,168831695386017.4,15318.309409689236,41999256431.14529,1.0,207.40958048922852,7.398772398198276e-07,7.398772398198276e-07,0.04541237488493355,4590.067156260419,207.40958048922852
2031.0,854.1816360498018,8544525143.345851,1025.7145634169328,0.00024801763108586787,2.3223612756716485,0.2314552085435553,344513200967189.0,0.5516880201385631,0.5516880201385631,2870002082108.209,1.4585366892069223,20568.64160949469,20416.938609556524,20191.186344393307,151.7029999381653,225.75226516321575,0.37117970405637307,0.0073754505921352475,0.0073754505921352475,0.0073754505921352475,0.011057106527104326,225.75226516321575,-191836373.18605313,-0.022451379095706443,4.733545090295452,1.3682564110589277,0.0,0.0,5480281307227.426,-613.2920491006263,0.21613951445587554,1.0,1928945905854.3767,1296230097292.6475,132592497989703.69,40445895041.190796,-0.06187147626236558,0.2491978337579243,-0.10093766374457133,0.011057106527104326,39931601403946.33,174453045299504.4,175749275396797.06,172524099393650.0,15517.83109830997,40445895041.190796,1.0,210.0686650935421,7.233923616123021e-07,7.233923616123021e-07,0.04642964549633999,4673.355246083339,210.0686650935421
2032.0,865.3362108784883,8607100514.805265,931.7055908540553,0.00024458529427287534,2.3284052271554576,0.23219117400695394,349993482274416.44,0.5498596667299385,0.5498596667299385,2910447977149.4,1.4802136568505542,20890.354133776964,20731.664536682252,20487.0629704078,158.68959709471125,244.6015662744545,0.39760705201460883,0.0075963095732365276,0.007596309573236528,0.007596309573236528,0.011798452837284758,244.6015662744545,-191346587.4400911,-0.02223124815504961,4.523276696128831,1.365406568435214,0.0,0.0,5943899065644.09,-607.673830536672,0.23131622036383237,1.0,2105310267003.0317,1365857312848.1294,135390962946359.1,38932297179.857124,-0.0597030748714024,0.2504377816748406,-0.10200622782801227,0.011798452837284758,40943247293085.734,178439520506447.88,179805377819296.0,176334210239444.84,15730.147767354418,38932297179.857124,1.0,213.01256753861887,7.066285883671761e-07,7.066285883671761e-07,0.047254190151339026,4756.91520305338,213.01256753861887
2033.0,876.6194033058837,8668183042.76501,856.4376096488695,0.00024122778939571657,2.3350177794445304,0.23282078349915003,355937381340060.5,0.5480505553306578,0.5480505553306578,2949380274329.257,1.5008993319874975,21224.855265323928,21059.086879818875,20795.329359746695,165.768385505051,263.7575200721813,0.4231080424404001,0.00781010675610471,0.007810106756104709,0.007810106756104708,0.012524641812696195,263.7575200721813,-190776225.73708606,-0.022008790630733095,4.3231830374798115,1.3625626615432198,0.0,0.0,6374005776621.547,-602.0332352877538,0.24627909088055655,1.0,2286298462891.434,1436910708261.4163,138289977414242.06,37474141896.25183,-0.0575502247946756,0.2513357853680903,-0.1029849377427353,0.012524641812696195,41967743910627.6,182544019787761.1,183980930496022.53,180257721324869.66,15953.74448508759,37474141896.25183,1.0,216.28070643894648,6.897503143659493e-07,6.897503143659493e-07,0.04806968007673351,4841.584874659104,216.28070643894648
2034.0,888.0324745718599,8727795131.016027,796.1497265995536,0.00023794311431209384,2.341929238595694,0.2333262460994933,362311387116682.06,0.546260483433415,0.546260483433415,2986854416225.509,1.520609294328315,21571.586157613914,21398.655814596757,21115.78507760385,172.9303430171552,282.8707369929084,0.4472847127794066,0.008016579854333876,0.008016579854333874,0.008016579854333876,0.013219089060722803,282.8707369929084,-190129193.33351716,-0.021784332752937074,4.135704998602636,1.359724678019838,0.0,0.0,6769545929088.43,-596.4819707280457,0.2606981039313745,1.0,2468837841033.621,1509300605790.0586,141293561547135.16,36095585950.122734,-0.05544085996054804,0.2519126645543416,-0.10387760666289435,0.013219089060722803,43000684640756.64,186763084028925.38,188272384634715.47,184294246187891.78,16188.918212002847,36095585950.122734,1.0,219.75017955165714,6.727953269605902e-07,6.727953269605902e-07,0.0488332233940425,4926.866865601004,219.75017955165714
2035.0,899.5766956937855,8785959685.277266,747.8358026942864,0.00023472932951861789,2.3489341254993628,0.23370870352691528,369080933045770.5,0.544489250662137,0.544489250662137,3022950002175.6313,1.5393710453911624,21929.96392429061,21749.7956221502,21448.157260892087,180.16830214040854,301.63836125811235,0.46984533608115037,0.008215622367752555,0.008215622367752555,0.008215622367752556,0.01386856072113712,301.63836125811235,-189411712.019979,-0.021558454489311898,3.962538194246312,1.356892605527711,0.0,0.0,7132592951688.766,-591.1191494032354,0.27430553522406564,1.0,2650182481546.875,1582951439170.4832,144401958761418.9,34814700826.01947,-0.05340564396023546,0.25219356040279434,-0.10468926709156569,0.01386856072113712,44040686256265.82,191092827499231.62,192675778938402.1,188442645017684.75,16435.536234407602,34814700826.01947,1.0,223.32334566185784,6.558257553553802e-07,6.558257553553802e-07,0.0493640567682434,5012.621026484484,223.32334566185784
2036.0,911.2533475155293,8842700044.982775,709.0929853682185,0.00023158455593203574,2.3561711228667934,0.23404480354003765,376213525997459.25,0.5427366587495546,0.5427366587495546,3057764703001.651,1.5572251182248276,22299.441721204017,22111.963582705837,21791.797750687532,187.47813849817902,320.16583201830457,0.49081458370379216,0.008407301888634748,0.008407301888634748,0.008407301888634748,0.014479303514623731,320.16583201830457,-188638985.22571966,-0.02133273595916564,3.803082137891042,1.354066431755178,0.0,0.0,7478690410000.875,-585.9166495631831,0.28721700532524885,1.0,2831130417190.2095,1657812943731.1345,147598287940513.38,33629514591.802303,-0.05147292435399383,0.252206579344524,-0.10542584127079223,0.014479303514623731,45100043009746.8,195529461367450.38,197187274311181.53,192698330950260.16,16691.540727343636,33629514591.802303,1.0,227.07594115240087,6.390032975407756e-07,6.390032975407756e-07,0.04985693712191863,5100.257023343898,227.07594115240087
2037.0,923.0637207564556,8898039918.834373,678.0006380440997,0.0002285069727575973,2.363630487960507,0.23433066033459599,383692216407460.1,0.541002511515008,0.541002511515008,3091394217593.453,1.5742239701388994,22679.75057535436,22484.889471877334,22146.427380188245,194.86110347702507,338.4620916890889,0.5102114972171686,0.0085918539019903,0.008591853901990298,0.008591853901990298,0.01505286882163311,338.4620916890889,-187814801.7057139,-0.021107435280006845,3.6568844650863785,1.3512461444162212,0.0,0.0,7807930220871.914,-580.876107474969,0.29945633308420894,1.0,3011649202861.693,1733881877366.6846,150882643026863.62,32539103948.90388,-0.049657158843038986,0.25197864131450537,-0.10609308776399701,0.01505286882163311,46177151861617.93,200071444091343.25,201805325968709.94,197059794888481.56,16956.840428136555,32539103948.90388,1.0,231.00984459870315,6.22360176783032e-07,6.22360176783032e-07,0.05034066843055407,5189.586952051688,231.00984459870315
2038.0,935.0091160604229,8952003324.016354,653.0235666817786,0.00022549481544081854,2.37126669084032,0.23454963381529995,391500146628332.06,0.5392866148424884,0.5392866148424884,3123933321542.357,1.5904258161452558,23070.6246484506,22868.304083788666,22511.776981928397,202.32056466193376,356.5271018602678,0.5280938959197824,0.008769617977184736,0.008769617977184738,0.00876961797718474,0.015590447833558842,356.5271018602678,-186941245.6940999,-0.020882615759600494,3.523251563598491,1.3484317312504124,0.0,0.0,8117718122902.266,-576.0011832926915,0.31104046424993703,1.0,3191631800955.0347,1811174367370.4966,154257769586002.38,31540159708.67951,-0.04796577292299994,0.25153572581292993,-0.10669665777407533,0.015590447833558842,47267732785735.47,204717134172692.88,206528308540063.4,201525502371737.84,17231.647934285393,31540159708.67951,1.0,235.10761226067604,6.059094073604373e-07,6.059094073604373e-07,0.050810991237982606,5280.129047643004,235.10761226067604
2039.0,947.0908440447746,9004614528.963562,632.934667294611,0.00022254637369907782,2.379035870491511,0.23468589655465846,399617864751234.3,0.5375887766589076,0.5375887766589076,3155473481251.0366,1.605891516182556,23471.75529237382,23261.89425374486,22887.512398911706,209.86103862895754,374.3818548331536,0.5445629832600505,0.008941003176577226,0.008941003176577225,0.008941003176577223,0.01609421187927905,374.3818548331536,-186020553.08670688,-0.020658358277121938,3.401202411795343,1.3456231800228604,0.0,0.0,8405387201897.516,-571.2879963508201,0.3220058379635249,1.0,3371164289410.9424,1889717757501.6943,157726053002053.06,30626516653.198254,-0.04640079713567192,0.25090241387538825,-0.1072419719432812,0.01609421187927905,48367173677020.94,209464390968484.97,211354108725986.66,206093226679074.0,17516.13603166725,30626516653.198254,1.0,239.3513440146623,5.89665218787679e-07,5.89665218787679e-07,0.0511360756592707,5371.376367244456,239.3513440146623
2040.0,959.3102253493188,9055897999.570053,616.7530969386451,0.00021965998962964294,2.387002586876263,0.2347816988552104,408023251953131.8,0.5359088069125989,0.5359088069125989,3186099997904.235,1.620682204474816,23882.791700825295,23665.30402137098,23273.08813398624,217.48767945431527,392.2158873847425,0.5598311116584674,0.00910645967099398,0.009106459670993978,0.00910645967099398,0.016573456526506124,392.2158873847425,-185062022.00561413,-0.020435524120788497,3.288957454247364,1.3428204785241562,0.0,0.0,8679963321472.641,-566.6856384938683,0.33251241632605877,1.0,3551867069967.0825,1969546241301.4666,161276423759597.72,29784463230.589718,-0.04495947801340202,0.2501013474168158,-0.10773407392661274,0.016573456526506124,49482288516785.81,214310579346350.6,216280125587652.06,210758712276383.53,17808.99296428191,29784463230.589718,1.0,243.7825339238771,5.737106301685991e-07,5.737106301685991e-07,0.05136199748362902,5464.095169704328,243.7825339238771
2041.0,971.6685906852944,9105878348.722523,603.6948528485327,0.00021683405589088595,2.3951697968102796,0.23486559815603866,416703215274604.44,0.5342465175520426,0.5342465175520426,3215884461134.8247,1.6348572051277939,24303.54727465047,24078.339613902015,23668.1824548601,225.20766074845724,410.15715904191364,0.5740770725046005,0.00926645226737569,0.009266452267375692,0.009266452267375694,0.017034279174511804,410.15715904191364,-184072362.39963323,-0.020214674010602944,3.185038335635072,1.3400236145703215,0.0,0.0,8947815932002.352,-562.4148955099364,0.3419941599513009,1.0,3734841194093.302,2050713561975.824,164901452709862.06,29002571620.310623,-0.04363166620052461,0.24915175156684044,-0.10817724110708192,0.017034279174511804,50618137459462.8,219254431363418.2,221305144925394.0,215519590169324.88,18109.340625333123,29002571620.310623,1.0,248.41041296382633,5.580962254188518e-07,5.580962254188518e-07,0.0515728846894028,5558.841829526977,248.41041296382633
2042.0,984.1672808843301,9154580289.040443,593.1332695929102,0.0002140670139535893,2.403466893643787,0.2349334193949133,425651031206606.8,0.5326017225048162,0.5326017225048162,3244887032755.1353,1.648470819555936,24733.951119951307,24500.922175696865,24072.697065505756,233.02894425444015,428.2251101911078,0.5874171616844641,0.009421420100829364,0.009421420100829364,0.009421420100829362,0.01747791806040166,428.2251101911078,-183053697.37451914,-0.01999585907763187,3.088468049177943,1.337232576002755,0.0,0.0,9208452093408.406,-559.5133728990028,0.3477847457514184,1.0,3920221153027.687,2133282179847.602,168601882845851.62,28273628726.335587,-0.042404553182754615,0.24806999384165607,-0.1085751114631957,0.01747791806040166,51773555214069.09,224295659212948.4,226428941392796.03,220375438059920.72,18417.216029848594,28273628726.335587,1.0,253.20186116328165,5.428246783651921e-07,5.428246783651921e-07,0.05177063098035317,5655.4810356571625,253.20186116328165
2043.0,996.807646947382,9202028588.703463,584.5674438528433,0.00021135735241938956,2.4118232707270093,0.23498098750960447,434859483300015.25,0.5309742376567661,0.5309742376567661,3273160661481.4707,1.6615712132413776,25173.92715634704,24932.968389633887,24486.5465486653,240.95876671315193,446.421840968586,0.5999539317523923,0.009571759114763292,0.009571759114763292,0.009571759114763292,0.017904881359982396,446.421840968586,-182008057.1505478,-0.0197791232005064,2.998386500826299,1.3344473506881798,0.0,0.0,9461354487630.133,-557.4453024684223,0.35137923930999404,1.0,4107986543214.559,2217309459993.1523,172378598561804.53,27591238300.586143,-0.04126650894356321,0.24687051966634257,-0.10893090973569294,0.017904881359982396,52947302817631.67,229433887922650.75,231651197382643.9,225325901379436.22,18732.67365996003,27591238300.586143,1.0,258.12095944531336,5.278970568516988e-07,5.278970568516988e-07,0.05195728068532279,5753.872888705269,258.12095944531336
2044.0,1009.5910500936434,9248248030.24593,577.5969958693671,0.0002087036054035407,2.420168321410173,0.23500412743788224,444320837787645.4,0.5293638808313977,0.5293638808313977,3300751899782.0566,1.6742009911267377,25623.39406736945,25374.390432520875,24909.662110306876,249.0036348485716,464.7283222139992,0.6117720369940292,0.009717824039777365,0.009717824039777367,0.009717824039777367,0.01831485660512199,464.7283222139992,-180937390.52666098,-0.0195645045347956,2.9140792486037177,1.3316679265185902,0.0,0.0,9705989445376.312,-555.6163268456369,0.3543513762199798,1.0,4297922790515.114,2302847375512.379,176232660321596.38,26950127670.87987,-0.04020706988123465,0.24556607195978555,-0.10924749423761476,0.01831485660512199,54138073224140.84,234668656336252.34,236971503711764.75,230370733545737.22,19055.78870130173,26950127670.87987,1.0,263.12876139319195,5.133131027811209e-07,5.133131027811209e-07,0.05212584277273602,5853.873409005144,263.12876139319195
2045.0,1022.518861809461,9293263372.198286,571.901895886534,0.00020610435097930403,2.4284865656357137,0.23500006225295672,454026827233021.7,0.5277704717694842,0.5277704717694842,3327702027452.9365,1.6863977619555992,26082.265343660172,25825.096006897482,25341.894546663585,257.1693367626892,483.20146023389566,0.6229857937755054,0.009859931005770536,0.009859931005770537,0.009859931005770536,0.018710538776112975,483.20146023389566,-179843731.15783313,-0.0193520536279918,2.834618336415421,1.3288942914111996,0.0,0.0,9941923525388.953,-553.874228705524,0.35709934124731846,1.0,4490518431784.39,2389942377789.226,180164294123929.06,26342854759.971073,-0.0392171250495672,0.24416796684313402,-0.10952741916321683,0.018710538776112975,55344606248691.125,239999418804404.6,242389361182193.8,235508900372620.2,19386.54775058978,26342854759.971073,1.0,268.2171636652899,4.990746013384044e-07,4.990746013384044e-07,0.052247975205313324,5955.346796073807,268.2171636652899
2046.0,1035.5924638971946,9337099313.455645,567.2263391220289,0.00020355820968139714,2.4368915512229603,0.23497337414720226,463968750758410.6,0.5261938321088875,0.5261938321088875,3354044882212.9077,1.698194778648105,26550.451278793265,26284.990263341733,25782.85976517858,265.4610154515335,502.1304981631548,0.6338105681532087,0.009998361710091391,0.00999836171009139,0.009998361710091387,0.019103316879042154,502.1304981631548,-178729890.27871308,-0.0191419073824294,2.7583204994496113,1.326126433308388,0.0,0.0,10169938812887.398,-552.1528540329253,0.3597950335137291,1.0,4688442329664.334,2478635865121.752,184170308323643.62,25754712441.701595,-0.03828694800748138,0.2426856931609988,-0.10977282469140358,0.019103316879042154,56566813888728.46,245425564542036.4,247904200407158.12,240737122212372.06,19724.574210990428,25754712441.701595,1.0,273.4585780686282,4.851934631917845e-07,4.851934631917845e-07,0.05234165067906282,6058.285554188154,273.4585780686282
2047.0,1048.8132485240646,9379780460.254797,563.3658567871391,0.00020106384306604736,2.445345965012097,0.23492932368333877,474138689571298.0,0.5246337853645937,0.5246337853645937,3379799594654.6094,1.7096207105014085,27027.879943341828,26753.996762325296,26232.45956695243,273.8831810165314,521.5371953728646,0.6443133819543638,0.010133357910079105,0.010133357910079107,0.010133357910079108,0.019493804981963965,521.5371953728646,-177598530.56078866,-0.01893418841873025,2.68462138164315,1.3233643401776487,0.0,0.0,10391598044725.422,-550.4389197839757,0.3624727069074586,1.0,4891904394454.484,2568964109691.289,188249244668669.22,25181159178.718655,-0.037401901755140604,0.24112548878915377,-0.10998506273697367,0.019493804981963965,57805467001855.23,250946616064978.9,253515580174670.22,246054711670524.44,20069.685582337766,25181159178.718655,1.0,278.8341515685037,4.716740243483574e-07,4.716740243483574e-07,0.052412442187929065,6162.773984614664,278.8341515685037
2048.0,1062.1826182709801,9421331295.642363,560.1570137299491,0.00019861995232530683,2.4538000132951945,0.23487300940757078,484530287616023.44,0.5230901569089574,0.5230901569089574,3404980753833.328,1.7206975347789795,27514.51022041386,27232.07119705225,26690.66867928198,282.43902336161153,541.4025177702727,0.6545327730767824,0.010265093621476186,0.010265093621476184,0.010265093621476182,0.01988106280468586,541.4025177702727,-176452076.66851836,-0.0187289960549559,2.613178417920782,1.3206080000115372,0.0,0.0,10608521527249.352,-548.7307529929178,0.36513669435542917,1.0,5100732484208.64,2660951609907.415,192400081840889.0,24619619609.85426,-0.036551024124810504,0.23949249518525453,-0.1101652346891788,0.01988106280468586,59061550288851.695,256562364613949.34,259223316223856.75,251461632129740.72,20421.751003478625,24619619609.85426,1.0,284.3151573312055,4.585173878267106e-07,4.585173878267106e-07,0.0524639562348872,6268.917675803351,284.3151573312055
2049.0,1075.7019861813094,9461776151.318565,557.4691736056269,0.00019622527695339158,2.462203902364323,0.23480952986610287,495138809143272.8,0.5215627739521547,0.5215627739521547,3429600373443.1826,1.7314422046196765,28010.332235076407,27719.201470737775,27157.51347472551,291.1307643386306,561.687996012264,0.6644914591522582,0.010393691938221896,0.010393691938221898,0.0103936919382219,0.020263498449088407,561.687996012264,-175292740.76783696,-0.018526409625893407,2.5437754120607714,1.3178574008276185,0.0,0.0,10822379832531.414,-547.0309689806029,0.36778042124415333,1.0,5314566085150.757,2754614122934.401,196622052577411.72,24068633528.147163,-0.03572662468769509,0.23779118719164224,-0.11031429642745666,0.020263498449088407,60336260746858.695,262272879409421.2,265027493532355.6,256958313324270.4,20780.670503392863,24068633528.147163,1.0,289.87042172726154,4.4572237901169916e-07,4.4572237901169916e-07,0.05249953524713313,6376.842971332651,289.87042172726154
2050.0,1089.3727758096488,9501139181.743296,555.1979166524047,0.00019387859346290558,2.4705078385115535,0.23474398360513948,505961188975804.25,0.520051465522841,0.520051465522841,3453669006971.3296,1.741868126132981,28515.367631819838,28215.407620609592,27633.072134190184,299.960011210246,582.3354864194074,0.674198072724015,0.010519240540161423,0.010519240540161423,0.010519240540161422,0.02063891807800954,582.3354864194074,-174122537.04525694,-0.018326490509668385,2.476309408927084,1.3151125306684146,0.0,0.0,11034896233974.21,-545.3446759428462,0.3703911375089104,1.0,5532850506938.973,2849961815465.8267,200914649234538.56,23527760351.2767,-0.03492352623995405,0.23602561805822977,-0.11043311791828778,0.02063891807800954,61631015131554.63,268078514873032.2,270928476688498.0,262545664366093.2,21146.374702162208,23527760351.2767,1.0,295.466221622325,4.3328590389713246e-07,4.3328590389713246e-07,0.05252226773070778,6486.697432027978,295.466221622325
2051.0,1103.1964212705273,9539444340.393452,553.2597784203012,0.0001915787141489072,2.478662028028956,0.23468146917088517,516996085209778.44,0.5185560624490136,0.5185560624490136,3477196767322.6064,1.7519862907825046,29029.669882737966,28720.741830769446,28117.474811364023,308.9280519685211,603.2670194054213,0.6836488395873315,0.010641803824032469,0.01064180382403247,0.01064180382403247,0.021004576516861485,603.2670194054213,-172943296.37723672,-0.01812928407632008,2.4107781905410177,1.3123733776013529,0.0,0.0,11247848719527.547,-543.6788073804604,0.372951718603587,1.0,5754832154013.072,2947001956939.883,205277628714916.6,22997484365.700478,-0.03413858467183345,0.23419963821909895,-0.11052253722169932,0.021004576516861485,62947457240505.38,273979918109435.06,276926920066374.94,268225085955421.97,21518.824513257758,22997484365.700478,1.0,301.0662187227082,4.212032725281446e-07,4.212032725281446e-07,0.052541642206000994,6598.650298106267,301.0662187227082
2052.0,1117.1743672870812,9576715358.063293,551.5880443573649,0.0001893244858988654,2.4866941295053335,0.23461902209059404,528243933929306.0,0.5170763973390744,0.5170763973390744,3500194251688.307,1.7618061879571103,29553.324629405608,29235.28850827336,28610.72278606797,318.03612113225,624.5657222053874,0.6929063689874978,0.010761432939284386,0.010761432939284386,0.010761432939284384,0.021363419144252334,624.5657222053874,-171755791.19939074,-0.017934728638956336,2.3466786383660536,1.3096399297187142,0.0,0.0,11460455751711.695,-542.026392142281,0.3754801250008464,1.0,5981288143964.226,3045741405666.0967,209711899165986.25,22473473356.479244,-0.03337036348385038,0.23231708871403267,-0.11058340900525172,0.021363419144252334,64284849144642.3,279978036454592.78,283023777860258.9,273996748310628.56,21898.102984695626,22473473356.479244,1.0,306.6861259156998,4.094646427221839e-07,4.094646427221839e-07,0.05256059922152434,6712.619801372343,306.6861259156998
2053.0,1131.3080692396888,9612975723.102285,550.1293883588103,0.0001871147890466398,2.494679187188059,0.23454906467548242,539704389681017.7,0.5156123045630927,0.5156123045630927,3522667725044.786,1.7713365673904273,30086.406311340543,29759.121135644604,29112.687619512097,327.28517569593794,646.4335161325051,0.7020757349811998,0.010878174425656596,0.010878174425656598,0.010878174425656598,0.02172219781578919,646.4335161325051,-170560276.15402684,-0.01774271370977559,2.2831788863386597,1.3069121751375818,0.0,0.0,11670358911044.742,-540.370715185268,0.37801825875016415,1.0,6214149697181.422,3146184448496.3174,214218761441483.75,21948143205.87325,-0.03261534222157275,0.23038082370150892,-0.11061635343342135,0.02172219781578919,65640797879146.516,286073709017811.7,289219893466308.0,279859559320630.25,22284.333968166036,21948143205.87325,1.0,312.3770988754836,3.980585423535232e-07,3.980585423535232e-07,0.052569395747331216,6828.353651346059,312.3770988754836
2054.0,1145.5989932145667,9648248663.48793,548.8411859084696,0.00018494853626869955,2.5026032367332527,0.23447348268961526,551374748592062.44,0.5141636202342651,0.5141636202342651,3544615868250.659,1.7805845344309548,30628.952104799766,30292.27686802401,29623.406885514425,336.67523677575247,668.8699825095858,0.7111690356605903,0.010992058612511044,0.010992058612511044,0.010992058612511043,0.022080544999099526,668.8699825095858,-169358105.7485815,-0.017553248434556516,2.220152100073885,1.304190101999788,0.0,0.0,11878328158820.906,-538.712598033764,0.3805637538739619,1.0,6453423914795.307,3248326403251.136,218798192873096.5,21420579532.277782,-0.03186680095064501,0.22839207792750374,-0.11062158915654427,0.022080544999099526,67015803018027.16,292267419805919.0,295515746209170.2,285813995891123.7,22677.50350393633,21420579532.277782,1.0,318.1289827195599,3.869788944923622e-07,3.869788944923622e-07,0.052569508841061374,6945.903381578096,318.1289827195599
2055.0,1160.0486160522987,9682557130.634256,547.689366432091,0.00018282467152087653,2.510451840852317,0.23439421161442908,563253076750883.4,0.5127301821905706,0.5127301821905706,3566036447782.937,1.7895541635067762,31181.01453250793,30834.809179760374,30142.942826497223,346.2053527475543,691.8663532631515,0.7201922728365963,0.011103081728999428,0.011103081728999424,0.011103081728999424,0.022437834761023425,691.8663532631515,-168150538.62665755,-0.017366335809644,2.1575206648305447,1.3014736984718644,0.0,0.0,12085166473368.54,-537.0535770879418,0.38311257226048767,1.0,6699035492234.047,3352153106909.5796,223450291854544.5,20890317097.74575,-0.031120443222701636,0.2263518659801784,-0.11059928493572292,0.022437834761023425,68410474148456.875,298559801495235.44,301911954602145.0,291860766003001.4,23077.611506941597,20890317097.74575,1.0,323.9304996165489,3.7621907542144256e-07,3.7621907542144256e-07,0.052562334319583126,7065.3313195556275,323.9304996165489
2056.0,1174.6584253963313,9715923784.839758,546.6466966508264,0.00018074216901402173,2.518210562256654,0.23431318693136027,575338243224251.9,0.5113118299766183,0.5113118299766183,3586926764880.6826,1.798247585201056,31742.661738346414,31386.78782476491,30671.381107758694,355.873913581504,715.4067170062149,0.7291466694428695,0.011211218407421513,0.011211218407421515,0.011211218407421517,0.022793244119162212,715.4067170062149,-166938731.4696499,-0.017181972107493552,2.095246303124149,1.298762952744989,0.0,0.0,12291693119240.672,-535.3957345889883,0.38565939092616175,1.0,6950837137594.809,3457643821370.543,228175283777091.62,20357253391.62149,-0.03037359715612096,0.2242610796243025,-0.11054958355658007,0.022793244119162212,69825517441665.86,304951638356352.3,308409282177722.9,298000801218757.5,23484.67205281344,20357253391.62149,1.0,329.7695580771886,3.657719788495907e-07,3.657719788495907e-07,0.05254914492993201,7186.709054945255,329.7695580771886
2057.0,1189.4299197414146,9748370982.281912,545.691408439693,0.00017870003222700325,2.525864963657666,0.23423234412184538,587629936343492.5,0.5099084048256862,0.5099084048256862,3607284018272.304,1.8066657143497493,32313.97748964371,31948.298620228743,31208.83052754324,365.678869414966,739.4680926855011,0.7380293864930174,0.01131643015881169,0.011316430158811688,0.011316430158811687,0.02314577378518965,739.4680926855011,-165723746.8405558,-0.017000147731530316,2.0333247460470942,1.2960578530349367,0.0,0.0,12498743989406.844,-533.7416630070351,0.38819772002577524,1.0,7208609297058.69,3564773279438.511,232973520281900.34,19821603951.92123,-0.02962471866210998,0.2221205648705135,-0.11047262099464308,0.02314577378518965,71261737623756.1,311443867202715.1,315008640482153.6,304235257905656.44,23898.71299577538,19821603951.92123,1.0,335.63323867824516,3.556301302863779e-07,3.556301302863779e-07,0.05253110325072097,7310.117531767861,335.63323867824516
2058.0,1204.3646084819825,9779920763.468763,544.8061020540763,0.0001766972929555557,2.533400607766754,0.23415361866732082,600128680332899.4,0.5085197496419501,0.5085197496419501,3627105622224.2256,1.8148087545056337,32895.0611966482,32519.44330422999,31755.422848589784,375.61789241821253,764.0204556402052,0.7468341231995731,0.011418671337096814,0.011418671337096814,0.011418671337096816,0.023494266137723974,764.0204556402052,-164506560.37443557,-0.016820847975468466,1.9717812941905895,1.2933583875820254,0.0,0.0,12707172136995.0,-532.0944349989799,0.39072000398215545,1.0,7472059517830.509,3673513225191.253,237845479099368.7,19283864820.073856,-0.028873088243044704,0.21993118781903284,-0.11036854305575691,0.023494266137723974,72720040170284.95,318037578787484.1,321711092012675.4,310565519269653.6,24319.775676281566,19283864820.073856,1.0,341.5077845863261,3.4578578504031934e-07,3.4578578504031934e-07,0.0525092720368332,7435.647172308219,341.5077845863261
2059.0,1219.4640119604724,9810594843.061306,543.9768694620732,0.00017473301039555217,2.5408030572953217,0.23407894604922308,612835852469894.4,0.5071457089828979,0.5071457089828979,3646389487044.2993,1.8226765654343104,33486.02795349775,33100.33944737399,32311.31271874925,385.6885061237629,789.02672862474,0.7555516180011553,0.011517893572189894,0.011517893572189896,0.011517893572189896,0.023837421059660382,789.02672862474,-163288067.35532263,-0.016644053695766534,1.9106671335112815,1.2906645446510674,0.0,0.0,12917848429495.812,-530.4575769054593,0.39321771046783316,1.0,7740821554883.407,3783833669205.8076,242791764254617.3,18744781126.832504,-0.028118619472325555,0.21769389103991252,-0.1102375198891561,0.023837421059660382,74201433676485.25,324734019485986.0,328517853155191.8,316993197931102.56,24747.914692077567,18744781126.832504,1.0,347.3785973991243,3.3623101198537106e-07,3.3623101198537106e-07,0.052485005413900554,7563.398026671681,347.3785973991243
2060.0,1234.7296615155963,9840414600.983875,543.1925936107673,0.00017280627025933337,2.5480748355692038,0.23400887176580357,625753700899390.2,0.5057861290419299,0.5057861290419299,3665134268171.132,1.8302689437205661,34087.00860315581,33691.12040690324,32876.62596889246,395.8881962525666,814.4944380107793,0.7641887191307405,0.011614049236808506,0.011614049236808505,0.011614049236808503,0.02417534436889463,814.4944380107793,-162068945.77123597,-0.016469727378664697,1.8499099582291825,1.2879763125313173,0.0,0.0,13131093570850.844,-528.8310093624702,0.3956911838996092,1.0,8014962960221.429,3895703986760.9263,247813166554585.12,18203880963.463917,-0.027361733176683053,0.21540974199915147,-0.11007975871452062,0.02417534436889463,75706463660789.88,331534593175596.44,335430297162357.4,323519630215375.0,25183.203818445618,18203880963.463917,1.0,353.24403388758844,3.269573973351716e-07,3.269573973351716e-07,0.05246060940937136,7693.422150446843,353.24403388758844
2061.0,1250.1630995305404,9869401074.74304,542.444388319156,0.00017091618392378616,2.555278291775354,0.23393867114057784,638884794470241.1,0.5044408576311424,0.5044408576311424,3683338149134.5957,1.8375858460075694,34698.14056136487,34291.92615855562,33451.30767525825,406.21440280924503,840.6184832973768,0.7728174493824763,0.011707094277597977,0.011707094277597979,0.01170709427759798,0.02451359773174035,840.6184832973768,-160849290.43480286,-0.01629777624970933,1.7889246273011956,1.2852936795364205,0.0,0.0,13345056204891.68,-527.2001967439122,0.3981756207422489,1.0,8296400962503.994,4009092863661.665,252910836269838.06,17655614639.320713,-0.026602365567011073,0.21307968250608705,-0.10989544003275702,0.02451359773174035,77233535651915.8,338440772884257.8,342449865747919.5,330144371921753.9,25625.753209793722,17655614639.320713,1.0,359.15200211326123,3.1795519912220856e-07,3.1795519912220856e-07,0.0524341436826643,7825.554465464527,359.15200211326123
2062.0,1265.7658794810905,9897574952.878813,541.7251505760918,0.00016906188760892104,2.5624126041765876,0.23386830801083228,652229850675132.8,0.5031097441642922,0.5031097441642922,3700993763773.9165,1.8446271759869877,35319.53246693079,34902.8684533664,34035.457260018025,416.664013564386,867.4111933483725,0.7814406573452342,0.01179698553355719,0.011796985533557191,0.01179698553355719,0.024852146307324786,867.4111933483725,-159629719.45962837,-0.01612816474940646,1.7276634219238163,1.282616634004364,0.0,0.0,13559878544093.078,-525.5650975748609,0.40067075599228974,1.0,8585267301131.573,4123963304420.8247,258085625674925.4,17099678211.838064,-0.025836990563358406,0.21070350143853805,-0.10968445334850167,0.024852146307324786,78782863611606.36,345453756587663.3,349577719892084.2,336868489286531.75,26075.64245824261,17099678211.838064,1.0,365.10064835080425,3.0921648005381513e-07,3.0921648005381513e-07,0.05240584400125248,7959.814801775413,365.10064835080425
2063.0,1281.5395659837068,9924956569.475285,541.0292026852485,0.00016724254158575,2.5694682679978365,0.23379843201302972,665789729219225.9,0.5017926396399398,0.5017926396399398,3718093441985.7544,1.8513912686785796,35951.2969213595,35524.063886661665,34629.20917850685,427.233034697829,894.8547081548179,0.7900502692852821,0.011883661266306083,0.011883661266306085,0.011883661266306083,0.02519009961838324,894.8547081548179,-158410885.60712484,-0.01596086436230116,1.6661657542186572,1.2799451642974244,0.0,0.0,13776004420760.094,-523.9279969029262,0.4031708181355651,1.0,8881394114427.049,4240269314421.08,263338419789272.7,16536622748.167204,-0.025063464346307178,0.20828093187949817,-0.1094466734680009,0.02519009961838324,80354977342682.69,352574791246382.4,356815060560803.5,343693397131955.4,26532.95437072073,16536622748.167204,1.0,371.08061526153176,3.0073361439799145e-07,3.0073361439799145e-07,0.05237627942325429,8096.254807786117,371.08061526153176
2064.0,1297.4857348435114,9951565899.661053,540.3520062261792,0.000165457329412319,2.576435778464033,0.23372969278363306,679565733639986.0,0.5004893966247711,0.5004893966247711,3734630064733.9214,1.8578755086448762,36593.55532215741,36155.63846082895,35232.7118574586,437.91686132845547,922.9266033703509,0.7986369166089802,0.011967048773293057,0.011967048773293059,0.011967048773293057,0.025526491652754255,922.9266033703509,-157193391.9439555,-0.01579584494831205,1.6044833163832466,1.2772792588021176,0.0,0.0,13993884349397.023,-522.2914491861284,0.40566949419850007,1.0,9184564913990.385,4357958504082.8555,268670196159873.0,15967121457.894592,-0.02428094635284849,0.20581182624480274,-0.10918200519636624,0.025526491652754255,81950457713395.62,359805218787259.0,364163177291341.9,350620653873268.6,26997.780939080534,15967121457.894592,1.0,377.08197968267865,2.9249904481997695e-07,2.9249904481997695e-07,0.05234596673002789,8234.930918378064,377.08197968267865
2065.0,1313.6059731022074,9977422556.032927,539.6899334190591,0.00016370545719679596,2.5833056308001088,0.23366273995910514,693559617989383.0,0.49919986923709386,0.49919986923709386,3750597186191.816,1.864076908513169,37246.43786893535,36797.72736161219,35846.127608346615,448.7105073231574,951.5997532655767,0.8071900890395486,0.012047071693193929,0.01204707169319393,0.012047071693193929,0.025860285987615,951.5997532655767,-155977794.98728275,-0.015633074986181633,1.5426790124703045,1.2746189059291477,0.0,0.0,14213975627835.023,-520.6582687068674,0.408159959454794,1.0,9494512842547.332,4476974336895.048,274082024719178.8,15391960375.739817,-0.023489394552698422,0.20329617774006156,-0.10889038939250154,0.025860285987615,83569937426773.33,367146474988499.44,371623449325394.5,357651962145952.1,27470.22321445662,15391960375.739817,1.0,383.09424757499085,2.845053069976493e-07,2.845053069976493e-07,0.052315377625955506,8375.904393889994,383.09424757499085
2066.0,1329.9018790859168,10002545785.939575,539.0400843730642,0.0001619861528865637,2.5900683202309964,0.23359822317590875,707773593617218.0,0.4979239131305081,0.4979239131305081,3765989146567.5557,1.8699924617370836,37910.08357861505,37450.474821167816,36469.632637217604,459.6087574472314,980.8421839502112,0.8156982613873015,0.012123654554707847,0.012123654554707847,0.012123654554707845,0.02619038045936384,980.8421839502112,-154764608.28728324,-0.015472521855869281,1.4808260950491112,1.2719640941133588,0.0,0.0,14436742642530.906,-519.0315248932724,0.41063490256064983,1.0,9810918853742.955,4597257639984.7295,279575068245912.7,14812030816.742844,-0.022689280086558437,0.20073413932598538,-0.10857180847629222,0.02619038045936384,85214102004252.7,374600089103908.3,379197346743893.06,364789170250165.4,27950.39125328544,14812030816.742844,1.0,389.10635172394404,2.767450521496199e-07,2.767450521496199e-07,0.05228494369687642,8519.241383932163,389.10635172394404
2067.0,1346.3750624529548,10026954469.564756,538.4001410102345,0.0001602986655823095,2.596714341981628,0.2335367920705068,722210336259748.9,0.4966613854777485,0.4966613854777485,3780801177384.2983,1.8756193675475346,38584.640312813026,38114.034036472636,37103.41711351755,470.60627634039196,1010.6169229550884,0.8241489993083072,0.012196725757324604,0.012196725757324606,0.012196725757324606,0.026515611598289336,1010.6169229550884,-153554305.60414186,-0.015314152075810437,1.419007466720566,1.2693148118136819,0.0,0.0,14662657278863.5,-517.4145372383969,0.41308654978363,1.0,10133409872642.305,4718747705956.52,285150583157671.9,14228323260.779543,-0.02188142449547557,0.19812604062161676,-0.1082262914860399,0.026515611598289336,86883690904838.39,382167683935152.56,386886431641109.06,372034274062510.25,28438.404105972717,14228323260.779543,1.0,395.10665243111384,2.6921106500063153e-07,2.6921106500063153e-07,0.05225505994181279,8665.01300754483,395.10665243111384
2068.0,1363.0271442414892,10050667118.75277,537.7682503046077,0.00015864226487614767,2.6032341912769343,0.23347909627936214,736872993538612.4,0.4954121449546964,0.4954121449546964,3795029500645.078,1.880955182849872,39270.264818719195,38788.56712472271,37747.68527377787,481.6976939964889,1040.8818509448422,0.8325290484968777,0.012266219650417921,0.012266219650417921,0.01226621965041792,0.026834759005093908,1040.8818509448422,-152347323.77594432,-0.015157931506028203,1.3573151133087018,1.2666710475130867,0.0,0.0,14892199376615.797,-515.8108693499515,0.4155066893969689,1.0,10461556993797.848,4841383174229.544,290809920459710.3,13641922379.117958,-0.02106690573660159,0.1954724030933,-0.10785391876523831,0.026834759005093908,88579498730477.05,389850976183985.2,394692359358214.7,379389419190187.4,28934.389829418426,13641922379.117958,1.0,401.08294143161874,2.6189627810172144e-07,2.6189627810172144e-07,0.052226087350839334,8813.295444359443,401.08294143161874
2069.0,1379.8597569171493,10073701876.521624,537.1429309534897,0.0001570162402128489,2.6096183633418493,0.23342578543893752,751765192915228.1,0.4941760517245605,0.4941760517245605,3808671423024.1963,1.885997931805855,39967.122783722065,39474.24510471418,38402.65554362475,492.8776790078885,1071.589561089427,0.8408244109662563,0.012332078085156264,0.012332078085156264,0.012332078085156264,0.027146549813601203,1071.589561089427,-151144065.34166893,-0.015003825524550651,1.29584964127468,1.2640327897185313,0.0,0.0,15125857193499.547,-514.2243216850408,0.41788669713662085,1.0,10794873772407.543,4965102799917.389,296554526728203.8,13054002962.998617,-0.020247003009183882,0.1927739538091756,-0.10745482634200494,0.027146549813601203,90302376485022.36,397651776985633.75,402616879785551.1,386856903213226.2,29438.485510413175,13054002962.998617,1.0,407.0224492705943,2.547937831795601e-07,2.547937831795601e-07,0.05219815680548745,8964.170033211576,407.0224492705943
2070.0,1396.8745444205238,10096076517.212223,536.5229987783903,0.00015541990027329242,2.6158607593124583,0.23337732961414082,766891050108727.6,0.49295296742222383,0.49295296742222383,3821725425987.195,1.8907461904556908,40675.388903358886,40171.24789731449,39068.546613250575,504.1410060443942,1102.7012840639136,0.8490245729003147,0.012394251650357627,0.012394251650357627,0.012394251650357627,0.027450013175658178,1102.7012840639136,-149944884.35349894,-0.014851797537178576,1.2346858637864617,1.2614000269609105,0.0,0.0,15364023911902.625,-512.6579408839947,0.4202198446325106,1.0,11132956539537.443,5089846172488.554,302385907100874.9,12465482955.508387,-0.019423163639896233,0.19003163798243564,-0.10702921005132669,0.027450013175658178,92053128922775.39,405571992563187.7,410661838735676.3,394439036023650.25,29950.83353274457,12465482955.508387,1.0,412.9150945988176,2.47896843650397e-07,2.47896843650397e-07,0.05216772433751182,9117.713080506004,412.9150945988176
2071.0,1414.073162214569,10117808447.224546,535.9075070968607,0.00015385257237929026,2.622020100066886,0.23333071577192283,782255074020630.2,0.4917427551387557,0.4917427551387557,3834190908942.703,1.8951991562548918,41395.245311638486,40879.76271088274,39745.313314211846,515.4826007557494,1134.449396670893,0.8571985190614096,0.012452700711760705,0.012452700711760703,0.012452700711760703,0.027750880177415695,1134.449396670893,-148749788.89293662,-0.01470177950776887,1.1732476032331312,1.2587727477950084,0.0,0.0,15605048900885.031,-511.0959178622948,0.42254315133275755,1.0,11478141688585.553,5215554212323.8,308304910485170.75,11870694510.678127,-0.018596766501955974,0.18724656072918885,-0.1065773115378474,0.027750880177415695,93830556302948.08,413613608476704.4,418829162689028.2,402135466788118.9,30471.51091002746,11870694510.678127,1.0,418.8129482181426,2.4119896991743767e-07,2.4119896991743767e-07,0.05213607861084335,9273.802404184384,418.8129482181426
2072.0,1431.4572773319433,10138914706.294422,535.2956990608017,0.0001523136019189705,2.6281152347600307,0.23328487474476756,797860122921515.2,0.49054527940608617,0.49054527940608617,3846061603453.3813,1.899356613526917,42126.84917034379,41599.95202447491,40433.03349422973,526.8971458688852,1166.918530245175,0.865368187075226,0.012507395075723042,0.012507395075723038,0.012507395075723042,0.028050958557803873,1166.918530245175,-147558998.8220235,-0.01455372720814154,1.1113360899193214,1.2561509407994476,0.0,0.0,15848440431172.219,-509.53313789863887,0.42486830458313385,1.0,11831287447350.275,5342165220954.598,314312625191417.0,11267741825.718748,-0.01776501009974995,0.18441864568047361,-0.10609907466486826,0.028050958557803873,95634452723323.77,421778365362091.06,427120530583045.6,409947077914740.75,31000.618339977354,11267741825.718748,1.0,424.73224653332056,2.3469404484468928e-07,2.3469404484468928e-07,0.052104546060755874,9432.415154252372,424.73224653332056
2073.0,1449.0285684222117,10159411969.267029,534.6869695597493,0.00015080235179193953,2.634138869530545,0.23324009352906255,813708563352687.5,0.48936040618184234,0.48936040618184234,3857329345279.1,1.9032170980441623,42870.35130567423,42331.973007475885,41131.8885819386,538.3782981983431,1200.0844255372872,0.8735233996754265,0.01255828986237126,0.012558289862371256,0.01255828986237126,0.02834936196631682,1200.0844255372872,-146372857.97573695,-0.014407611229717393,1.0490155310142164,1.2535345945766383,0.0,0.0,16094534614997.719,-507.97208709578985,0.4271893988171549,1.0,12192152076934.46,5469606926709.861,320410410227638.3,10657380941.732838,-0.016925150587310464,0.1815474337555568,-0.10559434510202208,0.02834936196631682,97465390950266.47,430067953254839.3,435537560181549.2,417875801177904.8,31538.28304206026,10657380941.732838,1.0,430.6642972239032,2.2837618316981773e-07,2.2837618316981773e-07,0.05207343576164347,9593.60553987834,430.6642972239032
2074.0,1466.7887257989837,10179316548.325655,534.0808347695987,0.00014931820187347462,2.640083710517079,0.2331966591211955,829803097967685.2,0.4881880028343438,0.4881880028343438,3867986726220.833,1.9067779324477194,43625.90936550356,43075.9905635795,41842.07164268946,549.9188019240648,1233.9189208900416,0.881653524414558,0.012605325824082502,0.012605325824082502,0.012605325824082506,0.02864516647780383,1233.9189208900416,-145191683.3971759,-0.014263401939402086,0.9863558897985658,1.2509236977527312,0.0,0.0,16343672285510.25,-506.4154414484537,0.4295002207505697,1.0,12560451290708.135,5597797560661.051,326599710206377.7,10040428831.565018,-0.01607614405315865,0.17863263219146822,-0.10506300949677085,0.02864516647780383,99323982082278.78,438484143579364.56,444081941140025.56,425923692288656.44,32084.640324904565,10040428831.565018,1.0,436.59997903324177,2.2223963835777117e-07,2.2223963835777117e-07,0.05204302174730002,9757.431317784894,436.59997903324177
2075.0,1484.7394514869222,10198644395.636581,533.4769078124336,0.00014786054849702987,2.645942463858283,0.23315485851755396,846146770253195.5,0.4870279381277564,0.4870279381277564,3878027155052.398,1.9100359805774827,44393.687852494666,43832.17698953685,42563.787217205325,561.510862957813,1268.3897723315229,0.8897474953946869,0.012648439229097733,0.012648439229097731,0.012648439229097731,0.028937412180880254,1268.3897723315229,-144015765.10894945,-0.014121069381590124,0.9234328192095516,1.2483182389775662,0.0,0.0,16596198642932.5,-504.86604790956125,0.4317942678956803,1.0,12935856243071.645,5726649615593.76,332882054291566.94,9417762946.378382,-0.015217926285687992,0.17567412225989917,-0.10450499822728013,0.028937412180880254,101210875668252.08,447028786202890.7,452755435818484.5,434092929959819.06,32639.833430606544,9417762946.378382,1.0,442.5297413147175,2.1627880168141389e-07,2.1627880168141389e-07,0.05201355025576282,9923.953786598779,442.5297413147175
2076.0,1502.8824592686635,10217411106.373217,532.8748793010624,0.00014642880395436777,2.6517078356928105,0.2331149787145254,862742968896128.0,0.48588008220740175,0.48588008220740175,3887444917998.7764,1.9129880802248933,45173.85815556212,44600.711775974945,43297.25129757208,573.1463795871748,1303.46047840286,0.897793832739217,0.012687567610751106,0.012687567610751106,0.01268756761075111,0.029225104858191853,1303.46047840286,-142845368.47276285,-0.013980583436019479,0.8603276179670462,1.2457182069246233,0.0,0.0,16852463256863.828,-503.32692423190736,0.4340647571398446,1.0,13317991568751.928,5856072184371.6,339259056136768.44,8790320958.936111,-0.014351013643177757,0.17267196667619863,-0.10392028810334251,0.029225104858191853,103126760146476.64,455703807851997.1,461559880036368.75,442385816283245.1,33204.0134829411,8790320958.936111,1.0,448.4436055422202,2.1048820797660734e-07,2.1048820797660734e-07,0.05198524407265026,10093.237814630973,448.4436055422202
2077.0,1521.2194747316307,10235631922.084724,532.2745017879695,0.00014502239601265585,2.6573725321593114,0.23307730670849758,879595432152991.9,0.48474430658522183,0.48474430658522183,3896235238957.7124,1.9156312976027106,45966.59858515141,45381.7814920455,44042.69137948426,584.817093105911,1339.0901125612338,0.9057806605748995,0.01272265321138694,0.01272265321138694,0.01272265321138694,0.02950721784238349,1339.0901125612338,-141680736.1782186,-0.013841913939140752,0.7971272033745016,1.2431235902909745,0.0,0.0,17112820249930.266,-501.8012573773532,0.43630463486226334,1.0,13706433502679.791,5985972506775.657,345732414353145.4,8159100648.822171,-0.013476281865849796,0.16962641674901097,-0.10330890502613306,0.02950721784238349,105072363465229.45,464511211321054.6,470497183827830.3,450804777818374.8,33777.33949256051,8159100648.822171,1.0,454.331168918772,2.0486253923055863e-07,2.0486253923055863e-07,0.05195830518974165,10265.351886923756,454.331168918772
2078.0,1539.7522353147208,10253321734.376486,531.6755773351277,0.00014364076744789584,2.662929259396436,0.23304212949585795,896708252402922.1,0.4836204841253965,0.4836204841253965,3904394339606.5347,1.9179630829416088,46772.09441494403,46175.579720435584,44800.346554454365,596.5146945084468,1375.2331659812212,0.9136957241564845,0.012753645137555695,0.012753645137555695,0.012753645137555695,0.029782694106005873,1375.2331659812212,-140522089.96776778,-0.013705030780087293,0.7339240957292334,1.2405343777972333,0.0,0.0,17377628562363.953,-500.2924003509613,0.4385065889347234,1.0,14100708110590.64,6116257082078.408,352303913231729.44,7525159882.1231575,-0.012594843516283889,0.16653791930662365,-0.1026709266146153,0.029782694106005873,107048453802656.17,473453075144976.25,479569332227054.7,459352367034385.6,34359.9783912519,7525159882.1231575,1.0,460.1816102152135,1.993966266113258e-07,1.993966266113258e-07,0.05193291646259146,10440.368163202467,460.1816102152135
2079.0,1558.4824903548815,10270495088.871637,531.0779475783606,0.0001422833755940779,2.6683707235428367,0.2330097340729941,914085880965286.1,0.4825084890301118,0.4825084890301118,3911919499488.6577,1.9199813712303733,47590.53793096337,46982.30702328415,45570.467619688694,608.2309076792193,1411.839403595455,0.9215264066551074,0.01278050079117706,0.01278050079117706,0.01278050079117706,0.030050448627304653,1411.839403595455,-139369632.1753429,-0.013569903979249618,0.6708164099982105,1.237950558187506,0.0,0.0,17647252239301.594,-498.8038673445994,0.4406630628414526,1.0,14500289660902.582,6246832550219.36,358975423549766.5,6889616644.4211235,-0.011707980096738246,0.16340712342544644,-0.10200648480386253,0.030050448627304653,109055840335830.22,482531553546499.3,488778386096718.7,468031263885596.7,34952.105078043045,6889616644.4211235,1.0,465.9836979675476,1.9408545136121757e-07,1.9408545136121757e-07,0.051909242654166965,10618.36254164565,465.9836979675476
2080.0,1577.4120011335974,10287166189.424896,530.4814857856363,0.00014094969190747678,2.6736896307371643,0.23298040743629367,931733133204587.8,0.481408196825479,0.481408196825479,3918809116133.0786,1.9216846525033755,48422.12848811445,47802.17092746887,46353.317191217866,619.9575606455788,1448.8537362510012,0.9292597460405442,0.012803186890013555,0.012803186890013555,0.012803186890013555,0.030309371062861856,1448.8537362510012,-138223547.12480995,-0.013436503754250841,0.6079078510209518,1.2353721202293442,0.0,0.0,17922060706542.625,-497.33932704192125,0.4427662721325273,1.0,14904599168983.236,6377606456751.533,365748903350182.8,6253649091.308682,-0.010817104478467243,0.1602348869769787,-0.10131576841836078,0.030309371062861856,111095374027001.42,491748876546167.5,498126483002919.06,476844277377184.25,35553.902465984174,6253649091.308682,1.0,471.7258011568961,1.8892414482894612e-07,1.8892414482894612e-07,0.051887431086153235,10799.414725233693,471.7258011568961
2081.0,1596.5425409232123,10303348902.561583,529.8860905091425,0.00013963920154553075,2.678878687118069,0.2329544365821442,949655193911130.4,0.4803194843476007,0.4803194843476007,3925062765224.387,1.9230720252062605,49267.07257363821,48635.38592219661,47149.16981029846,631.6866514415997,1486.216111898152,0.9368824524128558,0.01282168025099186,0.01282168025099186,0.01282168025099186,0.03055832875009347,1486.216111898152,-137084002.416684,-0.013304800576306083,0.5453077090038609,1.232799052713693,0.0,0.0,18202429014101.03,-495.9025939420053,0.4448082233639856,1.0,15313003145495.166,6508487966893.607,372626398616414.25,5618495585.1233015,-0.009923740127954736,0.15702228300189958,-0.10059902572146392,0.03055832875009347,113167948405214.06,501107350167123.5,507615838134017.06,485794347021628.3,36165.56152182454,5618495585.1233015,1.0,477.3959024899456,1.8390798782767603e-07,1.8390798782767603e-07,0.05186761202776502,10983.60828847392,477.3959024899456
2082.0,1615.8758950331644,10319056762.116539,529.2916805112917,0.0001383514029597666,2.6839305988242037,0.23293210850693324,967857622925231.4,0.47924222972878483,0.47924222972878483,3930681260809.5107,1.9241432401396996,50125.58387663836,49482.17346435572,47958.312035591516,643.4104122826432,1523.8614287642063,0.9443809260773702,0.012835968432130572,0.012835968432130572,0.012835968432130572,0.030796170056311564,1523.8614287642063,-135951150.12158367,-0.013174765218918978,0.4831308524857367,1.2302313444548452,0.0,0.0,18488738034643.33,-494.4976175563694,0.4467807356636758,1.0,15724812581017.854,6639388565681.399,379610043783399.2,4985454690.33007,-0.009029509626117892,0.1537706059133188,-0.09985656694052825,0.030796170056311564,115274500327166.47,510609356691583.5,517248745257264.8,494884544110565.6,36787.281292707754,4985454690.33007,1.0,482.9816143901271,1.7903240945426434e-07,1.7903240945426434e-07,0.05184834271480998,11171.030742883766,482.9816143901271
2083.0,1635.4138608560895,10334302974.049217,528.6981907090035,0.00013708580750225458,2.6888519580673047,0.232913190780869,986346360959874.8,0.47817631238390274,0.47817631238390274,3935666715499.841,1.9248987391325494,50997.88336263598,50342.76198850273,48780.96136981886,655.1213741332451,1561.800618683867,0.9517602960752216,0.012846050285554111,0.012846050285554111,0.012846050285554111,0.03102333993992127,1561.800618683867,-134825086.7647298,-0.013046364820471508,0.4213315978754008,1.2276689842903912,0.0,0.0,18780917440100.594,-493.1235778304731,0.4486862737968238,1.0,16140120778536.594,6770222765068.405,386701680625011.0,4354168384.984663,-0.008136128307675135,0.15048137752557275,-0.09908876676582233,0.03102333993992127,117415553536088.08,520257354939635.6,527027577704704.06,504117234161099.06,37419.23200781604,4354168384.984663,1.0,488.48581633035695,1.7429310415532e-07,1.7429310415532e-07,0.05182199928326048,11361.729362002821,488.48581633035695
2084.0,1655.158247913771,10349100421.412788,528.1055689319037,0.0001358419390450992,2.693715768844447,0.23289491569959517,1005127278399975.4,0.477121612996891,0.477121612996891,3940020883884.8257,1.9253396907337803,51884.19227233828,51217.37993049531,49616.93510447606,666.812341842966,1600.4448260192469,0.9591176620021831,0.012851936449986381,0.012851936449986381,0.012851936449986381,0.03124808079193303,1600.4448260192469,-133705705.37960221,-0.012919548553510858,0.3590559449978811,1.2251119610811707,0.0,0.0,19076632406667.39,-491.75581439582146,0.4505797343357296,1.0,16563164223403.705,6900907887970.288,393901283752279.25,3715906031.6883388,-0.007244320878825074,0.14715600440631002,-0.09829597737903996,0.03124808079193303,119589360246664.94,530053808222347.94,536954716110318.25,513490643998944.2,38061.403186046824,3715906031.6883388,1.0,493.98728308033697,1.6968648363938733e-07,1.6968648363938733e-07,0.051794859304777896,11555.531918429237,493.98728308033697
2085.0,1675.1108779029994,10363461669.456585,527.5137733311077,0.00013461933361249014,2.698528005344836,0.23287694494512418,1024203910806642.8,0.476078013507396,0.476078013507396,3943736789916.514,1.9254675511570132,52784.69715376527,52106.221475226084,50466.38708183439,678.4756785391907,1639.8343933916876,0.9664599823392386,0.012853643482366615,0.012853643482366615,0.012853643482366615,0.031470990353260356,1639.8343933916876,-132593127.11149092,-0.012794289335027138,0.2962270709558485,1.222560263711225,0.0,0.0,19375757401323.062,-490.39249651096617,0.4524650415093887,1.0,16994360880171.346,7031356688199.45,401210319636562.3,3069937895.3063316,-0.006348997089657944,0.14379408145923758,-0.09747809247165232,0.031470990353260356,121796148481987.34,540000828998721.06,547032185686920.5,523006468118549.7,38713.92903579872,3069937895.3063316,1.0,499.4913887168906,1.6520866081747766e-07,1.6520866081747766e-07,0.05176838852264565,11752.458046035674,499.4913887168906
2086.0,1695.2735847412569,10377398970.842588,526.9227703080184,0.00013341753902485707,2.7032818230347817,0.23285941431837515,1043579668207965.8,0.4750453970975581,0.4750453970975581,3946806727811.8203,1.925281515434329,53699.58428198585,53009.482342985546,51329.5500930248,690.1019390003071,1679.9322499607447,0.973776490535139,0.01285115980370466,0.01285115980370466,0.01285115980370466,0.03169116497103543,1679.9322499607447,-131487507.40433328,-0.012670564924194796,0.23292431094949753,1.2200138810877466,0.0,0.0,19678610126993.344,-489.0364505361747,0.45433598488347515,1.0,17433327201827.906,7161463151558.262,408630643361378.8,2417148504.731535,-0.005446879105833318,0.1403950667831949,-0.09663496880986429,0.03169116497103543,124036576947789.92,550100547510996.56,557262010662554.8,532667220309168.7,39376.98112113735,2417148504.731535,1.0,504.9888894184042,1.6085578107187897e-07,1.6085578107187897e-07,0.051742807421403914,11952.568971887455,504.9888894184042
2087.0,1715.648214612303,10390924270.958014,526.3325328587852,0.00013223611455469043,2.7079703773805894,0.2328424596202673,1063258278334959.1,0.47402364817893566,0.47402364817893566,3949223876316.552,1.9247793296160562,54629.04652481969,53927.366110550785,52206.669094083125,701.6804142689062,1720.6970164676595,0.9810561206650931,0.012844456546575653,0.012844456546575653,0.012844456546575653,0.03190767768891662,1720.6970164676595,-130388984.59337439,-0.012548352888857393,0.1692319830131765,1.2174728021410341,0.0,0.0,19985512347120.375,-487.69064731638906,0.45618614194888907,1.0,17879632391378.844,7291108047082.651,416164204814965.7,1758476719.71397,-0.004536708127610516,0.13695861319446115,-0.09576651071773808,0.03190767768891662,126311340180616.3,560355177386960.8,567646285434043.5,542475544995581.94,40050.739853635416,1758476719.71397,1.0,510.47018033062335,1.5662408647688345e-07,1.5662408647688345e-07,0.05171830402752997,12155.929240447707,510.47018033062335
2088.0,1736.2366260115843,10404049213.30725,525.7430392510028,0.00013107463059360594,2.712586823848569,0.2328262166517198,1083243790682079.5,0.4730126523795661,0.4730126523795661,3950982353036.2656,1.9239581867660276,55573.28338723182,54860.0836789429,53098.000855401115,713.1997082889241,1762.0828235417891,0.9882875122699157,0.012833499567038081,0.01283349956703808,0.01283349956703808,0.03211957958092095,1762.0828235417891,-129297680.66536482,-0.012427630628658239,0.10523947746731062,1.214937015824441,0.0,0.0,20296788932856.656,-486.35818805954625,0.4580088933397186,1.0,18332796414052.168,7420164863954.34,423813046026759.06,1094916702.752639,-0.003618377611436656,0.13348457380927745,-0.09487267241845178,0.03211957958092095,128621168001064.61,570767010441875.8,578187175305830.0,552434214027823.6,40735.39420446829,1094916702.752639,1.0,515.9252981869845,1.5250991659118113e-07,1.5250991659118113e-07,0.05169504214682541,12362.606650932823,515.9252981869845
2089.0,1757.040689791527,10416785144.96769,525.1542719659785,0.0001299326683302502,2.7171243179050277,0.2328108212136518,1103540579614936.1,0.4720122965311636,0.4720122965311636,3952077269739.018,1.9228152360427997,56532.501043200005,55807.85295534476,54003.813814649264,724.6480878552452,1804.0391406954939,0.9954590162298641,0.012818256303599526,0.012818256303599522,0.012818256303599526,0.032325901197794056,1804.0391406954939,-128213703.04385254,-0.01230837549776978,0.04104134179770475,1.2124065111143303,0.0,0.0,20612767490453.53,-485.0423023859237,0.45979743100539217,1.0,18792288121737.098,7548503436899.76,431579300064092.2,427518839.5678724,-0.002692453884832343,0.12997300766750888,-0.09395346040210158,0.032325901197794056,130966825451947.16,581338413637776.5,588886917074676.2,562546125516039.4,41431.14157179162,427518839.5678724,1.0,521.3439257782611,1.4850971093114544e-07,1.4850971093114544e-07,0.051673166080373756,12572.672242857649,521.3439257782611
2090.0,1778.0622892066774,10429143122.095034,524.5662168532685,0.00012880981943865668,2.7215760150162724,0.23279640910698252,1124153347105389.6,0.4710224686564513,0.4710224686564513,3952504788578.586,1.921347877732216,57506.91236400112,56770.89865781589,54924.38803926556,736.0137061852313,1846.5106185503296,1.0025587017688289,0.012798699772411536,0.012798699772411534,0.012798699772411538,0.032525654203222884,1846.5106185503296,-127137146.00728917,-0.012190564892904598,-0.02326264005907288,1.209881277010024,0.0,0.0,20933778288737.92,-483.74634462643166,0.46154476812459255,1.0,19257523517329.617,7675992281629.38,439465190755708.25,-242609402.57385233,-0.001759911255968128,0.126424185385857,-0.0930089358170954,0.032525654203222884,133349112999276.88,592071827272314.8,599747819553944.1,572814303754985.1,42138.18773132604,-242609402.57385233,1.0,526.7153983718828,1.4462001003618137e-07,1.4462001003618137e-07,0.051652803345461296,12786.200307939524,526.7153983718828
2091.0,1799.3033199586828,10441133915.464727,523.9788624548866,0.00012770568577667987,2.7259350706486125,0.23278311613263106,1145087125394127.5,0.47004305795662676,0.47004305795662676,3952262179176.012,1.9195539399445625,58496.736947438265,57749.45219072428,55860.01524389666,747.2847567139876,1889.4369468276177,1.009574364673707,0.012774810967412654,0.012774810967412654,0.012774810967412658,0.03271783324606323,1889.4369468276177,-126068091.86811157,-0.0120741763192394,-0.08756737509536008,1.2073613025337573,0.0,0.0,21260154327545.016,-482.47378834939735,0.46324375097689285,1.0,19727864186653.965,7802500217836.224,447473032814468.4,-914302689.9963855,-0.000821985865011947,0.12283859482718047,-0.09203921688165745,0.03271783324606323,135768866866957.77,602969763868080.1,610772264085916.2,583241899681426.1,42856.74682820612,-914302689.9963855,1.0,532.0287121782476,1.4083745561579043e-07,1.4083745561579043e-07,0.05163406625293776,13003.268415690538,532.0287121782476
2092.0,1820.7656902411327,10452768016.037258,523.3921994651328,0.000126619879094148,2.730194640268355,0.23277107809151662,1166347279721672.5,0.4690739547989594,0.4690739547989594,3951347876486.0156,1.91743178996214,59502.201150024826,58743.75156099499,56810.998830326535,758.4495890298348,1932.7527306684597,1.016493536804302,0.012746580367968765,0.012746580367968764,0.012746580367968764,0.032901418096555134,1932.7527306684597,-125006611.9934151,-0.01195918744218015,-0.15176239636144734,1.204846576730631,0.0,0.0,21592231456362.984,-481.2282190894559,0.46488707290112685,1.0,20202615926039.95,7927897605987.66,455605232104237.0,-1586337122.7241058,0.00011990475502431455,0.1192169467705607,-0.09104448131140926,0.032901418096555134,138226959428530.22,614034807458807.2,621962705064794.9,593832191532767.2,43587.04138513553,-1586337122.7241058,1.0,537.2725349572686,1.3715879008219406e-07,1.3715879008219406e-07,0.05161705281771045,13223.957445190998,537.2725349572686
2093.0,1842.4513207842442,10464055640.535887,522.8062202988283,0.00012555202075038968,2.734347879341807,0.2327604307845584,1187939511178035.5,0.46811505070451864,0.46811505070451864,3949761539363.2915,1.9149804095588925,60523.53812271743,59754.04131779326,57777.65392989647,769.4968049241744,1976.387387896783,1.0233034969606585,0.012714008942503392,0.01271400894250339,0.012714008942503394,0.03307537606344735,1976.387387896783,-123952767.71377183,-0.011845576129545881,-0.2157318069252473,1.2023370886685611,0.0,0.0,21930348491083.58,-480.013325224957,0.4664672904332011,1.0,20681027594205.32,8052057381941.15,463864285893176.44,-2257429631.099133,0.0010642057828954593,0.11556018056484181,-0.09002496875843481,0.03307537606344735,140724299608887.16,625269613096269.0,633321670478210.1,604588585502063.6,44329.30231145263,-2257429631.099133,1.0,542.4352188532479,1.3358085565195667e-07,1.3358085565195667e-07,0.05160184727118855,13448.351618443836,542.4352188532479
2094.0,1864.3621448993808,10475006737.026377,522.2209187461963,0.00012450174144080194,2.7383879433352774,0.23275131001267557,1209869859669119.0,0.46716623833603105,0.46716623833603105,3947504109732.1924,1.9121994505062276,61560.98784997763,60780.57250532436,58760.30743543717,780.4153446532714,2020.265069887189,1.0299912831668856,0.012677108862436082,0.012677108862436079,0.012677108862436082,0.03323866470178797,2020.265069887189,-122906611.14778793,-0.011733320486882895,-0.2793542337329919,1.1998328274382353,0.0,0.0,22274847298608.688,-478.83288694291264,0.4679768416888379,1.0,21162290217647.367,8174855992921.779,472252782990424.9,-2926237480.369931,0.002009249153433584,0.11186946974651633,-0.08898098325668341,0.03323866470178797,143261833265520.62,636676906473592.9,644851762466514.6,615514616255945.5,45083.76890309161,-2926237480.369931,1.0,547.5048155397855,1.301005931322892e-07,1.301005931322892e-07,0.05158852032916128,13676.538532345563,547.5048155397855
2095.0,1886.5001085234233,10485630990.489065,521.6362896970044,0.00012346868093214168,2.742307987715073,0.2327438515767873,1232144706967727.8,0.466227411485865,0.466227411485865,3944577872251.8223,1.9090892792175795,62614.79719147666,61823.60262241978,59759.29801368195,791.1945690568815,2064.304608737823,1.036543706423184,0.012635904044173462,0.012635904044173465,0.012635904044173469,0.03339023481606718,2064.304608737823,-121868185.95940423,-0.011622398887577115,-0.34250279242872694,1.1973337821530623,0.0,0.0,22626072831440.656,-477.69076323592435,0.4694080670338019,1.0,21645536379190.72,8296174292809.478,480773403693921.75,-3591357894.619703,0.0029532665609675363,0.10814622760103575,-0.0879128956680199,0.03339023481606718,145840543528213.44,648259483601325.9,656555657894135.4,626613947222135.1,45850.68882645256,-3591357894.619703,1.0,552.4690937488865,1.2671504046879797e-07,1.2671504046879797e-07,0.051577129304565705,13908.609187229391,552.4690937488865
2096.0,1908.8671702629629,10495937828.374434,521.0523289200669,0.00012245248780623288,2.746101167947502,0.2327381912778127,1254770779799168.5,0.4652984650641425,0.4652984650641425,3940986514357.2026,1.905651015460069,63685.21992548386,62883.39558482515,60774.97609135598,801.8243406587161,2108.419493469166,1.0429473659706956,0.01259043058337408,0.01259043058337408,0.012590430583374076,0.03352903375939775,2108.419493469166,-120837528.05896518,-0.011512789998840912,-0.4050450641771655,1.1948399419491262,0.0,0.0,22984373101431.984,-476.59087688983135,0.4707532320628346,1.0,22129839919585.082,8415898428831.207,489428919494466.1,-4251327811.293462,0.0038943964236857675,0.10439211264490247,-0.08682114612269787,0.03352903375939775,148461451081348.84,660020210495400.1,668436108924231.2,637890370575815.0,46630.31808090148,-4251327811.293462,1.0,557.3155592496124,1.2342133110838945e-07,1.2342133110838945e-07,0.051567718119237105,14144.658010454501,557.3155592496124
2097.0,1931.4653014383434,10505936426.134096,520.4690328869968,0.00012145281921179507,2.749760639498873,0.23273446491667105,1277755152900600.5,0.4643792950869753,0.4643792950869753,3936735186545.909,1.9018865678302312,64772.51679282173,63960.22168737684,61807.7038094094,812.295105444892,2152.5178779674425,1.0491886661067704,0.01254073711606823,0.012540737116068228,0.012540737116068228,0.03365400902592967,2152.5178779674425,-119814666.25563236,-0.01140447280430774,-0.4668430855209615,1.1923512959851383,0.0,0.0,23350099085940.688,-475.537197441847,0.47200455288732135,1.0,22614215982043.02,8533920737063.928,498222192490980.6,-4904623777.463505,0.00483068758589352,0.10060903400424759,-0.08570624644750909,0.03365400902592967,151125614376000.75,671962022849024.4,680495943586088.2,649347806866981.4,47422.92093559841,-4904623777.463505,1.0,562.0314773315037,1.2021669221676446e-07,1.2021669221676446e-07,0.051560317249053966,14384.782873810987,562.0314773315037
2098.0,1954.2964861275175,10515635712.719784,519.8863986313299,0.00012046934062410955,2.753279557835493,0.23273280829428145,1301105251986541.2,0.46346979866482535,0.46346979866482535,3931830562768.446,1.8977986674522247,65876.95554017251,65054.35756396884,62857.8549406072,822.5979762036667,2196.502623361643,1.0552538345812161,0.012486885124829986,0.012486885124829986,0.01248688512482999,0.0337641121304102,2196.502623361643,-118799622.86667629,-0.011297426623763266,-0.527753352290032,1.1898678334423909,0.0,0.0,23723604562042.25,-474.5337221154467,0.47315422370984894,1.0,23097621429304.387,8650140655778.296,507156174477712.4,-5549661998.848645,0.005760101302965132,0.09679915666401696,-0.08456878257435142,0.0337641121304102,153834129760696.34,684087925667713.1,692738066323491.5,660990304238408.8,48228.76983692511,-5549661998.848645,1.0,566.6038978365879,1.1709844278064757e-07,1.1709844278064757e-07,0.05154748794329711,14629.085103682088,566.6038978365879
2099.0,1977.3627212097454,10525044376.0436,519.3044236359176,0.00011950172561224961,2.756692471952169,0.23273281899175008,1324828856548583.5,0.4625698739909878,0.4625698739909878,3926280900769.597,1.893390900668248,66998.81096146602,66166.08614362073,63925.467761132015,832.7248178452852,2240.6183824887185,1.0611921560115736,0.012428949199176415,0.012428949199176417,0.012428949199176417,0.03386354722002464,2240.6183824887185,-117792387.66432798,-0.011191628600867386,-0.5882345032408012,1.1873895435247095,0.0,0.0,24104033742928.234,-473.56724208256935,0.4742307200443081,1.0,23582607905472.793,8764465660854.45,516231465547472.4,-6191194250.1293955,0.00668051237138545,0.09296490656037609,-0.08340941692145826,0.03386354722002464,156586919397786.6,696400992850731.8,705165458511586.2,672818384945259.0,49047.913443717516,-6191194250.1293955,1.0,571.074110462314,1.1406450486309003e-07,1.1406450486309003e-07,0.05151783920735786,14877.554317414493,571.074110462314
2100.0,2000.666016409107,10534170868.393435,518.7231057429201,0.00011854965561361307,2.760095280825197,0.2327331954594266,1348932890291511.8,0.4616794203301947,0.4616794203301947,3920089706519.468,1.8886677411067585,68138.3465677387,67295.67846004627,65010.022489462666,842.6681076924249,2285.6559705835984,1.0671483682018155,0.012367017254442756,0.012367017254442758,0.012367017254442756,0.03396437962863547,2285.6559705835984,-116792910.99850874,-0.0110870530255905,-0.6496801355538203,1.1849164154584066,0.0,0.0,24488613721237.625,-472.59836211286387,0.475317241549281,1.0,24077490540491.266,8876809831777.764,525444782311710.8,-6843841557.724952,0.007593732782121816,0.08910767716087602,-0.08222855752319715,0.03396437962863547,159381902750388.8,708904175602591.0,717780985434368.8,684826685062099.6,49880.032218600834,-6843841557.724952,1.0,575.5661982252561,1.1111360062938753e-07,1.1111360062938753e-07,0.05148865040080164,15129.990270861834,575.5661982252561
2101.0,2024.2083943378414,10543023411.79797,518.1424430818618,0.00011761281971550375,2.763482904428637,0.23273385196057195,1373421504012749.5,0.4607983380073391,0.4607983380073391,3913245864961.7427,1.883632819053276,69295.78567393014,68443.36659387806,66111.77834098345,852.4190800520745,2331.5882528946054,1.073114553921971,0.012301167693849592,0.01230116769384959,0.012301167693849589,0.03406594925012287,2331.5882528946054,-115801227.39115846,-0.010983683035510792,-0.7120328849870878,1.182448438492234,0.0,0.0,24877539872222.984,-471.6290733847429,0.47640931916907037,1.0,24581989536940.95,8987074317652.309,534798336571088.56,-7506979376.388918,0.008509962588186136,0.08522585488659139,-0.08102584645971084,0.03406594925012287,162219690273497.97,721600016381527.5,730587090699179.8,697018026844586.5,50725.32950772286,-7506979376.388918,1.0,580.0733380618884,1.082432990036109e-07,1.082432990036109e-07,0.05146104844003929,15386.448833260589,580.0733380618884
2102.0,2047.9918905395007,10551610003.336288,517.562434012125,0.0001166909144435194,2.7668451518032002,0.23273476696253567,1398299043884972.5,0.4599265283963177,0.4599265283963177,3905738885585.3535,1.878285254682188,70471.35654235246,69609.39166190743,67231.05224017311,861.9648804450184,2378.3394217343143,1.0790746827551498,0.012231421711415294,0.012231421711415296,0.0122314217114153,0.03416693300935455,2378.3394217343143,-114817372.084694,-0.010881502637833483,-0.7751539878478833,1.1799856018973365,0.0,0.0,25271171898276.688,-470.6637275115328,0.477497759124455,1.0,25095310033700.836,9095117255028.225,544294767065461.3,-8179122572.301741,0.009434457440483568,0.0813179980763567,-0.07980096203301029,0.03416693300935455,165101076286773.94,734491153385936.1,743586270640964.4,709395843352235.2,51584.04896441036,-8179122572.301741,1.0,584.5816137350785,1.0545118466204332e-07,1.0545118466204332e-07,0.051435238304820885,15647.003275762752,584.5816137350785
2103.0,2072.0185535319274,10559938420.387594,516.983077076983,0.00011578364355651152,2.770171831989598,0.2327359189326674,1423570215783249.2,0.4590638939089908,0.4590638939089908,3897559763013.052,1.8726218599579858,71665.29486794758,70794.00450321201,68368.17774566605,871.2903647355727,2425.826757545965,1.085012372554217,0.012157772689570816,0.012157772689570818,0.012157772689570816,0.034265991513955145,2425.826757545965,-113841368.48969375,-0.010780495487540474,-0.8388971990638098,1.1775278949672054,0.0,0.0,25669874494460.906,-469.70680027459576,0.47857318714628627,1.0,25616581178213.9,9200772597884.693,553936850835561.1,-8858702763.149464,0.010369193614997031,0.07738300687735829,-0.0785536632309097,0.034265991513955145,168026896072785.84,747580328086560.9,756781100684445.5,721963746908347.0,52456.44707227652,-8858702763.149464,1.0,589.0766820240749,1.0273490380859357e-07,1.0273490380859357e-07,0.051411383359341034,15911.73067338953,589.0766820240749
2104.0,2096.2904448500367,10568016225.817007,516.4043709668598,0.00011489071784789216,2.7734527540285407,0.23273728633831678,1449240090277710.2,0.4582103379842588,0.4582103379842588,3888701060249.9023,1.866638593257846,72877.84384437298,71997.46451255855,69523.50418129732,880.379331814426,2473.9603312612285,1.0909108916774832,0.012080205524389999,0.012080205524389999,0.012080205524389997,0.034361770209695296,2473.9603312612285,-112873230.03722031,-0.010680645035487173,-0.903108573657313,1.1750753070176323,0.0,0.0,26074014761888.75,-468.7628848797608,0.4796260587196929,1.0,26144852922796.28,9303863063488.79,563727496473946.9,-9544066060.084938,0.011314279002863189,0.07342013058350584,-0.07728379323400138,0.034361770209695296,170998023789659.78,760870373186402.9,770174236249891.8,734725520263606.6,53342.79248141156,-9544066060.084938,1.0,593.5437743162929,1.0009216695603146e-07,1.0009216695603146e-07,0.05138961799054398,16180.711699885758,593.5437743162929
2105.0,2120.8096390884043,10575850773.09386,515.8263144899605,0.00011401185495307068,2.7766777269607408,0.2327388476468334,1475314105039599.0,0.45736576507725296,0.45736576507725296,3879156994189.8174,1.8603313841998226,74109.2541921511,73220.03892640461,70697.39618991988,889.2152657464885,2522.642736484731,1.0967531637528316,0.011998707522287617,0.011998707522287617,0.011998707522287617,0.03445290078335393,2522.642736484731,-111912961.86601466,-0.010581934661061375,-0.9676262668620079,1.1726278273866613,0.0,0.0,26483960900730.938,-467.83668913280405,0.48064666742985096,1.0,26679093134891.652,9404207955691.863,573669740746196.2,-10233471002.458492,0.01226873305494078,0.06942897522691682,-0.07599128300418698,0.03445290078335393,174015371404690.84,774364205285778.8,783768413241470.6,747685112150887.1,54243.365669046296,-10233471002.458492,1.0,597.9677018145105,9.752075074613864e-08,9.752075074613864e-08,0.05137005451248711,16454.03052087358,597.9677018145105
2106.0,2145.578223943678,10583449211.33934,515.2489065487974,0.00011314677916281206,2.779836559826909,0.23274058132556685,1501798065940330.0,0.45653008064864065,0.45653008064864065,3868923523187.359,1.8536966102614525,75359.78416841921,74462.00236408508,71890.23350697597,897.7818043341333,2571.768857109118,1.1025217750605438,0.01191327462307627,0.01191327462307627,0.01191327462307627,0.03453800294725283,2571.768857109118,-110960562.04018198,-0.01048434776077504,-1.0322803546841595,1.1701854454345437,0.0,0.0,26900081561629.78,-466.9330293057258,0.4816251567204718,1.0,27218185082518.57,9501628129034.893,583766746956743.1,-10925086705.663162,0.013230917393157507,0.06540951137630119,-0.07467615494388267,0.03453800294725283,177079888155662.78,788064820194924.4,797566448323959.1,760846635112405.9,55158.45876893164,-10925086705.663162,1.0,602.3328645333697,9.501849855335976e-08,9.501849855335976e-08,0.05135278685901268,16731.774738044332,602.3328645333697
2107.0,2170.5983002567696,10590818490.300667,514.6721461214266,0.00011229522124231522,2.7829190616677555,0.23274246584186684,1528698147501959.8,0.45570319115404284,0.45570319115404284,3857998436481.696,1.8467313810664532,76629.6995682682,75723.63651224619,73102.4108363156,906.0630560220152,2621.2256759305915,1.10819898462222,0.01182391502415872,0.011823915024158718,0.011823915024158718,0.0346156866820135,2621.2256759305915,-110016022.48497212,-0.010387867810757734,-1.0968926767907128,1.167748150543692,0.0,0.0,27322745503659.22,-466.0568207421844,0.48255153537527085,1.0,27760925355896.57,9595949367096.287,594021804116951.8,-11616991243.230474,0.014198773105425033,0.06136208209319699,-0.07333852661406771,0.0346156866820135,180192560253855.2,801975289726703.6,811571239093799.9,774214364370807.0,56088.3754792863,-11616991243.230474,1.0,606.6232642540992,9.258332037125093e-08,9.258332037125093e-08,0.05133789246574527,17014.035357029297,606.6232642540992
2108.0,2195.8719820548695,10597965365.249416,514.0960322464483,0.00011145691825581835,2.7859150415239937,0.23274447966308287,1556020893005619.0,0.45488500403356286,0.45488500403356286,3846381445238.4653,1.8394337165991663,77919.27372226612,77005.22988870395,74334.33775881342,914.0438335621756,2670.892129890532,1.1137667370791346,0.01173065135104024,0.011730651351040238,0.011730651351040242,0.034684554980886184,2670.892129890532,-109079329.7483568,-0.010292478413453439,-1.1612767036715932,1.1653159321186333,0.0,0.0,27752321358735.688,-465.2130651995492,0.4834156969112451,1.0,28306022286897.105,9687004890411.738,604438326357358.9,-12307170284.982553,0.015169951134933721,0.05728741099408842,-0.07197861449836633,0.034684554980886184,183354410659297.6,816098759303553.6,825785764193965.4,787792737016656.5,57033.430996038536,-12307170284.982553,1.0,610.8225215985951,9.021319226545775e-08,9.021319226545775e-08,0.051325433121984565,17300.90676277488,610.8225215985951
2109.0,2221.401396593246,10604896401.80186,513.5205640110195,0.00011063161339654446,2.7888143084363333,0.23274660125656466,1583773214364354.8,0.4540754277014257,0.4540754277014257,3834074274953.483,1.83180266704869,79228.78749169914,78307.07764897229,75586.43863132462,921.7098427268439,2720.6390176476693,1.1192066784381802,0.011633522005160208,0.011633522005160208,0.01163352200516021,0.034743207119074186,2720.6390176476693,-108150465.6492522,-0.01019816333433267,-1.2252374300813873,1.1628887795859626,0.0,0.0,28189177387909.312,-464.4068348958074,0.4842074430045048,1.0,28852094928853.52,9774637394639.266,615019852242006.9,-12993516013.623064,0.016141883629313264,0.05318661036346525,-0.07059673779934889,0.034743207119074186,186566498824344.78,830438445995205.1,840213083389844.5,801586351066351.6,57993.951938795915,-12993516013.623064,1.0,614.9138973733317,8.79061555544794e-08,8.79061555544794e-08,0.051315455230288354,17592.486692528706,614.9138973733317
2110.0,2247.188684396834,10611617980.65957,512.9457405412697,0.00010981905582180761,2.7916066714454852,0.23274880908966175,1611962391752264.0,0.45327437153572586,0.45327437153572586,3821080758939.86,1.8238384006270474,80558.52926132036,79629.48141393696,76859.15244869012,929.0478473834116,2770.3289652468425,1.124500174757213,0.011532582035723531,0.011532582035723531,0.011532582035723531,0.034790242458642616,2770.3289652468425,-107229407.84737152,-0.010104906531954387,-1.288571296815001,1.1604666823942982,0.0,0.0,28633681163265.375,-463.6432532322652,0.4849165110182092,1.0,29397672659955.418,9858700842186.879,625770043764283.4,-13673826342.643885,0.017111822770238594,0.04906118925987557,-0.06919332225221396,0.034790242458642616,189829920338491.78,844997636762730.5,854856337604917.4,815599964102775.1,58970.276248616734,-13673826342.643885,1.0,618.880318319912,8.566031581209103e-08,8.566031581209103e-08,0.051307989722055636,17888.876200073384,618.880318319912
2111.0,2273.2359993016407,10618136302.268772,512.3715609946427,0.00010901900049310712,2.7942819395921616,0.2327510816297238,1640596072915529.5,0.4524817458682835,0.4524817458682835,3807406932597.216,1.8155422738729448,81908.79492839448,80972.74910571564,78152.93265004964,936.0458226788368,2819.816455665997,1.1296283338338955,0.01142790372507785,0.011427903725077848,0.011427903725077848,0.034824264790423845,2819.816455665997,-106316130.35535195,-0.01001269218333875,-1.3510661429106836,1.1580496300142349,0.0,0.0,29086199136560.312,-462.9274721871039,0.48553260565819334,1.0,29941195473641.99,9939062130373.195,636692684872145.2,-14345804458.80618,0.01807686178418882,0.04491306155400066,-0.06776890393997405,0.034824264790423845,193145806428113.3,859779686773900.5,869718748904273.6,829838491300258.5,59962.75304321563,-14345804458.80618,1.0,622.7044073921656,8.347384174778304e-08,8.347384174778304e-08,0.05130305177304906,18190.179606834008,622.7044073921656
2112.0,2299.5455084959044,10624457391.397236,511.7980245537726,0.00010823120802104264,2.796829921917074,0.23275339734410042,1669682272052089.8,0.45169746197460725,0.45169746197460725,3793061128138.4097,1.8069168923943293,83279.88788624437,82337.19478356237,79468.2468555876,942.693102681995,2868.9479279747716,1.1345720299532085,0.01131957699042127,0.01131957699042127,0.011319576990421272,0.03484388720694578,2868.9479279747716,-105410604.00578013,-0.009921504705843378,-1.4125011904032292,1.155637611938298,0.0,0.0,29547096071425.062,-462.26464641433773,0.48604543473998996,1.0,30481015018905.348,10015602702608.916,647791679409593.8,-15007058712.736982,0.019033946289809225,0.040744553834765086,-0.06632413309321898,0.03484388720694578,196515323276634.03,874788017705133.1,884803620407742.1,844307002686227.8,60971.74241896996,-15007058712.736982,1.0,626.3685186596027,8.134496400029332e-08,8.134496400029332e-08,0.051300640405347764,18496.504436617637,626.3685186596027
2113.0,2326.119392561066,10630587101.627693,511.2251304215895,0.00010745544451488998,2.7992404274609326,0.23275573470014121,1699229368123514.8,0.4509214320639626,0.4509214320639626,3778054069425.673,1.7979661663653732,84672.11900016978,83723.13847438876,80805.57652267828,948.9805257810281,2917.5619517104756,1.139311931738513,0.011207709656813069,0.011207709656813067,0.011207709656813067,0.034847737493775024,2917.5619517104756,-104512796.88118172,-0.009831328776298661,-1.4726470637679916,1.1532306176808989,0.0,0.0,30016734325189.22,-461.65990413401806,0.4864447490082565,1.0,31015396452053.1,10088220137063.664,659071048384032.5,-15655102881.341906,0.01997988051293238,0.03655841311650563,-0.06485977785647906,0.034847737493775024,199939671137540.72,890026115973626.4,900114336110690.0,859010719521573.2,61997.61519127381,-15655102881.341906,1.0,629.8547769135799,7.927197386689736e-08,7.927197386689736e-08,0.051300738030722215,18807.961331404465,629.8547769135799
2114.0,2352.9598455125133,10636531119.76707,510.6528778174075,0.0001066914814366825,2.8015032652644494,0.2327580721651958,1729246102448704.0,0.45015356926954475,0.45015356926954475,3762398966544.331,1.7886953630733022,86085.80657341027,85130.90599400579,82165.41651214739,954.900579404475,2965.4894818583944,1.1438285331393887,0.011092427630217727,0.011092427630217727,0.011092427630217729,0.03483446402023725,2965.4894818583944,-103622674.7123925,-0.009742149347903354,-1.5312658462016107,1.1508286367782876,0.0,0.0,30495472972034.97,-461.1183149601796,0.48672038590468614,1.0,31542521159128.74,10156829729119.305,670534926483173.5,-16287356825.75989,0.02091133089333197,0.032357814277285374,-0.06337672800215988,0.03483446402023725,203420083216905.38,905497530859207.6,915654360588327.0,873955009700078.9,63040.75256612962,-16287356825.75989,1.0,633.1451220257004,7.72532219836252e-08,7.72532219836252e-08,0.051303309973244726,19124.663946017776,633.1451220257004
2115.0,2380.0690748400975,10642294970.17093,510.0812659737975,0.00010593909545964932,2.8036082443683354,0.23276038820661382,1759741575420739.0,0.449393787638755,0.449393787638755,3746111609718.5713,1.779111157685937,87521.27630071656,86560.828756062,83548.27455655864,960.4475446545773,3012.554199503365,1.148102187576447,0.010973874985032798,0.010973874985032798,0.010973874985032798,0.03480274210397265,3012.554199503365,-102740201.24912778,-0.009653951665227863,-1.5881111748773573,1.1484316587885095,0.0,0.0,30983666762920.625,-460.6448548810455,0.4868623171327132,1.0,32060490404741.977,10221366073590.428,682187557774729.5,-16901147568.469547,0.021824828495890687,0.028146367155578205,-0.06187599857198068,0.03480274210397265,206957824304994.53,921205872484465.9,931427238558056.1,889145382079724.0,64101.54573678129,-16901147568.469547,1.0,636.2213580777268,7.528711696683929e-08,7.528711696683929e-08,0.05130830399968844,19446.728819777345,636.2213580777268
2116.0,2407.449301548452,10647884018.98283,509.51029413408725,0.00010519806833086623,2.8055451738133015,0.23276266129174486,1790725242183659.5,0.4486420021235795,0.4486420021235795,3729210462150.1016,1.7692216827822655,88978.86120704717,88013.24356616146,84954.67062337123,965.6176408857068,3058.572942790222,1.1521131452489517,0.010852213972920901,0.010852213972920901,0.010852213972920901,0.03475128081708552,3058.572942790222,-101865338.60555418,-0.009566721277575031,-1.6429283772910521,1.1460396732913576,0.0,0.0,31481664920476.625,-460.2443686794504,0.48686069981658786,1.0,32567329958429.29,10281784646834.818,694033290529702.0,-17493710812.89079,0.022716771023334123,0.023928123229792084,-0.06035873342482435,0.03475128081708552,210554189138842.6,937154809626974.0,947436594273808.9,904587479668544.6,65180.39539991173,-17493710812.89079,1.0,639.0652072487411,7.337212402347154e-08,7.337212402347154e-08,0.05131564988114223,19774.275223459506,639.0652072487411
2117.0,2435.1027601970404,10653303478.288393,508.9399615503629,0.00010446818673798093,2.8073038626400595,0.2327648698879385,1822206907104136.0,0.44789812857106914,0.44789812857106914,3711716751337.211,1.759036576834539,90458.90156889649,89488.49239894713,86385.13616666291,970.4091699493657,3103.3562322842176,1.155841593595321,0.010727624955851028,0.010727624955851028,0.010727624955851028,0.034678830194715966,3103.3562322842176,-100998047.58298531,-0.009480444050882525,-1.695454650775914,1.1436526698883296,0.0,0.0,31989809769350.344,-459.9215301582004,0.48670593099888015,1.0,33060995743761.418,10338063385584.53,706076571116962.4,-18062192928.391277,0.023583424886653086,0.019707581802473378,-0.05882620866890817,0.034678830194715966,214210500479763.97,953348067340487.9,963686130726072.2,920287071596726.4,66277.71118657777,-18062192928.391277,1.0,641.6583684083995,7.150676353505562e-08,7.150676353505562e-08,0.05132398700071228,20107.424980085143,641.6583684083995
2118.0,2463.0316989400285,10658558410.184072,508.3702674818717,0.00010374924217987905,2.8088800635903737,0.2327670000630562,1854196716873486.2,0.44716208371391974,0.44716208371391974,3693654558408.82,1.7485670316288209,91961.74481579705,90986.92215613805,87840.14327981338,974.8226596589919,3146.7788763246817,1.1592776169191985,0.010600306264432017,0.010600306264432017,0.010600306264432017,0.03458495794510615,3146.7788763246817,-100138290.49010572,-0.009395106414618442,-1.745527957373676,1.1412706382025803,0.0,0.0,32508268697566.53,-459.6781316308154,0.4863941994010146,1.0,33540126457240.023,10390204257546.354,718321357521913.6,-18604811690.27662,0.02442092760021179,0.015489695608570133,-0.05727983595521809,0.03458495794510615,217927940384915.12,969789424364068.8,980179628621615.1,936249297906828.8,67393.85664346219,-18604811690.27662,1.0,643.9913938520981,6.968966757345655e-08,6.968966757345655e-08,0.05130516823499098,20446.286636351186,643.9913938520981
2119.0,2491.238379565878,10663653730.760782,507.8012111937443,0.00010304103084116174,2.810400846014559,0.23276920658326897,1886704985571052.8,0.44643378516115106,0.44643378516115106,3675049746718.543,1.7378258384937812,93487.74293442896,92508.88195439856,89318.60045314078,978.8609800303979,3190.28150125778,1.1626311267561509,0.010470473981995241,0.010470473981995241,0.010470473981995241,0.034486218337720274,3190.28150125778,-99286084.82841946,-0.009310700378615543,-1.7954083164155685,1.1388935678788787,0.0,0.0,33033471417905.312,-459.456901252465,0.4860432184221234,1.0,34020057233064.633,10438234541597.309,730758656973455.8,-19145612591.583813,0.025226019213542242,0.011279640636602858,-0.055721105262499425,0.034486218337720274,221703969975010.62,986482684181531.0,996920918723128.2,952462626948466.4,68527.9806925352,-19145612591.583813,1.0,646.250431403258,6.79207600804683e-08,6.79207600804683e-08,0.05127474306779556,20790.619760605587,646.250431403258
2120.0,2519.725077536727,10668594214.002632,507.23279195597456,0.00010234335347031116,2.8119170143859615,0.23277154863754265,1919738456988958.0,0.4457131513888847,0.4457131513888847,3655904134126.959,1.726827113992967,95037.19697467043,94054.66842484576,90820.20562636948,982.5285498246623,3234.462798476277,1.1659865950363593,0.010338357833580978,0.010338357833580976,0.010338357833580976,0.03438917868346715,3234.462798476277,-98441433.34973973,-0.009227216948652374,-1.8460265914968779,1.136521448583561,0.0,0.0,33564075731986.688,-459.2348840128138,0.4856999996576834,1.0,34507171097230.77,10482198401751.79,743385998829132.2,-19694508612.93859,0.02601201907691386,0.007077566857109865,-0.05415023846715604,0.03438917868346715,225537921430882.53,1003431091357245.5,1013913289758997.4,968923920260014.8,69679.8457151394,-19694508612.93859,1.0,648.5105033888115,6.619921194277162e-08,6.619921194277162e-08,0.05124455622470836,21140.359911230087,648.5105033888115
2121.0,2548.4940820275347,10673384495.601212,506.6650090426028,0.00010165601526142356,2.813423157074119,0.23277401381469556,1953302532720944.8,0.4450001017312179,0.4450001017312179,3636209625514.0205,1.7155790292929214,96610.39038039137,95624.56694880124,92345.30247528858,985.8234315901378,3279.2644735126464,1.169334876032726,0.010204113943734012,0.01020411394373401,0.010204113943734012,0.03429311711569279,3279.2644735126464,-97604323.77137554,-0.009144646087808501,-1.8972918718029097,1.134154270004488,0.0,0.0,34100408686085.906,-459.01449613817977,0.4853594740602928,1.0,35000850588565.75,10522072530134.559,756206257723169.0,-20250525648.13138,0.026792538320238108,0.0028816077105823564,-0.05256693869615238,0.03429311711569279,229430661958180.4,1020637770269915.1,1031159842800049.8,985636919681349.4,70849.71576118351,-20250525648.13138,1.0,650.7634562750234,6.452369272925955e-08,6.452369272925955e-08,0.0512148119775957,21495.586714105066,650.7634562750234
2122.0,2577.5476959649654,10678029076.685892,506.09786173106323,0.00010097882573939467,2.8149138624485697,0.2327765897035462,1987402941407030.8,0.4442945563711945,0.4442945563711945,3615959099865.889,1.70408373103095,98207.61385134303,97218.87668092259,93894.2518813527,988.7371704204429,3324.6247995698905,1.1726667196437974,0.010067826023317248,0.010067826023317248,0.01006782602331725,0.03419731756911244,3324.6247995698905,-96774737.64437197,-0.009062977535401848,-1.9491091662674376,1.1317920218509971,0.0,0.0,34642807007161.78,-458.79820294616997,0.4850165416414888,1.0,35500440278878.3,10557764254949.623,769222450574888.2,-20812644351.038696,0.0275745016748056,-0.001309853407473134,-0.05097096288226431,0.03419731756911244,233383101147864.88,1038105992001631.5,1048663756256581.1,1002605551722753.1,72037.86813564564,-20812644351.038696,1.0,653.0010242051422,6.289290315702327e-08,6.289290315702327e-08,0.05118564865445818,21856.38374570706,653.0010242051422
2123.0,2606.8882360660596,10682532327.470808,505.5313493016626,0.00010031159864844585,2.8163837188788516,0.2327792638929128,2022045748414192.5,0.4435964363318702,0.4435964363318702,3595146455514.8506,1.6923403185444326,99829.1654891114,98837.90753583552,95467.4290367973,991.2579532758815,3370.47849903821,1.175972772327681,0.009929542618324304,0.009929542618324304,0.009929542618324304,0.03410107096628063,3370.47849903821,-95952649.05601168,-0.008982200672518759,-2.001379282020243,1.129434693853861,0.0,0.0,35191608973426.34,-458.58844655972064,0.48466612614718896,1.0,36005245525020.96,10589145130732.152,782437713091266.9,-21379798879.711563,0.028361102684770212,-0.0054981809545808944,-0.04936212356740701,0.03410107096628063,237396183814845.6,1055839142431133.5,1066428287561865.6,1019833896906112.5,73244.59117986273,-21379798879.711563,1.0,655.2148304250608,6.130557399967153e-08,6.130557399967153e-08,0.05115716425742223,22222.837856934566,655.2148304250608
2124.0,2636.5180328766223,10686898490.819206,504.96547103716176,9.965415184388337e-05,2.817827314734503,0.2327820239716139,2057237357387618.8,0.4429056634674719,0.4429056634674719,3573766656635.139,1.6803465023552453,101475.35082239921,100481.97840766245,97065.2217744849,993.3724147367669,3416.756633177546,1.1792435787754303,0.009789297663778012,0.009789297663778014,0.009789297663778014,0.034003675955856724,3416.756633177546,-95138026.56337821,-0.008902304690655427,-2.053998706657061,1.1270822757652406,0.0,0.0,35747150119720.78,-458.3876468650396,0.4843031784864593,1.0,36514531306601.63,10616070159871.785,795855286234291.6,-21950875678.317944,0.029153439426529933,-0.009684484855705534,-0.047740290752839205,0.034003675955856724,241470885858482.66,1073840703399375.9,1084456773559247.6,1037326172092774.2,74470.18299256674,-21950875678.317944,1.0,657.3963897722425,5.976046845570503e-08,5.976046845570503e-08,0.05112943079152443,22595.038781918163,657.3963897722425
2125.0,2666.4394308093742,10691131685.725979,504.40022622244334,9.900630718698721e-05,2.819239238385062,0.23278485752846778,2092984507507339.5,0.4422221604546509,0.4422221604546509,3551815780956.8213,1.6680995327004755,103146.48276916941,102151.41608368285,98688.02958046996,995.0666854865573,3463.38650321289,1.182469584337725,0.009647121828801553,0.009647121828801553,0.009647121828801552,0.033904439468324846,3463.38650321289,-94330834.44404303,-0.008823278696490727,-2.1068594957559483,1.1247347573586415,0.0,0.0,36309761056196.34,-458.1982011409201,0.4839226800391576,1.0,37027521184415.03,10638388970615.66,809478508242694.6,-22524712312.449078,0.029951419555934028,-0.0138696179371256,-0.04610539379378934,0.033904439468324846,245608211806930.3,1092114241234040.1,1102752630204655.8,1055086720049625.0,75714.95067481505,-22524712312.449078,1.0,659.5371122514039,5.8256383221771584e-08,5.8256383221771584e-08,0.05110250234797897,22973.07890565491,659.5371122514039
2126.0,2696.654788181871,10695235910.71923,503.83561414424395,9.836789044292927e-05,2.820614078200066,0.2327877521522928,2129294268563535.8,0.44154585078382674,0.44154585078382674,3529291068644.372,1.6555967241522145,104842.88156730926,103846.55454968063,100336.26298442936,996.3270176286403,3510.291565251272,1.1856411382182586,0.009503048778652627,0.009503048778652627,0.009503048778652627,0.033802677233474646,3510.291565251272,-93531033.54115665,-0.008745111778919788,-2.1598491666757904,1.1223921284288694,0.0,0.0,36879766435970.125,-458.02248249538775,0.48351964644823064,1.0,37543396405770.22,10655952497761.625,823310809726113.9,-23100096369.16792,0.030754260764260112,-0.018054173195654145,-0.04445742333526619,0.033802677233474646,249809193292323.75,1110663399424207.8,1121319351921969.2,1073120003018437.5,76979.20986492276,-23100096369.16792,1.0,661.6283077193963,5.679214881627668e-08,5.679214881627668e-08,0.05107641972520249,23357.05311950661,661.6283077193963
2127.0,2727.1664772541335,10699215047.181849,503.2716340909407,9.773873118162393e-05,2.821946422549054,0.2327906954319074,2166174034999506.0,0.44087665875062343,0.44087665875062343,3506190972275.204,1.642835756862734,106564.87469099027,105567.73451709915,102010.34315611614,997.1401738911271,3557.391360983003,1.1887484974465838,0.009357118626400752,0.009357118626400752,0.009357118626400752,0.03369771433720405,3557.391360983003,-92738581.87207817,-0.008667793054267596,-2.2128505994652676,1.120054378791985,0.0,0.0,37457484532170.5,-457.86283733839065,0.4830891321264049,1.0,38061295178144.06,10668617152645.473,837355710431980.6,-23675764430.964165,0.03156076722417039,-0.022238480920954557,-0.04279643328525713,0.03369771433720405,254074888032121.12,1129491893642245.8,1140160510794891.2,1091430598464101.8,78263.28443155634,-23675764430.964165,1.0,663.6611917002313,5.5366629472112395e-08,5.5366629472112395e-08,0.0510512131240195,23747.058724559793,663.6611917002313
2128.0,2757.976884266028,10703072862.594063,502.7082853523807,9.711866268141846e-05,2.8232308598015625,0.23279367495612988,2203631519531676.5,0.44021450944739515,0.44021450944739515,3482515207844.2397,1.6298148543911715,108312.79676180665,107315.30307647443,103710.70161057677,997.4936853322189,3604.601465897661,1.1917818316423678,0.009209379825412797,0.009209379825412799,0.009209379825412799,0.03358888585842198,3604.601465897661,-91953435.09421761,-0.008591311698492091,-2.265741945606114,1.1177214982852617,0.0,0.0,38043227122947.06,-457.7215820282597,0.482626235594654,1.0,38580312130116.03,10676247594088.213,851616816892639.9,-24250401131.65787,0.032369482031982956,-0.02642260569006393,-0.04112254282107876,0.03358888585842198,258406379076114.72,1148603508098870.8,1159279755692958.8,1110023195968754.6,79567.50625037198,-24250401131.65787,1.0,665.6268923493047,5.3978722774973625e-08,5.3978722774973625e-08,0.05102690376571539,24143.195360204783,665.6268923493047
2129.0,2789.088409474397,10706813013.69805,502.1455672197438,9.65075218355325e-05,2.824461978327131,0.23279667831377873,2241674746654623.5,0.43955932875484127,0.43955932875484127,3458264806712.582,1.6165328934425713,110086.98945925542,109089.61342330977,105437.77996668233,997.3760359456538,3651.833456627437,1.194731228582059,0.009059890190882144,0.009059890190882143,0.009059890190882141,0.033475537606471435,3651.833456627437,-91175546.88037169,-0.008515656971287703,-2.3183965452673205,1.115393476767139,0.0,0.0,38637299516477.625,-457.60099878083855,0.482126105706843,1.0,39099497977276.58,10678718721213.5,866097820500765.8,-24822638301.780746,0.03317877103188904,-0.030606343254334145,-0.03943593842426922,0.033475537606471435,262804774181940.0,1168002092659982.5,1178680811381196.0,1128902594682705.8,80892.2150216596,-24822638301.780746,1.0,667.5164585836113,5.2627359146554975e-08,5.2627359146554975e-08,0.05100350490266048,24545.56494502273,667.5164585836113
2130.0,2820.5034671899225,10710439049.585707,501.5834789854337,9.590514906116028e-05,2.825634366495297,0.23279969309367224,2280312046171101.0,0.43891104333370956,0.43891104333370956,3433442168410.8013,1.6029894761359615,111887.80143260604,110891.02462594578,107192.0297269765,996.7768066602531,3698.994898969278,1.1975867005777308,0.008908717428509369,0.008908717428509369,0.00890871742850937,0.0333570269681123,3698.994898969278,-90404869.23314627,-0.008440818234864353,-2.3706828537297677,1.1130703041171799,0.0,0.0,39240000622781.41,-457.5033309054211,0.48158394877858246,1.0,39617859410138.89,10675917233775.316,880802495752269.5,-25391054210.770584,0.033986868697788095,-0.034789217339963915,-0.037736875939066786,0.0333570269681123,267271205239891.5,1187691560402300.0,1198367477636075.2,1148073700992161.0,82237.75810444859,-25391054210.770584,1.0,669.3208693919404,5.131150122989758e-08,5.131150122989758e-08,0.05098102248221048,24954.271622527922,669.3208693919404
2131.0,2852.2244858136955,10713954414.710714,501.0220199429899,9.531138821115122e-05,2.826742612675599,0.23280270688462879,2319552046793882.5,0.43826958061658694,0.43826958061658694,3408051114200.031,1.5891849817302963,113715.58821481503,112719.90141811267,108973.91206000953,995.6867967023608,3745.9893581031315,1.200338191676615,0.008755939377646743,0.008755939377646743,0.008755939377646743,0.03323272386664098,3745.9893581031315,-89641352.75558645,-0.00836678496900314,-2.4224643776423798,1.1107519702360265,0.0,0.0,39851623021029.03,-457.4307774203389,0.48099503661638665,1.0,40134359220708.4,10667742951198.428,895734698503219.0,-25954172913.32102,0.0347919030646412,-0.03897047638419191,-0.036025682649187936,0.03323272386664098,271806827700417.28,1207675885424344.8,1218343628375543.2,1167541526203636.2,83604.49035263182,-25954172913.32102,1.0,671.0310443359791,5.003014321106741e-08,5.003014321106741e-08,0.050959455609498994,25369.421707377714,671.0310443359791
2132.0,2884.2539078735394,10717362451.82608,500.4611893870174,9.472608648818833e-05,2.827781305237574,0.2328057072754668,2359403669814911.5,0.4376348687997763,0.4376348687997763,3382096941286.71,1.5751206071553685,115570.7121383808,114576.61400623943,110783.8975737438,994.0981321413691,3792.71643249562,1.2029755856882218,0.008601644082205418,0.008601644082205418,0.008601644082205418,0.033102011831917834,3792.71643249562,-88884946.88824318,-0.008293546783341129,-2.473599621778816,1.108438465045356,0.0,0.0,40472452994519.31,-457.385487097391,0.4803547154290023,1.0,40647916684052.33,10654109994842.35,910898364147777.8,-26510463707.30348,0.03559190912357653,-0.04314909023009421,-0.03430275936729023,0.033102011831917834,276412819976010.5,1227959100807840.5,1238613210802683.0,1187311184123788.2,84992.7739443555,-26510463707.30348,1.0,672.6378552495815,4.878231009847939e-08,4.878231009847939e-08,0.05093879689108194,25791.123629388294,672.6378552495815
2133.0,2916.594190060062,10720666404.848385,499.90098661313056,9.414909436138587e-05,2.8287450325507613,0.2328086818550046,2399876122809431.0,0.43700683683525915,0.43700683683525915,3355586477579.4062,1.5607984014944831,117453.54225261913,116461.53788575638,112622.46607280865,992.0043668627477,3839.071812947728,1.2054887150442732,0.008445929750923514,0.008445929750923512,0.008445929750923512,0.03296428917771709,3839.071812947728,-88135600.11906521,-0.008221093427476317,-2.523942046976667,1.106129778487838,0.0,0.0,41102770518646.44,-457.36955198498936,0.4796584155925966,1.0,41157408210869.09,10634947889288.352,926297505658347.2,-27058340710.80702,0.036384835898738366,-0.04732374680379306,-0.03256858253117645,0.03296428917771709,281090382799589.6,1248545296668805.8,1259180244558094.2,1207387888457936.8,86402.97819913809,-27058340710.80702,1.0,674.1321391394893,4.756705697386262e-08,4.756705697386262e-08,0.05091903270636666,26219.487873670558,674.1321391394893
2134.0,2949.2478032624044,10723869421.649956,499.34141091790775,9.358026548523073e-05,2.8296283829846978,0.23281161821206064,2440978893328077.5,0.4363854144227425,0.4363854144227425,3328528136868.599,1.546221297237859,119364.45424162678,118375.05366298713,114490.10629478323,989.4005786396374,3884.947368203904,1.20786737049474,0.008288904640210695,0.008288904640210693,0.008288904640210695,0.032818970281224276,3884.947368203904,-87393260.17033717,-0.008149414799279699,-2.5733400399540005,1.1038259005270876,0.0,0.0,41742849194591.44,-457.3850004630484,0.47890166223340913,1.0,41661668286601.31,10610202611036.379,941936211448679.9,-27596162565.97018,0.037168550100196374,-0.05149284879875002,-0.030823706300464698,0.032818970281224276,285840738527399.2,1269438618262680.2,1280048820873716.8,1227776949976079.0,87835.4793790239,-27596162565.97018,1.0,675.5047122863045,4.6383468224565973e-08,4.6383468224565973e-08,0.050900143434398526,26654.626915759312,675.5047122863045
2135.0,2982.217232603736,10726974556.78022,498.7824615988549,9.301945662079475e-05,2.8304259449089226,0.23281450393545325,2482721742522669.0,0.4357705320017897,0.4357705320017897,3300931974302.629,1.531393139834819,121303.83034210095,120317.54688057731,116387.3156220921,986.283461523629,3930.2312584852084,1.2101013116411936,0.008130686877257817,0.008130686877257817,0.008130686877257818,0.03266548695832545,3930.2312584852084,-86657874.16563167,-0.008078500951683311,-2.621636895710771,1.1015268211476263,0.0,0.0,42392956125675.53,-457.43378988718155,0.4780800865843464,1.0,42159490712033.13,10579837597537.09,957818643032188.6,-28122232277.40572,0.03794083796052969,-0.055654510392683924,-0.02906876464711368,0.03266548695832545,290665130377942.44,1290643264122164.2,1301223101719701.2,1248483773410131.0,89290.6604711557,-28122232277.40572,1.0,676.746385539647,4.523065676427551e-08,4.523065676427551e-08,0.050882103652691635,27096.6551509364,676.746385539647
2136.0,3015.5049774764498,10729984774.11755,498.2241379543767,9.246652755914748e-05,2.831132306692973,0.23281732661400076,2525114698648344.5,0.4351621207440342,0.4351621207440342,3272809742025.223,1.5163187163561243,123272.05926013962,122289.40784518392,118314.59976694715,982.6514149556969,3974.808078236763,1.2121802783063729,0.007971404232665723,0.007971404232665723,0.007971404232665723,0.03250328992735654,3974.808078236763,-85929388.77900307,-0.00800834209814338,-2.6686708132326933,1.099232530354835,0.0,0.0,43053351735723.41,-457.5177988850362,0.477189438065298,1.0,42649630159519.91,10543834720739.693,973949032454596.9,-28634797193.1187,0.038699406150242484,-0.05980655402352361,-0.027304473432854196,0.03250328992735654,295564821600557.9,1312163484214674.8,1322707318935414.5,1269513854055154.8,90768.91094980104,-28634797193.1187,1.0,677.8479807961019,4.4107763247529504e-08,4.4107763247529504e-08,0.0508648823189064,27545.688817146114,677.8479807961019
2137.0,3049.11355157708,10732902949.452847,497.66643928375305,9.192134104690091e-05,2.8317420567063873,0.23282007383652165,2568168050384068.0,0.4345601125454748,0.4345601125454748,3244174944832.1045,1.5010037836790133,125269.53608614864,124291.0314566145,120272.47242732516,978.5046295341432,4018.5590292893335,1.214094002736425,0.007811193847331081,0.007811193847331082,0.007811193847331082,0.032331850353113104,4018.5590292893335,-85207750.36818749,-0.007938928616934088,-2.7142749052236503,1.0969430181749111,0.0,0.0,43724289530220.44,-457.6388193731543,0.4762255970303736,1.0,43130804058009.85,10502195224380.27,990331679484597.4,-29132049135.90076,0.03944188227269162,-0.0639465072516701,-0.025531632466237658,0.032331850353113104,300541094568627.25,1334003578111234.2,1344505773335614.5,1290872774053224.5,92270.62651629432,-29132049135.90076,1.0,678.8003486428719,4.301395528226548e-08,4.301395528226548e-08,0.050848442942645455,28001.845911030858,678.8003486428719
2138.0,3083.045482940928,10735731873.006186,497.1093648871192,9.138376271382095e-05,2.8322497833187037,0.23282273319183422,2611892339914288.5,0.4339644400188523,0.4339644400188523,3215042895696.2036,1.485455096384793,127296.66220699747,126322.81703788324,122261.45491235972,973.8451691142188,4061.3621255235216,1.2158322226295912,0.007650201915983048,0.007650201915983049,0.007650201915983048,0.03215066146209794,4061.3621255235216,-84492905.0932755,-0.007870251054399337,-2.7582772225972567,1.0946582746548272,0.0,0.0,44406015801940.44,-457.7985483682822,0.47518458811869124,1.0,43601694818803.02,10454940621432.617,1006970948549359.6,-29612124693.224346,0.04016581522081014,-0.06807159973670075,-0.023751127531671537,0.03215066146209794,305595249793369.4,1356167893161532.0,1366622833782964.8,1312566198342729.0,93796.20881565392,-29612124693.224346,1.0,679.5943871439061,4.194842664380959e-08,4.194842664380959e-08,0.05083274375278268,28465.246096705796,679.5943871439061
2139.0,3117.3033139763893,10738474251.87784,496.55291406545183,9.085366100244151e-05,2.832650074899459,0.2328252922687569,2656298355716229.0,0.43337503648610665,0.43337503648610665,3185430771002.9795,1.4696804344335563,129353.84521460047,128385.16816583223,124282.07573583946,968.6770487682488,4103.092429992776,1.2173846949822904,0.007488583328630051,0.007488583328630049,0.0074885833286300486,0.03195924021918874,4103.092429992776,-83784799.022115,-0.0078023001272702714,-2.800500794460096,1.0923782898622854,0.0,0.0,45098769283330.53,-457.998579672345,0.4740625941386949,1.0,44060952412552.3,10402113546582.855,1023871265404290.2,-30073105673.673176,0.04086867555699367,-0.0721787603574896,-0.02196393238247219,0.03195924021918874,310728604854953.44,1378660822671796.0,1389062936218378.8,1334599870259243.8,95346.06512887486,-30073105673.673176,1.0,680.2210617388126,4.091039649309248e-08,4.091039649309248e-08,0.050817737864462975,28936.010606964603,680.2210617388126
2140.0,3151.889601499,10741132712.434973,495.99708612055537,9.033090709962034e-05,2.832937519818194,0.232827738656108,2701397124999559.5,0.4327918359709127,0.4327918359709127,3155357665329.306,1.4536886306093386,131441.49881014094,130478.49250208274,126334.87017677572,963.0063080582092,4143.622325307025,1.218741210740554,0.007326501270722816,0.007326501270722816,0.0073265012707228174,0.03175712905512671,4143.622325307025,-83083378.22354986,-0.007735066724142093,-2.8407636843173236,1.090103053885675,0.0,0.0,45802780748385.53,-458.24039551511805,0.47285597040935856,1.0,44507197306331.15,10343778557765.262,1041037113528649.6,-30513019737.918102,0.041547856010565126,-0.07626461450553926,-0.020171110689628787,0.03175712905512671,315942493248341.5,1401486804083322.2,1411830582641087.5,1356979606776991.0,96920.60804010405,-30513019737.918102,1.0,680.671426218017,3.989910860138673e-08,3.989910860138673e-08,0.05080337344923702,29414.26213667167,680.671426218017
2141.0,3186.8069167651656,10743709802.635323,495.4418803550526,8.981537486997669e-05,2.8331067064444437,0.23283005994270597,2747199905747945.0,0.4322147731912954,0.4322147731912954,3124844645591.388,1.437489597687631,133560.04270320313,132603.20162416436,128420.3798062633,956.8410790387678,4182.821817901068,1.2198916102415382,0.00716412678277633,0.00716412678277633,0.00716412678277633,0.031543897633455255,4182.821817901068,-82388588.84948398,-0.0076685419061928595,-2.8788790632247347,1.0878325568340297,0.0,0.0,46518272567128.44,-458.52535824283245,0.4715612594749158,1.0,44939023767660.61,10280022880432.969,1058473030240779.2,-30929841212.169178,0.04220067215013992,-0.08032548158211175,-0.018373817937640233,0.031543897633455255,321238263141922.94,1424650317150362.8,1434930340030795.8,1379711293382702.2,98520.25507810594,-30929841212.169178,1.0,680.9366447304362,3.891383058346512e-08,3.891383058346512e-08,0.05078960350673811,29900.124728157352,680.9366447304362
2142.0,3222.0578455056075,10746207994.289194,494.8872960723763,8.930694079115376e-05,2.8331521651987877,0.23283224442515837,2793718178315073.5,0.43164378355232214,0.43164378355232214,3093914804379.219,1.4210943552523647,135709.9025051333,134759.71085672945,130539.15289525065,950.1916484038614,4220.5579614788,1.2208256976155185,0.007001638280359976,0.007001638280359976,0.007001638280359976,0.031319137853938486,4220.5579614788,-81700377.22948411,-0.007602716909341578,-2.9146539568094054,1.0855667888369847,0.0,0.0,47245461498757.81,-458.85472578702803,0.47017515589682624,1.0,45354993706004.39,10210957088184.402,1076183609080416.8,-31321477651.251865,0.04282436326762337,-0.08435737273050065,-0.016573303258462756,0.031319137853938486,326617279330265.25,1448155882116686.2,1458366839204870.5,1402800888410682.0,100145.42894129053,-31321477651.251865,1.0,681.0079239040142,3.795385292032958e-08,3.795385292032958e-08,0.05077649456842748,30393.723953960118,681.0079239040142
2143.0,3257.6449879584957,10748629685.261074,494.3333325767621,8.880548389085045e-05,2.8330672374711154,0.2328343278289633,2840963639813831.5,0.43107880313887204,0.43107880313887204,3062593326727.9673,1.404515056073869,137891.50966380502,136948.4391502716,132691.76197289568,943.0705135334409,4256.677177375893,1.2215312690950262,0.006839221035673282,0.006839221035673282,0.006839221035673282,0.031082334371880654,4256.677177375893,-81018692.10281119,-0.007537583345522366,-2.9478628380243963,1.0833057400447326,0.0,0.0,47984669854071.0,-459.23009999303525,0.46869354918261685,1.0,45753446669315.84,10136715717059.95,1094173577896008.8,-31685486008.86698,0.04341608441591748,-0.08835598590404042,-0.014770911946649546,0.031082334371880654,332081033835454.2,1472008058400779.0,1482144774117838.8,1426254611731463.0,101796.56476549571,-31685486008.86698,1.0,680.8747635641371,3.701848645998054e-08,3.701848645998054e-08,0.05076236889443431,30895.197207399957,680.8747635641371
2144.0,3293.5709589022836,10750977201.612137,493.7799891732432,8.831088568556846e-05,2.8328539883469843,0.2328363394627367,2888948309667902.5,0.4305197687084816,0.4305197687084816,3030907840719.1,1.387765015927757,140105.30301621667,139169.81056847185,134878.6464577746,935.4924477448163,4291.164110697249,1.2220115594571341,0.006677066660614098,0.0066770666606141,0.0066770666606141,0.030834015604167164,4291.164110697249,-80343483.79250477,-0.007473133119513737,-2.9784804710236,1.0810494006279825,0.0,0.0,48735848571980.31,-459.64942749976495,0.46712005009874846,1.0,46134207522482.34,10057457977984.854,1112446573513067.6,-32021575639.421703,0.04397272347073021,-0.0923166434546365,-0.012968102736138621,0.030834015604167164,337630679538770.56,1496211460574320.8,1506268918552305.5,1450077253051838.2,103473.99614485774,-32021575639.421703,1.0,680.5405196087339,3.610710144346538e-08,3.610710144346538e-08,0.05074656026636215,31404.650312916856,680.5405196087339
2145.0,3329.838387688201,10753252799.684988,493.2272651676459,8.782303012102354e-05,2.832517992152876,0.23283828443828358,2937684158239883.0,0.42996661768426553,0.42996661768426553,2998886265079.678,1.3708588234782169,142351.72340051527,141424.24877988396,137100.185810827,927.4746206313105,4324.062969056934,1.2222761078986506,0.006515373319519315,0.006515373319519316,0.006515373319519314,0.03057511711295711,4324.062969056934,-79674703.10922936,-0.007409358321006217,-3.0065665860018314,1.0787977607779156,0.0,0.0,49498770256134.625,-460.1092287801554,0.4654613198817945,1.0,46497742228025.66,9973369060940.412,1131005770827484.5,-32330370558.36353,0.044492374212928607,-0.09623473957644228,-0.01116633449286397,0.03057511711295711,343267186080122.94,1520770699135633.5,1530744068196573.8,1474272956907607.5,105178.01375046415,-32330370558.36353,1.0,680.0142163635745,3.5219098842694574e-08,3.5219098842694574e-08,0.05072901608359892,31922.17206036287,680.0142163635745
2146.0,3366.4499182725,10755458668.131905,492.67515986658515,8.734180351416988e-05,2.8320648232152705,0.23284016786740902,2987182928496017.5,0.4294192881479119,0.4294192881479119,2966555894521.3145,1.3538118041786498,144631.2110986638,143712.17523870888,139356.75295155315,919.035859954925,4355.4222871557395,1.222334579900882,0.006354339792729674,0.006354339792729674,0.006354339792729673,0.030306564352820444,4355.4222871557395,-79012302.23633665,-0.007346251301252981,-3.0321851041261545,1.0765508107061432,0.0,0.0,50273214013770.56,-460.60606177093416,0.4637239859555763,1.0,46844564391764.086,9884652206276.256,1149854289632126.5,-32612541561.55409,0.04497437354004351,-0.100105923972477,-0.009367018559557096,0.030306564352820444,348991506863372.3,1545690360887262.8,1555575013093539.0,1498845796495498.8,106908.90320085647,-32612541561.55409,1.0,679.3050187759571,3.4353895240746696e-08,3.4353895240746696e-08,0.050709703556563124,32447.84975069668,679.3050187759571
2147.0,3403.408209248297,10757596929.88784,492.1236725774619,8.686709449679005e-05,2.831500055860649,0.2328419948619181,3037456142509788.0,0.42887771883275144,0.42887771883275144,2933943352959.7603,1.3366394722145973,146944.2059746104,146034.01007997472,141648.71538352492,910.1958946356792,4385.294696449806,1.2221967504330014,0.0061941598077909,0.0061941598077909004,0.0061941598077909004,0.030029269853291185,4385.294696449806,-78356234.3551929,-0.007283804632751736,-3.0554040810321443,1.0743085406446642,0.0,0.0,51058967629108.19,-461.1365381476617,0.46191461877613027,1.0,47175232763181.86,9791520561729.299,1168995203852277.2,-32868805561.678173,0.04541877617599441,-0.10392610420394865,-0.007571516807509893,0.030029269853291185,354804581880087.06,1570975018495546.0,1580766539057275.2,1523799785732364.2,108666.94592399691,-32868805561.678173,1.0,678.4222077595635,3.351092183246723e-08,3.351092183246723e-08,0.05068860509150608,32981.769459528005,678.4222077595635
2148.0,3440.7159338771953,10759669644.089487,491.5728026084596,8.639879396060287e-05,2.830829264415493,0.2328437705336157,3088515110138896.0,0.42834184911689904,0.42834184911689904,2901074547398.082,1.319357216892272,149291.14764366308,148390.17274367064,143976.43604753522,900.9748999924537,4413.7366961354255,1.2218724878402392,0.0060350189158097575,0.006035018915809757,0.006035018915809756,0.029744130723263727,4413.7366961354255,-77706453.30213773,-0.0072220110721357995,-3.0762956545743325,1.0720709408458229,0.0,0.0,51855828842551.19,-461.6973355385649,0.46003971236640195,1.0,47490348746412.164,9694192281535.365,1188431548548415.2,-33099924970.767845,0.045826063363359856,-0.10769144783915258,-0.005781139742958336,0.029744130723263727,360707339856440.8,1596629237151268.2,1606323429432803.2,1549138888404856.0,110452.41981023512,-33099924970.767845,1.0,677.3751565875341,3.268962357231451e-08,3.268962357231451e-08,0.05066571537973674,33524.016237300086,677.3751565875341
2149.0,3478.375780120476,10761678807.941622,491.0225492685428,8.593679500384444e-05,2.830058023206283,0.23284549999430706,3140370938981447.0,0.4278116190164683,0.4278116190164683,2867974622427.314,1.3019801190577809,151672.4756599587,150781.0824478972,146340.2740212205,891.3932120614847,4440.808426676691,1.2213717384450782,0.005877092782872081,0.00587709278287208,0.005877092782872082,0.029452026438470648,4440.808426676691,-77062913.32344751,-0.00716086353242383,-3.094935996812252,1.0698380015822657,0.0,0.0,52663606121453.25,-462.2852083502611,0.4581056666484873,1.0,47790553935495.12,9592887439785.092,1208166325662940.8,-33306707128.83009,0.04619698115731784,-0.11139838441691348,-0.003997144665122324,0.029452026438470648,366700700019597.9,1622657579618033.8,1632250467057819.0,1574867025682538.5,112265.59974744552,-33306707128.83009,1.0,676.1733083900441,3.1889458494181536e-08,3.1889458494181536e-08,0.05064103943386522,34074.674273774996,676.1733083900441
2150.0,3516.3904506700856,10763626358.532,490.4729118674539,8.548099287927806e-05,2.8291919065594997,0.23284718835579707,3193034545102900.0,0.4272869691788571,0.4272869691788571,2834667915298.484,1.2845228397103046,154088.6297145854,153207.15857776985,148740.58513056202,881.4711368155475,4466.573447207852,1.220704511886163,0.005720546275531651,0.005720546275531652,0.005720546275531653,0.029153816888657747,4466.573447207852,-76425568.89166425,-0.007100355061199614,-3.1114052703499886,1.0676097131468998,0.0,0.0,53482119136330.25,-462.8969971858871,0.4561187715028385,1.0,48076527688685.57,9487825962512.994,1228202509048169.8,-33490003780.01452,0.046532450518184706,-0.11504360723911736,-0.002220733872968124,0.029153816888657747,372785573646620.2,1649064610383475.5,1658552436345988.5,1600988082694790.0,114106.75808851457,-33490003780.01452,1.0,674.8261548043985,3.1109897149929096e-08,3.1109897149929096e-08,0.050614591155812905,34633.827042047444,674.8261548043985
2151.0,3554.762662979177,10765514174.59598,489.9238897157121,8.503128494359069e-05,2.8282364888016254,0.23284884072989087,3246516664239230.0,0.4267678408761034,0.4267678408761034,2801177911518.469,1.266999548766313,156540.04984002616,155668.82102701673,151177.7225088561,871.228813009414,4491.098518160631,1.2198808672163142,0.005565532998742199,0.0055655329987422,0.005565532998742199,0.02885034066893324,4491.098518160631,-75794374.56250694,-0.00704047882277313,-3.125787589229877,1.0653860658528505,0.0,0.0,54311199060604.06,-463.52963687100953,0.45408519250544266,1.0,48348984756765.27,9379226135769.277,1248543049067701.0,-33650710598.63044,0.04683351719381263,-0.11862407500676471,-0.0004530529177152276,0.02885034066893324,378962865484527.1,1675854899308993.2,1685234125444762.8,1627505914552228.0,115976.16507848383,-33650710598.63044,1.0,673.343215817719,3.035042213459827e-08,3.035042213459827e-08,0.050586392209723385,35201.55743037227,673.343215817719
2152.0,3593.4951492924206,10767344078.232141,489.3754821246115,8.458757060813519e-05,2.8271973442591394,0.23285046222839348,3300827863299834.0,0.42625417599831195,0.42625417599831195,2767527200919.839,1.2494238762155112,159027.17661833196,158166.49051261175,153652.0371221738,860.6861057202178,4514.453390437985,1.218910899777851,0.005412195097859782,0.005412195097859782,0.005412195097859781,0.02854241360358195,4514.453390437985,-75169284.86052017,-0.0069812280832082406,-3.138170984634489,1.063167050033419,0.0,0.0,55150688758792.69,-464.18016312919553,0.4520109582996409,1.0,48608672979987.45,9267303443643.27,1269190876926967.0,-33789766767.884094,0.047101323667797575,-0.12213701331404152,0.0013048111019802635,0.02854241360358195,385233475088776.1,1703033024995730.2,1712300328439373.5,1654424352015743.0,117874.08925594135,-33789766767.884094,1.0,671.7340208347217,2.9610527678171378e-08,2.9610527678171378e-08,0.05055647107556638,35777.94786623244,671.7340208347217
2153.0,3632.5906566759168,10769117836.570024,488.8276884062196,8.41497512909781e-05,2.8260800472585235,0.23285205796310993,3355978552058626.5,0.42574591704714904,0.42574591704714904,2733737434151.9546,1.2318088758185657,161550.45139136328,160700.58887349087,156163.87827109089,849.8625178724153,4536.710602399981,1.2178047288704292,0.005260663220392897,0.005260663220392897,0.005260663220392897,0.028230827492308937,4536.710602399981,-74550254.18650326,-0.006922596197558889,-3.1486473756877054,1.0609526560420408,0.0,0.0,56000442898508.94,-464.8457179666619,0.44990194955885954,1.0,48856371067661.98,9152269599852.139,1290148908812783.5,-33908154614.587868,0.04733709336024622,-0.12557991601508167,0.0030518312053515826,0.028230827492308937,391598298104371.6,1730603577984817.0,1739755847584669.0,1681747206917155.0,119800.79783616679,-33908154614.587868,1.0,670.0080909959031,2.8889719290410393e-08,2.8889719290410393e-08,0.05052486221601504,36363.0804349241,670.0080909959031
2154.0,3672.0519470467943,10770837163.391218,488.2805078733757,8.371773037021508e-05,2.824890172126259,0.23285363304584528,3411978994957135.5,0.42524300712940677,0.42524300712940677,2699829279537.3667,1.2141669958760066,164110.31647196398,163271.539359235,158713.59407337703,838.7771127289847,4557.94528585797,1.2165724862236875,0.005111056579263123,0.005111056579263123,0.005111056579263123,0.027916349069444613,4557.94528585797,-73937236.7424412,-0.006864576598905886,-3.1573125456726703,1.058742874252244,0.0,0.0,56860328005386.25,-465.52355383708056,0.4477638894932727,1.0,49092886473622.83,9034331697583.334,1311420049879817.8,-34006899303.372528,0.0475421216488567,-0.12895054647834422,0.0047870421586790855,0.027916349069444613,398058227501099.9,1758571163854540.2,1767605495552123.5,1709478277380917.5,121756.55707962764,-34006899303.372528,1.0,668.1749227646476,2.8187513449124163e-08,2.8187513449124163e-08,0.050491605319802124,36957.036993749374,668.1749227646476
2155.0,3711.8817972024904,10772503720.704908,487.7339398396905,8.329141313851633e-05,2.823633293188826,0.2328551925884045,3468839322962522.0,0.4247453899506344,0.4247453899506344,2665822380233.994,1.196510054022113,166707.2153552062,165879.76691170875,161301.53192951143,827.4484434974341,4578.234982197322,1.215224305284342,0.004963483084606591,0.004963483084606591,0.004963483084606591,0.027599719166678933,4578.234982197322,-73330186.47113912,-0.0068071627889250514,-3.1642661240071814,1.056537695057606,0.0,0.0,57730222471098.94,-466.2110366651748,0.445602335849119,1.0,49319053379982.02,8913691436267.594,1333007198098712.2,-34087068594.167862,0.047717770704316265,-0.1322469387438283,0.006509542071752163,0.027599719166678933,404614154767351.2,1786940406246045.5,1795854097682313.2,1737621352866063.5,123741.63264726037,-34087068594.167862,1.0,666.2439727954533,2.7503437324512297e-08,2.7503437324512297e-08,0.050456744601681036,37559.89928225106,666.2439727954533
2156.0,3752.082998849638,10774119120.27905,487.1879836195435,8.287070675886622e-05,2.8223149847727065,0.23285674170259274,3526569545433621.0,0.42425300980883657,0.42425300980883657,2631735311639.826,1.1788492143393334,169341.59292899322,168525.69844103407,163928.03897136316,815.8944879591498,4597.659469670913,1.2137703113248377,0.004818039525004723,0.004818039525004724,0.004818039525004724,0.02728165206969666,4597.659469670913,-72729057.00859085,-0.006750348329795259,-3.1696115743366726,1.0543371088717133,0.0,0.0,58610016519817.75,-466.9056478123108,0.4434226743449806,1.0,49535730800713.42,8790544402850.962,1354913247968033.2,-34149772666.91853,0.04786546647775144,-0.13546739859868695,0.008218493965268012,0.02728165206969666,411266971063179.9,1815715949831926.5,1824506494234777.5,1766180219031213.2,125756.28994279589,-34149772666.91853,1.0,664.2246440895843,2.68370285336925e-08,2.68370285336925e-08,0.05042032814829378,38171.74902856727,664.2246440895843
2157.0,3792.658358632683,10775684925.128279,486.6426385280834,8.245552022146237e-05,2.8209408212043807,0.23285828550021498,3585179561953439.0,0.4237658115882388,0.4237658115882388,2597585538972.9077,1.1611949658309584,172013.895683395,171209.7630963879,166593.46249355975,804.1325870070995,4616.300602828147,1.2122206123783008,0.004674811786642914,0.004674811786642914,0.004674811786642913,0.02696283505882346,4616.300602828147,-72133801.64758489,-0.006694126837299502,-3.1734561891230344,1.052141106128119,0.0,0.0,59499612135885.56,-467.60498506956736,0.44123011348526164,1.0,49743800815755.85,8665079395616.806,1377141094085545.8,-34196164017.688118,0.047986696922212656,-0.13861050458717109,0.009913127312969273,0.02696283505882346,418017568331229.5,1844902463232531.0,1853567542628147.8,1795158662416775.2,127800.79444176506,-34196164017.688118,1.0,662.1262734390223,2.618783492051155e-08,2.618783492051155e-08,0.05038240730398447,38792.668051794695,662.1262734390223
2158.0,3833.61069816206,10777202650.959616,486.0979038812257,8.204576430174023e-05,2.8195163768103297,0.23285982909307631,3644679174089324.5,0.4232837407531174,0.4232837407531174,2563389374955.2197,1.143557101699792,174724.5719181254,173932.3925316081,169298.15036663832,792.1793865173178,4634.242164969764,1.210585291002416,0.004533875103088116,0.004533875103088116,0.004533875103088116,0.026643928123552953,4634.242164969764,-71544373.31133206,-0.00663849197499888,-3.17591109112562,1.0499496772803019,0.0,0.0,60398922954156.25,-468.30676276413453,0.4390296806879068,1.0,49944166945500.98,8537477784409.999,1399693634570805.5,-34227437430.491077,0.04808301094243413,-0.1416751089712325,0.011592739562499826,0.026643928123552953,424866840363088.75,1874504641879395.2,1883042119663805.2,1824560474933894.2,129875.41200648899,-34227437430.491077,1.0,659.9581201546652,2.5555414356473706e-08,2.5555414356473706e-08,0.05034303609344537,39422.738360149335,659.9581201546652
2159.0,3874.9428540421286,10778673767.577122,485.55377899565286,8.164135151949057e-05,2.8180472259170344,0.23286137759298167,3705078097043481.0,0.4228067433416953,0.4228067433416953,2529161937524.7285,1.1259446991067013,177474.0719476109,176694.02116533282,172042.45143088466,780.0507822781011,4651.569734448168,1.2088743968728453,0.004395294330702947,0.004395294330702947,0.004395294330702947,0.026325563840644547,4651.569734448168,-70960724.5360731,-0.006583437449375924,-3.1770912421881654,1.047762812801624,0.0,0.0,61307874113836.875,-469.0088110646623,0.43682621965901547,1.0,50137752674752.14,8407912904318.981,1422573774329552.5,-34244830029.37259,0.04815601779552399,-0.14466033865853878,0.013256697639143127,0.026325563840644547,431815683818185.0,1904527210822489.5,1912935123726808.5,1854389458147737.5,131980.40918621523,-34244830029.37259,1.0,657.7293560702466,2.493933455918531e-08,2.493933455918531e-08,0.05030227067909987,40062.04224466944,657.7293560702466
2160.0,3916.657677898642,10780099700.246483,485.0102631888123,8.12421960990384e-05,2.8165389428509764,0.23286293611173622,3766385971157318.0,0.4223347659601014,0.4223347659601014,2494917107495.356,1.1083660992070705,180262.84830310178,179495.08643523662,174826.71586966928,767.761867865174,4668.37056556736,1.2070979402050512,0.0042591242460244825,0.0042591242460244825,0.0042591242460244825,0.026008347405385657,4668.37056556736,-70382807.46174447,-0.0065289570058554465,-3.177115459763242,1.04558050318529,0.0,0.0,62226402076358.5,-469.7090745664749,0.4346243889508462,1.0,50325500134512.2,8276549481634.043,1445784428149608.5,-34249621415.44219,0.048207386791842284,-0.14756559611510173,0.014904439436800181,0.026008347405385657,438864999192090.25,1934974927476210.8,1943251476957844.8,1884649427341698.8,134116.05350148582,-34249621415.44219,1.0,655.4490568094712,2.4339172925213508e-08,2.4339172925213508e-08,0.05026016885213136,40710.66236818346,655.4490568094712
2161.0,3958.7580364059577,10781481831.020607,484.467355778916,8.084821393045241e-05,2.8149971019386357,0.23286450976114498,3828612373233676.5,0.42186775577639374,0.42186775577639374,2460667486079.9136,1.0908288873309258,183091.35593130987,182336.02904586776,177651.29556109064,755.3268854421043,4684.733484777145,1.2052658860017602,0.004125409862197314,0.0041254098621973136,0.0041254098621973136,0.025692856805599684,4684.733484777145,-69810573.82986099,-0.006475044425618859,-3.1761064416237947,1.043402738944306,0.0,0.0,63154454407761.75,-470.4056102396598,0.43242866162695803,1.0,50508368949298.65,8143543091875.431,1469328523618041.0,-34243133893.754456,0.04823884721555021,-0.15039056028019587,0.016535475300764515,0.025692856805599684,446015691731129.5,1965852584298469.0,1973996127390344.2,1915344215349170.5,136282.613711825,-34243133893.754456,1.0,653.126194300351,2.375451637462018e-08,2.375451637462018e-08,0.05021678955598352,41368.68184926564,653.126194300351
2162.0,4001.246811313832,10782821500.02724,483.9250560849397,8.045932253175565e-05,2.8134272775064946,0.2328661036530129,3891766827641438.0,0.4214056605146461,0.4214056605146461,2426424352186.159,1.0733398732088415,185960.0523890547,185217.29320953836,180516.54440673505,742.7591795163581,4700.7488028033,1.2033881491219358,0.003994186762017042,0.003994186762017043,0.0039941867620170435,0.025379643128059817,4700.7488028033,-69243974.98784874,-0.006421693523135277,-3.1741907992302454,1.0412295106114366,0.0,0.0,64091989526047.81,-471.09658481230565,0.43024332597344317,1.0,50687335257094.74,8009039650231.579,1493209003849373.2,-34226732795.12854,0.04825218842332051,-0.15313518750174143,0.01814938950705962,0.025379643128059817,453268672290191.56,1997165011396659.8,2005174051046891.2,1946477676139564.8,138480.3600658326,-34226732795.12854,1.0,650.7696305177233,2.318496120485068e-08,2.318496120485068e-08,0.0501721924415135,42036.18434090247,650.7696305177233
2163.0,4044.1268994738693,10784120006.719593,483.38336342662143,8.007544101210846e-05,2.8118350438810324,0.23286772289914515,3955858817167486.0,0.4209484284490959,0.4209484284490959,2392197619391.031,1.055905071164745,188869.39803342446,188139.32687971243,183422.81863640295,730.071153712025,4716.508243309464,1.2014745901658705,0.0038654814454527116,0.003865481445452712,0.003865481445452711,0.025069230987123606,4716.508243309464,-68682961.89911197,-0.006368898144337745,-3.1714991002403705,1.0390608087391666,0.0,0.0,65038976414003.875,-471.7802716654688,0.42807248717593105,1.0,50863390908531.48,7873174935074.704,1517428830014980.0,-34201826898.195366,0.0482492601014249,-0.15579971251085206,0.019745841743320516,0.025069230987123606,460624858130752.5,2028917079054264.2,2036790253989338.8,1978053688145732.5,140709.56453280093,-34201826898.195366,1.0,648.3881124323351,2.263011295190728e-08,2.263011295190728e-08,0.050126437452797656,42713.25410360204,648.3881124323351
2164.0,4087.401212865608,10785378611.090954,482.84227712446096,7.969649003593581e-05,2.8102259753887315,0.2328693726113467,4020897793581490.0,0.4204960083983543,0.4204960083983543,2357995792492.8354,1.038529680206021,191819.85620696828,191102.58197632723,186370.47708767827,717.2742306410341,4732.104888648942,1.1995350121700212,0.003739311689750801,0.003739311689750801,0.0037393116897508007,0.024762119065639465,4732.104888648942,-68127485.1581783,-0.006316652165378841,-3.1681659206697925,1.036896623899657,0.0,0.0,65995394298047.0,-472.4550472989654,0.4259200699119524,1.0,51037542851473.234,7736074145442.529,1541990983664066.0,-34169868957.17926,0.04823197267356921,-0.15838464945479824,0.021324568596425484,0.024762119065639465,468085173656196.0,2061113700171735.2,2068849774317178.0,2010076157320262.0,142970.50101499326,-34169868957.17926,1.0,645.9902681428297,2.208958625712257e-08,2.208958625712257e-08,0.050079584442561,43399.976072685,645.9902681428297
2165.0,4131.072678622255,10786598534.854261,482.301796499719,7.932239178797242e-05,2.808605646356072,0.2328710579014226,4086893187879537.0,0.42004834971967725,0.42004834971967725,2323825923535.6562,1.0212180639452135,194811.8934174533,194107.5146024812,189359.8814592468,704.3788149720939,4747.6331432344095,1.1975791581043191,0.0036156869204218107,0.003615686920421811,0.003615686920421811,0.02445878075847416,4747.6331432344095,-67577495.01030415,-0.006264949491903677,-3.164329907231086,1.0347369466847065,0.0,0.0,66961232293649.75,-473.1193874408975,0.4237898217668463,1.0,51210812706837.81,7597851493560.369,1566898468826884.5,-34132356341.134354,0.048202297858715194,-0.16089079300821618,0.022885385052317145,0.02445878075847416,475650551081603.5,2093759832615326.0,2101357684108886.2,2042549019908488.0,145263.44553974402,-34132356341.134354,1.0,643.5846041652651,2.1563004737966524e-08,2.1563004737966524e-08,0.05003169281607267,44096.43591950278,643.5846041652651
2166.0,4175.144239056016,10787780962.587553,481.7619208744158,7.895306993919917e-05,2.806979631109535,0.23287278388117788,4153854420173187.0,0.41960540230329624,0.41960540230329624,2289693567194.522,1.0039737302884622,197845.97951173174,197154.5852519173,192391.39653688425,691.394259814433,4763.188715033054,1.1956167091640864,0.003494608591596046,0.003494608591596046,0.0034946085915960458,0.02415966490937462,4763.188715033054,-67032941.37497953,-0.006213784058783952,-3.160133850402352,1.0325817677057083,0.0,0.0,67936489017906.5,-473.77186284825314,0.4216853174300015,1.0,51384236541245.445,7458609833668.452,1592154313891007.5,-34090831790.598995,0.048162269382065505,-0.16331921958299886,0.02442818601369439,0.02415966490937462,483321931035225.2,2126860481467478.2,2134319091301146.8,2075476244926232.8,147588.67643055238,-34090831790.598995,1.0,641.1795038536434,2.1050000861705785e-08,2.1050000861705785e-08,0.04998282120230435,44802.72010633184,641.1795038536434
2167.0,4219.61885168309,10788927042.846209,481.22264957133126,7.858844961364586e-05,2.8053535039756023,0.23287455566241763,4221790909191093.5,0.4191671165668097,0.4191671165668097,2255602735403.923,0.9867993108249011,200922.58784328305,200244.25900672885,195465.3903910463,678.3288365542024,4778.868615682561,1.1936572838481525,0.003376070574420881,0.0033760705744208808,0.0033760705744208808,0.023865196632288845,4778.868615682561,-66493773.87280692,-0.006163149830260166,-3.155724768798533,1.0304310775936114,0.0,0.0,68921172169774.5,-474.4111348558447,0.41960996359613656,1.0,51558864841946.6,7318440328642.04,1617761573241567.0,-34046884297.87009,0.04811398384472197,-0.16567128865794503,0.02595294784150863,0.023865196632288845,491100263088883.8,2160420701172397.5,2167739141501039.5,2108861836330450.8,149946.47445635038,-34046884297.87009,1.0,638.7832269240854,2.055021582083035e-08,2.055021582083035e-08,0.049933027150936615,45518.915934695906,638.7832269240854
2168.0,4264.499489248251,10790037889.242903,480.68398191400263,7.82284573560356e-05,2.8037328392807535,0.23287637835694686,4290712081360868.0,0.4187334434496325,0.4187334434496325,2221555851106.0527,0.9696965398493227,204042.19543300458,203377.00572469766,198582.23454497632,665.1897083069057,4794.771179721335,1.1917104378145156,0.003260059552365062,0.003260059552365062,0.003260059552365063,0.023575778208731236,4794.771179721335,-65959941.85527649,-0.006113040800443811,-3.1512540054439886,1.0282848669988789,0.0,0.0,69915298078440.31,-475.0359507186896,0.41756700451512774,1.0,51735762699443.09,7177422156165.947,1643723328656288.2,-34002150117.3691,0.04805960175896938,-0.1679486442499107,0.02745972992646009,0.023575778208731236,498986506214527.1,2194445597570258.5,2201623019726424.8,2142709834870815.5,152337.12295811245,-34002150117.3691,1.0,636.4039100549493,2.0063299409402584e-08,2.0063299409402584e-08,0.04988236685381753,46245.111586863866,636.4039100549493
2169.0,4309.78913974911,10791114581.49611,480.14591722672526,7.787302110024708e-05,2.802123211351471,0.2328782570765706,4360627379439308.5,0.4183043344075042,0.4183043344075042,2187553700988.6836,0.9526662329478445,207205.28312284205,206553.30021566115,201742.30411222667,651.9829071809219,4810.9961034344715,1.189785664504755,0.00314655542250046,0.0031465554225004605,0.0031465554225004605,0.02329179005327602,4810.9961034344715,-65431394.43699898,-0.006063450994135157,-3.1468773365711042,1.0261431265914465,0.0,0.0,70918891220169.62,-475.6451387898067,0.415559528132596,1.0,51916010203292.695,7035622256566.271,1670042690445971.5,-33958313912.85209,0.0480013487571054,-0.17015321654891397,0.028948676296963165,0.02329179005327602,506981629164100.5,2228940329813364.8,2235975952069931.0,2177024319610072.0,154760.90795195987,-33958313912.85209,1.0,634.0495685352035,1.9588909899635505e-08,1.9588909899635505e-08,0.04983089488922943,46981.396160266806,634.0495685352035
2170.0,4355.490806459924,10792158166.448055,479.6084548345502,7.752207013857197e-05,2.8005301945142347,0.23288019693309392,4431546270659478.0,0.41787974140705547,0.41787974140705547,2153595387075.8315,0.9357082650733544,210412.33572185325,209773.6224062669,204945.97790243212,638.7133155863418,4827.644503834793,1.1878923965284387,0.0030355317020512767,0.0030355317020512767,0.0030355317020512762,0.02301359173979049,4827.644503834793,-64908080.530000724,-0.006014374467916406,-3.142755093597327,1.0240058470606836,0.0,0.0,71931983703827.06,-476.2376035702883,0.41359047276731753,1.0,52100703056768.73,6893095124824.252,1696722798330640.8,-33917110048.512615,0.04794151698245028,-0.1722872237403862,0.03042001727033518,0.02301359173979049,515086610769774.9,2263910112157184.0,2270803207282008.5,2211809409100415.5,157218.11820786822,-33917110048.512615,1.0,631.7280989337386,1.912671391815803e-08,1.912671391815803e-08,0.04977866398743025,47727.85969456391,631.7280989337386
2171.0,4401.607507955091,10793169659.052917,479.07159406328435,7.717553509174484e-05,2.798959363095526,0.23288220303832186,4503478254363305.0,0.417459616920431,0.417459616920431,2119678277027.3188,0.9188215480342276,213663.84214431688,213038.4574924456,208193.6384941172,625.3846518712717,4844.818998328394,1.1860400077990274,0.002926955939736694,0.002926955939736694,0.002926955939736694,0.022741523081578792,4844.818998328394,-64389948.87972197,-0.00596580531148364,-3.1390522989641125,1.021873019115352,0.0,0.0,72954614725092.88,-476.8123206637672,0.41166263427516014,1.0,52290953416361.164,6749882649814.381,1723766822041114.0,-33880324031.359768,0.04788246667175085,-0.1743531740385451,0.03187407115426055,0.022741523081578792,523302440161423.4,2299360215618898.5,2306110098268713.0,2247069262202537.2,159709.0453030432,-33880324031.359768,1.0,629.4472827631208,1.8676386321554253e-08,1.8676386321554253e-08,0.04972686366016443,48484.59319107398,629.4472827631208
2172.0,4448.142278132188,10794150043.336111,478.5353342394897,7.683334787972423e-05,2.7974079514670005,0.23288427607399656,4576432869088398.0,0.4170439139199695,0.4170439139199695,2085797952995.959,0.9020040073162948,216960.29553948963,216348.2960788639,211485.82401201074,611.9994606257322,4862.472066853172,1.1842236030869413,0.0028207901316872072,0.002820790131687207,0.002820790131687207,0.022475203895669645,4862.472066853172,-63876946.828703366,-0.005917737531186025,-3.135696889449135,1.0197446334835651,0.0,0.0,73987201315299.75,-477.3705988539467,0.4097733103239657,1.0,52486253071143.8,6606014004434.924,1751179228200079.5,-33847182715.13629,0.047826627938725205,-0.1763538679556931,0.03331124600589452,0.022475203895669645,531630488224139.6,2335295969495362.5,2341901983499797.5,2282809716424219.0,162234.10098706099,-33847182715.13629,1.0,627.202746536595,1.823759651709575e-08,1.823759651709575e-08,0.04968847406759758,49251.72302494976,627.202746536595
2173.0,4495.098166234717,10795100273.32546,477.9996746904813,7.649544169320373e-05,2.7957772345570744,0.23288636498664056,4650420070403698.0,0.41663258587293955,0.41663258587293955,2051950770280.8228,0.885252558154319,220302.1986898291,219703.63956742812,214824.83587933297,598.5591224009579,4878.803688095163,1.1822750400459638,0.002716991141988962,0.0027169911419889616,0.002716991141988962,0.02220629434132717,4878.803688095163,-63369006.65208944,-0.005870163782422045,-3.1298111848935384,1.0176206809127486,0.0,0.0,75034432213197.81,-477.9394058520643,0.407858858155305,1.0,52667175026857.36,6461505745832.028,1778979205264516.8,-33786625577.50132,0.04777486020000189,-0.1782918707194338,0.03473190540248942,0.02220629434132717,540076439253567.56,2371722819544942.0,2378184325290774.0,2319055644518084.5,164795.06074254346,-33786625577.50132,1.0,624.8521011812818,1.7809872686557176e-08,1.7809872686557176e-08,0.04965355777409819,50029.775136789496,624.8521011812818
2174.0,4542.478236874349,10796021273.955015,477.46461474432806,7.6161750965833e-05,2.7940417411589498,0.2328884560334178,4725454502616896.0,0.4162255867363309,0.4162255867363309,2018164144703.3215,0.8685638002994712,223690.1246827813,223105.059703047,218211.72671596048,585.0649797342876,4893.3329870865155,1.180151720069841,0.0026155154616860172,0.0026155154616860172,0.0026155154616860177,0.021932864246106947,4893.3329870865155,-62866064.22758675,-0.0058230770977868215,-3.120591680363058,1.0155011521695994,0.0,0.0,76097469822044.0,-478.5248549829155,0.40590449006735085,1.0,52828527029131.86,6316373967857.429,1807175523768233.8,-33689974168.526604,0.047708102306723274,-0.18016337051671738,0.036134790926807124,0.021932864246106947,548642920083733.6,2408646970881099.5,2414963344848956.5,2355818443851967.5,167392.73459269435,-33689974168.526604,1.0,622.360098923485,1.7392877464287726e-08,1.7392877464287726e-08,0.04961781992969261,50818.99212326614,622.360098923485
2175.0,4590.285570052857,10796913941.942299,476.9301537298503,7.583221134712875e-05,2.7922073922592765,0.23289055196165895,4801551972438940.0,0.4158228709517005,0.4158228709517005,1984474170534.795,0.8519427454724164,227124.66665514524,226553.1367458298,221646.98496721356,571.5299093154262,4906.151778616228,1.177864633247483,0.002516370932899193,0.002516370932899193,0.002516370932899193,0.021655633857413523,4906.151778616228,-62368060.71795906,-0.005776471041014839,-3.108144166647473,1.0133860380400455,0.0,0.0,77175979649403.0,-479.1244870630076,0.40391569192714305,1.0,52971298539826.555,6170759246124.742,1835772245288686.0,-33558365086.44273,0.04761034000931853,-0.18196290043329982,0.03751820496371213,0.021655633857413523,557331176893296.94,2446074720721810.0,2452245479967935.0,2393103422181983.0,170027.49629756165,-33558365086.44273,1.0,619.7369525707684,1.6986333052111923e-08,1.6986333052111923e-08,0.04958117378607496,51619.48866965189,619.7369525707684
2176.0,4638.523261183621,10797779146.6397,476.39629097662026,7.550675967605694e-05,2.790280108844702,0.2328926555186946,4878727952088343.0,0.4154243934400726,0.4154243934400726,1950915805448.3523,0.8354014159702797,230606.41654235666,230048.4403833614,225131.08568578126,557.976158995255,4917.354697580141,1.1754247627520247,0.002419603787966449,0.0024196037879664492,0.0024196037879664492,0.0213753011730298,4917.354697580141,-61874940.55399875,-0.005730339518312376,-3.092579245992138,1.0112753293292067,0.0,0.0,78269627352553.94,-479.73593672251747,0.40189779996083186,1.0,53096510010161.62,6024903333921.082,1864773319716896.2,-33392987691.704636,0.047473420006871055,-0.1836853772050561,0.03888052658360742,0.0213753011730298,566142422561388.2,2484012252288446.0,2490037155622367.0,2430915742278284.5,172699.7093006129,-33392987691.704636,1.0,616.9928181607037,1.6589970493187996e-08,1.6589970493187996e-08,0.04954357709932866,52431.37638516837,616.9928181607037
2177.0,4687.194421112735,10798617730.860764,475.8630258149602,7.518533395526735e-05,2.788265811901877,0.23289476945185536,4956997579440897.0,0.415030109596893,0.415030109596893,1917522817756.6477,0.8189553468229074,234135.96513481633,233591.53467275522,228664.49580634682,544.4304620611091,4927.038866408384,1.1728430707145028,0.0023252748109314353,0.0023252748109314353,0.002325274810931435,0.021092540332468844,4927.038866408384,-61386650.490398094,-0.00568467668921779,-3.0740122316925405,1.0091690168613543,0.0,0.0,79378091990242.38,-480.3569389276749,0.3998559865618365,1.0,53205209263437.69,5879096440833.811,1894182628898421.2,-33195082990.037933,0.0472935753484557,-0.1853261011972398,0.04022021350223814,0.021092540332468844,575077849934332.1,2522465688096191.5,2528344784537025.0,2469260478832753.5,175409.73077370293,-33195082990.037933,1.0,614.1377759603562,1.620352869294292e-08,1.620352869294292e-08,0.04950501487423686,53254.76503264389,614.1377759603562
2178.0,4736.302176139736,10799430511.68206,475.3303575759424,7.486787332596278e-05,2.7861704224174497,0.2328968965084719,5036375671431139.0,0.4146399752870361,0.4146399752870361,1884327734766.6099,0.8026216383963265,237713.90232119712,237182.98101876338,232247.67743621368,530.921302433738,4935.303582549689,1.1701304850735028,0.002233446581161086,0.002233446581161086,0.002233446581161086,0.020808000478580967,4935.303582549689,-60903138.89699819,-0.0056394768993714515,-3.0525630580601657,1.0070670914798703,0.0,0.0,80501072967472.81,-480.985330065956,0.3977952515264156,1.0,53298468093800.89,5733647712804.889,1924004013861352.2,-32965942628.04845,0.04706950059985636,-0.18688075615758143,0.04153580396213521,0.020808000478580967,584138640110586.8,2561441122065740.0,2567174769778545.0,2508142653971939.0,178157.91414001887,-32965942628.04845,1.0,611.1818130042996,1.5826753698984086e-08,1.5826753698984086e-08,0.04946548956772112,54089.76329619482,611.1818130042996
2179.0,4785.849668037856,10800218281.221334,474.7982855913874,7.455431804338556e-05,2.7839998613780694,0.2328990394358748,5116876744398612.0,0.41425394683986433,0.41425394683986433,1851361792138.5615,0.7864178678870637,241340.81742863805,240823.34005445137,235881.09002933188,517.4773741866924,4942.250025119498,1.1672978874055162,0.002144176769185366,0.002144176769185366,0.002144176769185366,0.02052230495599816,4942.250025119498,-60424355.328406096,-0.005594734639157039,-3.0283561997172384,1.004969544047209,0.0,0.0,81638293482253.62,-481.61904882003165,0.3957204152128021,1.0,53377379071662.2,5588868596809.528,1954241292807090.8,-32706907990.236084,0.04680128529564924,-0.18834540877240166,0.04282591854236981,0.02052230495599816,593325967922114.8,2600944639800867.5,2606533508397677.0,2547567260729205.5,180944.6107404134,-32706907990.236084,1.0,608.1348071688731,1.5459398212145447e-08,1.5459398212145447e-08,0.04942501538125632,54936.479288918505,608.1348071688731
2180.0,4835.840054073991,10800981807.392605,474.2668091938643,7.424460945290418e-05,2.781760049770385,0.23290120098139472,5198515037880866.0,0.4138719810443399,0.4138719810443399,1818654884148.3254,0.7703614767104233,245017.2996099784,244513.1729039271,239565.19192326543,504.1267060513023,4947.980980661671,1.1643561017375292,0.0020575147422397413,0.0020575147422397418,0.0020575147422397418,0.020236050769362055,4947.980980661671,-59950250.251036435,-0.005550444516997908,-3.001520599855611,1.002876365444857,0.0,0.0,82789502028397.38,-482.256136597893,0.39363611334400184,1.0,53443052555451.33,5445063380680.875,1984898273831223.5,-32419369393.554596,0.046489822748304155,-0.18971650805183493,0.04408926190263961,0.020236050769362055,602641005816484.0,2640982332203159.0,2646427395583840.0,2587539279647707.5,183770.1710109986,-32419369393.554596,1.0,605.0065127734315,1.510122123177286e-08,1.510122123177286e-08,0.04938361480582176,55795.02091226684,605.0065127734315
2181.0,4886.276507028152,10801721834.63886,473.7359277166889,7.393868996668383e-05,2.779456908581046,0.23290338389236218,5281304539909263.0,0.413494035144188,0.413494035144188,1786235514754.7708,0.7544694216603569,248743.93825039378,248253.0420924354,243300.44150406143,490.8961579583831,4952.6005883739945,1.161315884340525,0.0019734999832005202,0.00197349998320052,0.0019734999832005194,0.01994980825463531,4952.6005883739945,-59480774.86137371,-0.005506601241167988,-2.9721896074777963,1.0007875465732916,0.0,0.0,83954472814194.06,-482.8947374224652,0.3915467932695381,1.0,53496613913684.64,5302523747959.395,2015978764566574.5,-32104765379.779617,0.046136482157401466,-0.1909908845687451,0.04532462446744451,0.01994980825463531,612084926805120.2,2681560305285379.5,2686862829033339.0,2628063691371695.0,186634.9453752598,-32104765379.779617,1.0,601.8065476930911,1.4751987782066211e-08,1.4751987782066211e-08,0.04934131641849837,56665.49612880163,601.8065476930911
2182.0,4937.162215212525,10802439084.642996,473.20564049392334,7.363650304092522e-05,2.7770963587967024,0.23290559091610788,5365259012723457.0,0.4131200668331104,0.4131200668331104,1754130749374.9912,0.7387579723452101,252521.32337809898,252043.51225063796,247087.29814532908,477.81112746102696,4956.2141053088935,1.1581879144999048,0.001892161505686403,0.001892161505686403,0.0018921615056864034,0.019664120933136017,4956.2141053088935,-59015880.959072575,-0.0054631996067416805,-2.9405009238563315,0.9987030783519446,0.0,0.0,85133005572788.25,-483.5330972598727,0.38945671155058237,1.0,53539200963047.71,5161525598362.334,2047486579958805.5,-31764582108.294476,0.045742926588243374,-0.19216574957528107,0.046530884056064384,0.019664120933136017,621658906845134.0,2722684687766987.0,2727846213365349.5,2669145486803939.5,189539.2849629267,-31764582108.294476,1.0,598.5443819618166,1.4411468689823168e-08,1.4411468689823168e-08,0.04929815338471277,57548.0131824024,598.5443819618166
2183.0,4988.500382490179,10803134257.017614,472.67594686037546,7.333799315365588e-05,2.7746843214040013,0.23290782479996244,5450392018296245.0,0.4127500342500503,0.4127500342500503,1722366167266.6968,0.7232425898052722,256350.04607056445,255885.15069433537,250926.22300224076,464.8953762290707,4958.9276920946295,1.1549827862564397,0.0018135178181364583,0.0018135178181364585,0.0018135178181364585,0.019379505526751956,4958.9276920946295,-58555520.85466713,-0.005420234485804896,-2.906596558575745,0.9966229517191603,0.0,0.0,86324925027752.88,-484.1695628058066,0.38736993275885456,1.0,53571961628540.79,5022327164869.366,2079425548842171.2,-31400352853.279137,0.045311011791815584,-0.19323869402087937,0.047707007464128134,0.019379505526751956,631364126857377.5,2764361637328089.0,2769383964492958.5,2710789675699548.5,192483.54221751858,-31400352853.279137,1.0,595.2293278396784,1.407944039660053e-08,1.407944039660053e-08,0.04925416236796498,58442.68078472219,595.2293278396784
2184.0,5040.294228293294,10803808029.974274,472.14684615159723,7.304310578305903e-05,2.7722267173895934,0.23291008829125648,5536716943323998.0,0.4123838959745061,0.4123838959745061,1690965814413.4177,0.7079378502360868,260230.69885143946,259778.52792464022,254817.6797049489,452.17092679923377,4960.848219691329,1.1517110011092038,0.0017375771912958246,0.0017375771912958248,0.0017375771912958246,0.01909645211759162,4960.848219691329,-58099647.30042344,-0.00537770081986192,-2.8706227955996795,0.994547157632157,0.0,0.0,87530080160015.06,-484.8025797701053,0.38529032939326546,1.0,53596051831384.766,4885167889874.472,2111799519683324.8,-31013657610.127014,0.04484272985798484,-0.19420768749566483,0.04885205200271166,0.01909645211759162,641201774492414.9,2806597346007124.0,2811482513896998.5,2753001294175739.5,195468.07142669614,-31013657610.127014,1.0,591.8705313137147,1.3755684795190657e-08,1.3755684795190657e-08,0.04920938268398056,59349.60827825277,591.8705313137147
2185.0,5092.546987640973,10804461060.972816,471.61833770388483,7.275178738632583e-05,2.7697294677401274,0.23291238413732063,5624247023484013.0,0.41202161102189494,0.41202161102189494,1659952156803.2908,0.6928573938099672,264163.87607546226,263724.21807360946,258762.13497597506,439.65800185280125,4962.083097634389,1.1483829616699863,0.0016643380934008047,0.0016643380934008047,0.0016643380934008045,0.018815424437999075,4962.083097634389,-57648213.43764177,-0.00533559361381522,-2.8327301698559224,0.992475687066987,0.0,0.0,88748343357604.94,-485.43069070951293,0.3832215828252573,1.0,53612633609702.125,4750267761163.705,2144612365696108.2,-30606122816.451225,0.04434017776473026,-0.19507107712350902,0.04996516700109255,0.018815424437999075,651173045706006.2,2849398045011817.0,2854148312772980.5,2795785411402114.5,198493.22919425755,-30606122816.451225,1.0,588.4769649980188,1.3439989084099254e-08,1.3439989084099254e-08,0.049163855609648754,60268.90578171751,588.4769649980188
2186.0,5145.261911156678,10805093987.351286,471.0904208542771,7.246398537901668e-05,2.767198493442252,0.23291471508548545,5712995366841618.0,0.4116631388389652,0.4116631388389652,1629346033986.8396,0.6780138874853415,268150.1742997929,267722.7993093186,262760.05918517354,427.3749904742898,4962.740124145066,1.1450089662570397,0.0015937897172368903,0.0015937897172368903,0.0015937897172368903,0.018536860278422797,4962.740124145066,-57201172.756326154,-0.005293907931137599,-2.79307345486865,0.9904085310184988,0.0,0.0,89979609494027.0,-486.05253246261833,0.38116718518695736,1.0,53622873476186.83,4617826939918.062,2177867989439597.8,-30179421193.431732,0.0438055397861441,-0.1958275864294162,0.05104559527950559,0.018536860278422797,661279146178188.9,2892770009093973.5,2897387836033891.5,2839147135617786.5,201559.37486421355,-30179421193.431732,1.0,585.0574223955025,1.3132145635843754e-08,1.3132145635843754e-08,0.04911762379704032,61200.68432095999,585.0574223955025
2187.0,5198.442265085197,10805707426.937063,470.56309494055506,7.217964811491794e-05,2.764639715482617,0.23291708388308155,5802974976335645.0,0.411308439299257,0.411308439299257,1599166612793.408,0.6634189956193279,272190.1926408471,271774.8542082992,266811.92684988555,415.3384325479315,4962.927358413635,1.141599204414547,0.0015259125559162502,0.00152591255591625,0.00152591255591625,0.01826117200162252,4962.927358413635,-56758479.06458803,-0.005252638889990429,-2.7518116619942457,0.9883456805002968,0.0,0.0,91223794961448.5,-486.6668332422142,0.3791304421164251,1.0,53627941016159.36,4488025585275.582,2211570326962183.5,-29735271713.543243,0.04324107765070641,-0.19647631420638448,0.05209267459847752,0.01826117200162252,671521292595013.0,2936719560573356.0,2941207586158631.5,2883091619557196.5,204666.87090278414,-29735271713.543243,1.0,581.6205134811482,1.283195187613359e-08,1.283195187613359e-08,0.04907073076461144,62145.05594710141,581.6205134811482
2188.0,5252.091331309196,10806301978.63971,470.03635930124096,7.189872486638077e-05,2.762059054847871,0.23291949327743966,5894198771297094.0,0.4109574726986103,0.4109574726986103,1569431341079.8647,0.6490833549253655,276284.53311608784,275880.97009996296,270918.2170846714,403.5630161248894,4962.753015291502,1.1381637533429743,0.0014606790020899295,0.0014606790020899297,0.00146067900208993,0.01798874715241611,4962.753015291502,-56320086.4659629,-0.0052117816601172234,-2.7091080518404134,0.986287126544702,0.0,0.0,92480836674171.12,-487.2724094408589,0.37711447627081573,1.0,53629007728644.75,4361023819656.201,2245723351527746.5,-29275439700.951828,0.04264912507092743,-0.19701673340741183,0.053105839091566485,0.01798874715241611,681900713803880.5,2981253073060272.0,2985614096879928.5,2927624065331627.0,207816.08324168235,-29275439700.951828,1.0,578.1746615644929,1.2539210171749613e-08,1.2539210171749613e-08,0.04902322044942853,63102.13384298907,578.1746615644929
2189.0,5306.212407365362,10806878223.02607,469.51021327559766,7.16211658051294e-05,2.7594624325246633,0.23292194601589025,5986679607971265.0,0.41061019975072094,0.41061019975072094,1540155901378.9128,0.6350165518261456,280433.80097044643,280041.7393858475,275079.4140032791,392.0615845988754,4962.3253825684205,1.134712575224512,0.001398053955130013,0.0013980539551300129,0.0013980539551300126,0.017719949152762624,4962.3253825684205,-55885949.34329191,-0.005171331460385708,-2.6651301584702574,0.9842328602027143,0.0,0.0,93750691051970.5,-487.8681622072256,0.37512223150877677,1.0,53627246112448.17,4236961800686.6797,2280331076945712.5,-28801737071.10224,0.04203208477717355,-0.19744869008887533,0.05408462068858901,0.017719949152762624,692418651849097.0,3026376974907257.5,3030613936707944.5,2972749728794809.5,211007.38158472462,-28801737071.10224,1.0,574.7281013875747,1.2253727725429639e-08,1.2253727725429639e-08,0.04897513681064036,64072.0324185545,574.7281013875747
2190.0,5360.808806460087,10807436722.878141,468.9846562036275,7.134692198352626e-05,2.756855769499643,0.23292444484576413,6080430299023236.0,0.41026658158274265,0.41026658158274265,1511354164307.8105,0.6212271010859335,284638.6049871811,284257.7598355696,279296.0070746092,380.8451516114789,4961.752760960362,1.1312555154270238,0.0013379954262656344,0.0013379954262656344,0.0013379954262656346,0.017455118072521623,4961.752760960362,-55456022.34810582,-0.005131283556878162,-2.6200498270132435,0.9821828725439724,0.0,0.0,95033332989684.12,-488.4530738563881,0.37315647762286286,1.0,53623828998645.02,4115959877255.9907,2315397560519357.0,-28316022716.233448,0.04139242702578774,-0.19777240243210278,0.05502865053668423,0.017455118072521623,703076362892007.8,3072097752410010.0,3076213712287266.0,3018473923411365.0,214241.13967911724,-28316022716.233448,1.0,571.2888784135358,1.1975316476405379e-08,1.1975316476405379e-08,0.04892652347792059,65054.867395491965,571.2888784135358
2191.0,5415.883857484738,10807978023.734228,468.45968742607164,7.107594531628167e-05,2.754244986759459,0.23292699251439172,6175463632012920.0,0.409926579730936,0.409926579730936,1483038141591.5771,0.6077224250666209,288899.5577830713,288529.6348608852,283568.49143398996,369.9229221861024,4961.143426895282,1.1278023015693888,0.001280455134735339,0.001280455134735339,0.001280455134735339,0.017194571466765625,4961.143426895282,-55030260.39463175,-0.005091633261446847,-2.5740432653264325,0.9801371546567152,0.0,0.0,96328754817668.0,-489.02620419022855,0.3712198154623797,1.0,53619929130477.72,3998118813462.942,2350926905623071.0,-27820203043.789173,0.040732689015419626,-0.19798845987057223,0.05593766042684041,0.017194571466765625,713875118018960.0,3118421952772508.5,3122420071585971.5,3064802023642031.0,217517.73555242762,-27820203043.789173,1.0,567.8648492605565,1.1703793005485444e-08,1.1703793005485444e-08,0.04887742344039614,66050.75588156233,567.8648492605565
2192.0,5471.440905030469,10808502654.413834,467.935306284409,7.080818856259649e-05,2.751636005290761,0.23292959176910374,6271792386830588.0,0.4095901561363626,0.4095901561363626,1455217938547.788,0.5945088332051345,293217.2760879114,292857.9737690207,287897.3681508632,359.30231889070046,4960.605618157485,1.1243625434307922,0.0012253790898152117,0.0012253790898152117,0.0012253790898152117,0.016938605271065464,4960.605618157485,-54608618.657670595,-0.005052375930663277,-2.5272911103713316,0.978095697647744,0.0,0.0,97636965256764.5,-489.586686830547,0.36931468221186214,1.0,53616718991355.35,3883520067467.1816,2386923263917538.0,-27316232674.925022,0.04005547490246653,-0.19809782235082304,0.0568114842337935,0.016938605271065464,724816203939823.4,3165356186848717.0,3169239706916184.0,3111739467857361.5,220837.55171608325,-27316232674.925022,1.0,564.4636832357276,1.1438978443774339e-08,1.1438978443774339e-08,0.048827878772674804,67059.81643477993,564.4636832357276
2193.0,5527.483309402635,10809011127.526804,467.411512120856,7.054360530872647e-05,2.749034746080198,0.2329322453572308,6369429352087352.0,0.40925727314062527,0.40925727314062527,1427901705872.863,0.5815915014484645,297592.3810083211,297243.39199633925,292283.1444539017,348.9890119818913,4960.2475424375725,1.1209457336863868,0.0011727081546893938,0.0011727081546893938,0.0011727081546893938,0.016687494746724804,4960.2475424375725,-54191052.57368691,-0.0050135069650988785,-2.4799785099949228,0.9760584926423821,0.0,0.0,98957988370853.0,-490.13372571639866,0.36744335645650505,1.0,53615370881495.2,3772226113896.848,2423390837211159.5,-26806115310.56246,0.03936345624898521,-0.19810181975583777,0.05765005937750106,0.016687494746724804,735900923579588.1,3212907131672242.5,3216679357786139.5,3159291760790747.5,224200.9753361825,-26806115310.56246,1.0,561.0928649238301,1.1180698384275648e-08,1.1180698384275648e-08,0.048777930394967584,68082.16911771917,561.0928649238301
2194.0,5584.0144466347065,10809503939.967148,466.8883042783651,7.028214995095678e-05,2.7464471301144187,0.23293495602610353,6468387340458205.0,0.4089278934816521,0.4089278934816521,1401095590562.3005,0.5689744514576529,302025.49827592686,301686.5113233695,296726.33391453535,338.9869525573306,4960.1774088341335,1.117561249451838,0.0011223785888687988,0.0011223785888687988,0.0011223785888687988,0.016441495468511202,4960.1774088341335,-53777517.84453131,-0.004975021808881893,-2.432295220828995,0.9740255307844382,0.0,0.0,100291862519652.88,-490.66659200244885,0.36560796243694427,1.0,53617057243728.6,3664280799265.922,2460333878975704.0,-26291904772.714287,0.03865937281548018,-0.19800215152036202,0.05845342831469875,0.016441495468511202,747130596565473.4,3261081532784906.5,3264745813584172.5,3207464475541177.5,227608.39837236612,-26291904772.714287,1.0,557.7596977867959,1.0928782795761419e-08,1.0928782795761419e-08,0.04872761786477109,69117.9355421692,557.7596977867959
2195.0,5641.037708501804,10809981573.392008,466.3656821006243,7.002377767897622e-05,2.7438790783800724,0.23293772652305259,6568679202977858.0,0.40860198028952605,0.40860198028952605,1374803685789.5862,0.5566605294319094,306517.2584800139,306187.9600722347,301227.45658986905,329.2984077792191,4960.50348236565,1.1142183546195241,0.0010743225664100434,0.0010743225664100432,0.0010743225664100432,0.016200844348012205,4960.50348236565,-53367970.443278834,-0.004936915949481381,-2.3844357230490427,0.9719968032361661,0.0,0.0,101638639314201.25,-491.18462173624084,0.36381047251997,1.0,53622951239119.56,3559709720240.6855,2497756695524238.5,-25775706229.0978,0.03794603365492033,-0.19780088646837374,0.0592217400693615,0.016200844348012205,758506559611987.1,3309886206375344.5,3313445916095585.0,3256263255136225.5,231060.21768550345,-25775706229.0978,1.0,554.4713087307774,1.0683065938402841e-08,1.0683065938402841e-08,0.048676979197520565,70167.23890436561,554.4713087307774
2196.0,5698.5565025337355,10810444494.686203,465.8436449320562,6.976844445964071e-05,2.7413365118638087,0.23294055959540846,6670317842292059.0,0.4082794970823573,0.4082794970823573,1349027979560.4883,0.5446513844242474,311068.297284773,310748.37328752107,305787.0391259445,319.9239972519741,4961.334161576623,1.1109262029696219,0.0010284686676350495,0.0010284686676350495,0.0010284686676350497,0.015965760686335533,4961.334161576623,-52962366.6217266,-0.004899184917674743,-2.3365993527640097,0.969972301178228,0.0,0.0,102998382577106.5,-491.68721491478567,0.3620527063205232,1.0,53634227573314.59,3458520614810.607,2535663646859148.5,-25259677609.375034,0.03722631848885492,-0.1975004629036953,0.05995525181121832,0.015965760686335533,770030166806312.4,3359328041238775.5,3362786561853585.5,3305693813665461.0,234556.83511492392,-25259677609.375034,1.0,551.2346535993061,1.0443386280755954e-08,1.0443386280755954e-08,0.04862605071389603,71230.20401102057,551.2346535993061
2197.0,5756.574252027605,10810893156.412775,465.32219211781745,6.951610702111565e-05,2.738825351552276,0.2329434579905019,6773316224869166.0,0.40796040776219983,0.40796040776219983,1323768301951.1133,0.5329474460293508,315679.2556313023,315368.3929016476,310405.6148222864,310.8627296547131,4962.778079361189,1.1076938420399656,0.0009847423424546636,0.0009847423424546634,0.0009847423424546634,0.015736447250466558,4962.778079361189,-52560662.91914605,-0.004861824287660106,-2.2889904528414187,0.9679520158096542,0.0,0.0,104371167309453.38,-492.1738368551278,0.360336324021555,1.0,53652063574961.22,3360703756607.9326,2574059147197986.0,-24746031221.717472,0.03650317936028126,-0.1971036889855678,0.060654330491810016,0.015736447250466558,781702789796370.0,3409414000569317.5,3412774704325925.0,3355761936994356.0,238098.65752591525,-24746031221.717472,1.0,548.0565235529019,1.0209586417780498e-08,1.0209586417780498e-08,0.048574866911335945,72306.95729637118,548.0565235529019
2198.0,5815.094396059998,10811327997.249943,464.8013230037975,6.926672283738752e-05,2.736351518432124,0.23294642445566344,6877687392178619.0,0.4076446766110107,0.4076446766110107,1299022270729.3958,0.5215479013275501,320350.77992454387,320048.66788579157,315083.7236586113,302.1120387523016,4964.94422718025,1.1045302177393759,0.0009430663437855894,0.0009430663437855892,0.0009430663437855894,0.015513091368191465,4964.94422718025,-52162816.1719353,-0.004824829677279595,-2.241818543008621,0.965935938347807,0.0,0.0,105757078665883.88,-492.6440232894603,0.35866281016952306,1.0,53677640528098.32,3266232342869.018,2612947665184363.0,-24237035578.78318,0.03577964256577357,-0.19661374342188223,0.061319454547934533,0.015513091368191465,793525817883745.9,3460151123596207.0,3463417355939076.0,3406473483068108.5,241686.09682816148,-24237035578.78318,1.0,544.9435522977036,9.981512989644395e-09,9.981512989644395e-09,0.0485234603574185,73397.62683044984,544.9435522977036
2199.0,5874.1203894986575,10811749442.414875,464.2810369366181,6.902025011313489e-05,2.733920933490001,0.23294946173822373,6983444470844503.0,0.4073322682866519,0.4073322682866519,1274785235150.6125,0.5104506709684906,325083.5222053528,324789.85438741,319821.9122844953,293.6678179428059,4967.942102914661,1.101444179690147,0.0009033611299353961,0.000903361129935396,0.0009033611299353962,0.01529586603708652,4967.942102914661,-51768783.52386335,-0.004788196748323873,-2.19529851011087,0.9639240600283404,0.0,0.0,107156210939033.25,-493.09739123490453,0.35703344251161695,1.0,53712145261136.96,3175062866898.325,2652333723790467.5,-23735017442.62541,0.03505881087397876,-0.1960341765136932,0.061951215682697035,0.01529586603708652,805500658023483.5,3511546527075088.5,3514721589941986.5,3457834381813951.0,245319.56996573272,-23735017442.62541,1.0,541.9022241281883,9.759016601128278e-09,9.759016601128278e-09,0.04847186160279482,74502.34231876259,541.9022241281883
2200.0,5933.655703013762,10812157904.074661,463.7613332636324,6.877664776894983e-05,2.731539517712557,0.23295257258551344,7090600681783536.0,0.407023147818934,0.407023147818934,1251050217707.987,0.4996523842757312,329878.1403079186,329592.6158553703,324620.7339726919,285.5244525483273,4971.881882678416,1.098444487286551,0.0008655452352247707,0.0008655452352247704,0.0008655452352247707,0.01508493104366193,4971.881882678416,-51378522.43664224,-0.004751921206892453,-2.1496508194515784,0.9619163721051637,0.0,0.0,108568666554111.38,-493.5336584874965,0.3554492382896659,1.0,53756771995927.05,3087135466426.988,2692221899916893.0,-23242364098.533955,0.03434386604040185,-0.19536891158563166,0.06255032073477232,0.01508493104366193,817628734732465.1,3563607406645285.5,3566694542111712.0,3509850634649358.5,248999.4988791557,-23242364098.533955,1.0,538.9388827518503,9.541951741502551e-09,9.541951741502551e-09,0.04842009911126621,75621.23509353615,538.9388827518503
2201.0,5993.7038230886965,10812553781.744854,463.24221133292383,6.853587542690032e-05,2.729213192086441,0.23295575974486307,7199169348337647.0,0.40671728060570195,0.40671728060570195,1227807853609.4531,0.48914835324994926,334735.29800275597,334457.62315363216,329480.74853662105,277.6748491238162,4976.874617011093,1.0955398164575412,0.0008295356085259044,0.0008295356085259044,0.0008295356085259046,0.0148804340893285,4976.874617011093,-50991990.70060515,-0.004715998803788277,-2.1051017481888934,0.9599128658504028,0.0,0.0,109994555073920.62,-493.9526755151835,0.3539108678988063,1.0,53812724461433.26,3002374239989.151,2732616823694081.5,-22761525868.337524,0.033638071630266435,-0.1946222468378961,0.06311759364689935,0.0148804340893285,829911489907685.5,3616341038063200.5,3619343412303189.5,3562528313601767.0,252726.31043996633,-22761525868.337524,1.0,536.0597408667678,9.330176704792522e-09,9.330176704792522e-09,0.04836819920470492,76754.43809665473,536.0597408667678
2202.0,6054.268252030414,10812937462.675978,462.723670493306,6.829789339642518e-05,2.7269478775983016,0.23295902596360335,7309163903411568.0,0.4064146324089616,0.4064146324089616,1205046327741.1157,0.47893254534404933,339655.6651254937,339385.55466434575,334402.5222123661,270.1104611479593,4983.032451979639,1.092738767123304,0.0007952479198253937,0.0007952479198253935,0.0007952479198253935,0.014682511920425977,4983.032451979639,-50609146.44530903,-0.004680425334928767,-2.0618836418163977,0.9579135325543616,0.0,0.0,111433992214107.25,-494.35447449252104,0.35241852317098565,1.0,53881218277740.766,2920687524407.4536,2773523177488165.0,-22295018874.275303,0.03294477616259914,-0.19379885765664007,0.06365397754506268,0.014682511920425977,842350382555264.1,3669754778321170.0,3672675465845577.5,3615873560043429.5,256500.43635800105,-22295018874.275303,1.0,533.2708904662828,9.123553510390394e-09,9.123553510390394e-09,0.04831618602040311,77902.08585436504,533.2708904662828
2203.0,6115.35250797931,10813309322.228334,462.20571009432103,6.806266266055273e-05,2.724749495234789,0.23296237398906489,7420597895625675.0,0.4061151693510473,0.4061151693510473,1182751308866.8403,0.4689975548785199,344639.91769167554,344377.0963811006,339386.6275052542,262.8213105749516,4990.468875846434,1.0900498713369942,0.0007625968353731992,0.000762596835373199,0.0007625968353731993,0.014491291460114391,4990.468875846434,-50229948.14991992,-0.0046451966417593304,-2.020235194816142,0.9559183635254856,0.0,0.0,112887098867804.88,-494.7393411408502,0.3509717249896188,1.0,53963483617480.59,2841968127720.3926,2814945694611827.5,-21845428065.19916,0.03226741658980651,-0.19290379942079935,0.06416053694027636,0.014491291460114391,854946888430372.4,3723856066659680.5,3726698034787401.0,3669892583042200.0,260322.3130614877,-21845428065.19916,1.0,530.5783138486087,8.921947824005604e-09,8.921947824005604e-09,0.04826408147848049,79064.31444376647,530.5783138486087
2204.0,6176.960124918602,10813669724.235449,461.6883294862394,6.783014486243514e-05,2.722623965982551,0.2329658065685782,7533484994493480.0,0.4058188579108298,0.4058188579108298,1160905880801.641,0.45933457295995905,349688.7379977749,349432.9419929052,344433.64300080226,255.7960048696705,4999.298992102937,1.0874816021047187,0.0007314962624598397,0.0007314962624598397,0.0007314962624598398,0.01430689094047819,4999.298992102937,-49854354.65327843,-0.0046103086116589575,-1.9804017566363157,0.9539273500903233,0.0,0.0,114354000138176.88,-495.1079158846135,0.3495690525578278,1.0,54060768153304.32,2766093513439.539,2856889157738371.5,-21415410517.560825,0.03160952212804369,-0.19194251084472572,0.06463846006537634,0.01430689094047819,867702499587525.0,3778652425479201.0,3781418518992640.5,3724591657325896.5,264192.38154976664,-21415410517.560825,1.0,527.9878953129169,8.72522887897435e-09,8.72522887897435e-09,0.04821190525697161,80241.26145103562,527.9878953129169
2205.0,6239.094652683319,10814019021.356512,461.1715280200589,6.760030229219001e-05,2.720577210828237,0.23296932644947407,7647838994631657.0,0.4055256649199638,0.4055256649199638,1139490470284.0803,0.4499333557598275,354802.8147086074,354553.7929592818,349544.15313945233,249.0217493255339,5009.639819829513,1.0850423828788567,0.0007018595653759133,0.0007018595653759134,0.0007018595653759134,0.014129421033735316,5009.639819829513,-49482325.163582996,-0.004575757178331274,-1.9426356642194575,0.9519404835934875,0.0,0.0,115834824376610.88,-495.4613318133633,0.3482077738864776,1.0,54174340301781.36,2692925933937.797,2899358397014214.5,-21007699024.434757,0.030974718454681062,-0.1909208178974206,0.06508906135974817,0.014129421033735316,880618723839776.5,3834151461155772.0,3836844387089710.5,3779977120853991.0,268111.0872182023,-21007699024.434757,1.0,525.5054335275192,8.533269397972838e-09,8.533269397972838e-09,0.048159674772071615,81433.06592125003,525.5054335275192
2206.0,6301.759656968737,10814357555.418158,460.6553050475035,6.737309787404186e-05,2.7186151507584966,0.23297293637908298,7763673819008268.0,0.40523555755917523,0.40523555755917523,1118482771259.6455,0.44078219100423277,359982.8429312749,359740.3585765961,354718.7479540758,242.48435467880685,5021.610622520221,1.0827405977218483,0.0006735997546558077,0.0006735997546558076,0.0006735997546558074,0.013958985981971822,5021.610622520221,-49113819.267675884,-0.004541538322178844,-1.9071966023848494,0.9499577553976196,0.0,0.0,117329702223420.5,-495.801398705895,0.34688335219201294,1.0,54305492776019.63,2622312513091.451,2942358287861381.5,-20625105986.668438,0.030366732290233452,-0.18984493834071176,0.06551378411547454,0.013958985981971822,893697084124247.4,3890360864761649.0,3892983177274740.5,3836055371985629.0,272078.8796545029,-20625105986.668438,1.0,523.1366545599523,8.345945515202235e-09,8.345945515202235e-09,0.04810740516114875,82639.86829957287,523.1366545599523
2207.0,6364.958719338447,10814685657.745836,460.1396599210233,6.714849515375543e-05,2.716743706759979,0.2329766391047356,7881003521231688.0,0.4049485033545876,0.4049485033545876,1097857665272.977,0.4318678625188331,365229.52427574847,364993.3560354579,359958.0227687473,236.16824029055948,5035.333266710591,1.0805846021398708,0.0006466296522957226,0.0006466296522957227,0.0006466296522957228,0.013795684725344492,5035.333266710591,-48748796.93996937,-0.004507648070663419,-1.8743519934561632,0.9479791568833511,0.0,0.0,118838765647020.12,-496.130846173753,0.3455887925394904,1.0,54455546461465.516,2554085281085.3857,2985893748457531.0,-20270527621.197685,0.029789396383231456,-0.18872148693039115,0.06591420329898241,0.013795684725344492,906939117770189.1,3947288412689186.5,3949842497970271.5,3892832866227720.5,276096.21240529866,-20270527621.197685,1.0,520.887225563249,8.16313669912656e-09,8.16313669912656e-09,0.04805510926584233,83861.81036344863,520.887225563249
2208.0,6428.69543723181,10815003649.485176,459.6245919937927,6.692645828635364e-05,2.7149687998193333,0.23298043737376253,7999842286878708.0,0.40466447017408697,0.40466447017408697,1077587137651.7794,0.4231756126657963,370543.56690211117,370313.51046863734,365262.57785667124,230.05643347382886,5050.932611966096,1.0785827345882215,0.0006208620362706348,0.0006208620362706347,0.0006208620362706346,0.013639612029207535,5050.932611966096,-48387218.55112839,-0.004474082498662102,-1.8443774176199232,0.9460046794492658,0.0,0.0,120362146976380.88,-496.45364620752713,0.3443137733810575,1.0,54625854631717.02,2488061167607.003,3029969736876011.0,-19946948502.587513,0.029246654917727204,-0.18755748132615466,0.06629202856290807,0.013639612029207535,920346375664251.8,4004941967171980.0,4007430028339587.0,3950316112540262.5,280163.542711356,-19946948502.587513,1.0,518.7627691173481,7.984725675873625e-09,7.984725675873625e-09,0.04800361487734861,85099.03514531525,518.7627691173481
2209.0,6492.973423971103,10815311841.913546,459.11010061971064,6.670695202411298e-05,2.71328512973247,0.23298437556627852,8120204433855089.0,0.404383426223725,0.404383426223725,1057640189149.1919,0.4146891025020924,375925.6855544407,375701.55498853506,370633.2308593403,224.1305659056439,5068.324129194814,1.0767259409049394,0.0005962097683617465,0.0005962097683617465,0.0005962097683617466,0.013490293191225891,5068.324129194814,-48029045.584435806,-0.004440837794274646,-1.8171452614185246,0.9440343145118628,0.0,0.0,121900681031323.88,-496.7774331331564,0.34303824611574296,1.0,54815505973136.836,2424041963574.0947,3074592846302867.0,-19652992664.296856,0.028742569364441452,-0.1863603487581616,0.06664910746358388,0.013490293191225891,933921124416833.0,4063329476692836.5,4065753518656410.5,4008513970719700.0,284281.47900346457,-19652992664.296856,1.0,516.7555262587033,7.8105944079044e-09,7.8105944079044e-09,0.04795722852244477,86351.75185587574,516.7555262587033
2210.0,6557.796308768042,10815610536.742186,458.596185153399,6.648994170482922e-05,2.711628136333912,0.2329887019210494,8242105114886413.0,0.4041053400441602,0.4041053400441602,1037987196484.895,0.40639036948019963,381376.61134143284,381158.2404673552,376071.94435990433,218.3708740776652,5086.296107450815,1.0749136097600673,0.0005725859100524797,0.0005725859100524798,0.0005725859100524798,0.013344316264064708,5086.296107450815,-47674242.59289959,-0.004407910439354609,-1.7903338133901914,0.9420680535055196,0.0,0.0,123458844536457.25,-497.1238672830101,0.34170500006846194,1.0,55011397772735.8,2361814326591.9966,3119778327967003.5,-19363553256.38877,0.02827852336365256,-0.18513702938067367,0.06698719685779235,0.013344316264064708,947669356025098.6,4122459081764838.5,4124820896091430.5,4067447683992102.0,288451.43021456513,-19363553256.38877,1.0,514.7876700409265,7.64060784526686e-09,7.64060784526686e-09,0.04791221771655452,87620.51414533923,514.7876700409265
2211.0,6623.167736729916,10815900026.409143,458.0828449502022,6.627539324034686e-05,2.709986582030611,0.2329934417705815,8365563959422870.0,0.40383018050713637,0.40383018050713637,1018623643228.5062,0.39826100968348893,386897.1422714397,386684.3847391325,381579.745334949,212.75753230728355,5104.639404183521,1.0731281722955532,0.0005499072209688668,0.0005499072209688666,0.0005499072209688664,0.013201048725117891,5104.639404183521,-47322766.96835349,-0.004375296263168637,-1.76353854926716,0.9401058878824539,0.0,0.0,125037449394367.12,-497.51248109539597,0.34026198259021434,1.0,55211269466517.7,2301164199301.0923,3165534532308815.0,-19074256641.59222,0.02783949092611005,-0.18388917252722622,0.06730672745705617,0.013201048725117891,961593845336654.1,4182339647111986.5,4184640811311287.0,4127128377645469.0,292674.16715941724,-19074256641.59222,1.0,512.8455388624658,7.474652669101394e-09,7.474652669101394e-09,0.04786774028229113,88905.57817553176,512.8455388624658
2212.0,6689.09136886522,10816180594.3633,457.57007936618606,6.606327310534534e-05,2.708360526366426,0.23299857672028293,8490601408817237.0,0.4035579168119982,0.4035579168119982,999549386586.9141,0.3902893659360297,392488.09231220564,392280.81404773827,387157.45548159775,207.27826446738553,5123.358566140522,1.0713695963720506,0.0005281135110272477,0.0005281135110272477,0.000528113511027248,0.013060436255536677,5123.358566140522,-46974576.2810762,-0.004342991120687864,-1.736766750809714,0.9381478091126871,0.0,0.0,126636534009758.62,-497.97127247643635,0.3386342153813374,1.0,55415171501054.1,2241959141765.4395,3211868282051648.5,-18785182827.04343,0.027414400082315,-0.18261749354778478,0.06760789767429576,0.013060436255536677,975696674891482.4,4242980128444185.0,4245222087585950.5,4187564956943131.0,296950.3193877392,-18785182827.04343,1.0,510.9289678948445,7.312622923106393e-09,7.312622923106393e-09,0.047823749513148606,90207.13609385857,510.9289678948445
2213.0,6755.570882088775,10816452515.339758,457.05788775813755,6.585354832637607e-05,2.706750028885215,0.23300408837556166,8617237942826996.0,0.4032885184822436,0.4032885184822436,980764203759.8706,0.38246873966785944,398150.2806817286,397948.3544422658,392805.89625646605,201.9262394628247,5142.458185799769,1.0696378512440021,0.0005071608617657601,0.00050716086176576,0.00050716086176576,0.012922426059549984,5142.458185799769,-46629629.535976134,-0.004310991008359402,-1.7100258960455745,0.9361938086840074,0.0,0.0,128256129902334.0,-498.5414415961867,0.33671077798157323,1.0,55623154778823.44,2184125580750.7686,3258786400418506.5,-18496413904.578278,0.02699716982514156,-0.18132270402397432,0.06789090804909804,0.012922426059549984,989979924185033.5,4304389479382363.5,4306573604963114.0,4248766324603540.0,301280.5164906827,-18496413904.578278,1.0,509.0377948678091,7.154416055056148e-09,7.154416055056148e-09,0.04778021082755424,91525.37976578332,509.0377948678091
2214.0,6822.609969226436,10816716055.626863,456.5462694835634,6.564618647114336e-05,2.7051551491308388,0.23300995834182567,8745494072729330.0,0.403021955362112,0.403021955362112,962267789855.2924,0.37479516367373755,403884.5317916791,403687.8342108552,398525.89130693994,196.6975808239464,5161.942903915247,1.0679329075684039,0.0004870143948107467,0.0004870143948107466,0.00048701439481074673,0.01278696672642121,5161.942903915247,-46287886.94299487,-0.00427929204251561,-1.6833236658847708,0.9342438781019319,0.0,0.0,129896268413809.25,-499.2658556971744,0.33437471993067835,1.0,55835270687009.21,2127621880601.3438,3306295731396041.0,-18208034123.59247,0.026584484307158086,-0.18000551229768136,0.0681559613344455,0.01278696672642121,1004445675686742.4,4366576677769792.5,4368704299650393.5,4310741407082783.5,305665.3899753709,-18208034123.59247,1.0,507.17186005752586,6.999932702910011e-09,6.999932702910011e-09,0.04773709683772909,92860.50133156902,507.17186005752586
2215.0,6890.212339019191,10816971473.325073,456.0352239006895,6.544115563802407e-05,2.7035759466471547,0.23301616822448296,8875390341143139.0,0.402758197613209,0.402758197613209,944059755731.7,0.36726616810430035,409691.67528367543,409500.0852875697,404318.2678743198,191.5899961057673,5181.81741324984,1.0662547374136782,0.0004676443473573342,0.00046764434735733416,0.00046764434735733427,0.012654008141685564,5181.81741324984,-45949309.726213016,-0.0042478904413795655,-1.6566679511502953,0.9322980088896706,0.0,0.0,131556984151626.75,-500.1455505087527,0.33161890777204117,1.0,56051571139102.64,2072423522450.5469,3354403151474782.0,-17920129968.36464,0.026174560302286376,-0.17866662399966066,0.06840326258634882,0.012654008141685564,1019096018265940.8,4429550740879825.5,4431623164402276.0,4373499169740722.5,310105.57435108576,-17920129968.36464,1.0,505.33100627505115,6.849076522028394e-09,6.849076522028394e-09,0.0476943846275657,94212.69352323406,505.33100627505115
2216.0,6958.381716126925,10817219018.597963,455.5247503684602,6.523842444581901e-05,2.7020124809780226,0.23302269962894157,9006947325294766.0,0.4024972157111664,0.4024972157111664,926139625763.3353,0.3598800964658785,415572.54611298186,415385.94409020303,410183.85762736,186.6020227788581,5202.08646284305,1.0646033142686793,0.0004490239418465495,0.00044902394184654943,0.00044902394184654954,0.012523501425251386,5202.08646284305,-45613859.879040636,-0.004216782502103089,-1.6300668597678856,0.9303561925880894,0.0,0.0,133238316650639.75,-501.1187419985732,0.32860442805964607,1.0,56272108622256.84,2018514949712.3142,3403115576668441.5,-17632790237.067432,0.025766464710894485,-0.17730674257905238,0.06863301925658569,0.012523501425251386,1033933049180116.4,4493320734470814.5,4495339249420526.5,4437048625848557.5,314601.70777881914,-17632790237.067432,1.0,503.5150788550927,6.701754027646608e-09,6.701754027646608e-09,0.04765205423206087,95582.14984854084,503.5150788550927
2217.0,7027.121841131563,10817458933.915564,455.0148482465376,6.50379620237312e-05,2.7004648116673025,0.23302953416060943,9140185641945406.0,0.4022389804423371,0.4022389804423371,908506835526.268,0.3526357261834383,421527.98465483467,421346.2520412076,416123.49717873853,181.73261362701925,5222.754862469066,1.0629786130518102,0.0004311282293056526,0.00043112822930565267,0.0004311282293056528,0.012395398884332028,5222.754862469066,-45281500.047453634,-0.004185964589658324,-1.603528723986116,0.9284184207556726,0.0,0.0,134940311067052.62,-502.1191235075262,0.3255070983121725,1.0,56496936246666.95,1965885084863.4246,3452439966906739.5,-17346106121.073833,0.025359736663854396,-0.17592656983412666,0.06884544128860179,0.012395398884332028,1048958875261593.2,4557895778415000.0,4559861663499864.0,4501398842168333.0,319154.4324778934,-17346106121.073833,1.0,501.7239256450438,6.557874470375486e-09,6.557874470375486e-09,0.04761008777218301,96969.0647008451,501.7239256450438
2218.0,7096.4364705398,10817691454.290302,454.5055168953003,6.483973800156495e-05,2.6989329982588517,0.2330366534248946,9275125953012458.0,0.40198346290052506,0.40198346290052506,891160729405.1941,0.3455320578056473,427558.83681998734,427381.85591083777,422138.02842372935,176.98090914958345,5243.827487108413,1.0613806101202654,0.0004139334611018617,0.0004139334611018617,0.00041393346110186167,0.012269653974740573,5243.827487108413,-44952193.57207477,-0.004155433140427268,-1.577062107567399,0.9264846849684872,0.0,0.0,136663018352191.62,-503.1131508432023,0.3224169396609706,1.0,56726107795065.27,1914524868479.9773,3502383328956896.0,-17060171283.916904,0.024954178304748616,-0.17452680644428153,0.06904074121655684,0.012269653974740573,1064175613653437.6,4623285050405399.0,4625199575273879.0,4566558942610334.0,323764.39499648043,-17060171283.916904,1.0,499.95739699430163,6.417349742170227e-09,6.417349742170227e-09,0.04756846894855271,98373.63342724892,499.95739699430163
2219.0,7166.329376785303,10817916807.505737,453.99675567584296,6.464372250014044e-05,2.69741710029653,0.2330440390272051,9411788971364650.0,0.40173063448374974,0.40173063448374974,874100558121.2772,0.3385681975829242,433665.9541722792,433493.60805929435,428228.2987779481,172.34611298488585,5265.309281346319,1.0598092832794135,0.00039741674744524496,0.0003974167474452449,0.0003974167474452449,0.012146221267064489,5265.309281346319,-44625904.501800224,-0.004125184663172642,-1.5506758129262666,0.9245549768201453,0.0,0.0,138406495151721.12,-504.0890903469955,0.31936613793344615,1.0,56959677771392.3,1864425912367.4795,3552952718511367.0,-16775081939.647682,0.024549738980864873,-0.1731081525031885,0.0692191342674652,0.012146221267064489,1079585392288186.0,4689497788570945.0,4691362214483312.0,4632538110799553.0,328432.2464049863,-16775081939.647682,1.0,498.2153457438815,6.280094285444224e-09,6.280094285444224e-09,0.047527182732833406,99796.05237296179,498.2153457438815
2220.0,7236.804348230402,10818135214.338318,453.4885639499755,6.444988612191844e-05,2.695917177324197,0.2330516725729489,9550195466516372.0,0.4014804668910444,0.4014804668910444,857325476181.6295,0.3317432917367298,439850.1940444601,439682.3666203596,434395.1613567008,167.8274241004476,5287.20526365879,1.058264611792299,0.0003815558714599168,0.0003815558714599169,0.00038155587145991703,0.012025056415837542,5287.20526365879,-44302597.56544788,-0.004095215736139938,-1.5243788882090792,0.9226292879217688,0.0,0.0,140170803564864.5,-505.04360972073965,0.31636443451501794,1.0,57197701448222.06,1815579766592.7434,3604155241794599.0,-16490936930.528534,0.02414645116085647,-0.1716713080529317,0.06938083846636789,0.012025056415837542,1095190350216501.8,4756543293459323.0,4758358873225916.0,4699345592011101.0,333158.6424449257,-16490936930.528534,1.0,496.49762721630844,6.146025002714316e-09,6.146025002714316e-09,0.047486215169129764,101236.51891177514,496.49762721630844
2221.0,7307.865189167354,10818346888.772375,452.98094108022207,6.42581999418301e-05,2.6944332888857105,0.23305953566753404,9690366270081236.0,0.401232932119288,0.401232932119288,840834539251.101,0.3250564893381371,446112.41965037084,445948.99565009703,440639.4751195235,163.42400027383744,5309.5205305735435,1.0567465763892807,0.00036632918761131297,0.00036632918761131297,0.00036632918761131286,0.011906116130687575,5309.5205305735435,-43982238.13870002,-0.004065523003736014,-1.4981806343196011,0.9207076099019514,0.0,0.0,141956010837009.88,-505.9760929194632,0.3134142492684221,1.0,57440234912803.34,1767977524913.205,3655998056884455.5,-16207837804.110481,0.023744394996693292,-0.17021697361897775,0.06952607474447016,0.011906116130687575,1110992637845133.5,4824430929642393.0,4826198907167306.0,4766990694729589.0,337944.2436513814,-16207837804.110481,1.0,494.80409920580036,6.015061170061549e-09,6.015061170061549e-09,0.047445553237544624,102695.23146814205,494.80409920580036
2222.0,7379.515719819019,10818552038.208557,452.4738864298205,6.40686354983067e-05,2.6929654945249304,0.23306760991636843,9832322280918246.0,0.40098800246007094,0.40098800246007094,824626701446.9905,0.3185069210137526,452453.5001925884,452294.36525375664,446962.10499305057,159.13493883182025,5332.260260706059,1.0552551592778125,0.00035171556582960214,0.00035171556582960214,0.00035171556582960214,0.011789358148900288,5332.260260706059,-43664792.2156313,-0.004036103173642612,-1.472090611899059,0.9187899344067235,0.0,0.0,143762189025412.88,-506.886757688224,0.31051571642107534,1.0,57687335111720.02,1721609616849.183,3708488374857316.5,-15925888889.788248,0.023343678747592446,-0.16874585074582818,0.06965506705018214,0.011789358148900288,1126994417117237.5,4893170127086274.0,4894891736703123.0,4835482791974554.0,342789.71545913134,-15925888889.788248,1.0,493.1346219687469,5.887124355028016e-09,5.887124355028016e-09,0.047405184753808394,104172.38953391922,493.1346219687469
2223.0,7451.759776339093,10818750863.665895,451.9673993627215,6.388116478450461e-05,2.6915138537857164,0.23307587692486015,9976084469943658.0,0.40074565049659316,0.40074565049659316,808700812557.2023,0.3120936864008934,458874.3109652046,458719.351698287,453363.92197960935,154.95926691763933,5355.429718677642,1.053790344152362,0.00033769436033953434,0.0003376943603395343,0.0003376943603395343,0.011674741209086952,5355.429718677642,-43350226.38420972,-0.004006953014307666,-1.4461186482710449,0.9168762530995151,0.0,0.0,145589414659283.62,-507.7760686993326,0.3076682634361465,1.0,57939059894245.74,1676465702798.2444,3761633460818206.5,-15645197374.945724,0.022944427987518945,-0.16725864253322922,0.06976804246300523,0.011674741209086952,1143197861653649.2,4962770382366102.0,4964446848068900.0,4904831322471856.0,347695.728298118,-15645197374.945724,1.0,491.48905821448017,5.762138338623045e-09,5.762138338623045e-09,0.047365098290548024,105668.19368149134,491.48905821448017
2224.0,7524.601210811807,10818943559.977694,451.4614792435875,6.369576023972052e-05,2.690078426211926,0.2330843182984172,1.0121673884602942e+16,0.4005058491005953,0.4005058491005953,793055615182.2566,0.3058158464325225,465375.7334516883,465224.83751466166,459845.8032557361,150.89593702663882,5379.034258925548,1.052352116204465,0.00032424539179867583,0.0003242453917986758,0.00032424539179867583,0.01156222502577805,5379.034258925548,-43038507.80446726,-0.003978069352693434,-1.420274844362148,0.9149665576611202,0.0,0.0,147437768405335.75,-508.64455539143376,0.3048711047169539,1.0,58195468054501.945,1632534626121.1536,3815440634850785.0,-15365873380.810183,0.022546779676511995,-0.16575605417284028,0.06986523131021392,0.01156222502577805,1159605156865629.8,5033241259770918.0,5034873794397039.0,4975045791716415.0,352662.95768148475,-15365873380.810183,1.0,489.8672730963345,5.640029041025935e-09,5.640029041025935e-09,0.04732528311225859,107182.84557425132,489.8672730963345
2225.0,7598.043891251131,10819130315.981447,450.95612543779225,6.351239474099247e-05,2.68865927134742,0.23309291564244755,1.0269111653008278e+16,0.40026857142932193,0.40026857142932193,777689741801.4464,0.29967241828154306,471958.65541794,471811.71159247897,466408.6322630621,146.94382546102008,5403.079329416861,1.0509404621329432,0.000311348936552281,0.000311348936552281,0.00031134893655228107,0.01145177026483755,5403.079329416861,-42729604.18856349,-0.003949449072209212,-1.394569581609974,0.9130608397896597,0.0,0.0,149307334744381.62,-509.492754946219,0.30212339817903977,1.0,58456619372546.664,1589804396791.609,3869917272907529.0,-15088030038.14203,0.022150878925271858,-0.16423879348528908,0.06994686728628875,0.01145177026483755,1176218500045209.5,5104592392325284.0,5106182196722076.0,5046135772952738.0,357692.08428805886,-15088030038.14203,1.0,488.2691342030165,5.5207244506534405e-09,5.5207244506534405e-09,0.047285729119486586,108716.54797500328,488.2691342030165
2226.0,7672.09170159952,10819311314.702948,450.4513373114198,6.333104159488221e-05,2.6872564487360555,0.2331016505623592,1.041841898775266e+16,0.400033790922517,0.400033790922517,762601711763.3043,0.29366237176262233,478623.9710007192,478480.8692683131,473053.2987930358,143.10173240608995,5427.570475277315,1.0495553701542508,0.00029898571963892493,0.00029898571963892493,0.00029898571963892493,0.011343338519630028,5427.570475277315,-42423483.78232863,-0.003921089110789987,-1.369013528868142,0.9111590912005464,0.0,0.0,151198201661506.0,-510.3211944447231,0.29942429573472973,1.0,58722574654515.516,1548262192574.8025,3925070807652274.0,-14811783562.864498,0.021756877251091905,-0.16270757145756928,0.07001318757506389,0.011343338519630028,1193040100436771.8,5176833482743562.0,5178381744936136.0,5118110908089046.0,362783.79404041026,-14811783562.864498,1.0,486.6945115502596,5.404154556332917e-09,5.404154556332917e-09,0.04724642679962043,110269.50475262554,486.6945115502596
2227.0,7746.748541726027,10819486733.534748,449.9471142312641,6.31516745294343e-05,2.6858700179216926,0.2331105046635602,1.0569617189414166e+16,0.39980148129945065,0.39980148129945065,747789928200.4398,0.28778462652604553,485372.58079164755,485233.21240873873,479780.69906639186,139.36838290882923,5452.513342346869,1.0481968300129938,0.0002871369097148381,0.00028713690971483803,0.00028713690971483803,0.011236892287896228,5452.513342346869,-42120115.34805137,-0.003892986459098938,-1.3436176493194036,0.9092613036264483,0.0,0.0,153110460350711.62,-511.1303855166188,0.2967729597341071,1.0,58993395771943.16,1507894369956.2688,3980908729262725.5,-14537253331.75443,0.02136493165961609,-0.1611631027807589,0.070064432974558,0.011236892287896228,1210072179292128.2,5249974304326797.0,5251482198696753.0,5190980908554854.0,367938.77817918954,-14537253331.75443,1.0,485.143277572795,5.2902512823688334e-09,5.2902512823688334e-09,0.04720736718283258,111841.92088720232,485.143277572795
2228.0,7822.018327424045,10819656744.409203,449.4434555648274,6.297426768630788e-05,2.6845000384481916,0.23311945955145852,1.0722727649764878e+16,0.39957161655597745,0.39957161655597745,733252674868.6854,0.2820380496750724,492205.3919170248,492069.6494886672,486591.7358079945,135.7424283576069,5477.913680672699,1.0468648329925938,0.000275784114897486,0.000275784114897486,0.00027578411489748606,0.011132394949302519,5477.913680672699,-41819468.14835914,-0.003865138158839313,-1.3183932074054472,0.9073674688172529,0.0,0.0,155044204934122.12,-511.9208230419669,0.2941685682484666,1.0,59269145700381.81,1468686480481.8645,4037438586198139.0,-14264561958.287628,0.020975204183952684,-0.15960610638806286,0.07010084802446409,0.011132394949302519,1227316969910610.0,5324024701809130.0,5325493388289612.0,5264755556108749.0,373157.73333422875,-14264561958.287628,1.0,483.61530711661754,5.178948426319789e-09,5.178948426319789e-09,0.04716854180214036,113434.00247376577,483.61530711661754
2229.0,7897.904990408468,10819821513.966177,448.9403606803202,6.2798795613077e-05,2.683146569859409,0.23312849683146217,1.0877771854699e+16,0.39934417096162544,0.39934417096162544,718988112910.3978,0.27642145360269416,499123.31811366556,498991.09566542914,493487.3183174792,132.22244823642833,5503.777347949908,1.045559371926105,0.0002649093789810022,0.00026490937898100215,0.00026490937898100215,0.011029810743637321,5503.777347949908,-41521511.931079276,-0.003837541301165042,-1.293351775782378,0.9054775785400311,0.0,0.0,156999532195298.5,-512.6929851796335,0.2916103166215205,1.0,59549888557428.125,1430623290057.7864,4094667985935738.5,-13993835368.736532,0.020587861677155726,-0.15803730599320187,0.07012268113627906,0.011029810743637321,1244776717665198.5,5398994592158365.0,5400425215448423.0,5339444703600937.0,378441.361592736,-13993835368.736532,1.0,482.11047743155336,5.070181599323971e-09,5.070181599323971e-09,0.04712994265700465,115045.95672474321,482.11047743155336
2230.0,7974.412478312313,10819981203.715658,448.4378289466605,6.262523325569525e-05,2.6818096716992055,0.2331375981089792,1.1034771386894298e+16,0.3991191190567162,0.3991191190567162,704994277541.6613,0.2709335939347103,506127.27980097267,505998.4728489499,500468.36253602983,128.80695202274217,5530.110312920082,1.044280441207217,0.00025449517772168614,0.0002544951777216862,0.00025449517772168625,0.010929104749632167,5530.110312920082,-41226216.914991476,-0.003810193025181421,-1.2685052423110033,0.9035916245790017,0.0,0.0,158976541326065.38,-513.4473338237993,0.2890974177499892,1.0,59835689640269.41,1393688799793.9749,4152604595678701.0,-13725202878.619831,0.02020307574517279,-0.1564574306291896,0.07013018472605878,0.010929104749632167,1262453680015495.2,5474893965334466.0,5476287654134260.0,5415058275694196.0,383790.37056484603,-13725202878.619831,1.0,480.6286681641541,4.963888168826287e-09,4.963888168826287e-09,0.04709156218003785,116677.99197118382,480.6286681641541
2231.0,8051.544754682899,10820135970.195364,447.93585973347206,6.245355595112091e-05,2.6804894035114395,0.2331467449894175,1.1193747928220364e+16,0.3988964356495146,0.3988964356495146,691269074663.0414,0.26557316751643245,513218.20414945605,513092.709768306,507535.79110956984,125.49438115004916,5556.918658736206,1.043028036801398,0.0002445244150254334,0.0002445244150254334,0.0002445244150254333,0.010830242864385092,5556.918658736206,-40933553.776394494,-0.003783090516528455,-1.2438658170882368,0.9017095987354954,0.0,0.0,160975333686141.75,-514.1843151868802,0.28662910192704805,1.0,60126615462841.41,1357866267539.054,4211256143038038.5,-13458797269.572878,0.019821022757800216,-0.1548672151875581,0.07012361534979018,0.010830242864385092,1280350126508178.2,5551732885009058.0,5553090751276597.0,5491606269546217.0,389205.47344674467,-13458797269.572878,1.0,479.1697613508802,4.8600072035729835e-09,4.8600072035729835e-09,0.047053393206438976,118330.31766282515,479.1697613508802
2232.0,8129.30579897746,10820285965.123547,447.43445241108503,6.228373942009877e-05,2.679185824839971,0.23315591907818514,1.1354723261906506e+16,0.39867609581340924,0.39867609581340924,677810277393.4685,0.260338810408189,520397.0251458789,520274.742034894,514690.5334485909,122.28311098488234,5584.208586303074,1.0418021562572226,0.00023498041894187165,0.00023498041894187165,0.00023498041894187165,0.010733191783368469,5584.208586303074,-40643493.636420086,-0.0037562310060403306,-1.2194460395281437,0.8998314928279196,0.0,0.0,162996012574809.25,-514.9043604062351,0.2842046165367841,1.0,60422733792697.555,1323138229561.3674,4270630416690279.5,-13194754866.731867,0.01944188390310131,-0.15326740095810495,0.07010323384137533,0.010733191783368469,1298468338765459.8,5629521489248437.0,5630844627477999.0,5569098755455739.0,394687.3890815433,-13194754866.731867,1.0,477.73364141161295,4.758479420750382e-09,4.758479420750382e-09,0.04701542894593347,120003.1443670476,477.73364141161295
2233.0,8207.699606558235,10820431335.547108,446.9336063505336,6.2115759760095e-05,2.677898995228658,0.23316510198069013,1.1517719274481316e+16,0.398458074884122,0.398458074884122,664615522526.7367,0.2552290958702249,527664.6836552154,527545.5122024325,521933.52578483167,119.17145278298142,5611.9864176008505,1.0406027987178674,0.0002258469374100654,0.00022584693741006543,0.00022584693741006543,0.010637918981002326,5611.9864176008505,-40356008.04903375,-0.003729611768475148,-1.1952587854987047,0.8979572986917222,0.0,0.0,165038683013900.75,-515.6078861398385,0.2818232257011105,1.0,60724113687673.0,1289486521995.6448,4330735267012744.0,-12933215616.698162,0.019065845266216165,-0.15165873616925138,0.07006930545322723,0.010637918981002326,1316810610462032.5,5708269991162450.0,5709559477684445.0,5647545877474777.0,400236.8420180702,-12933215616.698162,1.0,476.3201951434735,4.659247135153679e-09,4.659247135153679e-09,0.04697766295697381,121696.68376676143,476.3201951434735
2234.0,8286.73018868708,10820572223.985172,446.43332092355655,6.194959343838116e-05,2.67662897422136,0.23317427530234044,1.1682757957495216e+16,0.3982423484569473,0.3982423484569473,651682306910.0386,0.25024253232610183,535022.1274795873,534905.9698239898,529265.7112249902,116.15765559756264,5640.258598999579,1.0394299649327834,0.0002171081337229261,0.00021710813372292608,0.00021710813372292605,0.010544392691776275,5640.258598999579,-40071068.98966781,-0.0037032301213095918,-1.171317274520985,0.8960870081793569,0.0,0.0,167103451541383.75,-516.295295139554,0.27948420991553213,1.0,61030825532428.36,1256892301762.222,4391578606697980.5,-12674323166.155785,0.018693097922043822,-0.1500419765291124,0.07002209999948092,0.010544392691776275,1335379247290905.2,5787988679521315.0,5789245571823077.0,5726957853988886.0,405854.5625677253,-12674323166.155785,1.0,474.9293117149647,4.562254210280146e-09,4.562254210280146e-09,0.046940089123004514,123411.14865726489,474.9293117149647
2235.0,8366.401572519497,10820708768.568285,445.9335955025959,6.178521728526399e-05,2.675375821361936,0.23318342064854414,1.18498614090366e+16,0.3980288923840202,0.3980288923840202,639007983743.8828,0.2453775612984032,542470.3114143334,542357.0715062167,536688.0398016451,113.23990811678426,5669.031704571587,1.0382836572695495,0.00020874858169020187,0.0002087485816902019,0.00020874858169020195,0.010452581891903307,5669.031704571587,-39788648.84443759,-0.003677083423593714,-1.1476350770366806,0.8942206131602469,0.0,0.0,169190426014874.25,-516.9669767989237,0.27718686568691087,1.0,61342941074949.39,1225336066711.1543,4453168411348851.5,-12418224941.207348,0.018323838036017292,-0.14841788576739132,0.0699618920018268,0.010452581891903307,1354176566918534.2,5868687919342335.0,5869913255409046.0,5807344978267386.0,411541.2868595355,-12418224941.207348,1.0,473.5608826604319,4.467446011248689e-09,4.467446011248689e-09,0.0469027016306347,125146.75294210961,473.5608826604319
2236.0,8446.717801098233,10820841103.173319,445.4344294607959,6.162260848745775e-05,2.674139596194245,0.23319251962470913,1.2019051835051474e+16,0.39781768277161356,0.39781768277161356,626589758802.6754,0.24063255531312636,550010.1973013635,549899.7809609538,544201.4685215452,110.4163404096282,5698.312439408597,1.0371638797259075,0.0002007532604875115,0.00020075326048751152,0.0002007532604875115,0.010362456281489612,5698.312439408597,-39508720.39989552,-0.003651169074861398,-1.1242261217496397,0.8923581055207502,0.0,0.0,171299715424433.25,-517.623307675298,0.2749305051779768,1.0,61660533463076.37,1194797674766.482,4515512720055637.0,-12165072227.489632,0.01795826696981213,-0.14678723617822168,0.06988896083797674,0.010362456281489612,1373204898929580.8,5950378152448294.0,5951572950123061.0,5888717618985217.0,417297.7568935392,-12165072227.489632,1.0,472.21480187484605,4.374769359454454e-09,4.374769359454454e-09,0.0468654949495233,126903.71162800596,472.21480187484605
2237.0,8527.682933346234,10820969357.554262,444.9358221720026,6.146174458159522e-05,2.6729203582621457,0.23320155383624352,1.2190351550475908e+16,0.39760869597746307,0.39760869597746307,614424686575.1858,0.23600581577056204,557642.754079922,557535.0690543615,551806.9614114118,107.6850255604733,5728.10764294976,1.0360706379419864,0.00019310754918379122,0.00019310754918379122,0.0001931075491837912,0.010273986267205104,5728.10764294976,-39231256.83328247,-0.003625484514092502,-1.101104703046861,0.8904994771641241,0.0,0.0,173431429714033.0,-518.2646519871337,0.2727144558602369,1.0,61983677281131.72,1165256361857.329,4578619635956390.0,-11915020251.12897,0.017596591390277437,-0.14515080916408818,0.06980359089277646,0.010273986267205104,1392466584761623.8,6033069897999146.0,6034235154361003.0,5971086220718014.0,423124.72059261444,-11915020251.12897,1.0,470.8909656089154,4.284172488873651e-09,4.284172488873651e-09,0.04682846381389294,128682.24081879729,470.8909656089154
2238.0,8609.301044059168,10821093657.468994,444.43777301076295,6.130260344787467e-05,2.6717181671094985,0.23321050488855521,1.236378298018994e+16,0.3974019086081212,0.3974019086081212,602509666324.0568,0.23149557078122485,565368.9578349025,565263.9138537293,559505.4895614025,105.04398117317862,5758.4242923267475,1.0350039392127166,0.00018579722094302407,0.00018579722094302405,0.00018579722094302405,0.010187142945439868,5758.4242923267475,-38956231.70323871,-0.003600027218722955,-1.0782854885039699,0.8886447200104902,0.0,0.0,175585679611143.75,-518.8913620876291,0.270538060175734,1.0,62312448586712.35,1136690758428.3757,4642497326781839.0,-11668228260.591164,0.017239023380679577,-0.143509395780967,0.06970607171198072,0.010187142945439868,1411963977630137.8,6116773752998690.0,6117910443757118.0,6054461304411977.0,429022.9318528695,-11668228260.591164,1.0,469.5892724645251,4.195605003939139e-09,4.195605003939139e-09,0.046791603205493804,130482.55770853293,469.5892724645251
2239.0,8691.576223897411,10821214124.80218,443.9402813523242,6.11451633038392e-05,2.6705330822801607,0.2332193543870523,1.2539368659801084e+16,0.3971972975163383,0.3971972975163383,590841438063.4656,0.22709997296580975,573189.7918428209,573087.300672095,567298.0311663636,102.49117072585219,5789.269505731402,1.0339637925004337,0.00017880843689895497,0.00017880843689895495,0.00017880843689895497,0.01010189808593205,5789.269505731402,-38683618.94094041,-0.003574794703699441,-1.0557835264798705,0.8867938259967986,0.0,0.0,177762576463902.75,-519.5037789159085,0.2684006752077025,1.0,62646924947707.18,1109078904326.1033,4707154025385910.0,-11424859609.47743,0.01688578055378929,-0.14186379728483295,0.06959669815871046,0.01010189808593205,1431699442444011.2,6201500392777628.0,6202609471681955.0,6138853467829921.0,434993.1505926984,-11424859609.47743,1.0,468.30962339050393,4.109017838912831e-09,4.109017838912831e-09,0.046754908337899304,132304.8805736652,468.30962339050393
2240.0,8774.512579377422,10821330877.684376,443.4433465726324,6.0989402698285594e-05,2.669365163317992,0.2332280839371427,1.2717131236264986e+16,0.39699483979847183,0.39699483979847183,579416578453.9882,0.2228170972183628,581106.2466155577,581006.2221107999,575185.5715649883,100.02450475783306,5820.650545811578,1.0329502084476916,0.00017212773970403771,0.0001721277397040377,0.00017212773970403771,0.010018224115853892,5820.650545811578,-38413392.84163078,-0.003549784520575601,-1.0336142538056863,0.8849467870767938,0.0,0.0,179962232085342.5,-520.1022324269632,0.2663016723599818,1.0,62987185479601.24,1082398261861.0266,4772598030262904.0,-11185081840.322168,0.016537086166584645,-0.1402148256796874,0.06947577057261377,0.010018224115853892,1451675355711841.2,6287260571454345.0,6288342969716206.0,6224273385974745.0,441036.14280059584,-11185081840.322168,1.0,467.05192167873423,4.024363218685653e-09,4.024363218685653e-09,0.046718374642074734,134149.4287643925,467.05192167873423
2241.0,8858.114232862708,10821444030.60752,442.94696804833274,6.083530050529954e-05,2.6682144697668515,0.23323667514423452,1.2897093468350328e+16,0.3967945127919221,0.3967945127919221,568231496613.666,0.21864493843195998,589119.3199419808,589021.6781001099,583169.1032770097,97.64184187088777,5852.574823100193,1.0319631993902674,0.00016574204675634128,0.00016574204675634128,0.0001657420467563413,0.0099360941043421,5852.574823100193,-38145528.05651701,-0.0035249942566468653,-1.0117935035717405,0.883103595220979,0.0,0.0,182184758604252.0,-520.6870420014898,0.2642404370449988,1.0,63333310883121.44,1056625726851.2418,4838837706052451.0,-10949066769.433878,0.016193169236478996,-0.13856330426726757,0.06934359493175475,0.0099360941043421,1471894105439284.8,6374065122374858.0,6375121748101709.0,6310731811491736.0,447152.6805818352,-10949066769.433878,1.0,465.8160729605927,3.9415946209400495e-09,3.9415946209400495e-09,0.04668199775304638,136016.42269517446,465.8160729605927
2242.0,8942.385322554166,10821553694.53683,442.4511451567679,6.068283591841436e-05,2.667081061170599,0.23324510961373568,1.307927822695458e+16,0.3965962940725962,0.3965962940725962,557282429844.2322,0.21458140918623186,597230.0169275333,597134.675938006,591249.6260385236,95.34098952727165,5885.049899482429,1.031002779370377,0.0001596386431106662,0.00015963864311066623,0.00015963864311066623,0.009855481747459947,5885.049899482429,-37879999.58500736,-0.003500421534121367,-0.990337513017252,0.8812642424165819,0.0,0.0,184430268322185.25,-521.2585168366822,0.26221636838018103,1.0,63685383482277.69,1031737637459.6438,4905881484033062.0,-10716990572.830261,0.015854264659049516,-0.13691006819860202,0.06920048301725688,0.009855481747459947,1492358091017643.2,6461924958532982.0,6462956696170442.0,6398239575050705.0,453343.54220408795,-10716990572.830261,1.0,464.60198520373393,3.860666739614339e-09,3.860666739614339e-09,0.04664577349761956,137906.08383443567,464.60198520373393
2243.0,9027.33000247994,10821659977.019333,441.95587727597757,6.053198844489024e-05,2.6659649970730928,0.23325336895105417,1.3263708495276766e+16,0.3964001614523972,0.3964001614523972,546565439271.4019,0.21062433739608855,605439.3500318818,605346.2303272536,599428.1468355478,93.11970462821743,5918.083491705897,1.0300689641500995,0.00015380517408277784,0.00015380517408277784,0.0001538051740827778,0.009776361353578676,5918.083491705897,-37616782.767264724,-0.003476064009324539,-0.9692629315266,0.8794287206675189,0.0,0.0,186698873576228.5,-521.8169563191948,0.26022887889199164,1.0,64043487262852.53,1007709780647.0426,4973737862605210.0,-10489033873.309837,0.015520613327285,-0.135255965027583,0.06904675258072927,0.009776361353578676,1513069723103905.2,6550851072971967.0,6551858782752614.0,6486807585709115.0,459609.51214206906,-10489033873.309837,1.0,463.40956870921667,3.781535449611616e-09,3.781535449611616e-09,0.046609697883045254,139818.6346934787,463.40956870921667
2244.0,9112.95244248469,10821762982.288984,441.46116378469765,6.038273790011146e-05,2.664866337018192,0.23326143476159805,1.3450407368852994e+16,0.39620609297674086,0.39620609297674086,536076405398.0921,0.2067714639209946,613748.339104702,613657.3634108444,607705.6799359061,90.97569385760421,5951.683474938256,1.0291617712250138,0.0001482296375584721,0.0001482296375584721,0.0001482296375584721,0.00969870782916622,5951.683474938256,-37355853.2770548,-0.00345191937193522,-0.9485868287361199,0.8775970219943611,0.0,0.0,188990686607107.25,-522.3626503807833,0.2582773942286981,1.0,64407707911387.89,984517396076.2766,5042415407764739.0,-10265381828.703444,0.015192462252389839,-0.1336018552667297,0.0688827275145066,0.00969870782916622,1534031423492407.0,6640854539168534.0,6641839056564611.0,6576446831257146.0,465951.38112128415,-10265381828.703444,1.0,462.23873610897743,3.7041577726997223e-09,3.7041577726997223e-09,0.04657376708657801,141754.29881462193,462.23873610897743
2245.0,9199.256828218422,10821862811.368639,440.9670040623594,6.023506440209847e-05,2.6637851405497557,0.2332692886507753,1.3639398055460102e+16,0.3960140669220981,0.3960140669220981,525811023569.3887,0.203020440134131,622158.0114196884,622069.1048059113,616083.2469195345,88.906613777093,5985.8578863768425,1.0282812198380589,0.00014290037602219253,0.0001429003760221925,0.0001429003760221925,0.009622496664971749,5985.8578863768425,-37097187.11486934,-0.003427985344251252,-0.9283267027553279,0.8757691384342992,0.0,0.0,191305819432300.75,-522.8958798380058,0.25636135288023587,1.0,64778132854719.234,962135177319.0375,5111922753567442.0,-10046224221.348352,0.0148700646861919,-0.1319486129453207,0.06870873802473505,0.009622496664971749,1555245624978310.8,6731946511400472.0,6732908646577790.0,6667168378545753.0,472369.9461609547,-10046224221.348352,1.0,461.0894023636564,3.6284918445514208e-09,3.6284918445514208e-09,0.04653797744578658,143713.30075857977,461.0894023636564
2246.0,9286.247361124671,10821959562.168842,440.473397489089,6.008894836613262e-05,2.662721467211643,0.23327691222399394,1.3830703874892402e+16,0.39582406179356316,0.39582406179356316,515764799348.04034,0.19936882545076703,630669.4017068445,630582.4916361836,624561.8767072692,86.91007066092159,6020.614928914353,1.027427330993609,0.00013780606832313104,0.00013780606832313104,0.00013780606832313106,0.009547703922594738,6020.614928914353,-36840760.60130642,-0.003404259680482776,-0.9085004885059429,0.8739450620411093,0.0,0.0,193644383723751.75,-523.4169167165703,0.2544802059057182,1.0,65154851300101.17,940537270237.7302,5182268602585358.0,-9831755548.821953,0.014553680245207656,-0.1302971261700776,0.06852512080733889,0.009547703922594738,1576714771212992.0,6824138225098451.0,6825078762368688.0,6758983373798350.0,478866.01061617467,-9831755548.821953,1.0,459.9614847607732,3.5544968828773736e-09,3.5544968828773736e-09,0.04650232544962862,145695.86609109456,459.9614847607732
2247.0,9373.928258428248,10822053329.583609,439.9803434457061,5.99443704994906e-05,2.661675376547713,0.2332842870866619,1.4024348258616154e+16,0.39563605632244747,0.39563605632244747,505933043799.2184,0.19581408481514279,639283.5521831318,639198.568563071,633142.6055882061,84.983620060875,6055.962974864905,1.0266001274717806,0.00013293572120017604,0.00013293572120017604,0.00013293572120017604,0.00947430622142789,6055.962974864905,-36586550.37069138,-0.0033807401660715243,-0.8891265661825577,0.8721247848851182,0.0,0.0,196006490689893.75,-523.9260245611796,0.2526334166682239,1.0,65537954275971.8,919697268439.8606,5253461726355578.0,-9622175115.97719,0.014243575036417265,-0.12864829768858418,0.0683322192269034,0.00947430622142789,1598441316551509.2,6917440997183059.0,6918360694451498.0,6851903042907087.0,485440.38421936985,-9622175115.97719,1.0,458.8549029132619,3.482133156606828e-09,3.482133156606828e-09,0.04646680773014511,147702.2213688362,458.8549029132619
2248.0,9462.303753122325,10822144205.583252,439.4878413137237,5.980131179628627e-05,2.6606469281018246,0.2332913948441873,1.4220354749306048e+16,0.3954500294638992,0.3954500294638992,496310868683.2412,0.1923535861451467,648001.5125815269,647918.3878154322,641826.4772456777,83.12476609473744,6091.910569754392,1.0257996338429667,0.00012827866059074867,0.00012827866059074867,0.00012827866059074867,0.009402280725963516,6091.910569754392,-36334533.364923514,-0.003357424617034595,-0.8702237698382482,0.8703082990531686,0.0,0.0,198392250961615.5,-524.4234587321172,0.2508204605751829,1.0,65927534673398.86,899588205732.626,5325510965822002.0,-9417687128.315811,0.013940021784805443,-0.12700304545562868,0.06813038349851225,0.009402280725963516,1620427725892220.2,7011866226387621.0,7012765814593354.0,6945938691714222.0,492093.8831211026,-9417687128.315811,1.0,457.76957875836655,3.411361956073447e-09,3.411361956073447e-09,0.04643142105479403,149732.5941245752,457.76957875836655
2249.0,9551.378093955147,10822232279.30437,438.99589047534704,5.96597535324174e-05,2.659636181417837,0.233298217101978,1.4418747000267664e+16,0.39526596039454726,0.39526596039454726,486893181554.9254,0.18898459773405063,656824.3401785563,656743.0092181014,650614.5427819222,81.33096045482897,6128.466436179206,1.0250258764826066,0.00012382452275249014,0.00012382452275249014,0.00012382452275249014,0.009331605133453304,6128.466436179206,-36084686.827534884,-0.003334310879331295,-0.8518113960985617,0.8684955966485849,0.0,0.0,200801774481906.25,-524.9094666862778,0.24904082483316659,1.0,66323687288252.016,880182545541.0774,5398425231770700.0,-9218500786.737175,0.013643299962721603,-0.1253623032026592,0.06791997087257838,0.009331605133453304,1642676474508672.8,7107425393567625.0,7108305576113167.0,7041101706279372.0,498827.32993028115,-9218500786.737175,1.0,456.7054365568994,3.3421455641672004e-09,3.3421455641672004e-09,0.04639616231926036,151787.21285164103,456.7054365568994
2250.0,9641.155545415982,10822317637.137064,438.50449031347307,5.951967726061475e-05,2.658643196039609,0.23330473546544214,1.461954877474957e+16,0.3950838285101704,0.3950838285101704,477674680768.18823,0.18570428560854874,665753.0998203385,665673.5002192014,659507.8607414644,79.59960113708658,6165.639477736987,1.0242788835861953,0.0001195632452309535,0.00011956324523095347,0.00011956324523095347,0.009262257661911863,6165.639477736987,-35836988.29794889,-0.0033113968282517726,-0.8339092130072071,0.8666866697911391,0.0,0.0,203235170398817.75,-525.3842882508039,0.2472940081944035,1.0,66726508864141.55,861452167294.9675,5472213505259110.0,-9024830383.698986,0.01335369592111271,-0.12372702101054421,0.06770134582270941,0.009262257661911863,1665190047873774.5,7204130061997027.0,7204991514164322.0,7137403553132885.0,505641.5537537974,-9024830383.698986,1.0,455.6624028928682,3.2744472284115285e-09,3.2744472284115285e-09,0.046361028540827354,153866.30698766702,455.6624028928682
2251.0,9731.640387720796,10822400362.80948,438.0136402116891,5.938106480559151e-05,2.6576680315109997,0.23331093153998766,1.4822783945148388e+16,0.39490361342339103,0.39490361342339103,468649850384.48926,0.18250971084232298,674788.8639472103,674710.9359163147,668507.4971332812,77.928030895624,6203.438783033501,1.0235586851845384,0.00011548505771091151,0.00011548505771091151,0.00011548505771091154,0.009194217038454704,6203.438783033501,-35591415.60592742,-0.0032886803678262686,-0.8165374690067948,0.8648815106170163,0.0,0.0,205692546961521.25,-525.8481558799508,0.24557952072484557,1.0,67136098136168.164,843368349837.8296,5546884838039719.0,-8836895400.826672,0.013071503022681279,-0.12209816588583247,0.06747488023664981,0.009194217038454704,1687970941476360.2,7301991877652249.0,7302835246002086.0,7234855779516080.0,512537.3902356497,-8836895400.826672,1.0,454.6404066734758,3.208231133933487e-09,3.208231133933487e-09,0.04632601685208937,155970.10689763146,454.6404066734758
2252.0,9822.836916797118,10822480537.469746,437.5233395542729,5.924389825929046e-05,2.6567107473758687,0.2333167869310226,1.502847649210991e+16,0.394725294961393,0.394725294961393,459812954983.6626,0.17939782682434507,683932.7126169427,683856.3990815098,677614.5254517408,76.31353543284554,6241.873629768993,1.0228653131592509,0.00011158047279365516,0.00011158047279365515,0.00011158047279365515,0.009127462487961622,6241.873629768993,-35347946.86619657,-0.003266159430253943,-0.7997169020576081,0.8630801112787806,0.0,0.0,208174011419091.5,-526.3012949032681,0.2438968835711216,1.0,67552555875520.56,825901751967.4786,5622448352978180.0,-8654920608.004063,0.012797021777020676,-0.12047672234070847,0.06724095361034375,0.009127462487961622,1711021660630082.5,7401022569483783.0,7401848471235751.0,7333470013608263.0,519515.68159555097,-8654920608.004063,1.0,453.63937912949353,3.1434623772900294e-09,3.1434623772900294e-09,0.04629112449513295,158098.8438561898,453.63937912949353
2253.0,9914.749444268562,10822558239.765406,437.0335877261913,5.910815997622683e-05,2.6557714031780746,0.2333222832439549,1.5236650503529002e+16,0.39454885316366334,0.39454885316366334,451158034375.6585,0.1763654764811023,693185.7335266187,693110.9801852776,686830.0266963696,74.75334134107248,6280.953488908045,1.022198801258511,0.00010784027674770647,0.00010784027674770645,0.00010784027674770648,0.00906197372205684,6280.953488908045,-35106560.47324143,-0.0032438319753502584,-0.78346874889779,0.8612824639453409,0.0,0.0,210679669921803.75,-526.7439237626531,0.24224562873521804,1.0,67975984934965.04,809022390280.82,5698913244466385.0,-8479136163.9824705,0.01253055997777711,-0.11886369297684075,0.06699995324516356,0.00906197372205684,1734344720274704.0,7501233949676053.0,7502042972066334.0,7433257964741089.0,526577.2766670662,-8479136163.9824705,1.0,452.6592538160149,3.0801069411189244e-09,3.0801069411189244e-09,0.0462563488159784,160252.75002930345,452.6592538160149
2254.0,10007.382297438664,10822633545.920397,436.54438411309934,5.897383256892464e-05,2.6548500584614763,0.23332740208419256,1.5447330173450806e+16,0.39437426827975824,0.39437426827975824,442678898211.676,0.1734093894519193,702549.0220331794,702475.7774193612,696155.0893904248,73.24461381831615,6320.688028936368,1.0215591851130716,0.00010425552028575309,0.00010425552028575309,0.00010425552028575312,0.008997730928397648,6320.688028936368,-34867235.09626203,-0.0032216959900120863,-0.7678147544480268,0.8594885608019169,0.0,0.0,213209627424600.5,-527.1762542393014,0.24062529885521933,1.0,68406490295264.21,792699614568.093,5776288778830343.0,-8309777718.541847,0.012272432841889015,-0.11726009907332247,0.06675227444835043,0.008997730928397648,1757942644769681.2,7602637913895288.0,7603430613509855.0,7534231423600024.0,533723.0309352682,-8309777718.541847,1.0,451.699966613593,3.018131669583506e-09,3.018131669583506e-09,0.04622162367568117,162432.05845515666,451.699966613593
2255.0,10100.739819274322,10822706529.809677,436.0557281013401,5.884089890344456e-05,2.6539443690288045,0.23333221828397838,1.5660539800875406e+16,0.3942015207670919,0.3942015207670919,434369120493.13416,0.1705261792165311,712023.6811726921,711951.8967185037,705590.8668101648,71.78445418839057,6361.029908338931,1.020942970537656,0.00010081750942631945,0.00010081750942631947,0.00010081750942631947,0.008934634401085103,6361.029908338931,-34629951.72876889,-0.00319974967753079,-0.7526502582938985,0.8576983940500051,0.0,0.0,215764843986454.75,-527.5991965630956,0.2390332970976966,1.0,68843559925294.4,776902081083.5182,5854584057526445.0,-8145712865.100316,0.012022963150953124,-0.11566698117890471,0.0664983207367152,0.008934634401085103,1781818824073995.2,7705246441525735.0,7706023343606818.0,7636402881600440.0,540953.784656434,-8145712865.100316,1.0,450.7589608538315,2.957504539868903e-09,2.957504539868903e-09,0.046186929863596626,164637.08215373088,450.7589608538315
2256.0,10194.826368388472,10822777263.03154,435.5676190779434,5.870934209500084e-05,2.653051219943174,0.23333684531933033,1.587630464486186e+16,0.39403059128874945,0.39403059128874945,426223407628.0338,0.1677123401740434,721610.8333557985,721540.4634573957,715138.5512988175,70.36989840281352,6401.912158578193,1.0203455416890856,9.751779650474959e-05,9.75177965047496e-05,9.751779650474959e-05,0.008872561530232467,6401.912158578193,-34394692.14803847,-0.003177991315179692,-0.7378257787064614,0.8559119559073453,0.0,0.0,218346609877878.5,-528.0138546405561,0.23746640823865628,1.0,69286469349785.234,761597736435.8096,5933808178550093.0,-7985324061.862831,0.011781617368200232,-0.11408512085754371,0.0662384324764239,0.008872561530232467,1805977074364064.5,7809071722263942.0,7809833320000378.0,7739785252914157.0,548270.3777725154,-7985324061.862831,1.0,449.8329042828959,2.898194399521351e-09,2.898194399521351e-09,0.04615236005929657,166868.17352630215,449.8329042828959
2257.0,10289.646319022435,10822845814.97773,435.0800564306251,5.8579145503665854e-05,2.6521703424328176,0.2333412914033629,1.6094651254739738e+16,0.3938614607113218,0.3938614607113218,418238083566.17096,0.16496462316283284,731311.6248867523,731242.6266556024,724799.2918816401,68.99823114996131,6443.33477396231,1.0197664715776673,9.434860434585062e-05,9.434860434585062e-05,9.434860434585061e-05,0.00881148682952391,6443.33477396231,-34161435.683978625,-0.0031564189556043233,-0.7233394062882843,0.8541292386078858,0.0,0.0,220955196734814.0,-528.4204754472839,0.23592401122265128,1.0,69735218792878.46,746757217242.2249,6013970660631243.0,-7828590866.155634,0.011547082602844112,-0.11251494945028247,0.06597286225728483,0.00881148682952391,1830420322208788.0,7914126201632909.0,7914872958850151.0,7844390982840031.0,555673.6891057353,-7828590866.155634,1.0,448.92143493856,2.840170468346364e-09,2.840170468346364e-09,0.046117912407884765,169125.60277590487,448.92143493856
2258.0,10385.2040610276,10822912252.90138,434.59303954778676,5.8450292730159805e-05,2.6513014757363282,0.2333455644455391,1.6315606451474552e+16,0.3936941101027644,0.3936941101027644,410409492700.0153,0.162280374337982,741127.2120936741,741059.5448318549,734574.2469446538,67.66726181926639,6485.297887201024,1.0192053468639892,9.13031672769204e-05,9.13031672769204e-05,9.13031672769204e-05,0.008751385678019339,6485.297887201024,-33930161.917689875,-0.0031350306761097463,-0.7091894451023945,0.852350234401751,0.0,0.0,223590872555146.25,-528.8192964720697,0.2344055060330138,1.0,70189809967103.41,732356837064.0239,6095081100220497.0,-7675495135.027036,0.01131861895607452,-0.11095688208281744,0.06570185900484758,0.008751385678019339,1855151517702601.5,8020422427890202.0,8021154784727266.0,7950232617923098.0,563164.6046641967,-7675495135.027036,1.0,448.02420280031595,2.78340273950561e-09,2.78340273950561e-09,0.04608358522919476,171409.64228045708,448.02420280031595
2259.0,10481.503999846542,10822976641.982876,434.1065678185141,5.8322767611724037e-05,2.6504443590922957,0.2333496723553221,1.6539197324029698e+16,0.39352852073027794,0.39352852073027794,402733997564.9883,0.15965727906956564,751058.7613120463,750992.3862094268,744464.584633974,66.37510261955688,6527.801575452876,1.018661756011745,8.837537891656346e-05,8.837537891656346e-05,8.837537891656346e-05,0.008692234029696926,6527.801575452876,-33700850.679136544,-0.00311382457838902,-0.6953739851313584,0.8505749355552061,0.0,0.0,226253905436227.5,-529.2105483361166,0.23291030603208818,1.0,70650243974625.5,718376185260.6805,6177149172437787.0,-7526016398.519239,0.011095805281738556,-0.10941131858591835,0.0654256681379245,0.008692234029696926,1880173637839197.5,8127973054251609.0,8128691430436869.0,8057322810276984.0,570744.0177294952,-7526016398.519239,1.0,447.14086135968404,2.7278619584654933e-09,2.7278619584654933e-09,0.04604937708546264,173720.5669044788,447.14086135968404
2260.0,10578.550556493668,10823039045.393686,433.6206406325771,5.8196554218075854e-05,2.649598731739313,0.23335362304217502,1.6765451229465926e+16,0.3933646740582112,0.3933646740582112,395207981166.46906,0.1570932193141104,761107.4489192874,761042.3288740425,754471.4830177852,65.12004524492315,6570.845856257249,1.0181352892186801,8.555959521535164e-05,8.555959521535163e-05,8.555959521535163e-05,0.00863400839474826,6570.845856257249,-33473482.04037661,-0.0030927987878435134,-0.6818908940705142,0.848803334350625,0.0,0.0,228944564053275.5,-529.5944550287165,0.23143783755726766,1.0,71116521263535.52,704796792323.6067,6260184632337701.0,-7380131771.223585,0.01087839548585894,-0.10787864345087599,0.06514453148343857,0.00863400839474826,1905489686999868.2,8236790840601105.0,8237495637393428.0,8165674319337569.0,578412.8289735822,-7380131771.223585,1.0,446.2710675247009,2.6735196020830264e-09,2.6735196020830264e-09,0.0460152866631911,176058.65404420302,446.2710675247009
2261.0,10676.348167535203,10823099524.358236,433.13525738042847,5.807163684744323e-05,2.64876433291597,0.2333574244155609,1.6994395793519202e+16,0.3932025517459865,0.3932025517459865,387827849395.2455,0.1545861951090593,771274.4613759003,771210.5608829458,764596.1301994451,63.9004929545314,6614.43068350071,1.0176255383492456,8.285052358733276e-05,8.285052358733275e-05,8.285052358733276e-05,0.0085766858222584,6614.43068350071,-33248036.310689416,-0.003071951453080709,-0.6687378089953512,0.8470354230864557,0.0,0.0,231663117968297.5,-529.9712341419867,0.22998753953802653,1.0,71588641584497.06,691601394902.4457,6344197315767544.0,-7237815862.457954,0.010666238893894791,-0.10635922576824204,0.06485868718753966,0.0085766858222584,1931102697320217.5,8346888654672259.0,8347580256067162.0,8275300013087762.0,586171.9465379977,-7237815862.457954,1.0,445.41448152711524,2.6203478586860115e-09,2.6203478586860115e-09,0.04598131271090322,178424.18366144737,445.41448152711524
2262.0,10774.901285068741,10823158138.213875,432.6504174532036,5.7948000022677425e-05,2.6479409018608595,0.23336108438494285,1.72260589114875e+16,0.39304213564604656,0.39304213564604656,380590033532.78754,0.15213428160090325,781560.9952708932,781498.2803476613,774839.7244042662,62.71492323182143,6658.555943395137,1.017132096868976,8.024315902571891e-05,8.02431590257189e-05,8.024315902571891e-05,0.008520243883880304,6658.555943395137,-33024494.03271513,-0.0030512807455075307,-0.6559121278991664,0.8452711940771876,0.0,0.0,234409837843453.0,-530.3410971004308,0.22855886312988183,1.0,72066603947509.44,678773531763.9465,6429197140005227.0,-7099040685.025043,0.010459236095970407,-0.1048534191500485,0.06456836962295562,0.008520243883880304,1957015728992203.0,8458279472944939.0,8458958246476704.0,8386212868997430.0,594022.2860927564,-7099040685.025043,1.0,444.5707668322646,2.568319608924443e-09,2.568319608924443e-09,0.04594745400704192,180817.43831150985,444.5707668322646
2263.0,10874.214376702173,10823214944.468998,432.1661202427191,5.782562848744204e-05,2.647128177812573,0.23336461085978402,1.7460468749330952e+16,0.3928834078018232,0.3928834078018232,373490992847.7625,0.14973560577524597,791968.2573701447,791906.6955028139,785203.4740523603,61.561867330868,6703.221450453619,1.0166545597805432,7.773274592506252e-05,7.773274592506253e-05,7.773274592506254e-05,0.00846466065828307,6703.221450453619,-32802835.979131475,-0.003030784858975267,-0.6434110010962816,0.8435106396533173,0.0,0.0,237184995599700.0,-530.7042493832648,0.22715127136278435,1.0,72550406578634.77,666297322504.8683,6515194104279686.0,-6963775562.501034,0.01025731443786838,-0.10336156163568065,0.06427380929254298,0.00846466065828307,1983231870532795.2,8570976381391116.0,8571642678713620.0,8498425974812481.0,601964.7708843807,-6963775562.501034,1.0,443.73959005156087,2.5174084072683295e-09,2.5174084072683295e-09,0.04591370934408867,183238.70316797958,443.73959005156087
2264.0,10974.291925532001,10823269998.859385,431.6823651414725,5.770450720247653e-05,2.6463259000097024,0.23336801174954747,1.7697653744930652e+16,0.3927263504457272,0.3927263504457272,366527217285.2615,0.14738833412186672,802497.4646669589,802437.0247677985,795688.5978243419,60.43989916037186,6748.426943456707,1.0161925235614966,7.531475402910435e-05,7.531475402910435e-05,7.531475402910434e-05,0.008409914716247673,6748.426943456707,-32583043.149614032,-0.0030104620094525787,-0.6312313224892566,0.8417537521613161,0.0,0.0,239988864543388.5,-531.0608907385683,0.2257642388024833,1.0,73040046876609.31,654157347316.5392,6602198290230236.0,-6831987035.038304,0.010060414390345798,-0.1018839755815626,0.063975232729,0.008409914716247673,2009754239036454.0,8684992576143298.0,8685646733490615.0,8611952529266690.0,610000.3317782899,-6831987035.038304,1.0,442.9206208575588,2.467588464079294e-09,2.467588464079294e-09,0.045880077521368356,185688.26604605195,442.9206208575588
2265.0,11075.13843012127,10823323355.4028,431.1991515426413,5.758462134193289e-05,2.6455338076908386,0.2333712949636963,1.793764260947404e+16,0.39257094599715947,0.39257094599715947,359695230250.22314,0.1450906663801408,813149.8444343884,813090.4968050455,806296.3247236415,59.34762934292656,6794.172081404013,1.015745586103656,7.29848621986857e-05,7.29848621986857e-05,7.29848621986857e-05,0.008355985106333187,6794.172081404013,-32365096.767945547,-0.002990310434714075,-0.6193697206972754,0.8400005239635956,0.0,0.0,242821719473508.25,-531.4112153889741,0.22439725122385767,1.0,73535521369285.7,642338582755.0856,6690219862335916.0,-6703638763.652129,0.009868481941611666,-0.10042096753480649,0.06367286239070394,0.008355985106333187,2036585980420912.2,8800341364126115.0,8800983702708870.0,8726805842756829.0,618129.9072984162,-6703638763.652129,1.0,442.113531901545,2.4188346282112225e-09,2.4188346282112225e-09,0.04584655734234677,188166.4174252252,442.113531901545
2266.0,11176.758404476734,10823375066.451916,430.71647884008235,5.7465956289783464e-05,2.644751640094573,0.23337446841169363,1.8180464328947548e+16,0.3924171770605433,0.3924171770605433,352991591486.57104,0.1428408326766976,823926.634279026,823868.3505768707,817027.8941374226,58.283702155225754,6840.456439448161,1.0153133466541555,7.073894656437063e-05,7.073894656437063e-05,7.073894656437063e-05,0.008302851341064977,6840.456439448161,-32148978.27920485,-0.0029703283940379814,-0.6078225500446064,0.8382509474384757,0.0,0.0,245683836776582.5,-531.7554122289229,0.22304980529551977,1.0,74036825669873.67,630826368687.3802,6779269068331357.0,-6578691432.980015,0.009681464324300632,-0.09897282809096615,0.06336691655363345,0.008302851341064977,2063730269671337.5,8917036163672568.0,8917666990041256.0,8842999338002695.0,626354.443665576,-6578691432.980015,1.0,441.31799873361587,2.371122370110398e-09,2.371122370110398e-09,0.045813147614307104,190673.45047184647,441.31799873361587
2267.0,11279.156378025627,10823425182.745615,430.234346428331,5.734849763629881e-05,2.6439791364594982,0.23337754000300256,1.8426148165724132e+16,0.39226502642337696,0.39226502642337696,346412900053.591,0.14063709256696116,834829.082196117,834771.8354020318,827884.5558972226,57.24679408518409,6887.279504809155,1.0148954057581168,6.85730711903203e-05,6.85730711903203e-05,6.85730711903203e-05,0.008250493383610858,6887.279504809155,-31934669.34699921,-0.002950514167909482,-0.5965858814073202,0.8365050149801511,0.0,0.0,248575494513315.75,-532.0936650136734,0.2217214082751846,1.0,74543954432959.16,619606392733.0342,6869356239618440.0,-6457102652.494478,0.009499307588032108,-0.09753983173602987,0.06305760919933706,0.008250493383610858,2091190311085728.8,9035090505137128.0,9035710111529862.0,8960546550704169.0,634674.8948354505,-6457102652.494478,1.0,440.53369972519397,2.3244277653933458e-09,2.3244277653933458e-09,0.04577984714913774,193209.6610617721,440.53369972519397
2268.0,11382.336895591825,10823473753.458693,429.7527537026001,5.723223117459363e-05,2.643216036024205,0.2333805176470862,1.867472366023745e+16,0.3921144770543069,0.3921144770543069,339955797401.0965,0.13847773515662018,845858.446625865,845802.2110125547,838867.5703398869,56.23561331020273,6934.6406726677615,1.0144913652029406,6.648348022594912e-05,6.648348022594912e-05,6.648348022594912e-05,0.008198891634920102,6934.6406726677615,-31722151.850723,-0.002930866057728096,-0.5856554929171701,0.8347627189986575,0.0,0.0,251496972499262.75,-532.4261525403595,0.22041157771532693,1.0,75056901310286.66,608664684672.6316,6960491791678422.0,-6338826856.157904,0.009321955193027615,-0.09612223667277912,0.06274514989890743,0.008198891634920102,2118969338523008.0,9154518031511716.0,9155126696196390.0,9079461130201430.0,643092.2225366106,-6338826856.157904,1.0,439.76031599394577,2.2787274788851954e-09,2.2787274788851954e-09,0.04574665476460571,195775.3478032763,439.76031599394577
2269.0,11486.30451737137,10823520826.250055,429.2717000587799,5.7117142897239684e-05,2.642462078027285,0.23338340925340764,1.892622063273671e+16,0.3919655121012216,0.3919655121012216,333616970544.9386,0.1363610798470029,857015.9965108366,856960.7476111224,849978.2083690854,55.24889971418647,6982.539242036959,1.014100827964204,6.446659098444013e-05,6.446659098444013e-05,6.446659098444013e-05,0.008148026921304853,6982.539242036959,-31511407.882835247,-0.002911382385518333,-0.5750268605214575,0.8330240519198396,0.0,0.0,254448552380910.0,-532.7530488213964,0.21911984117876981,1.0,75575658906295.3,597987616683.898,7052686224486925.0,-6223815200.50718,0.009149347168180291,-0.0947202846316343,0.062429743692921785,0.008148026921304853,2147070615654581.5,9275332499047802.0,9275930486664486.0,9199756840141506.0,651607.396308805,-6223815200.50718,1.0,438.9975313310594,2.233998749103746e-09,2.233998749103746e-09,0.0457135692858297,198370.81206028047,438.9975313310594
2270.0,11591.063818907582,10823566447.30942,428.7911848934365,5.700321899294386e-05,2.6417170017073306,0.23338622273142998,1.9180669185117624e+16,0.39181811488936497,0.39181811488936497,327393155344.4314,0.13428547745209143,868303.0113544206,868248.7259291869,861217.7515175758,54.285425233666565,7030.974411611088,1.0137233981531566,6.251898763887684e-05,6.251898763887685e-05,6.251898763887685e-05,0.008097880482446598,7030.974411611088,-31302419.746153157,-0.0028920614936432973,-0.5646951483981909,0.8312890061853179,0.0,0.0,257430517708039.25,-533.0745232505699,0.2178457359638446,1.0,76100218733404.86,587561907137.0376,7145950122933093.0,-6112015461.161073,0.008981419580713725,-0.09333420066610273,0.06211159096730779,0.008097880482446598,2175497436219801.5,9397547777886300.0,9398135339793436.0,9321447559152894.0,660221.3935416336,-6112015461.161073,1.0,438.24503213084716,2.1902193731757496e-09,2.1902193731757496e-09,0.04568058954670606,200996.35797594226,438.24503213084716
2271.0,11696.619391065475,10823610661.40258,428.3112076038117,5.68904458432903e-05,2.6409805463029326,0.2333889659906163,1.9438099702825664e+16,0.39167226891946977,0.39167226891946977,321281139883.2703,0.13224931154774489,879720.7812802632,879667.4372858447,872587.4920102528,53.34399441850276,7079.945275591932,1.0133586809657904,6.0637415363623585e-05,6.063741536362358e-05,6.0637415363623564e-05,0.008048433959811712,7079.945275591932,-31095169.951161746,-0.0028729017445212014,-0.554655199225164,0.829557574252455,0.0,0.0,260443154002905.5,-533.3907407621265,0.21658880883879572,1.0,76630571167043.66,577374626709.9062,7240294157243238.0,-6003371927.735858,0.008818104177397729,-0.09196419293293934,0.061790887325094954,0.008048433959811712,2204253124285471.5,9521177852695754.0,9521755227322464.0,9444547281528710.0,668935.1995136347,-6003371927.735858,1.0,437.50250732263106,2.147367692172912e-09,2.147367692172912e-09,0.04564771439125548,203652.29249661806,437.50250732263106
2272.0,11802.975840005658,10823653511.915285,427.8317675878218,5.677881001954501e-05,2.6402524510526826,0.23339164694042974,1.969854285682857e+16,0.3915279578659109,0.3915279578659109,315277767955.5345,0.1302509999761934,891270.6070926446,891218.1836474997,884088.7328280077,52.423445144910325,7129.450819491952,1.0130062826334918,5.8818774822965836e-05,5.881877482296583e-05,5.881877482296584e-05,0.007999669385461998,7129.450819491952,-30889641.213340804,-0.0028539015203448404,-0.5449015243029023,0.8278297485943246,0.0,0.0,263486748826617.25,-533.7018619831766,0.21534861578513076,1.0,77166705400421.38,567413206149.407,7335729083409125.0,-5897825297.169101,0.008659328119766104,-0.09061045245712455,0.0614678234540108,0.007999669385461998,2233341034509474.2,9646236823319022.0,9646804236525170.0,9569070117918600.0,677749.8074318013,-5897825297.169101,1.0,436.76964830488095,2.105422576855593e-09,2.105422576855593e-09,0.045614942674856884,206338.9253962063,436.76964830488095
2273.0,11910.137787157784,10823695040.895748,427.35286424405734,5.6668298279521654e-05,2.6395324551951727,0.2333942734903334,1.9962029605655184e+16,0.3913851655748779,0.3913851655748779,309379942658.36536,0.12828899646347375,902953.800337763,902902.2776883158,895722.7877724014,51.5226494471501,7179.489915914447,1.0126658103752482,5.706011694936916e-05,5.706011694936916e-05,5.7060116949369174e-05,0.007951569171246266,7179.489915914447,-30685816.450510357,-0.0028350592228040877,-0.5354282935303118,0.8261055216996765,0.0,0.0,266561591843048.0,-534.008043379716,0.21412472174962083,1.0,77708609399044.23,557665445314.9286,7432265743620889.0,-5795312565.439309,0.00850501377038868,-0.08927315288176109,0.061142584989881656,0.007951569171246266,2262764552408567.0,9772738905428500.0,9773296570873816.0,9695030296029456.0,686666.2184715257,-5795312565.439309,1.0,436.0461488815683,2.0643634138125823e-09,2.0643634138125823e-09,0.045582273265285966,209056.5693008757,436.0461488815683
2274.0,12018.1098691932,10823735289.09588,426.8744969717818,5.65588975645072e-05,2.638820297968994,0.23339685354979037,2.022859119749823e+16,0.3912438760625666,0.3912438760625666,303584630092.926,0.1263617923266468,914771.6833658603,914721.0428514105,907490.9815310998,50.64051444971596,7230.061320310732,1.0123368723514086,5.5358637975529055e-05,5.535863797552906e-05,5.535863797552906e-05,0.007904116098360276,7230.061320310732,-30483678.780197263,-0.0028163732728115898,-0.5262293252328023,0.824384886072906,0.0,0.0,269667974880433.25,-534.3094373965469,0.2129167004046697,1.0,78256269854974.42,548119523307.3605,7529915066704166.0,-5695766917.679396,0.008355078506406686,-0.08795245020298552,0.06081535237579767,0.007904116098360276,2292527094630256.5,9900698431189396.0,9901246550712704.0,9822442161334422.0,695685.4418169302,-5695766917.679396,1.0,435.331705200701,2.0241700919858363e-09,2.0241700919858363e-09,0.045549705043674615,211805.5397141696,435.331705200701
2275.0,12126.896737997251,10823774296.01122,426.39666517093127,5.645059499624617e-05,2.6381157186127377,0.23339939502826376,2.0498259172378664e+16,0.3911040735133902,0.3911040735133902,297888863175.24664,0.12446791825825476,926725.5893941886,926675.8134107984,919394.6497440835,49.77598339010111,7281.16366671492,1.0120190776189883,5.3711674696109625e-05,5.3711674696109625e-05,5.371167469610962e-05,0.007857293307262737,7281.16366671492,-30283211.517023686,-0.002797842110231702,-0.517298075842516,0.8226678342340202,0.0,0.0,272806191990932.5,-534.6061925913762,0.21172413391679235,1.0,78809672140839.77,538764009576.4579,7628688068561451.0,-5599117616.680287,0.008209434547155501,-0.08664848248998813,0.06048630071700196,0.007857293307262737,2322632109228798.5,1.003012984993109e+16,1.0030668613940668e+16,9951320177790250.0,704808.4947015919,-5599117616.680287,1.0,434.6260156950116,1.9848229895691146e-09,1.9848229895691146e-09,0.0455172369052943,214586.15504249156,434.6260156950116
2276.0,12236.503060640944,10823812099.919657,425.9193682421134,5.6343377873982226e-05,2.6374184563649967,0.23340190583521664,2.0771065364369596e+16,0.39096574227820863,0.39096574227820863,292289745558.56635,0.12260594618136006,938816.8625707659,938767.9345340395,931435.139070583,48.92803672643806,7332.795463456474,1.0117120360885077,5.211669994130508e-05,5.2116699941305084e-05,5.2116699941305084e-05,0.007811084287935474,7332.795463456474,-30084398.170119617,-0.0027794641936127965,-0.5086276294303058,0.8209543587186058,0.0,0.0,275976539508278.25,-534.898453763345,0.21054661272294262,1.0,79368800263596.16,529587875944.9336,7728595852617287.0,-5505289889.781196,0.00806798878857596,-0.08536136959023051,0.06015559963146403,0.007811084287935474,2353083075945238.0,1.016104772882612e+16,1.0161577316702066e+16,1.0081678928562524e+16,714036.4024496189,-5505289889.781196,1.0,433.9287810247649,1.946302961269946e-09,1.946302961269946e-09,0.0454848677602151,217398.73662096413,433.9287810247649
2277.0,12346.933519351993,10823848737.918951,425.4426055866069,5.6237233671555796e-05,2.6367282504643614,0.23340439388011217,2.1047041903877876e+16,0.39082886687257695,0.39082886687257695,286784455668.78516,0.1207744911717666,951046.8580388904,950998.7623455642,943613.807256713,48.09569332627388,7384.955088851137,1.0114153584823506,5.057131824760957e-05,5.0571318247609574e-05,5.057131824760957e-05,0.007765472870476426,7384.955088851137,-29887222.440560758,-0.002761237999923032,-0.5002106870890679,0.8192444520777962,0.0,0.0,279179316103675.75,-535.1863620762418,0.209383735314431,1.0,79933636818049.52,520580509508.92645,7829649610267007.0,-5414204814.142579,0.00793064264037017,-0.08409121281994755,0.0598234130960978,0.007765472870476426,2383883506491463.5,1.029346675357652e+16,1.0293987334086028e+16,1.021353311675847e+16,723370.198517055,-5414204814.142579,1.0,433.2397040226521,1.9085913259245575e-09,1.9085913259245575e-09,0.045452596533881895,220243.60873965808,433.2397040226521
2278.0,12458.192811485405,10823884245.963102,424.9663766063606,5.613215003455662e-05,2.6360448401494243,0.2334068670724134,2.132622121998155e+16,0.3906934319750121,0.3906934319750121,281370250854.6426,0.1189722134458321,963416.9420024024,963369.663990669,955932.0232037978,47.278011733448224,7437.640786871218,1.01112865629465,4.9073261712819604e-05,4.90732617128196e-05,4.907326171281959e-05,0.0077204432160148,7437.640786871218,-29691668.2188327,-0.0027431620242896228,-0.4920395561689178,0.8175381068782399,0.0,0.0,282414822840115.25,-535.4700551766264,0.20823510802822232,1.0,80504162940147.98,511731726382.12897,7931860621328951.0,-5325779200.407427,0.007797291863659886,-0.08283809464001717,0.05948989928858475,0.0077204432160148,2415036944838270.5,1.042740172910737e+16,1.0427913460833752e+16,1.0346897566167222e+16,732810.9245336057,-5325779200.407427,1.0,432.5584896407517,1.871669854455594e-09,1.871669854455594e-09,0.045420422167550045,223121.09867019203,432.5584896407517
2279.0,12570.285649493415,10823918658.8976,424.49068070399284,5.602811477753009e-05,2.6353679646587755,0.23340933332158345,2.1608636042821668e+16,0.39055942242527775,0.39055942242527775,276044471654.23517,0.117197820413283,975928.4917916487,975882.0177001387,968391.167037343,46.474091510027776,7490.850662795734,1.0108515417526758,4.7620386023066886e-05,4.762038602306687e-05,4.7620386023066886e-05,0.007675979807937667,7490.850662795734,-29497719.58232271,-0.0027252347797416844,-0.48410613936361935,0.8158353157020679,0.0,0.0,285683363225207.0,-535.7496673070901,0.20710034484534845,1.0,81080358260050.2,503031786250.70416,8035240254499746.0,-5239925474.744761,0.007667826407909426,-0.08160207831727981,0.05915521042476355,0.007675979807937667,2446546967507374.0,1.056286758026717e+16,1.056337061205342e+16,1.048178722200712e+16,742359.6303446466,-5239925474.744761,1.0,431.88484489951924,1.8355207581628562e-09,1.8355207581628562e-09,0.04538834361865707,226031.5366926964,431.88484489951924
2280.0,12683.216760894897,10823952010.493586,424.0155172827907,5.5925115881236055e-05,2.6346973632310084,0.2334118005370854,2.1894319406046876e+16,0.3904268232226875,0.3904268232226875,270804546179.49042,0.11545006879499911,988582.8959301425,988537.2128554926,980992.6301766508,45.683074649831354,7544.582678841715,1.0105836277797333,4.6210666639997686e-05,4.6210666639997686e-05,4.62106666399977e-05,0.007632067443418142,7544.582678841715,-29305360.792839836,-0.002707454796956687,-0.47640192364894374,0.8141360711468612,0.0,0.0,288985243262691.75,-536.0253294148582,0.20597906719625625,1.0,81662200854983.86,494471407701.5706,8139799967812570.0,-5156551559.282996,0.007542130246423736,-0.08038320757138642,0.058819492591547416,0.007632067443418142,2478417183867379.5,1.0699879352534934e+16,1.0700373823942636e+16,1.061821715167995e+16,752017.3740535076,-5156551559.282996,1.0,431.21847883878695,1.8001266773374274e-09,1.8001266773374274e-09,0.045356359861106865,228975.25612314322,431.21847883878695
2281.0,12796.990888244189,10823984333.480963,423.5408857467091,5.582314148995916e-05,2.6340327751047137,0.2334142766283824,2.218330464930957e+16,0.3902956195244255,0.3902956195244255,265647994620.20743,0.11372776680604449,1001381.5542018877,1001336.6500548283,993737.8154050508,44.904147059418776,7598.834649777451,1.0103245279595503,4.484219513630634e-05,4.4842195136306346e-05,4.4842195136306346e-05,0.007588691225235165,7598.834649777451,-29114576.294163942,-0.002689820624010528,-0.4689179690726083,0.8124403658256184,0.0,0.0,292320771502729.0,-536.2971692559396,0.20487090377282968,1.0,82249667201903.42,486041784279.47406,8245551309098180.0,-5075560750.929623,0.00742008121004463,-0.07918150620725271,0.058482885575331364,0.007588691225235165,2510651236433686.0,1.083845221273377e+16,1.083893825451805e+16,1.0756202545531866e+16,761785.2220640118,-5075560750.929623,1.0,430.55910247073916,1.7654706701898667e-09,1.7654706701898667e-09,0.04532446988548289,231952.59334103894,430.55910247073916
2282.0,12911.612789099441,10824015659.58049,423.06678550036986,5.5722179908869594e-05,2.6333739395184828,0.23341676950493753,2.2475625420812296e+16,0.390165796643885,0.390165796643885,260572433869.2778,0.1120297764043928,1014325.8777193569,1014281.7411792553,1006628.136940736,44.13654010162178,7653.604238519316,1.0100738565021614,4.351317566782366e-05,4.351317566782365e-05,4.3513175667823646e-05,0.007545836553875897,7653.604238519316,-28925350.709624294,-0.0026723308261312477,-0.4616448973967892,0.8107481923667244,0.0,0.0,295690259091092.25,-536.5653114950082,0.2037754903469261,1.0,82842732129964.69,477734601219.65643,8352505916448538.0,-4996851598.588275,0.007301550818834236,-0.07799697773319485,0.05814552268585168,0.007545836553875897,2543252801172322.0,1.0978601449750826e+16,1.0979079184352044e+16,1.089575871762086e+16,771664.2491232555,-4996851598.588275,1.0,429.9064287348474,1.7315362020833963e-09,1.7315362020833963e-09,0.045292672699180914,234963.88781748046,429.9064287348474
2283.0,13027.087235990162,10824046019.534883,422.59321594906197,5.562221960143311e-05,2.6327205957109077,0.23341928707621393,2.2771315679903388e+16,0.3900373400490247,0.3900373400490247,255575582270.6895,0.11035501560589164,1027417.2889920842,1027373.9094598884,1019665.0205081753,43.37953219582345,7708.888951713146,1.0098312282112742,4.222192157032863e-05,4.222192157032863e-05,4.2221921570328636e-05,0.007503489119911433,7708.888951713146,-28737668.839708287,-0.0026549839854564075,-0.45457288059319356,0.8090595434139176,0.0,0.0,299094019817343.0,-536.829877801196,0.2026924695952017,1.0,83441368772827.11,469542052793.48816,8460675518682788.0,-4920317778.773263,0.007186404111635758,-0.0768296049648217,0.05780753057546091,0.007503489119911433,2576225587807682.0,1.1120342475263296e+16,1.112081201731609e+16,1.103690110649047e+16,781655.5383646039,-4920317778.773263,1.0,429.26017245473355,1.698307135063299e-09,1.698307135063299e-09,0.045260967326538726,238009.4821435713,429.26017245473355
2284.0,13143.41901638451,10824075443.138958,422.1201764987397,5.552324918686932e-05,2.63207248292058,0.2334218372516746,2.3070409699720732e+16,0.38991023536074154,0.38991023536074154,250655264491.91626,0.10870246086606125,1040657.2219958924,1040614.5895454241,1032849.903410122,42.632450468288205,7764.686135302049,1.0095962584531157,4.096685206923638e-05,4.096685206923638e-05,4.096685206923638e-05,0.007461634896637311,7764.686135302049,-28551515.659700043,-0.002637778700794067,-0.4476916291914893,0.8073744116262589,0.0,0.0,302532370162167.5,-537.0909869399711,0.2016214909300421,1.0,84045548520804.44,461456860194.63635,8570071935815706.0,-4845847969.630471,0.007074499473450782,-0.07567934961475682,0.057469029053782116,0.007461634896637311,2609573340134241.0,1.1263690824470752e+16,1.1264152281330946e+16,1.1179645275949946e+16,791760.1813509167,-4845847969.630471,1.0,428.62005029694075,1.6657677176738539e-09,1.6657677176738539e-09,0.04522935280886031,241089.72205920532,428.62005029694075
2285.0,13260.612932655804,10824103959.268852,421.647666556022,5.542525743765729e-05,2.6314293403860907,0.2334244279407827,2.33729420698829e+16,0.38978446835126174,0.38978446835126174,245809416522.2858,0.1070711495293537,1054047.1222427024,1054005.2275702574,1046184.2346001754,41.8946724449339,7820.992970081951,1.0093685631267515,3.974648909034954e-05,3.974648909034954e-05,3.974648909034954e-05,0.0074202601329703775,7820.992970081951,-28366876.317349777,-0.0026207135873874132,-0.44099038048163064,0.8056927896780982,0.0,0.0,306005629343893.5,-537.3487548612609,0.2005622103364193,1.0,84655240972877.9,453472289883.4808,8680707079528229.0,-4773325723.370696,0.0069656884606050275,-0.07454615186826294,0.05713013089770678,0.0074202601329703775,2643299836332183.5,1.140866215683329e+16,1.1409115629123174e+16,1.1324006915860412e+16,801979.2781179639,-4773325723.370696,1.0,427.98578073158814,1.6339025750545814e-09,1.6339025750545814e-09,0.04519782820444074,244204.95648221154,427.98578073158814
2286.0,13378.673802048514,10824131595.910336,421.1756855281926,5.532823327708734e-05,2.630790907346032,0.23342706705300137,2.367894769922679e+16,0.3896600249425476,0.3896600249425476,241036090798.9151,0.10546018234651276,1067588.4468509322,1067547.2812231542,1059669.4747559072,41.165627778052006,7877.806467246863,1.009147758635876,3.855945415996055e-05,3.8559454159960556e-05,3.8559454159960556e-05,0.007379351346594016,7877.806467246863,-28183736.13057348,-0.002603787276682972,-0.4344578865710035,0.8040146702590438,0.0,0.0,309514119364320.0,-537.6032947839755,0.19951429021448142,1.0,85270413888593.55,445582172297.8969,8792592953640124.0,-4702629337.1256275,0.006859815623690859,-0.0734299299448411,0.05679094165670169,0.007379351346594016,2677408889286999.0,1.155527225681572e+16,1.1555717838988018e+16,1.1470001842927124e+16,812313.9372180413,-4702629337.1256275,1.0,427.3570839948883,1.6026966993076416e-09,1.6026966993076416e-09,0.0451663925885426,247355.5375378659,427.3570839948883
2287.0,13497.606456643716,10824158380.18626,420.70423282319837,5.5232165776858294e-05,2.6301569230389954,0.23342976249779365,2.398846181859111e+16,0.389536891204722,0.389536891204722,236333461461.78946,0.10386872606068241,1081282.6646164686,1081242.219816471,1073307.0963525453,40.444799997643905,7935.123463925669,1.0089334618620673,3.740446538277732e-05,3.7404465382777314e-05,3.740446538277731e-05,0.007338895317343943,7935.123463925669,-28002080.58518326,-0.002586998416102389,-0.42808240229723415,0.8023400460739306,0.0,0.0,313058165053958.5,-537.8547172770776,0.19847739922773078,1.0,85891033139863.66,437780920829.4545,8905741654584715.0,-4633631722.235873,0.006756718328286449,-0.07233057964587646,0.056451559453390865,0.007338895317343943,2711904346913070.5,1.1703537034637648e+16,1.1703974815558478e+16,1.1617646001497786e+16,822765.275763774,-4633631722.235873,1.0,426.7336820535057,1.5721354401285367e-09,1.5721354401285367e-09,0.045135045053347644,250541.82058877117,426.7336820535057
2288.0,13617.415743323993,10824184338.383156,420.2333078496489,5.513704415471885e-05,2.6295271267035725,0.23343252218462268,2.430151998364507e+16,0.3894150533545091,0.3894150533545091,231699829739.5536,0.10229601606291457,1095131.2560841993,1095091.524355922,1087098.5837372094,39.73172827727559,7992.940618712383,1.0087252901395005,3.62803344864269e-05,3.6280334486426903e-05,3.628033448642691e-05,0.007298879080826994,7992.940618712383,-27821895.33264805,-0.0025703456688177485,-0.42185167299749615,0.8006689098427878,0.0,0.0,316638094116765.5,-538.10313033734,0.197451212156591,1.0,86517062662693.16,430063550955.7816,9020165371885538.0,-4566200271.98023,0.006656226573457486,-0.07124797388840289,0.05611207477937938,0.007298879080826994,2746790092481273.0,1.1853472527029506e+16,1.1853902590580464e+16,1.1766955464366812e+16,833334.4194721014,-4566200271.98023,1.0,426.11529857073185,1.542204495692494e-09,1.542204495692494e-09,0.045103784707881234,253764.16426510803,426.11529857073185
2289.0,13738.10652373767,10824209495.977015,419.76291001681597,5.504285777215267e-05,2.628901257578354,0.23343535402295157,2.4618158077761836e+16,0.38929449775369124,0.38929449775369124,227133629467.57336,0.1007413591177261,1109135.713620092,1109096.6876108884,1101045.4332036963,39.02600920369004,8051.254407192142,1.0085228612311197,3.518596392168603e-05,3.518596392168603e-05,3.5185963921686024e-05,0.007259289922265836,8051.254407192142,-27643166.187884904,-0.002553827713530389,-0.4157529221357908,0.7990012543008076,0.0,0.0,320254237174438.0,-538.3486394639212,0.19643540975723395,1.0,87148464408855.97,422425699412.6681,9135876388634952.0,-4500196727.762419,0.006558162808050461,-0.07018196222505815,0.055772570286286946,0.007259289922265836,2782070044950621.5,1.200509489799443e+16,1.2005517323693842e+16,1.1917946433585574e+16,844022.5027084374,-4500196727.762419,1.0,425.50165887446406,1.512889903789125e-09,1.512889903789125e-09,0.04507261067792445,257022.93049525892,425.50165887446406
2290.0,13859.683674262615,10824233877.658266,419.2930387346324,5.494959613210574e-05,2.6282790549019333,0.23343826592224337,2.493841231493627e+16,0.3891752109075827,0.3891752109075827,222633432739.81094,0.0992041361593537,1123297.5414838218,1123259.214185283,1115149.153067818,38.32729853888713,8110.061117465177,1.0083257933062655,3.4120344008105475e-05,3.4120344008105475e-05,3.4120344008105475e-05,0.007220115370562553,8110.061117465177,-27465879.12708026,-0.00253744324425317,-0.4097728387893111,0.7973370721983133,0.0,0.0,323906927810368.0,-538.5913477298897,0.19542967862548744,1.0,87785198297545.62,414863643283.7442,9252887081974602.0,-4435477043.76746,0.006462341744792736,-0.06913237035030279,0.05543312057196012,0.007220115370562553,2817748159303995.5,1.2158420439576144e+16,1.2158835303219426e+16,1.2070635241278598e+16,854830.6685310082,-4435477043.76746,1.0,424.8924899269628,1.48417803319815e-09,1.48417803319815e-09,0.04504152210590484,260318.48453680976,424.8924899269628
2291.0,13982.152085969381,10824257507.356005,418.8236934136915,5.485724887675557e-05,2.6276602579129005,0.23344126579196126,2.526231924274664e+16,0.3890571794635188,0.3890571794635188,218197955696.0435,0.09768380515935056,1137618.2559019264,1137580.6205889634,1129411.2637432925,37.63531296301407,8169.356845670922,1.0081337049197436,3.308255011535135e-05,3.308255011535134e-05,3.308255011535134e-05,0.0071813431925742315,8169.356845670922,-27290020.28554156,-0.002521190970096163,-0.40389756499480395,0.7956763563007285,0.0,0.0,327596502613334.5,-538.8313558508148,0.19443371106569152,1.0,88427222167023.64,407374318881.59784,9371209923577768.0,-4371891250.097816,0.006368570172215491,-0.06809899959297631,0.05509379196183298,0.0071813431925742315,2853828426887998.5,1.231346557263279e+16,1.2313872946951672e+16,1.2225038350465766e+16,865760.0687353598,-4371891250.097816,1.0,424.2875202963658,1.4560555752992509e-09,1.4560555752992509e-09,0.04501051815076851,263651.1950079328,424.2875202963658
2292.0,14105.516664583773,10824280408.261456,418.3548734652466,5.476580578532107e-05,2.6270446058498473,0.23344436154156825,2.5589915745359976e+16,0.3889403902093613,0.3889403902093613,213826064445.94568,0.09617990406616418,1152099.3851414889,1152062.4353097025,1143833.2978181874,36.949831786250904,8229.137491515177,1.0079462149923504,3.2071739871394076e-05,3.207173987139408e-05,3.207173987139409e-05,0.007142961387594401,8229.137491515177,-27115575.955578506,-0.0025050696150557025,-0.3981126829573312,0.7940190993885448,0.0,0.0,331323301220973.5,-539.0687622505388,0.1934472049643532,1.0,89074491726297.55,399955340292.47205,9490857480133526.0,-4309283314.415444,0.006276646764414795,-0.06708162639526431,0.054754642285407065,0.007142961387594401,2890314875756971.5,1.2470246847616794e+16,1.2470646802957086e+16,1.2381172355890496e+16,876811.8638990342,-4309283314.415444,1.0,423.68648012995095,1.4285095359092613e-09,1.4285095359092613e-09,0.04497959798786222,267021.43391915323,423.68648012995095
2293.0,14229.782330448976,10824302602.850716,417.88657830120985,5.467525677191247e-05,2.6264318379513663,0.2334475610805275,2.5921239046580948e+16,0.38882483007201957,0.38882483007201957,209516781131.53024,0.09469205381733013,1166742.4695843512,1166706.1988857333,1158416.8001319305,36.27069861796241,8289.398753802692,1.0077629427928358,3.108715038965175e-05,3.108715038965176e-05,3.108715038965175e-05,0.007104958182033755,8289.398753802692,-26942532.584413882,-0.0024890779178067535,-0.3924032021222443,0.7923652942572911,0.0,0.0,335087666363153.0,-539.3036631242461,0.1924698636684543,1.0,89726960506853.95,392605017457.6244,9611842413832804.0,-4247491002.0987644,0.006186361888675731,-0.06608000177815318,0.05441572064782296,0.007104958182033755,2927211571021248.0,1.2628780945360908e+16,1.2629173550378364e+16,1.2539053984854052e+16,887987.2234264223,-4247491002.0987644,1.0,423.08910112911906,1.4015272273401251e-09,1.4015272273401251e-09,0.04494876080876398,270429.57670550805,423.08910112911906
2294.0,14354.95401848688,10824324112.906809,417.4188073341518,5.458559188342025e-05,2.625821693456048,0.2334508723183021,2.62563267129441e+16,0.38871048611598724,0.38871048611598724,205269290129.4315,0.09321996142490774,1181549.0618018245,1181513.4639788426,1173163.3278528647,35.5978229817649,8350.136125977775,1.0075835079213042,3.0128095508348487e-05,3.012809550834848e-05,3.0128095508348473e-05,0.0070673220242941735,8350.136125977775,-26770876.772123966,-0.002473214631498576,-0.38675354611217255,0.7907149337175012,0.0,0.0,338889943905215.5,-539.5361524989281,0.19150139586828385,1.0,90384579814475.48,385322373668.506,9734177482856134.0,-4186345734.9342046,0.006097497410979017,-0.06509385079344907,0.05407706719649657,0.0070673220242941735,2964522615199625.5,1.2789084677870236e+16,1.2789470000243906e+16,1.269870009805576e+16,899287.3255937713,-4186345734.9342046,1.0,422.4951165260809,1.3750962606713144e-09,1.3750962606713144e-09,0.04491800582115868,273876.0022590935,422.4951165260809
2295.0,14481.036678159122,10824344959.541042,416.95155997730024,5.4496801297442496e-05,2.625213911602484,0.23345430316435514,2.6595216656849316e+16,0.3885973455418941,0.3885973455418941,201082944394.49728,0.0917634231347777,1196520.7266299361,1196485.7954480702,1188074.4505563937,34.93118186588492,8411.344891676428,1.0074075302940617,2.919396303670429e-05,2.919396303670429e-05,2.9193963036704297e-05,0.007030041579830437,8411.344891676428,-26600595.269607708,-0.002457478523553594,-0.3811475395315785,0.7890680105946846,0.0,0.0,342730482891271.5,-539.766322291349,0.1905415154846637,1.0,91047298681179.05,378107162360.8029,9857875541863392.0,-4125672448.370112,0.006009826499413267,-0.06412287196243933,0.0537387128827946,0.007030041579830437,3002252148576203.5,1.2951174989120772e+16,1.2951553096283134e+16,1.2860127690439594e+16,910713.3575943768,-4125672448.370112,1.0,421.90426106223913,1.3492045382304574e-09,1.3492045382304574e-09,0.04488733224865471,277361.092962017,421.90426106223913
2296.0,14608.035273427357,10824365163.213722,416.4848356445402,5.4408875320249725e-05,2.6246082316292667,0.23345786152814976,2.6937947139740588e+16,0.3884853956850735,0.3884853956850735,196957271946.12717,0.09032232766041363,1211659.041245167,1211624.7704239676,1203151.7503036754,34.27082119931263,8473.020120292278,1.0072346301298907,2.8284212004141082e-05,2.8284212004141085e-05,2.8284212004141085e-05,0.006993105726393682,8473.020120292278,-26431674.976584945,-0.0024418683754694635,-0.3755683946398981,0.7874245177292929,0.0,0.0,346609635587474.0,-539.9942623636058,0.18958994156044395,1.0,91715063817300.67,370959883104.5659,9982949542485186.0,-4065289447.3442163,0.005923113425523178,-0.06316673670127834,0.05340067921872539,0.006993105726393682,3040404349561533.5,1.311506895586402e+16,1.3115439915747124e+16,1.302335389204672e+16,922266.515583929,-4065289447.3442163,1.0,421.31627096823723,1.3238402462762675e-09,1.3238402462762675e-09,0.04485673933060674,280885.23471974646,421.31627096823723
2297.0,14735.954782712923,10824384743.754223,416.0186337504127,5.432180438478651e-05,2.6240043927749874,0.23346155531914903,2.7284556775328064e+16,0.3883746240141446,0.3883746240141446,192891982498.78296,0.08889665949172831,1226965.5952406933,1226931.9783834475,1218396.8217208877,33.61685724584784,8535.156662559913,1.0070644279377632,2.739836991048901e-05,2.7398369910489004e-05,2.7398369910489e-05,0.006956503549451426,8535.156662559913,-26264102.93962323,-0.0024263829826242896,-0.36999869789614176,0.7857844479766903,0.0,0.0,350527757525362.0,-540.2200605763793,0.18864639815613482,1.0,92387819563765.73,363881796704.91895,1.0109412533816042e+16,-4005008260.7159247,0.005837113363617471,-0.062225088733179335,0.05306297802862203,0.006956503549451426,3078983435058168.5,1.3280783788437976e+16,1.328114767023468e+16,1.318839596887421e+16,933948.0047260213,-4005008260.7159247,1.0,420.73088394566713,1.2989918478779532e-09,1.2989918478779532e-09,0.044826226321958984,284448.81699486636,420.73088394566713
2298.0,14864.800198856237,10824403720.380436,415.5529537101139,5.423557904870915e-05,2.6234021342782374,0.23346539244681605,2.7635084532853424e+16,0.38826501812960956,0.38826501812960956,188886974238.06705,0.08748650227958767,1242441.9907031544,1242409.021225244,1233811.2720790852,32.96947791026849,8597.749146158822,1.0068965445059805,2.6536029977230213e-05,2.6536029977230206e-05,2.6536029977230213e-05,0.00692022433777876,8597.749146158822,-26097866.350192722,-0.002411021154084918,-0.36442039637665924,0.7841477942071222,0.0,0.0,354485207545364.5,-540.4438028399608,0.18771061424956803,1.0,93065507844579.27,356874939350.9108,1.023727766290946e+16,-3944633494.3220234,0.0057515721880694246,-0.06129754348749825,0.05272561119579663,0.00692022433777876,3117993660830707.0,1.3448336831584748e+16,1.34486937065241e+16,1.3355271323740168e+16,945759.0392378363,-3944633494.3220234,1.0,420.1478391504129,1.2746480759854456e-09,1.2746480759854456e-09,0.04479579249301224,288052.232841249,420.1478391504129
2299.0,14994.576529075252,10824422111.71762,415.0877949394947,5.41501899924585e-05,2.6228011953776087,0.23346938082061394,2.7989569740398788e+16,0.3881565657624659,0.3881565657624659,184942340743.74503,0.08609204229657344,1258089.8422898937,1258057.51334594,1249396.721374599,32.3289439535934,8660.791971341123,1.006730600892747,2.5696848402138232e-05,2.5696848402138232e-05,2.569684840213824e-05,0.0068842575792157626,8660.791971341123,-25932952.54274956,-0.0023957817124183193,-0.35881478406895095,0.7825145493056836,0.0,0.0,358482347840363.5,-540.6655731631408,0.18678232363947123,1.0,93748068119571.3,349942135779.7561,1.0366558175274466e+16,-3883962682.687136,0.005666226268639912,-0.06038368748579672,0.052388570404145754,0.0068842575792157626,3157439321880243.0,1.361774556527428e+16,1.361809550741006e+16,1.352399749715471e+16,957700.8424359662,-3883962682.687136,1.0,419.56687717762156,1.2507979266850805e-09,1.2507979266850805e-09,0.04476543712922898,291695.8789386327,419.56687717762156
2300.0,15125.2887949236,10824439935.816683,414.6231568550599,5.4065628017367593e-05,2.6222013153116923,0.2334735283500058,2.834805208823915e+16,0.38804925477283275,0.38804925477283275,181058378061.0579,0.08471357197456461,1273910.7773067197,1273879.0817166017,1265154.802410015,31.695590117855144,8724.2793065868,1.0065662184181663,2.4880541622283325e-05,2.4880541622283325e-05,2.4880541622283325e-05,0.006848592956586189,8724.2793065868,-25769348.99284691,-0.0023806634935059725,-0.3531624880435564,0.780884706172289,0.0,0.0,362519543999447.5,-540.8854537000441,0.18586126485283683,1.0,94435437337437.25,343087011460.9878,1.0497267415373866e+16,-3822786139.411053,0.005580802263859174,-0.05948307771497531,0.05205183687468896,0.006848592956586189,3197324752823363.0,1.3789027605534668e+16,1.378937069254613e+16,1.369459216819723e+16,969774.6467823943,-3822786139.411053,1.0,418.9877400482793,1.227430652635377e-09,1.227430652635377e-09,0.044735159530991275,295380.1556276206,418.9877400482793
2301.0,15256.942032248025,10824457210.171871,414.15903887396746,5.398188404380286e-05,2.6216022333190803,0.23347784294445473,2.87105716322386e+16,0.38794307314859233,0.38794307314859233,177235591921.64685,0.08335149351969404,1289906.435786154,1289875.365959989,1281087.160875699,31.069826165026743,8788.205084289937,1.0064030186576665,2.4086883593297792e-05,2.4086883593297792e-05,2.4086883593297792e-05,0.0068132203437727655,8788.205084289937,-25607043.315273892,-0.002365665346361261,-0.3474434545070725,0.779258257721641,0.0,0.0,366597165051786.0,-541.1035247949862,0.18494718105599017,1.0,95127549889111.31,336314003850.81036,1.0629418827123926e+16,-3760886806.2661033,0.005495016912501349,-0.05859524098757015,0.05171538109702347,0.0068132203437727655,3237654328275645.5,1.3962200705288682e+16,1.3962537019292534e+16,1.3867073155399572e+16,981981.6939306052,-3760886806.2661033,1.0,418.4101711973818,1.2045357566778462e-09,1.2045357566778462e-09,0.04470495901334681,299105.4669450939,418.4101711973818
2302.0,15389.541291145415,10824473951.737953,413.6954404140277,5.389894910933878e-05,2.621003688638364,0.2334823325134238,2.9077168797290384e+16,0.38783800900404486,0.38783800900404486,173474705115.38074,0.08200632260522515,1306078.4705661887,1306048.0184283487,1297195.455431869,30.45213783986989,8852.56299647977,1.0062406234368455,2.3315703096054254e-05,2.3315703096054254e-05,2.3315703096054254e-05,0.006778129801944515,8852.56299647977,-25446023.262222122,-0.00235078613294982,-0.34163693473876156,0.7776351968831997,0.0,0.0,370715583510657.5,-541.3198650254332,0.18403981996923557,1.0,95824337561514.55,329628372822.4053,1.0763025954395422e+16,-3698040101.0313234,0.005408576823191434,-0.05771967328931014,0.05137916255568032,0.006778129801944515,3278432463239696.0,1.413728275519663e+16,1.4137612383569454e+16,1.4041458417635118e+16,994323.2347718232,-3698040101.0313234,1.0,417.8339154636791,1.1821029856178386e-09,1.1821029856178386e-09,0.04467483490571089,302872.22066004586,417.8339154636791
2303.0,15523.091635919034,10824490176.946838,413.23236089370266,5.3816814366964835e-05,2.620405420508135,0.23348700496637614,2.944788438080104e+16,0.3877340505785787,0.3877340505785787,169776665014.34943,0.08067869214287778,1322428.5473695246,1322398.704281752,1313481.3577911716,29.843087772590508,8917.346490580298,1.0060786548277407,2.2566881085524155e-05,2.2566881085524155e-05,2.2566881085524155e-05,0.006743311575931759,8917.346490580298,-25286276.721479937,-0.002336024728012844,-0.3357214709139543,0.7760155166011518,0.0,0.0,374875175417568.0,-541.5345512431302,0.18313893378500468,1.0,96525729491717.8,323036210444.1683,1.089810244151566e+16,-3634013764.0982423,0.005321178262183496,-0.0568558391140346,0.051043129451368414,0.006743311575931759,3319663613497672.5,1.4314291784505052e+16,1.4314614820715496e+16,1.4217766055013334e+16,1006800.5294813418,-3634013764.0982423,1.0,417.2587190809855,1.1601223241706642e-09,1.1601223241706642e-09,0.04464478655155313,306680.82830982975,417.2587190809855
2304.0,15657.598145034413,10824505901.723701,412.7697997321052,5.373547108332454e-05,2.6198071681669854,0.23349186821277487,2.982275955621861e+16,0.3876311862353532,0.3876311862353532,166142651250.2512,0.07936935613311821,1338958.344883317,1338929.1015669724,1329946.55280176,29.243316344430227,8982.548765212669,1.0059167351465201,2.184034810058159e-05,2.1840348100581594e-05,2.1840348100581594e-05,0.0067087560907446355,8982.548765212669,-25127791.71465403,-0.0023213800188933023,-0.32967488181732757,0.7743992098343802,0.0,0.0,379076320386452.0,-541.7476586134793,0.1822442790893808,1.0,97231652121565.48,316544450356.2582,1.1034662033771428e+16,-3568567703.8817263,0.005232506939353501,-0.05600317078607565,0.05070721841709526,0.0067087560907446355,3361352276008312.5,1.4493245961901306e+16,1.4493562506351664e+16,1.4396014309779742e+16,1019414.8475649371,-3568567703.8817263,1.0,416.68432967103763,1.1385839890682811e-09,1.1385839890682811e-09,0.04461481330802286,310531.7052368228,416.68432967103763
2305.0,15793.065911074546,10824521141.502611,412.3077563489987,5.365491063698542e-05,2.619208670853506,0.23349693016208306,3.020183587660506e+16,0.3875294044599968,0.3875294044599968,162574083546.36948,0.07807919359491257,1355669.5548394043,1355640.9012968566,1346592.7385308126,28.65354254781025,9048.16276604397,1.0057544869525843,2.1136081757921172e-05,2.1136081757921175e-05,2.1136081757921172e-05,0.006674453948230804,9048.16276604397,-24970556.39541877,-0.002306850905365082,-0.3234742484487187,0.772786269556433,0.0,0.0,383319401647870.0,-541.9592606532316,0.18135561678691892,1.0,97942029152799.7,310160877087.7167,1.1172718577912302e+16,-3501453841.0648236,0.005142237792451867,-0.05516106777021327,0.05037135422915472,0.006674453948230804,3403502989308375.5,1.4674163596373478e+16,1.4674473757250566e+16,1.4576221567220678e+16,1032167.4679053152,-3501453841.0648236,1.0,416.1104962378793,1.1174784233220894e-09,1.1174784233220894e-09,0.04458491454553459,314425.27062549733,416.1104962378793
2306.0,15929.500040694511,10824535911.241665,411.8462301647958,5.357512451673988e-05,2.6186096678062887,0.23350219872376382,3.058515527825293e+16,0.3874286938593177,0.3874286938593177,159072629705.30466,0.07680921257542492,1372563.882095024,1372535.8075301414,1363421.6263484543,28.074564882524676,9114.181181687212,1.0055915330490957,2.0454104358095774e-05,2.045410435809577e-05,2.0454104358095768e-05,0.006640395923868865,9114.181181687212,-24814559.047793258,-0.0022924362994650384,-0.31709589952589246,0.7711766887554936,0.0,0.0,387604806093125.0,-542.1694292665578,0.18047271202867954,1.0,98656781502736.22,303894135763.3725,1.131228602265394e+16,-3432415951.7255015,0.005050034769658854,-0.05432889596931409,0.050035449512973985,0.006640395923868865,3446120333918418.0,1.4857063138075094e+16,1.4857367032210858e+16,1.4758406356572358e+16,1045059.6788085604,-3432415951.7255015,1.0,415.53696916377226,1.0967962906374307e-09,1.0967962906374307e-09,0.04455508964729615,318361.947539894,415.53696916377226
2307.0,16066.905654575628,10824550225.43767,411.3852206005581,5.349610431993577e-05,2.6180098982639253,0.23350768180728027,3.0972760084346052e+16,0.3873290431600287,0.3873290431600287,155640213753.57916,0.07556055424012598,1389643.0447140185,1389615.5374516777,1380434.9410120214,27.507262340904315,9180.596439656332,1.0054274964849172,1.97944806369791e-05,1.9794480636979093e-05,1.9794480636979097e-05,0.0066065729636932595,9180.596439656332,-24659788.084446106,-0.0022781351253279474,-0.3105153968868663,0.7695704604343494,0.0,0.0,391932924318222.5,-542.3782347795695,0.17959533414336348,1.0,99375827260534.22,297753742773.40894,1.1453378419180884e+16,-3361189509.373596,0.004955550610496848,-0.053505987009771314,0.049699404443814245,0.0066065729636932595,3489208932752828.0,1.5041963179194246e+16,1.5042260932937018e+16,1.4942587351933712e+16,1058092.7780505344,-3361189509.373596,1.0,414.9635002066062,1.076528469975562e-09,1.076528469975562e-09,0.044525338008771564,322342.1629614868,414.9635002066062
2308.0,16205.287887379025,10824564098.140366,410.9247270779951,5.34178417508366e-05,2.6174091014650074,0.23351338732209548,3.1364693008664276e+16,0.3872304412074851,0.3872304412074851,152279024244.20557,0.07433449704375747,1406908.7740485189,1406881.8214529708,1397634.4207505898,26.95259554800204,9247.400702380874,1.005262000557965,1.9157315701744664e-05,1.9157315701744664e-05,1.9157315701744674e-05,0.006572976181347293,9247.400702380874,-24506232.04502831,-0.0022639463190243774,-0.30370752079580143,0.767967577610362,0.0,0.0,396304150667508.0,-542.5857459733517,0.17872325657147792,1.0,100099081644110.0,291750098120.60077,1.1596009921648104e+16,-3287501525.9414506,0.004858426625147259,-0.052691637514865865,0.049363106442321406,0.006572976181347293,3532773451533936.0,1.5228882454826152e+16,1.5229174204924272e+16,1.512878337318204e+16,1071268.0729231648,-3287501525.9414506,1.0,414.3898424987978,1.056666050259001e-09,1.056666050259001e-09,0.04449565903703112,326366.34782742505,414.3898424987978
2309.0,16344.651887698463,10824577542.96621,410.46474901946357,5.334032861901031e-05,2.6168070166481265,0.2335193231776726,3.1760997159331784e+16,0.3871328769644365,0.3871328769644365,148991522718.26413,0.07313246098257892,1424362.81482108,1424336.4032129422,1415021.8173496576,26.411608137870136,9314.58586328465,1.0050946688199738,1.8542753196760336e-05,1.854275319676034e-05,1.854275319676034e-05,0.0065395968552606695,9314.58586328465,-24353879.594534777,-0.0022498688284015187,-0.2966462551563402,0.7663680333154369,0.0,0.0,400718883276804.0,-542.7920301155713,0.17785625680244033,1.0,100826456957741.55,285894500322.8127,1.1740194787680354e+16,-3211070391.7703443,0.004758292472225806,-0.051885108366174194,0.049026429864925225,0.0065395968552606695,3576818599209982.5,1.5417839843848078e+16,1.54181257383484e+16,1.5317013386890338e+16,1084586.8802805252,-3211070391.7703443,1.0,413.8157505476661,1.0372003252163003e-09,1.0372003252163003e-09,0.04446605215007016,330434.93706913234,413.8157505476661
2310.0,16485.002818012854,10824590573.111729,410.00528584796695,5.326355683774645e-05,2.616203383051874,0.2335254972834747,3.2161716042608588e+16,0.3870363395097907,0.3870363395097907,145780452326.49377,0.07195601192830349,1442006.9252072992,1441981.0397788351,1432598.8962359019,25.88542846410078,9382.143542933281,1.004925125082672,1.795097375165488e-05,1.7950973751654877e-05,1.7950973751654873e-05,0.006506426425948204,9382.143542933281,-24202719.521694273,-0.0022359016129269407,-0.2893047726363182,0.7647718205959921,0.0,0.0,405177524115916.0,-542.9971529907181,0.17699411631455597,1.0,101557862550416.67,280199164933.4633,1.1885947378868636e+16,-3131605714.635322,0.004654765935072465,-0.05108562395315325,0.04868923568908759,0.006506426425948204,3621349128376774.5,1.5608854369795828e+16,1.560913456896076e+16,1.550729650724541e+16,1098050.526584656,-3131605714.635322,1.0,413.2409802372666,1.0181227883623338e-09,1.0181227883623338e-09,0.044435193650101734,334548.36965124594,413.2409802372666
2311.0,16626.345854638123,10824603201.366486,409.54633698715475,5.3187518422500896e-05,2.6155992141163726,0.23353254106346935,3.2566893566724504e+16,0.38694081803739194,0.38694081803739194,142648846611.85846,0.0708068660441083,1459842.8769188726,1459817.5016471103,1450367.3915068533,25.375271762186454,9450.110140256988,1.004754835866141,1.7382193771252428e-05,1.7382193771252425e-05,1.7382193771252428e-05,0.006473487356874705,9450.110140256988,-24052750.53319474,-0.002222044548492858,-0.28176460004613646,0.7631789325129296,0.0,0.0,409690154096586.0,-543.2009246131914,0.17613746028295219,1.0,102293692477491.67,274677247952.5081,1.2033271998493606e+16,-3049989991.691156,0.0045474526966140195,-0.050292371411038116,0.048351371193402846,0.006473487356874705,3666379510769036.5,1.5801945201740136e+16,1.5802219878988088e+16,1.5699651509262642e+16,1111659.4090926622,-3049989991.691156,1.0,412.6664995758498,9.99426379210445e-10,9.99426379210445e-10,0.044399711837829425,338707.9824141911,412.6664995758498
2312.0,16768.68618767838,10824615440.125608,409.0879018613214,5.31122054893678e-05,2.614999064036359,0.23354273741813492,3.297658372082109e+16,0.38684630185481067,0.38684630185481067,139598856620.1673,0.06968689428308167,1477872.585365891,1477847.7029207977,1468329.0528993164,24.882445093251828,9518.650021481351,1.0045903856360097,1.683666463512579e-05,1.6836664635125794e-05,1.6836664635125798e-05,0.006440886975477123,9518.650021481351,-23903995.94901178,-0.002208299784988426,-0.2744162324890889,0.7615893621416039,0.0,0.0,414292628837623.0,-543.4024569718528,0.1752892238095577,1.0,103035725991678.98,269342899344.49142,1.218214633627922e+16,-2970450187.2224903,0.004436689486343571,-0.04950473975946224,0.04801273120609835,0.006440886975477123,3711951000919732.0,1.599713306319063e+16,1.5997402406089974e+16,1.5894097337198952e+16,1125411.4664546326,-2970450187.2224903,1.0,412.0966309721182,9.811072621685534e-10,9.811072621685534e-10,0.044364681051683785,342917.5864446838,412.0966309721182
2313.0,16912.02902097671,10824627301.401962,408.6299798954057,5.303761025357799e-05,2.6144032695369166,0.23355620707703387,3.339087634965871e+16,0.38675278038214694,0.38675278038214694,136628406432.94481,0.06859780133160207,1496098.455996021,1496074.0478715925,1486486.2638837106,24.4081244284351,9587.783987881816,1.004432258268565,1.631451749088632e-05,1.6314517490886324e-05,1.631451749088632e-05,0.006408629306498559,9587.783987881816,-23756441.07837239,-0.002194665960951427,-0.26729616396490563,0.7600031025717924,0.0,0.0,418985836166705.5,-543.601714788805,0.17444953236757765,1.0,103784188315170.08,264208850064.05478,1.233258632406204e+16,-2893381354.014533,0.004325321535702425,-0.048722993182168765,0.04767343186247748,0.006408629306498559,3758073471132577.0,1.6194443983509786e+16,1.619470819235985e+16,1.6090659795194616e+16,1139308.1702189203,-2893381354.014533,1.0,411.5316765935579,9.631568397472864e-10,9.631568397472864e-10,0.0443305480568672,347178.0936647903,411.5316765935579
2314.0,17056.379572065332,10824638796.83794,408.1725705149904,5.296372502802356e-05,2.613811722089111,0.23357284864112007,3.3809862185825416e+16,0.3866602431508462,0.3866602431508462,133735025078.93028,0.0675400284449389,1514522.9138613332,1514498.961288555,1504841.4441801885,23.95257277813659,9657.517108366568,1.0042802939321394,1.5815259418603715e-05,1.581525941860372e-05,1.5815259418603715e-05,0.006376707647359381,9657.517108366568,-23610068.186803475,-0.0021811414339017367,-0.26040286884426134,0.7584201469076655,0.0,0.0,423767185652772.0,-543.798750989763,0.17361821928720478,1.0,104539134372350.9,259277948578.30167,1.248461167552719e+16,-2818766996.899493,0.0042151729385232935,-0.04794746866886116,0.047333608685040184,0.006376707647359381,3804753404235314.0,1.6393904214134854e+16,1.6394163492083432e+16,1.6289365079762504e+16,1153351.3413098047,-2818766996.899493,1.0,410.971515678268,9.45566333545077e-10,9.45566333545077e-10,0.04429724097180299,351490.1028703837,410.971515678268
2315.0,17201.74307211513,10824649937.716879,407.71567314630107,5.289054222180793e-05,2.6132243131640096,0.2335925607113475,3.4233629371478188e+16,0.3865686798025272,0.3865686798025272,130916258082.03079,0.06651321094586865,1533148.3568999108,1533124.8414197152,1523396.9873672796,23.515480195595064,9727.854052435448,1.0041343330054042,1.5338033067552793e-05,1.5338033067552797e-05,1.5338033067552793e-05,0.006345115407188361,9727.854052435448,-23464860.354297053,-0.002167724636760515,-0.2537346152241156,0.7568404882677559,0.0,0.0,428634241996818.5,-543.993617372066,0.17279512059144664,1.0,105300614762814.27,254546841234.6306,1.2638241925278666e+16,-2746588386.8823395,0.004107243448951347,-0.04717849043443844,0.04699339494233683,0.006345115407188361,3851997179144637.5,1.659553971918612e+16,1.6595794266027356e+16,1.6490239104423304e+16,1167542.7841082045,-2746588386.8823395,1.0,410.41602819133846,9.283272707298824e-10,9.283272707298824e-10,0.04426469327517091,355854.2032590752,410.41602819133846
2316.0,17348.124765884768,10824660734.974134,407.2592872162057,5.2818054338820954e-05,2.6126409342326786,0.2336152418886701,3.466226361347501e+16,0.3864780800878228,0.3864780800878228,128169669695.14845,0.06551654573510404,1551977.1580828002,1551954.0618498977,1542155.2627402672,23.096232902424063,9798.79910963049,1.0039942160677766,1.4881812391462946e-05,1.488181239146295e-05,1.4881812391462946e-05,0.0063138461056962735,9798.79910963049,-23320801.415225897,-0.002154414072293012,-0.24728946291088788,0.75526411978493,0.0,0.0,433584712816804.5,-544.1863646588118,0.17198007495351886,1.0,106068675971916.67,250008885424.68744,1.2793496445653984e+16,-2676824539.344331,0.0040020749209396305,-0.046416369822865386,0.04665292155577933,0.0063138461056962735,3899811074164305.5,1.6799376195790208e+16,1.6799626204675632e+16,1.669330751981829e+16,1181884.288005314,-2676824539.344331,1.0,409.86509481213,9.114314662358873e-10,9.114314662358873e-10,0.04423284349142054,360270.97473495314,409.86509481213
2317.0,17495.529911669073,10824671199.207813,406.80341215221347,5.274625397633864e-05,2.612061476766186,0.23364079077404182,3.5095848326291812e+16,0.3863884338652326,0.3863884338652326,125492845155.80412,0.06454899528393084,1571011.6673915433,1570988.9733301373,1561118.6171228914,22.694061405850995,9870.356207246054,1.0038597838901,1.4445507870435797e-05,1.4445507870435795e-05,1.4445507870435792e-05,0.006282893371506711,9870.356207246054,-23177875.90215871,-0.002141208307911925,-0.24106526095158612,0.7536910346063568,0.0,0.0,438616437473919.5,-544.3770425399501,0.171172923649484,1.0,106843360562498.42,245655752892.96884,1.295039446321419e+16,-2609452187.35215,0.003899954217972297,-0.0456614052093071,0.04631231700627568,0.006282893371506711,3948201270103101.0,1.7005439093879788e+16,1.7005684749632684e+16,1.6898595733317292e+16,1196377.6289262203,-2609452187.35215,1.0,409.31859692191495,8.948710063116261e-10,8.948710063116261e-10,0.044201634853072935,364740.98819667095,409.31859692191495
2318.0,17643.96378124698,10824681340.689169,406.34804738247476,5.267513382364686e-05,2.611485832235598,0.23366910596841658,3.5534464763765732e+16,0.38629973109998733,0.38629973109998733,122883392968.45197,0.06360940108079165,1590254.2136417483,1590231.905519818,1580289.3765933623,22.308121930406756,9942.52892645567,1.0037308774255644,1.402802252560628e-05,1.4028022525606282e-05,1.4028022525606285e-05,0.006252250940220972,9942.52892645567,-23036068.993758544,-0.0021281059708582535,-0.2350596447464393,0.7521212258934781,0.0,0.0,443727376739434.5,-544.5656997057382,0.17037351050904603,1.0,107624707349467.02,241478311205.89285,1.310895507458348e+16,-2544445750.4358063,0.003801025561722959,-0.044913881899582744,0.04597170724043455,0.006252250940220972,3997173853116008.0,1.7213753635048954e+16,1.721399511336016e+16,1.7106128927699488e+16,1211024.570793405,-2544445750.4358063,1.0,408.7764165918546,8.786382333497462e-10,8.786382333497462e-10,0.044171014963725996,369264.80579995736,408.7764165918546
2319.0,17793.431659828973,10824691169.372688,405.8931923357801,5.2604686660688744e-05,2.610913892111981,0.2337000860727483,3.597819214050517e+16,0.3862119618629264,0.3862119618629264,120338947218.01616,0.06269654694275248,1609707.106165154,1609685.168624039,1599669.8481070497,21.93754111491995,10015.320516989244,1.0036073378008932,1.3628281213954701e-05,1.3628281213954701e-05,1.36282812139547e-05,0.006221912652366894,10015.320516989244,-22895366.466695264,-0.0021151057437532508,-0.22927003277660007,0.7505546868219805,0.0,0.0,448915603175306.5,-544.7523838756894,0.16958168186598332,1.0,108412751558690.58,237467107584.42426,1.3269197261490308e+16,-2481777299.1986494,0.003705352727804217,-0.044174072026093726,0.045631215576108455,0.006221912652366894,4046734817225823.0,1.7424344830274822e+16,1.7424582297382406e+16,1.731593207871613e+16,1225826.866916452,-2481777299.1986494,1.0,408.2384365713262,8.627257319089993e-10,8.627257319089993e-10,0.04414093547369857,373842.98119059775,408.2384365713262
2320.0,17943.938846003686,10824700694.90585,405.4388464415592,5.253490535673518e-05,2.610345547866403,0.233733629687991,3.642710774368047e+16,0.38612511632938556,0.38612511632938556,117857169918.8175,0.0618091945714602,1629372.6363607107,1629351.0549202259,1619262.32100975,21.58144048490725,10088.733910475812,1.0034890063077795,1.3245245441896294e-05,1.3245245441896294e-05,1.3245245441896294e-05,0.00619187245131146,10088.733910475812,-22755754.651379842,-0.0021022063605036947,-0.22369362297466308,0.7489914105817631,0.0,0.0,454179292143318.0,-544.9371418247463,0.16879728650895132,1.0,109207524971447.73,233612633814.04474,1.3431139904957734e+16,-2421416516.0598426,0.0036129534656872643,-0.04344223443947878,0.04529096260706507,0.00619187245131146,4096890066511366.0,1.7637237496440548e+16,1.7637471109074362e+16,1.75280299714691e+16,1240786.2613031403,-2421416516.0598426,1.0,407.70454027658576,8.471263158336225e-10,8.471263158336225e-10,0.04411135177385361,378476.0597066097,407.70454027658576
2321.0,18095.490651684377,10824709926.638597,404.98500912988027,5.246578286907807e-05,2.6097806909699304,0.23376963541509854,3.688128703582379e+16,0.38603918477809784,0.38603918477809784,115435753402.75766,0.06094610374787188,1649253.079123966,1649231.8401741635,1639069.0684416078,21.23894980250931,10162.771732555764,1.0033757243945767,1.287792035761474e-05,1.2877920357614738e-05,1.2877920357614738e-05,0.006162124381180118,10162.771732555764,-22617220.391274933,-0.00208940660253778,-0.21832738876419525,0.7474313903769102,0.0,0.0,459516713381501.0,-545.1200194076102,0.1680201756331171,1.0,110009056055558.52,229905470758.6014,1.359480179864227e+16,-2363330652.4128685,0.0035238185347497425,-0.04271861459533043,0.04495106610659413,0.006162124381180118,4147645416963880.0,1.7852456271661708e+16,1.7852686177132466e+16,1.774244721560615e+16,1255904.4898918478,-2363330652.4128685,1.0,407.1746117797666,8.318330163769388e-10,8.318330163769388e-10,0.04408222270950435,383164.57854975987,407.1746117797666
2322.0,18248.092402054346,10824718873.632513,404.53167983144994,5.2397312241745744e-05,2.60921921289363,0.23380800185502487,3.73408037492053e+16,0.38595415759010504,0.38595415759010504,113072422750.34479,0.060106044030363535,1669350.694162914,1669329.7849486002,1659092.3486347452,20.90921431400983,10237.436313854918,1.0032673336582398,1.2525357545973661e-05,1.2525357545973661e-05,1.2525357545973664e-05,0.0061326625848050365,10237.436313854918,-22479751.00552105,-0.002076705295347536,-0.21316807479177433,0.7458746194256605,0.0,0.0,464926223100051.5,-545.3010615817698,0.16725020279277547,1.0,110817370084196.19,226336366817.6893,1.376020166134524e+16,-2307484482.454427,0.0034379222189328132,-0.04200344443538338,0.044611640929874255,0.0061326625848050365,4199006598020581.5,1.8070025629450016e+16,1.807025196581683e+16,1.795920825936582e+16,1271183.2817074952,-2307484482.454427,1.0,406.6485357982098,8.168390712412426e-10,8.168390712412426e-10,0.04405351031483917,387909.06692725007,406.6485357982098
2323.0,18401.749435512324,10824727544.669708,404.0788579776118,5.232948660424028e-05,2.608661005108569,0.23384862760872394,3.780572997230534e+16,0.385870025247681,0.385870025247681,110764938267.89037,0.05928780175857161,1689667.727207894,1689647.1358092285,1679334.4061093223,20.591398665422673,10312.7296999062,1.003163675836524,1.2186655597339901e-05,1.2186655597339903e-05,1.2186655597339903e-05,0.006103481301713975,10312.7296999062,-22343334.254619215,-0.0020641013053138207,-0.20821219237331892,0.7443210909603779,0.0,0.0,470406256557834.5,-545.4803124295154,0.16648722385508163,1.0,111632489243308.02,222896280316.8759,1.392735814873476e+16,-2253840253.9195333,0.003355228120407887,-0.04129694226265356,0.0442727989149389,0.006103481301713975,4250979253788369.0,1.8289969891766436e+16,1.829019278804675e+16,1.817833740252313e+16,1286624.359944546,-2253840253.9195333,1.0,406.1261976841247,8.021379144523462e-10,8.021379144523462e-10,0.04402517956706187,392710.0461647765,406.1261976841247
2324.0,18556.467103616847,10824735948.261452,403.6265430003461,5.226229917029627e-05,2.608105959085813,0.2338914112771497,3.8276136228863176e+16,0.3857867783332663,0.3857867783332663,108511098013.97083,0.05849018446945657,1710206.4111222944,1710186.1264332777,1699797.4727731817,20.28468901664245,10388.653660095822,1.0030645928004271,1.1860959522032761e-05,1.1860959522032761e-05,1.186095952203276e-05,0.00607457486616509,10388.653660095822,-22207958.30892359,-0.0020515935367911107,-0.20345601467344804,0.7427707982275221,0.0,0.0,475955321085351.5,-545.6578151791185,0.16573109695491328,1.0,112454432728477.16,219576402397.75375,1.4096289864320158e+16,-2202357635.9256825,0.0032756923369515255,-0.040599312610069056,0.043934648782094646,0.00607457486616509,4303568943971669.5,1.8512313241020304e+16,1.8512532817422704e+16,1.8399858808291828e+16,1302229.4429809297,-2202357635.9256825,1.0,405.6074834145703,7.877231669941282e-10,7.877231669941282e-10,0.04399719815932834,397568.02979225194,405.6074834145703
2325.0,18712.250771030373,10824744092.656507,403.174734332269,5.219574323666045e-05,2.6075539662964298,0.2339362514612561,3.875209154994853e+16,0.3857044075284142,0.3857044075284142,106308740378.04514,0.05771202389288896,1730968.9669204503,1730948.9786262494,1720483.768930543,19.98829420084359,10465.209695706411,1.0029699265468919,1.1547459592187009e-05,1.1547459592187009e-05,1.1547459592187009e-05,0.0060459377052303545,10465.209695706411,-22073611.719712716,-0.0020391809294306945,-0.19889557163675098,0.7412237344876194,0.0,0.0,481571989524198.5,-545.8336122252738,0.1649816824508844,1.0,113283216832009.58,216368169572.86197,1.4267015369723248e+16,-2152993664.1304593,0.0031992651886763456,-0.03991074610218801,0.04359729603165724,0.0060459377052303545,4356781144519051.5,1.8737079731074308e+16,1.8737296099243884e+16,1.86237965142423e+16,1318000.245326998,-2152993664.1304593,1.0,405.0922795817654,7.735886281349591e-10,7.735886281349591e-10,0.04396953629116962,402483.52360354515,405.0922795817654
2326.0,18869.10581546269,10824751985.849236,402.72343140663133,5.2129812181892075e-05,2.607004918211487,0.23398304676199708,3.923366353947273e+16,0.38562290361274726,0.38562290361274726,104155746713.91467,0.05695217817390166,1751957.604698524,1751937.9032521255,1741395.5042050031,19.701446398432733,10542.39904712237,1.002879519191755,1.1245389925872633e-05,1.1245389925872633e-05,1.1245389925872633e-05,0.006017564336927979,10542.39904712237,-21940283.392625086,-0.002026862455722472,-0.1945266446863085,0.7396798930152331,0.0,0.0,487254894055347.0,-546.0077451488706,0.16423884288250012,1.0,114118855020952.95,213263271025.537,1.4439553194289418e+16,-2105702683.3687067,0.00312589213974803,-0.039231419309651586,0.04326084283988261,0.006017564336927979,4410621248002620.5,1.896429329731299e+16,1.896450656058402e+16,1.885017444229204e+16,1333938.4785134725,-2105702683.3687067,1.0,404.5804733837125,7.597282673842195e-10,7.597282673842195e-10,0.0439421664752051,407457.0256915307,404.5804733837125
2327.0,19027.037627613892,10824759635.587442,402.27263365731886,5.20644994651834e-05,2.60645870630205,0.23403169578032654,3.972091843352807e+16,0.38554225746292553,0.38554225746292553,102050044030.54596,0.056209533680644644,1773174.524483795,1773155.1010822088,1762534.8783819503,19.423401586332243,10620.22270025852,1.0027932129629376,1.0954026982756684e-05,1.0954026982756684e-05,1.0954026982756684e-05,0.005989449368403636,10620.22270025852,-21807962.563261792,-0.0020146371187371227,-0.1903447612040863,0.7381392670989346,0.0,0.0,493002720390907.5,-546.1802547363167,0.1635024429278329,1.0,114961358006707.9,210253653477.53436,1.461392184408024e+16,-2060436287.927524,0.0030555142727239255,-0.0385614945960635,0.04292538795298018,0.005989449368403636,4465094563743714.5,1.9193977765830664e+16,1.919418801948414e+16,1.9079016407823956e+16,1350045.8519222508,-2060436287.927524,1.0,404.0719526151354,7.461362170228697e-10,7.461362170228697e-10,0.04391506335886364,412489.02645969944,404.0719526151354
2328.0,19186.05161111667,10824767049.37998,401.82234051885087,5.199979862520002e-05,2.6059152220391875,0.23408209711719846,4.021392115391898e+16,0.3854624600516251,0.3854624600516251,99989607742.61844,0.05548300659748338,1794621.9170073632,1794602.7635674553,1783904.0821751864,19.15343990790675,10698.68139226893,1.0027108501939042,1.0672688061141165e-05,1.0672688061141163e-05,1.0672688061141163e-05,0.005961587494160119,10698.68139226893,-21676638.774774924,-0.0020025039500518875,-0.18634518880864048,0.7366018500412741,0.0,0.0,498814202305662.0,-546.3511809972321,0.162772349365767,1.0,115810733806847.45,207331525197.38852,1.4790139810286834e+16,-2017143259.6262624,0.0029880685136608044,-0.037901119957028495,0.042591026579105185,0.005961587494160119,4520206317697560.0,1.942615686179124e+16,1.942636419331644e+16,1.931034612798439e+16,1366324.0735636877,-2017143259.6262624,1.0,403.56660565873824,7.328067651574486e-10,7.328067651574486e-10,0.04388820356000345,417580.00861149875,403.56660565873824
2329.0,19346.153182478152,10824774234.504112,401.3725514263796,5.193570327894057e-05,2.6053743568939645,0.23413414937356675,4.071273535622464e+16,0.38538350244652764,0.38538350244652764,97972464482.99217,0.05477154441425662,1816301.964404928,1816283.0735388834,1805505.2979222964,18.890866044671462,10777.775616587009,1.0026322733173496,1.0400729842771844e-05,1.0400729842771844e-05,1.0400729842771846e-05,0.005933973494333881,10777.775616587009,-21546301.857275635,-0.001990462007844608,-0.18252292943987172,0.7350676351587512,0.0,0.0,504688116486333.0,-546.5205631842804,0.1620484310302467,1.0,116666987799697.72,204489360027.82825,1.4968225577101148e+16,-1975769503.8069355,0.0029234877178252487,-0.03725042885112344,0.042257850278236246,0.005933973494333881,4575961652108797.0,1.9660854217009644e+16,1.966105870636967e+16,1.9544187229209944e+16,1382774.8508037915,-1975769503.8069355,1.0,403.0643214767635,7.197343492512244e-10,7.197343492512244e-10,0.04386156551530118,422730.4471185051,403.0643214767635
2330.0,19507.34777102119,10824781198.012665,400.9232658156894,5.187220712061565e-05,2.604836002337449,0.23418775115038537,4.121742347271098e+16,0.3853053758093207,0.3853053758093207,95996694979.18524,0.05407412737369279,1838216.8408499702,1838198.2058403352,1827340.700212989,18.635009635017067,10857.505627346229,1.002557324859153,1.0137547008001762e-05,1.0137547008001762e-05,1.0137547008001762e-05,0.005906602233018012,10857.505627346229,-21416941.90890992,-0.0019785103751419827,-0.17887271326505577,0.733536615781786,0.0,0.0,510623277677870.0,-546.6884398081019,0.161330558780162,1.0,117530122772214.16,201719901921.9176,1.5148197629079892e+16,-1936257983.3890862,0.0028617006768955145,-0.03660954002260258,0.04192594684985139,0.005906602233018012,4632365624948968.0,1.9898093376801076e+16,1.9898295096702996e+16,1.978056325402886e+16,1399399.8910445385,-1936257983.3890862,1.0,402.56498960286626,7.069135500915647e-10,7.069135500915647e-10,0.04383512934041711,427940.8091684504,402.56498960286626
2331.0,19669.640818825,10824787946.740936,400.4744831231963,5.1809303920545284e-05,2.6043000498407074,0.23424280104860828,4.172804675038885e+16,0.3852280713947082,0.3852280713947082,94060436995.79616,0.053389769911809146,1860368.7131233471,1860350.3278975822,1849412.456454357,18.38522576487318,10937.871443225227,1.0024858474325642,9.88257093079494e-06,9.88257093079494e-06,9.88257093079494e-06,0.005879468656630027,10937.871443225227,-21288549.278462753,-0.0019666481582091577,-0.1753889924143217,0.7320087852546908,0.0,0.0,516618534107360.0,-546.8548486567888,0.16061860545324746,1.0,118400138961626.33,199016170257.7101,1.5330074458033424e+16,-1898548651.0775871,0.002802632081470224,-0.03597855731567525,0.04159540021832402,0.005879468656630027,4689423209146245.0,2.0137897806141296e+16,2.0138096822311556e+16,2.0019497667179668e+16,1416200.902360301,-1898548651.0775871,1.0,402.0685001342842,6.943390861550068e-10,6.943390861550068e-10,0.043808876701004085,433211.55409405584,402.0685001342842
2332.0,19833.037780665385,10824794487.313417,400.02620278594736,5.174698752407481e-05,2.6037663908748065,0.23429919766918936,4.224466528449621e+16,0.38515158054943155,0.38515158054943155,92161888344.71857,0.05271752211102502,1882759.7411230544,1882741.600227511,1871722.7273767516,18.140895543500804,11018.872850759508,1.0024176837326513,9.635268455804068e-06,9.63526845580407e-06,9.63526845580407e-06,0.005852567792323697,11018.872850759508,-21161114.54936345,-0.0019548744850688966,-0.172065934557413,0.7304841369356397,0.0,0.0,522672763167410.0,-547.0198268103247,0.15991244583616515,1.0,119277034091309.0,196371466074.21603,1.5513874569470064e+16,-1862578379.8515155,0.002746202457665486,-0.03535756948021672,0.0412662903159663,0.005852567792323697,4747139291617031.0,2.0380290895178404e+16,2.0380487266644476e+16,2.0261013861087096e+16,1433179.594093192,-1862578379.8515155,1.0,401.5747437243164,6.820058083367883e-10,6.820058083367883e-10,0.04378279069369606,438543.13328355976,401.5747437243164
2333.0,19997.544123954354,10824800826.150282,399.57842424161976,5.1685251850508815e-05,2.603234916910814,0.2343568396130826,4.276733804766362e+16,0.385075894711301,0.385075894711301,90299309964.86705,0.05205647117733611,1905392.0783176236,1905374.176890853,1894273.6674836953,17.90142677061169,11100.509407157757,1.0023526765309874,9.395140755711473e-06,9.395140755711473e-06,9.395140755711471e-06,0.0058258947464436195,11100.509407157757,-21034628.52497539,-0.001943188504139537,-0.1688974163291583,0.7289626641966414,0.0,0.0,528784867341942.0,-547.183410657408,0.15921195662590115,1.0,120160803401290.27,193779379295.7862,1.5699616488623924e+16,-1828280891.8145208,0.002692328088281743,-0.034746649968803035,0.04093869296365446,0.0058258947464436195,4805518672108303.0,2.062529596413352e+16,2.0625489743512816e+16,2.0505135160732228e+16,1450337.6774099332,-1828280891.8145208,1.0,401.08361157509535,6.699086950132619e-10,6.699086950132619e-10,0.04375685573629018,443935.99007376214,401.08361157509535
2334.0,20163.165328679173,10824806969.473696,399.13114692851985,5.162409089206265e-05,2.602705519419796,0.23441562548124192,4.329612291500556e+16,0.38500100540823723,0.38500100540823723,88471029073.05254,0.051405742948217474,1928267.8721463804,1928250.2058916837,1917067.4254490254,17.666254696622104,11182.780442658464,1.0022906686705857,9.161722264737816e-06,9.161722264737816e-06,9.161722264737816e-06,0.005799444703021408,11182.780442658464,-20909082.215063803,-0.001931589382981894,-0.16587701661280072,0.7274443604235088,0.0,0.0,534953770358414.0,-547.3456359106877,0.1585170163958255,1.0,121051439673783.48,191233796964.49237,1.5887318766092634e+16,-1795586685.5057492,0.002640920924395173,-0.03414585672497976,0.04061267974897564,0.005799444703021408,4864566061858970.0,2.0872936267625388e+16,2.087312750142235e+16,2.0751884827951604e+16,1467676.865822678,-1795586685.5057492,1.0,400.59499543065465,6.580428474095407e-10,6.580428474095407e-10,0.04373105746638428,449390.5596263474,400.59499543065465
2335.0,20329.906887340876,10824812923.31392,398.68437028558304,5.156349871283129e-05,2.6021780898728193,0.2344754538746213,4.3831076685363976e+16,0.3849269042573231,0.3849269042573231,86675442387.54678,0.05076450343530832,1951389.2643695776,1951371.8295267029,1940106.1444642425,17.434842874902493,11265.685062460376,1.0022315030610862,8.934579682918903e-06,8.934579682918903e-06,8.934579682918903e-06,0.0057732129223126176,11265.685062460376,-20784466.82334368,-0.0019200763071460733,-0.16299800968916467,0.7259292190158316,0.0,0.0,541178413551492.0,-547.5065376217218,0.15782750556205305,1.0,121948933254105.66,188728912468.1921,1.6076999983109382e+16,-1764422961.7577171,0.002591888490678168,-0.033555231962697434,0.04028831790184147,0.0057732129223126176,4924286082087890.0,2.112323499845138e+16,2.1123423727363844e+16,2.100128606519727e+16,1485198.8756760475,-1764422961.7577171,1.0,400.1087875702944,6.464034852468445e-10,6.464034852468445e-10,0.04370538264782753,454907.26878819487,400.1087875702944
2336.0,20497.77430489231,10824818693.515228,398.23809375237255,5.150346944777528e-05,2.6016525197409512,0.2345362233941746,4.437225509891547e+16,0.38485358296386524,0.38485358296386524,84911019425.78906,0.05013196040445602,1974758.3913712043,1974741.1846871015,1963391.9625388444,17.20668410273525,11349.222148257153,1.0021750226741841,8.713311044997013e-06,8.713311044997013e-06,8.713311044997013e-06,0.005747194739373121,11349.222148257153,-20660773.736018587,-0.0019086484791099308,-0.16025335825831233,0.7244172333869467,0.0,0.0,547457752424188.5,-547.6661501954843,0.15714330635070717,1.0,122853272067311.1,186259235728.69983,1.62686787564723e+16,-1734713548.1731722,0.002545133786333202,-0.03297480193686579,0.039965670167518855,0.005747194739373121,4984683262315736.0,2.1376215290855344e+16,2.137640155009107e+16,2.1253362018788036e+16,1502905.4266025072,-1734713548.1731722,1.0,399.6248808022329,6.349859426465062e-10,6.349859426465062e-10,0.04367981908433305,460486.5359363373,399.6248808022329
2337.0,20666.773098675527,10824824285.741644,397.79231676907904,5.144399730172328e-05,2.601128700495258,0.2345978326408558,4.491971285133966e+16,0.38478103332046537,0.38478103332046537,83176305877.61589,0.0495073649948547,1998377.3844170475,1998360.4031156015,1986927.0127561963,16.98130144599379,11433.390359405133,1.0021210705393062,8.497544847339961e-06,8.497544847339961e-06,8.497544847339961e-06,0.005721385562674068,11433.390359405133,-20537994.5112285,-0.0018973051173016224,-0.15763570634094173,0.7229083969639102,0.0,0.0,553790753393252.5,-547.8245074044327,0.15646430276606726,1.0,123764441630853.08,183819604296.09326,1.6462373743152154e+16,-1706378822.2994642,0.002500555182728861,-0.03240457670499485,0.039644794677032524,0.005721385562674068,5045762038527219.0,2.1631900223310224e+16,2.163208404291452e+16,2.1508135781679372e+16,1520798.2419480227,-1706378822.2994642,1.0,399.1431684575477,6.237856642697289e-10,6.237856642697289e-10,0.0436543555397213,466128.7708081737,399.1431684575477
2338.0,20836.90879835869,10824829705.482502,397.3470387765199,5.138507654839104e-05,2.600606523606808,0.23466018021561888,4.547350360473292e+16,0.38470924720610183,0.38470924720610183,81469927055.31642,0.04889001337852787,2022248.3698704408,2022231.6116210998,2010713.423487349,16.75824934112573,11518.188133750786,1.002069489739537,8.286939226065186e-06,8.286939226065184e-06,8.286939226065184e-06,0.0056957808727544105,11518.188133750786,-20416120.86933172,-0.0018860454551993067,-0.1551373720661213,0.7214027031874682,0.0,0.0,560176390706589.0,-547.9816424021521,0.15579038055957395,1.0,124682425063561.56,181405195279.70038,1.6658103644598392e+16,-1679335633.5718412,0.0024580463183903594,-0.0318445498799078,0.039325744814898526,0.0056957808727544105,5107526751179881.0,2.1890312820841836e+16,2.189049422603711e+16,2.176563039577827e+16,1538879.0491698438,-1679335633.5718412,1.0,398.6635443844044,6.127982016740813e-10,6.127982016740813e-10,0.04362898166426232,471834.3743175053,398.6635443844044
2339.0,21008.1869458725,10824834958.05783,396.90225921613825,5.132670152941639e-05,2.600085880546666,0.23472316471941773,4.603367999543951e+16,0.3846382165852205,0.3846382165852205,79790591421.74458,0.04827924846111336,2046373.4693679467,2046356.9322531798,2034753.3185650373,16.53711476676098,11603.613688142426,1.0020201234077795,8.081181179439701e-06,8.081181179439701e-06,8.081181179439703e-06,0.005670376220909833,11603.613688142426,-20295144.68395214,-0.0018748687405016524,-0.15275034035029994,0.7199001455120286,0.0,0.0,566613643521176.0,-548.1375877365844,0.15512142719967725,1.0,125607203091202.5,179011538032.64862,1.685588721076187e+16,-1653497224.0791585,0.002417495991750707,-0.03129469837352546,0.039008569084152026,0.005670376220909833,5169981643065127.0,2.21514760569182e+16,2.2151655068456236e+16,2.2025868853826996e+16,1557149.5802081143,-1653497224.0791585,1.0,398.18590294256137,6.020192098694683e-10,6.020192098694683e-10,0.04360368792662106,477603.7383569231,398.18590294256137
2340.0,21180.613095345947,10824840048.623575,396.4579775300027,5.1268866653410045e-05,2.5995666627858998,0.2347866847532063,4.660029363896069e+16,0.3845679335068352,0.3845679335068352,78137094197.66542,0.04767446162472774,2070754.7999570335,2070738.4824385573,2059048.8174199073,16.317518476131056,11689.665018649992,1.0019728147231806,7.87998582761688e-06,7.879985827616882e-06,7.879985827616882e-06,0.005645167227917611,11689.665018649992,-20175057.973729104,-0.0018637742343633474,-0.1504662554756404,0.7184007174056328,0.0,0.0,573101493130684.0,-548.2923753628544,0.1544573318425032,1.0,126538754048876.48,176634527494.57858,1.705574324385127e+16,-1628773148.2391386,0.0023787880519210818,-0.0307549821317331,0.038693310968635916,0.005645167227917611,5233130857026753.0,2.24154128549269e+16,2.2415589489454396e+16,2.2288874100878024e+16,1575611.5718328774,-1628773148.2391386,1.0,397.71013899816745,5.914444440578999e-10,5.914444440578999e-10,0.0435784655510032,483437.24558703,397.71013899816745
2341.0,21354.19281304164,10824844982.176662,396.0141931608062,5.1211566395021916e-05,2.599048761795577,0.23485063891793853,4.717339513209138e+16,0.3844983901036378,0.3844983901036378,76508321049.42628,0.04707509451357307,2095394.4741977153,2095378.3750814348,2083602.0351809214,16.099116280467733,11776.339900513502,1.0019274069077857,7.68309570284219e-06,7.68309570284219e-06,7.683095702842189e-06,0.005620149582795912,11776.339900513502,-20055852.894712098,-0.0018527612106902672,-0.14827641357043903,0.7169044123499272,0.0,0.0,579638920332800.0,-548.4460366557084,0.15379798530332078,1.0,127477053880480.39,174270438086.09976,1.7257690601839342e+16,-1605069191.4131184,0.0023418012876784125,-0.030225343860357586,0.038380008792521535,0.005620149582795912,5296978433541938.0,2.268214608926176e+16,2.2682320359699844e+16,2.255466903538128e+16,1594266.765967965,-1605069191.4131184,1.0,397.236147918827,5.810697565427725e-10,5.810697565427725e-10,0.04355330645906408,489335.2692129564,397.236147918827
2342.0,21528.931677290562,10824849763.559898,395.57090555186534,5.1154795294022503e-05,2.598532069046764,0.23491492581456835,4.775303405242418e+16,0.3844295785911174,0.3844295785911174,74903251858.01317,0.046480640862861175,2120294.600229934,2120278.7186295614,2108415.0827417206,15.881600372641705,11863.635887840794,1.0018837432234433,7.490280063402244e-06,7.490280063402244e-06,7.490280063402244e-06,0.0055953190415969625,11863.635887840794,-19937521.73334751,-0.001841828955489428,-0.14617175499851037,0.7154112238401346,0.0,0.0,586224902926788.0,-548.5986024215714,0.15314328002878763,1.0,128422076135454.14,171915938038.74335,1.746174820173363e+16,-1582287287.5347605,0.002306409314798633,-0.029705708742288364,0.03806869557703481,0.0055953190415969625,5361528308169205.0,2.2951698586038292e+16,2.295187050197633e+16,2.2823276509902836e+16,1613116.909993132,-1582287287.5347605,1.0,396.76382556894384,5.708910937946929e-10,5.708910937946929e-10,0.04352820321622186,495298.1727485883,396.76382556894384
2343.0,21704.835278426264,10824854397.466724,395.12811414712047,5.109854795439934e-05,2.5980164760105273,0.23497944404404977,4.833925895535096e+16,0.3843614912666893,0.3843614912666893,73320964570.47841,0.04589064837157477,2145457.2818083577,2145441.617107678,2133490.0667946045,15.66470067953416,11951.550313073523,1.0018416669689587,7.301334224809518e-06,7.301334224809517e-06,7.301334224809517e-06,0.0055706714262333075,11951.550313073523,-19820056.900009084,-0.001830976766269249,-0.14414285666250584,0.7139211453850262,0.0,0.0,592858413332533.0,-548.7501029107344,0.15249311006826183,1.0,129373791963018.73,169568104035.85535,1.7667935022625522e+16,-1560325435.8065422,0.0022724804618536095,-0.029195984145789715,0.037759398894365144,0.0055706714262333075,5426784308867630.0,2.3224093123456172e+16,2.322426269156021e+16,2.309471933149315e+16,1632163.7570257057,-1560325435.8065422,1.0,396.2930683053434,5.609044936619874e-10,5.609044936619874e-10,0.043503148982037,501326.30976889876,396.2930683053434
2344.0,21881.909218718603,10824858888.445827,394.6858183911336,5.1042819043467946e-05,2.597501874157934,0.23504409220733663,4.8932117368683496e+16,0.38429412050883227,0.38429412050883227,71760639134.67186,0.04530472061953353,2170884.618306153,2170869.170119922,2158829.089833684,15.44818623101623,12040.080286238439,1.0018010214774908,7.116078902005291e-06,7.116078902005292e-06,7.116078902005293e-06,0.005546202623336037,12040.080286238439,-19703450.923027672,-0.001820203951486021,-0.14217992422556625,0.7124341705068934,0.0,0.0,599538416322852.0,-548.900567826684,0.1518473710543493,1.0,130332170104089.55,167224436033.1825,1.7876270108530364e+16,-1539077616.5116751,0.0022398776545709226,-0.028696059324061527,0.037452140718737516,0.005546202623336037,5492750153191202.0,2.3499352431825656e+16,2.349951965626169e+16,2.336902026172157e+16,1651409.0661829347,-1539077616.5116751,1.0,395.823772973161,5.51106082715344e-10,5.51106082715344e-10,0.04347813746432361,507420.023650749,395.823772973161
2345.0,22060.159112306897,10824863240.905596,394.2440177290892,5.098760329099723e-05,2.5969881549600506,0.23510876890538293,4.953165578500635e+16,0.384227458776236,0.384227458776236,70221561518.16019,0.044722519029190874,2196578.704689156,2196563.472822623,2184434.250128622,15.231866532976891,12129.222694000662,1.0017616501141924,6.934359556732749e-06,6.93435955673275e-06,6.934359556732749e-06,0.005521908583144377,12129.222694000662,-19587696.443179492,-0.0018095098300328094,-0.140272784256062,0.7109502927415193,0.0,0.0,606263866861390.0,-549.0500263400841,0.1512059601671888,1.0,131297176881045.7,164882872123.20172,1.8086772571030476e+16,-1518433705.9929266,0.002208458298841406,-0.028205805106113774,0.03714693727463086,0.005521908583144377,5559429445362024.0,2.3777499193273548e+16,2.377766407614567e+16,2.36462020163925e+16,1670854.6028261285,-1518433705.9929266,1.0,395.35583690200303,5.414920737162456e-10,5.414920737162456e-10,0.043453162876715634,513579.6473024937,395.35583690200303
2346.0,22239.590585132457,10824867459.118456,393.8027116067923,5.0932895488348905e-05,2.596475209887945,0.2351733727391426,5.013791965186774e+16,0.38416149860695636,0.38416149860695636,68703127812.16726,0.04414376487255116,2222541.6314617647,2222526.615868833,2210307.6416702988,15.01559293162412,12218.974198534204,1.001723396274098,6.756045744685724e-06,6.756045744685724e-06,6.756045744685723e-06,0.00549778531842578,12218.974198534204,-19472786.208595887,-0.001798893730767369,-0.1384108763003938,0.7094695056381514,0.0,0.0,613033708038917.0,-549.1985070974537,0.1505687761163007,1.0,132268776185520.92,162541803304.90704,1.829946159173198e+16,-1498279390.852203,0.0021780741624538367,-0.027725073579028554,0.0368437988821287,0.00549778531842578,5626825673225691.0,2.405855604114319e+16,2.40587185829465e+16,2.392628726495767e+16,1690502.1387875944,-1498279390.852203,1.0,394.889157902373,5.320587632009707e-10,5.320587632009707e-10,0.04342821989942758,519805.50288270443,394.889157902373
2347.0,22420.209274870795,10824871547.225058,393.36189947066845,5.087869048763088e-05,2.5959629304126834,0.23523780230956956,5.0750953359906664e+16,0.38409623261758075,0.38409623261758075,67204848421.315056,0.0435682413235639,2248775.484585821,2248760.6853258647,2236451.3540896405,14.799259956323278,12309.331236224129,1.0016861033802527,6.581030457582119e-06,6.581030457582119e-06,6.581030457582119e-06,0.005473828903425711,12309.331236224129,-19358713.07006009,-0.0017883549920758802,-0.13658324488778578,0.7079918027594725,0.0,0.0,619846869101427.0,-549.3460382319498,0.14993571911486592,1.0,133246929464371.22,160200088021.191,1.851435642454581e+16,-1478496081.4134645,0.0021485712556346174,-0.02725369776169243,0.03654272979939098,0.005473828903425711,5694942205092095.0,2.434254555910227e+16,2.4342705759190296e+16,2.4209298629637904e+16,1710353.4525813325,-1478496081.4134645,1.0,394.42363426236255,5.228025291714527e-10,5.228025291714527e-10,0.04340330364294065,526097.901508308,394.42363426236255
2348.0,22602.020830863225,10824875509.238338,392.921580767763,5.082498320086411e-05,2.5954512080053327,0.23530195621761776,5.137080022900809e+16,0.3840316535024011,0.3840316535024011,65726352339.90159,0.04299579555631945,2275282.3453735895,2275267.762566961,2262867.472550747,14.58280662857296,12400.290016213987,1.001649614882092,6.409229455950681e-06,6.409229455950681e-06,6.409229455950681e-06,0.005450035472846483,12400.290016213987,-19245469.97665975,-0.0017778929614696236,-0.1347785314722801,0.7065171776815732,0.0,0.0,626702263563721.0,-549.4926473732321,0.1493066908566989,1.0,134231595703967.47,157857066329.59793,1.873147639780211e+16,-1458960824.5053935,0.0021197897104623313,-0.02679149127008811,0.03624372806223827,0.005450035472846483,5763782286464530.0,2.4629490279970604e+16,2.4629648137036936e+16,2.449525868426664e+16,1730410.3295983397,-1458960824.5053935,1.0,393.9591647446082,5.137198288857817e-10,5.137198288857817e-10,0.043378409614380775,532457.1429524072,393.9591647446082
2349.0,22785.030914047773,10824879349.047476,392.4817549457399,5.0771768599162836e-05,2.594939934136959,0.2353657330642412,5.199750249257181e+16,0.3839677540325962,0.3839677540325962,64267391515.396194,0.042426340889341524,2302064.290355875,2302049.9241381497,2289558.077619339,14.366217725401576,12491.84651881081,1.0016137742540583,6.24058058916361e-06,6.24058058916361e-06,6.24058058916361e-06,0.005426401220854302,12491.84651881081,-19133049.97176663,-0.0017675069952119348,-0.13298496631531198,0.7050456239939243,0.0,0.0,633598787402625.0,-549.6383616573239,0.1486815944928387,1.0,135222731412945.73,155512573579.61932,1.8950840916206616e+16,-1439546215.600395,0.002091563659231364,-0.026338247974243455,0.03594678532084269,0.005426401220854302,5833349036659806.0,2.4919412684279364e+16,2.4919568196852944e+16,2.478418995286642e+16,1750674.5622873085,-1439546215.600395,1.0,393.4956485835033,5.048071967414813e-10,5.048071967414813e-10,0.04335353368642658,538883.5153320305,393.4956485835033
2350.0,22969.24519688979,10824883070.42168,392.04242145288157,5.071904171192794e-05,2.5944290002786308,0.2354290314503937,5.263110127997443e+16,0.38390452705542283,0.38390452705542283,62827845299.7958,0.04185985897624217,2329123.391126302,2329109.2416013153,2316525.2451075553,14.149524986548546,12583.996493760273,1.0015784249944744,6.075043100102228e-06,6.075043100102229e-06,6.075043100102229e-06,0.0054029224001139985,12583.996493760273,-19021446.189316735,-0.0017571964579729876,-0.13119036031460923,0.7035771352993487,0.0,0.0,640535317324527.0,-549.7832077359164,0.14806033460964008,1.0,136220290603551.36,153166953481.39792,1.917246946264724e+16,-1420120310.3721337,0.0020637211118286784,-0.02589374164694059,0.035651886673521704,0.0054029224001139985,5903645445321969.0,2.5212335198572756e+16,2.521248836552624e+16,2.507611490796921e+16,1771147.9503214976,-1420120310.3721337,1.0,393.0329854826772,4.960612422453639e-10,4.960612422453639e-10,0.04332867206849267,545377.2947860577,393.0329854826772
2351.0,23154.669363311976,10824886677.013922,391.60357973808823,5.066679762605312e-05,2.5939182979014137,0.2354917499770293,5.327163659729896e+16,0.38384196549341476,0.38384196549341476,61407724989.42367,0.04129640204297883,2356461.714162604,2356447.7813543477,2343771.0458959457,13.932808256331072,12676.7354584022,1.0015434106246424,5.912596912817765e-06,5.912596912817766e-06,5.912596912817765e-06,0.005379595320850419,12676.7354584022,-18910651.850367103,-0.0017469607225101837,-0.12938209678139945,0.702111705213993,0.0,0.0,647510709102067.0,-549.927211785448,0.1474428172072504,1.0,137224224771687.94,150821070467.34778,1.9396381599858044e+16,-1400546535.6930966,0.002036083832198365,-0.025457725604297446,0.03535901049763445,0.005379595320850419,5974674368831964.0,2.5508280193461692e+16,2.550843101453216e+16,2.537105596869001e+16,1791832.3007524174,-1400546535.6930966,1.0,392.5710756127187,4.874786480642658e-10,4.874786480642658e-10,0.043303821280036736,551938.7451435284,392.5710756127187
2352.0,23341.309108623827,10824890172.364492,391.1652292508766,5.061503148514373e-05,2.5934077184763753,0.2355537872451019,5.391914730640102e+16,0.3837800623435906,0.3837800623435906,60007178453.73057,0.040736095171922906,2384081.3206257722,2384067.604429219,2371297.5457335007,13.716196553150807,12770.058695718233,1.0015085746882082,5.7532419026506145e-06,5.753241902650615e-06,5.7532419026506145e-06,0.005356416349936341,12770.058695718233,-18800660.25990677,-0.0017367991693720917,-0.12754712317331465,0.7006493273673007,0.0,0.0,654523795975283.0,-550.0703995158973,0.1468289496787113,1.0,138234482875798.03,148476321270.4219,1.9622596971947228e+16,-1380683600.152177,0.002008467213948803,-0.025029932338335524,0.03506812827758104,0.005356416349936341,6046438526615386.0,2.5807269981438412e+16,2.5807418457759684e+16,2.5669035498562612e+16,1812729.4281509593,-1380683600.152177,1.0,392.1098196091663,4.790561681514547e-10,4.790561681514547e-10,0.043278978125828704,558568.1175825413,392.1098196091663
2353.0,23529.170139450554,10824893559.904495,390.7273694413799,5.056373848874796e-05,2.592897153474582,0.23561504185556542,5.45736711023763e+16,0.3837188106766699,0.3837188106766699,58626494853.57839,0.040179138632928234,2411984.2661378062,2411970.766268744,2399106.8050164636,13.499869062240748,12863.961252280498,1.0014737607507551,5.5969971495118574e-06,5.5969971495118574e-06,5.596997149511857e-06,0.00533338191000578,12863.961252280498,-18691464.803901777,-0.0017267111866240544,-0.12567194278443203,0.6991899954019841,0.0,0.0,661573387112766.0,-550.2127961792961,0.1462186407896534,1.0,139251011314672.12,146134645671.4038,1.9851135305795372e+16,-1360385404.1078844,0.00198068015518312,-0.024610073141660527,0.03477920442990981,0.00533338191000578,6118940497350397.0,2.610932681446044e+16,2.6109472949106108e+16,2.597007580314577e+16,1833841.154736538,-1360385404.1078844,1.0,391.64911857074225,4.707906259439378e-10,4.707906259439378e-10,0.043254139673020386,565265.6502799259,391.64911857074225
2354.0,23718.258173661667,10824896842.959204,390.28999976034663,5.051291389160026e-05,2.592386494367101,0.23567541240937384,5.523524448948907e+16,0.3836582036362977,0.3836582036362977,57266109449.470505,0.03962581026155508,2440172.600538793,2440159.3164827423,2427200.878546631,13.284056050552469,12958.43793611149,1.0014388123996487,5.443900176413478e-06,5.443900176413477e-06,5.443900176413477e-06,0.005310488478592392,12958.43793611149,-18583058.946555417,-0.0017166961695937386,-0.12374260639857752,0.6977337029739963,0.0,0.0,668658266128801.0,-550.3544265779739,0.14561180065857726,1.0,140273753904296.05,143798536403.3185,2.0082016412329524e+16,-1339500949.3435051,0.0019525249326074435,-0.024197837724382245,0.03449219612553803,0.005310488478592392,6192182715077710.0,2.6414472881311524e+16,2.6414616679847932e+16,2.627419912740723e+16,1855169.3104947591,-1339500949.3435051,1.0,391.18887405784034,4.6267891262629323e-10,4.6267891262629323e-10,0.04322930322986496,572031.5680518717,391.18887405784034
2355.0,23908.578940298758,10824900024.751337,389.8531196591403,5.046255300287666e-05,2.5918756326249985,0.2357347975074811,5.590390275561787e+16,0.3835982344382769,0.3835982344382769,55926608500.127,0.039076467884584555,2468648.3676239047,2468635.298584198,2455581.8152697342,13.069039706734166,13053.483314463738,1.0014035732441258,5.294006176875335e-06,5.294006176875335e-06,5.294006176875336e-06,0.005287732587292307,13053.483314463738,-18475436.22776682,-0.0017067535206350534,-0.1217447039096309,0.6962804437525043,0.0,0.0,675777189652533.0,-550.4953150725406,0.1450083407377074,1.0,141302651853829.7,141471048244.9029,2.031526018767796e+16,-1317874248.3647077,0.0019237970749888442,-0.023792893823409964,0.034207053109094956,0.005287732587292307,6266167465214320.0,2.672273030474611e+16,2.6722871775794356e+16,2.658142765289228e+16,1876715.7332840706,-1317874248.3647077,1.0,390.72898809126275,4.5471798545702093e-10,4.5471798545702093e-10,0.043204466325967195,578866.0819856637,390.72898809126275
2356.0,24100.138179502945,10824903108.404205,389.41672858973834,5.041265118546183e-05,2.5913644597193426,0.23579309575084112,5.657967994527041e+16,0.38353889636980854,0.38353889636980854,54608734251.76229,0.03853155179293011,2497413.6048609316,2497400.749706018,2484251.65799449,12.855154914026363,13149.091711527733,1.0013678869156264,5.147387236541543e-06,5.147387236541543e-06,5.147387236541543e-06,0.005265110820950775,13149.091711527733,-18368590.260771997,-0.0016968826489089815,-0.11966335591319256,0.6948302114198609,0.0,0.0,682928885945603.0,-550.6354855896147,0.1444081737944065,1.0,142337643740808.53,139155806387.86157,2.0550886614210212e+16,-1295344233.386797,0.0018942852360282535,-0.023394886804264086,0.03392371751539838,0.005265110820950775,6340896880472643.0,2.7034121138423664e+16,2.7034260294230052e+16,2.6891783494682856e+16,1898482.2689318093,-1295344233.386797,1.0,390.26936315120156,4.4690486615372007e-10,4.4690486615372007e-10,0.04317962669395792,585769.3890626807,390.26936315120156
2357.0,24292.941642441852,10824906096.944798,388.9808260047318,5.036320385522772e-05,2.590852867121199,0.23585020574040783,5.726260883121601e+16,0.383480182788741,0.383480182788741,53313390018.375496,0.03799158726202706,2526470.343088884,2526457.700298914,2513212.443092838,12.642789969705174,13245.257206076165,1.0013315970683665,5.004131556220047e-06,5.004131556220047e-06,5.004131556220047e-06,0.005242619816872086,13245.257206076165,-18262514.729953106,-0.0016870829701799896,-0.11748320527378521,0.6933829996715777,0.0,0.0,690112053565022.0,-550.7749616293097,0.14381121389312768,1.0,143378665485655.9,136857014225.45407,2.078891576146657e+16,-1271744665.0568147,0.001863771066714201,-0.023003439255550304,0.03364212368307783,0.005242619816872086,6416372936686622.0,2.734866736363885e+16,2.734880422065307e+16,2.720528869815319e+16,1920470.7713200392,-1271744665.0568147,1.0,389.8099021764627,4.392366393337031e-10,4.392366393337031e-10,0.04315478225242586,592741.6717727989,389.8099021764627
2358.0,24486.99509123598,10824908993.306728,388.5454113573244,5.031420648032344e-05,2.590340746301635,0.2359060260771352,5.795272088478103e+16,0.38342208712282616,0.38342208712282616,52041645353.31868,0.03745718711975627,2555820.606198108,2555808.1738108364,2542466.200181784,12.432387271534571,13341.973629052332,1.0012945473801622,4.864342685627016e-06,4.864342685627016e-06,4.864342685627016e-06,0.005220256264052396,13341.973629052332,-18157203.3888028,-0.0016773539066268165,-0.11518840867312614,0.6919388022162971,0.0,0.0,697325360067944.0,-550.9137662724793,0.14321737637790877,1.0,144425650325589.8,134579460783.90668,2.1029367786980132e+16,-1246904040.970414,0.0018320290872222641,-0.022618150576247737,0.03336219796536008,0.005220256264052396,6492597448546048.0,2.766639088585177e+16,2.766652546531255e+16,2.752196523552618e+16,1942683.1024614654,-1246904040.970414,1.0,389.3505085639372,4.317104510069444e-10,4.317104510069444e-10,0.04312993109005614,599783.0977203188,389.3505085639372
2359.0,24682.304298884508,10824911800.333141,388.1104841013319,5.026565458047631e-05,2.5898279887317184,0.23596045536197716,5.865004624484898e+16,0.3833646028689835,0.3833646028689835,50794741312.34827,0.036929054361932584,2585466.4107923666,2585454.186348367,2572014.9517872576,12.224443999659064,13439.234561109623,1.0012565815534953,4.728138779382806e-06,4.728138779382805e-06,4.728138779382805e-06,0.005198016902434799,13439.234561109623,-18052650.05803157,-0.0016676948866665123,-0.11276262814309651,0.6904976127757657,0.0,0.0,704567440755544.0,-551.051922187738,0.1426265778553879,1.0,145478528788000.53,132328528104.42107,2.1272262936994716e+16,-1220645504.0227833,0.0017988265584338576,-0.022238596555970387,0.03308385853803541,0.005198016902434799,6569572065240443.0,2.798731353102316e+16,2.7987445859551264e+16,2.784183500223516e+16,1965121.1325657226,-1220645504.0227833,1.0,388.8910861683098,4.2432350711848383e-10,4.2432350711848383e-10,0.04310507145087006,606893.819221535,388.8910861683098
2360.0,24878.875049190792,10824914520.77948,387.67604369118163,5.021754372630383e-05,2.589314485882514,0.23601339219588763,5.935461368560452e+16,0.3833077235925727,0.3833077235925727,49574095808.325485,0.03640798481536055,2615409.7658332963,2615397.7463204646,2601860.7129903557,12.01951283159295,13537.03333010906,1.001217543316814,4.5956518892799225e-06,4.5956518892799225e-06,4.595651889279923e-06,0.005175898522186142,13537.03333010906,-17948848.623806998,-0.0016581053447907077,-0.11018902258756634,0.6890594250848066,0.0,0.0,711836897453253.0,-551.1894516382632,0.1420387361783183,1.0,146537228663373.34,130110198983.4058,2.151762154708125e+16,-1192786750.638645,0.001763923353139843,-0.021864328948364764,0.03280701520462505,0.005175898522186142,6647298266013705.0,2.8311457041758324e+16,2.8311587151957308e+16,2.816491981309495e+16,1987786.7400962913,-1192786750.638645,1.0,388.4315393020016,4.1707307213764265e-10,4.1707307213764265e-10,0.043080201720429034,614073.9728940646,388.4315393020016
2361.0,25076.713136687107,10824917157.316206,387.24208958191133,5.016986953863633e-05,2.588800129225091,0.23606473517982057,6.006645058305778e+16,0.3832514429266728,0.3832514429266728,48381309057.686844,0.03589486984843475,2645652.6722675343,2645640.8540647957,2632005.4910562136,11.818202738573525,13635.363008582119,1.001177276426097,4.467027309538855e-06,4.467027309538855e-06,4.467027309538855e-06,0.00515389796299546,13635.363008582119,-17845793.036115006,-0.0016485847214131907,-0.10745023930026075,0.6876242328912917,0.0,0.0,719132297324682.0,-551.3263764883823,0.1414537704295986,1.0,147601674977835.3,127931065593.42593,2.1765464042654412e+16,-1163139938.9591246,0.0017270718269935396,-0.02149487503781113,0.03253156919877225,0.00515389796299546,6725777355630459.0,2.8638843073262708e+16,2.86389710043283e+16,2.849124139828487e+16,2010681.8118181948,-1163139938.9591246,1.0,387.9717727353606,4.099564676916218e-10,4.099564676916218e-10,0.043055320412995535,621323.6792380187,387.9717727353606
2362.0,25275.824366559187,10824919712.53141,386.8086212291691,5.0122627687850195e-05,2.588284810230514,0.2361143829147299,6.0785582880382456e+16,0.38319575457137,0.38319575457137,47218169118.72772,0.03539069912923794,2676197.1226368886,2676185.5014569648,2662451.2850458007,11.621179923679287,13734.21641116402,1.0011356246666365,4.342422994696594e-06,4.342422994696594e-06,4.342422994696594e-06,0.005132012113393058,13734.21641116402,-17743477.30723361,-0.0016391324627279193,-0.10452840547955747,0.6861920299561156,0.0,0.0,726452171716960.0,-551.462718209965,0.1408716009067732,1.0,148671789965381.78,125798339638.71019,2.2015810939391668e+16,-1131511596.995138,0.0016880166892978296,-0.021129737199606934,0.032257412983883314,0.005132012113393058,6805010459755206.0,2.8969493189112256e+16,2.8969618987451896e+16,2.882082139914687e+16,2033808.242836682,-1131511596.995138,1.0,387.51169169707015,4.029710712412158e-10,4.029710712412158e-10,0.04303042615948116,628643.0422091188,387.51169169707015
2363.0,25476.214554569902,10824922188.933363,386.3756380892119,5.0075813893211416e-05,2.587768420369852,0.23616223400156958,6.1512035052099416e+16,0.38314065229305216,0.38314065229305216,46086657521.73258,0.0348965634310569,2707045.100671743,2707033.671502767,2693200.085410762,11.429168975908478,13833.58609200498,1.0010924318550922,4.222009072945394e-06,4.222009072945395e-06,4.222009072945395e-06,0.005110237910090525,13833.58609200498,-17641895.51031108,-0.001629748020576712,-0.10140511974993162,0.6847628100531676,0.0,0.0,733795015035036.0,-551.5984978886195,0.14029214910702248,1.0,149747493039864.7,123719864848.3805,2.2268682843555212e+16,-1097702530.8524795,0.0016464948736793334,-0.020768392453807943,0.03198443005004516,0.005110237910090525,6884998520244978.0,2.9303428856840052e+16,2.93035525767049e+16,2.9153681363800188e+16,2057167.9366269386,-1097702530.8524795,1.0,387.0512018748084,3.961143147965804e-10,3.961143147965804e-10,0.043005517696204976,636032.1487838236,387.0512018748084
2364.0,25677.88952698282,10824924588.95297,385.9431396189059,5.002942392222933e-05,2.5872508511141707,0.23620818704129357,6.224583006713445e+16,0.38308612992371105,0.38308612992371105,44988954990.880104,0.03441365748521705,2738198.580868012,2738187.3379136818,2724253.873571518,11.24295433004249,13933.464342163794,1.0010475418417621,4.105967481174598e-06,4.105967481174599e-06,4.105967481174598e-06,0.005088572337340576,13933.464342163794,-17541041.77804044,-0.0016204308523258802,-0.09806144368991669,0.683336566969305,0.0,0.0,741159283642974.0,-551.7337362297072,0.13971533771261735,1.0,150828700766788.28,121704132779.75223,2.2524100452218284e+16,-1061507733.0272063,0.0016022354087451445,-0.020410292012919027,0.031712494708251146,0.005088572337340576,6965742290356418.0,2.964067144334149e+16,2.9640793147474268e+16,2.94898427425747e+16,2080762.8050549685,-1061507733.0272063,1.0,386.59020941611976,3.893836836711053e-10,3.893836836711053e-10,0.042980593854295535,643491.0685165497,386.59020941611976
2365.0,25880.85512048486,10824926914.946157,385.51112527572474,4.9983453590020286e-05,2.586731993934537,0.23625214063485575,6.298698935077742e+16,0.3830321813602519,0.3830321813602519,43927447257.8529,0.03394328288109929,2769659.528047755,2769648.464665615,2755614.6214786246,11.063382139725187,14033.843186990474,1.0010007985131162,3.994491751671519e-06,3.994491751671519e-06,3.994491751671518e-06,0.005067012426317001,14033.843186990474,-17440910.3014237,-0.0016111804207511779,-0.09447789337617372,0.6819132945043257,0.0,0.0,748543394790022.0,-551.8684535641908,0.1391410905768219,1.0,151915326834986.94,119760303094.64578,2.278208455339537e+16,-1022716290.8751563,0.0015549592887741238,-0.02005486082362092,0.03144147188196661,0.005067012426317001,7047242329867765.0,2.9981242210098116e+16,2.9981361970401212e+16,2.9829326883263132e+16,2104594.768389592,-1022716290.8751563,1.0,386.128620929527,3.8277671527162956e-10,3.8277671527162956e-10,0.04295565354976594,651019.8530890328,386.128620929527
2366.0,26085.117182108846,10824929169.196188,385.0795945177498,4.993789875868116e-05,2.586211740302018,0.2362939933832101,6.373553274556745e+16,0.38297880056381056,0.38297880056381056,42904730966.977745,0.03348685101318419,2801429.896903703,2801419.005541012,2787284.291157509,10.891362690979408,14134.714383503047,1.000952045794568,3.887786984431469e-06,3.887786984431469e-06,3.887786984431469e-06,0.005045555254514075,14134.714383503047,-17341495.328619026,-0.0016019961939304523,-0.09063443094654655,0.6804929864709423,0.0,0.0,755945725559750.0,-552.0026698543146,0.1385693327102583,0.9999999999999999,153007282028239.06,117898229685.87808,2.3042656026076744e+16,-981111295.2867694,0.0015043793445368623,-0.019701497102735124,0.031171216896070386,0.005045555254514075,7129499000116495.0,3.032516230822148e+16,3.0325280206451164e+16,3.017215502619324e+16,2128665.755305611,-981111295.2867694,1.0,385.6663434858671,3.7629099792332395e-10,3.7629099792332395e-10,0.042930695774122896,658618.5358518979,385.6663434858671
2367.0,26290.68156915539,10824931353.9159,384.64854680366864,4.989275533667253e-05,2.58568998168768,0.23633364388731057,6.44914784711272e+16,0.382925981559077,0.382925981559077,41923619671.69098,0.03304588607493189,2833511.6315277633,2833500.9036542578,2819264.8342364947,10.727873505517733,14236.06941776319,1.000901127653484,3.786070043317068e-06,3.7860700433170676e-06,3.7860700433170676e-06,0.005024197945165105,14236.06941776319,-17242791.16386535,-0.0015928776451434772,-0.08651045618740152,0.6790756366947535,0.0,0.0,763364611840214.0,-552.1364046991406,0.13799999026770038,0.9999999999999999,154104474196868.03,116128494270.72258,2.330583584016621e+16,-936469749.6245705,0.0014502001143160323,-0.019349571867629804,0.030901575263210204,0.005024197945165105,7212512458952934.0,3.067245277331601e+16,3.067256890181028e+16,3.0518348299119144e+16,2152977.702878029,-936469749.6245705,1.0,385.2032846198462,3.699241697277179e-10,3.699241697277179e-10,0.04290571958548317,666287.1313584654,385.2032846198462
2368.0,26497.554149114138,10824933471.24988,384.21798159277506,4.984801927821124e-05,2.5851666095625907,0.23637099074811108,6.5254843082967416e+16,0.38287371843362683,0.38287371843362683,40987149922.06641,0.03262202809927952,2865906.6649236083,2865896.0909603,2851558.1914580436,10.573963307909112,14337.899502256469,1.0008478881024454,3.689570018914403e-06,3.6895700189144026e-06,3.6895700189144035e-06,0.005002937666680074,14337.899502256469,-17144792.16647908,-0.0015838242527784784,-0.08208479815218006,0.6776612390142189,0.0,0.0,770798347313450.0,-552.2696773399443,0.1374329905353,0.9999999999999999,155206808229393.03,114462449335.55345,2.3571645056320756e+16,-888562478.9983243,0.0013921177152029205,-0.018998428461275484,0.030632382467612133,0.005002937666680074,7296282655610192.0,3.1023134520160344e+16,3.102324898260968e+16,3.0867927711930948e+16,2177532.556567214,-888562478.9983243,1.0,384.73935233182397,3.636739174524398e-10,3.636739174524398e-10,0.042880724100169854,674025.6348908296,384.73935233182397
2369.0,26705.740799584735,10824935523.276567,383.78789834496797,4.980368658267233e-05,2.5846415153978173,0.23640593256656559,6.602564143028086e+16,0.38282200533725946,0.38282200533725946,40098587443.068085,0.03221703604550928,2898616.918503456,2898606.4877463975,2884166.292173116,10.43075705814123,14440.195573281495,1.000792171202745,3.598529005870354e-06,3.598529005870353e-06,3.598529005870354e-06,0.004981771632101889,14440.195573281495,-17047492.749918055,-0.0015748355002449014,-0.07733570681522015,0.6762497872806313,0.0,0.0,778245182462690.0,-552.4025066654862,0.13686826191823465,0.9999999999999999,156314186024275.9,112912272613.34079,2.384010482569085e+16,-837154039.9217783,0.001329819714759301,-0.018647382072168775,0.030363463746387907,0.004981771632101889,7380809325490777.0,3.1377228337205904e+16,3.1377341249478516e+16,3.1220914151181628e+16,2202332.270194877,-837154039.9217783,1.0,384.27445508981253,3.575379754513346e-10,3.575379754513346e-10,0.042855708484694555,681834.0219782392,384.27445508981253
2370.0,26915.247408197356,10824937512.010298,383.35829652075086,4.975975329400009e-05,2.584114590664425,0.236438367943628,6.680388661274355e+16,0.38277083648134297,0.38277083648134297,39261433403.14631,0.03183279093220655,2931644.301569059,2931634.0021067774,2917091.053818424,10.299462281596108,14542.948288352976,1.0007338210681285,3.5132032477758925e-06,3.5132032477758925e-06,3.5132032477758933e-06,0.004960697098581164,14542.948288352976,-16950887.380908456,-0.0015659108758920223,-0.07224084476731013,0.6748412753580904,0.0,0.0,785703323595584.0,-552.5349112171698,0.13630573392877132,0.9999999999999999,157426506461818.1,111491035605.58488,2.4111236389558772e+16,-782002630.4209683,0.0012629850031216387,-0.0182957192493451,0.030094633868385758,0.004960697098581164,7466091984869940.0,3.1734754880890532e+16,3.1734866371926136e+16,3.157732837442871e+16,2227378.805910638,-782002630.4209683,1.0,383.8085018316949,3.5151412461372173e-10,3.5151412461372173e-10,0.04283067194808399,689712.2479077862,383.8085018316949
2371.0,27126.079872532504,10824939439.403275,382.92917558123116,4.971621550012801e-05,2.5835857268334825,0.23646819548025227,6.758958993633914e+16,0.3827202061381664,0.3827202061381664,38479430772.72534,0.03147129901599832,2964990.710776892,2964980.5293999296,2950334.381376306,10.181376962181293,14646.148023623287,1.0006726818687868,3.4338647083024252e-06,3.4338647083024252e-06,3.4338647083024252e-06,0.0049397113668694015,14646.148023623287,-16854970.57863097,-0.0015570498729330627,-0.06677727895971414,0.6734356971234753,0.0,0.0,793170931881823.0,-552.6669091941022,0.13574533717473236,0.9999999999999999,158543665376258.03,110212789025.34818,2.4385061078872096e+16,-722860000.667044,0.0011912836656342775,-0.017942697412709502,0.029825696910633553,0.0049397113668694015,7552129925515737.0,3.2095734669764096e+16,3.209584488255313e+16,3.1937191004387836e+16,2252674.1341489046,-722860000.667044,1.0,383.3414019676636,3.4560019134164486e-10,3.4560019134164486e-10,0.042805613734518966,697660.2472274015,383.3414019676636
2372.0,27338.24410004041,10824941307.34749,382.5005349881195,4.9673069332407745e-05,2.5830548153760553,0.23649531377739236,6.838276086822096e+16,0.3826701086402986,0.3826701086402986,37756570772.0583,0.03113469501572994,2998658.029587533,2998647.951688231,2983898.1668169047,10.07789930158088,14749.784871326354,1.0006085978355754,3.360803133315972e-06,3.360803133315972e-06,3.360803133315972e-06,0.004918811780830179,14749.784871326354,-16759736.91396259,-0.0015482519893744665,-0.06092147250025291,0.6720330464664193,0.0,0.0,800646122403631.0,-552.7985184580698,0.1351870033483622,0.9999999999999999,159665555528109.75,109092668440.97128,2.4661600313669036e+16,-659471364.1724219,0.001114376856105487,-0.017587544358922968,0.029556446032426346,0.004918811780830179,7638922209225726.0,3.246018807842287e+16,3.2460297171091316e+16,3.2300522522894764e+16,2278220.233575755,-659471364.1724219,1.0,382.87306538286526,3.3979404655402515e-10,3.3979404655402515e-10,0.04278053311625518,705677.9332411498,382.87306538286526
2373.0,27551.74600796015,10824943117.676579,382.07237420372917,4.9630310965046455e-05,2.582521747763211,0.23651962143600216,6.918340699062459e+16,0.38262053837995363,0.38262053837995363,37097099407.88587,0.030825245381702036,3032648.1276992247,3032638.137159536,3017784.2885222873,9.99053968857913,14853.848637249139,1.0005414132644919,3.294328675103709e-06,3.294328675103709e-06,3.294328675103709e-06,0.004897995726968507,14853.848637249139,-16665181.008770924,-0.001539516727950056,-0.0546492765106962,0.6706333172892821,0.0,0.0,808126963217659.0,-552.9297565384459,0.13463066521558764,0.9999999999999998,160792066576799.7,108147023843.75935,2.4940875602391724e+16,-591575309.6504651,0.001031916670762762,-0.017229457763082892,0.02928666324711193,0.004897995726968507,7726467662280120.0,3.282813533124864e+16,3.2828243478272484e+16,3.2667343264671844e+16,2304019.091025481,-591575309.6504651,1.0,382.4034024402653,3.3409360471670585e-10,3.3409360471670585e-10,0.04275542938672339,713765.1974968065,382.4034024402653
2374.0,27766.59152323804,10824944872.16762,381.64469269097515,4.9587936614552997e-05,2.5819864154660173,0.2365410170570357,6.999153395384225e+16,0.38257148980836325,0.38257148980836325,36505524098.235405,0.030545351609561584,3066962.8604654795,3066952.9395302124,3051994.610691978,9.920935267456253,14958.328838233965,1.0004709725213843,3.234775156667705e-06,3.2347751566677047e-06,3.2347751566677047e-06,0.004877260633978049,14958.328838233965,-16571297.535258435,-0.0015308435960598244,-0.047935922049206166,0.6692365035071238,0.0,0.0,815611474426671.0,-553.0606406370445,0.13407625660566547,0.9999999999999998,161923085053637.78,107393577350.55745,2.5222908541082444e+16,-518903713.579181,0.0009435460230127074,-0.01686760467645011,0.029016119191632637,0.004877260633978049,7814764869810896.0,3.319959649594698e+16,3.319970388952433e+16,3.303767341089334e+16,2330072.701426306,-518903713.579181,1.0,381.9323239837169,3.284968228974521e-10,3.284968228974521e-10,0.04273030185383764,721921.9092656722,381.9323239837169
2375.0,27982.78658244563,10824946572.542885,381.21748991337364,4.954594253919218e-05,2.581448709955539,0.23655939924144684,7.080714542826892e+16,0.3825229574351558,0.3825229574351558,35986620384.65623,0.030297553598400726,3101604.0682966546,3101594.1974291108,3086530.982729395,9.870867543849995,15063.214699715998,1.0003971200469035,3.1825040612842946e-06,3.182504061284294e-06,3.182504061284295e-06,0.004856603972306174,15063.214699715998,-16478081.215354085,-0.00152223210571313,-0.040756012105424726,0.6678425990476784,0.0,0.0,823097627259499.0,-553.191187632942,0.13352371240119842,0.9999999999999998,163058494335168.28,106851613786.8238,2.550772081245759e+16,-441181653.5511337,0.0008488985190893057,-0.01650112102047591,0.028744572893883186,0.004856603972306174,7903812170086391.0,3.357459147687915e+16,3.357469832849294e+16,3.3411532982543984e+16,2356383.0677148164,-441181653.5511337,1.0,381.45974134123736,3.2300169984500884e-10,3.2300169984500884e-10,0.04270514983341833,730147.9150145781,381.45974134123736
2376.0,28200.337131697306,10824948220.471516,380.7907653350415,4.9504325038447484e-05,2.5809085227028445,0.23657466659018955,7.163024305552842e+16,0.3824749358277414,0.3824749358277414,35545438731.105095,0.030084533052585766,3136573.5760453693,3136563.7337618484,3121395.238608548,9.842283520546522,15168.4951533003,1.0003197003617033,3.1379093402156995e-06,3.1379093402156987e-06,3.1379093402156995e-06,0.004836023253736953,15168.4951533003,-16385526.82015031,-0.001513681773476103,-0.03308351367543533,0.6664515978513273,0.0,0.0,830583343157837.0,-553.3214140872802,0.13297296852854112,0.9999999999999997,164198174616948.9,106542209481.1162,2.5795334184853184e+16,-358127322.4878487,0.0007475983346886736,-0.01612911107739222,0.028471771537947964,0.004836023253736953,7993607648710679.0,3.3953140008180812e+16,3.39532465503903e+16,3.3788941833563864e+16,2382952.2007385255,-358127322.4878487,1.0,380.9855663284954,3.176062750913894e-10,3.176062750913894e-10,0.0426799726427225,738443.0378700224,380.9855663284954
2377.0,28419.24912656727,10824949817.57118,380.3645184206953,4.9463080452491664e-05,2.580365745179,0.23658671770421774,7.246082639868626e+16,0.38242741961070403,0.38242741961070403,35187311408.61725,0.02990911692680194,3171873.1923755743,3171863.3550546593,3156589.196220278,9.83732091473473,15274.158834381395,1.0002385580718738,3.1014231396076295e-06,3.1014231396076295e-06,3.1014231396076304e-06,0.004815516030991878,15274.158834381395,-16293629.169383565,-0.0015051921204230954,-0.02489174992187573,0.6650634938710734,0.0,0.0,838066492868230.0,-553.4513362480727,0.13242396194856332,0.9999999999999997,165342002887790.12,106488505241.34688,2.6085770511034996e+16,-269451943.7758361,0.0006392600926938724,-0.015750646977636493,0.028197450227284652,0.004815516030991878,8084149132736857.0,3.433526164665965e+16,3.4335368135164892e+16,3.4169919643771856e+16,2409782.119145927,-269451943.7758361,1.0,380.5097112524957,3.1230862807660896e-10,3.1230862807660896e-10,0.042654769594017594,746807.0770743504,380.5097112524957
2378.0,28639.5285320061,10824951365.409647,379.9387486356508,4.942220516166547e-05,2.5798202688550727,0.23659545118448538,7.329889289155448e+16,0.38238040346519986,0.38238040346519986,34917859464.841415,0.02977428091376004,3207504.7091150917,3207494.850777019,3192114.656697209,9.858338072680766,15380.194079809635,1.0001535378746198,3.0735225562304946e-06,3.0735225562304946e-06,3.0735225562304946e-06,0.004795079897348477,15380.194079809635,-16202383.130956868,-0.0014967626720920352,-0.016153392427276786,0.663678281072514,0.0,0.0,845544895537702.0,-553.5809700550349,0.131876630647783,0.9999999999999996,166489852904500.7,106716030180.53557,2.637905172686545e+16,-174859687.4116477,0.0005234887420830579,-0.015364768184387001,0.027921331745923303,0.004795079897348477,8175434184693151.0,3.47209757644631e+16,3.4721082480493284e+16,3.45544859115586e+16,2436874.849263324,-174859687.4116477,1.0,380.0320889154672,3.0710687729512756e-10,3.0710687729512756e-10,0.042629539988200404,755239.8074338848,380.0320889154672
2379.0,28861.181322257016,10824952865.506329,379.51345544582256,4.938169558596404e-05,2.5792719852021295,0.23660076563194643,7.414443778709218e+16,0.3823338821283617,0.3823338821283617,34742999777.42977,0.029683152973976515,3243469.9005914247,3243459.992642157,3227973.403716549,9.907949267927675,15486.588925607826,1.000064484564177,3.054737540841993e-06,3.054737540841994e-06,3.054737540841994e-06,0.0047747124862768196,15486.588925607826,-16111783.62050304,-0.0014883929584435585,-0.006840453547204653,0.6622959534338153,0.0,0.0,853016317811496.0,-553.710331144463,0.1313309136298515,0.9999999999999996,167641595167177.0,107253083819.14502,2.6675199849818956e+16,-74047587.22717594,0.0003998794381276091,-0.014970480975494168,0.0276431263177539,0.0047747124862768196,8267460096520715.0,3.5110301541506852e+16,3.5110408794590668e+16,3.494265994633967e+16,2464232.424957653,-74047587.22717594,1.0,379.55261261894935,3.019991794633034e-10,3.019991794633034e-10,0.04260428310836328,763740.9787588955,379.55261261894935
2380.0,29084.21348077144,10824954319.333776,379.08863831772254,4.9341548184531074e-05,2.578720785691237,0.23660255964755478,7.499745410490368e+16,0.38228785039271,0.38228785039271,34668952190.2026,0.029639016906998217,3279770.52295053,3279760.5338843847,3264167.202779643,9.98906614537608,15593.331104741595,0.9999712430379724,3.045660077580602e-06,3.045660077580602e-06,3.045660077580601e-06,0.00475441147109409,15593.331104741595,-16021825.6009877,-0.0014800825138238335,0.0030757211289864175,0.6609165049456857,0.0,0.0,860478472931115.0,-553.839434854178,0.13078675090740366,0.9999999999999994,168797096895074.25,108131184716.4996,2.6974236977335664e+16,33294540.72028768,0.00026801742398408325,-0.01456675792310005,0.02736253136397832,0.00475441147109409,8360223883421482.0,3.5503257957652224e+16,3.550336608883694e+16,3.5334460860757144e+16,2491856.8874843805,33294540.72028768,1.0,379.07119616807586,2.9698372870720605e-10,2.9698372870720605e-10,0.04280305658404404,772310.3152952625,379.07119616807586
2381.0,29308.631000124125,10824955728.319117,378.66429671846004,4.930175945516045e-05,2.578184778375251,0.23649111455142763,7.58579325778348e+16,0.38224230310556995,0.38224230310556995,34702246730.92289,0.02964531596340406,3316408.313458291,3316398.208512135,3300696.7302752314,10.104946156365953,15701.478236903702,0.9998998711030127,3.0469547779623963e-06,3.0469547779623967e-06,3.0469547779623967e-06,0.004734497261698859,15701.478236903702,-15931360.404443352,-0.0014717252249600793,0.010797719239040845,0.6595399296113501,0.0,0.0,864009664821774.0,-553.9657494914281,0.13025296136355125,0.9999999999999993,169967806783648.7,109385594779.70987,2.7280093055231788e+16,116884832.72943673,0.00012747791379066388,-0.014152537371247116,0.027079231258806274,0.004734497261698859,8449802922605254.0,3.5899863784620692e+16,3.5899973170215468e+16,3.5729895977837044e+16,2520111.281736189,116884832.72943673,1.0,378.6036341593874,2.9199595769887387e-10,2.9199595769887387e-10,0.04319825861135462,780585.4485390424,378.6036341593874
2382.0,29534.439881928058,10824957093.845465,378.24043011574105,4.926232593380531e-05,2.577679776438411,0.23615847880601115,7.672194224265658e+16,0.3821972351684946,0.3821972351684946,34819131563.65233,0.02970565649687406,3353333.5989978625,3353323.339906167,3337511.6006406774,10.25909169609142,15811.739265489505,0.9998731179326774,3.059371038764928e-06,3.059371038764927e-06,3.0593710387649267e-06,0.004715244449386128,15811.739265489505,-15839406.057913637,-0.0014632303777831267,0.013795218054519965,0.6581662214465238,0.0,0.0,859838455586194.0,-554.0871099062655,0.12973710690853202,0.9999999999999992,171161399127995.5,111054227432.01593,2.759638719729498e+16,149332643.54042092,-2.927034122284758e-06,-0.013732934578979344,0.02679449130939351,0.004715244449386128,8532032679851852.0,3.6299581276274824e+16,3.629969233050226e+16,3.612841987714683e+16,2549329.93803596,149332643.54042092,1.0,378.16364595431276,2.869832086135549e-10,2.869832086135549e-10,0.043541941710294685,788181.6626047178,378.16364595431276
2383.0,29761.646136748583,10824958417.253271,377.8170379778673,4.922324419409448e-05,2.577202229048858,0.23560720172575272,7.758178069824277e+16,0.3821526415366942,0.3821526415366942,34968464207.19275,0.02981538043223029,3390447.319232646,3390436.8698278703,3374513.4017334385,10.449404775335264,15923.468094431752,0.9998858704579988,3.082013608074658e-06,3.0820136080746584e-06,3.0820136080746593e-06,0.004696582979066109,15923.468094431752,-15746254.652975952,-0.0014546249552218984,0.012509974489436172,0.656795374479386,0.0,0.0,848309686404904.0,-554.204072063514,0.1292372689289758,0.9999999999999991,172370879980682.9,113114372178.05199,2.7922479495999172e+16,135419953.6490458,-9.555113834058625e-05,-0.013318482022159399,0.026510990855271418,0.004696582979066109,8606487756229181.0,3.670133813220904e+16,3.670145124658122e+16,3.652896725222835e+16,2579453.7419649726,135419953.6490458,1.0,377.7480482033081,2.8196364374364596e-10,2.8196364374364596e-10,0.04383777938544253,795059.6597684663,377.7480482033081
2384.0,29990.2557840172,10824959699.841644,377.3941197737355,4.918451084685589e-05,2.5767485853747334,0.2348398326250998,7.843009038464768e+16,0.3821085172184717,0.3821085172184717,35103884160.8418,0.02995776015559557,3427654.9616271756,3427644.296412083,3411608.254455306,10.665215092659139,16036.04195677667,0.9999330204619751,3.111519453403837e-06,3.1115194534038373e-06,3.111519453403837e-06,0.004678444018698947,16036.04195677667,-15652173.768811291,-0.0014459336757660412,0.007401047372749871,0.6554273827505545,0.0,0.0,829748535333800.0,-554.3171805824894,0.12875156171076008,0.999999999999999,173589507927077.2,115450523568.17804,2.8257764292327216e+16,80116039.54663624,-0.00013809256569606086,-0.012918446819899848,0.026231132523893017,0.004678444018698947,8672757573798568.0,3.710411137405286e+16,3.710422682457643e+16,3.6930521866125784e+16,2610426.742996613,80116039.54663624,1.0,377.35367629235157,2.7695339084581473e-10,2.7695339084581473e-10,0.04408909078844547,801181.511458693,377.35367629235157
2385.0,30220.27485194507,10824960942.869621,376.971674972837,4.9146122539647225e-05,2.576315294584179,0.23385892081849977,7.925983891998147e+16,0.3820648572746637,0.3820648572746637,35184000200.388435,0.030110813110566473,3464866.1651979485,3464855.2737587234,3448706.4152806685,10.891439224976553,16148.858478054906,1.000009462691478,3.143393916444194e-06,3.143393916444194e-06,3.1433939164441936e-06,0.004660759888113999,16148.858478054906,-15557408.66966523,-0.0014371791964674812,-0.0010539268115221836,0.654062240313059,0.0,0.0,804463590390001.0,-554.426969657172,0.12827813040725566,0.9999999999999989,174810762296873.3,117899404222.00937,2.8601664766448984e+16,-11408716.57137075,-0.000126864597098311,-0.012540828108070487,0.02595703531992956,0.004660759888113999,8730447482388149.0,3.750692301113401e+16,3.750704091053823e+16,3.733211224883714e+16,2642195.6547832945,-11408716.57137075,1.0,376.9773824556893,2.719667254343601e-10,2.719667254343601e-10,0.044298851521350935,806510.760497374,376.9773824556893
2386.0,30451.70937743581,10824962147.557404,376.5497030452569,4.910807595629343e-05,2.575898805845336,0.23266701562040004,8.006430251037147e+16,0.3820216568180876,0.3820216568180876,35172591483.81706,0.030251113565538473,3501994.32373799,3501983.2127670576,3485721.879807912,11.110970932381186,16261.332959145722,1.0001100932306093,3.1727552660683522e-06,3.1727552660683522e-06,3.1727552660683522e-06,0.004643463994876489,16261.332959145722,-15462184.428722717,-0.0014283823091438411,-0.012357866240222483,0.6526999412323163,0.0,0.0,772749439057410.0,-554.5339637971047,0.127815149249904,0.9999999999999987,176028313751580.06,120275839765.63693,2.895362771573872e+16,-133773434.27498591,-6.307780616505223e-05,-0.012192351682903132,0.02569052706619372,0.004643463994876489,8779179690094558.0,3.790883571958486e+16,3.790895599542463e+16,3.773280740583328e+16,2674709.3727502744,-133773434.27498591,1.0,376.61603415320326,2.6701624693371314e-10,2.6701624693371314e-10,0.044469707758560295,811012.5070576376,376.61603415320326
2387.0,30684.56540599792,10824963315.08756,376.1282034616738,4.907036781643091e-05,2.575495568326346,0.231266666345248,8.083705194942888e+16,0.3819789110129947,0.3819789110129947,35038818049.542076,0.03035594530792881,3538956.1926180897,3538944.886421002,3522571.9905388756,11.306197087831498,16372.895882126679,1.0002298081350378,3.1947830016701246e-06,3.194783001670125e-06,3.194783001670125e-06,0.004626490778353115,16372.895882126679,-15366707.955241945,-0.001419562127644739,-0.025993746852221323,0.6513404795861035,0.0,0.0,734888853696970.0,-554.6386784342471,0.1273608200080989,0.9999999999999984,177235997285769.47,122389168708.92577,2.9313118523698436e+16,-281381356.0969686,4.921285318849322e-05,-0.011878462887741985,0.025433136432996235,0.004626490778353115,8818594048639859.0,3.830894856962406e+16,3.830907095879277e+16,3.8131712572338296e+16,2707918.509325805,-281381356.0969686,1.0,376.2665127096577,2.621130462381982e-10,2.621130462381982e-10,0.04460399254513181,814653.4812130702,376.2665127096577
2388.0,30918.848991656956,10824964446.606186,375.7071756933584,4.9032994875058584e-05,2.5751020311953505,0.22966042230749115,8.157194080312586e+16,0.3819366150745289,0.3819366150745289,34757436693.44511,0.03040453815165165,3575671.5020677038,3575660.0419711545,3559177.051332548,11.46009654905361,16482.990638606592,1.0003635023270518,3.2050194047262387e-06,3.2050194047262396e-06,3.205019404726239e-06,0.004609775662431268,16482.990638606592,-15271169.909858635,-0.0014107362647871246,-0.041424443791198626,0.649983849464533,0.0,0.0,691154641387957.0,-554.7416204209566,0.12691337069816844,0.9999999999999983,178427787636658.94,124055137698.17957,2.967961631815093e+16,-448418131.26016146,0.00020424150609829985,-0.011603318606869055,0.0251860847692863,0.004609775662431268,8848348721700544.0,3.870639282748813e+16,3.870651688262583e+16,3.852796503985147e+16,2741774.9466563836,-448418131.26016146,1.0,375.9257122134126,2.572668631115301e-10,2.572668631115301e-10,0.0447037432976074,817402.104676164,375.9257122134126
2389.0,31154.566196866883,10824965543.224024,375.28661921217343,4.899595392209549e-05,2.5747146436204917,0.2278508328215768,8.226309544451381e+16,0.3818947642681909,0.3818947642681909,34309018562.184944,0.030378798521861507,3612062.5788407954,3612051.0217029136,3595459.9502258827,11.557137881750423,16591.071477030848,1.0005060687512661,3.199595142523641e-06,3.199595142523641e-06,3.19959514252364e-06,0.004593255016981718,16591.071477030848,-15175746.499754155,-0.0014019209981923257,-0.05809288337599157,0.648630044970026,0.0,0.0,641811216759492.0,-554.8432884324487,0.12647105453807617,0.999999999999998,179597777064025.84,125105619348.23741,3.005260931202627e+16,-628853460.8516405,0.0003951579537228335,-0.011369779134875174,0.024950277928433223,0.004593255016981718,8868120761210873.0,3.910032785030117e+16,3.910045295592052e+16,3.8920730073237144e+16,2776231.40619029,-628853460.8516405,1.0,375.5905386725025,2.5248623256750093e-10,2.5248623256750093e-10,0.044770719707501794,819228.5440355925,375.5905386725025
2390.0,31391.723092421435,10824966606.017557,374.8665334905729,4.89592417819447e-05,2.5743298547699096,0.22584044720195243,8.29049066612733e+16,0.3818533539093084,0.3818533539093084,33680165101.333305,0.030263760290413992,3648053.9773475677,3648042.393285547,3631345.7916223137,11.584062020491599,16696.601663233047,1.0006523977910242,3.1754086130365206e-06,3.1754086130365197e-06,3.1754086130365197e-06,0.004576866127971594,16696.601663233047,-15080601.150865214,-0.0013931314247641157,-0.07542248214296275,0.6472790602172878,0.0,0.0,587115947515961.0,-554.9441732808543,0.12603214914288785,0.9999999999999978,180740155438474.94,125397084533.85783,3.043159031557065e+16,-816445850.5405273,0.000614375699062222,-0.011179400607431549,0.024726298263835864,0.004576866127971594,8877606613643290.0,3.948993708465242e+16,3.949006248173695e+16,3.930919692921394e+16,2811241.0340974024,-816445850.5405273,1.0,375.25790942616857,2.4777861992314267e-10,2.4777861992314267e-10,0.0448064214095234,820104.7575249113,375.25790942616857
2391.0,31630.32575736451,10824967636.030067,374.4469180016011,4.892285531306381e-05,2.573944113811747,0.2236318147630654,8.349202260878926e+16,0.3818123793625117,0.3818123793625117,32863719250.792778,0.030047880182627343,3683572.120654404,3683560.590086529,3666761.538239606,11.530567875040695,16799.05184692316,1.0007973769456888,3.1302679837288574e-06,3.130267983728857e-06,3.130267983728858e-06,0.004560547176048635,16799.05184692316,-14985886.058600677,-0.0013843816039432132,-0.09281785357645735,0.6459308893332814,0.0,0.0,527320314625657.0,-555.044758144737,0.12559495595550685,0.9999999999999974,181849192558934.34,124818024072.36351,3.0816052404978976e+16,-1004750261.0109284,0.0008537676628977192,-0.011032428608589695,0.024514396954515294,0.004560547176048635,8876522575504584.0,3.98744241730425e+16,3.987454899106657e+16,3.969257498048356e+16,2846757.001139674,-1004750261.0109284,1.0,374.9247528101372,2.431505446281762e-10,2.431505446281762e-10,0.04481210491822374,820004.5370999323,374.9247528101372
2392.0,31870.380278900797,10824968634.272654,374.0277722188923,4.8886791407541544e-05,2.573553869914145,0.22122748481936316,8.401934292341493e+16,0.38177183604121473,0.38177183604121473,31858968989.78185,0.029723245749999468,3718544.951197545,3718533.5613124743,3701635.6626867675,11.389885070815348,16897.89862570699,1.0009358907690145,3.062995128550825e-06,3.0629951285508245e-06,3.0629951285508254e-06,0.0045442372233808195,16897.89862570699,-14891743.621781921,-0.0013756846901739333,-0.10966576689626419,0.6445855264572027,0.0,0.0,462670922475045.0,-555.1455187164034,0.1251577999069009,0.9999999999999971,182919222608397.12,123295148639.54651,3.1205484729272788e+16,-1187128486.9055161,0.0011047793776547091,-0.010927793509936041,0.0243144868082661,0.0045442372233808195,8864605214816538.0,4.025300916669772e+16,4.025313246184636e+16,4.007008994408933e+16,2882732.115312917,-1187128486.9055161,1.0,374.58800807399956,2.386076932730421e-10,2.386076932730421e-10,0.04478879945415626,818903.5473738501,374.58800807399956
2393.0,32111.89275230517,10824969601.725233,373.60909561667006,4.885104699068053e-05,2.5731555722452453,0.21863000668529314,8.448201384588997e+16,0.38173171940710177,0.38173171940710177,30671840502.87633,0.02928573277618327,3752901.5905973357,3752890.4313935516,3735897.808096042,11.159203784457278,16992.6232975096,1.001062821068886,2.9734869180731982e-06,2.973486918073198e-06,2.9734869180731987e-06,0.00452787620852543,16992.6232975096,-14798307.766918434,-0.001367053055239984,-0.12533634573923408,0.6432429657404545,0.0,0.0,393410388600284.0,-555.2469232686597,0.12471902930013179,0.9999999999999968,183944630649109.4,120798041746.20721,3.1599368434602304e+16,-1356762132.618533,0.0013584981991959632,-0.010863108047045385,0.024126135679607513,0.00452787620852543,8841611773189282.0,4.0624924838440696e+16,4.062504563648243e+16,4.044098020779158e+16,2919118.4453364327,-1356762132.618533,1.0,374.24462554913316,2.3415502238477116e-10,2.3415502238477116e-10,0.04473732137490738,816779.3627596096,374.24462554913316
2394.0,32354.869280832463,10824970539.337496,373.1908876697463,4.8815619020586166e-05,2.5727456699731897,0.2158419296753027,8.487542423449026e+16,0.38169202496961924,0.38169202496961924,29315078370.257797,0.028735131798566634,3786572.007580252,3786561.1676509795,3769478.456859156,10.83992927252546,17082.71079182331,1.0011730473686606,2.8627289408006105e-06,2.8627289408006105e-06,2.8627289408006114e-06,0.004511404949103382,17082.71079182331,-14705705.171641594,-0.001358498401284481,-0.13918449774945818,0.6419032013466208,0.0,0.0,319778137794989.0,-555.3494326425778,0.12427701591251183,0.9999999999999963,184919841053510.03,117341915023.59024,3.199717268292371e+16,-1506668087.6703708,0.0016056997960543578,-0.01083466759781183,0.023948560631503853,0.004511404949103382,8807320561244014.0,4.098941308522124e+16,4.0989530427136264e+16,4.080449324416773e+16,2955866.9528611936,-1506668087.6703708,1.0,373.89156706557765,2.297968517553192e-10,2.297968517553192e-10,0.04465828699832364,813611.5039979625,373.89156706557765
2395.0,32599.315975626076,10824971448.029842,372.77314785352104,4.8780504487761384e-05,2.5723206122661186,0.2128658031038393,8.519520237228525e+16,0.38165274828547335,0.38165274828547335,27808410282.587425,0.028075253952854262,3819486.6926955013,3819476.2549613887,3802308.6061914563,10.437734112536347,17167.648769932155,1.0012614476303006,2.7327583396213373e-06,2.7327583396213364e-06,2.7327583396213364e-06,0.004494765152062898,17167.648769932155,-14614056.397308107,-0.0013500318654390431,-0.15055156902099442,0.6405662274514426,0.0,0.0,242011121353700.0,-555.4535001580441,0.12383015531032249,0.9999999999999959,185839307764320.22,112988173750.33307,3.239835074003844e+16,-1629716436.1083589,0.0018368836278155505,-0.010837453594495299,0.023780622963428963,0.004494765152062898,8761531358582226.0,4.1345721406384984e+16,4.134583439455874e+16,4.1159882098620664e+16,2992927.131085872,-1629716436.1083589,1.0,373.5258066162053,2.255369491281612e-10,2.255369491281612e-10,0.04455212365831751,809381.4751055841,373.5258066162053
2396.0,32845.23895562679,10824972328.69428,372.3558756439813,4.874570041470728e-05,2.5718768482921743,0.20970417628535032,8.543721349363894e+16,0.3816138849581324,0.3816138849581324,26178693846.479065,0.02731402113275734,3851576.338236737,3851566.3758445657,3834319.4489604495,9.962392171621886,17246.926884116194,1.0013228992394365,2.5865752867779573e-06,2.5865752867779577e-06,2.586575286777958e-06,0.00447789943132794,17246.926884116194,-14523476.941584615,-0.0013416641170607457,-0.15876722005254817,0.6392320382427915,0.0,0.0,160344478852081.0,-555.5595714492991,0.1233768673705613,0.9999999999999952,186697506275571.28,107842619585.40744,3.280233610615519e+16,-1718650763.7725496,0.0020423038570176904,-0.010865140475934518,0.023620824223672527,0.00447789943132794,8704065828215977.0,4.169309944064674e+16,4.169320728326632e+16,4.150640193437117e+16,3030246.6473013,-1718650763.7725496,1.0,373.14433126642535,2.2137860711019033e-10,2.2137860711019033e-10,0.044419078869367024,804072.8016591494,373.14433126642535
2397.0,33092.644347480695,10824973182.195307,371.9390705177008,4.87112038555295e-05,2.5714108272194975,0.20635959853428315,8.559755797249102e+16,0.3815754306373349,0.3815754306373349,24460043082.706516,0.026463542591387588,3882771.5215311,3882762.09413749,3865442.0579517507,9.427393610311542,17320.03618573933,1.001352280252325,2.428006272847604e-06,2.428006272847603e-06,2.4280062728476028e-06,0.004460751332637796,17320.03618573933,-14434078.222357094,-0.0013334054486248493,-0.16315152239999398,0.6379006279206444,0.0,0.0,75012157098541.0,-555.6680842282603,0.12291559700422339,0.9999999999999946,187488927225280.53,102051283009.62184,3.320853866030989e+16,-1766110854.6142716,0.0022119992405240244,-0.010910106567667492,0.023467303320689067,0.004460751332637796,8634767954347644.0,4.203079554188282e+16,4.203089759316582e+16,4.184330661465754e+16,3067770.986715294,-1766110854.6142716,1.0,372.7441423074552,2.1732471318922628e-10,2.1732471318922628e-10,0.04425922749720135,797671.0712364565,372.7441423074552
2398.0,33341.538285446935,10824974009.370758,371.5227319518391,4.867701189555027e-05,2.5709189982162313,0.20283461916508527,8.567257012958957e+16,0.38153738101860246,0.38153738101860246,22693932228.092243,0.02554017853830692,3913002.389524845,3912993.5401658732,3895607.071493837,8.849358971921763,17386.468672036488,1.0013444709045562,2.2615265954377135e-06,2.2615265954377135e-06,2.2615265954377143e-06,0.004443265365395791,17386.468672036488,-14345968.50467058,-0.0013252658613546633,-0.16301727761281742,0.6365719906970592,0.0,0.0,-13752501355568.0,-555.7794679791269,0.12244481507554983,0.9999999999999938,188208071489533.9,95794080870.64502,3.3616340788038332e+16,-1764657793.237126,0.0023358239584717498,-0.010963449265065588,0.023317834846649857,0.004443265365395791,8553504511603390.0,4.235805337113125e+16,4.235814916521212e+16,4.216984529964172e+16,3105443.0947305714,-1764657793.237126,1.0,372.32225665097985,2.1337781373217658e-10,2.1337781373217658e-10,0.04407247684144755,790163.9767632656,372.32225665097985
2399.0,33591.92691130491,10824974811.032618,371.1068594241411,4.8643121650925974e-05,2.570397810450516,0.19913178749220406,8.5658817628234e+16,0.381499731842758,0.381499731842758,20929274434.855118,0.024564590421749005,3942198.3423637506,3942190.0950718266,3924744.3781105415,8.247291923972382,17445.716961285507,1.001294355381123,2.0920540286735766e-06,2.092054028673577e-06,2.092054028673577e-06,0.00442538704135414,17445.716961285507,-14259253.782681597,-0.0013172551466954755,-0.15767256233642862,0.6352461207961487,0.0,0.0,-105716189554920.0,-555.8941435885521,0.12196301951158761,0.9999999999999929,188849446666320.12,89276727336.23376,3.402509345952001e+16,-1706801515.68281,0.0024034804759369786,-0.0110150048875804,0.023169828726088193,0.00442538704135414,8460165573268480.0,4.26741084794548e+16,4.2674197756182136e+16,4.248525903278849e+16,3143203.0146474107,-1706801515.68281,1.0,371.8757084627117,2.095401728228305e-10,2.095401728228305e-10,0.04385856953298428,781541.3634631309,371.8757084627117
2400.0,33843.8163742613,10824975587.967836,370.6914524129362,4.8609530268270233e-05,2.569843713090493,0.19525365283008692,8.555310143867907e+16,0.38146247889544893,0.38146247889544893,19222472919.172306,0.02356177710598,3970287.71342561,3970280.071691758,3952782.7976059085,7.64173385238576,17497.274085849742,1.0011968238472808,1.9247304991386595e-06,1.9247304991386595e-06,1.924730499138659e-06,0.0044070629199702924,17497.274085849742,-14174038.628870696,-0.0013093829647639488,-0.14642350572666235,0.6339230124540561,0.0,0.0,-200645078131173.0,-556.0125229165172,0.12146873659624924,0.9999999999999919,189407564835305.7,82721582401.82326,3.443411222288643e+16,-1585030874.9957886,0.0024045550702041976,-0.011053373570436587,0.02302033130355611,0.0044070629199702924,8354665065736736.0,4.297818485345847e+16,4.297826757504087e+16,4.278877728862317e+16,3180987.5175294247,-1585030874.9957886,1.0,371.4015510320455,2.0581382677755777e-10,2.0581382677755777e-10,0.04361708413502763,771795.2800764837,371.4015510320455
2401.0,34097.212830856224,10824976340.939083,370.2765103971378,4.857623492428235e-05,2.569253155304305,0.19120276449318127,8.53524563605479e+16,0.3814256180066756,0.3814256180066756,17637442044.176517,0.022561095880427533,3997197.4429989792,3997190.3890904295,3979649.7556981654,7.053908549958199,17540.633392264455,1.001046774739301,1.7647135650787014e-06,1.7647135650787016e-06,1.7647135650787016e-06,0.0043882406602743455,17540.633392264455,-14090427.023079408,-0.0013016589209336824,-0.12857730758077926,0.6326026599189297,0.0,0.0,-298304259788840.0,-556.1350083139496,0.12096052244280919,0.9999999999999906,189876941476348.78,76358393164.44542,3.484267307439069e+16,-1391846312.543583,0.0023285564159651263,-0.011065949563363205,0.02286602798650482,0.0043882406602743455,8236941376265950.0,4.3269491392132984e+16,4.326956775052615e+16,4.307961445065664e+16,3218729.7206940628,-1391846312.543583,1.0,370.8968588745771,2.0220063515686043e-10,2.0220063515686043e-10,0.043347433313180694,760920.0350041027,370.8968588745771
2402.0,34352.12244486953,10824977070.685509,369.86203285624265,4.8543232825381024e-05,2.568622586260092,0.18698167179593453,8.505415210075907e+16,0.38138914505032445,0.38138914505032445,16245595731.632935,0.021596267071282205,4022852.742504953,4022846.2375340816,4005270.948996988,6.504970871420018,17575.288537093114,1.000839117313947,1.617004471152851e-06,1.6170044711528513e-06,1.617004471152851e-06,0.004368869079089234,17575.288537093114,-14008523.174365025,-0.001294092641757246,-0.10344550792421481,0.6312850574508978,0.0,0.0,-398457188846843.0,-556.2619920940542,0.12043696463846398,0.999999999999989,190252095424714.8,70416160528.59883,3.525000816354612e+16,-1119795251.3450413,0.00216495750292937,-0.011038957314086106,0.022703247563145235,0.004368869079089234,8106958021229065.0,4.35472182801999e+16,4.354728869636043e+16,4.335696618477518e+16,3256358.6909578424,-1119795251.3450413,1.0,370.3587300638305,1.9870232907497148e-10,1.9870232907497148e-10,0.04304885940520098,748912.2580391461,370.3587300638305
2403.0,34608.55138722625,10824977777.923464,369.44801927033,4.851052120734332e-05,2.567948455125997,0.1825929240527941,8.465569491191222e+16,0.3813530559437058,0.3813530559437058,15125800480.287893,0.02070536091312733,4047176.745812897,4047170.7303143977,4029569.996747739,6.015498499525938,17600.733566658688,1.000568774455162,1.4863444018720989e-06,1.486344401872099e-06,1.4863444018720989e-06,0.004348898215443311,17600.733566658688,-13928432.349267045,-0.0012866938514804888,-0.07034752125294194,0.629970199322044,0.0,0.0,-500865108819418.0,-556.3938559652487,0.11989668405424825,0.9999999999999872,190527549734231.88,65117637580.50022,3.565530128700959e+16,-761510354.2950951,0.0019032411109699034,-0.01095749372733751,0.022527968319869297,0.004348898215443311,7964704382371806.0,4.381053321911563e+16,4.381059833675321e+16,4.36200056693814e+16,3293799.028366161,-761510354.2950951,1.0,369.7842887880393,1.9532055760225799e-10,1.9532055760225799e-10,0.042720427175873876,735770.9683815776,369.7842887880393
2404.0,34866.50583590186,10824978463.3472,369.03446912006115,4.8478097334948714e-05,2.5672272110701595,0.17803907057820742,8.41548298030928e+16,0.3813173466470973,0.3813173466470973,14364290125.992798,0.019930765247344356,4070090.14379262,4070084.538402839,4052468.075334911,5.605389781019002,17616.463067928176,1.0002306857360286,1.3772151433962466e-06,1.3772151433962466e-06,1.3772151433962464e-06,0.004328279401007512,17616.463067928176,-13850261.720910978,-0.001279472450481747,-0.02861445128652591,0.628658079816382,0.0,0.0,-605286461162412.0,-556.5309704345332,0.11933833681306993,0.999999999999985,190697833310673.84,60678223658.197174,3.605768311975562e+16,-309750818.91714054,0.0015329490573467732,-0.010805577008215009,0.022335826088975434,0.004328279401007512,7810196519146868.0,4.405857747221317e+16,4.4058638150436824e+16,4.386787963890249e+16,3330970.425654426,-309750818.91714054,1.0,369.17068812725967,1.9205693305946414e-10,1.9205693305946414e-10,0.04236101348400223,721497.6496804846,369.17068812725967
2405.0,35125.99197582708,10824979127.629562,368.62138188667876,4.844595850162817e-05,2.566455303260723,0.1733226606866219,8.354954334193038e+16,0.3812820131632917,0.3812820131632917,14054539307.075657,0.019319132528396277,4091510.7977562402,4091505.503404553,4073883.5310277897,5.294351687588332,17621.972376763264,0.9998198107337181,1.2939845326796457e-06,1.2939845326796455e-06,1.2939845326796455e-06,0.004306965336378008,17621.972376763264,-13774121.254507942,-0.0012724385970732286,0.022406794956292123,0.6273486932298312,0.0,0.0,-711476268182552.0,-556.6736941909797,0.11876061640815139,0.9999999999999823,190757483166127.03,57311246512.474045,3.645622612575916e+16,242553087.71893758,0.0010437354427728419,-0.010566202522127496,0.02212212436503806,0.004306965336378008,7643478066010488.0,4.429046167493578e+16,4.429051898618228e+16,4.409970419176965e+16,3367787.1981026432,242553087.71893758,1.0,368.51511304553793,1.8891307602242891e-10,1.8891307602242891e-10,0.04196929351528156,706096.3329251467,368.51511304553793
2406.0,35387.01599879236,10824979771.42264,368.20875705200615,4.8414102029118255e-05,2.565629180865828,0.16844624369248484,8.283806707374784e+16,0.38124705153714894,0.38124705153714894,14297092394.794594,0.018921304528569827,4111353.3268526895,4111348.223673783,4093731.465845392,5.103178906526417,17616.75782839042,0.9993311325946105,1.2412406574729945e-06,1.2412406574729947e-06,1.241240657472995e-06,0.004284910173006117,17616.75782839042,-13700124.646320377,-0.0012656027942415157,0.08334907162417111,0.6260420338701913,0.0,0.0,-819185482707025.0,-556.8223734798535,0.1181622559634905,0.9999999999999791,190701047130377.72,55241808433.099174,3.684993908274496e+16,902252014.2985091,0.00042542414998502785,-0.010221406132813488,0.02188184663744699,0.004284910173006117,7464621224667759.0,4.45052613545431e+16,4.450531659635154e+16,4.431456030741272e+16,3404157.777738006,902252014.2985091,1.0,367.8147835921753,1.858906608946867e-10,1.858906608946867e-10,0.041543723143173006,689573.6881073861,367.8147835921753
2407.0,35649.58410335169,10824980395.358406,367.7965940984467,4.8382525267119966e-05,2.5647452930536163,0.16341236891024383,8.201888159104082e+16,0.38121245785515406,0.38121245785515406,15199344409.093103,0.01879221302995561,4129528.6637608595,4129523.607724591,4111923.290691342,5.05603626850069,17600.317033248793,0.9987596618463582,1.2243615870427302e-06,1.2243615870427302e-06,1.22436158704273e-06,0.004262069600552966,17600.317033248793,-13628390.335153218,-0.0012589759830878653,0.15482021105928992,0.6247380960571179,0.0,0.0,-928160296429052.0,-556.9773414785797,0.11754203062726265,0.9999999999999751,190523086837010.8,54731493484.741035,3.723776114627637e+16,1675925749.522064,-0.00033192911399000517,-0.009752335515650374,0.021609671097608574,0.004262069600552966,7273727862675030.0,4.470201209578842e+16,4.4702066827281896e+16,4.45114890089514e+16,3439984.164982265,1675925749.522064,1.0,367.0669583054923,1.8299146296794283e-10,1.8299146296794283e-10,0.04108251686531772,671939.1257090773,367.0669583054923
2408.0,35913.702494726516,10824981000.049341,367.38489250898306,4.835122559296256e-05,2.5638000889922297,0.1582235856543462,8.109072129461176e+16,0.3811782282449787,0.3811782282449787,16875270158.615168,0.0189907546747857,4145943.572152598,4145938.3881921945,4128366.2390329316,5.183960403485613,17572.14915926281,0.9981004404530853,1.2503692617297419e-06,1.2503692617297419e-06,1.2503692617297419e-06,0.0042384009394131434,17572.14915926281,-13559042.608016264,-0.0012525696449679183,0.23739786291751103,0.623436874122098,0.0,0.0,-1038141397862677.0,-557.1389176863638,0.11689876008825573,0.9999999999999701,190218180779052.94,56116272872.739876,3.761855536717814e+16,2569827355.5343747,-0.0012379698937102423,-0.009139329986661022,0.02129998789232305,0.0042384009394131434,7070930731598499.0,4.48797042795557e+16,4.487976039582857e+16,4.468948609877664e+16,3475161.329798794,2569827355.5343747,1.0,366.268937811743,1.8021740798250596e-10,1.8021740798250596e-10,0.040583620619141,653204.9092341381,366.268937811743
2409.0,36179.37738470879,10824981586.089043,366.9736517671768,4.832020041127191e-05,2.562790017849809,0.1528824432392393,8.005257989674909e+16,0.38114435887504783,0.38114435887504783,19445097514.149544,0.019579638007700188,4160500.1183241066,4160494.5885333684,4142962.833334388,5.529790738404801,17531.755198979903,0.9973485461093925,1.329116832385107e-06,1.3291168323851073e-06,1.3291168323851073e-06,0.004213863238110854,17531.755198979903,-13492212.824943725,-0.0012463959146389945,0.33162391959250026,0.6221383624084251,0.0,0.0,-1148863169525391.0,-557.307407339683,0.11623131120451347,0.9999999999999639,189780927200778.28,59859882918.1577,3.799110156254653e+16,3589822823.0954885,-0.0023019727846295204,-0.008362009439455068,0.020946919110269878,0.004213863238110854,6856394820149517.0,4.5037277309896824e+16,4.5037337169779736e+16,4.484749638269604e+16,3509576.5531248655,3589822823.0954885,1.0,365.4180686110916,1.7757062532872228e-10,1.7757062532872228e-10,0.040044678598851524,633386.2802095227,365.4180686110916
2410.0,36446.61499156369,10824982154.052788,366.56287135716735,4.828944715364363e-05,2.561711528794496,0.14739149097937065,7.89037167272237e+16,0.3811108459541106,0.3811108459541106,23034920337.245033,0.02062520058202843,4173095.088073852,4173088.9333512476,4155610.295154451,6.154722604474476,17478.638196796295,0.9964990967682572,1.4748579830025568e-06,1.4748579830025566e-06,1.4748579830025563e-06,0.004188417375222309,17478.638196796295,-13428040.792251805,-0.0012404677071199098,0.4379984857747673,0.6208425552711746,0.0,0.0,-1260052812274242.0,-557.4831008660811,0.11553860073239441,0.999999999999956,189205946557465.28,66624762356.5815,3.835408842379684e+16,4741325792.014,-0.0035327634935785734,-0.007399373044423885,0.020544341706794034,0.004188417375222309,6630318860448128.0,4.517361323080244e+16,4.517367985556479e+16,4.498440728424497e+16,3543108.697822414,4741325792.014,1.0,364.51174704177,1.7505350620587616e-10,1.7505350620587616e-10,0.04202572139309768,612501.597332037,364.51174704177
2411.0,36715.42153993242,10824982704.498117,366.1525507636719,4.825896327832071e-05,2.5601966025025225,0.14034811920540002,7.764366391494946e+16,0.38107768573081646,0.38107768573081646,27776246129.259033,0.022197193812084876,4183619.3382713515,4183612.1916273073,4166223.6177517828,7.146644044129899,17388.573875524537,0.995025215514119,1.708244337326075e-06,1.708244337326075e-06,1.7082443373260755e-06,0.00415635414542591,17388.573875524537,-13355746.3133002,-0.0012337891595660907,0.6222729101557131,0.6195494470771791,0.0,0.0,-1434764654767545.0,-557.7103744809764,0.11466312169860082,0.9999999999999437,188231011458440.9,77362298172.91064,3.8769696868507224e+16,6736093489.913305,-0.004938634617300416,-0.0062299084388709475,0.020085913593857495,0.00415635414542591,6329601736727400.0,4.5287529616693064e+16,4.528760697899124e+16,4.509929860523462e+16,3581501.968811203,6736093489.913305,1.0,363.242455232704,1.7224458705764248e-10,1.7224458705764248e-10,0.04560463902238854,584721.6489405802,363.242455232704
2412.0,36985.803260733934,10824983237.96537,365.7426894719841,4.822874626987563e-05,2.5579481506546147,0.1305973299036747,7.62088992601819e+16,0.38104487449329466,0.38104487449329466,34512339619.17234,0.02436853302917353,4190912.48618075,4190903.8579608486,4173665.6094463803,8.628219901766386,17238.248514468534,0.9925052445667909,2.058792668712925e-06,2.058792668712925e-06,2.058792668712925e-06,0.004113253154620464,17238.248514468534,-13268742.71514378,-0.001225751802423828,0.9365759252842856,0.6182590322050043,0.0,0.0,-1720520810232333.0,-558.0234158516186,0.11348287549393621,0.9999999999999214,186603751221003.3,93400335810.10034,3.927949114734373e+16,10138418692.284298,-0.006971873648560118,-0.004688218287303276,0.019528275393110625,0.004113253154620464,5900369115785858.0,4.536646401435059e+16,4.53665574146864e+16,4.517986026312958e+16,3628596.02494189,10138418692.284298,1.0,361.36671738443374,1.6890159334361873e-10,1.6890159334361873e-10,0.04759500898493352,545069.5845044905,361.36671738443374
2413.0,37257.76639106691,10824983754.978226,365.3332869679739,4.819879363889698e-05,2.5550690189256566,0.11851308987217328,7.448837844994957e+16,0.38101240856873914,0.38101240856873914,44650758311.456635,0.02740977720093691,4192906.6684289663,4192895.7469853535,4175868.288082423,10.92144361278203,17027.458902930826,0.9890935257434537,2.6047428374727376e-06,2.6047428374727376e-06,2.6047428374727376e-06,0.004061026061803083,17027.458902930826,-13174014.446382573,-0.0012170008514168964,1.3598818871543854,0.6169713050449246,0.0,0.0,-2091606928058282.0,-558.4070937995923,0.11205053558700862,0.9999999999998822,184321966012785.56,118224449689.27617,3.9846475464484296e+16,14720699337.135355,-0.010237884276618224,-0.0024989803196981434,0.01879911424854586,0.004061026061803083,5357230916936676.0,4.538802834743374e+16,4.538814657188343e+16,4.520370638142097e+16,3680973.234362553,14720699337.135355,1.0,358.9789797512637,1.6530958986827938e-10,1.6530958986827938e-10,0.04807365916245421,494895.0537198706,358.9789797512637
2414.0,37531.31717411096,10824984256.044205,364.9243427380868,4.816910292168036e-05,2.5516620529905323,0.10446936590887446,7.239677152189128e+16,0.38098028432299735,0.38098028432299735,59371457648.59199,0.03185467698725848,4187756.1419496345,4187741.4092736635,4170983.856576959,14.732675971057684,16757.552696704668,0.9849450718635467,3.5180357861522474e-06,3.5180357861522474e-06,3.5180357861522474e-06,0.004001572938480735,16757.552696704668,-13078021.143730626,-0.0012081330406026615,1.8697716214732247,0.615686259998898,0.0,0.0,-2522798093395553.0,-558.846406601652,0.110418466875709,0.9999999999998134,181400244111659.12,159480985436.1002,4.043395552086654e+16,20240248364.8459,-0.014928759591796745,0.0005592231931444776,0.017838719484118915,0.004001572938480735,4716879058793575.0,4.533223482377178e+16,4.533239430475722e+16,4.515083457966012e+16,3735243.8178642127,20240248364.8459,1.0,356.17386824550874,1.6172070692059907e-10,1.6172070692059907e-10,0.04712032407258837,435740.0387127467,356.17386824550874
2415.0,37806.46185902746,10824984741.655176,364.5158562693431,4.8139671679923514e-05,2.5478300985241256,0.08884012481175675,6.987397342849573e+16,0.38094849816016324,0.38094849816016324,79611706013.4379,0.038317121556018685,4173808.1217256957,4173786.8759752987,4157355.7311300295,21.245750397180046,16431.14484526882,0.9802143274593214,5.090255655642315e-06,5.090255655642314e-06,5.090255655642314e-06,0.00393674745106129,16431.14484526882,-12986704.758868141,-0.0011996972807633197,2.442535274835385,0.6144038914805426,0.0,0.0,-2989297456278657.5,-559.3267925107962,0.10863776303418593,0.999999999999692,177866892237961.06,229984923874.4884,4.100521246854436e+16,26440407081.047573,-0.020998224946798094,0.004652351004406951,0.016600638853385162,0.00393674745106129,3998099886570915.5,4.518117924735323e+16,4.51814092322771e+16,4.500331235511527e+16,3788015.7290895656,26440407081.047573,1.0,353.04502710718106,1.5835425012722261e-10,1.5835425012722261e-10,0.044809567685383245,369340.0020404641,353.04502710718106
2416.0,38083.206700860304,10824985212.287836,364.10782704933735,4.8110497500425816e-05,2.5436760012013195,0.07199933337879884,6.688467597221707e+16,0.38091704652217506,0.38091704652217506,106052113094.48547,0.047386186768000695,4149572.0011729375,4149539.696848006,4133487.907158022,32.30432493124214,16051.789689984404,0.9750541643512292,7.784977564459864e-06,7.784977564459864e-06,7.784977564459866e-06,0.003868330191461322,16051.789689984404,-12905554.33308364,-0.0011922006432335884,3.053445150001134,0.6131241939151122,0.0,0.0,-3466861351299758.5,-559.8343694161058,0.10675750672688555,0.9999999999994779,173760386024835.53,349693839673.63745,4.152333922423423e+16,33053498595.294292,-0.02825921648190237,0.009889617949428645,0.015052270030000913,0.003868330191461322,3221606245921950.0,4.4918705856181016e+16,4.491905555002069e+16,4.4744945470156184e+16,3835879.533313318,33053498595.294292,1.0,349.6841931141817,1.5540114436677945e-10,1.5540114436677945e-10,0.041203914100879535,297608.3738447039,349.6841931141817
2417.0,38361.55796043611,10824985668.404179,363.70025456623745,4.808157799479178e-05,2.539302606696998,0.054320958407979326,6.341781462091731e+16,0.3808859258884168,0.3808859258884168,139105611689.77975,0.05956475562071247,4113688.6580058974,4113638.0564361517,4098014.418291997,50.6015697455154,15623.638144154467,0.9696151129829528,1.2300777708842071e-05,1.2300777708842071e-05,1.2300777708842071e-05,0.003798009919640329,15623.638144154467,-12839716.885165093,-0.001186118603615475,3.677148447693203,0.6118471617394711,0.0,0.0,-3932052286320882.5,-560.3561035336621,0.10482424749684716,0.9999999999991025,169125658998804.97,547761267293.9587,4.195121817115371e+16,39805079246.8736,-0.036439774960054946,0.0163228454943593,0.013175292137524412,0.003798009919640329,2409729175770850.0,4.453007300592336e+16,4.453062076719066e+16,4.436094734692456e+16,3875406.347520658,39805079246.8736,1.0,346.1805046557481,1.530314477967749e-10,1.530314477967749e-10,0.03634772445225831,222608.07077133917,346.1805046557481
2418.0,38641.521904263944,10824986110.451954,363.2931383087847,4.805291079913871e-05,2.5348127606860467,0.03617896669727682,5.948576233459643e+16,0.38085513277532423,0.38085513277532423,178910690936.65335,0.07523309388852407,4064900.579944934,4064820.8132470385,4049669.7131398683,79.76669789582128,15151.10010716999,0.9640448266529621,1.9623283848408873e-05,1.962328384840887e-05,1.962328384840887e-05,0.003727372202433462,15151.10010716999,-12794147.895554047,-0.0011819089433473535,4.288139581672113,0.6105727894020713,0.0,0.0,-4362576497399060.0,-560.8799089530675,0.10288168468974235,0.9999999999984552,164010448218182.25,863473396798.8824,4.225161866059644e+16,46419051411.27988,-0.04521667227842459,0.023946693490723328,0.010965871339411357,0.003727372202433462,1585999736060584.0,4.400162884487521e+16,4.400249231827201e+16,4.383761839665702e+16,3903156.8474532105,46419051411.27988,1.0,342.6200393959786,1.514041653451813e-10,1.514041653451813e-10,0.03026126347013447,146512.86568665787,342.6200393959786
2419.0,38923.10480443489,10824986538.865088,362.8864777662922,4.802449357380833e-05,2.530309308843348,0.017947325044669955,5.512318583719738e+16,0.38082466373599505,0.38082466373599505,225329742347.93323,0.09462742230139641,4002022.8044777485,4001898.5627676887,3987260.038937309,124.24171006004477,14638.523830380169,0.9584877730168863,3.104472816122744e-05,3.104472816122743e-05,3.104472816122744e-05,0.003657894771889534,14638.523830380169,-12773800.849183401,-0.001180029259465724,4.861281590529529,0.6093010713629274,0.0,0.0,-4737675489578960.0,-561.3946816082583,0.10097053796974964,0.9999999999973676,158461823412721.12,1344914838965.5637,4.238739315431027e+16,52623307779.114815,-0.054237248798437984,0.03269992334705305,0.008434597936234453,0.003657894771889534,774643094140778.1,4.332049807186377e+16,4.332184298670274e+16,4.316203624845106e+16,3915699.3869808773,52623307779.114815,1.0,339.0855702711122,1.5067917356002565e-10,1.5067917356002565e-10,0.022934238371183913,71560.65195643126,339.0855702711122
2420.0,39206.31293852121,10824986954.064135,362.4802724286451,4.799632400308242e-05,2.5258950968437857,2.481373162499523e-10,5.038551034761842e+16,0.3807945153598028,0.3807945153598028,277953050127.04803,0.11782819849526557,3923914.051451113,3923725.1776141115,3909635.281145802,188.8738370012838,14089.89646830971,0.9530851454527474,4.813404027833785e-05,4.813404027833785e-05,4.8134040278337865e-05,0.003590948863772695,14089.89646830971,-12783862.711294312,-0.0011809587175987068,5.372355294152237,0.608032002093593,0.0,0.0,-5038551024260236.0,-561.8902726546327,0.09912858573989336,0.9999999999956043,152522945453566.94,2044556821502.9329,4.232175090305056e+16,58155675971.79535,-0.0631350564693959,0.04246777165566642,0.005606130043253391,0.003590948863772695,10501605.690687802,4.2474273859005736e+16,4.247631841582724e+16,4.232175091355217e+16,3909635.2801756756,58155675971.79535,1.0,335.6565271383665,1.510317487764789e-10,1.510317487764789e-10,0.022934238371183913,0.0009701264061796469,335.6565271383665
