"t, Time, (yr)","A, Total factor productivity, ($)","L, Population, (persons)","theta1, Marginal abatement cost at mu=1, ($/tCO2)","sigma, Carbon intensity of GDP, (tCO2/$)","f, Control: log10(marginal_abatement_cost), (log10($/tCO2))","s, Savings rate, (dimensionless)","K, Capital stock, ($)","gini, Background Gini index, (dimensionless)","Gini, Gini index, (dimensionless)","Ecum, Cumulative CO2 emissions, (tCO2)","delta_T, Global mean temperature change, (°C)","y_gross, Per-capita gross income, ($/person/yr)","y_damaged, Per-capita income after climate damage, ($/person/yr)","y_net, Per-capita net income after abatement, ($/person/yr)","climate_damage, Per-capita climate damage, ($/person/yr)","tax_amount, Per-capita tax amount, ($/person/yr)","mu, Abatement fraction, (dimensionless)","Omega, Climate damage as fraction of gross output, (dimensionless)","Omega_base, Base damage from temperature before income adjustment, (dimensionless)","Omega_calc, Climate damage from previous timestep (lagged), (dimensionless)","lambda_abate, Abatement cost as fraction of damaged output, (dimensionless)","abateCost_amount, Abatement expenditure per capita, ($/person/yr)","U, Mean utility per capita, (dimensionless)","aggregate_utility, Aggregate utility from integration, (dimensionless)","e, CO2 emissions, (tCO2/yr)","emission_ratio, Ratio of CO2e to industrial CO2, (dimensionless)","E_extra, Extra emission pulse, (tCO2/yr)","consumption_extra, Extra consumption pulse, ($/person/yr)","dK_dt, Net capital accumulation, ($/yr)","log_deltaU_norm, Log normalized utility-loss (log deltaU), (dimensionless)","max_average_tax_rate, Maximum average tax rate across income bins, (dimensionless)","max_marginal_tax_rate, Maximum marginal tax rate across income bins, (dimensionless)",AbateCost,Climate_damage,Consumption,E,H1,H2,H3,Lambda,Savings,Y_damaged,Y_gross,Y_net,consumption,dEcum_dt,mac_over_wmac,marginal_abatement_cost,mu_dollar_cost,mu_dollar_numeraire,r_consumption,savings,welfare_adjusted_mac
2020.0,739.6190000000007,7752000000.0,6035.6,0.0002913549999999999,1.5433765720928252,0.4786271018324223,295000000000000.0,0.57313,0.57313,2327128215854.4233,1.1696599999999997,17503.727145280773,17420.70314539412,17416.459539811785,83.02399988665066,4.243605582335096,0.03996318342682483,0.004743218355585199,0.004743218355585198,0.004743218355585198,0.00024359553956678656,4.243605582335096,-236053361.58018905,-0.030450640038724077,7.585070115334401,1.4,0.0,0.0,35120591020451.07,-8.31987952264359,0.00024359553956687652,0.00024359553956687652,32896430474.261665,643602047121.3159,70391803332169.89,58799463534.07227,-0.07022,0.21036,-0.08308,0.00024359553956678656,64620591020451.06,135045290783095.22,135688892830216.55,135012394352620.95,9080.469986090027,58799463534.07227,1.0,34.94431825933685,1.6767095566974015e-06,1.6767095566974015e-06,1.0482809371716044,8335.989553721758,34.94431825933685
2021.0,749.4392757472212,7832251487.344443,4937.569188788617,0.0002869469393703804,1.5478130601232731,0.2082845757672022,330120591020451.06,0.5710759862923859,0.5710759862923859,2385927679388.4956,1.195964938405231,18288.25406352758,18197.563315574134,18192.567517448875,90.69074795344736,4.995798125256797,0.04559712036228788,0.004958961508212676,0.004958961508212676,0.004958961508212677,0.0002745311577501814,4.995798125256797,-188708543.1188389,-0.02409377985675755,7.701219351378581,1.3970840409436769,0.0,0.0,-3333847341305.0703,-8.200308514886368,0.0002745311577503351,0.0002745311577503351,39128347297.01513,710312745546.7681,112810552236413.12,60317886719.20071,-0.07587063677087436,0.21641209529322086,-0.08528854363275534,0.0002745311577501814,29678211760740.04,142527892344450.2,143238205089996.94,142488763997153.16,14403.336309960854,60317886719.20071,1.0,35.30311765865197,8.363952909566657e-07,8.363952909566657e-07,0.02782161866043875,3789.2312074880215,35.30311765865197
2022.0,759.3749267602893,7910820339.096546,4059.769804874857,0.0002826406030102666,1.553504895520818,0.21241023647607568,326786743679146.0,0.5690435894947019,0.5690435894947019,2446245566107.6963,1.224644793790691,18419.13055517841,18323.357520452453,18317.65868675294,95.77303472595663,5.6988336995111935,0.051954979644095636,0.005199650137613619,0.005199650137613619,0.005199650137613619,0.00031101470858439453,5.6988336995111935,-189798735.2689747,-0.023992295000173223,7.558858554516803,1.3941741553282239,0.0,0.0,-1898794077273.918,-8.075514824909583,0.00031101470858463376,0.00031101470858463376,45082449539.22196,757643271047.0975,114127826613153.0,59796771993.425446,-0.07995488168464368,0.22260314111419144,-0.08755347079494635,0.00031101470858439453,30779880290640.684,144952789353332.94,145710432624380.03,144907706903793.7,14426.800473411706,59796771993.425446,1.0,35.76884325441181,8.315177238277765e-07,8.315177238277765e-07,0.030787128190637114,3890.858213341234,35.76884325441181
2023.0,769.427109958828,7987717781.36314,3358.004875731523,0.00027843312404643265,1.560333824910333,0.21606239103881078,324887949601872.06,0.567032582105645,0.567032582105645,2506042338101.1216,1.2549972895863077,18576.365672083644,18474.927790966212,18468.414303872887,101.43788111743153,6.513487093325033,0.05907555549873057,0.005460588088544749,0.005460588088544749,0.005460588088544749,0.00035255818951075783,6.513487093325033,-190667864.69203094,-0.02387013035649497,7.423351364641817,1.391270330503709,0.0,0.0,-615167037127.8516,-7.950118567713876,0.0003525581895109653,0.0003525581895109653,52027896674.03168,810257166705.5082,115646853405567.47,59295635692.65578,-0.08188883543421838,0.22851522453894935,-0.08976794136456955,0.00035255818951075783,31873627923059.35,147572509225300.84,148382766392006.38,147520481328626.8,14478.084550682737,59295635692.65578,1.0,36.33572457306329,8.243533866788287e-07,8.243533866788287e-07,0.03405854517478857,3990.3297531901503,36.33572457306329
2024.0,779.596991501509,8062956561.399988,2796.9470921655156,0.00027432172967518736,1.5681604068815105,0.21900963237747959,324272782564744.2,0.565042739018188,0.565042739018188,2565337973793.7773,1.2860701866743713,18758.36611580244,18650.799330196587,18643.349514928694,107.56678560585313,7.449815267892731,0.06697652289864656,0.005734336612357545,0.005734336612357545,0.005734336612357545,0.0003994367820917522,7.449815267892731,-191295821.5954183,-0.023725270022067837,7.293372905087326,1.388372553846548,0.0,0.0,494362975724.1211,-7.825255296214906,0.0003994367820918665,0.0003994367820918665,60067536895.47351,867306319789.4193,117398876065669.05,58806148919.810745,-0.08264458750300757,0.23416020433172072,-0.09193351542514713,0.0003994367820917522,32921641232198.543,150380584834763.06,151247891154552.5,150320517297867.6,14560.276391379297,58806148919.810745,1.0,36.996480123027645,8.14725463596405e-07,8.14725463596405e-07,0.036348096612953906,4083.0731235493954,36.996480123027645
2025.0,789.885746834912,8136550834.027715,2348.3588011236193,0.00027030373767847766,1.5768615420660588,0.2216376520730628,324767145540468.3,0.5630738374943813,0.5630738374943813,2624144122713.588,1.317344705146915,18962.858355539596,18848.766011426123,18840.24998494127,114.09234411347278,8.516026484851265,0.07565030457783885,0.006016621649243251,0.006016621649243249,0.006016621649243249,0.00045180817034329193,8.516026484851265,-191742645.63714564,-0.023565593031787173,7.167611059372892,1.3854808127594485,0.0,0.0,1499152130363.5977,-7.702026923487469,0.00045180817034351506,0.00045180817034351506,69291082397.91867,928318157652.6539,119318785043854.11,58319631743.12678,-0.08275521362827287,0.23954791677693962,-0.09405130307111823,0.00045180817034329193,33975866684410.43,153363942810662.47,154292260968315.12,153294651728264.53,14664.541213809332,58319631743.12678,1.0,37.745183587797946,8.034884513779529e-07,8.034884513779529e-07,0.03873248253130934,4175.70877113194,37.745183587797946
2026.0,800.2945607424174,8208516052.191165,1989.6692190028818,0.0002663765530827186,1.5862671156318304,0.2238265125525315,326266297670831.94,0.5611256571404205,0.5611256571404205,2682463754456.715,1.348539675424304,19188.54893792079,19067.56619336524,19057.850257582013,120.98274455555024,9.715935783230115,0.08505089663846896,0.006304944941222819,0.00630494494122282,0.006304944941222822,0.0005095530118894186,9.715935783230115,-192002788.21182355,-0.023390681944341293,7.045452762636321,1.3825950946713572,0.0,0.0,2388044460544.047,-7.5817218332110725,0.0005095530118895963,0.0005095530118895963,79753414838.70294,993088800722.3774,121421995531990.22,57832712097.05483,-0.08251045582411824,0.24468616099206877,-0.09612195074940191,0.0005095530118894186,35014674227627.242,156516423174456.16,157509511975178.53,156436669759617.47,14792.198097679067,57832712097.05483,1.0,38.571552155156894,7.90642064496353e-07,7.90642064496353e-07,0.04072177254119569,4265.652159902946,38.571552155156894
2027.0,810.8246273931094,8278868861.719479,1702.8371767166157,0.0002625376649539717,1.5963749878517484,0.22568601240470593,328654342131376.0,0.5591979798819762,0.5591979798819762,2740296466553.7695,1.3795030078158947,19433.78718228352,19305.56694164168,19294.511839079052,128.2202406418406,11.055102562627528,0.09511547156365201,0.00659779997790294,0.00659779997790294,0.006597799977902939,0.0005726380683895855,11.055102562627528,-192101357.33538985,-0.02320381691557455,6.926329269745343,1.379715387037404,0.0,0.0,3184912152362.125,-7.46497029674619,0.000572638068389808,0.000572638068389808,91523744368.85225,1061518557691.9126,123686386901129.67,57342171717.310936,-0.08206864368135036,0.24958183340813261,-0.09814592257024499,0.0005726380683895855,36050346365499.73,159828257010998.25,160889775568690.16,159736733266629.4,14940.010400821911,57342171717.310936,1.0,39.47980399376361,7.765658319985957e-07,7.765658319985957e-07,0.042532920982883304,4354.501438257141,39.47980399376361
2028.0,821.477150390716,8347627000.319342,1473.4420946140226,0.00025878464332340217,1.6070090296717758,0.22722983539599004,331839254283738.1,0.5572905899397829,0.5572905899397829,2797638638271.0806,1.4101530758119356,19697.21861232456,19561.42127180996,19548.892755894503,135.79734051460073,12.52851591545554,0.10572372902622229,0.006894239394268196,0.006894239394268197,0.006894239394268197,0.0006404706356132943,12.52851591545554,-192050473.43098536,-0.02300659497886506,6.81025198704146,1.3768416773388468,0.0,0.0,3896999043330.4297,-7.352986962905836,0.0006404706356134549,0.0006404706356134549,104583377729.78726,1133585546251.2407,126105940523747.9,56849443366.00574,-0.08151543119026702,0.25424098424134445,-0.10012351019654561,0.0006404706356132943,37080924471704.24,163291448373181.94,164425033919433.16,163186864995452.16,15106.801072798733,56849443366.00574,1.0,40.458430355999376,7.614643672469999e-07,7.614643672469999e-07,0.04406005017074355,4442.09168309577,40.458430355999376
2029.0,832.2533428225427,8414809200.811381,1289.9573849759238,0.0002551151362372384,1.6181069352585975,0.2285262579847263,335736253327068.56,0.5554032738054854,0.5554032738054854,2854488081637.0864,1.4404463079925571,19977.527545224828,19833.816638549568,19819.68611665134,143.71090667526062,14.130521898225517,0.11673665171275688,0.007193628258047951,0.007193628258047951,0.00719362825804795,0.000712445927868519,14.130521898225517,-191869009.6922578,-0.02280134999065186,6.697420883652721,1.3739739530830188,0.0,0.0,4539727359929.094,-7.246450210657273,0.0007124459278686768,0.0007124459278686768,118905645681.45479,1209299859747.9287,128665524398955.36,56357518873.46721,-0.08089915222309953,0.2586697853218088,-0.10205507693684325,0.000712445927868519,38113352692635.96,166897782737272.78,168107082597020.7,166778877091591.3,15290.36741398118,56357518873.46721,1.0,41.50562283242733,7.456111419929235e-07,7.456111419929235e-07,0.04532927934699105,4529.318702670163,41.50562283242733
2030.0,843.1544273084459,8480435098.599607,1143.169671633005,0.00025152686692572995,1.6296525387022947,0.22963975165627265,340275980686997.6,0.5535358202177394,0.5535358202177394,2910845600510.5537,1.4703605320307604,20273.60929257489,20121.64813691276,20105.793854323325,151.9611556621272,15.854282589436393,0.12800108557055548,0.007495515646431158,0.007495515646431158,0.007495515646431158,0.0007879216693165421,15.854282589436393,-191574359.5569843,-0.02259015691171546,6.588244308419547,1.3711122018032729,0.0,0.0,5127329844579.734,-7.145717787234554,0.0007879216693167379,0.0007879216693167379,134451214534.57306,1288696718100.862,131350951974132.3,55871178271.270226,-0.08024845452039192,0.26287484318258253,-0.10394113823552605,0.0007879216693165421,39154927913279.5,170640331101946.38,171929027820047.25,170505879887411.8,15488.704346764303,55871178271.270226,1.0,42.62383664203778,7.292457523166017e-07,7.292457523166017e-07,0.046607162463185414,4617.0895075590215,42.62383664203778
2031.0,854.1816360498018,8544525143.345851,1025.7145634169328,0.00024801763108586787,1.641463497784213,0.23051371673796156,345403310531577.4,0.5516880201385631,0.5516880201385631,2966716778781.8237,1.4998861795684186,20584.570008866896,20424.01929241289,20406.339182270203,160.55071645400574,17.680110142686406,0.13932309385604139,0.007799566198606421,0.007799566198606421,0.007799566198606421,0.0008656528320678883,17.680110142686406,-191167714.57986778,-0.02237312330091765,6.483534952890561,1.3682564110589277,0.0,0.0,5652611862486.512,-7.051593633923336,0.0008656528320680756,0.0008656528320680756,151068145651.30798,1371829633523.4424,134169535310907.11,55398727422.735054,-0.07958220899956622,0.2668635499050047,-0.10578245327261002,0.0008656528320678883,40192942915644.25,174513546372202.66,175885376005726.12,174362478226551.38,15702.398092349602,55398727422.735054,1.0,43.798929686028934,7.124106182910548e-07,7.124106182910548e-07,0.04760476200026775,4703.9410899206,43.798929686028934
2032.0,865.3362108784883,8607100514.805265,931.7055908540553,0.00024458529427287534,1.6535490248323452,0.23122882093423358,351055922394063.9,0.5498596667299385,0.5498596667299385,3022115506204.5586,1.5290219040454398,20909.358381784223,20739.877013343958,20720.280228511805,169.481368440267,19.59678483215181,0.15054590683265695,0.008105526977236922,0.008105526977236923,0.008105526977236923,0.0009448843317413749,19.59678483215181,-190667956.32161525,-0.022152402657973268,6.383812292287004,1.365406568435214,0.0,0.0,6132110534778.805,-6.9639754099630515,0.0009448843317414468,0.0009448843317414468,168671496817.34186,1458743173552.123,137103831847548.12,54946114067.363655,-0.07891609020863337,0.27064477688916244,-0.10758020615148876,0.0009448843317413749,41237702774185.19,178510206118550.66,179968949292102.78,178341534621733.3,15929.154261846108,54946114067.363655,1.0,45.03488155261569,6.95341052999699e-07,6.95341052999699e-07,0.04840070603728153,4791.125966665697,45.03488155261569
2033.0,876.6194033058837,8668183042.76501,856.4376096488695,0.00024122778939571657,1.6659023994034423,0.23183903882484808,357188032928842.7,0.5480505553306578,0.5480505553306578,3077061620271.9224,1.5577731173788794,21247.201037829636,21068.44365868163,21046.85041919526,178.75737914800794,21.593239486370457,0.16153036259530673,0.008413220114486558,0.008413220114486558,0.008413220114486556,0.0010249090932482133,21.593239486370457,-190089101.92350647,-0.02192952098331222,6.289584014188939,1.3625626615432198,0.0,0.0,6577436122473.383,-6.882638686316124,0.0010249090932483718,0.0010249090932483718,187174152354.12024,1549501682699.8782,140141712491922.33,54519265497.838455,-0.07826251938019416,0.27422835477521035,-0.10933587866814312,0.0010249090932482133,42296239415357.66,182625126059634.12,184174627742334.0,182437951907280.0,16167.368847718679,54519265497.838455,1.0,46.334277930750204,6.782027582487923e-07,6.782027582487923e-07,0.04917771534277149,4879.48157147658,46.334277930750204
2034.0,888.0324745718599,8727795131.016027,796.1497265995536,0.00023794311431209384,1.678412392033056,0.2323179867532662,363765469051316.06,0.546260483433415,0.546260483433415,3131580885769.7607,1.5861505144694992,21597.522046992526,21409.13694245435,21385.485375980592,188.38510453817426,23.651566473759406,0.17214167563073884,0.00872253326693129,0.008722533266931289,0.008722533266931289,0.0011047417061851902,23.651566473759406,-189434063.0955642,-0.021704687180657004,6.201415920661069,1.359724678019838,0.0,0.0,6985172081588.711,-6.807591096111771,0.0011047417061854636,0.0011047417061854636,206426026710.57925,1644186598144.2227,143286416152177.56,54124687677.75095,-0.07763210329524925,0.2776250424607762,-0.11105124618255063,0.0011047417061851902,43361718986720.32,186854561165608.44,188498747763752.7,186648135138897.88,16417.252467691364,54124687677.75095,1.0,47.68836051664203,6.610324932109743e-07,6.610324932109743e-07,0.04987960283964532,4968.232908289227,47.68836051664203
2035.0,899.5766956937855,8785959685.277266,747.8358026942864,0.00023472932951861789,1.69100268576145,0.23266578969214724,370750641132904.75,0.544489250662137,0.544489250662137,3185705573447.5117,1.6141692405957735,21959.6800147665,21761.309105703218,21735.551969260985,198.37090906328353,25.75713644223288,0.18228367273094215,0.009033415283368955,0.009033415283368955,0.009033415283368956,0.0011836207241540644,25.75713644223288,-188709150.97398004,-0.02147849042492218,6.119601462662913,1.356892605527711,0.0,0.0,7356582736498.789,-6.738585025731929,0.001183620724154122,0.001183620724154122,226301162389.64398,1742878809761.8118,146536036489386.62,53766571740.920135,-0.07703480792878073,0.2808466186059113,-0.1127284047466126,0.0011836207241540644,44431646849789.27,191193984501565.53,192936863311327.34,190967683339175.9,16678.43260593817,53766571740.920135,1.0,49.091091203166904,6.438997771304643e-07,6.438997771304643e-07,0.05030355705055589,5057.119363322813,49.091091203166904
2036.0,911.2533475155293,8842700044.982775,709.0929853682185,0.00023158455593203574,1.703751416654277,0.2329830873275911,378107223869403.56,0.5427366587495546,0.5427366587495546,3239472145188.4316,1.6418485802425833,22333.05631876933,22124.334329007637,22096.421397806553,208.72198976168977,27.912931201084128,0.19193542654001372,0.00934587665846138,0.009345876658461382,0.009345876658461382,0.0012616393689407843,27.912931201084128,-187932732.60644135,-0.021252867523542402,6.0439143537659055,1.354066431755178,0.0,0.0,7712315183508.102,-6.674712165690429,0.00126163936894097,0.00126163936894097,246825677987.4277,1845665948254.5884,149868988917893.88,53444521727.91781,-0.07647878836828592,0.2839053831978241,-0.11436964720154429,0.0012616393689407843,45523037570448.46,195638852166329.78,197484518114584.4,195392026488342.34,16948.328921654134,53444521727.91781,1.0,50.55352187491707,6.269897003302787e-07,6.269897003302787e-07,0.050725492765592683,5148.092476152417,50.55352187491707
2037.0,923.0637207564556,8898039918.834373,678.0006380440997,0.0002285069727575973,1.7166097656167203,0.23325038744264331,385819539052911.7,0.541002511515008,0.541002511515008,3292916666916.3496,1.669211136472469,22717.40092115405,22497.951201015654,22467.836604485175,219.44972013839637,30.114596530479425,0.20107695014744945,0.009659983591434908,0.009659983591434908,0.009659983591434907,0.0013385483976478677,30.114596530479425,-187106511.7329043,-0.02102783460623257,5.974248636629288,1.3512461444162212,0.0,0.0,8049395209075.539,-6.615499889762166,0.0013385483976481316,0.0013385483976481316,267960882067.79706,1952672369968.4824,153288357882190.56,53159102853.76924,-0.07596831160329173,0.28681321178837255,-0.11597722216531871,0.0013385483976478677,46631349114366.71,200187667878625.03,202140340248593.5,199919706996557.25,17227.205011491005,53159102853.76924,1.0,52.07266030458722,6.103085956053729e-07,6.103085956053729e-07,0.0511815205837014,5240.631592994171,52.07266030458722
2038.0,935.0091160604229,8952003324.016354,653.0235666817786,0.00022549481544081854,1.729506685317588,0.2334298981565278,393868934261987.25,0.5392866148424884,0.5392866148424884,3346075769770.1187,1.696281107359407,23112.41319608007,22881.847451089034,22849.490243240212,230.56574499103536,32.357207848821766,0.20970613893606294,0.009975840386504509,0.00997584038650451,0.00997584038650451,0.0014140994479570207,32.357207848821766,-186230055.46317127,-0.020803170946502553,5.910376752039486,1.3484317312504124,0.0,0.0,8360891726301.047,-6.56055491635809,0.0014140994479572289,0.0014140994479572289,289661832218.54047,2064025315564.0554,156800927457065.84,52909712330.44646,-0.07550609608756215,0.28958176248479617,-0.11755338456492087,0.0014140994479570207,47747785152499.77,204838374441784.16,206902399757348.22,204548712609565.62,17515.736062832075,52909712330.44646,1.0,53.64221287975507,5.938419894322925e-07,5.938419894322925e-07,0.05166302356872898,5333.754180408138,53.64221287975507
2039.0,947.0908440447746,9004614528.963562,632.934667294611,0.00022254637369907782,1.74237264396845,0.23348519854733996,402229825988288.3,0.5375887766589076,0.5375887766589076,3398985482100.565,1.7230836011339723,23517.674847870498,23275.59372694124,23240.95706718565,242.08112092925748,34.63665975559005,0.21783797952109582,0.010293582273554468,0.010293582273554468,0.010293582273554466,0.0014881106863236966,34.63665975559005,-185303475.48636222,-0.020578723818807466,5.8519395504856915,1.3456231800228604,0.0,0.0,8639833048366.602,-6.509503442263362,0.001488110686323818,0.001488110686323818,311889769669.9537,2179847178707.377,160413044027002.84,52694459898.91995,-0.07509326806730313,0.2922222449274629,-0.1191003347184678,0.0014881106863236966,48862815647195.44,209587749443868.22,211767596622575.62,209275859674198.28,17814.537591923603,52694459898.91995,1.0,55.25513495506681,5.775819897281471e-07,5.775819897281471e-07,0.05195460045950617,5426.419475262045,55.25513495506681
2040.0,959.3102253493188,9055897999.570053,616.7530969386451,0.00021965998962964294,1.7552489411220724,0.23348158192701957,410869659036654.94,0.5359088069125989,0.5359088069125989,3451679941999.485,1.7496439376761677,23932.65269605744,23678.646662500236,23641.682617680555,254.00603355720347,36.96404481967929,0.22553346972834087,0.01061336730127903,0.01061336730127903,0.01061336730127903,0.0015610708393321766,36.96404481967929,-184339494.07491246,-0.020355738777497752,5.798231452696408,1.3428204785241562,0.0,0.0,8900662434945.406,-6.461602214148393,0.0015610708393323236,0.0015610708393323236,334742619538.55145,2300252731169.403,164109037985312.56,52508192613.51756,-0.07472926225166526,0.29474517147778384,-0.12062015181990468,0.0015610708393321766,49987628338610.9,214431408943462.0,216731661674631.4,214096666323923.44,18121.78516068798,52508192613.51756,1.0,56.91790954321836,5.616369214662536e-07,5.616369214662536e-07,0.05209993954695902,5519.897456992577,56.91790954321836
2041.0,971.6685906852944,9105878348.722523,603.6948528485327,0.00021683405589088595,1.7681591245167534,0.23347277754540913,419770321471600.4,0.5342465175520426,0.5342465175520426,3504188134613.0024,1.7759869119598408,24357.074815335433,24090.721262788542,24051.369853851957,266.3535525468893,39.35140893658341,0.23285658941094758,0.010935367016206343,0.010935367016206343,0.010935367016206343,0.001633467446131101,39.35140893658341,-183348041.3741788,-0.02013512967696312,5.748605905821721,1.3400236145703215,0.0,0.0,9155571904593.477,-6.41623296588149,0.0016334674461313536,0.0016334674461313536,358329142627.3609,2425383047242.0464,167876243957554.62,52346106053.16044,-0.07441052439634636,0.2971597143971312,-0.12211462519942061,0.001633467446131101,51132604051753.516,219367177151935.5,221792560199177.56,219008848009308.12,18436.02973030122,52346106053.16044,1.0,58.6352963561495,5.460806532764537e-07,5.460806532764537e-07,0.052224488274547065,5615.340123550737,58.6352963561495
2042.0,984.1672808843301,9154580289.040443,593.1332695929102,0.0002140670139535893,1.7810671736446189,0.23345948061067284,428925893376193.9,0.5326017225048162,0.5326017225048162,3556534240666.163,1.8021354947964552,24790.887273099972,24511.74809628178,24469.944164101616,279.13917681819294,41.803932180161716,0.23985391163026712,0.011259749348345451,0.011259749348345451,0.011259749348345451,0.0017054651514839536,41.803932180161716,-182331588.84135056,-0.01991697959759355,5.7026086477895195,1.337232576002755,0.0,0.0,9405151829256.562,-6.373064050177335,0.0017054651514840646,0.0017054651514840646,382697453540.89197,2555402005998.804,171714327351728.9,52204988723.16551,-0.07413206428435262,0.29947381408264634,-0.12358527546433111,0.0017054651514839536,52297741166875.95,224394765972145.78,226950167978144.6,224012068518604.88,18757.203708978286,52204988723.16551,1.0,60.4042051167235,5.309151807806806e-07,5.309151807806806e-07,0.05233006028907039,5712.7404551233285,60.4042051167235
2043.0,996.807646947382,9202028588.703463,584.5674438528433,0.00021135735241938956,1.7939370679977933,0.23344238633097494,438331045205450.44,0.5309742376567661,0.5309742376567661,3608739229389.3286,1.8281102237544469,25234.049860177198,24941.671279567203,24897.344945421795,292.378580609994,44.32633414540811,0.24656931411602936,0.011586668895007915,0.011586668895007916,0.011586668895007916,0.0017771998375153502,44.32633414540811,-181292447.61462343,-0.0197013567027145,5.65981678942307,1.3344473506881798,0.0,0.0,9649965510723.031,-6.331827019700404,0.001777199837515453,0.001777199837515453,407892194038.4679,2690476057497.7046,175623009939314.94,52081795903.09494,-0.07388909844987941,0.30169453688903924,-0.12503344025575092,0.0017771998375153502,53483070031268.08,229513972164621.47,232204448222119.2,229106079970583.0,19085.249328057096,52081795903.09494,1.0,62.22101164766372,5.161406413346644e-07,5.161406413346644e-07,0.052418367262981214,5812.095617364701,62.22101164766372
2044.0,1009.5910500936434,9248248030.24593,577.5969958693671,0.0002087036054035407,1.806732787068402,0.23342218991447972,447981010716173.5,0.5293638808313977,0.5293638808313977,3660821025292.4233,1.853929317983659,25686.535539336146,25380.44795110487,25333.52551519885,306.0875882312763,46.922435906021065,0.2530418845216231,0.011916265927047122,0.011916265927047124,0.011916265927047122,0.0018487631107384935,46.922435906021065,-180232775.7503174,-0.019488315534020625,5.619852892492472,1.3316679265185902,0.0,0.0,9890553605279.695,-6.292313357873116,0.0018487631107386715,0.0018487631107386715,433950325442.2002,2830773934942.6284,179602072768225.7,51973793443.265396,-0.07367706282086035,0.30382813343249926,-0.12646028482028784,0.0018487631107384935,54688654676897.05,234724677770564.97,237555451705507.6,234290727445122.75,19420.118511186785,51973793443.265396,1.0,64.08151741744713,5.017555538885958e-07,5.017555538885958e-07,0.05251028496828014,5913.407004012063,64.08151741744713
2045.0,1022.518861809461,9293263372.198286,571.901895886534,0.00020610435097930403,1.8194454435350529,0.23339008107953424,457871564321453.2,0.5277704717694842,0.5277704717694842,3712794818735.689,1.8796087971591582,26148.329937536717,25828.047787044245,25778.44793905594,320.2821504924738,49.599847988304134,0.25931488232135586,0.012248665641651524,0.012248665641651522,0.01224866564165152,0.0019203870303037072,49.599847988304134,-179153492.56065664,-0.019277780622963078,5.582316120671221,1.3288942914111996,0.0,0.0,10125149798722.883,-6.254267572262163,0.0019203870303039494,0.0019203870303039494,460944450576.30963,2976466377940.606,183653599793280.78,51877933936.265884,-0.07349171016804407,0.3058801244544192,-0.12786681996475022,0.0019203870303037072,55912306230868.21,240026850474725.28,243003316852665.88,239565906024148.97,19762.013884455122,51877933936.265884,1.0,65.98503380616702,4.877481108986098e-07,4.877481108986098e-07,0.052637813300525416,6016.434054600818,65.98503380616702
2046.0,1035.5924638971946,9337099313.455645,567.2263391220289,0.00020355820968139714,1.83213315864912,0.23332091178399122,467996714120176.06,0.5261938321088875,0.5261938321088875,3764672752671.955,1.9051626416926675,26619.3918355864,26284.41399050106,26232.03515074773,334.97784508534016,52.3788397533269,0.26545168165955685,0.012583978144741895,0.012583978144741895,0.012583978144741898,0.0019927718294292626,52.3788397533269,-178053687.12760237,-0.019069486266576403,5.54665241390191,1.326126433308388,0.0,0.0,10347880223226.79,-6.217231516065795,0.001992771829429363,0.001992771829429363,489066428700.39185,3127721407369.181,187783565761346.6,51789644445.82062,-0.07332877168131628,0.30785525764615473,-0.12925388732463303,0.0019927718294292626,57147551635244.4,245420183825291.38,248547905232660.56,244931117396590.97,20111.552791425565,51789644445.82062,1.0,67.94119145745415,4.740925742681815e-07,4.740925742681815e-07,0.05272993971911988,6120.482359322168,67.94119145745415
2047.0,1048.8132485240646,9379780460.254797,563.3658567871391,0.00020106384306604736,1.844783659575941,0.23322206187879624,478344594343402.9,0.5246337853645937,0.5246337853645937,3816462397117.776,1.9306028029855242,27099.583975047262,26749.39511201713,26694.12784843492,350.1888630301304,55.26726358220893,0.27148491964376664,0.012922296643098916,0.012922296643098916,0.012922296643098916,0.0020661126485578057,55.26726358220893,-176936447.2227626,-0.018863602189038466,5.512523909259633,1.3233643401776487,0.0,0.0,10560860241774.852,-6.1810524380495755,0.0020661126485579384,0.0020661126485579384,518394799040.1549,3284694654848.8604,191989739120178.12,51706264050.76089,-0.07318300704205861,0.3097572195904422,-0.13062208162486788,0.0020661126485578057,58395319676115.15,250903453595333.44,254188148250182.34,250385058796293.28,20468.468311566732,51706264050.76089,1.0,69.9493461962893,4.6079636862981463e-07,4.6079636862981463e-07,0.0527854273122037,6225.6595368681865,69.9493461962893
2048.0,1062.1826182709801,9421331295.642363,560.1570137299491,0.00019861995232530683,1.857378662969303,0.23310328671771516,488905454585177.75,0.5230901569089574,0.5230901569089574,3868168661168.5366,1.9559387970536672,27588.810257233297,27222.880829538622,27164.609747748014,365.92942769467703,58.271081790609124,0.27743934661778485,0.013263690035301064,0.013263690035301062,0.013263690035301062,0.002140518564346105,58.271081790609124,-175804848.68135327,-0.018660297909560624,5.479665160427539,1.3206080000115372,0.0,0.0,10766829971821.195,-6.145635944459485,0.002140518564346272,0.002140518564346272,548991166504.8015,3447542369136.36,196269412520030.97,51625740865.577095,-0.07304984059627075,0.3115890535818252,-0.13197185283656504,0.002140518564346105,59657375430338.97,256475779116874.75,259923321486011.1,255926787950369.94,20832.449933143867,51625740865.577095,1.0,72.00765417834518,4.478658934071909e-07,4.478658934071909e-07,0.05280816960214274,6332.159814604145,72.00765417834518
2049.0,1075.7019861813094,9461776151.318565,557.4691736056269,0.00019622527695339158,1.8698998854829936,0.2329743416545139,499672284556998.94,0.5215627739521547,0.5215627739521547,3919794402034.114,1.9811780176250329,28087.025467267194,27704.81146708793,27643.416091403218,382.2140001792678,61.3953756847111,0.28333445656545003,0.01360820499218411,0.013608204992184111,0.013608204992184115,0.0022160546285487645,61.3953756847111,-174661668.16982153,-0.018459712571564188,5.447863977156776,1.3178574008276185,0.0,0.0,10968565376537.25,-6.1109178067482475,0.0022160546285489024,0.0022160546285489024,580909301454.8433,3616423311596.266,200620021282377.7,51546469454.68949,-0.07292544784513161,0.3133533012549688,-0.13330353939731457,0.0022160546285487645,60935793832237.15,262136724416069.7,265753147727665.94,261555815114614.84,21203.209426426758,51546469454.68949,1.0,74.1139372532602,4.353044398528797e-07,4.353044398528797e-07,0.0528017504243512,6440.20666497646,74.1139372532602
2050.0,1089.3727758096488,9501139181.743296,555.1979166524047,0.00019387859346290558,1.8823290437707998,0.23284498204295825,510640849933536.2,0.520051465522841,0.520051465522841,3971340871488.803,2.0063260842117994,28594.234863447942,28195.177470886643,28130.533175867015,399.0573925613007,64.64429501962887,0.2891849984019281,0.013955868882906059,0.013955868882906059,0.013955868882906057,0.002292742973027154,64.64429501962887,-173509406.47432354,-0.018261958187890427,5.416956308741626,1.3151125306684146,0.0,0.0,11168884883841.46,-6.076858905261382,0.002292742973027284,0.002292742973027284,614194444287.1688,3791499828228.4893,205039141083364.7,51467255830.776596,-0.07280670107450898,0.31505210724643945,-0.13461739261892802,0.002292742973027154,62232969877195.08,267886305404846.94,271677805233075.4,267272110960559.75,21580.47968367342,51467255830.776596,1.0,76.26566189494677,4.231126561358816e-07,4.231126561358816e-07,0.052769463075602374,6550.053492193597,76.26566189494677
2051.0,1103.1964212705273,9539444340.393452,553.2597784203012,0.0001915787141489072,1.8946478544865089,0.23272496323681413,521809734817377.6,0.5185560624490136,0.5185560624490136,4022808127319.5796,2.031387163244475,29110.493900294565,28694.019009460208,28625.9979960734,416.47489083435806,68.0210133868063,0.2950014988178276,0.014306692708849706,0.014306692708849706,0.014306692708849706,0.0023705641710343984,68.0210133868063,-172350310.59169984,-0.01806712261655602,5.386821223038391,1.3123733776013529,0.0,0.0,11370655242826.36,-6.043440850815628,0.0023705641710345393,0.0023705641710345393,648882671180.5966,3972939040285.798,209524485847192.56,51387281228.824905,-0.07269111723012682,0.3166873138235433,-0.13591359902043296,0.0023705641710343984,63551628724564.12,273724997242937.28,277697936283223.1,273076114571756.7,21964.013664820104,51387281228.824905,1.0,78.45991882786657,4.1128896109773136e-07,4.1128896109773136e-07,0.052739998557023604,6661.984331253298,78.45991882786657
2052.0,1117.1743672870812,9576715358.063293,551.5880443573649,0.0001893244858988654,1.9068739737054448,0.23261131278493621,533180390060204.0,0.5170763973390744,0.5170763973390744,4074195408548.4043,2.056364263529203,29635.908086704,29201.42569885035,29129.888394933427,434.48238785364833,71.53730391692459,0.3008063194828874,0.01466067402363745,0.01466067402363745,0.01466067402363745,0.002449788056743441,71.53730391692459,-171185003.184502,-0.017875126991256936,5.357257003787128,1.3096399297187142,0.0,0.0,11573224796397.836,-6.01052761944535,0.0024497880567435626,0.0024497880567435626,685092397095.6531,4160914156566.0464,214077385768010.44,51304925425.26033,-0.07257680626624072,0.31826054551233623,-0.13719230054388473,0.002449788056743441,64891263802418.24,279653741967524.3,283814656124090.4,278968649570428.66,22353.946814109284,51304925425.26033,1.0,80.70008157132473,3.998201610634584e-07,3.998201610634584e-07,0.05273124872175727,6775.941580824143,80.70008157132473
2053.0,1131.3080692396888,9612975723.102285,550.1293883588103,0.0001871147890466398,1.9190427768068445,0.23249202717205478,544753614856601.8,0.5156123045630927,0.5156123045630927,4125500333973.6646,2.081259506497544,30170.57362612726,29717.47799127379,29642.26730749221,453.09563485347087,75.21068378158141,0.3066275739012035,0.015017799809450654,0.015017799809450652,0.015017799809450652,0.0025308568850851408,75.21068378158141,-170013117.18235227,-0.01768579491715245,5.3280153602103955,1.3069121751375818,0.0,0.0,11773333724936.29,-5.97793057893141,0.002530856885085364,0.002530856885085364,722998477310.2649,4355597338090.033,218701700794034.72,51218082310.01861,-0.07246170241038466,0.3197730524922001,-0.13845355325708078,0.0025308568850851408,66248695210596.484,285673394481941.44,290028991820031.44,284950396004631.2,22750.67649119742,51218082310.01861,1.0,82.99325095483968,3.8868701980577784e-07,3.8868701980577784e-07,0.05271274671079129,6891.59081629479,82.99325095483968
2054.0,1145.5989932145667,9648248663.48793,548.8411859084696,0.00018494853626869955,1.9311457025040246,0.23236896177084526,556526948581538.1,0.5141636202342651,0.5141636202342651,4176718416283.683,2.1060740573796224,30714.534422648776,30242.204939627096,30163.157468798523,472.3294830216801,79.04747082857448,0.31247255625771975,0.015378044691225605,0.015378044691225601,0.015378044691225605,0.002613813079647399,79.04747082857448,-168835915.14899713,-0.017499125596537164,5.298998329048488,1.304190101999788,0.0,0.0,11971702349372.352,-5.9456368416269845,0.0026138130796475867,0.0026138130796475867,762669654773.8949,4557152303289.87,223397246527385.12,51126053546.06685,-0.07234333695519152,0.3212256224321213,-0.13969730292253627,0.002613813079647399,67624397207526.16,291784313389685.2,296341465692975.06,291021643734911.3,23154.175884043292,51126053546.06685,1.0,85.33863706498154,3.778825077446654e-07,3.778825077446654e-07,0.05268540816094647,7008.98158475523,85.33863706498154
2055.0,1160.0486160522987,9682557130.634256,547.689366432091,0.00018282467152087653,1.943173963615118,0.23224404779658334,568498650930910.5,0.5127301821905706,0.5127301821905706,4227844469829.75,2.130807957205039,31267.84866874601,30775.64996808524,30692.596489498996,492.1987006607721,83.05347858624076,0.3183462835029783,0.015741367622542978,0.015741367622542978,0.01574136762254298,0.002698675045770547,83.05347858624076,-167654567.42418337,-0.01731511264661148,5.2701288586904225,1.3014736984718644,0.0,0.0,12169075726389.805,-5.913643492960782,0.0026986750457707043,0.0026986750457707043,804170051309.1849,4765742038771.875,228163878177597.56,51028323760.074326,-0.07221990354901361,0.3226188792059695,-0.14092345947752058,0.002698675045770547,69018940819480.86,297986989048387.7,302752731087159.5,297182818997078.44,23564.423643390543,51028323760.074326,1.0,87.73521882463068,3.673992526588638e-07,3.673992526588638e-07,0.05265022860341362,7128.17284610845,87.73521882463068
2056.0,1174.6584253963313,9715923784.839758,546.6466966508264,0.00018074216901402173,1.9551187729582582,0.23211921646454492,580667726657300.2,0.5113118299766183,0.5113118299766183,4278872793589.824,2.15546042257847,31830.588992997134,31317.87092452626,31230.636865620803,512.7180684708721,87.23405890545986,0.3242518988819225,0.016107715398658577,0.016107715398658577,0.016107715398658577,0.0027854402719676395,87.23405890545986,-166470150.22981632,-0.017133743935864136,5.241347582617999,1.298762952744989,0.0,0.0,12366202829999.125,-5.881954991981061,0.0027854402719678095,0.0027854402719678095,847559467767.6699,4981529676373.246,233001512042649.4,50924533642.57059,-0.07209007771752134,0.3239533246158109,-0.14213190693511463,0.0027854402719676395,70432975495729.16,304282047006146.2,309263576682519.44,303434487538378.56,23981.405906684173,50924533642.57059,1.0,90.18177373662125,3.572295709354689e-07,3.572295709354689e-07,0.052608118968851425,7249.230958936632,90.18177373662125
2057.0,1189.4299197414146,9748370982.281912,545.691408439693,0.00017870003222700325,1.9669713433515785,0.23199639899000568,593033929487299.4,0.5099084048256862,0.5099084048256862,4329797327232.395,2.1800300638553103,32402.842275689225,31868.93982527683,31777.345746022118,533.902450412396,91.59407925471089,0.3301909319208342,0.016477025251978132,0.016477025251978132,0.016477025251978132,0.0028740861715789837,91.59407925471089,-165283652.6321938,-0.016955002321167714,5.212610647014603,1.2960578530349367,0.0,0.0,12563837938073.188,-5.850581741652658,0.0028740861715792487,0.0028740861715792487,892893064355.4532,5204679154969.408,237910124277658.44,50814462373.2909,-0.0719529000000631,0.3252293734874678,-0.1433225117819025,0.0028740861715789837,71867230886803.12,310670248228817.0,315874927383786.44,309777355164461.56,24405.11596348461,50814462373.2909,1.0,92.67686691136285,3.473655527237323e-07,3.473655527237323e-07,0.05255991322193365,7372.229782537507,92.67686691136285
2058.0,1204.3646084819825,9779920763.468763,544.8061020540763,0.0001766972929555557,1.9787228876132121,0.23187752658824148,605597767425372.5,0.5085197496419501,0.5085197496419501,4380611789605.686,2.204515050274043,32984.709504420236,32428.94265086886,32332.80475775637,555.7668535513749,96.13789311248989,0.33616351622859825,0.01684922686606948,0.016849226866069482,0.016849226866069482,0.0029645706968467593,96.13789311248989,-164095982.9689593,-0.016778866305534094,5.183887881531293,1.2933583875820254,0.0,0.0,12762741975331.094,-5.819538927699602,0.0029645706968469687,0.0029645706968469687,940220977006.9805,5435355790694.795,242889749873694.8,50698012728.08199,-0.07180770017955514,0.32644738421672925,-0.14449513037361,0.0029645706968467593,73322518717868.34,317152489568570.1,322587845359264.94,316212268591563.1,24835.553962867296,50698012728.08199,1.0,95.21884026725898,3.377991350783088e-07,3.377991350783088e-07,0.05250637516030343,7497.250794889073,95.21884026725898
2059.0,1219.4640119604724,9810594843.061306,543.9768694620732,0.00017473301039555217,1.9903646185612927,0.23176453047452802,618360509400703.6,0.5071457089828979,0.5071457089828979,4431309802333.768,2.228913240499425,33576.305668884714,32997.9791864802,32897.10988271062,578.3264824045102,100.86930376958686,0.34216857075402674,0.01722424402814654,0.01722424402814654,0.017224244028146537,0.003056832759350143,100.86930376958686,-162907974.78904533,-0.016605310625406624,5.155161268460654,1.2906645446510674,0.0,0.0,12963683817814.414,-5.788845578340225,0.003056832759350314,0.003056832759350314,989587871385.0933,5673726805883.473,247940481809057.12,50575198555.509476,-0.07165404595546288,0.3276076854378242,-0.14564961547871044,0.003056832759350143,74799734757884.78,323729804438327.0,329403531244210.44,322740216566941.94,25272.726656775234,50575198555.509476,1.0,97.80580198900013,3.2852216459207486e-07,3.2852216459207486e-07,0.05245130968331124,7624.383225935382,97.80580198900013
2060.0,1234.7296615155963,9840414600.983875,543.1925936107673,0.00017280627025933337,2.0018980858257858,0.23165773664613942,631324193218518.0,0.5057861290419299,0.5057861290419299,4481885000889.277,2.2532222895834204,34177.75969367165,33576.16290256912,33470.36728878644,601.5967911025257,105.79561378268376,0.3482091297796838,0.017601996049317337,0.017601996049317337,0.017601996049317337,0.0031509143581915575,105.79561378268376,-161720233.29935434,-0.01643429061242857,5.126382927848523,1.2879763125313173,0.0,0.0,13166903540583.164,-5.75848506633785,0.003150914358191703,0.003150914358191703,1041072702587.1721,5919961847070.34,253062968106432.16,50445733413.435074,-0.07149170664319121,0.3287105994036745,-0.14678582210222682,0.0031509143581915575,76299322862434.97,330403363671454.3,336323325518524.7,329362290968867.1,25716.69775795119,50445733413.435074,1.0,100.43800687097814,3.195255080908558e-07,3.195255080908558e-07,0.05240638906478701,7753.669530835248,100.43800687097814
2061.0,1250.1630995305404,9869401074.74304,542.444388319156,0.00017091618392378616,2.0133616046124434,0.23155155189949192,644491096759101.1,0.5044408576311424,0.5044408576311424,4532330734302.713,2.2774397391336563,34789.20569498381,34163.61231621932,34052.67280506068,625.5933787644872,110.93951115863209,0.3543063940245397,0.01798239903059041,0.01798239903059041,0.01798239903059041,0.003247300377131463,110.93951115863209,-160532743.24469468,-0.016265702652972214,5.097362118140538,1.2852936795364205,0.0,0.0,13370616771753.992,-5.7283054296691,0.0032473003771317233,0.0032473003771317233,1094906530660.471,6174231964730.359,258259759132474.88,50307911167.130684,-0.0713203743242797,0.32975638120538014,-0.14790359181757157,0.003247300377131463,77819726447664.11,337174392110799.5,343348624075529.9,336079485580139.0,26167.723570723258,50307911167.130684,1.0,103.12444033516611,3.1079688580449784e-07,3.1079688580449784e-07,0.05235944106856327,7884.949234337426,103.12444033516611
2062.0,1265.7658794810905,9897574952.878813,541.7251505760918,0.00016906188760892104,2.0247553945996017,0.23144601978678167,657861713530855.1,0.5031097441642922,0.5031097441642922,4582638645469.844,2.30156298458985,35410.750248004464,34760.41888555356,34644.10878889836,650.3313624509019,116.31009665520244,0.3604626301669498,0.01836536526044236,0.01836536526044236,0.01836536526044236,0.0033460499149376172,116.31009665520244,-159346095.020922,-0.016099508796806286,5.068051848254686,1.282616634004364,0.0,0.0,13574970808129.219,-5.698299396573451,0.00334604991493781,0.00334604991493781,1151187899421.4456,6436703404065.6,263531521252594.38,50161423033.17675,-0.07113880532378211,0.3307449324532761,-0.14900267893877636,0.0033460499149376172,79361142161214.73,344043851313230.56,350480554717296.2,342892663413809.1,26625.867700647574,50161423033.17675,1.0,105.8657295242015,3.0232817996285734e-07,3.0232817996285734e-07,0.05230916968285482,8018.241088250787,105.8657295242015
2063.0,1281.5395659837068,9924956569.475285,541.0292026852485,0.00016724254158575,2.0360744048754427,0.23134198759235325,671436684338984.4,0.5017926396399398,0.5017926396399398,4632800068503.0205,2.3255888666514464,36042.50390557423,35366.67824875526,35244.76395655641,675.8256568189711,121.91429219885283,0.366676908405493,0.018750796520395182,0.018750796520395182,0.018750796520395182,0.0034471513366722143,121.91429219885283,-158160917.779401,-0.015935678576753983,5.038431132893265,1.2799451642974244,0.0,0.0,13780395379632.797,-5.66848103213663,0.003447151336672394,0.003447151336672394,1209994055271.9338,6707540292465.396,268878687756699.03,50006210172.25781,-0.07094611670625889,0.3316760948268214,-0.1500828242204104,0.0034471513366722143,80924063813531.23,351012745625502.2,357720285917967.56,349802751570230.25,27091.170210623317,50006210172.25781,1.0,108.66117698645267,2.9411188237701815e-07,2.9411188237701815e-07,0.05225600993361135,8153.593745933092,108.66117698645267
2064.0,1297.4857348435114,9951565899.661053,540.3520062261792,0.000165457329412319,2.0473135845281507,0.23124030260055103,685217079718617.1,0.5004893966247711,0.5004893966247711,4682806278675.278,2.3495138337870354,36684.58569374519,35982.49458494619,35854.73576816879,702.0911087989994,127.75881677739143,0.3729477661244822,0.019138586289628112,0.019138586289628116,0.019138586289628116,0.003550582533286651,127.75881677739143,-156977791.69508207,-0.01577417999115382,5.008484725365079,1.2772792588021176,0.0,0.0,13987321485608.516,-5.638865671814963,0.0035505825332867724,0.0035505825332867724,1271400284422.9329,6986905936779.34,274301736354395.75,49842265801.916374,-0.0707417825180589,0.3325497024896409,-0.15114376801919743,0.003550582533286651,82509029457470.25,358082166096288.94,365069072033068.3,356810765811866.0,27563.67581947464,49842265801.916374,1.0,111.50994061441239,2.861405669889213e-07,2.861405669889213e-07,0.05220035885612817,8291.059948694152,111.50994061441239
2065.0,1313.6059731022074,9977422556.032927,539.6899334190591,0.00016370545719679596,2.05846788264591,0.2311418120957196,699204401204225.6,0.49919986923709386,0.49919986923709386,4732648544477.194,2.3733341017362477,37337.12303698701,36607.98047210638,36474.13031677691,729.1425648806285,133.85015532947295,0.379273263178708,0.019528622067595383,0.019528622067595387,0.019528622067595383,0.003656310826309053,133.85015532947295,-155797251.42019448,-0.015614979775111405,4.978202618648662,1.2746189059291477,0.0,0.0,14196182060380.984,-5.609469664201438,0.003656310826309239,0.003656310826309239,1335479558912.7942,7274963473403.685,279801188353490.78,49669631095.807335,-0.07052550723532736,0.3333655928673001,-0.1521852530102721,0.003656310826309053,84116622180803.55,365253290093207.06,372528253566610.8,363917810534294.3,28043.43374074167,49669631095.807335,1.0,114.41102663695727,2.784069113697369e-07,2.784069113697369e-07,0.05214257969954761,8430.696576035238,114.41102663695727
2066.0,1329.9018790859168,10002545785.939575,539.0400843730642,0.0001619861528865637,2.0695322483169036,0.23104736336220355,713400583264606.6,0.4979239131305081,0.4979239131305081,4782318175573.002,2.39704575626691,38000.25170345256,37243.256786516446,37103.06226308714,756.9949169361151,140.19452342931376,0.3856510265113875,0.01992078691592818,0.01992078691592818,0.019920786915928176,0.0037642928015916644,140.19452342931376,-154619789.2383407,-0.015458043636819675,4.94757963878279,1.2719640941133588,0.0,0.0,14407412673740.016,-5.580310165127724,0.00376429280159174,0.00376429280159174,1402302139539.6895,7571876316377.018,285377608084895.25,49488391866.50725,-0.07029715310385953,0.33412361629115317,-0.15320702666183647,0.0037642928015916644,85747471000200.69,372527381224635.56,380099257541012.56,371125079085095.94,28530.49755453718,49488391866.50725,1.0,117.36328267672532,2.709037141682685e-07,2.709037141682685e-07,0.052083005372611346,8572.564708549957,117.36328267672532
2067.0,1346.3750624529548,10026954469.564756,538.4001410102345,0.0001602986655823095,2.0805016306293154,0.23095780368434732,727807995938346.6,0.4966613854777485,0.4966613854777485,4831806567439.509,2.420644823264814,38674.11577028746,37888.45263385647,37741.65480588902,785.6631364309987,146.79782796745366,0.39207828607740136,0.020314960556502438,0.020314960556502438,0.020314960556502438,0.00387447408808344,146.79782796745366,-153445857.96379614,-0.015303336464681964,4.916615115340848,1.2693148118136819,0.0,0.0,14621452245414.61,-5.551404972851689,0.0038744740880835016,0.0038744740880835016,1471935137260.6577,7877808497409.068,291031602505429.75,49298675905.89656,-0.07005669781553225,0.33482364469904285,-0.15420884351152628,0.00387447408808344,87402251839249.28,379905789481939.7,387783597979348.7,378433854344679.06,29024.925104508096,49298675905.89656,1.0,120.36539090972305,2.6362390916929634e-07,2.6362390916929634e-07,0.05202194135943672,8716.72970138092,120.36539090972305
2068.0,1363.0271442414892,10050667118.75277,537.7682503046077,0.00015864226487614767,2.0913709786713293,0.23087398034649542,742429448183761.2,0.4954121449546964,0.4954121449546964,4881105243345.405,2.4441273197175186,39358.86760856657,38543.70530581721,38390.03968179704,815.1623027493595,153.6656240201688,0.39855190371357124,0.020711020216748737,0.02071102021674874,0.02071102021674874,0.003986789095675678,153.6656240201688,-152275873.61812592,-0.015150822509483578,4.885312616187472,1.2666710475130867,0.0,0.0,14838743762739.5,-5.5227723961392226,0.003986789095675736,0.003986789095675736,1544442034622.1362,8192924952689.777,296763820936335.94,49100650876.34349,-0.0698042093978547,0.3354655795527219,-0.15519046728078692,0.003986789095675678,89081688581115.62,387389951552073.7,395582876504763.5,385845509517451.56,29526.77841480065,49100650876.34349,1.0,123.41586136680269,2.5656057648288235e-07,2.5656057648288235e-07,0.05195966824175513,8863.26126699639,123.41586136680269
2069.0,1379.8597569171493,10073701876.521624,537.1429309534897,0.0001570162402128489,2.1021352415311285,0.2307967406329925,757268191946500.8,0.4941760517245605,0.4941760517245605,4930205894221.749,2.4674892932934207,40054.667887228556,39209.160258223186,39048.35719012533,845.5076290053692,160.8030680978554,0.40506839631891967,0.021108841331198745,0.021108841331198745,0.021108841331198742,0.004101160724658233,160.8030680978554,-151110217.90862855,-0.015000465544926947,4.853679735798461,1.2640327897185313,0.0,0.0,15059734996394.125,-5.494431148686918,0.0041011607246583814,0.0041011607246583814,1619882168847.8003,8517391788924.736,302574954910208.0,48894522662.547935,-0.06953983098209364,0.3360493591057183,-0.15615167285762277,0.004101160724658233,90786554191044.22,394981391270100.0,403498783059024.7,393361509101252.2,30036.123623571526,48894522662.547935,1.0,126.51302541914201,2.4970695129039596e-07,2.4970695129039596e-07,0.051897112610607365,9012.233566553803,126.51302541914201
2070.0,1396.8745444205238,10096076517.212223,536.5229987783903,0.00015541990027329242,2.1127912552985086,0.23072658280145297,772327926942894.9,0.49295296742222383,0.49295296742222383,4979100416884.297,2.490726854941018,40761.68559526679,39884.971107899735,39716.75505223219,876.7144873670603,168.21605566754874,0.41162507228750317,0.02150829816195981,0.02150829816195981,0.02150829816195981,0.004217529836300455,168.21605566754874,-149949208.75375244,-0.014852225862008139,4.821718767728855,1.2614000269609105,0.0,0.0,15284736491605.594,-5.466393189100317,0.0042175298363006375,0.0042175298363006375,1698322169443.203,8851376548206.33,308465868836816.25,48680441623.46875,-0.06926377133161825,0.3365749651333283,-0.15709224817307477,0.004217529836300455,92517529185895.08,402681720192154.5,411533096740360.75,400983398022711.3,30553.043879068315,48680441623.46875,1.0,129.65559284225316,2.4305627599090265e-07,2.4305627599090265e-07,0.051846891930507955,9163.711173163876,129.65559284225316
2071.0,1414.073162214569,10117808447.224546,535.9075070968607,0.00015385257237929026,2.123371764975463,0.23065747353052363,787612663434500.5,0.4917427551387557,0.4917427551387557,5027780858507.766,2.5138362070927096,41480.09582644772,40571.29744070213,40395.36361578561,908.7983857455898,175.93382491652193,0.4182406131918079,0.02190926437460493,0.02190926437460493,0.02190926437460493,0.004336411108707131,175.93382491652193,-148792551.39970064,-0.014706005967183189,4.789256799063338,1.2587727477950084,0.0,0.0,15511338121285.828,-5.438536073071188,0.004336411108707305,0.004336411108707305,1780064739892.91,9195047984120.76,314439946755766.9,48456782897.49063,-0.06897624062923782,0.33704241044349864,-0.15801199117411402,0.004336411108707131,94272604464735.89,410492615960395.6,419687663944516.44,408712551220502.75,31077.871101821664,48456782897.49063,1.0,132.85312210616,2.3659919115381826e-07,2.3659919115381826e-07,0.05179908150187895,9317.492513963945,132.85312210616
2072.0,1431.4572773319433,10138914706.294422,535.2956990608017,0.0001523136019189705,2.133887416359902,0.23058773325316106,803124001555786.4,0.49054527940608617,0.49054527940608617,5076237641405.256,2.536813643533208,42210.036863730995,41268.26285048367,41084.28865513845,941.7740132473265,183.97419534521742,0.4249213366986109,0.02231161314281027,0.02231161314281027,0.02231161314281027,0.0044580067741586855,183.97419534521742,-147640416.74292946,-0.014561757448385634,4.756215888089699,1.2561509407994476,0.0,0.0,15738942830826.484,-5.410820369592144,0.0044580067741587515,0.0044580067741587515,1865298674764.3079,9548566392919.236,320498755456823.2,48222867214.063835,-0.06867633323006474,0.33745137763900396,-0.15891061723158414,0.0044580067741586855,96051342986405.11,418415397117992.6,427963963510911.9,416550098443228.3,31610.755661831514,48222867214.063835,1.0,136.10917962584,2.3032903833817338e-07,2.3032903833817338e-07,0.05174819231913874,9473.532993306937,136.10917962584
2073.0,1449.0285684222117,10159411969.267029,534.6869695597493,0.00015080235179193953,2.1443343698140294,0.23051839899027407,818862944386612.9,0.48936040618184234,0.48936040618184234,5124460508619.319,2.559655059871243,42951.63912220109,41975.98368126754,41783.63759780036,975.6554409335505,192.34608346717678,0.4316648946585902,0.022715208566493287,0.022715208566493287,0.022715208566493287,0.004582288885180178,192.34608346717678,-146493217.88865522,-0.014419458363516314,4.722588199808719,1.2535345945766383,0.0,0.0,15968117698976.14,-5.383261118142683,0.004582288885180419,0.004582288885180419,1954123102618.0708,9912085564500.814,326642775792971.44,47978719083.05593,-0.06836312035337588,0.33780142030894134,-0.1597878092552193,0.004582288885180178,97854412137637.45,426451311033226.94,436363396597727.75,424497187930608.9,32151.740354765603,47978719083.05593,1.0,139.4229828210745,2.2424059713784913e-07,2.2424059713784913e-07,0.05169464804653123,9631.89724303476,139.4229828210745
2074.0,1466.7887257989837,10179316548.325655,534.0808347695987,0.00014931820187347462,2.154708785700047,0.23045050776277157,834831062085589.0,0.4881880028343438,0.4881880028343438,5172439227702.375,2.582355946490416,43705.043530215786,42694.58706412561,42493.52881021497,1010.4564660901731,201.0582539106411,0.43846872337392534,0.023119905266576087,0.023119905266576087,0.023119905266576087,0.004709221185548871,201.0582539106411,-145351328.45125312,-0.014279085217677137,4.6883691535191865,1.2509236977527312,0.0,0.0,16199431846616.516,-5.355873494163443,0.004709221185548951,0.004709221185548951,2046635611210.0503,10285756226634.36,332872542959398.8,47724393709.0774,-0.06803610308438429,0.3380921095049292,-0.1606432546946346,0.004709221185548871,99682538055175.42,434601716625784.25,444887472852418.6,432555081014574.25,32700.87351926897,47724393709.0774,1.0,142.79361409690907,2.183286915609293e-07,2.183286915609293e-07,0.0516388348223602,9792.655290946002,142.79361409690907
2075.0,1484.7394514869222,10198644395.636581,533.4769078124336,0.00014786054849702987,2.1650068243801583,0.23038509659156228,851030493932205.5,0.4870279381277564,0.4870279381277564,5220163621411.452,2.604911579926257,44470.40147985047,43424.210756758956,43214.09147730567,1046.190723091517,210.1192794532832,0.44533004796956555,0.02352555156412397,0.023525551564123965,0.023525551564123965,0.0048387587429111365,210.1192794532832,-144215085.67799634,-0.01414061321127127,4.653557307926836,1.2483182389775662,0.0,0.0,16433457287812.062,-5.328672777809349,0.004838758742911287,0.004838758742911287,2142931811811.4236,10669727154824.281,339188645176517.44,47459976158.26169,-0.06769503986243,0.3383230394836781,-0.16147664709180617,0.0048387587429111365,101536506681032.62,442868083669361.5,453537810824185.75,440725151857550.06,33258.208838189996,47459976158.26169,1.0,146.2200150874133,2.12588206536015e-07,2.12588206536015e-07,0.051581105891172596,9955.882639115676,146.2200150874133
2076.0,1502.8824592686635,10217411106.373217,532.8748793010624,0.00014642880395436777,2.1752246462165665,0.23032320249755514,867463951220017.5,0.48588008220740175,0.48588008220740175,5267623597569.714,2.627317137118792,45247.8747998241,44165.00304742266,43945.465549431494,1082.8717524014446,219.5374979911665,0.452245885460116,0.023931991440306354,0.02393199144030636,0.023931991440306367,0.004970847568049202,219.5374979911665,-143084793.25967944,-0.014004016454856045,4.6181542680588485,1.2457182069246233,0.0,0.0,16670769861238.719,-5.301674329615645,0.00497084756804933,0.00497084756804933,2243104870240.3325,11064145869764.348,345591722796262.5,47185580709.409355,-0.06733985042491011,0.33849383311978626,-0.1622876875741648,0.004970847568049202,103417164983240.47,451251992649743.25,462316138519507.56,449008887779502.94,33823.80518884045,47185580709.409355,1.0,149.70098096724382,2.0701410133550641e-07,2.0701410133550641e-07,0.051521785200227654,10121.660360591044,149.70098096724382
2077.0,1521.2194747316307,10235631922.084724,532.2745017879695,0.00014502239601265585,2.1853584115714733,0.23026586250165895,884134721081256.2,0.48474430658522183,0.48474430658522183,5314809178279.123,2.6495677666660225,46037.635751575326,44917.12270495915,44687.80173848697,1120.5130466161747,229.32096647217708,0.45921304681005265,0.024339065816989375,0.024339065816989375,0.02433906581698937,0.005105424227159113,229.32096647217708,-141960723.88591927,-0.013869268157212677,4.582164611222822,1.2431235902909745,0.0,0.0,16911950198306.516,-5.274893571403184,0.005105424227159205,0.005105424227159205,2347245004825.9365,11469159109056.928,352082467695818.3,46901350366.87926,-0.0669705622061174,0.33860414703541075,-0.16307608629852033,0.005105424227159113,105325422306432.14,459755135007076.44,471224294116133.4,457407890002250.44,34397.726527871135,46901350366.87926,1.0,153.2351548578381,2.0160142047059432e-07,2.0160142047059432e-07,0.05146117032117936,10290.075210615836,153.2351548578381
2078.0,1539.7522353147208,10253321734.376486,531.6755773351277,0.00014364076744789584,2.195404280807083,0.23021411362478264,901046671279562.8,0.4836204841253965,0.4836204841253965,5361710528646.002,2.671658636030373,46839.867048374166,45680.73896398505,45441.261552154014,1159.128084389114,239.47741183103676,0.46622813823419085,0.02474661346053816,0.02474661346053816,0.02474661346053816,0.0052424154526011955,239.47741183103676,-140843121.58407873,-0.01373634079108935,4.545595829578004,1.2405343777972333,0.0,0.0,17157584705073.781,-5.248345971213408,0.005242415452601401,0.005242415452601401,2455438951619.398,11884913180593.084,358661622877157.25,46607456515.103264,-0.06658728034809935,0.33865367648756806,-0.16384156385474916,0.0052424154526011955,107262251833030.05,468379313661806.75,480264226842399.8,465923874710187.3,34980.041801932966,46607456515.103264,1.0,156.82102235665383,1.963453024721065e-07,1.963453024721065e-07,0.051399534905973265,10461.219750221051,156.82102235665383
2079.0,1558.4824903548815,10270495088.871637,531.0779475783606,0.0001422833755940779,2.2053584142855973,0.23016899288783488,918204255984636.5,0.4825084890301118,0.4825084890301118,5408317985161.105,2.6935849652408383,47654.76189692624,46456.031538441675,46206.01735946791,1198.730358484568,250.014178973764,0.4732875619439319,0.02515447167855615,0.02515447167855615,0.02515447167855615,0.005381737757063493,250.014178973764,-139732203.86977,-0.013605206239879677,4.508458287193365,1.237950558187506,0.0,0.0,17408266546713.203,-5.222047031375729,0.0053817377570636316,0.0053817377570636316,2567769397298.318,12311554259697.092,365329982221555.9,46304098697.00209,-0.06619017087624239,0.33864216004859365,-0.16458385263703798,0.005381737757063493,109228692145176.86,477126443764031.1,489437998023728.2,474558674366732.75,35570.82487848136,46304098697.00209,1.0,160.45690621941847,1.9124098688163127e-07,1.9124098688163127e-07,0.05133713080049218,10635.192480986543,160.45690621941847
2080.0,1577.4120011335974,10287166189.424896,530.4814857856363,0.00014094969190747678,2.2152169723692205,0.2301315373117247,935612522531349.8,0.481408196825479,0.481408196825479,5454622083858.107,2.715342052970759,48482.524060699034,47243.19065910726,46982.252483233686,1239.3334015917749,260.9381758735781,0.48038751651111333,0.025562476904877257,0.025562476904877257,0.025562476904877257,0.005523297055790112,260.9381758735781,-138628163.7303031,-0.01347583592776128,4.470765189740789,1.2353721202293442,0.0,0.0,17664596629779.484,-5.196012279028714,0.005523297055790244,0.005523297055790244,2684314380376.8794,12749228666279.854,372088390365630.94,45991504500.75923,-0.0657794512430278,0.33856938411069787,-0.16530269818947246,0.005523297055790112,111225848882914.47,485998553628922.3,498747782295202.1,483314239248545.44,36170.15449289952,45991504500.75923,1.0,164.14096122687732,1.8628381971672646e-07,1.8628381971672646e-07,0.051274189891076016,10812.097990334163,164.14096122687732
2081.0,1596.5425409232123,10303348902.561583,529.8860905091425,0.00013963920154553075,2.2249761154201546,0.23010278391736078,953277119161129.2,0.4803194843476007,0.4803194843476007,5500613588358.866,2.736925298283807,49323.367944082864,48042.41713204045,47770.161316183214,1280.9508120424102,272.2558158572354,0.48752399699380317,0.025970465226433932,0.025970465226433932,0.025970465226433932,0.005666988301378836,272.2558158572354,-137531171.4583284,-0.01334820093534209,4.432532565210675,1.232799052713693,0.0,0.0,17927184581063.125,-5.170257258573462,0.005666988301379017,0.005666988301379017,2805146661528.655,13198083143492.535,378937742675110.0,45669929541.33189,-0.06535538502022231,0.33843518724153526,-0.1659978605318806,0.005666988301378836,113254896497176.06,494997785833814.75,508195868977307.3,492192639172286.06,36778.114209148036,45669929541.33189,1.0,167.87116926897048,1.8146925763055976e-07,1.8146925763055976e-07,0.05121092573193775,10992.047107035172,167.87116926897048
2082.0,1615.8758950331644,10319056762.116539,529.2916805112917,0.0001383514029597666,2.2346320038006025,0.23008376972565214,971204303742192.4,0.47924222972878483,0.47924222972878483,5546283517900.198,2.7583302199032627,50177.51869645439,48853.92241572544,48569.94945854491,1323.5962807289486,283.9729571805363,0.49469279494603446,0.026378272882243495,0.02637827288224349,0.02637827288224349,0.005812695135593229,283.9729571805363,-136441376.35019508,-0.013222272102533683,4.39377925424322,1.2302313444548452,0.0,0.0,18196649723723.844,-5.144797525653164,0.00581269513559346,0.00581269513559346,2930333064052.0435,13658265150968.357,385878985297913.25,45339657524.74586,-0.06491827894793947,0.3382394644141869,-0.16666911547106958,0.005812695135593229,115317080097943.11,504126398459908.4,517784663610876.75,501196065395856.4,37394.7923917385,45339657524.74586,1.0,171.64533468076638,1.767928709532877e-07,1.767928709532877e-07,0.05115020004127935,11175.157066806409,171.64533468076638
2083.0,1635.4138608560895,10334302974.049217,528.6981907090035,0.00013708580750225458,2.2441882954678976,0.23007410088001673,989400953465916.2,0.47817631238390274,0.47817631238390274,5591623175424.944,2.7795524740596815,51045.212335192184,49677.92871515067,49381.825568447486,1367.2836200415068,296.10314670318235,0.5018949137853187,0.026785736751629843,0.026785736751629846,0.026785736751629853,0.0059604567734901845,296.10314670318235,-135358793.8865202,-0.01309800905067558,4.354479567190568,1.2276689842903912,0.0,0.0,18472872086721.906,-5.119620504559589,0.00596045677349033,0.00596045677349033,3060019629600.029,14129923180963.723,392913779402673.06,45000511141.65403,-0.06446848134093792,0.3379821711318729,-0.16731625590191962,0.0059604567734901845,117412967433313.53,513386766465586.6,527516689646550.4,510326746835986.56,38020.34645097311,45000511141.65403,1.0,175.4641090258138,1.7224990905769391e-07,1.7224990905769391e-07,0.05110529305930411,11361.479117474377,175.4641090258138
2084.0,1655.158247913771,10349100421.412788,528.1055689319037,0.0001358419390450992,2.2536844289154647,0.23006616780351344,1007873825552638.1,0.477121612996891,0.477121612996891,5636623686566.599,2.8005878715254044,51926.684295004685,50514.657814844344,50205.95590091861,1412.0264801603369,308.7019139257346,0.5091576825068242,0.02719269484141072,0.027192694841410722,0.02719269484141072,0.006111135406622883,308.7019139257346,-134282867.37728548,-0.012975317844964354,4.314375469625145,1.2251119610811707,0.0,0.0,18751887596286.08,-5.09457931869921,0.006111135406623003,0.006111135406623003,3194787107499.754,14613203840873.36,400047209220078.8,44649904990.83059,-0.06400607355812446,0.33766322814868116,-0.16793906761264346,0.006111135406622883,119539270151549.9,522781266479128.4,537394470320001.8,519586479371628.7,38655.264025882076,44649904990.83059,1.0,179.3429994524446,1.6783369140936516e-07,1.6783369140936516e-07,0.05106248994768836,11550.691875036537,179.3429994524446
2085.0,1675.1108779029994,10363461669.456585,527.5137733311077,0.00013461933361249014,2.2631235323408596,0.23005869943745422,1026625713148924.2,0.476078013507396,0.476078013507396,5681273591557.43,2.821432259389897,52822.110147777326,51364.27356755015,51042.485160477576,1457.8365802271737,321.78840707257984,0.5164830585156267,0.027598984140328166,0.027598984140328166,0.027598984140328162,0.006264829320507953,321.78840707257984,-133213631.23624635,-0.012854163549314453,4.2734224236767515,1.222560263711225,0.0,0.0,19033152177067.984,-5.0696633121247965,0.006264829320508092,0.006264829320508092,3334841822372.1733,15108233519515.984,407281114982455.44,44287449485.17027,-0.0635294744363018,0.3372820335989196,-0.1685372038963286,0.006264829320507953,121695723491960.4,532311680296788.06,547419913816304.0,528976838474415.9,39299.71740840255,44287449485.17027,1.0,183.28356868454418,1.6354007019579612e-07,1.6354007019579612e-07,0.0510192201460089,11742.767752075028,183.28356868454418
2086.0,1695.2735847412569,10377398970.842588,526.9227703080184,0.00013341753902485707,2.272501804468403,0.2300517063660671,1045658865325992.2,0.4750453970975581,0.4750453970975581,5725561041042.6,2.8420807924489053,53731.65876191387,52226.934481924945,51891.560450842764,1504.7242799889332,335.3740310821792,0.5238678829617814,0.028004426341207863,0.028004426341207863,0.028004426341207863,0.006421476473949428,335.3740310821792,-132151220.98375756,-0.012734522528724517,4.231620165966553,1.2200138810877466,0.0,0.0,19316825299987.453,-5.044887845170846,0.006421476473949528,0.006421476473949528,3480310124999.5366,15615124194559.01,414616714185405.0,43913210755.29805,-0.06303756332342803,0.33683792336611773,-0.1691103013162519,0.006421476473949428,123882711832586.69,541979736142991.25,557594860337550.2,538499426017991.7,39953.81842312846,43913210755.29805,1.0,187.28448645632554,1.5936544544838748e-07,1.5936544544838748e-07,0.05097562806200906,11937.7420277143,187.28448645632554
2087.0,1715.648214612303,10390924270.958014,526.3325328587852,0.00013223611455469043,2.2818154440224188,0.23004519917358007,1064975690625979.8,0.47402364817893566,0.47402364817893566,5769474251797.897,2.862528140267185,54655.50320233696,53102.80422045601,52753.33441454145,1552.6989818809473,349.4698059145606,0.5313088111770223,0.028408831515699177,0.028408831515699173,0.028408831515699173,0.006581004733078474,349.4698059145606,-131095756.43773781,-0.012616371077223831,4.1889708047293075,1.2174728021410341,0.0,0.0,19603064807873.406,-5.02026828930826,0.006581004733078544,0.006581004733078544,3631314288244.594,16133977536318.531,422055269071552.0,43527278405.19628,-0.06252976123146989,0.3363302653350064,-0.16965800362092634,0.006581004733078474,126100633870471.4,551787217230268.0,567921194766586.5,548155902942023.44,40617.68309207779,43527278405.19628,1.0,191.34426236019647,1.5530630752018377e-07,1.5530630752018377e-07,0.050931843036120084,12135.651322463664,191.34426236019647
2088.0,1736.2366260115843,10404049213.30725,525.7430392510028,0.00013107463059360594,2.291060649727227,0.23003918844422114,1084578755433853.1,0.4730126523795661,0.4730126523795661,5813001530203.094,2.8827687280636853,55593.82070236215,53992.051392658905,53627.96509563448,1601.769309703245,364.0862970244284,0.5388023099352495,0.02881200265545315,0.02881200265545315,0.028812002655453157,0.006743331428113358,364.0862970244284,-130047342.97754735,-0.012499685488916269,4.145478877318195,1.214937015824441,0.0,0.0,19892026825059.28,-4.995820021338361,0.006743331428113453,0.006743331428113453,3787971752132.9536,16664886726517.742,429598085696059.94,43129766252.344185,-0.06200580389475964,0.33575846326147085,-0.17017996289312534,0.006743331428113358,128349902368444.6,561735959816637.44,578400846543155.2,557947988064504.5,41291.431527119705,43129766252.344185,1.0,195.46124006012286,1.5135923826405894e-07,1.5135923826405894e-07,0.05088798278630535,12336.533568514773,195.46124006012286
2089.0,1757.040689791527,10416785144.96769,525.1542719659785,0.0001299326683302502,2.3002336203071505,0.23003368476221825,1104470782258912.4,0.4720122965311636,0.4720122965311636,5856131296455.4375,2.9027968762322773,56546.79263591167,54894.849429274815,54515.61588757207,1651.9432066368522,379.2335417027441,0.5463446548375724,0.029213738386069634,0.02921373838606963,0.02921373838606963,0.006908362909189492,379.2335417027441,-129006072.6191417,-0.012384442111822193,4.101151411595039,1.2124065111143303,0.0,0.0,20183865872919.86,-4.971558419777401,0.006908362909189725,0.006908362909189725,3950394323682.6294,17207937455225.053,437246513647614.25,42720813101.56647,-0.06146561656192427,0.33512196068450173,-0.170675840725645,0.006908362909189492,130630944098811.12,571827852070108.0,589035789525333.0,567877457746425.4,41975.18788787215,42720813101.56647,1.0,199.63359164319553,1.47520911308213e-07,1.47520911308213e-07,0.050844155586546425,12540.42799969993,199.63359164319553
2090.0,1778.0622892066774,10429143122.095034,524.5662168532685,0.00012880981943865668,2.309330554486511,0.23002869871179946,1124654648131832.2,0.4710224686564513,0.4710224686564513,5898852109557.004,2.9226068838936476,57514.60449318085,55811.37650464891,55416.45553331038,1703.2279885319304,394.92097133853434,0.5539319278622813,0.029613834669312056,0.029613834669312056,0.029613834669312063,0.00707599410857818,394.92097133853434,-127972024.96161552,-0.012270617390463825,4.055997991013775,1.209881277010024,0.0,0.0,20478735094203.72,-4.947498862530537,0.007075994108578287,0.007075994108578287,4118687332006.365,17763208461957.54,445001946168722.3,42300583551.212585,-0.060909245146083,0.33442024488581196,-0.17114530942528494,0.00707599410857818,132944199907386.97,582064833408115.6,599828041870073.1,577946146076109.2,42669.080379762694,42300583551.212585,1.0,203.85931214001988,1.4378809172935302e-07,1.4378809172935302e-07,0.0508004617103095,12747.375153547684,203.85931214001988
2091.0,1799.3033199586828,10441133915.464727,523.9788624548866,0.00012770568577667987,2.318347650989631,0.23002424087719267,1145133383226036.0,0.47004305795662676,0.47004305795662676,5941152693108.217,2.942193081626012,58497.44586134714,56741.81548834701,56330.65815867082,1755.6303730001348,411.15732967619766,0.561560015116861,0.03001208594921215,0.030012085949212147,0.030012085949212147,0.007246108115110213,411.15732967619766,-126945268.04040799,-0.012158187900682408,4.0100308230710215,1.2073613025337573,0.0,0.0,20776786531056.5,-4.923656725334987,0.0072461081151103945,0.0072461081151103945,4292948739474.0596,18330771830551.695,452865820527287.7,41869268828.825775,-0.06033681860493495,0.33365285090234975,-0.17158805324644177,0.007246108115110213,135290124853660.1,592448894120421.8,610779665950973.4,588155945380947.8,43373.24127760992,41869268828.825775,1.0,208.1362142460649,1.401576353055973e-07,1.401576353055973e-07,0.050756994437793024,12957.416881060895,208.1362142460649
2092.0,1820.7656902411327,10452768016.037258,523.3921994651328,0.000126619879094148,2.3272811085408307,0.2300203218426259,1165910169757092.5,0.4690739547989594,0.4690739547989594,5983021961937.043,2.9615498673091754,59495.510411051975,57686.35391495842,57258.40332778565,1809.1564960935586,427.95058717276834,0.5692246048265441,0.03040828599661004,0.030408285996610034,0.03040828599661004,0.007418575765832865,427.95058717276834,-125925859.10851778,-0.012047130378796778,3.9632648107306263,1.204846576730631,0.0,0.0,21078171425504.906,-4.900047380667962,0.007418575765832935,0.007418575765832935,4473268210043.877,18910693158372.785,460839618552825.0,41427087652.69105,-0.05974852863359213,0.332819365596214,-0.17200376965554726,0.007418575765832865,137669188401214.14,602982075164083.0,621892768322455.8,598508806954039.1,44087.80696613352,41427087652.69105,1.0,212.46192327755261,1.3662648746440806e-07,1.3662648746440806e-07,0.05071384079563379,13170.596361652139,212.46192327755261
2093.0,1842.4513207842442,10464055640.535887,522.8062202988283,0.00012555202075038968,2.336127125864434,0.2300169521923272,1186988341182597.5,0.46811505070451864,0.46811505070451864,6024449049589.734,2.9806717328061105,60508.995888900434,58645.183965517506,58199.876113924176,1863.811923382929,445.307851593326,0.5769211855917878,0.030802228594324108,0.030802228594324105,0.03080222859432411,0.007593255259548003,445.307851593326,-124913845.35921694,-0.0119374217464329,3.915717626397273,1.2023370886685611,0.0,0.0,21383040524689.547,-4.876686196938073,0.007593255259548126,0.007593255259548126,4659726136240.061,19503031669773.18,468924867285448.8,40974287115.24818,-0.05914461896098035,0.3319194317856204,-0.17239217062738163,0.007593255259548003,140081874642949.3,613666468064638.2,633169499734411.4,609006741928398.1,44812.917992228315,40974287115.24818,1.0,216.83387239685268,1.3319168200247813e-07,1.3319168200247813e-07,0.05067108212487814,13386.958121695863,216.83387239685268
2094.0,1864.3621448993808,10475006737.026377,522.2209187461963,0.00012450174144080194,2.3448819016847624,0.23001414251052452,1208371381707287.0,0.46716623833603105,0.46716623833603105,6065423336704.982,2.9995532857660607,61538.10411595297,59618.502456525894,59155.26718150561,1919.6016594270739,463.2352750202822,0.584645044945354,0.03119370814235795,0.03119370814235795,0.031193708142357956,0.007769991796725784,463.2352750202822,-123909264.59926999,-0.011829039131906572,3.8674097880005136,1.1998328274382353,0.0,0.0,21691544380768.42,-4.853588537849748,0.007769991796725995,0.007769991796725995,4852392626665.723,20107840314905.61,477123139705369.5,40511143584.14713,-0.058525379978166966,0.3309527524396488,-0.1727529839740735,0.007769991796725784,142528682551497.12,624504214883532.4,644612055198438.0,619651822256866.6,45548.71912577062,40511143584.14713,1.0,221.2492981436381,1.2985033963178126e-07,1.2985033963178126e-07,0.05062879453224678,13606.548055734986,221.2492981436381
2095.0,1886.5001085234233,10485630990.489065,521.6362896970044,0.00012346868093214168,2.353541634726137,0.23001190338144584,1230062926088055.5,0.466227411485865,0.466227411485865,6105934480289.13,3.018189268926983,62583.04099203306,60606.510834006855,60124.77287651366,1976.5301580262044,481.73795749319135,0.5923912682382755,0.03158252022744981,0.031582520227449805,0.031582520227449805,0.007948617250258926,481.73795749319135,-122912145.87905927,-0.011721959888779804,3.818364736745324,1.1973337821530623,0.0,0.0,22003833639697.375,-4.830769761871257,0.007948617250259082,0.007948617250259082,5051326456385.511,20725165878635.816,485436055521585.06,40037963616.60739,-0.057891146330450505,0.32991909493856914,-0.17308595470736904,0.007948617250258926,145010126248502.9,635497508226473.5,656222674105109.4,630446181770088.0,46295.35942680963,40037963616.60739,1.0,225.70523630926124,1.265996663920125e-07,1.265996663920125e-07,0.050587049256712424,13829.413449704036,225.70523630926124
2096.0,1908.8671702629629,10495937828.374434,521.0523289200669,0.00012245248780623288,2.3621025237128803,0.23001024538931916,1252066759727753.0,0.4652984650641425,0.4652984650641425,6145972443905.737,3.0365745782383615,63644.016505588545,61609.415170842694,61108.59532330309,2034.601334745846,500.8198475396057,0.6001547378828282,0.031968462181628465,0.03196846218162847,0.03196846218162848,0.008128949871555087,500.8198475396057,-121922510.08446656,-0.011616161612053814,3.7686089160834557,1.1948399419491262,0.0,0.0,22320059315464.875,-4.808245221761538,0.008128949871555324,0.008128949871555324,5256573982991.664,21355049115020.04,493865282004441.7,39555084882.66952,-0.05724229615906251,0.32881829540061264,-0.1733908464345215,0.008128949871555087,147526735288240.2,646648591275673.5,668003640390693.6,641392017292681.9,47052.99231759355,39555084882.66952,1.0,230.198518192892,1.234369519606121e-07,1.234369519606121e-07,0.05054591297061717,14055.603005709545,230.198518192892
2097.0,1931.4653014383434,10505936426.134096,520.4690328869968,0.00012145281921179507,2.370560767369314,0.23000917911837243,1274386819043218.0,0.4643792950869753,0.4643792950869753,6185527528788.407,3.054704280538984,64721.24474879982,62627.42616611329,62106.94252620919,2093.8185826865306,520.4836399041001,0.6079301329796138,0.03235133364343025,0.03235133364343025,0.03235133364343024,0.0083107940365227,520.4836399041001,-120940370.49439606,-0.011511622152362375,3.718171851459534,1.1923512959851383,0.0,0.0,22640373047659.125,-4.786030264125221,0.008310794036522906,0.008310794036522906,5468168031675.347,21997524917562.887,502412534849936.94,39062877092.87517,-0.05657925126196958,0.32765026307513406,-0.17366744278791782,0.0083107940365227,150079054951980.9,657959757833593.2,679957282751156.1,652491589801917.9,47821.77565820388,39062877092.87517,1.0,234.72576727890086,1.2035956788537412e-07,1.2035956788537412e-07,0.05050544802713608,14285.166868005312,234.72576727890086
2098.0,1954.2964861275175,10515635712.719784,519.8863986313299,0.00012046934062410955,2.37891256441976,0.2300087151528337,1297027192090877.0,0.46346979866482535,0.46346979866482535,6224590405881.282,3.0725736311982916,65814.9439375985,63660.75914541242,63120.02847458076,2154.184792186073,540.7306708316603,0.615711929354997,0.03273093712924124,0.03273093712924124,0.03273093712924124,0.008493940036067366,540.7306708316603,-119965733.30719668,-0.011408319628463861,3.6670862303846454,1.1898678334423909,0.0,0.0,22964927340920.42,-4.7641402289747194,0.008493940036067626,0.008493940036067626,5686126753160.333,22652622532509.715,511079579065183.0,38561742925.85574,-0.055902477766431535,0.32641498480120773,-0.17391554888832658,0.008493940036067366,152667646550008.12,669433352368351.4,692085974900861.1,663747225615191.1,48601.87182473216,38561742925.85574,1.0,239.28339637578605,1.1736496576016572e-07,1.1736496576016572e-07,0.0504606627337858,14518.156649848597,239.28339637578605
2099.0,1977.3627212097454,10525044376.0436,519.3044236359176,0.00011950172561224961,2.38717438581083,0.2300108204992415,1319992119431797.5,0.4625698739909878,0.4625698739909878,6263152148807.138,3.0901780919481867,66925.33643624613,64709.63406126642,64148.03065249613,2215.7023749797104,561.6034087702903,0.6235125901708191,0.033107078618729316,0.033107078618729316,0.033107078618729316,0.008678822201939359,561.6034087702903,-118998788.82765235,-0.011306250555913038,3.615213311943244,1.1873895435247095,0.0,0.0,23295093562759.062,-4.742514265151702,0.008678822201939496,0.008678822201939496,5910900799044.659,23320365820766.65,519866563747388.06,38050280537.0662,-0.05521248708489764,0.32511252952980796,-0.174134992841416,0.008678822201939359,155294305505938.8,681071770052371.5,704392135873138.1,675160869253326.9,49393.289488705,38050280537.0662,1.0,243.87898890137413,1.1445122556487296e-07,1.1445122556487296e-07,0.05040480946588222,14754.741163791128,243.87898890137413
2100.0,2000.666016409107,10534170868.393435,518.7231057429201,0.00011854965561361307,2.3953931670650275,0.23002016646106374,1343287212994556.5,0.4616794203301947,0.4616794203301947,6301202429344.204,3.1075133490303064,68052.66729437065,65774.29338146871,65191.077482533954,2278.373912901944,583.2158989347614,0.6313729676087462,0.03347956815633018,0.03347956815633018,0.03347956815633018,0.008866927624023354,583.2158989347614,-118039969.9134512,-0.01120543528182332,3.5621379320552164,1.1849164154584066,0.0,0.0,23633936032002.28,-4.720976989850267,0.008866927624023413,0.008866927624023413,6143695932542.453,24000780100599.22,528771291964230.44,37524169633.05529,-0.05450868066234743,0.32374267970876786,-0.1743255314855777,0.008866927624023354,157962657331457.94,692877645228230.8,716878425328830.0,686733949295688.4,50195.81498822539,37524169633.05529,1.0,248.53821050996186,1.1161717188618602e-07,1.1161717188618602e-07,0.0503514941688632,14995.262494308565,248.53821050996186
2101.0,2024.2083943378414,10543023411.79797,518.1424430818618,0.00011761281971550375,2.4035667910868534,0.23003646453043644,1366921149026558.8,0.4607983380073391,0.4607983380073391,6338726598977.26,3.1245748251766567,69197.2299002673,66855.02756614398,66249.44061240934,2342.2023341233153,605.5869537346467,0.6392908876446237,0.03384820949478886,0.03384820949478886,0.03384820949478886,0.009058211114123027,605.5869537346467,-117089185.8866988,-0.011105845193862736,3.5078552736630777,1.182448438492234,0.0,0.0,23981317237047.844,-4.6995373341450035,0.009058211114123305,0.009058211114123305,6384717431103.795,24693894043829.965,537795971255447.1,36983400275.4288,-0.05378800957200444,0.32230434685172515,-0.17448669907409192,0.009058211114123027,160673432139703.72,704854120826254.6,729548014870084.6,698469403395150.9,51009.65351681158,36983400275.4288,1.0,253.26010995276675,1.0886017669458754e-07,1.0886017669458754e-07,0.05030125148254827,15239.787095597756,253.26010995276675
2102.0,2047.9918905395007,10551610003.336288,517.562434012125,0.0001166909144435194,2.411690647027269,0.23005918030136455,1390902466263606.5,0.4599265283963177,0.4599265283963177,6375709999252.688,3.141356608253145,70359.31724776502,67952.12963895066,67323.40025420637,2407.1876088143517,628.7293847442958,0.6472617420396443,0.03421277668652785,0.03421277668652785,0.03421277668652785,0.009252533924763169,628.7293847442958,-116146325.12552705,-0.01100745053018478,3.452383936847623,1.1799856018973365,0.0,0.0,24336953923524.72,-4.6782136252527415,0.009252533924763329,0.009252533924763329,6634107265459.381,25399704853072.676,546943063031011.4,36428208883.398895,-0.05304877915649216,0.32079647090199453,-0.17461803413506768,0.009252533924763169,163427200549885.38,717004370846356.1,742404075699428.9,710370263580896.8,51835.03397662297,36428208883.398895,1.0,258.0421471840586,1.0617765958479456e-07,1.0617765958479456e-07,0.05025392923143346,15488.366277583395,258.0421471840586
2103.0,2072.0185535319274,10559938420.387594,516.983077076983,0.00011578364355651152,2.4197601240372375,0.23008777936785318,1415239420187131.2,0.4590638939089908,0.4590638939089908,6412138208136.087,3.157852054823106,71539.21977211002,69065.89242228857,68413.23752194263,2473.327349821447,652.6549003459379,0.6552806942789751,0.03457302662372183,0.03457302662372183,0.03457302662372183,0.00944974252059786,652.6549003459379,-115211281.12852818,-0.010910222819679988,3.3957449261184682,1.1775278949672054,0.0,0.0,24700575605869.812,-4.657024203231348,0.009449742520597937,0.009449742520597937,6891995557417.307,26118184507574.926,556215057746481.2,35858857311.15465,-0.05229019967199828,0.3192180694479261,-0.17471909226268523,0.00944974252059786,166224517624582.94,729331570928481.5,755449755436056.5,722439575371064.1,52672.18762115336,35858857311.15465,1.0,262.8815604446984,1.0356715777022312e-07,1.0356715777022312e-07,0.05020938049565182,15741.04990078927,262.8815604446984
2104.0,2096.2904448500367,10568016225.817007,516.4043709668598,0.00011489071784789216,2.4277706112677198,0.23012172732390737,1439939995793001.0,0.4582103379842588,0.4582103379842588,6447997065447.241,3.1740541919500243,72737.2255941885,70196.60831074991,69519.23433965274,2540.6172834385816,677.3739710971666,0.6633426761853004,0.034928707586580954,0.03492870758658095,0.03492870758658095,0.00964966808793002,677.3739710971666,-114283952.24059507,-0.010814134819494928,3.337961853843667,1.1750753070176323,0.0,0.0,25071922296093.78,-4.635987412947013,0.009649668087930219,0.009649668087930219,7158499117500.957,26849284674970.055,565614474632431.1,35275635032.57809,-0.05151199848787284,0.31756824071431633,-0.17478944726674533,0.00964966808793002,169065921875393.84,741838895625326.0,768688180300296.1,734680396507825.0,53521.348051176356,35275635032.57809,1.0,267.77535963904353,1.0102631922430317e-07,1.0102631922430317e-07,0.05016746738217237,15997.886288476386,267.77535963904353
2105.0,2120.8096390884043,10575850773.09386,515.8263144899605,0.00011401185495307068,2.4357174978696783,0.23016048976353218,1465011918089094.8,0.45736576507725296,0.45736576507725296,6483272700479.819,3.189955945880491,73953.62072639792,71344.56921220981,70641.67352357626,2609.05151418811,702.8956886335535,0.6714423849079658,0.035279564253394326,0.035279564253394326,0.03527956425339433,0.009852126046803026,702.8956886335535,-113364241.2499311,-0.010719160442235278,3.2790611393615263,1.1726278273866613,0.0,0.0,25450742854775.094,-4.615121599639276,0.009852126046803189,0.009852126046803189,7433719912039.509,27592939473368.03,575143862883273.5,34678861285.73863,-0.05071420670833865,0.3158461669136411,-0.17482869242421323,0.009852126046803026,171951934663684.56,754529517458997.6,782122456932365.5,747095797546958.1,54382.751347674406,34678861285.73863,1.0,272.7203200397886,9.855289590619652e-08,9.855289590619652e-08,0.05012806256855162,16258.922175901856,272.7203200397886
2106.0,2145.578223943678,10583449211.33934,515.2489065487974,0.00011314677916281206,2.443596172994075,0.23020353228073265,1490462660943869.8,0.45653008064864065,0.45653008064864065,6517951561765.558,3.2055502754306344,75188.68925033686,72510.06657492122,71780.8389564838,2678.6226754156282,729.2276184374185,0.6795742803179776,0.035625340754342615,0.035625340754342615,0.035625340754342615,0.010056915582665232,729.2276184374185,-112452054.94329733,-0.010625274681038174,3.219072204351522,1.1701854454345437,0.0,0.0,25836793704590.0,-4.594445106450655,0.010056915582665416,0.010056915582665416,7717743463238.362,28349067041603.203,584805803644297.6,34068887182.388508,-0.049897042358746674,0.31405111793887985,-0.17483644182961208,0.010056915582665232,174883059798976.97,767406606906513.0,795755673948116.4,759688863443274.6,55256.63627862681,34068887182.388508,1.0,277.71297636904956,9.614473730598583e-08,9.614473730598583e-08,0.05009104964121258,16524.20267785699,277.71297636904956
2107.0,2170.5983002567696,10590818490.300667,514.6721461214266,0.00011229522124231522,2.451402025791871,0.23025032046951383,1516299454648459.8,0.45570319115404284,0.45570319115404284,6552020448947.946,3.220830253157433,76442.71347239024,73693.39145441703,72937.01580756626,2749.3220179732157,756.3756468507607,0.6877325828395074,0.03596578265064102,0.03596578265064102,0.03596578265064102,0.010263819209876046,756.3756468507607,-111547303.6650384,-0.010532453536730536,3.1580276646960046,1.167748150543692,0.0,0.0,26229837757497.78,-4.573976273010256,0.01026381920987618,0.01026381920987618,8010637186280.164,29117570463741.477,594602912419781.0,33446097784.14348,-0.0490608470244268,0.3121824553812717,-0.17481233184142542,0.010263819209876046,177859783222343.75,780473332828405.0,809590903292146.5,772462695642124.8,56143.24454378413,33446097784.14348,1.0,282.7496173059203,9.379978440918088e-08,9.379978440918088e-08,0.05005632279429806,16793.771263782128,282.7496173059203
2108.0,2195.8719820548695,10597965365.249416,514.0960322464483,0.00011145691825581835,2.4591304454140297,0.23030031992388075,1542529292405957.5,0.45488500403356286,0.45488500403356286,6585466546732.09,3.235789118158918,77715.97406092126,74894.83459407075,74110.49077129718,2821.1394668505145,784.343822773572,0.6959112717488466,0.03630063833001738,0.03630063833001738,0.03630063833001738,0.0104726023767154,784.343822773572,-110649900.90271465,-0.010440673949127458,3.095963518849409,1.1653159321186333,0.0,0.0,26629643469514.125,-4.5537334345640845,0.010472602376715656,0.010472602376715656,8312448668201.643,29898338360219.957,604537841685734.1,32810914144.841743,-0.048206052069061436,0.3102396368571515,-0.17475602262178475,0.0104726023767154,180882572710109.88,793732863064045.6,823631201424265.5,785420414395844.0,57042.821036951624,32810914144.841743,1.0,287.8262804724983,9.151606410994668e-08,9.151606410994668e-08,0.05002378620107084,17067.669734345553,287.8262804724983
2109.0,2221.401396593246,10604896401.80186,513.5205640110195,0.00011063161339654446,2.4667768210115115,0.2303529962378385,1569158935875471.5,0.4540754277014257,0.4540754277014257,6618277460876.932,3.2504203136948386,79008.75016738618,76114.68650447983,75301.55230991651,2894.063662906359,813.1341945633224,0.7041040839719759,0.03662966009176274,0.036629660091762745,0.036629660091762745,0.010683013120148162,813.1341945633224,-109759762.90984245,-0.010349913733357485,3.0329193325885355,1.1628887795859626,0.0,0.0,27035983972556.188,-4.533734921368839,0.010683013120148188,0.010683013120148188,8623203894106.632,30691245325341.156,614613283581424.9,32163795317.123463,-0.04733316121205648,0.30822222062835436,-0.17466719976672046,0.010683013120148162,183951877560103.34,807188365035634.9,837879610360975.9,798565161141528.2,57955.61411396691,32163795317.123463,1.0,292.93874795197746,8.929168406688624e-08,8.929168406688624e-08,0.04999335322860077,17345.9381959496,292.93874795197746
2110.0,2247.188684396834,10611617980.65957,512.9457405412697,0.00010981905582180761,2.4743365417352785,0.23040781500539212,1596194919848027.8,0.45327437153572586,0.45327437153572586,6650441256194.055,3.264717516920372,80321.3195328547,77353.2375332029,76510.49089046834,2968.0819996517926,842.7466427345564,0.7123045134120641,0.036952605073149056,0.036952605073149056,0.03695260507314905,0.010894781777851484,842.7466427345564,-108876808.36963464,-0.010260151521480548,2.968938419915404,1.1604666823942982,0.0,0.0,27448636252948.47,-4.513999058191773,0.010894781777851748,0.010894781777851748,8942905427182.506,31496152315576.977,624831972604632.9,31505240320.245316,-0.04644274214253942,0.3061298705007135,-0.17454557602417992,0.010894781777851484,187068128237751.25,820843006269566.8,852339158585143.8,811900100842384.1,58881.875859405576,31505240320.245316,1.0,298.0825423938284,8.712482797825152e-08,8.712482797825152e-08,0.049964945588115484,17628.615031062767,298.0825423938284
2111.0,2273.2359993016407,10618136302.268772,512.3715609946427,0.00010901900049310712,2.4818049967362934,0.23046424182054667,1623643556100976.2,0.4524817458682835,0.4524817458682835,6681946496514.3,3.278674664758408,81653.95858090147,78610.77791994748,77737.59921080036,3043.180660953996,873.1787091471302,0.7205058108382112,0.03726923610125846,0.03726923610125846,0.03726923610125846,0.01110762076462751,873.1787091471302,-108000958.10016067,-0.010171366709342784,2.904068019805796,1.1580496300142349,0.0,0.0,27867380357525.03,-4.494544163828723,0.011107620764627568,0.011107620764627568,9271530549963.328,32312907050437.9,635196688263796.9,30835790065.35771,-0.045535423113193085,0.303962360985004,-0.17439089309689002,0.01110762076462751,190231735967622.66,834699954781382.8,867012861831820.6,825428424231419.5,59821.862347733724,30835790065.35771,1.0,303.25292376226594,8.50137512463416e-08,8.50137512463416e-08,0.04993849246989068,17915.73686306663,303.25292376226594
2112.0,2299.5455084959044,10624457391.397236,511.7980245537726,0.00010823120802104264,2.4891775751655176,0.23052174227730715,1651510936458501.2,0.45169746197460725,0.45169746197460725,6712782286579.657,3.292285978126095,83006.94249749563,79887.59783427851,78983.17241081207,3119.3446632171167,904.4254234664417,0.7287009843666702,0.03757932251644167,0.03757932251644167,0.03757932251644167,0.011321224420123533,904.4254234664417,-107132134.79959418,-0.010083539408453978,2.838359468431597,1.155637611938298,0.0,0.0,28291998614637.562,-4.475388550591254,0.011321224420123732,0.011321224420123732,9609029375315.611,33141344463432.617,645710257655566.9,30156029233.82041,-0.044611892265020145,0.30171958270435545,-0.1742029235269748,0.011321224420123533,193443092260487.66,848762379291370.1,881903723754802.9,839153349916054.5,60775.83389608273,30156029233.82041,1.0,308.44488678515864,8.295677699884504e-08,8.295677699884504e-08,0.049913929687833924,18207.338514729337,308.44488678515864
2113.0,2326.119392561066,10630587101.627693,511.2251304215895,0.00010745544451488998,2.496449666173914,0.2305797819696787,1679802935073138.8,0.4509214320639626,0.4509214320639626,6742938315813.478,3.305545985728212,84380.54529828654,81183.98739400275,80247.50826622479,3196.557904283793,936.4791277779551,0.7368828005655635,0.03788264099246943,0.03788264099246943,0.03788264099246943,0.011535268934661062,936.4791277779551,-106270262.82938549,-0.009996650402602319,2.7718683664288646,1.1532306176808989,0.0,0.0,28722274860968.438,-4.456550523735834,0.01153526893466117,0.01153526893466117,9955322936699.883,33981287226885.34,656375557944408.6,29466588103.568512,-0.04367289843487804,0.29940154803170616,-0.17398147265904043,0.011535268934661062,196702568368282.28,863033449249390.9,897014736476276.1,853078126312690.9,61744.05530658869,29466588103.568512,1.0,313.6531591612088,8.095229243542679e-08,8.095229243542679e-08,0.04989119884572535,18503.452959636103,313.6531591612088
2114.0,2352.9598455125133,10636531119.76707,510.6528778174075,0.0001066914814366825,2.503616658912443,0.2306378264916663,1708525209934107.2,0.45015356926954475,0.45015356926954475,6772404903917.046,3.318449548073394,85775.03988351034,82500.23666295558,81530.90736261533,3274.803220554759,969.3293003402505,0.7450437862137236,0.03817897636657721,0.03817897636657721,0.03817897636657721,0.01174941235987388,969.3293003402505,-105415268.03287049,-0.009910681108896993,2.704654740732934,1.1508286367782876,0.0,0.0,29157993667035.188,-4.438048380819682,0.011749412359874034,0.011749412359874034,10310301268371.115,34832546366544.117,667195518724858.1,28768144318.031395,-0.04271925275145233,0.2970083969403192,-0.17372638067821308,0.01174941235987388,200010514660445.97,877516334653675.2,912348881020219.4,867206033385304.1,62726.796096608334,28768144318.031395,1.0,318.8722005835912,7.899874546962019e-08,7.899874546962019e-08,0.04987024653020744,18804.111266006992,318.8722005835912
2115.0,2380.0690748400975,10642294970.17093,510.0812659737975,0.00010593909545964932,2.510673942532067,0.23069534143727505,1737683203601142.5,0.449393787638755,0.449393787638755,6801173048235.077,3.3309918820598527,87190.69808060683,83836.63562720965,82833.6732476446,3354.062453397194,1002.9623795650429,0.7531762307438052,0.03846812248591474,0.03846812248591473,0.03846812248591473,0.011963294710737723,1002.9623795650429,-104567077.58675474,-0.009825613542928819,2.636783200454857,1.1484316587885095,0.0,0.0,29598939555390.28,-4.4199004109750835,0.01196329471073787,0.01196329471073787,10673821487315.723,35694921977428.13,678173124248686.1,28061424591.631935,-0.04175183063170991,0.2945404030497378,-0.17343752471936597,0.011963294710737723,203367259915504.56,892214205651506.2,927909127628934.4,881540384164190.6,63724.33071527556,28061424591.631935,1.0,324.0962026382938,7.709464163832567e-08,7.709464163832567e-08,0.04985102353189963,19109.342532369046,324.0962026382938
2116.0,2407.449301548452,10647884018.98283,509.51029413408725,0.00010519806833086623,2.517616906183749,0.23075179240050994,1767282143156532.8,0.4486420021235795,0.4486420021235795,6829234472826.709,3.3431685863045555,88627.79067452217,85193.47414885684,84156.11255943908,3434.316525665328,1037.3615894177601,0.7612721893991087,0.03874988307310464,0.03874988307310463,0.03874988307310464,0.012176538165413928,1037.3615894177601,-103725619.88297208,-0.009741430287750333,2.56832308623024,1.1460396732913576,0.0,0.0,30044896206139.625,-4.402124894097641,0.012176538165414086,0.012176538165414086,11045705889867.996,36568204049760.484,689311415499578.8,27347206345.455635,-0.0407715739592351,0.2919979798488394,-0.17311482104349835,0.012176538165413928,206773110521792.9,907130231911239.6,943698435961000.1,896084526021371.6,64736.93874488945,27347206345.455635,1.0,329.3190896350648,7.523854125358101e-08,7.523854125358101e-08,0.04983348409416832,19419.173814549635,329.3190896350648
2117.0,2435.1027601970404,10653303478.288393,508.9399615503629,0.00010446818673798093,2.5244409390184495,0.2308066449753761,1797327039362672.5,0.44789812857106914,0.44789812857106914,6856581679172.165,3.35497566729277,90086.58742556749,86571.04189655757,85498.53512901999,3515.5455290099144,1072.5067675375803,0.7693234871327416,0.03902407261141481,0.03902407261141481,0.039024072611414815,0.012388747369115674,1072.5067675375803,-102890824.43853554,-0.009658114466393333,2.4993486124302087,1.1436526698883296,0.0,0.0,30495645644751.812,-4.384740099946243,0.012388747369115882,0.012388747369115882,11425740077095.945,37452173412282.53,700613492097532.0,26626319266.25801,-0.03977949331936422,0.2893816870768595,-0.1727582272769377,0.012388747369115674,210228349581019.03,922267581755646.9,959719755167929.5,910841841678551.0,65764.90508558156,26626319266.25801,1.0,334.5345204281822,7.342905677357508e-08,7.342905677357508e-08,0.049817005016555393,19733.63004343844,334.5345204281822
2118.0,2463.0316989400285,10658558410.184072,508.3702674818717,0.00010374924217987905,2.5311445236012378,0.23085953452887772,1827822685007424.2,0.44716208371391974,0.44716208371391974,6883207998438.423,3.3664095663695366,91567.35707461587,87969.62825205384,86861.24122547853,3597.728822562022,1108.3870265753064,0.7773251837502945,0.0392905172487432,0.0392905172487432,0.0392905172487432,0.012599655683431046,1108.3870265753064,-102062640.63246123,-0.00957565148162458,2.4299012397539443,1.1412706382025803,0.0,0.0,30951093018218.22,-4.367752638831746,0.012599655683431132,0.012599655683431132,11813807863843.15,38346602799280.08,712082251663891.0,25899244294.896107,-0.038776670217553044,0.28669223724240334,-0.17236774470872437,0.012599655683431046,213733361518960.62,937629421046694.9,975976023845975.0,925815613182851.6,66808.49550756399,25899244294.896107,1.0,339.7383111792708,7.1664889976959e-08,7.1664889976959e-08,0.049788626628757715,20052.74571791454,339.7383111792708
2119.0,2491.238379565878,10663653730.760782,507.8012111937443,0.00010304103084116174,2.537793701339825,0.23091389101521567,1858773778025642.5,0.44643378516115106,0.44643378516115106,6909107242733.319,3.37746718756234,93070.36922215752,89389.52400402019,88244.24505155584,3680.845218137321,1145.2789524643467,0.7853486121217649,0.03954905571880994,0.039549055718809935,0.039549055718809935,0.012812227889398306,1145.2789524643467,-101241433.54707459,-0.009494066114977991,2.3591858046823977,1.1388935678788787,0.0,0.0,31413995974083.47,-4.3509146824176135,0.012812227889398398,0.012812227889398398,12212858174208.232,39251258842743.02,723714699185544.4,25157540507.65933,-0.03776400607156699,0.2839304205547595,-0.17194339967165284,0.012812227889398306,217291373776647.72,953218931136400.4,992470189979143.5,941006072962192.1,67867.4230670009,25157540507.65933,1.0,344.9798280146734,6.994564704450916e-08,6.994564704450916e-08,0.0497561692119346,20376.82198455495,344.9798280146734
2120.0,2519.725077536727,10668594214.002632,507.23279195597456,0.00010234335347031116,2.5444128545282205,0.23097107551669763,1890187773999726.0,0.4457131513888847,0.4457131513888847,6934264783240.979,3.388145815304953,94595.93717947564,90831.06261408114,89647.75130354824,3764.87456539451,1183.3113105329019,0.7934205735051125,0.03979953767201927,0.03979953767201927,0.039799537672019276,0.013027606156723067,1183.3113105329019,-100427304.69359434,-0.009413358749907513,2.2868786444102946,1.136521448583561,0.0,0.0,31885534854014.406,-4.33413518253242,0.01302760615672327,0.01302760615672327,12624268200915.19,40165919004813.54,735511168601394.6,24397780273.88185,-0.03673669071908328,0.2810952916119469,-0.171484778455423,0.013027606156723067,220904312253987.03,969039749056296.8,1009205668061110.4,956415480855381.6,68941.71376731427,24397780273.88185,1.0,350.27799451441,6.827038236415274e-08,6.827038236415274e-08,0.04972543304805299,20706.03753623397,350.27799451441
2121.0,2548.4940820275347,10673384495.601212,506.6650090426028,0.00010165601526142356,2.5509968184285183,0.231030859490694,1922073308853740.5,0.4450001017312179,0.4450001017312179,6958662563514.86,3.3984406097831394,96144.3942183247,92294.60299139866,91072.11067264684,3849.791226926029,1222.4923187518168,0.8015349080590409,0.040041764870699825,0.040041764870699825,0.040041764870699825,0.01324554501703362,1222.4923187518168,-99620166.2765204,-0.009333512375346034,2.2130149966219625,1.134154270004488,0.0,0.0,32365674092269.344,-4.317434391585519,0.013245545017033677,0.013245545017033677,13048130560957.215,41090301992773.84,747474649057463.0,23620359953.47782,-0.035689904453754216,0.2781852356477702,-0.17099129302733185,0.01324554501703362,224573004977643.38,985095784596063.6,1026186086588837.6,972047654035106.4,70031.64266831364,23620359953.47782,1.0,355.62871328072157,6.663779138896518e-08,6.663779138896518e-08,0.04969646594558963,21040.468004333205,355.62871328072157
2122.0,2577.5476959649654,10678029076.685892,506.09786173106323,0.00010097882573939467,2.557540428302815,0.2310930143945753,1954438982946009.8,0.4442945563711945,0.4442945563711945,6982282923468.338,3.408344619605496,97716.07531561308,93780.51242025054,92517.68462425137,3935.5628953625396,1262.8277959991628,0.809685204985861,0.04027549083046027,0.04027549083046027,0.04027549083046027,0.013465780506083836,1262.8277959991628,-98819929.24745598,-0.009254510222604342,2.1376342537812443,1.1317920218509971,0.0,0.0,32854398860230.812,-4.300832613980474,0.013465780506084046,0.013465780506084046,13484511924526.22,42024055029807.31,759608229370579.6,22825720717.195877,-0.03462122757410613,0.2751987635253816,-0.1704623820559921,0.013465780506083836,228298297154831.78,1001391038449937.8,1043415093479745.0,987906526525411.4,71137.49399962647,22825720717.195877,1.0,361.02761994159084,6.504661157195282e-08,6.504661157195282e-08,0.04966928413485694,21380.190624624902,361.02761994159084
2123.0,2606.8882360660596,10682532327.470808,505.5313493016626,0.00010031159864844585,2.5640385194132027,0.23115731168571202,1987293381806240.5,0.4435964363318702,0.4435964363318702,7005108644185.534,3.4178498495167506,99311.31749173946,95289.164884387,93984.84393994525,4022.1526073524597,1304.3209444417646,0.8178647996138542,0.04050044555784908,0.04050044555784908,0.04050044555784908,0.013688029966725794,1304.3209444417646,-98026504.40686454,-0.009176335853885803,2.0607801750736785,1.129434693853861,0.0,0.0,33351709023870.094,-4.284350180688301,0.013688029966725912,0.013688029966725912,13933450654396.406,42966775254063.65,771915086476269.9,22014350840.035522,-0.03352959761691081,0.27213451731977284,-0.16989751297121525,0.013688029966725794,232081047204494.16,1017929584335160.4,1060896359589224.0,1003996133680764.0,72259.56007558633,22014350840.035522,1.0,366.47007698648895,6.349562290384122e-08,6.349562290384122e-08,0.0496438875694587,21725.283864358928,366.47007698648895
2124.0,2636.5180328766223,10686898490.819206,504.96547103716176,9.965415184388337e-05,2.5704859270217786,0.23122352282147463,2020645090830110.5,0.4429056634674719,0.4429056634674719,7027122995025.569,3.426947862663014,100930.4600570543,96820.94014773112,95473.96802338834,4109.519909323179,1346.972124342776,0.8260667710123136,0.040716349722374555,0.040716349722374555,0.040716349722374555,0.013911991789044207,1346.972124342776,-97239802.98103538,-0.009098973202054009,1.9825010944369847,1.1270822757652406,0.0,0.0,33857615561944.22,-4.2680074348053765,0.013911991789044453,0.013911991789044453,14394954362814.352,43918022116937.36,784398480136714.8,21186787954.186035,-0.0324147333462031,0.26899127620967705,-0.1692961841221851,0.013911991789044207,235922124644955.25,1034715559144484.4,1078633581261421.8,1020320604781670.0,73398.14079927567,21186787954.186035,1.0,371.9511681755203,6.198364732044389e-08,6.198364732044389e-08,0.049620268208107055,22075.827224112672,371.9511681755203
2125.0,2666.4394308093742,10691131685.725979,504.40022622244334,9.900630718698721e-05,2.576877486390636,0.23129141925923352,2054502706392054.8,0.4422221604546509,0.4422221604546509,7048309782979.756,3.435630125681418,102573.84480372393,98376.22325430824,96985.4446318562,4197.621549415697,1390.7786224520453,0.8342839401741078,0.04092292296781784,0.04092292296781784,0.04092292296781784,0.014137345147483472,1390.7786224520453,-96459736.91734444,-0.009022406584527479,1.9028501255881085,1.1247347573586415,0.0,0.0,34372138371124.406,-4.251824723186372,0.014137345147483549,0.014137345147483549,14868997398327.389,44877324751644.336,797061751147530.5,20343621270.862686,-0.03127681719241017,0.26576796266200825,-0.1686579270308013,0.014137345147483472,239822409010329.94,1051753157556187.6,1096630482307832.0,1036884160157860.4,74553.54349546637,20343621270.862686,1.0,377.46569358354435,6.050954755692227e-08,6.050954755692227e-08,0.04959841439651336,22431.90113638983,377.46569358354435
2126.0,2696.654788181871,10695235910.71923,503.83561414424395,9.836789044292927e-05,2.5832080327818705,0.23136077245635928,2088874844763179.2,0.44154585078382674,0.44154585078382674,7068653404250.618,3.4438882119349703,104241.81616402818,99955.40425644319,98519.6698413437,4286.411907584986,1435.734415099495,0.8425088688011054,0.04111988897852822,0.04111988897852821,0.04111988897852821,0.014363749772008418,1435.734415099495,-95686219.0314036,-0.008946620703850274,1.8218853642747748,1.1223921284288694,0.0,0.0,34895304848616.938,-4.235822391419842,0.014363749772008494,0.014363749772008494,15355518274627.59,45844186562137.46,809908321474406.5,19485493773.205357,-0.030116320794000485,0.2624636488943428,-0.16798230873759318,0.014363749772008418,243782789324934.9,1069046629073969.0,1114890815636106.5,1053691110799341.5,75726.08292470493,19485493773.205357,1.0,383.008165342693,5.907222575707061e-08,5.907222575707061e-08,0.04957831308468452,22793.58691663876,383.008165342693
2127.0,2727.1664772541335,10699215047.181849,503.2716340909407,9.773873118162393e-05,2.5894724014575763,0.23143135387022237,2123770149611796.2,0.44087665875062343,0.44087665875062343,7088138898023.823,3.451713926742332,105934.72134690075,101558.87806289474,100077.0481357448,4375.843284006004,1481.8299271499359,0.8507338587280139,0.04130697875417617,0.04130697875417618,0.04130697875417619,0.014590845777483367,1481.8299271499359,-94919163.0793009,-0.00887160064179684,1.739670087588882,1.120054378791985,0.0,0.0,35427148905587.5,-4.220020780626493,0.014590845777483596,0.014590845777483596,15854417053926.977,46818088308346.67,822941695424735.8,18613104378.26313,-0.028933909766904672,0.2590775636017904,-0.16726893423774403,0.014590845777483367,247804163866767.12,1086600276345430.0,1133418364653776.8,1070745859291502.9,76916.08139435397,18613104378.26313,1.0,388.57280414818644,5.7670622000114216e-08,5.7670622000114216e-08,0.04955995084453968,23160.966741390832,388.57280414818644
2128.0,2757.976884266028,10703072862.594063,502.7082853523807,9.711866268141846e-05,2.5956654276798488,0.23150293495819319,2159197298517383.8,0.44021450944739515,0.44021450944739515,7106752002402.086,3.4590993899498286,107652.91045928298,103187.04434530315,101657.99255724139,4465.866113979832,1529.0517880617579,0.858950952020367,0.04148393289997428,0.04148393289997428,0.04148393289997426,0.014818253568199592,1529.0517880617579,-94158483.79484014,-0.00879733185073537,1.656272949944981,1.1177214982852617,0.0,0.0,35967710213342.91,-4.204440225234187,0.014818253568199768,0.014818253568199768,16365552698304.729,47798490412515.945,836165461340118.2,17727210063.60474,-0.027730392328505243,0.25560909893458367,-0.16651744900468726,0.014818253568199592,251887440065081.28,1104418454103504.2,1152216944516020.2,1088052901405199.5,78123.86891828185,17727210063.60474,1.0,394.1535365936351,5.630371282888557e-08,5.630371282888557e-08,0.049543314224061774,23534.12363895954,394.1535365936351
2129.0,2789.088409474397,10706813013.69805,502.1455672197438,9.65075218355325e-05,2.601781946710782,0.2315752871776423,2195165008730726.8,0.43955932875484127,0.43955932875484127,7124479212465.69,3.46603709540876,109396.73661586485,104840.30746770879,103262.92488130588,4556.429148156074,1577.3825864029002,0.8671519317823311,0.04165050337978083,0.041650503379780844,0.041650503379780844,0.01504557383035852,1577.3825864029002,-93404096.91335489,-0.008723800144249819,1.571768175180523,1.115393476767139,0.0,0.0,36517033568273.84,-4.189101051259279,0.01504557383035876,0.01504557383035876,16888740403679.26,48784834899470.57,849583293510343.4,16828627952.539259,-0.026506692184748572,0.2520578177121924,-0.16572754159853093,0.01504557383035852,256033534441346.53,1122505568355369.2,1171290403254839.8,1105616827951689.9,79349.78339711417,16828627952.539259,1.0,399.74399340291154,5.4970509820957947e-08,5.4970509820957947e-08,0.04952838973578011,23913.141484191714,399.74399340291154
2130.0,2820.5034671899225,10710439049.585707,501.5834789854337,9.590514906116028e-05,2.607816793812472,0.23164818198594014,2231682042299000.5,0.43891104333370956,0.43891104333370956,7141307840418.2295,3.4725199581791917,111166.55603906189,106519.07641879364,104892.27579448812,4647.479620268257,1626.8006243055274,0.8753283237098282,0.04180645497945642,0.04180645497945641,0.0418064549794564,0.015272387622941346,1626.8006243055274,-92655919.19358525,-0.008650991688073636,1.4862357441348246,1.1130703041171799,0.0,0.0,37075168309074.59,-4.174023574832711,0.015272387622941475,0.015272387622941475,17423748932452.328,49776547207074.9,863198954130224.5,15918237350.871696,-0.025263834827427417,0.24842346085894407,-0.16489894635628102,0.015272387622941346,260243372538974.66,1140866075601651.5,1190642622808726.2,1123442326669199.1,80594.1708023271,15918237350.871696,1.0,405.33750862626863,5.3670058221720445e-08,5.3670058221720445e-08,0.04951516364489339,24298.104992161007,405.33750862626863
2131.0,2852.2244858136955,10713954414.710714,501.0220199429899,9.531138821115122e-05,2.6137648042470127,0.2317213908404572,2268757210608075.0,0.43826958061658694,0.43826958061658694,7157226077769.102,3.4785413554388898,112962.72815007043,108223.76473489938,106546.48506142086,4738.963415171039,1677.2796734785218,0.883471398424073,0.041951566616515744,0.041951566616515744,0.04195156661651575,0.015498256575966648,1677.2796734785218,-91913868.44356616,-0.008578892991869045,1.3997615769909453,1.1107519702360265,0.0,0.0,37642167746606.91,-4.159228100825481,0.015498256575966818,0.015498256575966818,17970297962369.754,50773038003124.31,877016295188304.9,14996981727.34457,-0.02400294122713758,0.24470595504511664,-0.16403144616049686,0.015498256575966648,264517888807414.44,1159504481958089.0,1210277519961213.2,1141534183995719.2,81857.38535382642,14996981727.34457,1.0,410.92711986854385,5.240143564642587e-08,5.240143564642587e-08,0.04950362164878941,24689.099707594436,410.92711986854385
2132.0,2884.2539078735394,10717362451.82608,500.4611893870174,9.472608648818833e-05,2.619620813276499,0.23179468519856392,2306399378354682.0,0.4376348687997763,0.4376348687997763,7172223059496.446,3.4840951643926177,114785.61565124636,109954.79040661252,108226.0016720722,4830.825244633844,1728.7887345403074,0.8915721746200621,0.04208563257012413,0.042085632570124126,0.042085632570124126,0.015722723204211943,1728.7887345403074,-91177863.55343999,-0.008507490902102002,1.312437709606466,1.108438465045356,0.0,0.0,38218088581956.47,-4.144734921493096,0.015722723204212086,0.015722723204212086,18528055470702.215,51773705088172.3,891039260214108.5,14065870629.29696,-0.022725225586320234,0.24090542051632377,-0.16312487528263747,0.015722723204211943,268858026417424.72,1178425342102235.5,1230199047190407.8,1159897286631533.2,83139.78968419497,14065870629.29696,1.0,416.50556961706064,5.116375085203715e-08,5.116375085203715e-08,0.049493748498836254,25086.21198787723,416.50556961706064
2133.0,2916.594190060062,10720666404.848385,499.90098661313056,9.414909436138587e-05,2.625379656163025,0.23186783651763077,2344617466936638.5,0.43700683683525915,0.43700683683525915,7186288930125.743,3.489175798989026,116635.58459967987,111712.57576436762,109931.28396278789,4923.0088353122455,1781.2918015797386,0.8996214230637689,0.04220846367092121,0.0422084636709212,0.04220846367092121,0.015945311343791502,1781.2918015797386,-90447824.5364488,-0.008436772596108772,1.2243624630097885,1.106129778487838,0.0,0.0,38802990296800.625,-4.130564315094856,0.015945311343791735,0.015945311343791735,19096635174427.758,52777935431503.766,905271885831243.5,13125981524.546463,-0.021431995299912313,0.2370221790927753,-0.16217912229695525,0.015945311343791502,273264736990464.47,1197633257996135.8,1250411193427639.8,1178536622821708.0,84441.75498473094,13125981524.546463,1.0,422.0653077361219,4.995614257658349e-08,4.995614257658349e-08,0.04948552759278968,25489.528978056947,422.0653077361219
2134.0,2949.2478032624044,10723869421.649956,499.34141091790775,9.358026548523073e-05,2.631036168168687,0.23194061625502832,2383420457233439.0,0.4363854144227425,0.4363854144227425,7199414911650.29,3.4937782464262215,118513.00447159848,113497.54734001603,111662.79970601859,5015.457131582467,1834.7476339974446,0.9076096714708063,0.04231988847084216,0.04231988847084216,0.042319888470842164,0.016165526718396005,1834.7476339974446,-89723672.57845926,-0.008366725577366695,1.1356406051946306,1.1038259005270876,0.0,0.0,39396934505071.53,-4.116736544463946,0.016165526718396106,0.016165526718396106,19675594048669.8,53785107368973.414,919718303074781.0,12178461560.030748,-0.020124652092099557,0.23305676231868408,-0.16119413306036728,0.016165526718396005,277738980228415.44,1217132877351866.2,1270917984720839.5,1197457283303196.5,85763.66112944283,12178461560.030748,1.0,427.5984951937983,4.877777844227359e-08,4.877777844227359e-08,0.049478940553767004,25899.138576575748,427.5984951937983
2135.0,2982.217232603736,10726974556.78022,498.7824615988549,9.301945662079475e-05,2.6365851845555786,0.23201279586812695,2422817391738510.5,0.4357705320017897,0.4357705320017897,7211593373210.32,3.497898103967285,120418.24821706822,115310.13570214818,113421.02616432657,5108.112514920031,1889.1095378216178,0.9155272102980985,0.0424197544022734,0.0424197544022734,0.0424197544022734,0.016382857641424355,1889.1095378216178,-89005330.09588127,-0.00829733767193691,1.046383504305309,1.1015268211476263,0.0,0.0,39999984257681.0,-4.10327185551623,0.016382857641424553,0.016382857641424553,20264429947183.336,54794592980717.79,934382738437102.6,11224529227.317574,-0.01880469375200256,0.22900991974072182,-0.16016991375328835,0.016382857641424355,282281723431532.06,1236928891815818.0,1291723484796536.0,1216664461868634.8,87105.89677370919,11224529227.317574,1.0,433.0970090849812,4.762785391801742e-08,4.762785391801742e-08,0.04947396680485383,26315.129390617385,433.0970090849812
2136.0,3015.5049774764498,10729984774.11755,498.2241379543767,9.246652755914748e-05,2.6420215405857954,0.2320841468142972,2462817375996191.5,0.4351621207440342,0.4351621207440342,7222817902437.638,3.501531616330042,122351.69230433587,117150.77526342597,115206.45010459759,5200.917040909898,1944.3251588283692,0.9233640994786795,0.04250792892977082,0.04250792892977083,0.04250792892977083,0.016596775859624893,1944.3251588283692,-88292720.80157866,-0.008228597026023271,0.9567092722677324,1.099232530354835,0.0,0.0,40612203293683.97,-4.0901904756918634,0.016596775859625157,0.016596775859625157,20862579350162.09,55805760660411.7,949269514609162.4,10265475924.68985,-0.0174737161424545,0.22488262729300795,-0.1591065339759463,0.016596775859624893,286893940893303.1,1257026034852627.5,1312831795513039.2,1236163455502465.5,88468.85942456816,10265475924.68985,1.0,438.5524490124023,4.6505591336873234e-08,4.6505591336873234e-08,0.04947058314486119,26737.590680029432,438.5524490124023
2137.0,3049.11355157708,10732902949.452847,497.66643928375305,9.192134104690091e-05,2.6473400715214317,0.23215444055090947,2503429579289875.5,0.4345601125454748,0.4345601125454748,7233083378362.327,3.5046757137705105,124313.71675306003,119019.90405844802,117019.5677685232,5293.812694612,2000.336289924838,0.9311101761280047,0.04258430069408805,0.04258430069408806,0.042584300694088056,0.01680673754318032,2000.336289924838,-87585769.7782222,-0.008160492104578962,0.8667428978868911,1.0969430181749111,0.0,0.0,41233655232231.19,-4.077512612328158,0.016806737543180517,0.016806737543180517,21469415266031.86,56817977883852.055,964383050885261.0,9302667405.14752,-0.016133415294954788,0.22067609576465683,-0.1580041298942204,0.01680673754318032,291576613161218.7,1277429079312511.5,1334247057196363.8,1255959664046479.8,89852.95547971244,9302667405.14752,1.0,443.9561448844222,4.5410238964022713e-08,4.5410238964022713e-08,0.04946876332872718,27166.61228881074,443.9561448844222
2138.0,3083.045482940928,10735731873.006186,497.1093648871192,9.138376271382095e-05,2.6525356126245825,0.2322234485353343,2544663234522106.5,0.4339644400188523,0.4339644400188523,7242386045767.475,3.5073280508967097,126304.70515559435,120917.96349082336,118860.88479545189,5386.7416647710015,2057.07869537147,0.9387550632482686,0.042648780646256164,0.042648780646256164,0.04264878064625615,0.017012184426407288,2057.07869537147,-86884403.55845664,-0.008093011690886012,0.7766163683988693,1.0946582746548272,0.0,0.0,41864402700302.66,-4.0652584509642296,0.017012184426407506,0.017012184426407506,22084245315181.473,57830614182132.445,979727863199735.8,8337545099.318054,-0.01478558948058607,0.21639177932441486,-0.1568629074285495,0.017012184426407288,296330726152513.3,1298142834667430.5,1355973448849563.0,1276058589352249.0,91258.60023229096,8337545099.318054,1.0,449.29916618492643,4.434107011107793e-08,4.434107011107793e-08,0.04946847765518858,27602.28456316092,449.29916618492643
2139.0,3117.3033139763893,10738474251.87784,496.55291406545183,9.085366100244151e-05,2.657602999157342,0.23229094222494215,2586527637222409.0,0.43337503648610665,0.43337503648610665,7250723590866.793,3.509487046200924,128325.04468541448,122845.39804821998,120730.91609369522,5479.646637194499,2114.4819545247615,0.9462881794549838,0.04270130316827639,0.04270130316827639,0.04270130316827639,0.0172125451023796,2114.4819545247615,-86188550.21120216,-0.008026144887029026,0.6864687784363257,1.0923782898622854,0.0,0.0,42504506391671.66,-4.053448153580022,0.017212545102379795,0.017212545102379795,22706310024724.48,58843044322902.12,995308563763857.5,7371627301.956517,-0.013432141188937952,0.21203138407539698,-0.1556831454789489,0.0172125451023796,301157270113912.5,1319172143902494.5,1378015188225396.8,1296465833877770.0,92686.21783861032,7371627301.956517,1.0,454.5723327665132,4.329738229276523e-08,4.329738229276523e-08,0.04946969256386824,28044.698255084895,454.5723327665132
2140.0,3151.889601499,10741132712.434973,495.99708612055537,9.033090709962034e-05,2.6625370663818066,0.2323566930771035,2629032143614080.5,0.4327918359709127,0.4327918359709127,7258095218168.749,3.5111519222689247,130375.12609171627,124802.65498421798,122630.18565634619,5572.471107498285,2172.4693278717814,0.9536987497476568,0.04274182717628334,0.04274182717628334,0.04274182717628334,0.017407236473827442,2172.4693278717814,-85498139.43337949,-0.00795988111518244,0.596446425339128,1.090103053885675,0.0,0.0,43154024052945.19,-4.042101856773053,0.017407236473827692,0.017407236473827692,23334781364365.21,59854651701848.57,1011129860271000.8,6406510210.425011,-0.0120750789702854,0.20759687661138934,-0.15446519917865859,0.017407236473827442,306057238414353.25,1340521880049719.2,1400376531751568.0,1317187098685354.0,94136.24124580633,6406510210.425011,1.0,459.7662272133824,4.227849642228869e-08,4.227849642228869e-08,0.04947237024378004,28493.94441053985,459.7662272133824
2141.0,3186.8069167651656,10743709802.635323,495.4418803550526,8.981537486997669e-05,2.6673326495600693,0.2324204725491888,2672186167667025.5,0.4322147731912954,0.4322147731912954,7264501728379.174,3.512322746605358,132455.3436791514,126790.18396583946,124559.22631764035,5665.159713311959,2230.957648199115,0.9609758173436325,0.04277033720160632,0.042770337201606314,0.042770337201606314,0.01759566536160396,2230.957648199115,-84813102.64632186,-0.007894210119629076,0.5067028897184034,1.0878325568340297,0.0,0.0,43813009392894.625,-4.031239669877624,0.017595665361604174,0.017595665361604174,23968761554221.074,60864831945404.414,1027196554637907.1,5443868803.291255,-0.01071651910893662,0.2030904925446262,-0.15320950316841492,0.01759566536160396,311031626159597.2,1362196942351725.2,1423061774297129.5,1338228180797504.2,95609.11207653303,5443868803.291255,1.0,464.8712088148361,4.1283756041930516e-08,4.1283756041930516e-08,0.04947619991123475,28950.114241107323,464.8712088148361
2142.0,3222.0578455056075,10746207994.289194,494.8872960723763,8.930694079115376e-05,2.6719863583091112,0.23248209070531772,2715999177059920.0,0.43164378355232214,0.43164378355232214,7269945597182.465,3.5130004730009925,134566.0952716182,128808.436685674,126518.56424323078,5757.658585944203,2289.872442443225,0.9681107286607041,0.042786844444899115,0.042786844444899115,0.04278684444489912,0.017777348296145443,2289.872442443225,-84133380.2668947,-0.007829122636711042,0.4173667457187048,1.0855667888369847,0.0,0.0,44481525420428.875,-4.020874974025512,0.017777348296145523,0.017777348296145523,24607445546885.906,61872996724661.414,1043513363370176.5,4485109859.392811,-0.009358687102522474,0.1985147449733831,-0.15191657488280486,0.017777348296145443,316081443126420.9,1384202252043483.5,1446075248768144.8,1359594806496597.5,97105.26391492943,4485109859.392811,1.0,469.8793489207776,4.031253689333268e-08,4.031253689333268e-08,0.04946454227135999,29413.300328301346,469.8793489207776
2143.0,3257.6449879584957,10748629685.261074,494.3333325767621,8.880548389085045e-05,2.6766033355692347,0.23254374559763966,2760480702480349.0,0.43107880313887204,0.43107880313887204,7274430707041.857,3.5131869833570257,136707.782374531,130857.86664388845,128507.77821253682,5849.915730642548,2350.0884313516326,0.9752470604504483,0.04279138779836137,0.04279138779836137,0.04279138779836137,0.017959091735364086,2350.0884313516326,-83459354.23179655,-0.007764650627627366,0.3265625271953464,1.0833057400447326,0.0,0.0,45160540607413.84,-4.010611316278105,0.017959091735364252,0.017959091735364252,25260230276214.79,62878577878660.21,1060073908826770.8,3510099673.905777,-0.00800370023017494,0.19387236227558435,-0.15058699972509618,0.017959091735364086,321208610855448.75,1406542749958434.2,1469421327837094.5,1381282519682219.5,98624.09812856276,3510099673.905777,1.0,474.90127500600505,3.936485727366531e-08,3.936485727366531e-08,0.04944417041445526,29883.680083974064,474.90127500600505
2144.0,3293.5709589022836,10750977201.612137,493.7799891732432,8.831088568556846e-05,2.681241093574257,0.2326066795592775,2805641243087763.0,0.4305197687084816,0.4305197687084816,7277940806715.764,3.512885034072414,138880.8236450436,132938.94197293883,130526.79721882644,5941.881672104762,2412.144754112404,0.9824653780666448,0.042784032497468684,0.042784032497468684,0.042784032497468684,0.01814475667034737,2412.144754112404,-82791214.70596415,-0.007700808322200645,0.2331926042013125,1.0810494006279825,0.0,0.0,45850647521750.69,-4.00023192400979,0.01814475667034743,0.01814475667034743,25932913258450.77,63881034391475.305,1076875849268526.5,2507048371.3528733,-0.006640066878575757,0.18916190936881144,-0.1492203081086284,0.01814475667034737,326414771830527.0,1429223534357504.2,1493104568748979.5,1403290621099053.5,100165.39232424808,2507048371.3528733,1.0,479.99984106492286,3.84404465586351e-08,3.84404465586351e-08,0.04942534877346216,30361.404894578354,479.99984106492286
2145.0,3329.838387688201,10753252799.684988,493.2272651676459,8.782303012102354e-05,2.685890605780924,0.23267070219117922,2851491890609513.5,0.42996661768426553,0.42996661768426553,7280447855087.116,3.512092288960869,141085.64930563522,135052.1603514899,132576.14136516157,6033.488954145306,2476.018986328334,0.9897538644507324,0.0427647247175005,0.0427647247175005,0.0427647247175005,0.018333797696269274,2476.018986328334,-82128876.44343463,-0.0076375844568483085,0.13736294826045825,1.0787977607779156,0.0,0.0,46551925678672.25,-3.9897713480090364,0.018333797696269527,0.018333797696269527,26625258096808.344,64879631988031.46,1093923648566732.9,1477098507.9547567,-0.005254007498009567,0.18437959796808945,-0.14781542102636153,0.018333797696269274,331701114739623.6,1452250021403164.8,1517129653391196.2,1425624763306356.5,101729.55745993239,1477098507.9547567,1.0,485.16627647945705,3.753865238325243e-08,3.753865238325243e-08,0.04940833413964474,30846.583905229185,485.16627647945705
2146.0,3366.4499182725,10755458668.131905,492.67515986658515,8.734180351416988e-05,2.6905428456459815,0.23273562309429277,2898043816288186.0,0.4294192881479119,0.4294192881479119,7281924953595.071,3.5108003578592584,143322.69353805238,137198.04642124436,134656.36445360022,6124.647116808014,2541.681967644121,0.997100334993589,0.04273326830256586,0.04273326830256586,0.04273326830256586,0.018525642557914408,2541.681967644121,-81472248.6515231,-0.007574967387762168,0.03918868361765202,1.0765508107061432,0.0,0.0,47264517899623.19,-3.9792642960933553,0.018525642557914557,0.018525642557914557,27336955350532.516,65873388921721.836,1111222062753161.6,421492266.9081542,-0.0038386100463004514,0.17952197769336958,-0.14637133010161463,0.018525642557914408,337068899528441.9,1475627917632136.0,1541501306553858.0,1448290962281603.5,103317.0315688794,421492266.9081542,1.0,490.3914003347978,3.665883464650559e-08,3.665883464650559e-08,0.04939327092451529,31339.332884720825,490.3914003347978
2147.0,3403.408209248297,10757596929.88784,492.1236725774619,8.686709449679005e-05,2.6951887866261752,0.2328012518695662,2945308334187809.0,0.42887771883275144,0.42887771883275144,7282346445861.9795,3.508997852386027,145592.3954454478,139377.14350155258,136768.046242049,6215.251943895208,2609.0972595035996,1.0044922292942142,0.04268939957254848,0.04268939957254848,0.04268939957254848,0.018719692439919576,2609.0972595035996,-80821238.14480965,-0.007512945379117519,-0.06120545969739935,1.0743085406446642,0.0,0.0,47988604194356.625,-3.968745554896456,0.018719692439919666,0.018719692439919666,28067616668614.7,66861175230126.516,1128776076747086.8,-658423665.3331172,-0.0023908281706727617,0.17458594684191922,-0.14488710205183214,0.018719692439919576,342519437613137.6,1499363131028839.0,1566224306258965.5,1471295514360224.5,104928.27386114527,-658423665.3331172,1.0,495.66560846808557,3.580036962497073e-08,3.580036962497073e-08,0.049380240143083176,31839.772380903727,495.66560846808557
2148.0,3440.7159338771953,10759669644.089487,491.5728026084596,8.639879396060287e-05,2.6998194021782504,0.23286739811794746,2993296938382165.5,0.42834184911689904,0.42834184911689904,7281688022196.646,3.506672101944832,147895.19962483976,141590.00878318705,138911.78819111813,6305.190841652723,2678.2205920689053,1.0119166044632368,0.04263282958234524,0.04263282958234524,0.04263282958234524,0.018915321886659335,2678.2205920689053,-80175751.10596661,-0.007451506761641965,-0.16368470229497584,1.0720709408458229,0.0,0.0,48724386919568.56,-3.9582499458240306,0.018915321886659564,0.018915321886659564,28816768804659.17,67841770499121.85,1146590869848377.2,-1761193322.4850764,-0.000909821956185477,0.16956876384927144,-0.14336188336047118,0.018915321886659335,348054080757785.1,1523461719410821.5,1591303489909943.2,1494644950606162.2,106563.76150714104,-1761193322.4850764,1.0,500.9788623275043,3.496265187084272e-08,3.496265187084272e-08,0.04936928637642857,32348.0266839771,500.9788623275043
2149.0,3478.375780120476,10761678807.941622,491.0225492685428,8.593679500384444e-05,2.7044256657589525,0.23293387144038463,3042021325301734.0,0.4278116190164683,0.4278116190164683,7279926828874.161,3.503810129048898,150231.55651817846,143837.21046306408,141088.21115645012,6394.346055114389,2748.9993066139727,1.019360130056895,0.04256326835261574,0.042563268352615743,0.042563268352615743,0.01911187861446943,2748.9993066139727,-79535694.08369999,-0.007390640020310429,-0.26810378165744736,1.0698380015822657,0.0,0.0,49472082243345.31,-3.9478122998894403,0.019111878614469613,0.019111878614469613,29583847581033.805,68813898431969.63,1164671797279243.2,-2885246785.3919587,0.0006039579146016241,0.16446805939923295,-0.14179490514967377,0.01911187861446943,353674214773518.75,1547929859633795.8,1616743758065765.2,1518346012052762.0,108223.98791717974,-2885246785.3919587,1.0,506.3206797958207,3.414509492681216e-08,3.414509492681216e-08,0.04936043251217015,32864.223239270395,506.3206797958207
2150.0,3516.3904506700856,10763626358.532,490.4729118674539,8.548099287927806e-05,2.7089985508250276,0.23300048143782562,3091493407545079.5,0.4272869691788571,0.4272869691788571,7277041582088.77,3.500399215681926,152601.92263610434,146119.32595228203,143297.9541532188,6482.5966838223085,2821.3717990632213,1.0268090847292657,0.04248043911793141,0.04248043911793141,0.0424804391179314,0.01930868337008749,2821.3717990632213,-78900974.57455081,-0.007330333843482815,-0.3743065294161301,1.0676097131468998,0.0,0.0,50231915110127.81,-3.9374674429519727,0.01930868337008773,0.01930868337008773,30368191863615.74,69776248537721.93,1183024380582660.2,-4028895626.194091,0.002149274387770853,0.15928184914377788,-0.14018548824626398,0.01930868337008749,359381255864635.8,1572773828310911.8,1642550076848633.8,1542405636447296.0,109909.46184646337,-4028895626.194091,1.0,511.68012813829466,3.334713141575287e-08,3.334713141575287e-08,0.049353687698548976,33388.49230675544,511.68012813829466
2151.0,3554.762662979177,10765514174.59598,489.9238897157121,8.503128494359069e-05,2.7135290308332203,0.2330670377112185,3141725322655207.5,0.4267678408761034,0.4267678408761034,7273012686462.575,3.496427244354819,155006.76070659823,148436.94066777258,145541.6736975634,6569.820038825648,2895.2669702091694,1.0342493546920426,0.04238408704805601,0.04238408704805602,0.04238408704805602,0.019505029928427824,2895.2669702091694,-78271501.3792785,-0.007270577151250275,-0.48212546146202384,1.0653860658528505,0.0,0.0,51004116121544.25,-3.9272501866588834,0.019505029928427953,0.019505029928427953,31169037607026.367,70727490752522.22,1201654302798476.8,-5190328489.303045,0.003724380398061103,0.1540085469919744,-0.13853304843297376,0.019505029928427824,365176648387065.0,1597999988792568.0,1668727479545090.5,1566830951185541.8,111620.70694533954,-5190328489.303045,1.0,517.0458192396226,3.256821280630681e-08,3.256821280630681e-08,0.04934905152772662,33920.96675222387,517.0458192396226
2152.0,3593.4951492924206,10767344078.232141,489.3754821246115,8.458757060813519e-05,2.718008079240277,0.23313334986151124,3192729438776752.0,0.42625417599831195,0.42625417599831195,7267822357973.272,3.4918829155247755,157446.5397771084,150790.6471308629,147820.0434425702,6655.892646245522,2970.6036882927115,1.04166643407207,0.0422739849073091,0.0422739849073091,0.042273984907309096,0.019700185288777813,2970.6036882927115,-77647184.83868611,-0.007211359112751115,-0.5913813830358904,1.063167050033419,0.0,0.0,51788919436429.94,-3.917195322487687,0.019700185288778038,0.019700185288778038,31985512031913.086,71666286269900.58,1220567406091271.0,-6367606832.608228,0.005327169129362793,0.148646978924255,-0.1368371018758639,0.019700185288777813,371061863314105.06,1623614781437289.0,1695281067707189.5,1591629269405376.0,113358.2615381297,-6367606832.608228,1.0,522.4059072980272,3.1807809016397524e-08,3.1807809016397524e-08,0.049346516121064,34461.78190444051,522.4059072980272
2153.0,3632.5906566759168,10769117836.570024,488.8276884062196,8.41497512909781e-05,2.7224266695029438,0.23319922748965186,3244518358213182.0,0.42574591704714904,0.42574591704714904,7261454751140.664,3.4867558976331687,159921.73528536077,153181.04421605406,150133.75394611634,6740.691069306721,3047.2902699377046,1.0490454272569683,0.04214993701311946,0.04214993701311946,0.04214993701311946,0.019893390109285695,3047.2902699377046,-77027937.00649661,-0.007152669157813775,-0.701883011193654,1.0609526560420408,0.0,0.0,52586561180916.19,-3.9073376174477366,0.019893390109285813,0.019893390109285813,32816627999192.418,72591296425279.28,1239769690490102.5,-7558660855.031058,0.006955254545786983,0.14319639728480882,-0.13509727071777897,0.019893390109285695,377038397002234.4,1649624715491529.2,1722216011916808.5,1616808087492336.8,115122.67850576054,-7558660855.031058,1.0,527.7480891465649,3.106540794145812e-08,3.106540794145812e-08,0.0493460670450967,35011.0754403558,527.7480891465649
2154.0,3672.0519470467943,10770837163.391218,488.2805078733757,8.371773037021508e-05,2.7267757750779644,0.23326448019658827,3297104919394098.0,0.42524300712940677,0.42524300712940677,7253896090285.633,3.4810369408658746,162432.82910648966,155608.7364609869,152483.51247516318,6824.092645502775,3125.2239858237162,1.0563710533186688,0.042011782242793755,0.042011782242793755,0.042011782242793755,0.02008385940854452,3125.2239858237162,-76413671.79086751,-0.007094496985859966,-0.8134266172378692,1.058742874252244,0.0,0.0,53397278077862.75,-3.897711810644531,0.020083859408544624,0.020083859408544624,33661278650431.71,73501190672605.98,1259267312954643.5,-8761285638.637245,0.008606013425838475,0.1376564955008932,-0.13331328882641913,0.02008385940854452,383107770017272.5,1676036361622347.8,1749537552294953.5,1642375082971916.0,116914.52519909425,-8761285638.637245,1.0,533.0596073721657,3.03405149534436e-08,3.03405149534436e-08,0.04934768357428143,35568.987276068925,533.0596073721657
2155.0,3711.8817972024904,10772503720.704908,487.7339398396905,8.329141313851633e-05,2.731046369422086,0.2333289175832686,3350502197471961.0,0.4247453899506344,0.4247453899506344,7245134804646.995,3.4747179718041328,164980.30957980314,158074.3333867283,154870.04278881996,6905.976193074836,3204.2905979083566,1.0636276526032762,0.041859396498067095,0.041859396498067095,0.041859396498067095,0.02027078355642387,3204.2905979083566,-75804305.08178715,-0.00703683257366532,-0.9257956918670746,1.056537695057606,0.0,0.0,54221306127945.06,-3.888352610268179,0.020270783556423977,0.020270783556423977,34518232388187.527,74394654234998.19,1279066586293150.2,-9973137535.250635,0.010276606213095308,0.13202742317356753,-0.13148500768425903,0.02027078355642387,389271525875141.2,1702856344556478.8,1777250998791477.0,1668338112168291.5,118734.38333883011,-9973137535.250635,1.0,538.3272564015743,2.9632652394679098e-08,2.9632652394679098e-08,0.04935133858814367,36135.65944998986,538.3272564015743
2156.0,3752.082998849638,10774119120.27905,487.1879836195435,8.287070675886622e-05,2.7352294259920535,0.23339234925064078,3404723503599906.0,0.42425300980883657,0.42425300980883657,7235161667111.744,3.467792178409718,167564.6715160082,160578.44879907172,157294.08486362817,6986.222716936491,3284.363935443538,1.070799195573476,0.04169269484868155,0.04169269484868155,0.04169269484868155,0.02045332957197258,3284.363935443538,-75199754.87367117,-0.006979666182837182,-1.0387606359363928,1.0543371088717133,0.0,0.0,55058879244116.25,-3.879294690766232,0.020453329571972767,0.020453329571972767,35386128274817.17,75270395753073.31,1299173977631905.0,-11191730829.035515,0.011963986289882947,0.12630980147982585,-0.12961240240611577,0.02045332957197258,395531229604106.9,1730091335510829.2,1805361731263902.5,1694705207236012.0,120582.84887407634,-11191730829.035515,1.0,543.5373917201599,2.894135907869355e-08,2.894135907869355e-08,0.04935699826412421,36711.23598955184,543.5373917201599
2157.0,3792.658358632683,10775684925.128279,486.6426385280834,8.245552022146237e-05,2.7393159182446123,0.23345458479965284,3459782382844022.0,0.4237658115882388,0.4237658115882388,7223969936282.709,3.460254090503012,170186.4161842806,163121.7000537745,159756.39453632865,7064.716130506105,3365.3055174458336,1.077869293986625,0.04151163347171208,0.041511633471712085,0.041511633471712085,0.02063064274303438,3365.3055174458336,-74599941.38807525,-0.006922988367459823,-1.1520784798500272,1.052141106128119,0.0,0.0,55910227780426.5,-3.8705726900717647,0.0206306427430345,0.0206306427430345,36263471932792.09,76127155107805.22,1319596106233133.5,-12414434707.884642,0.013664903013527033,0.12050473882139665,-0.12769557786867466,0.02063064274303438,401888466064828.75,1757748044230754.5,1833875199338559.8,1721484572297962.2,122460.53178076052,-12414434707.884642,1.0,548.675942384369,2.826618980375908e-08,2.826618980375908e-08,0.049364621657373764,37295.86275556813,548.675942384369
2158.0,3833.61069816206,10777202650.959616,486.0979038812257,8.204576430174023e-05,2.7432968196365093,0.23351543383125276,3515692610624448.5,0.4232837407531174,0.4232837407531174,7211555501574.824,3.452099658511558,172846.05127768897,165704.70727561327,162257.74304595217,7141.344002075702,3446.96422966112,1.0848212144876375,0.0413162114453089,0.041316211445308906,0.0413162114453089,0.020801848579520766,3446.96422966112,-74004787.19898045,-0.006866789982128708,-1.265492634721324,1.0499496772803019,0.0,0.0,56775576918500.125,-3.8622212068196116,0.020801848579520832,0.020801848579520832,37148632033666.79,76963711510584.8,1340339740512615.0,-13638470577.688522,0.015375901492744067,0.11461384665062203,-0.12573477493473145,0.020801848579520766,408344837980945.0,1785833210527226.5,1862796922037811.2,1748684578493560.0,124368.05578609672,-13638470577.688522,1.0,553.7284269812194,2.7606714881395355e-08,2.7606714881395355e-08,0.04937416022054175,37889.687259855455,553.7284269812194
2159.0,3874.9428540421286,10778673767.577122,485.55377899565286,8.164135151949057e-05,2.747163103624488,0.23357470594638852,3572468187542948.5,0.4228067433416953,0.4228067433416953,7197917030997.136,3.443326331939765,175544.09085496873,168328.0925251705,164798.91646077728,7215.998329798225,3529.176064393233,1.0916378946907577,0.04110647242327257,0.04110647242327257,0.04110647242327256,0.020966055109698976,3529.176064393233,-73414217.36170462,-0.0068110621904652925,-1.378732678539452,1.047762812801624,0.0,0.0,57655144887906.44,-3.8542747975185288,0.020966055109699067,0.020966055109699067,38039837466436.41,77778891904276.45,1361411794138712.5,-14860909754.674532,0.01709332077448852,0.10863925539885834,-0.1237303767533127,0.020966055109698976,414901963642201.3,1814353595247350.0,1892132487151626.2,1776313757780913.8,126306.05800816778,-14860909754.674532,1.0,558.6799731785742,2.6962519680235468e-08,2.6962519680235468e-08,0.04938555729519556,38492.8584526095,558.6799731785742
2160.0,3916.657677898642,10780099700.246483,485.0102631888123,8.12421960990384e-05,2.7509057436652955,0.23363221074600812,3630123332430855.0,0.4223347659601014,0.4223347659601014,7183056121242.461,3.4339331382669704,178281.0552562889,170992.47890961453,167380.71497778397,7288.576346674368,3611.763931830562,1.0983019618183767,0.04088250619897125,0.040882506198971255,0.040882506198971255,0.021122355526173267,3611.763931830562,-72828159.54567803,-0.00675579647412842,-1.491514180674314,1.04558050318529,0.0,0.0,58549141004290.0,-3.8467679736671023,0.021122355526173364,0.021122355526173364,38935175278887.695,78571579690007.97,1382819321111675.5,-16078671572.000551,0.01881329138836331,0.10258363042778225,-0.12168291511519591,0.021122355526173267,421561474247375.56,1843315970637938.5,1921887550327946.8,1804380795359051.0,128275.18850127682,-16078671572.000551,1.0,563.5153409979498,2.6333204184664036e-08,2.6333204184664036e-08,0.049398747595335246,39105.52647650714,563.5153409979498
2161.0,3958.7580364059577,10781481831.020607,484.467355778916,8.084821393045241e-05,2.754515713215677,0.23368775783105963,3688672473435145.0,0.42186775577639374,0.42186775577639374,7166977449670.46,3.4239207625604724,181057.470990453,173698.4896351909,170003.95208350202,7358.981355262097,3694.537551688879,1.1047957539579305,0.04064445015721075,0.04064445015721075,0.04064445015721074,0.021269831185339073,3694.537551688879,-72246544.1708204,-0.0067009846422921,-1.6035385681291354,1.043402738944306,0.0,0.0,59457763513991.69,-3.839735198812933,0.021269831185339205,0.021269831185339205,39832589487557.01,79340723776577.7,1404569509732468.8,-17288521937.625072,0.020531732795833806,0.09645018791886803,-0.11959307684167649,0.021269831185339073,428325010857506.25,1872727110077532.0,1952067833854109.8,1832894520589975.0,130276.10969868953,-17288521937.625072,1.0,568.2189499270131,2.571838256711746e-08,2.571838256711746e-08,0.04941365669706532,39727.84238481249,568.2189499270131
2162.0,4001.246811313832,10782821500.02724,483.9250560849397,8.045932253175565e-05,2.7579839857323774,0.233741156802491,3748130236949136.5,0.4214056605146461,0.4214056605146461,7149688927732.835,3.4132916278480745,183873.87059081337,176446.7470000516,172669.45356597131,7427.123590761773,3777.293434080281,1.1111013439898847,0.04039249060726981,0.04039249060726981,0.04039249060726981,0.021407554960926403,3777.293434080281,-71669304.54693595,-0.006646618841530011,-1.7144930370158125,1.0412295106114366,0.0,0.0,60381197237171.06,-3.833210885561829,0.0214075549609265,0.0214075549609265,40729880852912.58,80085347937825.56,1426669675377026.0,-18487072381.181103,0.022244351070577754,0.09024271061115621,-0.11746171018272832,0.021407554960926403,435194220932084.7,1902593777162023.5,1982679125099849.0,1861863896309110.8,132309.49574500718,-18487072381.181103,1.0,572.7749099718727,2.5117682772681363e-08,2.5117682772681363e-08,0.049430200545434344,40359.95782096414,572.7749099718727
2163.0,4044.1268994738693,10784120006.719593,483.38336342662143,8.007544101210846e-05,2.7613015346721435,0.23379221726125027,3808511434186307.5,0.4209484284490959,0.4209484284490959,7131201855351.654,3.4020499761513476,186730.79243709272,179237.87132669473,175378.05636819242,7492.9211103979915,3859.8149585022916,1.1172005662305784,0.04012686398748221,0.04012686398748221,0.04012686398748221,0.021534594948782074,3859.8149585022916,-71096377.01531376,-0.006592691566026116,-1.8240505127766313,1.0390608087391666,0.0,0.0,61319611004041.44,-3.8272293925483507,0.021534594948782182,0.021534594948782182,41624707716220.12,80804560455414.56,1449127251997148.2,-19670779628.101604,0.02394663701441485,0.08396556329228956,-0.11528983119898378,0.021534594948782074,442170754422672.2,1932922714136040.8,2013727274591455.2,1891298006419820.5,134376.03171090418,-19670779628.101604,1.0,577.1670567294749,2.4530746114502832e-08,2.4530746114502832e-08,0.049448284987741564,41002.02465728824,577.1670567294749
2164.0,4087.401212865608,10785378611.090954,482.84227712446096,7.969649003593581e-05,2.764459333491719,0.23384074880828531,3869831045190349.0,0.4204960083983543,0.4204960083983543,7111531075723.553,3.3902019499919755,189628.78054024657,182072.47983376082,178130.60727405586,7556.300706485743,3941.8725597049597,1.1230750458234124,0.03984785793041581,0.03984785793041581,0.03984785793041581,0.021650018516274624,3941.8725597049597,-70527701.0915489,-0.006539195668015121,-1.9318696627078484,1.036896623899657,0.0,0.0,62273154881072.25,-3.82182502138239,0.021650018516274683,0.021650018516274683,42514587993088.22,81497564018702.8,1471949782274137.5,-20835945739.584724,0.025633864846088775,0.07762370794268593,-0.1130786301002302,0.021650018516274624,449256259400107.2,1963720629667333.0,2045218193686036.0,1921206041674244.8,136476.41268341604,-20835945739.584724,1.0,581.3789905379912,2.395722687850186e-08,2.395722687850186e-08,0.049467805341849136,41654.19459063982,581.3789905379912
2165.0,4131.072678622255,10786598534.854261,482.301796499719,7.932239178797242e-05,2.7674483556478515,0.23388656104454425,3932104200071421.0,0.42004834971967725,0.42004834971967725,7090695129983.968,3.377755674124822,192568.38428748003,184951.18544732148,180927.96141839723,7617.198840158565,4023.2240289242627,1.1287062309004845,0.039555812177283774,0.03955581217728378,0.03955581217728378,0.021752896685651,4023.2240289242627,-69963219.60845897,-0.006486124368343726,-2.0375949643539135,1.0347369466847065,0.0,0.0,63241957186207.06,-3.8170320135887246,0.02175289668565117,0.02175289668565117,43396902415784.914,82163665848947.95,1495144906356503.0,-21978718857.126343,0.027301091563191285,0.07122271842768489,-0.11082947751138975,0.021752896685651,456452377193349.2,1994994185965636.8,2077157851814584.5,1951597283549852.0,138611.34272544834,-21978718857.126343,1.0,585.3941197379559,2.3396791935881645e-08,2.3396791935881645e-08,0.04948864600769576,42316.61869294891,585.3941197379559
2166.0,4175.144239056016,10787780962.587553,481.7619208744158,7.895306993919917e-05,2.770259574597285,0.23392946357097508,3995346157257628.0,0.41960540230329624,0.41960540230329624,7068716411126.842,3.3647213372092226,195550.15814454228,187874.59555213124,183770.98061357712,7675.562592411041,4103.614938554113,1.1340754275242215,0.039251119330405225,0.039251119330405225,0.03925111933040522,0.021842308836350608,4103.614938554113,-69402878.85784929,-0.006433471267032691,-2.1408568333327476,1.0325817677057083,0.0,0.0,64226121294382.75,-3.8128845475586655,0.021842308836350743,0.021842308836350743,44268899111923.95,82802288011561.0,1518720349119048.0,-23095094590.252487,0.028943157057125503,0.06476879462758517,-0.10854393063523116,0.021842308836350608,463760737020145.56,2026749985251117.5,2109552273262678.5,1982481086139193.5,140781.53369873096,-23095094590.252487,1.0,589.1957080490728,2.284912036198241e-08,2.284912036198241e-08,0.049510680130088414,42989.44691484616,589.1957080490728
2167.0,4219.61885168309,10788927042.846209,481.22264957133126,7.858844961364586e-05,2.772883963796766,0.23396926598852574,4059572278552011.0,0.4191671165668097,0.4191671165668097,7045621316536.589,3.351111273097158,198574.66131247234,190843.31068362278,186660.53148586577,7731.350628849539,4182.77919775702,1.1391638374050055,0.038934225433141595,0.038934225433141595,0.038934225433141595,0.02191734770673293,4182.77919775702,-68846628.7297756,-0.00638123035371025,-2.2412718141232952,1.0304310775936114,0.0,0.0,65225722237036.94,-3.809416735534338,0.021917347706733037,0.021917347706733037,45127699600935.28,83412977877320.83,1542683905887665.2,-24180918085.7638,0.03055468504965291,0.058268775890726564,-0.10622373927936515,0.02191734770673293,471182950092238.06,2058994555580838.5,2142407533458159.5,2013866855979903.2,142987.70394508966,-24180918085.7638,1.0,592.7669260372139,2.231390306009167e-08,2.231390306009167e-08,0.049533769320661225,43672.82754077611,592.7669260372139
2168.0,4264.499489248251,10790037889.242903,480.68398191400263,7.82284573560356e-05,2.7753124967030405,0.2340057778981443,4124798000789048.0,0.4187334434496325,0.4187334434496325,7021440398450.825,3.3369400413892123,201642.45733604603,193857.92316170016,189597.4834159273,7784.5341743458675,4260.439745772857,1.1439525983760546,0.03860563036767896,0.03860563036767896,0.03860563036767896,0.02197712467093312,4260.439745772857,-68294422.84786107,-0.006329396017779232,-2.338442837291377,1.0282848669988789,0.0,0.0,66240803101818.69,-3.8066626206476175,0.02197712467093338,0.02197712467093338,45970306281725.53,83995418691298.12,1567043426582234.8,-25231886816.202633,0.03213008491308031,0.05173015369020528,-0.10387085171341333,0.02197712467093312,478720603180723.56,2091734336044684.0,2175729754735982.2,2045764029762958.5,145230.5768216527,-25231886816.202633,1.0,596.0909066131135,2.1790842388909757e-08,2.1790842388909757e-08,0.049557763446903325,44366.90659427458,596.0909066131135
2169.0,4309.78913974911,10791114581.49611,480.14591722672526,7.787302110024708e-05,2.7775361467728525,0.23403880890077872,4191038803890866.5,0.4183043344075042,0.4183043344075042,6996208511634.623,3.3222245068845555,204754.11366129946,196919.01566764925,192582.7062788791,7835.097993650215,4336.309388770147,1.1484228275911275,0.038265888062258384,0.038265888062258384,0.038265888062258384,0.022020775261688125,4336.309388770147,-67746218.69914615,-0.006277963058173145,-2.431959546550036,1.0261431265914465,0.0,0.0,67271371241465.69,-3.8046561740369604,0.02202077526168822,0.02202077526168822,46793611475036.02,84549440206729.77,1591806798239442.5,-26243554124.38476,0.03366355443217176,0.04516108336049642,-0.10148742032062655,0.022020775261688125,486375251630552.4,2124975661345031.0,2209525101551760.8,2078182049869995.0,147510.8790864817,-26243554124.38476,1.0,599.1508044689197,2.1279651792468842e-08,2.1279651792468842e-08,0.04958250049575086,45071.82719239739,599.1508044689197
2170.0,4355.490806459924,10792158166.448055,479.6084548345502,7.752207013857197e-05,2.779545887462949,0.234068168597377,4258310175132332.0,0.41787974140705547,0.41787974140705547,6969964957510.238,3.3069839175283327,207910.20113965299,200027.15976570803,195617.06798072107,7883.041373944974,4410.09178498695,1.152555667393894,0.037915606500952534,0.03791560650095253,0.03791560650095253,0.022047464905028367,4410.09178498695,-67201977.75688927,-0.006226926692551149,-2.5213986989420483,1.0240058470606836,0.0,0.0,68317394303682.69,-3.8034312920660653,0.022047464905028513,0.022047464905028513,47594408072132.4,85075029340268.16,1616981925887847.2,-27211333559.658928,0.035149083563124746,0.03857039478623942,-0.09907580700667709,0.022047464905028367,494148411816916.0,2158724745776895.8,2243799775117163.8,2111130337704763.2,149829.3391320851,-27211333559.658928,1.0,601.9298593211344,2.0780055431421097e-08,2.0780055431421097e-08,0.049607806519133435,45787.728848635976,601.9298593211344
2171.0,4401.607507955091,10793169659.052917,479.07159406328435,7.717553509174484e-05,2.7813326922300745,0.2340936665888871,4326627569436014.5,0.417459616920431,0.417459616920431,6942753623950.579,3.291239980438362,211111.29347637156,203182.91437105316,198701.43178942718,7928.379105318392,4481.482581625981,1.1563323337901077,0.0375554475308341,0.0375554475308341,0.037555447530834105,0.022056394827775164,4481.482581625981,-66661665.594687775,-0.0061762825657775515,-2.606324641293414,1.021873019115352,0.0,0.0,69378796096931.56,-3.803021793669315,0.022056394827775327,0.022056394827775327,48369401827579.68,85572340804991.6,1642576711759485.2,-28130504040.050053,0.03658045924268803,0.031967601911775806,-0.09663858832687416,0.022056394827775164,502041553040533.06,2192987666627598.0,2278560007432589.5,2144618264800018.2,152186.68506537852,-28130504040.050053,1.0,604.411462788831,2.029178781473673e-08,2.029178781473673e-08,0.04963129323780491,46514.74672404866,604.411462788831
2172.0,4448.142278132188,10794150043.336111,478.5353342394897,7.683334787972423e-05,2.782900559747655,0.23411534233697992,4396006365532946.0,0.4170439139199695,0.4170439139199695,6914623119910.529,3.275016935572621,214357.96662132614,206386.82416611406,201836.43169598174,7971.142455212056,4550.392470132308,1.1597559066165788,0.037186126463372694,0.037186126463372694,0.037186126463372694,0.022047882603541805,4550.392470132308,-66125298.24020737,-0.006126031042252424,-2.6866554592243554,1.0197446334835651,0.0,0.0,70455392681302.44,-3.8034121340599345,0.022047882603541957,0.022047882603541957,49117619078674.96,86041707678365.53,1668596698703390.2,-29000162141.615776,0.03795127129829806,0.0253629109367708,-0.09417856029167183,0.022047882603541805,510056029234597.06,2227770347016662.5,2313812054695028.0,2178652727937987.2,154583.4263934025,-29000162141.615776,1.0,606.5974212914092,1.9814635007750595e-08,1.9814635007750595e-08,0.049627008578450926,47253.00530257923,606.5974212914092
2173.0,4495.098166234717,10795100273.32546,477.9996746904813,7.649544169320373e-05,2.784405774444247,0.2341359344300777,4466461758214248.5,0.41663258587293955,0.41663258587293955,6885622957768.913,3.258341626579657,217650.7972286059,209639.41712763236,205020.04600818263,8011.380100973534,4619.371119449734,1.1630847418083852,0.03680841146912463,0.03680841146912462,0.03680841146912462,0.022034840502525223,4619.371119449734,-65593430.99900954,-0.006076222484110683,-2.7666383989290964,1.0176206809127486,0.0,0.0,71546273284109.06,-3.804010487647158,0.022034840502525355,0.022034840502525355,49866574434163.555,86483651517733.56,1695019505594596.8,-29866138936.472202,0.0392574017109442,0.01876642596784739,-0.09169853720845184,0.022034840502525223,518192449105533.94,2263078529134294.5,2349562180652028.0,2213211954700130.8,157017.48595915927,-29866138936.472202,1.0,608.7034656932207,1.934886351599757e-08,1.934886351599757e-08,0.04961324151436397,48002.56004902336,608.7034656932207
2174.0,4542.478236874349,10796021273.955015,477.46461474432806,7.6161750965833e-05,2.7858952865640987,0.2341562765122909,4538008031498358.0,0.4162255867363309,0.4162255867363309,6855756818832.44,3.2412424810163984,220990.35207871356,212941.19875507444,208251.98740018503,8049.153323639134,4689.211354889418,1.1663967733935159,0.03642309832952409,0.03642309832952409,0.036423098329524096,0.022021155991908178,4689.211354889418,-65066222.59258276,-0.006026870542535194,-2.847583451412924,1.0155011521695994,0.0,0.0,72651087618945.44,-3.8046386906652687,0.022021155991908237,0.022021155991908237,50624825545457.57,86898830519333.81,1721840995547028.0,-30742571520.816177,0.04052539778697219,0.012178664771635914,-0.08919891662600023,0.022021155991908178,526451890768781.25,2298917711861267.0,2385816542380600.5,2248292886315809.2,159488.47745427318,-30742571520.816177,1.0,610.7947374556219,1.8894367761936128e-08,1.8894367761936128e-08,0.0495985939346284,48763.50994591184,610.7947374556219
2175.0,4590.285570052857,10796913941.942299,476.9301537298503,7.583221134712875e-05,2.7873676044563407,0.2341763501879721,4610659119117303.0,0.4158228709517005,0.4158228709517005,6825014247311.624,3.223736069860067,224377.19633870246,216292.72704660016,211532.8351976684,8084.469292102286,4759.891848931752,1.1696892926949531,0.03603070821822105,0.036030708218221054,0.036030708218221054,0.022006712449033183,4759.891848931752,-64543649.30647449,-0.005977972006958822,-2.9294544773771456,1.0133860380400455,0.0,0.0,73769879903783.44,-3.805302156736833,0.022006712449033405,0.022006712449033405,51392142665868.74,87287319213103.56,1749066025708774.8,-31629067889.078594,0.04177885287866499,0.005597260801256079,-0.08667935545954138,0.022006712449033183,534835791815513.7,2335293960190157.5,2422581279403261.0,2283901817524288.5,161996.84790616462,-31629067889.078594,1.0,612.8689293464764,1.8450881789825857e-08,1.8450881789825857e-08,0.049583459364018756,49535.987291503785,612.8689293464764
2176.0,4638.523261183621,10797779146.6397,476.39629097662026,7.550675967605694e-05,2.7888212364701017,0.23419613706147385,4684428999021086.0,0.4154243934400726,0.4154243934400726,6793385179422.546,3.2058284987080667,227811.8993693868,219694.61394276057,214863.22438485947,8117.285426626246,4831.389557901079,1.1729595635159225,0.03563152517096762,0.03563152517096761,0.035631525170967605,0.02199138827845754,4831.389557901079,-64025679.10751231,-0.005929522935967558,-3.0122132038575953,1.0112753293292067,0.0,0.0,74902827645289.56,-3.806006545431167,0.021991388278457702,0.021991388278457702,52168277417597.06,87648655306947.22,1776699916095204.0,-32525212917.846302,0.04303058572026848,-0.0009800067159263463,-0.084139534578195,0.02199138827845754,543345727547398.1,2372213921060199.5,2459862576367146.5,2320045643642602.0,164543.0872373527,-32525212917.846302,1.0,614.9237067962075,1.80181386967235e-08,1.80181386967235e-08,0.049568056713643394,50320.13714750676,614.9237067962075
2177.0,4687.194421112735,10798617730.860764,475.8630258149602,7.518533395526735e-05,2.7902546909545114,0.23421561873714888,4759331826666376.0,0.415030109596893,0.415030109596893,6760859966504.699,3.187520211897792,231295.0367013772,223147.50517351422,218243.82546023454,8147.531527862959,4903.679713279679,1.1762048226145847,0.03522570844605783,0.035225708446057824,0.03522570844605783,0.021975059543985015,4903.679713279679,-63512275.504311666,-0.005881519013568144,-3.0958191910612296,1.0091690168613543,0.0,0.0,76050177358272.44,-3.806757644030424,0.021975059543985154,0.021975059543985154,52952962698284.17,87982078419528.03,1804748283240860.2,-33430568008.13282,0.04428743383779886,-0.007555212162978478,-0.08157915976292582,0.021975059543985015,551983360024910.06,2409684605964054.5,2497666684383583.0,2356731643265770.5,167127.71284450337,-33430568008.13282,1.0,616.9567085681704,1.7595874244503198e-08,1.7595874244503198e-08,0.04955250706526293,51116.11261573116,616.9567085681704
2178.0,4736.302176139736,10799430511.68206,475.3303575759424,7.486787332596278e-05,2.791666476258698,0.23423477681934982,4835382004024648.0,0.4146399752870361,0.4146399752870361,6727429398496.566,3.1688086576589014,234827.19106677533,226652.0687975462,221675.33300339917,8175.122269229143,4976.735794147024,1.1794222802427996,0.03481335458679684,0.034813354586796845,0.03481335458679685,0.02195760144855516,4976.735794147024,-63003399.693181224,-0.005833955746557987,-3.1802297885472237,1.0070670914798703,0.0,0.0,77212208691012.06,-3.8075613022601975,0.02195760144855541,0.02195760144855541,53745912383891.62,88286664871044.69,1833216945830713.2,-34344670612.597073,0.0455529077736387,-0.014130282862672,-0.07899796267327355,0.02195760144855516,560750409093476.9,2447713267308082.0,2535999932179126.5,2393967354924190.0,169751.26085099293,-34344670612.597073,1.0,618.9655475177955,1.7183828747303713e-08,1.7183828747303713e-08,0.04953687612198321,51924.072152406254,618.9655475177955
2179.0,4785.849668037856,10800218281.221334,474.7982855913874,7.455431804338556e-05,2.793055100731792,0.23425359291242925,4912594212715660.0,0.41425394683986433,0.41425394683986433,6693084727883.97,3.1496897688638232,238408.95290440923,230208.9886080268,225158.4591182341,8199.96429638243,5050.529489792685,1.1826091207499316,0.03439453173417623,0.03439453173417624,0.03439453173417623,0.02193888918209072,5050.529489792685,-62499011.76231758,-0.005786828574658209,-3.2654000853635674,1.004969544047209,0.0,0.0,78389214441215.88,-3.8084233962307064,0.02193888918209086,0.02193888918209086,54546820925506.414,88561404299151.75,1862111870627596.8,-35267033697.445305,0.04682866062080576,-0.020706998329541877,-0.07639570182876686,0.02193888918209072,569648635712781.9,2486307327265885.0,2574868731565037.0,2431760506340378.5,172414.28109516145,-35267033697.445305,1.0,620.9478114419642,1.6781748027311366e-08,1.6781748027311366e-08,0.04952119771326702,52744.17802307266,620.9478114419642
2180.0,4835.840054073991,10800981807.392605,474.2668091938643,7.424460945290418e-05,2.794419072722923,0.2342720486207399,4990983427156876.0,0.4138719810443399,0.4138719810443399,6657817694186.524,3.1301587880180906,242040.9205722758,233818.9602605639,228693.92960291373,8221.960311711873,5125.030657650166,1.1857625032525902,0.03396929863046326,0.03396929863046326,0.03396929863046325,0.02191879842395552,5125.030657650166,-61999071.37747515,-0.005740132932641421,-3.3512828568092883,1.002876365444857,0.0,0.0,79581489449922.12,-3.8093498084867097,0.02191879842395572,0.02191879842395572,55355362895608.805,88805243747903.97,1891439140936586.5,-36197145167.82384,0.04811530146941909,-0.027286989433632593,-0.07377216360827334,0.02191879842395552,578679832165609.9,2525474335997805.0,2614279579745709.5,2470118973102196.5,175117.33420771186,-36197145167.82384,1.0,622.9010640199683,1.638938386651735e-08,1.638938386651735e-08,0.04950548684610867,53576.59539520187,622.9010640199683
2181.0,4886.276507028152,10801721834.63886,473.7359277166889,7.393868996668383e-05,2.7957569005812184,0.23429012554863426,5070564916606798.0,0.413494035144188,0.413494035144188,6621620549018.7,3.110210729253887,245723.70039766442,237482.68892185055,232282.48164233207,8241.011475813868,5200.207279518498,1.1888795623711985,0.03353771517552891,0.03353771517552891,0.03353771517552891,0.021897205657923774,5200.207279518498,-61503538.18086817,-0.005693864285936266,-3.4378285093865126,1.0007875465732916,0.0,0.0,80789324445664.44,-3.8103464169420107,0.021897205657923857,0.021897205657923857,56171192515822.91,89017113597808.08,1921204937653734.2,-37134467273.58426,0.04941284550803959,-0.03387173747099083,-0.07112716326900304,0.021897205657923774,587845816106344.2,2565221946275901.5,2654239059873709.5,2509050753760078.5,177860.98985560177,-37134467273.58426,1.0,624.8228458473379,1.600649418524408e-08,1.600649418524408e-08,0.04948974698727904,54421.491786730316,624.8228458473379
2182.0,4937.162215212525,10802439084.642996,473.20564049392334,7.363650304092522e-05,2.79706709265581,0.23430780530046508,5151354241052462.0,0.4131200668331104,0.4131200668331104,6584486081745.116,3.089840639459629,249457.90663769946,241200.88776587974,235924.8623480576,8257.018871819708,5276.025417822148,1.1919574090342189,0.033099848319547556,0.033099848319547556,0.033099848319547556,0.021873988386573815,5276.025417822148,-61012372.030300446,-0.005648018151478131,-3.5249850248769867,0.9987030783519446,0.0,0.0,82013002640226.25,-3.8114190887165336,0.02187398838657395,0.02187398838657395,56993943185051.86,89195943383580.03,1951415527322203.8,-38078436005.51242,0.05072096290280299,-0.04046257313952869,-0.06846054598598587,0.021873988386573815,597148426745472.5,2605557897252728.0,2694753840636308.0,2548563954067676.0,180645.8256354699,-38078436005.51242,1.0,626.7106755637153,1.5632843072162424e-08,1.5632843072162424e-08,0.04947397416058563,55279.0367125877,626.7106755637153
2183.0,4988.500382490179,10803134257.017614,472.67594686037546,7.333799315365588e-05,2.7983481572958246,0.23432506948058499,5233367243692688.0,0.4127500342500503,0.4127500342500503,6546407645739.604,3.069043748334431,253244.16139072127,244974.27694063087,239621.82776764847,8269.884450090412,5352.449172982388,1.1949931313507904,0.032655775377704005,0.032655775377704,0.032655775377704,0.021849025292886345,5352.449172982388,-60525533.14819458,-0.005602590110261544,-3.612697904120249,0.9966229517191603,0.0,0.0,83252797845996.81,-3.812573676681785,0.02184902529288646,0.02184902529288646,57823227019591.63,89340672004349.02,1982077254070592.5,-39028460488.2572,0.05203911623960409,-0.04706067542096859,-0.06577218791230915,0.021849025292886345,606589522215265.6,2646490003305449.5,2735830675309798.5,2588666776285858.0,183472.42632692948,-39028460488.2572,1.0,628.5620510758091,1.526820073335641e-08,1.526820073335641e-08,0.0494581592842569,56149.401440719,628.5620510758091
2184.0,5040.294228293294,10803808029.974274,472.14684615159723,7.304310578305903e-05,2.799598602850393,0.2343418996933465,5316620041538685.0,0.4123838959745061,0.4123838959745061,6507379185251.347,3.047815557091464,257083.09448085236,248803.58279398296,243374.14215138406,8279.511686869411,5429.440642598895,1.197983795552549,0.03220558591605902,0.03220558591605902,0.03220558591605903,0.02182219637526136,5429.440642598895,-60042982.218823455,-0.005557575815142138,-3.7009101108705917,0.994547157632157,0.0,0.0,84508973427522.0,-3.813816017506015,0.021822196375261504,0.021822196375261504,58658634412778.62,89450254846865.6,2013196533681833.0,-39983922374.03668,0.053366636253695074,-0.053667070370826936,-0.06306199726007337,0.02182219637526136,616170977581390.5,2688026145676002.0,2777476400522867.5,2629367511263223.5,186341.38334339016,-39983922374.03668,1.0,630.3744508764058,1.491234339716728e-08,1.491234339716728e-08,0.049442289534676664,57032.7588079939,630.3744508764058
2185.0,5092.546987640973,10804461060.972816,471.61833770388483,7.275178738632583e-05,2.8008169376686447,0.23435827754310243,5401129014966207.0,0.41202161102189494,0.41202161102189494,6467395262877.31,3.0261518933458165,260975.34332801515,252689.537240552,247182.5773576186,8285.806087463165,5506.959882933392,1.2009264470052499,0.03174938284130883,0.03174938284130883,0.03174938284130883,0.02179338307027311,5506.959882933392,-59564680.45487475,-0.005512970995844529,-3.789562015995989,0.992475687066987,0.0,0.0,85781781703776.62,-3.8151519305340282,0.02179338307027323,0.02179338307027323,59499733619493.25,89523669230767.28,2044779848810893.5,-40944175239.97031,0.05470276338515466,-0.060282629819166815,-0.06032991540181276,0.02179338307027311,625894683200397.4,2730174265630784.5,2819697934861551.5,2670674532011291.0,189253.29428942243,-40944175239.97031,1.0,632.1453354602074,1.4565053194909713e-08,1.4565053194909713e-08,0.04942634917018207,57929.283068196164,632.1453354602074
2186.0,5145.261911156678,10805093987.351286,471.0904208542771,7.246398537901668e-05,2.8020016700997084,0.23437418463420528,5486910796669984.0,0.4116631388389652,0.4116631388389652,6426451087637.339,3.0040489474340886,264921.55281003885,256632.8772032294,251047.9123301536,8288.675606809436,5584.9648730758045,1.203818111290833,0.03128728304243635,0.03128728304243636,0.03128728304243636,0.021762468370929072,5584.9648730758045,-59090589.64507316,-0.005468771462260864,-3.8785913422217697,0.9904085310184988,0.0,0.0,87071463587812.94,-3.8165872171357536,0.02176246837092921,0.02176246837092921,60346070369639.516,89559918962241.9,2076833744800824.0,-41908543991.2332,0.05604667041200868,-0.06690806998535165,-0.057575917991980995,0.021762468370929072,635762543254811.4,2772942358425275.0,2862502277387517.0,2712596288055635.5,192208.76257365439,-41908543991.2332,1.0,633.8721488371853,1.4226118028556866e-08,1.4226118028556866e-08,0.049410320054381174,58839.1497564992,633.8721488371853
2187.0,5198.442265085197,10805707426.937063,470.56309494055506,7.217964811491794e-05,2.8031513084927133,0.23438960257100772,5573982260257797.0,0.411308439299257,0.411308439299257,6384542543646.105,2.9815032986071954,268922.3751203608,260634.34409240785,254970.9326102945,8288.031027952964,5663.411482113357,1.2066557953604526,0.03081941777527257,0.03081941777527257,0.030819417775272563,0.021729336944579323,5663.411482113357,-58620672.18942941,-0.0054249731066470085,-3.9679331095879706,0.9883456805002968,0.0,0.0,88378248345722.25,-3.81812766032297,0.02172933694457957,0.02172933694457957,61197167514072.945,89558038433436.17,2109364825788626.5,-42876324271.86421,0.057397474608371794,-0.07354395001038733,-0.054800016107992254,0.021729336944579323,645776474371502.0,2816338467674201.5,2905896506107637.5,2755141300160128.5,195208.39704860837,-42876324271.86421,1.0,635.552320143953,1.3895331431612649e-08,1.3895331431612649e-08,0.04939418201137191,59762.53556168612,635.552320143953
2188.0,5252.091331309196,10806301978.63971,470.03635930124096,7.189872486638077e-05,2.8042643611967892,0.23440451295786235,5662360508603519.0,0.4109574726986103,0.4109574726986103,6341666219374.241,2.9585119357685636,272978.469623104,264694.68330229085,258952.42986269813,8283.78632081316,5742.253439592713,1.209436488758939,0.030345932894452882,0.030345932894452882,0.030345932894452882,0.021693875252623996,5742.253439592713,-58154891.12585024,-0.005381571905060786,-4.057519581773171,0.986287126544702,0.0,0.0,89702353410175.0,-3.8197790245243675,0.02169387525262423,0.02169387525262423,62052524706121.414,89517096509231.81,2142379750928308.5,-43846781884.88479,0.05875424410666765,-0.08019067041071178,-0.05200225741021767,0.021693875252623996,655938404270526.9,2860370679904957.0,2949887776414189.0,2798318155198835.5,198252.81166147738,-43846781884.88479,1.0,637.1832653535105,1.3572492426730655e-08,1.3572492426730655e-08,0.04937791308615824,60699.618201220765,637.1832653535105
2189.0,5306.212407365362,10806878223.02607,469.51021327559766,7.16211658051294e-05,2.805339336561065,0.23441889739912192,5752062862013694.0,0.41061019975072094,0.41061019975072094,6297819437489.356,2.93507227534198,277090.5027063636,268814.64371292235,262993.2014033717,8275.85899344126,5821.442309550669,1.2121571649210832,0.029866988989555133,0.029866988989555133,0.029866988989555133,0.021655971673059653,5821.442309550669,-57693210.15028329,-0.0053385639182421014,-4.147280213430466,0.9842328602027143,0.0,0.0,91043984213674.12,-3.8215470554593125,0.02165597167305988,0.02165597167305988,62911618121685.71,89436200333054.8,2175885230634963.5,-44819152223.30861,0.06011600105609434,-0.08684847145751928,-0.04918272732025701,0.021655971673059653,666250270415043.5,2905047119171692.5,2994483319504747.0,2842135501050007.0,201342.6251069281,-44819152223.30861,1.0,638.7623890835357,1.3257405382179311e-08,1.3257405382179311e-08,0.049361489750930465,61650.5762964436,638.7623890835357
2190.0,5360.808806460087,10807436722.878141,468.9846562036275,7.134692198352626e-05,2.8063747429346706,0.23443273749913887,5843106846227368.0,0.41026658158274265,0.41026658158274265,6253000285266.048,2.911182177696849,281259.14763402205,272994.9771917957,267094.049723413,8264.170442226356,5900.927468382703,1.2148147825400526,0.029382761455921773,0.029382761455921773,0.029382761455921773,0.02161551662628921,5900.927468382703,-57235593.63170575,-0.005295945292054717,-4.237141598679317,0.9821828725439724,0.0,0.0,92403334023361.0,-3.8234374800782422,0.021615516626289466,0.021615516626289466,63773900220839.57,89314499121441.2,2209888022796956.2,-45792639713.60145,0.061481723013794926,-0.09351743148591332,-0.046341550216730136,0.02161551662628921,676714018646097.9,2950375941663893.5,3039690440785334.5,2886602041443054.0,204478.4604770222,-45792639713.60145,1.0,640.2870865032266,1.2949879868441298e-08,1.2949879868441298e-08,0.04934488707998308,62615.58924639083,640.2870865032266
2191.0,5415.883857484738,10807978023.734228,468.45968742607164,7.107594531628167e-05,2.807369088666735,0.23444601486226602,5935510180250729.0,0.409926579730936,0.409926579730936,6207207645552.446,2.88683996291767,285485.084396153,277236.4380918946,271255.7820050776,8248.646304258382,5980.656086817008,1.2174062870081497,0.028893440516185285,0.02889344051618528,0.02889344051618528,0.021572402704274466,5980.656086817008,-56782006.62278204,-0.005253712257564665,-4.3270274208981,0.9801371546567152,0.0,0.0,93780583768611.38,-3.825456006552843,0.02157240270427463,0.02157240270427463,64638799553830.57,89151187981981.16,2244394928928036.8,-46766417273.162056,0.06285034336518307,-0.10019746513837824,-0.043478890647759234,0.021572402704274466,687331601793684.2,2996365330275552.0,3085516518257533.0,2931726530721721.0,207660.94490563957,-46766417273.162056,1.0,641.7547453384822,1.2649730515774974e-08,1.2649730515774974e-08,0.049328078906021755,63594.83709943801,641.7547453384822
2192.0,5471.440905030469,10808502654.413834,467.935306284409,7.080818856259649e-05,2.8083208821063868,0.2344587110928559,6029290764019340.0,0.4095901561363626,0.4095901561363626,6160441228279.284,2.862044426349296,289768.99955793977,281539.78274474386,275479.20962848177,8229.216813195872,6060.5731162621005,1.219928611930062,0.028399231200542642,0.028399231200542642,0.02839923120054265,0.021526524802915253,6060.5731162621005,-56332414.86674312,-0.0052118611308050915,-4.416858403965441,0.978095697647744,0.0,0.0,95175901857888.12,-3.8276083243074575,0.021526524802915392,0.021526524802915392,65505720614388.03,88945511769174.53,2279412790245448.0,-47739625783.43052,0.06422075121546249,-0.10688832154725313,-0.040594954559239727,0.021526524802915253,698104978259822.1,3043023489119658.0,3131969000888833.0,2977517768505270.0,210890.70920610928,-47739625783.43052,1.0,643.1627479750451,1.235677687329794e-08,1.235677687329794e-08,0.04931103796518754,64588.5004223725,643.1627479750451
2193.0,5527.483309402635,10809011127.526804,467.411512120856,7.054360530872647e-05,2.8092286316027564,0.2344708077952612,6124466665877228.0,0.40925727314062527,0.40925727314062527,6112701602495.854,2.836794854152397,294111.58610699145,285905.76894808904,279765.14766829216,8205.817158902415,6140.621279796857,1.2223786807086232,0.02790035328943932,0.02790035328943932,0.02790035328943932,0.02147778025742387,6140.621279796857,-55886784.80088119,-0.00517038831226262,-4.506552265101714,0.9760584926423821,0.0,0.0,96589443984330.75,-3.8299001040878466,0.021477780257423973,0.021477780257423973,66374043743252.12,88696768981026.6,2314948483668696.0,-48711373580.26555,0.06559179099813878,-0.11358958246108664,-0.037689990537923,0.02147778025742387,709036110572053.6,3090358637984002.0,3179055406965028.5,3023984594240749.5,214168.38750154717,-48711373580.26555,1.0,644.5084736589787,1.2070843269989918e-08,1.2070843269989918e-08,0.04929373603498832,65596.76016674499,644.5084736589787
2194.0,5584.0144466347065,10809503939.967148,466.8883042783651,7.028214995095678e-05,2.810090845504972,0.2344822865738345,6221056109861559.0,0.4089278934816521,0.4089278934816521,6063990228915.588,2.8110910389940083,298513.54329891945,290335.1554484547,284114.4143803821,8178.387850464732,6220.741068072624,1.224753408203022,0.027397041219919538,0.027397041219919538,0.027397041219919538,0.021426068980396132,6220.741068072624,-55445083.55696131,-0.005129290286111855,-4.596023669466463,0.9740255307844382,0.0,0.0,98021352921194.0,-3.8323369980658977,0.02142606898039623,0.02142606898039623,67243125084846.48,88404315692177.97,2351008917738849.5,-49680735963.28001,0.0669622619376721,-0.12030066031994804,-0.034764291068259005,0.021426068980396132,720126963907350.0,3138379006731045.5,3226783322423223.5,3071135881646199.5,217494.61684788417,-49680735963.28001,1.0,645.7893007936474,1.1791758677909792e-08,1.1791758677909792e-08,0.049276144067719185,66619.79753249792,645.7893007936474
2195.0,5641.037708501804,10809981573.392008,466.3656821006243,7.002377767897622e-05,2.8109060321621646,0.23449312903292846,6319077462782753.0,0.40860198028952605,0.40860198028952605,6014309492952.308,2.784933295936941,302975.57650106837,294828.70141927246,288527.83067887474,8146.875081795903,6300.870740397716,1.2270497024593066,0.026889543955590674,0.026889543955590674,0.026889543955590674,0.021371293602237596,6300.870740397716,-55007278.95879164,-0.005088563619219121,-4.685184186672517,0.9719968032361661,0.0,0.0,99471758309270.75,-3.8349246399802124,0.021371293602237773,0.021371293602237773,68112296600024.164,88067569514940.22,2387601028461859.0,-50646754725.87753,0.06833091744328201,-0.12702079628497087,-0.03181819380186931,0.021371293602237596,731379504587546.1,3187092829649429.5,3275160399164369.5,3118980533049405.0,220870.03684990245,-50646754725.87753,1.0,647.0026093321552,1.1519356577850734e-08,1.1519356577850734e-08,0.049258232320861906,67657.79382897231,647.0026093321552
2196.0,5698.5565025337355,10810444494.686203,465.8436449320562,6.976844445964071e-05,2.811672699923461,0.23450331677689568,6418549221092024.0,0.4082794970823573,0.4082794970823573,5963662738226.43,2.75832247855765,307498.3970343097,299387.16593555827,293006.21960428514,8111.231098751452,6380.946331273133,1.229264466512874,0.026378124819448817,0.02637812481944882,0.02637812481944882,0.021313359613573425,6380.946331273133,-54573339.51715847,-0.005048204959933295,-4.773942249380939,0.969972301178228,0.0,0.0,100940776438964.38,-3.8376686453132947,0.021313359613573613,0.021313359613573613,68980866137799.766,87686013576625.16,2424731775081794.0,-51608437707.77004,0.06969646447764746,-0.13374905822761154,-0.0288520828384421,0.021313359613573425,742795698548166.8,3236508339767760.5,3324194353344385.5,3167527473629961.0,224295.2892708208,-51608437707.77004,1.0,648.1457832639107,1.1253474827608641e-08,1.1253474827608641e-08,0.04923997048552908,68710.93033346433,648.1457832639107
2197.0,5756.574252027605,10810893156.412775,465.32219211781745,6.951610702111565e-05,2.8123893571379934,0.23451283141008888,6519489997530988.0,0.40796040776219983,0.40796040776219983,5912054300518.659,2.7312599953027417,312082.72201285744,304011.30744637264,297550.405783725,8071.414566484806,6460.901662647679,1.2313946002626017,0.025863061288449906,0.025863061288449906,0.025863061288449903,0.021252175509252652,6460.901662647679,-54143234.42230478,-0.0050082110366790784,-4.8622031141471425,0.9679520158096542,0.0,0.0,102428510030052.38,-3.8405746115063475,0.021252175509252846,0.021252175509252846,69848117568973.71,87259200499380.97,2462408135791965.5,-52564758371.82223,0.07105756292584488,-0.1404843386843137,-0.02586639001676045,0.021252175509252652,754377509783151.2,3286633763144090.0,3373892963643471.0,3216785645575116.5,227771.01763616275,-52564758371.82223,1.0,649.2162131938107,1.099395553300042e-08,1.099395553300042e-08,0.04922132781359734,69779.38814756223,649.2162131938107
2198.0,5815.094396059998,10811327997.249943,464.8013230037975,6.926672283738752e-05,2.813054512154889,0.2345216545368606,6621918507561040.0,0.4076446766110107,0.4076446766110107,5859489542146.837,2.703747826083147,316729.2741821014,308701.8832464931,302161.2148843369,8027.390935608307,6540.66836215623,1.2334370024160528,0.025344644748540077,0.025344644748540077,0.025344644748540077,0.021187652933537884,6540.66836215623,-53716933.53411336,-0.004968578656366474,-4.949868824690768,0.965935938347807,0.0,0.0,103935048012405.25,-3.843648118212991,0.02118765293353797,0.02118765293353797,70713310984506.58,86786756367012.5,2500637103393578.5,-53514655407.09396,0.07241282497971979,-0.14722535278248414,-0.022861596214491985,0.021187652933537884,766126898768509.4,3337477313146594.0,3424264069513606.5,3266764002162088.0,231297.86683279436,-53514655407.09396,1.0,650.2112990121859,1.0740644921739287e-08,1.0740644921739287e-08,0.049202273243968975,70863.34805154256,650.2112990121859
2199.0,5874.1203894986575,10811749442.414875,464.2810369366181,6.902025011313489e-05,2.813666673323278,0.23452976776156348,6725853555573445.0,0.4073322682866519,0.4073322682866519,5805974886739.743,2.6757885390983693,321438.7817544952,313459.6489489067,306839.47306130483,7979.13280558853,6620.17588760186,1.2353885725051834,0.024823180208798635,0.024823180208798635,0.024823180208798635,0.021119706826064035,6620.17588760186,-53294407.37014173,-0.004929304702628964,-5.036838177768232,0.9639240600283404,0.0,0.0,105460465311061.0,-3.8468947275930887,0.021119706826064122,0.021119706826064122,71575682961467.81,86268384661776.02,2539425680913031.0,-54457032360.01963,0.07376081454728356,-0.15397063614390089,-0.019838232655285046,0.021119706826064035,778045820868405.5,3389047184742904.5,3475315569404680.5,3317471501781436.5,234876.48270415651,-54457032360.01963,1.0,651.1284526534914,1.0493393220249904e-08,1.0493393220249904e-08,0.049182775528363365,71962.99035714833,651.1284526534914
2200.0,5933.655703013762,10812157904.074661,463.7613332636324,6.877664776894983e-05,2.81422434899229,0.23453715268855027,6831314020884506.0,0.407023147818934,0.407023147818934,5751517854379.724,2.6473853078790857,326211.9782435948,318285.357959914,311586.00640197843,7926.620283680781,6699.351557935587,1.2372462129717496,0.024298985973352803,0.024298985973352803,0.024298985973352803,0.021048255568134954,6699.351557935587,-52875627.091643654,-0.004890386133901817,-5.123006691829064,0.9619163721051637,0.0,0.0,107004822639208.75,-3.850319984648055,0.021048255568135055,0.021048255568135055,72434446899308.16,85703870152797.69,2578780877190550.0,-55390757295.687004,0.07510004669366649,-0.16071854277189673,-0.016796882221630092,0.021048255568134954,790136224727659.2,3441351548817517.5,3527055418970315.0,3368917101918209.0,238507.51164286202,-55390757295.687004,1.0,651.965100941361,1.0252054533485132e-08,1.0252054533485132e-08,0.049162803356799234,73078.49475911642,651.965100941361
2201.0,5993.7038230886965,10812553781.744854,463.24221133292383,6.853587542690032e-05,2.8147260475110527,0.23454379092217345,6938318843523715.0,0.40671728060570195,0.40671728060570195,5696127097084.037,2.618541928533616,331049.6022963776,323179.7609587869,316401.64036780625,7869.841337590705,6778.120590980588,1.239006831321553,0.023772393269770802,0.023772393269770795,0.023772393269770795,0.020973221128921374,6778.120590980588,-52460564.48770463,-0.004851819981351243,-5.208266578641888,0.9599128658504028,0.0,0.0,108568166302680.88,-3.853929417598814,0.020973221128921637,0.020973221128921637,73288793429129.81,85093082716498.36,2618709702454146.0,-56314662491.22968,0.07642898711847848,-0.16746724292888213,-0.01373818077185892,0.020973221128921374,802400050655052.2,3494398546538329.0,3579491629254827.5,3421109753109198.5,242191.60018194676,-56314662491.22968,1.0,652.7186885174275,1.0016486727789437e-08,1.0016486727789437e-08,0.04914232548298991,74210.04018585947,652.7186885174275
2202.0,6054.268252030414,10812937462.675978,462.723670493306,6.829789339642518e-05,2.8151702772286975,0.23454966406678573,7046887009826396.0,0.4064146324089616,0.4064146324089616,5639812434592.808,2.58926283718179,335952.3975240338,328143.60538409324,321287.1992359545,7808.7921399405695,6856.406148138743,1.2406673423465038,0.02324374583271707,0.02324374583271707,0.023243745832717072,0.02089452921111565,6856.406148138743,-52049191.95761043,-0.004813603346664444,-5.292506718079055,0.9579135325543616,0.0,0.0,110150528019677.38,-3.8577285383075663,0.020894529211115787,0.020894529211115787,74137890898531.31,84435981068213.1,2659219163894376.5,-57227544163.38131,0.07774605167353046,-0.17421472101099666,-0.010662818459565966,0.02089452921111565,814839229002316.9,3548196283795224.5,3632632264863437.5,3474058392896693.0,245929.39458620292,-57227544163.38131,1.0,653.3866808510138,9.786551316838513e-09,9.786551316838513e-09,0.049121310849704614,75357.80464975159,653.3866808510138
2203.0,6115.35250797931,10813309322.228334,462.20571009432103,6.806266266055273e-05,2.8155555464943522,0.23455475372673973,7157037537846073.0,0.4061151693510473,0.4061151693510473,5582584890429.427,2.5595531275581527,340921.1123314613,333177.6349289503,326243.5055426444,7743.477402511007,6934.12938630586,1.242224670413319,0.02271339944175236,0.022713399441752363,0.022713399441752363,0.020812109395591798,6934.12938630586,-51641482.49156215,-0.004775733399710073,-5.375612636251203,0.9559183635254856,0.0,0.0,111751924759455.38,-3.8617228427444243,0.02081210939559197,0.02081210939559197,74980885934478.6,83732616383036.72,2700316261256665.5,-58128162232.263565,0.07904960592439439,-0.18095877342690442,-0.007571541053646947,0.020812109395591798,827455678544062.6,3602752825735207.0,3686485442118243.5,3527771939800728.0,249721.5404451412,-58128162232.263565,1.0,653.9665673264731,9.562113350672075e-09,9.562113350672075e-09,0.049099728714165236,76521.96509750321,653.9665673264731
2204.0,6176.960124918602,10813669724.235449,461.6883294862394,6.783014486243514e-05,2.815880363657147,0.23455904150638812,7268789462605528.0,0.4058188579108298,0.4058188579108298,5524456728197.163,2.529418568765061,345956.499745748,338282.5890476207,331271.3795304103,7673.910698127272,7011.209517210434,1.2436757518175952,0.022181721412278768,0.022181721412278768,0.022181721412278765,0.02072589528461795,7011.209517210434,-51237409.64984623,-0.004738207376078229,-5.457466487187043,0.9539273500903233,0.0,0.0,113372358603798.75,-3.865917811499798,0.020725895284618212,0.020725895284618212,75816904086529.9,82983135782825.39,2742007982469357.0,-59015240123.52412,0.08033796475903061,-0.1876970064879727,-0.0044651512570607,0.02072589528461795,840251304864351.6,3658076191420238.5,3741059327203064.0,3582259287333708.5,253568.68226925834,-59015240123.52412,1.0,654.4558644047345,9.343041307825557e-09,9.343041307825557e-09,0.04907754877347803,77702.69726115196,654.4558644047345
2205.0,6239.094652683319,10814019021.356512,461.1715280200589,6.760030229219001e-05,2.8161432370662105,0.23456250901008346,7382161821209327.0,0.4055256649199638,0.4055256649199638,5465441488073.639,2.498865623154979,351059.3172439822,343459.20247602,336371.6386016445,7600.114767962231,7087.563874375483,1.2450175372017753,0.021649090038764692,0.021649090038764696,0.021649090038764696,0.020635824643162184,7087.563874375483,-50836947.54056387,-0.004701022574508739,-5.537947038254317,0.9519404835934875,0.0,0.0,115011816635113.25,-3.8703189103434115,0.02063582464316227,0.02063582464316227,76645050552575.72,82187785665236.1,2784301299326996.0,-59887464610.94714,0.08160939204660206,-0.1944268343173006,-0.001344510022329346,0.020635824643162184,853227998756046.1,3714174348635617.5,3796362134300854.0,3637529298083042.0,257471.4630914097,-59887464610.94714,1.0,654.8521188552365,9.129206990556491e-09,9.129206990556491e-09,0.04905474129000531,78900.17551023477,654.8521188552365
2206.0,6301.759656968737,10814357555.418158,460.6553050475035,6.737309787404186e-05,2.8163426750706724,0.23456513784217844,7497173637844440.0,0.40523555755917523,0.40523555755917523,5405554023462.691,2.4679014643200623,356230.3265807664,348708.2047688294,341545.09678094205,7522.121811937003,7163.10798788731,1.2462469940354486,0.0211158939895353,0.021115893989535305,0.0211158939895353,0.020541839537833586,7163.10798788731,-50440070.79602179,-0.004664176354216303,-5.616929659520737,0.9499577553976196,0.0,0.0,116670270854992.75,-3.8749315908304065,0.020541839537833728,0.020541839537833728,77464410989085.28,81346914849696.66,2827203163249569.5,-60743485701.69043,0.0828621003495375,-0.2011454767852865,0.0017894621382982976,0.020541839537833586,866387634639436.6,3771055208878092.0,3852402123727789.0,3693590797889006.5,261430.5240752002,-60743485701.69043,1.0,655.1529110541885,8.920485423153527e-09,8.920485423153527e-09,0.049031277216641245,80114.57270574186,655.1529110541885
2207.0,6364.958719338447,10814685657.745836,460.1396599210233,6.714849515375543e-05,2.8164771860196627,0.23456690960702567,7613843908699433.0,0.4049485033545876,0.4049485033545876,5344810537761.001,2.4365339951659704,361470.2936158777,354030.319856061,346792.5641889244,7439.973759816649,7237.755667136622,1.2473611091562198,0.02058253165258128,0.02058253165258128,0.020582531652581275,0.0204438864729984,7237.755667136622,-50046754.547882736,-0.004627666132120779,-5.694286317254084,0.9479791568833511,0.0,0.0,118347678137132.88,-3.8797612909552335,0.02044388647299855,0.02044388647299855,78274052407651.08,80460977514294.48,2870720501139787.0,-61581916566.3061,0.08409425069189477,-0.20784995747964471,0.0049357838501859815,0.0204438864729984,879732069007076.4,3828726622554514.0,3909187600068808.5,3750452570146863.0,265446.50413243234,-61581916566.3061,1.0,655.3558583447577,8.71675475330806e-09,8.71675475330806e-09,0.04900712832174259,81346.06005649208,655.3558583447577
2208.0,6428.69543723181,10815003649.485176,459.6245919937927,6.692645828635364e-05,2.8165452782623093,0.2345678059089778,7732191586836566.0,0.40466447017408697,0.40466447017408697,5283228621194.695,2.404771866045663,366779.9881425434,359426.2656220215,352114.8465303444,7353.722520521895,7311.419091677079,1.2483568913692646,0.020049410432021672,0.020049410432021672,0.020049410432021672,0.0203419165236129,7311.419091677079,-49656974.40117452,-0.004591489379990947,-5.769885571761462,0.9460046794492658,0.0,0.0,120043980218418.75,-3.8848134358534363,0.020341916523613057,0.020341916523613057,79073024159403.2,79530535896745.62,2914860211361512.0,-62401333515.71207,0.08530395238707017,-0.21453710171799942,0.008093411583407982,0.0203419165236129,893263138902075.5,3887196374422991.0,3966726910319736.5,3808123350263587.5,269520.0395517451,-62401333515.71207,1.0,655.4586184544935,8.517896156523136e-09,8.517896156523136e-09,0.04898482962096695,82594.80697859933,655.4586184544935
2209.0,6492.973423971103,10815311841.913546,459.11010061971064,6.670695202411298e-05,2.8165277699118665,0.23456760828777154,7852235567054985.0,0.404383426223725,0.404383426223725,5220827287678.983,2.3726244929277827,372160.1837168796,364896.753509767,357513.23334240395,7263.430207112576,7383.520167363067,1.2491995712064008,0.019516945995056316,0.019516945995056316,0.019516945995056316,0.02023454606363177,7383.520167363067,-49270666.290119,-0.004555639912219265,-5.84284691452307,0.9440343145118628,0.0,0.0,121759570062508.0,-3.8901603113237075,0.020234546063631842,0.020234546063631842,79855073101089.27,78556262731897.2,2959633979440895.5,-63192211425.12939,0.08648926292790413,-0.22120353461139527,0.011261238371951473,0.02023454606363177,906983126768006.5,3946472179309991.0,4025028442041888.5,3866617106208902.0,273652.2092660483,-63192211425.12939,1.0,655.4321945224622,8.323773411377035e-09,8.323773411377035e-09,0.0489767890881061,83861.02407635568,655.4321945224622
2210.0,6557.796308768042,10815610536.742186,458.596185153399,6.648994170482922e-05,2.8163189091531726,0.23456512935321944,7973995137117493.0,0.4041053400441602,0.4041053400441602,5157635076253.8545,2.3401020755730997,377611.66411402833,370442.4946534064,362991.4477852598,7169.169460621968,7451.046868146526,1.2496986326654116,0.01898556146946,0.01898556146946,0.01898556146946,0.02011390965045163,7451.046868146526,-48887574.64462107,-0.004520093847549608,-5.908572972278355,0.9420680535055196,0.0,0.0,123497115322404.38,-3.896201409065285,0.02011390965045179,0.02011390965045179,80587621016885.44,77538944757993.25,3005077498379403.5,-63904824096.08387,0.08764311530748137,-0.22784404207303513,0.014437672381685675,0.02011390965045163,920896629034153.8,4006561748430443.0,4084100693188436.0,3925974127413557.0,277846.31188139797,-63904824096.08387,1.0,655.1170600713579,8.134158571578123e-09,8.134158571578123e-09,0.04896913451801388,85145.13590386187,655.1170600713579
2211.0,6623.167736729916,10815900026.409143,458.0828449502022,6.627539324034686e-05,2.815907740807292,0.23456026964619767,8097492252439897.0,0.40383018050713637,0.40383018050713637,5093730252157.7705,2.307217837780054,383135.255635194,376064.21781461104,368550.6662569018,7071.037820582997,7513.55155770923,1.2498339588408067,0.01845572214141461,0.01845572214141461,0.01845572214141461,0.019979437558223626,7513.55155770923,-48507664.94441213,-0.0044848477543219835,-5.96636787002,0.9401058878824539,0.0,0.0,125256601282583.75,-3.902977764530743,0.019979437558223845,0.019979437558223845,81265822491453.72,76479638150383.69,3051201334374558.0,-64531638402.915985,0.08873031824603264,-0.2344434614464133,0.017618547423804077,0.019979437558223626,935005826526573.5,4067472983392585.5,4143952621542969.0,3986207160901131.5,282103.3226013971,-64531638402.915985,1.0,654.4971214364348,7.948941899198148e-09,7.948941899198148e-09,0.048958744616341754,86447.3436555047,654.4971214364348
2212.0,6689.09136886522,10816180594.3633,457.57007936618606,6.606327310534534e-05,2.8153018957048266,0.2345531410484198,8222748853722481.0,0.4035579168119982,0.4035579168119982,5029198613754.8545,2.2740003254699928,388731.7889467319,381762.5566004589,374191.44417814614,6969.2323462729955,7571.112422312806,1.249619154355487,0.01792812562398387,0.017928125623983875,0.017928125623983875,0.01983199318899287,7571.112422312806,-48130950.84450361,-0.004449902664308913,-6.016326283692535,0.9381478091126871,0.0,0.0,127037258173839.62,-3.9104599032354797,0.01983199318899298,0.01983199318899298,81890519259962.7,75380475661366.98,3098010093550354.5,-65073671599.033066,0.08972664551006446,-0.24098552498076709,0.02079934770449923,0.01983199318899287,949312143546087.8,4129212756356405.0,4204593232017771.5,4047322237096442.5,286423.66559271753,-65073671599.033066,1.0,653.5847280183519,7.768039625527862e-09,7.768039625527862e-09,0.04894532669578422,87767.7785854286,653.5847280183519
2213.0,6755.570882088775,10816452515.339758,457.05788775813755,6.585354832637607e-05,2.8145090046763803,0.23454385544159945,8349786111896321.0,0.4032885184822436,0.4032885184822436,4964124942155.821,2.2404884864473447,394402.088423952,387538.0693678126,379914.24547777034,6864.019056139404,7623.823890042218,1.2490681164692874,0.017403607276950093,0.017403607276950093,0.01740360727695009,0.019672451541287012,7623.823890042218,-47757449.39181057,-0.004415259931486923,-6.058557201299498,0.9361938086840074,0.0,0.0,128838175934566.38,-3.918618204026115,0.019672451541287272,0.019672451541287272,82462729091954.48,74244336185119.08,3145507608987236.5,-65532096279.32576,0.0906193211751894,-0.24745462646975494,0.02397565689721162,0.019672451541287012,963816787124198.4,4191787125203390.0,4266031461388509.0,4109324396111435.0,290807.6936062278,-65532096279.32576,1.0,652.3925675873954,7.59137077233173e-09,7.59137077233173e-09,0.04892874093616628,89106.5518715425,652.3925675873954
2214.0,6822.609969226436,10816716055.626863,456.5462694835634,6.564618647114336e-05,2.813536698552555,0.23453252470745017,8478624287830887.0,0.403021955362112,0.403021955362112,4898592845876.495,2.206726578416692,400146.970253856,393391.2691560742,385719.4735279147,6755.7010977817745,7671.795628159451,1.2481949971643118,0.016883049479284852,0.016883049479284852,0.016883049479284852,0.019501692664957795,7671.795628159451,-47387178.57782942,-0.004380921005426464,-6.093183537765396,0.9342438781019319,0.0,0.0,130658397611539.5,-3.927422995116886,0.019501692664958048,0.019501692664958048,82983634946600.31,73074500531392.14,3193697195882708.0,-65908236202.82825,0.0914020078717932,-0.25383583428103834,0.027143165212384746,0.019501692664957795,978520826394628.2,4255201657223937.0,4328276157755329.0,4172218022277336.0,295255.7115725844,-65908236202.82825,1.0,650.9336134092775,7.418855875277727e-09,7.418855875277727e-09,0.04890893852334277,90463.76195533034,650.9336134092775
2215.0,6890.212339019191,10816971473.325073,456.0352239006895,6.544115563802407e-05,2.812392608163954,0.23451926072768559,8609282685442426.0,0.402758197613209,0.402758197613209,4832684609673.667,2.1727613136835053,405967.2418695981,399322.6413971431,391607.48985947855,6644.600472455044,7715.151537664502,1.2470141664376677,0.016367331614872943,0.016367331614872943,0.016367331614872943,0.019320596274408245,7715.151537664502,-47020155.92686269,-0.004346887300462573,-6.12034176751856,0.9322980088896706,0.0,0.0,132496972450028.12,-3.936844607835527,0.019320596274408408,0.019320596274408408,83454574095297.0,71874453762188.52,3242581805556147.0,-66203562306.248215,0.09207202879509319,-0.2601149031734002,0.030297676176831736,0.019320596274408245,993425240994270.8,4319461620645714.5,4391336074407903.0,4236007046550417.5,299767.990842209,-66203562306.248215,1.0,649.2210730913016,7.2504162961780475e-09,7.2504162961780475e-09,0.04888592707570982,91839.49901726954,649.2210730913016
2216.0,6958.381716126925,10817219018.597963,455.5247503684602,6.523842444581901e-05,2.8110843643411796,0.23450417538401924,8741779657892454.0,0.4024972157111664,0.4024972157111664,4766481047367.419,2.138640243736334,411863.70213893557,405332.65481982555,397578.62607699615,6531.04731911004,7754.02874282939,1.2455401768980539,0.015857302513409877,0.015857302513409877,0.015857302513409877,0.01913003714511019,7754.02874282939,-46656397.66187182,-0.004313160118294344,-6.140181567520377,0.9303561925880894,0.0,0.0,134352986442760.5,-3.9468534069788963,0.019130037145110412,0.019130037145110412,83877027187689.33,70647769271640.36,3292164123156125.0,-66419688829.82607,0.09262882682838589,-0.26627828497406086,0.03343511313564593,0.01913003714511019,1008530952232006.1,4384572102575820.5,4455219871847460.5,4300695075388131.0,304344.77821849886,-66419688829.82607,1.0,647.2683393435734,7.085973858926698e-09,7.085973858926698e-09,0.048859751024385334,93233.8478584973,647.2683393435734
2217.0,7027.121841131563,10817458933.915564,455.0148482465376,6.50379620237312e-05,2.8096195979148355,0.23448738055816476,8876132644335214.0,0.4022389804423371,0.4022389804423371,4700061358537.593,2.104410831645219,417837.1419836771,411421.7685570305,403633.191978799,6415.373426646616,7788.5765782315,1.243787729751987,0.015353765335914616,0.01535376533591462,0.01535376533591462,0.018930881089613185,7788.5765782315,-46295918.19825982,-0.004279740600919686,-6.152865467336877,0.9284184207556726,0.0,0.0,136225580211587.5,-3.957419808135951,0.018930881089613383,0.018930881089613383,84252607288675.86,69398038588482.945,3342446633950806.0,-66558369518.82386,0.09307310881391012,-0.2723131381708775,0.03655152548536287,0.018930881089613185,1023838844645108.9,4450538085884590.5,4519936124473074.0,4366285478595915.0,308986.3020853596,-66558369518.82386,1.0,645.0889428255795,6.925450665978519e-09,6.925450665978519e-09,0.04883048019465708,94646.88989343942,645.0889428255795
2218.0,7096.4364705398,10817691454.290302,454.5055168953003,6.483973800156495e-05,2.8080059397155233,0.2344689881318357,9012358224546802.0,0.40198346290052506,0.40198346290052506,4633502989018.769,2.070119906515734,423888.34524863254,417590.437124306,409771.48154607037,6297.9081243265755,7818.9555782356165,1.2417716422549532,0.014857469413631853,0.014857469413631853,0.01485746941363185,0.01872398140168165,7818.9555782356165,-45938729.82902754,-0.004246629701275887,-6.158568505038281,0.9264846849684872,0.0,0.0,138113959705405.0,-3.968514287658005,0.018723981401681855,0.018723981401681855,84583048940154.92,68128826896433.06,3393431671972716.5,-66621493887.61401,0.09340636928591337,-0.27820733646513224,0.03964309464507953,0.01872398140168165,1039349782160085.2,4517364503072957.0,4585493329969389.0,4432781454132801.5,313692.77690268005,-66621493887.61401,1.0,642.6965072245016,6.768769017582192e-09,6.768769017582192e-09,0.04879820289361425,96078.7046433903,642.6965072245016
2219.0,7166.329376785303,10817916807.505737,453.99675567584296,6.464372250014044e-05,2.806251020573847,0.23444910998674567,9150472184252208.0,0.40173063448374974,0.40173063448374974,4566881495131.154,2.035813330645122,430018.08971706487,423839.1141932332,415993.777718255,6178.975523831679,7845.336474978218,1.2395068166926335,0.014369106025044674,0.014369106025044678,0.014369106025044678,0.01851017570643902,7845.336474978218,-45584842.52621595,-0.004213828164641464,-6.157477888952895,0.9245549768201453,0.0,0.0,140017402757720.75,-3.9801073883952003,0.01851017570643909,0.01851017570643909,84870197313204.67,66843643172425.29,3445121458613175.0,-66611083546.748474,0.09363062437811978,-0.2839494763266918,0.0427061397714886,0.01851017570643902,1055064621182941.5,4585056277109321.0,4651899920281746.0,4500186079796116.5,318464.40677218605,-66611083546.748474,1.0,640.1047066884208,6.61585139105486e-09,6.61585139105486e-09,0.048763021484006464,97529.370946069,640.1047066884208
2220.0,7236.804348230402,10818135214.338318,453.4885639499755,6.444988612191844e-05,2.8043624713204087,0.23442785800460822,9290489587009928.0,0.4014804668910444,0.4014804668910444,4500270411584.406,2.001535785569246,436227.14821322495,430168.25566915347,422300.35645788774,6058.892544071495,7867.899211265749,1.237008210947497,0.013889306451669874,0.013889306451669876,0.013889306451669872,0.018290283180070418,7867.899211265749,-45234263.816931486,-0.004181336516942232,-6.149792666005907,0.9226292879217688,0.0,0.0,141935263192196.88,-3.992169722917099,0.018290283180070643,0.018290283180070643,85115997520258.67,65545918790911.72,3497518135331509.5,-66529288600.99803,0.09374826215922547,-0.28952888359222884,0.04573712322374437,0.018290283180070418,1070984221893189.6,4653618354744958.0,4719164273535869.0,4568502357224699.0,323301.38845888263,-66529288600.99803,1.0,637.3272257150988,6.466620456241682e-09,6.466620456241682e-09,0.04872504934156785,98998.96799900514,637.3272257150988
2221.0,7307.865189167354,10818346888.772375,452.98094108022207,6.42581999418301e-05,2.8023479227858115,0.234405344067137,9432424850202124.0,0.401232932119288,0.401232932119288,4433741122983.408,1.9673306250225773,442516.289756731,436578.3223528085,428691.49037807155,5937.967403922491,7886.831974736956,1.2342908106966908,0.013418641395522029,0.013418641395522029,0.013418641395522027,0.01806510211554534,7886.831974736956,-44886998.71037985,-0.004149155057781056,-6.135723397779558,0.9207076099019514,0.0,0.0,143866973413019.12,-4.004671975169109,0.018065102115545573,0.018065102115545573,85322484156166.03,64238991189856.66,3550623792741571.5,-66378384130.73635,0.09376195748745694,-0.2949356191476796,0.04873265578443195,0.01806510211554534,1087109458433231.6,4723055735330969.0,4787294726520826.0,4637733251174803.0,328203.9140773459,-66378384130.73635,1.0,634.3777215756353,6.320999113477762e-09,6.320999113477762e-09,0.048684408594972695,100487.57630072562,634.3777215756353
2222.0,7379.515719819019,10818552038.208557,452.4738864298205,6.40686354983067e-05,2.800215005800658,0.2343816800560455,9576291823615144.0,0.40098800246007094,0.40098800246007094,4367362738852.672,1.9332397659977982,448886.2807469817,443069.7823380161,435167.45207867736,5816.49840896559,7902.330259338755,1.2313696032781105,0.012957621247159714,0.012957621247159714,0.012957621247159714,0.017835407816888988,7902.330259338755,-44543049.66218151,-0.004117283856921521,-6.115491845665011,0.9187899344067235,0.0,0.0,145812046000971.5,-4.017584901098004,0.017835407816889193,0.017835407816889193,85491771133766.45,62926090717551.516,3604440497285314.0,-66160766771.56702,0.09367462264631621,-0.3001604837374728,0.051689501643491925,0.017835407816888988,1103441228362486.1,4793373496781566.0,4856299587499117.0,4707881725647800.0,333172.17355476826,-66160766771.56702,1.0,631.2697893318814,6.1789105458976e-09,6.1789105458976e-09,0.04864122832212048,101995.27852390907,631.2697893318814
2223.0,7451.759776339093,10818750863.665895,451.9673993627215,6.388116478450461e-05,2.79797135119555,0.23435697785304743,9722103869616116.0,0.40074565049659316,0.40074565049659316,4301201972081.105,1.8993036019164269,455337.8861633117,449643.1132270593,441728.5172673233,5694.772936252451,7914.595959736003,1.2282595532530565,0.012506696915200155,0.012506696915200156,0.012506696915200156,0.01760195080701551,7914.595959736003,-44202416.56759719,-0.0040857227534509795,-6.089330666618912,0.9168762530995151,0.0,0.0,147770074606688.12,-4.030879328551404,0.017601950807015654,0.017601950807015654,85626041874960.5,61610329622462.37,3658970316123409.5,-65878951408.630585,0.09348937785669112,-0.30519502194489884,0.05460458315265801,0.01760195080701551,1119980461568299.6,4864576819566670.0,4926187149189132.0,4778950777691709.0,338206.3569290457,-65878951408.630585,1.0,628.0169294873705,6.0402782809762364e-09,6.0402782809762364e-09,0.04859564302616204,103522.16033827756,628.0169294873705
2224.0,7524.601210811807,10818943559.977694,451.4614792435875,6.369576023972052e-05,2.795624589801092,0.23433134933985628,9869873944222804.0,0.4005058491005953,0.4005058491005953,4235323020672.4746,1.8655609290202175,461871.8707708145,456298.8042066879,448374.9677029119,5573.066564126544,7923.836503776031,1.2249755796858266,0.012066261049467456,0.012066261049467456,0.012066261049467454,0.017365455334804696,7923.836503776031,-43865096.77821638,-0.004054471357118977,-6.057483121124752,0.9149665576611202,0.0,0.0,149740734306549.25,-4.044526156631644,0.017365455334804936,0.017365455334804936,85727539912843.86,60294692613283.88,3714215340555795.5,-65535568002.96622,0.09320953286804724,-0.31003152539008444,0.057474985358744124,0.017365455334804696,1136728128728829.8,4936671009197469.0,4996965701810753.0,4850943469284625.0,343306.6565108741,-65535568002.96622,1.0,624.6325182936015,5.905026257893348e-09,5.905026257893348e-09,0.04854779129628373,105068.31119203781,624.6325182936015
2225.0,7598.043891251131,10819130315.981447,450.95612543779225,6.351239474099247e-05,2.7931823524478863,0.23430490639818566,1.0019614678529354e+16,0.40026857142932193,0.40026857142932193,4169787452669.5083,1.8320488810199158,468489.00032419723,463037.3580064988,455107.0939789001,5451.642317698443,7930.264027598672,1.2215325351530657,0.01163664955618141,0.01163664955618141,0.01163664955618141,0.01712661816692417,7930.264027598672,-43531085.13827204,-0.004023529051495962,-6.020202795017088,0.9130608397896597,0.0,0.0,151723781518159.75,-4.05849635461651,0.01712661816692429,0.01712661816692429,85798559954729.92,58982028671298.58,3770177708114240.5,-65133358567.92562,0.09283857476795171,-0.31466303519426464,0.060297960324936534,0.01712661816692417,1153685249371095.2,5009661517440066.0,5068643546111364.0,4923862957485336.0,348473.2689230236,-65133358567.92562,1.0,621.1297807169374,5.773078898302079e-09,5.773078898302079e-09,0.04849781460253655,106633.82505587647,621.1297807169374
2226.0,7672.09170159952,10819311314.702948,450.4513373114198,6.333104159488221e-05,2.7906522699665355,0.23427776090974917,1.0171338460047514e+16,0.400033790922517,0.400033790922517,4104654094101.5825,1.7988028692082307,475190.04276349006,469859.29275012534,461925.19815268065,5330.750013364719,7934.094597444718,1.217945186488738,0.011218143339796201,0.011218143339796203,0.011218143339796203,0.016886107649389682,7934.094597444718,-43200374.037646346,-0.003992894998680648,-5.97775333686845,0.9111590912005464,0.0,0.0,153719053535489.0,-4.072760960522514,0.016886107649389803,0.016886107649389803,85841439450057.16,57675043935449.8,3826859623379458.5,-64675174314.08413,0.09238015932950994,-0.31908334376133635,0.06307093125009026,0.016886107649389682,1170852899540240.5,5083553962369756.0,5141229006305205.0,4997712522919699.0,353706.39702167845,-64675174314.08413,1.0,617.5217660562121,5.644361178689088e-09,5.644361178689088e-09,0.048445856197757875,108218.80113100223,617.5217660562121
2227.0,7746.748541726027,10819486733.534748,449.9471142312641,6.31516745294343e-05,2.788041973187642,0.2342500247562604,1.0325057513583004e+16,0.39980148129945065,0.39980148129945065,4039978919787.4985,1.7658565264412747,481975.76939634857,476765.143703781,468829.5962220975,5210.625692567566,7935.547481683453,1.214228197264097,0.010810970225938174,0.010810970225938172,0.01081097022593817,0.016644563023285715,7935.547481683453,-42872953.479156114,-0.003962568145332845,-5.9304082126681825,0.9092613036264483,0.0,0.0,155726467724419.0,-4.087291079366032,0.016644563023285874,0.016644563023285874,85858550701409.2,56376295554150.09,3884263377530717.5,-64163972981.40892,0.09183810442397919,-0.3232869959299951,0.06579149639688708,0.016644563023285715,1188232219082719.5,5158354147314846.0,5214730442868996.0,5072495596613437.0,359006.2517006036,-64163972981.40892,1.0,613.8213261873028,5.518798702906442e-09,5.518798702906442e-09,0.048392060112491864,109823.34452149391,613.8213261873028
2228.0,7822.018327424045,10819656744.409203,449.4434555648274,6.297426768630788e-05,2.7853590929418095,0.23422180981943289,1.0480783981307424e+16,0.39957161655597745,0.39957161655597745,3975814946806.09,1.7332416540512965,488846.9560623622,483755.464923876,475820.620447809,5091.4911384861825,7934.844476066984,1.210396111996168,0.010415307030850493,0.010415307030850491,0.010415307030850493,0.016402593978582992,7934.844476066984,-42548811.15802609,-0.003932547229838153,-5.878450479548626,0.9073674688172529,0.0,0.0,157746020409728.0,-4.102057881166495,0.016402593978583124,0.016402593978583124,85852293551316.25,55088186435621.71,3942391366616637.5,-63602816377.7238,0.09121638469480117,-0.3272692895520744,0.06845743284057795,0.016402593978582992,1205824418540470.5,5234068078708424.0,5289156265144046.0,5148215785157108.0,364373.05357711774,-63602816377.7238,1.0,610.0410963985744,5.3963177737329156e-09,5.3963177737329156e-09,0.04833657023521365,111447.56687069127,610.0410963985744
2229.0,7897.904990408468,10819821513.966177,448.9403606803202,6.2798795613077e-05,2.7826112600596398,0.23419322798098027,1.0638530001717152e+16,0.39934417096162544,0.39934417096162544,3912212130428.366,1.7009881711136223,495804.3842752598,490830.8308042465,482898.621519518,4973.553471013332,7932.209284728443,1.2064633420728668,0.01003128174891677,0.01003128174891677,0.010031281748916772,0.01616078042964659,7932.209284728443,-42227932.55167359,-0.003902830790430874,-5.822172580333104,0.9054775785400311,0.0,0.0,159777785479887.0,-4.117032598729423,0.01616078042964675,0.01616078042964675,85825088672187.06,53812960846531.2,4001246108529889.0,-62994868142.71209,0.09051912705993198,-0.331026275555016,0.0710667000509043,0.01616078042964659,1223630785651602.0,5310701982853679.0,5364514943700210.0,5224876894181491.0,369807.03455829644,-62994868142.71209,1.0,606.1934787700768,5.276845462532959e-09,5.276845462532959e-09,0.04827952947370551,113091.58696122159,606.1934787700768
2230.0,7974.412478312313,10819981203.715658,448.4378289466605,6.262523325569525e-05,2.7798061053717364,0.2341643911226161,1.079830778719704e+16,0.3991191190567162,0.3991191190567162,3849217262285.6543,1.6691240656854738,502848.84233935183,497991.83752332424,490063.97056434077,4857.00481602755,7927.8669589834435,1.2024441533781578,0.009658975833436957,0.009658975833436957,0.009658975833436957,0.0159196724958612,7927.8669589834435,-41910301.018086195,-0.0038734171741161526,-5.7618761607009885,0.9035916245790017,0.0,0.0,161821912734236.5,-4.132186525243334,0.01591967249586146,0.01591967249586146,85779371481759.28,52552700815774.52,4060830258670490.5,-62343391756.922035,0.08975060681472244,-0.3345547575486854,0.07361744332066518,0.0159196724958612,1241652691453940.5,5388262321606190.0,5440815022421965.0,5302482950124431.0,375308.4392860102,-62343391756.922035,1.0,602.2906280398524,5.160309676251183e-09,5.160309676251183e-09,0.048221078994872046,114755.53127833053,602.2906280398524
2231.0,8051.544754682899,10820135970.195364,447.93585973347206,6.245355595112091e-05,2.776951259708702,0.23413541112605402,1.0960129699931276e+16,0.3988964356495146,0.3988964356495146,3786873870528.7324,1.6376753477375185,509981.1264369502,505239.1043918671,497317.06099629874,4742.022045083034,7922.04339556837,1.198352655596344,0.00929842654808383,0.00929842654808383,0.00929842654808383,0.01567979067080282,7922.04339556837,-41595897.901204884,-0.003844304546244426,-5.6978719107799725,0.9017095987354954,0.0,0.0,163878625996647.12,-4.1474910117219315,0.01567979067080294,0.01567979067080294,85717586701837.94,51309323301462.32,4121146624288119.0,-61651748815.39617,0.0889152442214719,-0.3378522910390137,0.076107997055273,0.01567979067080282,1259891595989774.8,5466755806979732.0,5518065130281194.0,5381038220277894.0,380877.5264599294,-61651748815.39617,1.0,598.3444398924261,5.046639221123678e-09,5.046639221123678e-09,0.04816135754087325,116439.53453636929,598.3444398924261
2232.0,8129.30579897746,10820285965.123547,447.43445241108503,6.228373942009877e-05,2.7740543539011386,0.23410639987300755,1.1124008325927924e+16,0.39867609581340924,0.39867609581340924,3725222121713.3364,1.6066660035514158,517202.04168387846,512573.27510241535,504658.31020685215,4628.766581463063,7914.9648955632,1.1942027931709522,0.008949629368037632,0.008949629368037632,0.008949629368037632,0.015441626163560205,7914.9648955632,-41284702.641841926,-0.0038154909006021392,-5.630479432993841,0.8998314928279196,0.0,0.0,165948221019865.0,-4.162917464321213,0.015441626163560263,0.015441626163560263,85642183573908.05,50084578077237.67,4182198177501510.0,-60923397585.74004,0.08801760153493624,-0.34091718231318213,0.07853688793851529,0.015441626163560205,1278349053612657.2,5546189414688075.0,5596273992765314.0,5460547231114167.0,386514.57003833057,-60923397585.74004,1.0,594.3665415977273,4.935763862612484e-09,4.935763862612484e-09,0.04810050081962003,118143.74016852162,594.3665415977273
2233.0,8207.699606558235,10820431335.547108,446.9336063505336,6.2115759760095e-05,2.7711230187796505,0.23407746924519032,1.1289956546947788e+16,0.398458074884122,0.398458074884122,3664298724127.596,1.576117951380908,524512.4031505724,519995.01888234745,512088.16109744756,4517.384268225001,7906.857784899892,1.1900083378905124,0.008612540411038077,0.008612540411038077,0.008612540411038077,0.015205641396132055,7906.857784899892,-40976692.89277221,-0.0037869740698927815,-5.560027138010154,0.8979572986917222,0.0,0.0,168031063205151.0,-4.178437341559424,0.015205641396132119,0.015205641396132119,85555611741445.39,48880046290609.336,4243988067001587.0,-60161891870.61738,0.0870623804481667,-0.3437484870632781,0.0809028379906155,0.015205641396132055,1297026717899929.8,5626570396642962.0,5675450442933572.0,5541014784901517.0,392219.8603173337,-60161891870.61738,1.0,590.3682849230756,4.827614381179609e-09,4.827614381179609e-09,0.04803864096748933,119868.30078011384,590.3682849230756
2234.0,8286.73018868708,10820572223.985172,446.43332092355655,6.194959343838116e-05,2.7681648851748393,0.23404873112431587,1.145798761015294e+16,0.3982423484569473,0.3982423484569473,3604136832256.979,1.5460509981826864,531913.0368466448,527505.0315531562,519607.0834561028,4408.005293488646,7897.948097053409,1.1857828830708879,0.008287078879699487,0.008287078879699488,0.008287078879699488,0.014972270641284945,7897.948097053409,-40671844.63674295,-0.003758751736492146,-5.486852170649238,0.8960870081793569,0.0,0.0,170127585162121.0,-4.194022151466403,0.014972270641285035,0.014972270641285035,85460317805452.66,47697139641902.85,4306519628453636.0,-59370880194.83989,0.08605441996259999,-0.34634600881753713,0.08320476753556184,0.014972270641284945,1315926346177415.0,5707906292436504.0,5755603432078407.0,5622445974631051.0,397993.70488999545,-59370880194.83989,1.0,586.3607412365144,4.7221226236149066e-09,4.7221226236149066e-09,0.047975906081816344,121613.37856610736,586.3607412365144
2235.0,8366.401572519497,10820708768.568285,445.9335955025959,6.178521728526399e-05,2.7651875839173083,0.23402029739209784,1.162811519531506e+16,0.3980288923840202,0.3980288923840202,3544765952062.139,1.5164827972232688,539404.780667146,535104.0364993117,527215.5751810587,4300.744167834237,7888.46131825294,1.181539839301778,0.007973129497508339,0.007973129497508339,0.007973129497508337,0.014741920785834115,7888.46131825294,-40370132.30625155,-0.003730821443371405,-5.411300367636579,0.8942206131602469,0.0,0.0,172238284133882.5,-4.209643448687162,0.01474192078583425,0.01474192078583425,85358742556931.33,46537100128252.836,4369796393622065.5,-58554105337.44191,0.08499869469725603,-0.3487102972504452,0.08544179809554917,0.014741920785834115,1335049803665388.5,5790204939844386.0,5836742039972639.0,5704846197287454.0,403836.42948744143,-58554105337.44191,1.0,582.3546987166599,4.619221549719528e-09,4.619221549719528e-09,0.04791241982052252,123379.14569361728,582.3546987166599
2236.0,8446.717801098233,10820841103.173319,445.4344294607959,6.162260848745775e-05,2.7621987458376602,0.2339922799302498,1.1800353479448942e+16,0.39781768277161356,0.39781768277161356,3486211846724.6973,1.4874288063633097,546988.4852991364,542792.785550824,534914.1633554883,4195.699748312432,7878.622195335739,1.1772924317233595,0.0076705449220158504,0.0076705449220158504,0.0076705449220158504,0.014514972204983424,7878.622195335739,-40071528.904043145,-0.0037031806050910193,-5.333726249101052,0.8923581055207502,0.0,0.0,174363719312531.0,-4.225272831563182,0.014514972204983545,0.014514972204983545,85253318887662.58,45401000293113.12,4433822098249209.5,-57715404229.347115,0.08390031365809644,-0.3508426464451223,0.0876132552312575,0.014514972204983424,1354399067257425.2,5873474484394297.0,5918875484687410.0,5788221165506635.0,409748.3787049555,-57715404229.347115,1.0,578.3606615821717,4.518845274223655e-09,4.518845274223655e-09,0.04784830106573956,125165.78465053279,578.3606615821717
2237.0,8527.682933346234,10820969357.554262,444.9358221720026,6.146174458159522e-05,2.7592060017664974,0.23396479062048528,1.1974717198761472e+16,0.39760869597746307,0.39760869597746307,3428496442495.35,1.4589022468132264,554665.0150875108,550572.0597842655,542703.4051780686,4092.955303245335,7868.654606196935,1.1730536987979814,0.0073791481198784105,0.00737914811987841,0.00737914811987841,0.014291779734119027,7868.654606196935,-39776006.123382196,-0.0036758265187780094,-5.254493045747667,0.8904994771641241,0.0,0.0,176504509069732.0,-4.240881939213128,0.014291779734119214,0.014291779734119214,85146470378835.23,44289743918256.984,4498600688726356.0,-56858708237.51747,0.08276451949216371,-0.3527450931835365,0.08971867134757214,0.014291779734119027,1373976228945879.2,5957723388051070.0,6002013131969327.0,5872576917672235.0,415729.9166165574,-56858708237.51747,1.0,574.388851253041,4.420929103885946e-09,4.420929103885946e-09,0.047783663648223174,126973.4885615112,574.388851253041
2238.0,8609.301044059168,10821093657.468994,444.43777301076295,6.130260344787467e-05,2.7562169825344234,0.23393794134451798,1.2151221707831204e+16,0.3974019086081212,0.3974019086081212,3371637734257.8325,1.4309140621449545,562435.2488593915,558442.670247661,550583.8887549944,3992.5786117305965,7858.781492666513,1.168836492541191,0.007098734689597553,0.007098734689597553,0.007098734689597555,0.014072673725274721,7858.781492666513,-39483534.46725015,-0.0036487563750081413,-5.173972763663354,0.8886447200104902,0.0,0.0,178661328126617.0,-4.256442448633071,0.014072673725274876,0.014072673725274876,85040610565728.33,43204067092344.32,4564136327601547.0,-55988043856.794846,0.08159668825327496,-0.354420415342227,0.09175778848523648,0.014072673725274721,1393783498909737.5,6042960437077013.0,6086164504169357.0,5957919826511284.0,421781.42728219193,-55988043856.794846,1.0,570.4492093559437,4.3254095697814235e-09,4.3254095697814235e-09,0.047718616128822555,128802.46147280249,570.4492093559437
2239.0,8691.576223897411,10821214124.80218,443.9402813523242,6.11451633038392e-05,2.7532393189720406,0.2339118439840614,1.232988303595782e+16,0.3971972975163383,0.3971972975163383,3315649690401.0376,1.403472877334652,570300.0807067059,566405.4586151456,558556.2337595776,3894.622091560267,7849.224855568073,1.1646534801762063,0.006829075119074364,0.006829075119074364,0.006829075119074364,0.013857961176361773,7849.224855568073,-39194083.36572024,-0.003621967268523738,-5.092546288749371,0.8867938259967986,0.0,0.0,180834904686275.0,-4.271926071834551,0.013857961176361844,0.013857961176361844,84938142875821.58,42144539587958.57,4630433397973392.0,-55107533831.023605,0.08040232970743856,-0.3558721304733458,0.0937305611198232,0.013857961176361773,1413823208282057.0,6129194749131270.0,6171339288719229.0,6044256606255449.0,427903.31515208236,-55107533831.023605,1.0,566.551402486926,4.23222445483691e-09,4.23222445483691e-09,0.0476532616331804,130652.91860749524,566.551402486926
2240.0,8774.512579377422,10821330877.684376,443.4433465726324,6.0989402698285594e-05,2.7502806419099515,0.23388661042082912,1.2510717940644096e+16,0.39699483979847183,0.39699483979847183,3260542156570.014,1.376584957600631,578260.4207268835,574461.2977777396,566621.0919660543,3799.122949143825,7840.205811685276,1.1605171471762583,0.006569916966421912,0.006569916966421912,0.006569916966421912,0.013647926922169559,7840.205811685276,-38907621.29085441,-0.003595456208726531,-5.010603532816975,0.8849467870767938,0.0,0.0,183026017551019.25,-4.287304553036763,0.013647926922169762,0.013647926922169762,84841461237390.38,41111566477689.4,4697496506824073.0,-54221398725.50675,0.07918708820717091,-0.357104494652978,0.09563715899031391,0.013647926922169559,1434097811615429.0,6216435779676892.0,6257547346154582.0,6131594318439502.0,434096.00537316495,-54221398725.50675,1.0,562.704828646605,4.1413128167176876e-09,4.1413128167176876e-09,0.04758769773557958,132525.08659288933,562.704828646605
2241.0,8858.114232862708,10821444030.60752,442.94696804833274,6.083530050529954e-05,2.7473485821787595,0.23386235253653473,1.2693743958195116e+16,0.3967945127919221,0.3967945127919221,3206320757844.5073,1.350254166789813,586317.1957219044,582611.0923769145,574779.1476645351,3706.1033449899023,7831.944712379399,1.1564398016599182,0.006320986953873584,0.006320986953873584,0.006320986953873584,0.013442834877082293,7831.944712379399,-38624115.8685598,-0.003569220129893462,-4.928543623432622,0.883103595220979,0.0,0.0,185235493245192.25,-4.30254966592767,0.013442834877082421,0.013442834877082421,84752951355826.17,40105389919455.54,4765330487347357.0,-53333958973.383705,0.07795674416474227,-0.35812250168088583,0.09747796998049736,0.013442834877082293,1454609889064704.0,6304693327767887.0,6344798717687343.0,6219940376412061.0,440359.9440027626,-53333958973.383705,1.0,558.9186252657893,4.0526150062069016e-09,4.0526150062069016e-09,0.04752201638753584,134419.20366177245,558.9186252657893
2242.0,8942.385322554166,10821553694.53683,442.4511451567679,6.068283591841436e-05,2.7444507706090673,0.2338391822128919,1.2878979451440308e+16,0.3965962940725962,0.3965962940725962,3152986798871.1235,1.3244819250547544,594471.3498561726,590855.7792878081,583031.1179641421,3615.57056836449,7824.661323665984,1.1524335801056838,0.006081992966085325,0.006081992966085325,0.006081992966085325,0.013242929320412997,7824.661323665984,-38343533.986931875,-0.0035432559010716994,-4.846775139659061,0.8812642424165819,0.0,0.0,187464203162446.0,-4.317633211006402,0.013242929320413155,0.013242929320413155,84674992655617.08,39126091041943.375,4833940400328324.0,-52449637419.16678,0.07671721615518881,-0.3589318827180524,0.09925360307733358,0.013242929320412997,1475362148306476.5,6393977541290418.0,6433103632332361.0,6309302548634801.0,446695.59813473903,-52449637419.16678,1.0,555.2016787429366,3.966072681251419e-09,3.966072681251419e-09,0.0474563038866922,136335.5198294031,555.2016787429366
2243.0,9027.33000247994,10821659977.019333,441.95587727597757,6.053198844489024e-05,2.741594838031477,0.23381721133161412,1.3066443654602754e+16,0.3964001614523972,0.3964001614523972,3100537161451.9565,1.299267165551657,602723.8452739383,599196.3280590228,591377.7529913523,3527.5172149154223,7818.5750676704365,1.148510454353616,0.0058526259456553684,0.005852625945655368,0.005852625945655368,0.013048436216218404,7818.5750676704365,-38065841.90069717,-0.003517560335616999,-4.765716395908633,0.8794287206675189,0.0,0.0,189713060754485.0,-4.332527013017643,0.01304843621621854,0.01304843621621854,84609960887130.39,38173591862896.93,4903331534631382.0,-51572962383.429276,0.07547456368078323,-0.3595391064507012,0.10096489143139437,0.013048436216218404,1496357426214760.5,6484298921733273.0,6522472513596171.0,6399688960846143.0,453103.4559433582,-51572962383.429276,1.0,551.5626354190836,3.8816288168738455e-09,3.8816288168738455e-09,0.0473906408812681,138274.29704799413,551.5626354190836
2244.0,9112.95244248469,10821762982.288984,441.46116378469765,6.038273790011146e-05,2.7387884152765927,0.233796551774415,1.325615671535724e+16,0.39620609297674086,0.39620609297674086,3048964199068.5273,1.2746062898778905,611075.662677186,607633.7413158397,599819.8359902983,3441.9213613463126,7813.905325541394,1.1446822398637508,0.005632561680278506,0.005632561680278506,0.005632561680278507,0.01285956456042133,7813.905325541394,-37791005.33145179,-0.0034921302003472965,-4.685795776207481,0.8775970219943611,0.0,0.0,191983018775843.75,-4.347202918486427,0.012859564560421588,0.012859564560421588,84560231399054.61,37247657176167.234,4973509406850893.0,-50708571273.5282,0.07423499062960628,-0.3599513798718604,0.10261289554548136,0.01285956456042133,1517598690311567.5,6575668328561515.0,6612915985737681.0,6491108097162460.0,459584.02664987143,-50708571273.5282,1.0,548.0099139207693,3.799227711171848e-09,3.799227711171848e-09,0.04732510240522303,140235.8093404269,548.0099139207693
2245.0,9199.256828218422,10821862811.368639,440.9670040623594,6.023506440209847e-05,2.7360391331750153,0.23377731542300817,1.3448139734133084e+16,0.3960140669220981,0.3960140669220981,2998255627794.999,1.2504931219552466,619527.8018650837,616169.055133433,608358.1833313258,3358.7467316508114,7810.871802107223,1.140960605203287,0.005421462477614935,0.005421462477614935,0.005421462477614935,0.01267650774902313,7810.871802107223,-37518989.56347186,-0.00346696222429074,-4.607452121264561,0.8757691384342992,0.0,0.0,194275066596629.5,-4.361632793359799,0.012676507749023291,0.012676507749023291,84528183079592.1,36347896348057.875,5044479760175121.0,-49861214766.274506,0.0730048494619468,-0.36017664977404085,0.10419890661855145,0.01267650774902313,1539089040009938.0,6668096983264651.0,6704444879612708.0,6583568800185059.0,466137.8404165102,-49861214766.274506,1.0,544.5517188069614,3.718814987642458e-09,3.718814987642458e-09,0.04725975793906434,142220.34291481558,544.5517188069614
2246.0,9286.247361124671,10821959562.168842,440.473397489089,6.008894836613262e-05,2.7333546225573495,0.23375961415910715,1.3642414800729714e+16,0.39582406179356316,0.39582406179356316,2948394413028.7246,1.2269188600524457,628081.2822361974,624803.3393862017,616993.6444333852,3277.9428499956557,7809.694952816505,1.1373570827372332,0.005218978725691345,0.0052189787256913455,0.0052189787256913455,0.012499444962135835,7809.694952816505,-37249759.53494938,-0.0034420531070145774,-4.531135170850517,0.8739450620411093,0.0,0.0,196590227592120.5,-4.375788520759404,0.012499444962136064,0.012499444962136064,84516202972254.33,35473764969753.48,5116248562508184.0,-49035761589.6653,0.0717906461595065,-0.3602236050492438,0.10572445007314961,0.012499444962135835,1560831707665092.0,6761596473145530.0,6797070238115284.0,6677080270173276.0,472765.4481720157,-49035761589.6653,1.0,541.1960554620938,3.640337594081976e-09,3.640337594081976e-09,0.04719467149112622,144228.19626136948,541.1960554620938
2247.0,9373.928258428248,10822053329.583609,439.9803434457061,5.99443704994906e-05,2.7307425142541977,0.23374355986442555,1.3839005028321834e+16,0.39563605632244747,0.39563605632244747,2899358651439.059,1.203872026627197,636737.1432547845,633537.6980786987,625727.1016048912,3199.445176085778,7810.596473807428,1.1338830805001685,0.00502475033846981,0.00502475033846981,0.005024750338469809,0.012328542559494522,7810.596473807428,-36983279.92458038,-0.0034173995265280544,-4.4573060641173186,0.8721247848851182,0.0,0.0,198929556614768.0,-4.389641998846962,0.01232854255949467,0.01232854255949467,84526691575401.67,34624566320679.31,5188822003886963.0,-48237203932.15404,0.07059904597383414,-0.3601016798953236,0.10719128929567204,0.012328542559494522,1582830059446951.5,6856178754909316.0,6890803321229996.0,6771652063333914.0,479467.42137211486,-48237203932.15404,1.0,537.9507461839033,3.5637437983209986e-09,3.5637437983209986e-09,0.0471299016938902,146259.6802327764,537.9507461839033
2248.0,9462.303753122325,10822144205.583252,439.4878413137237,5.980131179628627e-05,2.7282104390961615,0.23372926442067699,1.4037934584936602e+16,0.3954500294638992,0.3954500294638992,2851121447506.9053,1.1813384156543416,645496.4448824964,642373.26966272,634559.4698064133,3123.1752197764117,7813.799856306744,1.1305498952301527,0.0048384080881265605,0.004838408088126561,0.004838408088126561,0.01216395548402785,7813.799856306744,-36719515.233504504,-0.0033929981467591738,-4.386437900635447,0.8703082990531686,0.0,0.0,201294137550350.25,-4.40316513880227,0.012163955484027933,0.012163955484027933,84562068838517.28,33799452607724.492,5262206493219446.0,-47470663509.512665,0.06943688001207017,-0.3598210580307446,0.10860142961996438,0.01216395548402785,1605087596044010.5,6951856158101973.0,6985655610709697.0,6867294089263456.0,486244.35169738554,-47470663509.512665,1.0,534.8234474219031,3.4889831810603944e-09,3.4889831810603944e-09,0.04706550190983272,148315.11810902777,534.8234474219031
2249.0,9551.378093955147,10822232279.30437,438.99589047534704,5.96597535324174e-05,2.725766027913845,0.23371683970957505,1.4239228722486952e+16,0.39526596039454726,0.39526596039454726,2803650783997.3926,1.1593010370921453,654360.2679768343,651311.2273439955,643491.696337028,3049.0406328388144,7819.531006967391,1.1273687265494967,0.004659574827588336,0.004659574827588336,0.004659574827588335,0.01200582867096415,7819.531006967391,-36458429.86266321,-0.0033688456246114386,-4.3190163650896825,0.8684955966485849,0.0,0.0,203685080955904.25,-4.416329862910677,0.012005828670964336,0.012005828670964336,84624780872623.9,32997425957618.844,5336408654358312.0,-46741398321.11739,0.06831115269999533,-0.359392678023015,0.10995712258601142,0.01200582867096415,1627607953204599.5,7048641388435535.0,7081638814393155.0,6964016607562911.0,493096.85068978433,-46741398321.11739,1.0,531.8216681299187,3.4160066260772235e-09,3.4160066260772235e-09,0.047001520340925085,150394.84564724372,531.8216681299187
2250.0,9641.155545415982,10822317637.137064,438.50449031347307,5.951967726061475e-05,2.72341691153785,0.23370639761283327,1.4442913803442856e+16,0.3950838285101704,0.3950838285101704,2756909385676.2754,1.1377400581235853,663329.7146575969,660352.7793804333,652524.7604442171,2976.9352771635945,7828.018936216101,1.1243506922810922,0.004487866608991358,0.004487866608991358,0.004487866608991358,0.011854298460832753,7828.018936216101,-36199988.185711786,-0.003344938616613006,-4.255540418759318,0.8666866697911391,0.0,0.0,206103521772328.75,-4.429108102754933,0.011854298460832968,0.011854298460832968,84717307397254.42,32217339154663.082,5411435321507474.0,-46054810129.48861,0.06722905016455143,-0.3588282398396,0.1112608705068066,0.011854298460832753,1650394902116614.5,7146547531021343.0,7178764870176007.0,7061830223624089.0,500025.5493276221,-46054810129.48861,1.0,528.9527892041589,3.344766308071067e-09,3.344766308071067e-09,0.04693800013587568,152499.211116595,528.9527892041589
2251.0,9731.640387720796,10822400362.80948,438.0136402116891,5.938106480559151e-05,2.72117072079878,0.23369805001216526,1.4649017325215184e+16,0.39490361342339103,0.39490361342339103,2710854575546.7866,1.116632740793357,672405.9086424799,669499.1693721502,661659.6728549441,2906.739270329706,7839.496517206111,1.1215068448934054,0.0043228937059731085,0.004322893705973109,0.004322893705973109,0.011709494015590662,7839.496517206111,-35944154.617684476,-0.003321273785176565,-4.196523061120108,0.8648815106170163,0.0,0.0,208550617099502.0,-4.4414717975031115,0.011709494015590849,0.011709494015590849,84842169952055.08,31457896133808.773,5487293533940730.0,-45416452699.20461,0.06619794958046588,-0.3581402127339393,0.1125154313779116,0.011709494015590662,1673452349621020.2,7245588053513804.0,7277045949647613.0,7160745883561750.0,507031.0975370565,-45416452699.20461,1.0,526.2240839868513,3.275215678420152e-09,3.275215678420152e-09,0.046874979488660706,154628.57531788765,526.2240839868513
2252.0,9822.836916797118,10822480537.469746,437.5233395542729,5.924389825929046e-05,2.719035086527238,0.2336919087892846,1.4857567942314686e+16,0.394725294961393,0.394725294961393,2665438122847.582,1.095953375644211,681589.9955527213,678751.6765413093,670897.4752227574,2838.3190114119757,7854.201318551832,1.1188481890718327,0.004164261550098459,0.004164261550098458,0.004164261550098457,0.011571538737958196,7854.201318551832,-35690893.67967719,-0.0032978478044943275,-4.142492165136144,0.8630801112787806,0.0,0.0,211027544015841.25,-4.453392892281962,0.011571538737958464,0.011571538737958464,85001940907396.4,30717652260136.477,5563990529988573.0,-44832040833.80682,0.06522542952841467,-0.35734184458337603,0.11372382416574317,0.011571538737958196,1696784338247310.0,7345776809143280.0,7376494461403417.0,7260774868235883.0,514114.1636360395,-44832040833.80682,1.0,523.6427398243881,3.207309449114853e-09,3.207309449114853e-09,0.04681249172190327,156783.31158671796,523.6427398243881
2253.0,9914.749444268562,10822558239.765406,437.0335877261913,5.910815997622683e-05,2.717017639553826,0.2336880858259049,1.5068595486330528e+16,0.39454885316366334,0.39454885316366334,2620606082013.7754,1.075673210937957,690883.1431894796,688111.6159972928,680239.239482617,2771.52719218679,7872.376514675729,1.1163857004191968,0.004011571594281435,0.004011571594281435,0.004011571594281436,0.0114405516948964,7872.376514675729,-35440170.05987446,-0.003274657366098191,-4.093991390074083,0.8612824639453409,0.0,0.0,213535497418027.0,-4.46484333662192,0.011440551694896661,0.011440551694896661,85199253315439.47,29995014450535.027,5641533740223269.0,-44307460252.1749,0.06431928141528226,-0.3564471728003766,0.11488933451226514,0.0114405516948964,1720395046051080.0,7447128039589790.0,7477123054040325.0,7361928786274350.0,521275.4337042549,-44307460252.1749,1.0,521.2158806783843,3.141003575132257e-09,3.141003575132257e-09,0.04675056534795008,158963.80577836206,521.2158806783843
2254.0,10007.382297438664,10822633545.920397,436.54438411309934,5.897383256892464e-05,2.7151260107091475,0.2336866930037397,1.5282130983748556e+16,0.39437426827975824,0.39437426827975824,2576298621761.6006,1.055760377026919,700286.5417812107,697580.3389796409,689686.0671013207,2706.20280156986,7894.271878320154,1.1141303452934523,0.0038644221188179773,0.0038644221188179773,0.0038644221188179773,0.011316649047000379,7894.271878320154,-35191948.67131129,-0.0032516991841211266,-4.051581175960256,0.8594885608019169,0.0,0.0,216075687849234.75,-4.475795082956733,0.011316649047000471,0.011316649047000471,85436811650923.72,29288241222333.727,5719930779740569.0,-43848778348.96707,0.06348752201060609,-0.3554710369434457,0.11601552089553738,0.011316649047000379,1744288786224090.5,7549656377615583.0,7578944618837916.0,7464219565964659.0,528515.6108696578,-43848778348.96707,1.0,518.9505907979138,3.0762552355115734e-09,3.0762552355115734e-09,0.046695582230339205,161170.45623166295,518.9505907979138
2255.0,10100.739819274322,10822706529.809677,436.0557281013401,5.884089890344456e-05,2.713307782007478,0.2336866889084138,1.549820667159779e+16,0.3942015207670919,0.3942015207670919,2532449843412.6333,1.036179805420621,709801.4042019024,707159.2330676661,699240.8675425755,2642.171134236386,7918.365525090628,1.1119970019841874,0.0037224089986229764,0.0037224089986229764,0.0037224089986229764,0.0111974293126891,7918.365525090628,-34946123.94670882,-0.0032289634621852177,-4.01239695880287,0.8576983940500051,0.0,0.0,218645111681689.25,-4.4864460398074515,0.011197429312689189,0.011197429312689189,85698146273818.17,28595442787374.777,5799212924221346.0,-43424994766.22431,0.06273840715720852,-0.35442909315965815,0.11710622128749039,0.0111974293126891,1768465778841468.5,7653376849336633.0,7681972292124008.0,7567678703062815.0,535837.5844571042,-43424994766.22431,1.0,516.7824803050082,3.0130045108421094e-09,3.0130045108421094e-09,0.046649205978209096,163403.2830854712,516.7824803050082
2256.0,10194.826368388472,10822777263.03154,435.5676190779434,5.870934209500084e-05,2.7114918186641006,0.2336866886820997,1.571685178327948e+16,0.39403059128874945,0.39403059128874945,2489024848646.409,1.016893142069861,719428.908104783,716849.6644949229,708907.1016283343,2579.243609860282,7942.562866588621,1.1098713619129483,0.003585126453501674,0.0035851264535016734,0.0035851264535016734,0.011079816675627215,7942.562866588621,-34702574.43514256,-0.0032064389381531184,-3.9724098744681196,0.8559119559073453,0.0,0.0,221239406266713.25,-4.497064488148501,0.011079816675627296,0.011079816675627296,85960588802713.94,27914579096615.254,5879419076510064.0,-42992507268.83554,0.06205700947328119,-0.3533302665892392,0.11816361904797089,0.011079816675627215,1792924584594661.0,7758304249907439.0,7786218829004053.0,7672343661104725.0,543244.9484655841,-42992507268.83554,1.0,514.6261122814188,2.9511895260834026e-09,2.9511895260834026e-09,0.046603496895830876,165662.15316275018,514.6261122814188
2257.0,10289.646319022435,10822845814.97773,435.0800564306251,5.8579145503665854e-05,2.709678401640988,0.23368668846032797,1.5938091189546194e+16,0.3938614607113218,0.3938614607113218,2446032341377.5737,0.9978689211485972,729170.1774280343,726652.9078171826,718686.0357649348,2517.269610851666,7966.872052247704,1.1077538444136996,0.0034522388446147174,0.0034522388446147174,0.0034522388446147183,0.010963792983612579,7966.872052247704,-34461268.78608173,-0.00318412267671695,-3.9316268892613917,0.8541292386078858,0.0,0.0,223859260550367.75,-4.507649877028556,0.010963792983612719,0.010963792983612719,86224227849132.11,27244020872976.574,5960559774956473.0,-42551391624.49657,0.061407636807189914,-0.35217438146441454,0.11918760339320356,0.010963792983612579,1817668379504987.0,7864452382310593.0,7891696403183569.0,7778228154461460.0,550738.6760243464,-42551391624.49657,1.0,512.4817468246877,2.8907733295779854e-09,2.8907733295779854e-09,0.04655824656664875,167947.35974058846,512.4817468246877
2258.0,10385.2040610276,10822912252.90138,434.59303954778676,5.8450292730159805e-05,2.707868012441303,0.2336866882430831,1.6161950450096562e+16,0.3936941101027644,0.3936941101027644,2403480949753.077,0.9790915999402381,739026.3518935511,736570.1706228921,728578.8632157074,2456.1812706589503,7991.307407184713,1.1056451846292659,0.0033235367918419464,0.003323536791841947,0.003323536791841947,0.01084934976449934,7991.307407184713,-34222178.40694258,-0.003162011998920936,-3.8900671708162715,0.852350234401751,0.0,0.0,226505138442441.25,-4.518200772017214,0.010849349764499472,0.010849349764499472,86489218853921.0,26583034369561.637,6042644922450140.0,-42101855647.63683,0.060770571551229446,-0.3509612823148331,0.12017806862689535,0.01084934976449934,1842700183452097.5,7971834324756159.0,7998417359125721.0,7885345105902238.0,558319.6815469185,-42101855647.63683,1.0,510.3498746546115,2.8317205974490097e-09,2.8317205974490097e-09,0.046513353493001786,170259.1816687889,510.3498746546115
2259.0,10481.503999846542,10822976641.982876,434.1065678185141,5.8322767611724037e-05,2.70606113256821,0.23368668803034956,1.6388455588539004e+16,0.39352852073027794,0.39352852073027794,2361379094105.4404,0.9605544310425113,748998.5839376702,746602.6281612039,738586.7446876739,2395.955776466279,8015.883473530094,1.1035461120291399,0.003198878913589061,0.003198878913589061,0.0031988789135890604,0.010736479046788637,8015.883473530094,-33985276.21927835,-0.0031401043671708336,-3.8477506675812485,0.8505749355552061,0.0,0.0,229177375119118.75,-4.5287156687565995,0.01073647904678876,0.01073647904678876,86755719598872.77,25931373403918.484,6125684151859845.0,-41644115599.40587,0.06013502538847501,-0.34969086020529405,0.12113492096751925,0.010736479046788637,1868022933973019.2,8080462805431737.0,8106394178835655.0,7993707085832864.0,565988.854498494,-41644115599.40587,1.0,508.2309776124383,2.7739972592605327e-09,2.7739972592605327e-09,0.04646876283880652,172597.8901891799,508.2309776124383
2260.0,10578.550556493668,10823039045.393686,433.6206406325771,5.8196554218075854e-05,2.7042582435248717,0.2336866878221118,1.6617632963658122e+16,0.3933646740582112,0.3933646740582112,2319734978506.0347,0.9422554790348121,759088.0369718529,756751.4425707847,748710.8275788934,2336.59440106819,8040.6149918913015,1.1014573504722933,0.0030781599594024837,0.003078159959402484,0.003078159959402484,0.010625172995476915,8040.6149918913015,-33750536.112771414,-0.003118397334724181,-3.804698112373291,0.848803334350625,0.0,0.0,231876238573200.5,-4.539193025173177,0.010625172995477161,0.010625172995477161,87023890006217.39,25289052436009.297,6209686985656371.0,-41178396226.15178,0.05949516009404213,-0.34836305314874844,0.1220580788657832,0.010625172995476915,1893639534939012.8,8190350410601601.0,8215639463037610.0,8103326520595383.0,573747.0741454295,-41178396226.15178,1.0,506.1255287967944,2.7175703196914765e-09,2.7175703196914765e-09,0.04642444516893174,174963.75343346383,506.1255287967944
2261.0,10676.348167535203,10823099524.358236,433.13525738042847,5.807163684744323e-05,2.7024598268144526,0.23368668761835437,1.6849509202231322e+16,0.3932025517459865,0.3932025517459865,2278556582279.883,0.9241954127891538,769295.8844921737,767017.7735611877,758952.2566679657,2278.1109309859457,8065.516893221995,1.0993796182747606,0.0029612935372581237,0.0029612935372581237,0.0029612935372581232,0.01051542372450458,8065.516893221995,-33517932.648000404,-0.0030968885181703876,-3.7609310318619804,0.8470354230864557,0.0,0.0,234601963366622.5,-4.549631278935534,0.010515423724504647,0.010515423724504647,87293892050734.3,24656221333589.29,6294662924563915.0,-40704930862.08953,0.058847883995864055,-0.3469778465155594,0.122947473320837,0.01051542372450458,1919552883589754.8,8301509700204404.0,8326165921537994.0,8214215808153669.0,581595.2177467537,-40704930862.08953,1.0,504.0339927039793,2.662407751841258e-09,2.662407751841258e-09,0.04638038487773444,177357.038921212,504.0339927039793
2262.0,10774.901285068741,10823158138.213875,432.6504174532036,5.7948000022677425e-05,2.700666363940117,0.2336866874190617,1.7084111165597944e+16,0.39304213564604656,0.39304213564604656,2237851651417.7935,0.906376281073214,779623.3096538752,777402.7843780345,769312.1800816035,2220.525275840584,8090.604296431005,1.0973136282819262,0.0028482027773469444,0.0028482027773469444,0.0028482027773469444,0.010407223203997062,8090.604296431005,-33287440.893686395,-0.0030755755823392004,-3.716471759384085,0.8452711940771876,0.0,0.0,237354769065926.5,-4.560028856890967,0.01040722320399734,0.01040722320399734,87565889733985.38,24033096210323.625,6380621497051543.0,-40223961568.0199,0.05819163178394878,-0.34553527345215634,0.12380304819857449,0.010407223203997062,1945765885625721.2,8413953272411251.0,8437986368621575.0,8326387382677265.0,589534.1651271968,-40223961568.0199,1.0,501.95682537247126,2.608478429066941e-09,2.608478429066941e-09,0.046336573885296106,179778.01495440656,501.95682537247126
2263.0,10874.214376702173,10823214944.468998,432.1661202427191,5.782562848744204e-05,2.6988783364050275,0.23368668722421831,1.732146593466387e+16,0.3928834078018232,0.3928834078018232,2197627689849.7734,0.8888008326467527,790071.5050996599,787907.6451638915,779791.7526546969,2163.8599357684725,8115.892509194532,1.0952600879454493,0.0027388153120337156,0.0027388153120337156,0.0027388153120337156,0.010300563218302517,8115.892509194532,-33059036.33671037,-0.0030544562319354636,-3.67134344969579,0.8435106396533173,0.0,0.0,240134870239726.5,-4.570384180141105,0.010300563218302639,0.010300563218302639,87840049093218.25,23419921194547.06,6467572287199875.0,-39735739291.02584,0.05752568889182688,-0.34403541531613835,0.12462476055388744,0.010300563218302517,1972281463706113.2,8527693799999207.0,8551113721193753.0,8439853750905988.0,597564.8012520538,-39735739291.02584,1.0,499.8944745314884,2.5557520777145804e-09,2.5557520777145804e-09,0.04629300819878868,182226.95140264317,499.8944745314884
2264.0,10974.291925532001,10823269998.859385,431.6823651414725,5.770450720247653e-05,2.697096225712349,0.23368668703380863,1.7561600804903596e+16,0.3927263504457272,0.3927263504457272,2157891950558.7476,0.8714721378477193,800641.6729253952,798533.5348793076,790392.1378487113,2108.138046087523,8141.397030596304,1.09321969940478,0.0026330606029845785,0.002633060602984579,0.002633060602984579,0.01019543535116132,8141.397030596304,-32832694.831569385,-0.0030335282068200712,-3.625570094921979,0.8417537521613161,0.0,0.0,242942481810383.0,-4.580695666746318,0.01019543535116152,0.01019543535116152,88116538230055.86,22816947267673.13,6555524950611546.0,-39240524037.13083,0.0568498174592838,-0.34247840213162534,0.12541258095792368,0.01019543535116132,1999102562300742.5,8642744051142344.0,8665560998410018.0,8554627512912288.0,605688.0176972767,-39240524037.13083,1.0,497.84737975347554,2.5041992413364158e-09,2.5041992413364158e-09,0.04624968603282631,184704.12015143473,497.84737975347554
2265.0,11075.13843012127,10823323355.4028,431.1991515426413,5.758462134193289e-05,2.6953205133652443,0.23368668684781718,1.780454328671398e+16,0.39257094599715947,0.39257094599715947,2118651426521.6167,0.854393377094142,811335.0247192476,809281.6424261628,801114.5088713107,2053.3822930846986,8167.133554852144,1.0911931595731776,0.0025308685444650272,0.0025308685444650272,0.002530868544465027,0.010091830985276915,8167.133554852144,-32608392.57125704,-0.0030127892792724837,-3.5791765413113366,0.8400005239635956,0.0,0.0,245777821850369.25,-4.590961733141564,0.010091830985277106,0.010091830985277106,88395527350925.1,22224420530314.176,6644489223697134.0,-38738585052.6848,0.05616404931010549,-0.3408644130669216,0.12616649383097311,0.010091830985276915,2026232150521767.5,8759116901569825.0,8781341322100140.0,8670721374218901.0,613904.713507458,-38738585052.6848,1.0,495.81597261034767,2.453791251367265e-09,2.453791251367265e-09,0.04620660677839217,187209.79536385284,495.81597261034767
2266.0,11176.758404476734,10823375066.451916,430.71647884008235,5.7465956289783464e-05,2.6935516808668782,0.23368668666622844,1.8050321108564348e+16,0.3924171770605433,0.3924171770605433,2079912841468.932,0.8375677217753597,822152.78163905,820153.1673274052,811960.0493516842,1999.6143116447806,8193.117975721096,1.0891811602282062,0.002432168760237403,0.002432168760237403,0.002432168760237403,0.009989741309442999,8193.117975721096,-32386106.069827713,-0.0029922372523346753,-3.532188506597921,0.8382509474384757,0.0,0.0,248641112975328.25,-4.601180794851906,0.00998974130944319,0.00998974130944319,88677188814918.7,21642575683176.527,6734474929276322.0,-38230201012.31997,0.055468571423324335,-0.3391936769356398,0.1268864977813786,0.009989741309442999,2053673223831763.2,8876825341923003.0,8898467917606180.0,8788148153108085.0,622215.7957133418,-38230201012.31997,1.0,493.800676833384,2.4045002015680517e-09,2.4045002015680517e-09,0.046163770434199725,189744.2536383424,493.800676833384
2267.0,11279.156378025627,10823425182.745615,430.234346428331,5.734849763629881e-05,2.691790209720413,0.23368668648902688,1.8298962221539676e+16,0.39226502642337696,0.39226502642337696,2041682640456.6118,0.8209982662598779,833096.1745086416,831149.3201585012,822929.953767109,1946.8543501404224,8219.366391392192,1.0871843881066159,0.002336890277150383,0.002336890277150382,0.002336890277150382,0.009889157329545489,8219.366391392192,-32165812.151369702,-0.0029718699587490557,-3.484632597869287,0.8365050149801511,0.0,0.0,251532582968684.75,-4.611351266827908,0.00988915732954565,0.00988915732954565,88961697186807.2,21071632400447.695,6825491980115959.0,-37715660212.394714,0.05476366262878206,-0.337466472721962,0.12757260595075168,0.009889157329545489,2081428805122652.8,8995882482425419.0,9016954114825866.0,8906920785238612.0,630622.1796587051,-37715660212.394714,1.0,491.8019084766094,2.3562989247881134e-09,2.3562989247881134e-09,0.04612117729025389,192307.77410840377,491.8019084766094
2268.0,11382.336895591825,10823473753.458693,429.7527537026001,5.723223117459363e-05,2.690036581429014,0.23368668631619696,1.855049480450836e+16,0.3921144770543069,0.3921144770543069,2003966980244.217,0.8046879881626645,844166.443922609,842271.3228382926,834025.4277285535,1895.1210843163767,8245.895109739044,1.0852035250035894,0.0022449614030027897,0.0022449614030027897,0.0022449614030027906,0.009790069881462853,8245.895109739044,-31947487.94252774,-0.0029516852602260685,-3.4365363298988365,0.8347627189986575,0.0,0.0,254452464987286.5,-4.621471563575015,0.009790069881462915,0.009790069881462915,89249229294033.92,20511793315724.48,6917550381299036.0,-37195260769.46732,0.054049658672667464,-0.3356831301304778,0.12822484636571463,0.009790069881462853,2109501945438122.2,9116301556031192.0,9136813349346918.0,9027052326737158.0,639124.7892192191,-37195260769.46732,1.0,489.82007608356463,2.3091609712616923e-09,2.3091609712616923e-09,0.04607882774940131,194900.6385093345,489.82007608356463
2269.0,11486.30451737137,10823520826.250055,429.2717000587799,5.7117142897239684e-05,2.688291277495844,0.23368668614772323,1.880494726949565e+16,0.3919655121012216,0.3919655121012216,1966771719474.7498,0.7886397242129862,855364.8403536952,853520.4088387066,845247.6881848174,1844.431514988565,8272.720653889051,1.0832392478762658,0.0021563097148415505,0.0021563097148415505,0.0021563097148415505,0.00969246964480305,8272.720653889051,-31731110.86701894,-0.002931681046897619,-3.387928143927063,0.8330240519198396,0.0,0.0,257400997540454.75,-4.631540099171504,0.009692469644803192,0.009692469644803192,89539964287117.12,19963242915070.67,7010660231918064.0,-36669310823.63326,0.05332693299667693,-0.333844030160932,0.1288432622963633,0.00969246964480305,2137895724490019.8,9238095920695202.0,9258059163610274.0,9148555956408084.0,647724.5569588833,-36669310823.63326,1.0,487.85558085731515,2.2630605880081145e-09,2.2630605880081145e-09,0.04603672222470223,197523.13122593405,487.85558085731515
2270.0,11591.063818907582,10823566447.30942,428.7911848934365,5.700321899294386e-05,2.6865547794240667,0.2336866859835901,1.9062348267036104e+16,0.39181811488936497,0.39181811488936497,1930102408651.1165,0.7728561547115378,866692.6242597924,864897.8233461601,856597.9635780746,1794.8009136323062,8299.859768085493,1.0812922289515141,0.002070862106580374,0.002070862106580374,0.002070862106580374,0.00959634715690991,8299.859768085493,-31516658.64129078,-0.0029118552368776153,-3.3388374268946457,0.8312890061853179,0.0,0.0,260378424348222.0,-4.641555287226915,0.009596347156910046,0.009596347156910046,89834083703223.48,19426146948390.92,7104831726365392.0,-36138128746.757805,0.052595886221977,-0.3319496057081734,0.12942791262163533,0.00959634715690991,2166613251051832.5,9361279061120448.0,9380705208068838.0,9271444977417224.0,656422.4242492223,-36138128746.757805,1.0,485.90881683359714,2.2179726990945197e-09,2.2179726990945197e-09,0.04599486107870887,200175.53932885226,485.90881683359714
2271.0,11696.619391065475,10823610661.40258,428.3112076038117,5.68904458432903e-05,2.6848275687168464,0.23368668582378208,1.932272669138433e+16,0.39167226891946977,0.39167226891946977,1893964279904.3586,0.7573397926931589,878151.0661888648,876404.8233928178,868077.4939689814,1746.2427960470025,8327.329423836261,1.0793631358379003,0.001988544868055124,0.001988544868055124,0.001988544868055124,0.00950169282683629,8327.329423836261,-31304109.27085244,-0.002892205775886241,-3.2892945311376467,0.829557574252455,0.0,0.0,263384994136763.5,-4.651515540808625,0.009501692826836439,0.009501692826836439,90131771532845.56,18900652144691.79,7200075155371105.0,-35602043355.71464,0.05185694045670998,-0.33000034218759255,0.1299788722017675,0.00950169282683629,2195657663275196.8,9485864590179148.0,9504765242323840.0,9395732818646302.0,665219.341365156,-35602043355.71464,1.0,483.9801710569853,2.1738728866218493e-09,2.1738728866218493e-09,0.045953244586296016,202858.15260382544,483.9801710569853
2272.0,11802.975840005658,10823653511.915285,427.8317675878218,5.677881001954501e-05,2.6831101268773465,0.23368668566828366,1.9586111685521092e+16,0.3915279578659109,0.3915279578659109,1858362236548.644,0.7420929756433692,889741.4468809629,888042.6779678091,879687.5311414569,1698.7689131538468,8355.146826352262,1.0774526316417912,0.001909283780258831,0.001909283780258831,0.001909283780258831,0.00940849694912425,8355.146826352262,-31093441.04701677,-0.002872730636913623,-3.2393307945597503,0.8278297485943246,0.0,0.0,266420960402880.75,-4.661419272352391,0.009408496949124379,0.009408496949124379,90433214289615.52,18386886112790.145,7296400906872326.0,-35061394130.79197,0.05111053627778471,-0.3279967781863525,0.13049623225803006,0.00940849694912425,2225032128954989.8,9611866250116932.0,9630253136229722.0,9521433035827316.0,674116.2675652948,-35061394130.79197,1.0,482.0700237599626,2.1307373723494383e-09,2.1307373723494383e-09,0.045911872910944895,205571.26357616213,482.0700237599626
2273.0,11910.137787157784,10823695040.895748,427.35286424405734,5.6668298279521654e-05,2.681402935408731,0.23368668551707927,1.9852532645923972e+16,0.3913851655748779,0.3913851655748779,1823300842417.852,0.727117858576027,901465.0573669303,899812.6681140707,891429.338692787,1652.3892528595877,8383.329421283617,1.0755613750875628,0.001833004218362069,0.001833004218362069,0.001833004218362069,0.00931674971730988,8383.329421283617,-30884632.54390295,-0.0028534278199089944,-3.1889785612999324,0.8261055216996765,0.0,0.0,269486581164905.25,-4.6712648935650085,0.009316749717310002,0.009316749717310002,90738601083342.9,17884957361805.75,7393819466760792.0,-34516531439.464935,0.05035713119685843,-0.3259395061407395,0.13098010075993283,0.00931674971730988,2254739845757302.5,9739297913601438.0,9757182870963244.0,9648559312518094.0,683114.1711609877,-34516531439.464935,1.0,480.17874854480345,2.088542999903477e-09,2.088542999903477e-09,0.04587074608894981,208315.16753179926,480.17874854480345
2274.0,12018.1098691932,10823735289.09588,426.8744969717818,5.65588975645072e-05,2.6797064758141635,0.2336866853701535,2.0122019227088876e+16,0.3912438760625666,0.3912438760625666,1788784310978.3872,0.7124164078104743,913323.1990636032,911716.087014008,903304.1921122441,1607.1120495952077,8411.894901763862,1.0736900206418587,0.00175963125785365,0.00175963125785365,0.00175963125785365,0.00922644123711137,8411.894901763862,-30677662.615611613,-0.0028342953514871256,-3.1382712029142685,0.824384886072906,0.0,0.0,272582118709479.25,-4.681050815323967,0.009226441237111582,0.009226441237111582,91048123696387.25,17394955404734.86,7492341419535175.0,-33967816765.736546,0.04959719895159539,-0.32382917303999315,0.131430602820105,0.00922644123711137,2284784041418367.5,9868173584649928.0,9885568540054664.0,9777125460953542.0,692214.0295765694,-33967816765.736546,1.0,478.3067125681577,2.0472672175311357e-09,2.0472672175311357e-09,0.04582986401860323,211090.16253567467,478.3067125681577
2275.0,12126.896737997251,10823774296.01122,426.39666517093127,5.645059499624617e-05,2.6780212295968076,0.23368668522749073,2.0394601345798356e+16,0.3911040735133902,0.3911040735133902,1754816494212.6506,0.6979903950805666,925317.183865496,923754.2400658943,915313.3788501197,1562.943799601663,8440.861215774667,1.071839218641866,0.0016890897811629231,0.0016890897811629231,0.0016890897811629231,0.00913756153928187,8440.861215774667,-30472510.39351751,-0.002815331284646913,-3.087243140092525,0.8226678342340202,0.0,0.0,275707839339392.25,-4.690775447576608,0.009137561539282135,0.009137561539282135,91361976663499.86,16916950924238.592,7591977448873878.0,-33415622945.270443,0.04883122925744208,-0.3216664811570043,0.13184788109706042,0.00913756153928187,2315167973919228.0,9998507399456606.0,1.0015424350380844e+16,9907145422793106.0,701416.8294022608,-33415622945.270443,1.0,476.45427672825326,2.006888061371318e-09,2.006888061371318e-09,0.04578922645261296,213896.54944785888,476.45427672825326
2276.0,12236.503060640944,10823812099.919657,425.9193682421134,5.6343377873982226e-05,2.6763476782598272,0.23368668508907545,2.0670309185137748e+16,0.39096574227820863,0.39096574227820863,1721400871267.3801,0.6838413917707629,937448.3342329751,935928.4449521455,927458.1983783019,1519.8892808296355,8470.246573843586,1.0700096154275627,0.0016213045832261428,0.0016213045832261428,0.0016213045832261428,0.009050100592120238,8470.246573843586,-30269155.283644006,-0.0027965336984987653,-3.0359298649298103,0.8209543587186058,0.0,0.0,278864013125260.0,-4.700437199240485,0.009050100592120414,0.009050100592120414,91680357355271.22,16450995988381.994,7692738338137715.0,-32860334406.53473,0.048059727818066236,-0.31945218880630666,0.1322320962060688,0.009050100592120238,2345894931639035.0,1.013031362713202e+16,1.0146764623120402e+16,1.003863326977675e+16,710723.5664405904,-32860334406.53473,1.0,474.62179585462087,1.9673841392186023e-09,1.9673841392186023e-09,0.04574883299283217,216734.6319377115,474.62179585462087
2277.0,12346.933519351993,10823848737.918951,425.4426055866069,5.6237233671555796e-05,2.674686303306386,0.23368668495489223,2.094917319826301e+16,0.39082886687257695,0.39082886687257695,1688540536860.8455,0.6699707631645323,949717.9832769879,948240.031700241,939739.9622431525,1477.9515767468565,8500.06945708845,1.068201853477902,0.001556200475058087,0.0015562004750580866,0.0015562004750580866,0.008964048313639962,8500.06945708845,-30067576.9640949,-0.0027779006979984687,-2.9843679637744196,0.8192444520777962,0.0,0.0,282050913662552.5,-4.710034478105631,0.00896404831364006,0.00896404831364006,92003466065330.23,15997124308676.787,7794634970808696.0,-32302347418.1855,0.04728321648281708,-0.3171871111298176,0.1325834271383625,0.008964048313639962,2376968233488854.0,1.026360667036288e+16,1.0279603794671558e+16,1.017160320429755e+16,720135.2457469146,-32302347418.1855,1.0,472.80961890025867,1.9287346147602527e-09,1.9287346147602527e-09,0.04570868308679943,219604.7164962379,472.80961890025867
2278.0,12458.192811485405,10823884245.963102,424.9663766063606,5.613215003455662e-05,2.6730375862396483,0.2336866848249254,2.123122411192556e+16,0.3906934319750121,0.3906934319750121,1656238189442.66,0.6563796626401612,962127.4748404433,960690.3427368732,952159.9941112507,1437.1321035701756,8530.348625622444,1.0664165715509044,0.0014937023847162304,0.0014937023847162304,0.0014937023847162308,0.00887939458339996,8530.348625622444,-29867755.38252437,-0.0027594304136857256,-2.9325951406735613,0.8175381068782399,0.0,0.0,285268817834872.5,-4.7195656907396515,0.008879394583400146,0.008879394583400146,92331506101447.78,15555351535201.037,7897678330869660.0,-31742070342.924507,0.04650223348952641,-0.3148721209108193,0.13290207168891827,0.00887939458339996,2408391229027428.5,1.0398401065998536e+16,1.0413956417533736e+16,1.0306069559897088e+16,729652.881664472,-31742070342.924507,1.0,471.01808913616446,1.890919192268319e-09,1.890919192268319e-09,0.04566877602570729,222507.1124467787,471.01808913616446
2279.0,12570.285649493415,10823918658.8976,424.49068070399284,5.602811477753009e-05,2.671402008562777,0.2336866846991596,2.151649292976043e+16,0.39055942242527775,0.39055942242527775,1624496119099.7354,0.643069025776584,974678.163576322,973280.7329357709,964719.6298084372,1397.43064055123,8561.10312733372,1.0646544048276156,0.0014337354552232198,0.0014337354552232198,0.0014337354552232198,0.008796129254002902,8561.10312733372,-29669670.753631093,-0.0027411210014260125,-2.880650241438186,0.8158353157020679,0.0,0.0,288518005583965.25,-4.729029242395743,0.008796129254002971,0.008796129254002971,92664683880694.05,15125675584777.684,8001879503128319.0,-31179923898.060658,0.045717333758641183,-0.31250814941670374,0.1331882468930631,0.008796129254002902,2440167298560008.0,1.0534711485569022e+16,1.05498371611538e+16,1.0442046801688328e+16,739277.4978543029,-31179923898.060658,1.0,469.247544348153,1.853918101730539e-09,1.853918101730539e-09,0.04562911094366151,225442.13195413424,469.247544348153
2280.0,12683.216760894897,10823952010.493586,424.0155172827907,5.5925115881236055e-05,2.6697800517789365,0.2336866845775792,2.1805010935344396e+16,0.3904268232226875,0.3904268232226875,1593316195201.6748,0.6300395643470427,987371.4150226285,986012.5696596338,977420.2173525795,1358.8453629946637,8592.35230705436,1.062915985059913,0.0013762251391119336,0.0013762251391119336,0.0013762251391119336,0.008714242162268168,8592.35230705436,-29473303.55666408,-0.0027229706421545803,-2.8285732783493236,0.8141360711468612,0.0,0.0,291798759686841.25,-4.738423536924213,0.008714242162268238,0.008714242162268238,93003209028810.23,14708076998735.977,8107249673489249.0,-30616341423.017593,0.044929089219998726,-0.3100961872710393,0.13344218947216252,0.008714242162268168,2472299853221281.0,1.067255273573934e+16,1.0687260812738076e+16,1.057954952671053e+16,749010.1273203583,-30616341423.017593,1.0,467.4983170358988,1.8177120844048148e-09,1.8177120844048148e-09,0.04558968681805986,228410.09003222117,467.4983170358988
2281.0,12796.990888244189,10823984333.480963,423.5408857467091,5.582314148995916e-05,2.6681721973912906,0.23368668446016877,2.2096809695031236e+16,0.3902956195244255,0.3902956195244255,1562699853778.6572,0.617291760186736,1000208.6056742849,998887.232796581,990263.1169804477,1321.3728777039526,8624.115816133397,1.061201940722128,0.00132109728931312,0.0013210972893131195,0.0013210972893131195,0.008633723140087085,8624.115816133397,-29278634.532930374,-0.0027049775416216303,-2.776405455528096,0.8124403658256184,0.0,0.0,295111365540289.75,-4.747746976687633,0.008633723140087146,0.008633723140087146,93347294483953.28,14302519326954.238,8213800129176978.0,-30051769154.027187,0.044138089162047464,-0.3076372853555472,0.1336641562886598,0.008633723140087085,2504792335043413.5,1.0811939758704344e+16,1.0826242278031298e+16,1.0718592464220392e+16,758851.8124300946,-30051769154.027187,1.0,465.77073461413977,1.7822823787830761e-09,1.7822823787830761e-09,0.045550502471016774,231411.30455035306,465.77073461413977
2282.0,12911.612789099441,10824015659.58049,423.06678550036986,5.5722179908869594e-05,2.6665789269030022,0.2336866843469127,2.2391921060571524e+16,0.390165796643885,0.390165796643885,1532648084624.6301,0.6048258589251869,1013191.1230520797,1011906.1147915322,1003249.7011691032,1285.0082605475422,8656.413622428978,1.0595128971664558,0.0012682782461384539,0.0012682782461384539,0.001268278246138454,0.008554562024968421,8656.413622428978,-29085644.683295712,-0.002687139930137813,-2.7241891949916988,0.8107481923667244,0.0,0.0,298456110953058.0,-4.756997962479935,0.008554562024968515,0.008554562024968515,93697156604977.12,13908949534856.885,8321542258913609.0,-29486666506.25012,0.04334494059801737,-0.3051325557426106,0.13385442481074433,0.008554562024968421,2537648217010210.5,1.0952887632528798e+16,1.0966796582063654e+16,1.085919047592382e+16,768803.6049308644,-29486666506.25012,1.0,464.0651196159789,1.7476107069511165e-09,1.7476107069511165e-09,0.04551155657172434,234446.0962382387,464.0651196159789
2283.0,13027.087235990162,10824046019.534883,422.59321594906197,5.562221960143311e-05,2.665000721817236,0.2336866842377955,2.2690377171524584e+16,0.3900373400490247,0.3900373400490247,1503161418118.3801,0.5926418635765119,1026320.365768761,1025070.6206729356,1016381.3546522002,1249.7450958254062,8689.266020735351,1.057849476782146,0.0012176949201327502,0.00121769492013275,0.00121769492013275,0.008476748670282877,8689.266020735351,-28894315.265670724,-0.002669456062319322,-2.67196816341896,0.8090595434139176,0.0,0.0,301833285945949.0,-4.766174893449638,0.00847674867028314,0.00847674867028314,94053015284420.19,13527298429902.23,8430487553054213.0,-28921506363.578926,0.04255026864614822,-0.3025831726589707,0.13401329358693684,0.008476748670282877,2570871003098407.0,1.1095411571437042e+16,1.1108938869866944e+16,1.100135855615262e+16,778866.5659624087,-28921506363.578926,1.0,462.3817898982443,1.7136792613317583e-09,1.7136792613317583e-09,0.045472847639769,237514.78868979157,462.3817898982443
2284.0,13143.41901638451,10824075443.138958,422.1201764987397,5.552324918686932e-05,2.663438063637155,0.23368668413280172,2.2992210457470532e+16,0.38991023536074154,0.38991023536074154,1474239911754.8013,0.5807395279820998,1039597.7435924265,1038382.1680753279,1029659.4744316672,1215.5755170986024,8722.693643660645,1.0562122991584406,0.0011692748705841435,0.0011692748705841435,0.0011692748705841437,0.008400272955214953,8722.693643660645,-28704627.79247582,-0.0026519242168319126,-2.619787299648167,0.8073744116262589,0.0,0.0,305243182560219.0,-4.775276167027431,0.00840027295521506,0.00840027295521506,94415094066371.47,13157481103907.922,8540647603683903.0,-28356775376.369045,0.04175471692253494,-0.29999037348129554,0.1341410827308899,0.008400272955214953,2604464228307273.0,1.1239526926057546e+16,1.1252684407161456e+16,1.1145111831991176e+16,789041.7660658077,-28356775376.369045,1.0,460.7210588488477,1.6804706917992196e-09,1.6804706917992196e-09,0.04543437404923334,240617.70836585964,460.7210588488477
2285.0,13260.612932655804,10824103959.268852,421.647666556022,5.542525743765729e-05,2.661891433865924,0.23368668403191573,2.329745364003075e+16,0.38978446835126174,0.38978446835126174,1445883136378.4321,0.5691183501008461,1053024.6775072883,1051842.1872581642,1043085.4697851924,1182.4902491239857,8756.717472971752,1.0546019812512553,0.0011229463794933728,0.0011229463794933726,0.0011229463794933726,0.00832512479443126,8756.717472971752,-28516564.028079245,-0.002634542696133296,-2.5676928429313137,0.8056927896780982,0.0,0.0,308686094674523.5,-4.784300178858227,0.008325124794431371,0.008325124794431371,94783620269392.28,12799397387339.744,8652034104680113.0,-27792974267.359127,0.04095894794594669,-0.2973554597643405,0.13423813441671154,0.00832512479443126,2638431458677599.0,1.1385249183627104e+16,1.1398048581014446e+16,1.1290465563357712e+16,799330.2851892178,-27792974267.359127,1.0,459.0832355961114,1.647968093153294e-09,1.647968093153294e-09,0.04539613403362974,243755.18459597463,459.0832355961114
2286.0,13378.673802048514,10824131595.910336,421.1756855281926,5.532823327708734e-05,2.6603613140067055,0.23368668393512212,2.3606139734705276e+16,0.3896600249425476,0.3896600249425476,1418090162111.073,0.5577775651424107,1066602.5997719537,1065452.1211214382,1056660.762270015,1150.4786505153177,8791.358851423209,1.053019137553582,0.0010786385208148726,0.0010786385208148724,0.0010786385208148726,0.008251294147474119,8791.358851423209,-28330105.986203294,-0.0026173098262134223,-2.5157323619684644,0.8040146702590438,0.0,0.0,312162317830820.5,-4.793245322738048,0.008251294147474275,0.008251294147474275,95158825114675.95,12452932311463.135,8764658851744220.0,-27230618146.03699,0.040163643554427635,-0.29467979830245106,0.13430481338513015,0.008251294147474119,2672776291301348.0,1.1532593968160246e+16,1.154504690047171e+16,1.1437435143045568e+16,809733.2126907767,-27230618146.03699,1.0,457.46862522002016,1.6161549929423813e-09,1.6161549929423813e-09,0.04535812569155562,246927.5495792382,457.46862522002016
2287.0,13497.606456643716,10824158380.18626,420.70423282319837,5.5232165776858294e-05,2.658848185562664,0.2336866838424053,2.3918302052536096e+16,0.389536891204722,0.389536891204722,1390859543965.036,0.5467161385390589,1080332.953975342,1079213.425218611,1070386.7857235232,1119.5287567310163,8826.639495087797,1.0514643802696195,0.001036281224794119,0.001036281224794119,0.0010362812247941193,0.008178771027889898,8826.639495087797,-28145235.927294355,-0.002600223956332209,-2.4639547847475427,0.8023400460739306,0.0,0.0,315672149069608.5,-4.802109990555715,0.008178771027890108,0.008178771027890108,95540943859637.6,12117956574029.535,8878533742406690.0,-26670236831.725147,0.039369505333734414,-0.2919648222251888,0.13434150746082957,0.008178771027889898,2707502354323217.5,1.1681577040589546e+16,1.1693694997163576e+16,1.1586036096729908e+16,820251.6473390618,-26670236831.725147,1.0,455.87752896537677,1.5850153396249273e-09,1.5850153396249273e-09,0.04532034699306098,250135.1383844614,455.87752896537677
2288.0,13617.415743323993,10824184338.383156,420.2333078496489,5.513704415471885e-05,2.657352530036963,0.23368668375374976,2.4233974201605704e+16,0.3894150533545091,0.3894150533545091,1364189307133.3108,0.5359327587516445,1094217.195090372,1093127.5677674033,1084264.986261197,1089.6273229688222,8862.581506206508,1.049938319492607,0.0009958053372382154,0.0009958053372382154,0.0009958053372382154,0.008107545512101015,8862.581506206508,-27961936.355853453,-0.002583283458754382,-2.412410429213738,0.8006689098427878,0.0,0.0,319215886774922.5,-4.8108925722395615,0.008107545512101244,0.008107545512101244,95930215937124.69,11794327003953.49,8993670776010182.0,-26112375185.64753,0.038577255057813044,-0.28921203212789787,0.13434862808129333,0.008107545512101015,2742613306935493.0,1.1832214298882798e+16,1.1844008625886752e+16,1.1736284082945676e+16,830886.6973115127,-26112375185.64753,1.0,454.31024445682834,1.554533491059302e-09,1.554533491059302e-09,0.04528279578663419,253378.28894968415,454.31024445682834
2289.0,13738.10652373767,10824209495.977015,419.76291001681597,5.504285777215267e-05,2.6558748289327667,0.23368668366914003,2.4553190088380628e+16,0.38929449775369124,0.38929449775369124,1338076931947.6633,0.5254258299052219,1108256.7895255387,1107196.0296590098,1098296.822272433,1060.7598665290516,8899.20738657673,1.0484415633863708,0.0009571426735704266,0.0009571426735704266,0.0009571426735704266,0.008037607748031283,8899.20738657673,-27780190.017724305,-0.0025664867284811185,-2.3611510347945956,0.7990012543008076,0.0,0.0,322793830529480.5,-4.819591455709431,0.008037607748031528,0.008037607748031528,96326885100452.64,11481887020235.07,9110082053675104.0,-25557593452.259617,0.037787635141592016,-0.2864229972380557,0.13432661083750763,0.008037607748031283,2778112839367543.0,1.1984521778143102e+16,1.1996003665163336e+16,1.1888194893042648e+16,841639.4801912332,-25557593452.259617,1.0,452.76706591574884,1.5246942033125775e-09,1.5246942033125775e-09,0.045245469806808325,256657.34208119975,452.76706591574884
2290.0,13859.683674262615,10824233877.658266,419.2930387346324,5.494959613210574e-05,2.6544155637532385,0.2336866835885605,2.4875983918910108e+16,0.3891752109075827,0.3891752109075827,1312519338495.4038,0.5151934642496694,1122453.2151745413,1121420.3044663498,1112483.7644148518,1032.9107081915577,8936.540051497976,1.0469747183705813,0.0009202260675345302,0.00092022606753453,0.00092022606753453,0.007968947963494032,8936.540051497976,-27599979.897336602,-0.002549832182978259,-2.3102297948068315,0.7973370721983133,0.0,0.0,326406280980459.5,-4.8282050268339125,0.007968947963494122,0.007968947963494122,96731199574474.33,11180467080203.05,9227779778252566.0,-25006467610.12361,0.03700140910642252,-0.2835993566182894,0.13427591602688377,0.007968947963494032,2814004672871470.5,1.213851565069851e+16,1.2149696117778714e+16,1.2041784451124036e+16,852511.1229626277,-25006467610.12361,1.0,451.2482843789655,1.4954826197790257e-09,1.4954826197790257e-09,0.04520836668228334,259972.64145222417,451.2482843789655
2291.0,13982.152085969381,10824257507.356005,418.8236934136915,5.485724887675557e-05,2.6529752160015416,0.23368668351199576,2.520239019989057e+16,0.3890571794635188,0.3890571794635188,1287512870885.2803,0.5052334744405815,1136807.9614640884,1135801.898451951,1126827.295607656,1006.0630121372975,8974.602844295052,1.045538389309723,0.000884989414431611,0.0008849894144316112,0.0008849894144316114,0.007901556474352655,8974.602844295052,-27421289.214903127,-0.0025333182619009225,-2.2597013897713305,0.7956763563007285,0.0,0.0,330053539716313.5,-4.836731669393013,0.007901556474352756,0.007901556474352756,97143412212899.27,10889885112000.338,9346776254269464.0,-24459589732.61512,0.03621936205852605,-0.2807428204069686,0.13419702921877147,0.007901556474352655,2850292559705370.5,1.2294212226187734e+16,1.2305102111299734e+16,1.2197068813974834e+16,863502.7620063117,-24459589732.61512,1.0,449.7541879193184,1.4668842605995911e-09,1.4668842605995911e-09,0.045171483944551394,263324.5336013444,449.7541879193184
2292.0,14105.516664583773,10824280408.261456,418.3548734652466,5.476580578532107e-05,2.651554267180841,0.2336866834394302,2.553244373960688e+16,0.3889403902093613,0.3889403902093613,1263053281152.665,0.4955433656355444,1151322.5294000364,1150342.3305761022,1141328.9110246627,980.1988239341593,9013.419551439618,1.0441331797057885,0.000851367708790472,0.0008513677087904717,0.0008513677087904715,0.007835423692463454,9013.419551439618,-27244101.42356938,-0.0025169434268143835,-2.2096220216638325,0.7940190993885448,0.0,0.0,333735909155073.0,-4.8451697650464025,0.007835423692463594,0.007835423692463594,97563780662088.61,10609946926111.441,9467083887870876.0,-23917568358.758892,0.03544230118082911,-0.2778551710973197,0.13409046183294576,0.007835423692463454,2886980283115761.0,1.2451627951648726e+16,1.2462237898574838e+16,1.2354064170986638e+16,874615.5430937727,-23917568358.758892,1.0,448.2850618680568,1.4388850123738964e-09,1.4388850123738964e-09,0.04513481903696426,266713.36793088994,448.2850618680568
2293.0,14229.782330448976,10824302602.850716,417.88657830120985,5.467525677191247e-05,2.6501531987942997,0.23368668337084836,2.586617964876195e+16,0.38882483007201957,0.38882483007201957,1239135712793.9062,0.48612032740077005,1165998.4316120297,1165043.1325059307,1155990.1180876393,955.2991060989185,9053.0144182915,1.0427596918946973,0.0008192970763933081,0.0008192970763933079,0.0008192970763933081,0.007770540133410395,9053.0144182915,-27068400.2065154,-0.0025007061609111517,-2.1600494491286613,0.7923652942572911,0.0,0.0,337453692444586.0,-4.853517693307234,0.007770540133410497,0.007770540133410497,97992567531557.73,10340446600647.486,9588715186764958.0,-23381028874.489624,0.03467105623858256,-0.27493826485604095,0.13395675173146174,0.007770540133410395,2924071657320781.0,1.2610779411617298e+16,1.2621119858217944e+16,1.251278684408574e+16,885850.6213822635,-23381028874.489624,1.0,446.84118903906517,1.4114711181566726e-09,1.4114711181566726e-09,0.04509836932413602,270139.4967053758,446.84118903906517
2294.0,14354.95401848688,10824324112.906809,417.4188073341518,5.458559188342025e-05,2.6487724923450813,0.23368668330623465,2.6203633341206536e+16,0.38871048611598724,0.38871048611598724,1215754683919.4165,0.4769612254228991,1180837.1923967693,1179905.848626026,1170812.4364605437,931.3437707432495,9093.412165482301,1.041418527246469,0.0007887148006008193,0.0007887148006008193,0.0007887148006008195,0.007706896424042119,9093.412165482301,-26894169.474009965,-0.0024846049687242498,-2.111043023684697,0.7907149337175012,0.0,0.0,341207193375024.5,-4.861773831521574,0.007706896424042209,0.007706896424042209,98430040571430.19,10081166835061.707,9711682760175356.0,-22850613904.653965,0.033906480099171764,-0.27199403288242835,0.1337964638242826,0.007706896424042119,2961570527495678.0,1.2771683328242464e+16,1.2781764495077526e+16,1.2673253287671034e+16,897209.1614103876,-22850613904.653965,1.0,445.42284995494333,1.3846291677308844e-09,1.3846291677308844e-09,0.045062132101725494,273603.27505015605,445.42284995494333
2295.0,14481.036678159122,10824344959.541042,416.95155997730024,5.4496801297442496e-05,2.64741262933635,0.23368668324557368,2.654484053458156e+16,0.3885973455418941,0.3885973455418941,1192904070014.7625,0.46806259302063746,1195840.3477601255,1194932.036051313,1185797.398045348,908.3117088126365,9134.638005964829,1.040110286369157,0.0007595593429456984,0.0007595593429456985,0.0007595593429456985,0.007644483309821119,9134.638005964829,-26721393.36041758,-0.0024686383758367007,-2.0626637269523527,0.7890680105946846,0.0,0.0,344996716304146.5,-4.869936554853582,0.0076444833098213705,0.0076444833098213705,98876472857097.44,9831879266978.174,9835999318806742.0,-22326983716.06484,0.033149449266541474,-0.2690244828090611,0.13361019068909907,0.007644483309821119,2999480769762302.5,1.2934356561426144e+16,1.2944188440693122e+16,1.2835480088569046e+16,908692.3370948993,-22326983716.06484,1.0,444.0303230749438,1.3583460881499817e-09,1.3583460881499817e-09,0.04502610460640666,277105.0609504487,444.0303230749438
2296.0,14608.035273427357,10824365163.213722,416.4848356445402,5.4408875320249725e-05,2.6460740912712692,0.2336866831888498,2.6889837250885708e+16,0.3884853956850735,0.3884853956850735,1170577086298.6975,0.45942062245071613,1211009.4454582164,1210123.2646427834,1200946.5469800313,886.1808154328636,9176.717662752175,1.0388355693165638,0.000731770357990523,0.000731770357990523,0.0007317703579905229,0.0075832916619953195,9176.717662752175,-26550056.221159652,-0.002452804928587333,-2.014974208931431,0.7874245177292929,0.0,0.0,348822566095516.0,-4.8780042362763565,0.0075832916619954505,0.0075832916619954505,99332142981342.69,9592344746879.818,9961677674828376.0,-21810816631.931507,0.03240086443066582,-0.26603170014512684,0.13339855320576985,0.0075832916619953195,3037806291184087.0,1.3098816108993804e+16,1.3108408453740686e+16,1.2999483966012462e+16,920301.3317291656,-21810816631.931507,1.0,442.6638850247922,1.3326091345421417e-09,1.3326091345421417e-09,0.04499028402604921,280645.2152508657,442.6638850247922
2297.0,14735.954782712923,10824384743.754223,416.0186337504127,5.432180438478651e-05,2.644757359653003,0.23368668313604757,2.7238659816981224e+16,0.3883746240141446,0.3883746240141446,1148766269666.766,0.45103115600250815,1226346.0450376472,1225481.1170267563,1216261.4396393842,864.9280108908727,9219.677387372123,1.0375949757997744,0.0007052887024757523,0.0007052887024757523,0.0007052887024757523,0.00752331248460259,9219.677387372123,-26380142.629631743,-0.0024371031937730544,-1.9680388273609817,0.7857844479766903,0.0,0.0,352685048070023.0,-4.885975246568376,0.0075233124846026955,0.0075233124846026955,99797335254206.61,9362313565532.848,1.0088730741880952e+16,-21302809458.00216,0.03166165103250512,-0.2630178497635033,0.1331622012058254,0.00752331248460259,3076551029768145.5,1.3265079106903304e+16,1.3274441420468838e+16,1.3165281771649098e+16,932037.3379837824,-21302809458.00216,1.0,441.32381082841874,1.3074058811695354e-09,1.3074058811695354e-09,0.044954667510041624,284224.1016556018,441.32381082841874
2298.0,14864.800198856237,10824403720.380436,415.5529537101139,5.423557904870915e-05,2.6434629159847147,0.23368668308715143,2.759134486505125e+16,0.38826501812960956,0.38826501812960956,1127463460208.764,0.442889676875456,1241851.7178751095,1241007.188618314,1231743.6446392508,844.5292567954633,9263.54397906317,1.036389105402522,0.0006800564388158264,0.0006800564388158264,0.0006800564388158264,0.007464536921318575,9263.54397906317,-26211637.37407869,-0.0024215317583477433,-1.9219236881923052,0.7841477942071222,0.0,0.0,356584467970936.0,-4.893847954315599,0.007464536921318654,0.007464536921318654,100272339910879.16,9141525629226.938,1.0217171535112002e+16,-20803677920.756077,0.030932759844906142,-0.25998517743275035,0.1329018141374901,0.007464536921318575,3115718954476061.0,1.3433162829498944e+16,1.3442304355128172e+16,1.3332890489588064e+16,943901.5579098254,-20803677920.756077,1.0,440.01037414163096,1.282724212735881e-09,1.282724212735881e-09,0.044919252179582925,287842.0867294255,440.01037414163096
2299.0,14994.576529075252,10824422111.71762,415.0877949394947,5.41501899924585e-05,2.6421912417695688,0.23368668304214585,2.7947929333022184e+16,0.3881565657624659,0.3881565657624659,1106659782288.0078,0.434991299833296,1257528.047216468,1256703.0876494783,1247394.7428447388,824.9595669896469,9308.344804739478,1.0352185578004347,0.0006560168330365997,0.0006560168330365996,0.0006560168330365996,0.0074069562621587,9308.344804739478,-26044525.454431187,-0.002406089229118065,-1.8766966872079174,0.7825145493056836,0.0,0.0,360521131942497.0,-4.9016207259190105,0.007406956262158815,0.007406956262158815,100757453327913.84,8929710578195.727,1.034701317124419e+16,-20314157118.000587,0.03021516756991038,-0.2569360113952023,0.13261810174669134,0.0074069562621587,3155314065244716.0,1.360308468981682e+16,1.3612014400395016e+16,1.3502327236488906e+16,955895.2029451414,-20314157118.000587,1.0,438.7238474877707,1.2585523159359168e-09,1.2585523159359168e-09,0.04488403513799466,291499.53989959747,438.7238474877707
2300.0,15125.2887949236,10824439935.816683,414.6231568550599,5.4065628017367593e-05,2.640942818510728,0.2336866830010154,2.830845046496468e+16,0.38804925477283275,0.38804925477283275,1086345625170.0072,0.42733076162887995,1273376.6282155693,1272570.4352027478,1263216.3273829944,806.1930128214163,9354.107819753395,1.0340839329841796,0.0006331143472855826,0.0006331143472855826,0.0006331143472855827,0.007350561950044899,9354.107819753395,-25878792.079106685,-0.002390774232436459,-1.8324275528189686,0.780884706172289,0.0,0.0,364495346522206.5,-4.9092919256075955,0.007350561950045131,0.007350561950045131,101252978248073.77,8726587843960.51,1.0478268868681492e+16,-19835001982.22448,0.029509877452951413,-0.2538727639923885,0.13231180477453658,0.007350561950044899,3195340393018675.0,1.377486223994824e+16,1.37835888277922e+16,1.3673609261700166e+16,968019.4939241377,-19835001982.22448,1.0,437.46450249539174,1.2348786712404862e-09,1.2348786712404862e-09,0.0448490134808599,295196.8334588567,437.46450249539174
2301.0,15256.942032248025,10824457210.171871,414.15903887396746,5.398188404380286e-05,2.6397181277113573,0.23368668296374442,2.867294581148689e+16,0.38794307314859233,0.38794307314859233,1066510623187.7827,0.41990241119321303,1289399.0679729148,1288610.8652504906,1279210.0036610048,788.2027224241251,9400.861589485694,1.0329858314865727,0.0006112946270880057,0.0006112946270880057,0.0006112946270880057,0.007295345587248543,9400.861589485694,-25714422.66177896,-0.0023755854138916834,-1.7891878900766511,0.779258257721641,0.0,0.0,368507418646585.0,-4.9168599154564,0.007295345587248647,0.007295345587248647,101759224014136.22,8531866641820.919,1.0610951947657076e+16,-19366987757.092403,0.028817919914428617,-0.25079793333904893,0.13198369567175433,0.007295345587248543,3235801999795274.0,1.3948513171466486e+16,1.3957045038108308e+16,1.384675394745235e+16,980275.6610914253,-19366987757.092403,1.0,436.2326101380237,1.211692044911286e-09,1.211692044911286e-09,0.044814184305964844,298934.3425695796,436.2326101380237
2302.0,15389.541291145415,10824473951.737953,413.6954404140277,5.389894910933878e-05,2.6385176508746193,0.23368668293031752,2.904145323013347e+16,0.38783800900404486,0.38783800900404486,1047143635430.6903,0.4127001995821388,1305596.9855744059,1304826.024700693,1295377.3893888989,770.9608737128818,9448.635311794274,1.03192485461367,0.0005905044835667206,0.0005905044835667207,0.0005905044835667207,0.00724129894172033,9448.635311794274,-25551402.818120807,-0.0023605214379973016,-1.7470512259313082,0.7776351968831997,0.0,0.0,372557655670290.5,-4.924323055409629,0.007241298941720431,0.007241298941720431,102276506811988.53,8345245895314.223,1.074507583042681e+16,-18910910487.445305,0.02814035319916914,-0.247714105047052,0.13163457933060851,0.00724129894172033,3276702978683638.5,1.4124055315922436e+16,1.4132400561817748e+16,1.4021778809110448e+16,992664.9441196729,-18910910487.445305,1.0,435.0284409760609,1.1889814812394397e-09,1.1889814812394397e-09,0.04477954472288914,302712.44526922604,435.0284409760609
2303.0,15523.091635919034,10824490176.946838,413.23236089370266,5.3816814366964835e-05,2.6373418695036785,0.23368668290071917,2.9414010885803764e+16,0.3877340505785787,0.3877340505785787,1028232724943.245,0.40571766967390566,1321972.0121303063,1321217.5734494359,1311720.1146090818,754.4386808703784,9497.458840354115,1.0309016046799133,0.00057069187089266,0.0005706918708926599,0.0005706918708926598,0.007188413953318939,9497.458840354115,-25389718.362525195,-0.0023455809878786026,-1.7060930557768887,0.7760155166011518,0.0,0.0,376646365398066.0,-4.931679703308422,0.0071884139533191505,0.0071884139533191505,102805149923370.03,8166414090190.143,1.0880654041511144e+16,-18467587523.214146,0.027478264044291142,-0.24462395400056136,0.13126529383481045,0.007188413953318939,3318047453978442.0,1.4301506645412956e+16,1.4309673059503148e+16,1.4198701495489586e+16,1005188.5921319342,-18467587523.214146,1.0,433.8522654008572,1.1667362950023384e-09,1.1667362950023384e-09,0.0447450918622021,306531.5224771475,433.8522654008572
2304.0,15657.598145034413,10824505901.723701,412.7697997321052,5.373547108332454e-05,2.6361912651016985,0.23368668287493374,2.979065725120183e+16,0.3876311862353532,0.3876311862353532,1009765137420.0309,0.3989479456106514,1338525.7908146237,1337787.1844404477,1328239.8217315252,738.6063741759026,9547.362708922363,1.0299166852473713,0.0005518058592852278,0.0005518058592852278,0.0005518058592852279,0.007136682739949935,9547.362708922363,-25229355.304810572,-0.002330762764958448,-1.6663908913172096,0.7743992098343802,0.0,0.0,380773856129062.5,-4.938928214922981,0.007136682739950162,0.007136682739950162,103345483988626.9,7995049056317.803,1.1017700207988086e+16,-18037858037.641754,0.026832768366008578,-0.24153024618384206,0.13087671122796798,0.007136682739949935,3359839581249246.0,1.448088527322596e+16,1.4488880322282278e+16,1.4377539789237332e+16,1017847.8637286917,-18037858037.641754,1.0,432.7043538810847,1.1449460641333025e-09,1.1449460641333025e-09,0.044710822884082235,310391.9580028335,432.7043538810847
2305.0,15793.065911074546,10824521141.502611,412.3077563489987,5.365491063698542e-05,2.6350663191718433,0.23368668285294583,3.0171431107330896e+16,0.3875294044599968,0.3875294044599968,991727279382.3892,0.39238372197663374,1355259.976905046,1354536.54373192,1344938.1655753562,723.4331731261483,9598.378156563787,1.0289707013691347,0.000533796603938843,0.000533796603938843,0.000533796603938843,0.007086097603626875,9598.378156563787,-25070299.846916977,-0.002316065488642653,-1.628024309792877,0.772786269556433,0.0,0.0,384940436712689.0,-4.946066943988724,0.007086097603627106,0.007086097603627106,103897847279861.58,7830817676968.311,1.1156228059838404e+16,-17622583560.233192,0.026205011965925055,-0.2384358405631381,0.13046973830112643,0.007086097603626875,3402083547445778.5,1.4662209454564044e+16,1.4670040272241012e+16,1.4558311607284182e+16,1030644.0270197253,-17622583560.233192,1.0,431.58497721143624,1.123600622598882e-09,1.123600622598882e-09,0.04467673498628999,314294.13855563104,431.58497721143624
2306.0,15929.500040694511,10824535911.241665,411.8462301647958,5.357512451673988e-05,2.6339675132172755,0.23368668283473984,3.0556371544043584e+16,0.3874286938593177,0.3874286938593177,974104695822.156,0.3860172527058303,1372176.2378235965,1371467.3505706887,1361816.813416815,708.8872529076266,9650.53715387381,1.0280642598369334,0.0005166153103131927,0.0005166153103131927,0.0005166153103131927,0.007036651036466945,9650.53715387381,-24912538.379600044,-0.002301487896005545,-1.591075004608682,0.7711766887554936,0.0,0.0,389146416614956.5,-4.953094242245958,0.007036651036467112,0.007036651036467112,104462585984879.0,7673375526120.057,1.1296251430343688e+16,-17222648524.865673,0.025596171257384445,-0.23534369102409933,0.1300453173999724,0.007036651036466945,3444783571019314.5,1.4845497587347882e+16,1.4853170962874004e+16,1.4741035001363002e+16,1043578.3596608636,-17222648524.865673,1.0,430.49440676375497,1.102690053478735e-09,1.102690053478735e-09,0.04464282541135378,318238.4537559513,430.49440676375497
2307.0,16066.905654575628,10824550225.43767,411.3852206005581,5.349610431993577e-05,2.63289532874116,0.23368668282030033,3.094551796065854e+16,0.3873290431600287,0.3873290431600287,956882047297.2903,0.3798403397113053,1389276.2531781453,1388581.3174737357,1378877.445043498,694.9357044094326,9703.872430237654,1.0271979694330433,0.0005002141962908235,0.0005002141962908235,0.0005002141962908235,0.006988335726633595,9703.872430237654,-24756057.479130607,-0.0022870287414763824,-1.5556268374025919,0.7695704604343494,0.0,0.0,393392105994115.0,-4.960008459482565,0.00698833572663371,0.00698833572663371,105040054502347.39,7522366435829.809,1.1437784256536544e+16,-16838960833.503115,0.025007454012463622,-0.23225684836628063,0.12960442725228777,0.006988335726633595,3487943902059969.0,1.5030768213098862e+16,1.5038290579534694e+16,1.4925728158596514e+16,1056652.148895552,-16838960833.503115,1.0,429.4329147406831,1.0822046822432108e-09,1.0822046822432108e-09,0.04460909145280678,322225.29614794604,429.4329147406831
2308.0,16205.287887379025,10824564098.140366,410.9247270779951,5.34178417508366e-05,2.6318502472466605,0.2336866828096117,3.1338910066652656e+16,0.3872304412074851,0.3872304412074851,940043086463.7871,0.37384432122852174,1406561.7148048962,1405880.1703167823,1396121.7528146165,681.5444881138891,9758.417502165657,1.0263724411865418,0.0004845464517768606,0.0004845464517768607,0.0004845464517768607,0.006941144564238946,9758.417502165657,-24600843.904008668,-0.0022726867965274494,-1.5217658915979464,0.767967577610362,0.0,0.0,397677815783930.5,-4.96680794357929,0.006941144564239221,0.006941144564239221,105630615748606.95,7377421997323.057,1.15808405797007e+16,-16472452435.965694,0.02444010013021159,-0.2291784623562851,0.12914808381625859,0.006941144564238946,3531568822449196.0,1.5218040017898504e+16,1.5225417439895826e+16,1.5112409402149896e+16,1069866.6916010282,-16472452435.965694,1.0,428.400774431915,1.062135070223944e-09,1.062135070223944e-09,0.04457553046032814,326255.0612135884,428.400774431915
2309.0,16344.651887698463,10824577542.96621,410.46474901946357,5.334032861901031e-05,2.63083275023694,0.23368668280265847,3.1736587882436588e+16,0.3871328769644365,0.3871328769644365,923570634027.8214,0.3680200598645452,1424034.3268119292,1423365.6484295563,1413551.4417268094,668.6783823729944,9814.20670274704,1.0255882886340049,0.0004695661963921928,0.00046956619639219286,0.00046956619639219275,0.006895070647219399,9814.20670274704,-24446884.591701075,-0.002258460849364659,-1.4895805274834486,0.7663680333154369,0.0,0.0,402003857782697.0,-4.973491040556684,0.006895070647219614,0.006895070647219614,106234641476584.06,7238161001301.6875,1.1725434545917174e+16,-16124079926.237099,0.023895382426752806,-0.22611178384116978,0.1286773411502607,0.006895070647219399,3575662646026356.0,1.5407331833420112e+16,1.5414569994421414e+16,1.530109719194353e+16,1083223.294338756,-16124079926.237099,1.0,427.3982604731703,1.0424720082729353e-09,1.0424720082729353e-09,0.04454213984367894,330328.1473880535,427.3982604731703
2310.0,16485.002818012854,10824590573.111729,410.00528584796695,5.326355683774645e-05,2.629843319215163,0.23368668279942517,3.2138591740219284e+16,0.3870363395097907,0.3870363395097907,907446554101.5844,0.3623579303448452,1441695.8056239067,1441039.5046971338,1431168.2294848678,656.3009267728967,9871.275212266122,1.0248461280847192,0.00045522843599373353,0.00045522843599373353,0.0004552284359937335,0.0068501072871980625,9871.275212266122,-24294166.655412655,-0.002244349704621562,-1.459161438865682,0.7647718205959921,0.0,0.0,406370544745762.0,-4.980056094623152,0.006850107287198259,0.006850107287198259,106852512607287.34,7104188825070.389,1.1871580406651212e+16,-15794825155.793608,0.02337460744790043,-0.22306016692378558,0.12819329230476278,0.0068501072871980625,3620229718767690.0,1.559866263802619e+16,1.560576682685126e+16,1.5491810125418902e+16,1096723.2734086225,-15794825155.793608,1.0,426.4256491079888,1.023206510605687e-09,1.023206510605687e-09,0.04450760568860668,334444.95607624523,426.4256491079888
2311.0,16626.345854638123,10824603201.366486,409.54633698715475,5.3187518422500896e-05,2.62887954205577,0.23368738106473516,3.254496228496505e+16,0.38694081803739194,0.38694081803739194,891651728945.7908,0.35684780694915585,1459547.8800279573,1458903.5056664483,1448973.9540851805,644.374361509049,9929.551581267715,1.0241423140801083,0.0004414890188437711,0.0004414890188437711,0.0004414890188437711,0.006806174323867809,9929.551581267715,-24142687.484664507,-0.002230353116464977,-1.4303490360004447,0.7631789325129296,0.0,0.0,410789414411713.5,-4.986512312372191,0.006806174323867875,0.006806174323867875,107483455834724.16,6975096776469.337,1.2019282459178882e+16,-15482960754.16188,0.02287911630494172,-0.2200270712017743,0.12769707023700586,0.006806174323867809,3665285642908218.0,1.5792051557921824e+16,1.5799026654698294e+16,1.56845681020871e+16,1110367.0255240009,-15482960754.16188,1.0,425.4803835411051,1.004331069767284e-09,1.004331069767284e-09,0.04446861178953898,338606.92856117967,425.4803835411051
2312.0,16768.68618767838,10824615440.125608,409.0879018613214,5.31122054893678e-05,2.627930784239804,0.23369133413220747,3.295575169937676e+16,0.38684630185481067,0.38684630185481067,876168768191.6289,0.3514790506276021,1477592.4421904488,1476959.5825618438,1466970.9261619963,632.8596286048602,9988.656399847407,1.0234611048557587,0.00042830459234528904,0.00042830459234528904,0.00042830459234528904,0.006762985607582906,9988.656399847407,-23992469.761105824,-0.002216473175773847,-1.4022542202615054,0.7615893621416039,0.0,0.0,415302098659857.5,-4.99289976810559,0.00676298560758315,0.00676298560758315,108123364291897.72,6850462107228.328,1.2168518868950976e+16,-15178862683.623987,0.022408565149902263,-0.21701550884460974,0.1271897062498918,0.006762985607582906,3710877268597533.5,1.5987519501840408e+16,1.5994369963947638e+16,1.587939613754851e+16,1124152.5332940395,-15178862683.623987,1.0,424.55189552036154,9.858414248572692e-10,9.858414248572692e-10,0.04443027348941353,342818.39286795695,424.55189552036154
2313.0,16912.02902097671,10824627301.401962,408.6299798954057,5.303761025357799e-05,2.6269957686619376,0.23369868782831427,3.3371053798036616e+16,0.38675278038214694,0.38675278038214694,860989905508.0049,0.3462412494095639,1495831.952182752,1495210.2330106602,1485161.6763775505,621.7191720919193,10048.556633109709,1.0228005761281997,0.0004156343706822765,0.0004156343706822765,0.0004156343706822765,0.006720497500125166,10048.556633109709,-23843496.515252873,-0.0022027083105359904,-1.3747892285545658,0.7600031025717924,0.0,0.0,419909890025839.0,-4.999223398167362,0.0067204975001252665,0.0067204975001252665,108771880470443.14,6729878324031.215,1.2319306359282838e+16,-14881581017.085094,0.021956710050145274,-0.2140264540856201,0.12667171962166154,0.006720497500125166,3757015269829501.0,1.6185093509582782e+16,1.6191823387906812e+16,1.6076321629112338e+16,1138081.3413952175,-14881581017.085094,1.0,423.638838509475,9.677284614213758e-10,9.677284614213758e-10,0.04439301978889665,347080.33498233306,423.638838509475
2314.0,17056.379572065332,10824638796.83794,408.1725705149904,5.296372502802356e-05,2.6260742198520814,0.23370933968194504,3.3790963688062456e+16,0.3866602431508462,0.3866602431508462,846108324490.9198,0.34112679945831115,1514268.8949976233,1513657.9691186433,1503548.713001274,610.9258789798716,10109.25611736939,1.022160283214075,0.0004034460993011618,0.00040344609930116176,0.00040344609930116176,0.006678692494352407,10109.25611736939,-23695747.785011306,-0.002189056672443725,-1.3479526349173678,0.7584201469076655,0.0,0.0,424610011685065.0,-5.005484368616691,0.0066786924943526005,0.0066786924943526005,109429045975247.98,6613051971597.839,1.2471665351198032e+16,-14591100388.226467,0.021519495794967536,-0.21106066107165145,0.12614357479588628,0.006678692494352407,3803706380491311.0,1.6384800777664592e+16,1.639141382963619e+16,1.6275371731689344e+16,1152155.336106108,-14591100388.226467,1.0,422.74085345825284,9.499829189945413e-10,9.499829189945413e-10,0.04435676162879898,351393.37689516606,422.74085345825284
2315.0,17201.74307211513,10824649937.716879,407.71567314630107,5.289054222180793e-05,2.625165862340143,0.23372318722198934,3.421557369974752e+16,0.3865686798025272,0.3865686798025272,831517224102.6934,0.33612992280700554,1532905.725876999,1532305.2664885242,1522134.5082907598,600.4593884750113,10170.75819776428,1.0215397836623472,0.00039171318779664626,0.0003917131877966462,0.0003917131877966463,0.006637553508558963,10170.75819776428,-23549204.605410684,-0.002175516505467488,-1.321742538231496,0.7568404882677559,0.0,0.0,429399835248501.5,-5.011683838849243,0.006637553508559102,0.006637553508559102,110094897091962.55,6499762682057.547,1.262561600514303e+16,-14307400284.145313,0.021094667062335773,-0.20811885973517047,0.1256057306363425,0.006637553508558963,3850957205223253.0,1.6586668107458248e+16,1.6593167870140306e+16,1.6476573210366284e+16,1166376.3796324679,-14307400284.145313,1.0,421.8575852052423,9.325958821741869e-10,9.325958821741869e-10,0.04432141938277834,355758.12865829194,421.8575852052423
2316.0,17348.124765884768,10824660734.974134,407.2592872162057,5.2818054338820954e-05,2.624270420656031,0.23374012797733662,3.464497353499602e+16,0.3864780800878228,0.3864780800878228,817209823818.5481,0.33124586357561947,1551744.8723906928,1551154.5692578543,1540921.5035089487,590.3031328385408,10233.065748905698,1.0209386371713725,0.0003804124913453662,0.0003804124913453661,0.0003804124913453662,0.006597063859214031,10233.065748905698,-23403848.91199422,-0.0021620861369241002,-1.296156563518321,0.75526411978493,0.0,0.0,434276877269955.0,-5.017822963837773,0.006597063859214214,0.006597063859214214,110769465010588.19,6389831143769.573,1.278117826394107e+16,-14030455059.495777,0.020680962018512633,-0.20520175542683322,0.12505864021629215,0.006597063859214031,3898774230769557.0,1.6790721959721212e+16,1.6797111790864982e+16,1.6679952494710626e+16,1180746.3140757373,-14030455059.495777,1.0,420.98868236930434,9.155587566915777e-10,9.155587566915777e-10,0.04428692092851194,360175.18943321164,420.98868236930434
2317.0,17495.529911669073,10824671199.207813,406.80341215221347,5.274625397633864e-05,2.6233876193296557,0.23376005947687648,3.5079250412265976e+16,0.3863884338652326,0.3863884338652326,803179368759.0524,0.32647044401927017,1570788.7364595814,1570208.2937511837,1559912.1125571704,580.4427083979124,10296.181194013145,1.020356405507975,0.00036952309048648936,0.00036952309048648936,0.00036952309048648947,0.006557207241222663,10296.181194013145,-23259663.461733293,-0.002148763970164333,-1.2711918616844051,0.7536910346063568,0.0,0.0,439238792533748.5,-5.023902895369852,0.006557207241222773,0.006557207241222773,111452776032659.2,6283101468385.062,1.2938371884332674e+16,-13760233933.842543,0.02027766576610164,-0.20231002856120225,0.12450275061066784,0.006557207241222663,3947163833760346.5,1.699698849412568e+16,1.7003271595594062e+16,1.688553571809302e+16,1195266.9643471062,-13760233933.842543,1.0,420.13379724422526,8.988632487725841e-10,8.988632487725841e-10,0.04425320041298986,364645.1482100642,420.13379724422526
2318.0,17643.96378124698,10824681340.689169,406.34804738247476,5.267513382364686e-05,2.6225171828909257,0.2337828792494983,3.5518489204799724e+16,0.38629973109998733,0.38629973109998733,789419134825.2098,0.3217998198333764,1590039.6962818278,1589468.8313018952,1579108.7247795588,570.8649799326446,10360.106522336437,1.0197926524285,0.0003590256150632992,0.00035902561506329913,0.00035902561506329913,0.00651796771242801,10360.106522336437,-23116631.765640404,-0.002135548478341502,-1.246845107782721,0.7521212258934781,0.0,0.0,444283365852803.5,-5.029924782739117,0.006517967712428074,0.006517967712428074,112144851759887.39,6179431496329.795,1.3097216461707984e+16,-13496700972.945194,0.01988436305502156,-0.19944433427183655,0.12393850269025854,0.00651796771242801,3996132286332775.5,1.7205493599800646e+16,1.7211673031296974e+16,1.7093348748040758e+16,1209940.14045259,-13496700972.945194,1.0,419.2925856963052,8.825013468920855e-10,8.825013468920855e-10,0.04422019741055294,369168.5843269689,419.2925856963052
2319.0,17793.431659828973,10824691169.372688,405.8931923357801,5.2604686660688744e-05,2.6216588358697486,0.23380848482409172,3.596277257065253e+16,0.3862119618629264,0.3862119618629264,775922433852.2646,0.31723034579890846,1609500.108143642,1608938.5505542106,1598513.7072493846,561.5575894315953,10424.843304825974,1.0192469436018288,0.00034890186498917473,0.00034890186498917473,0.0003489018649891748,0.006479329680574228,10424.843304825974,-22974738.029737476,-0.00212243819895223,-1.2231124978758934,0.7505546868219805,0.0,0.0,449408503313936.5,-5.035889773137977,0.006479329680574297,0.006479329680574297,112845709263843.72,6078687479414.403,1.3257731450604422e+16,-13239815054.906553,0.01950080132933271,-0.19660530207223012,0.12336633091703811,0.006479329680574228,4045685760379189.5,1.7416262920247456e+16,1.742234160772687e+16,1.7303417210983612e+16,1224767.6393868641,-13239815054.906553,1.0,418.46470706487094,8.664653053840788e-10,8.664653053840788e-10,0.04418785630844502,373746.06786252034,418.46470706487094
2320.0,17943.938846003686,10824700694.90585,405.4388464415592,5.253490535673518e-05,2.6208123027960353,0.2338367737295462,3.641218107396646e+16,0.38612511632938556,0.38612511632938556,762682618797.3582,0.3127585025327884,1629172.3081084306,1628619.7994206257,1618129.4067125332,552.5086878050549,10490.392708092402,1.018718846534342,0.00033913459310301657,0.00033913459310301657,0.00033913459310301657,0.006441277891761056,10490.392708092402,-22833967.102396615,-0.002109431728966176,-1.1999897445933951,0.7489914105817631,0.0,0.0,454612223470816.5,-5.041799011887447,0.006441277891761299,0.006441277891761299,113555361237123.08,5980741176824.897,1.3419936182421286e+16,-12989529822.180017,0.019126814865297888,-0.1937935355193627,0.1227866631398363,0.006441277891761056,4095830330867463.5,1.7629321874525872e+16,1.7635302615702696e+16,1.7515766513288748e+16,1239751.2467699698,-12989529822.180017,1.0,417.6498240656564,8.507476295665653e-10,8.507476295665653e-10,0.04415612582878703,378378.15994256345,417.6498240656564
2321.0,18095.490651684377,10824709926.638597,404.98500912988027,5.246578286907807e-05,2.6199773081996938,0.2338676434947512,3.686679329743728e+16,0.38603918477809784,0.38603918477809784,749693088975.1781,0.3083808570828057,1649058.6135847871,1648514.906795272,1637958.1512885357,543.7067895152541,10556.755506736195,1.018207930496781,0.0003297073767034413,0.0003297073767034413,0.0003297073767034413,0.00640379741985993,10556.755506736195,-22694304.426821653,-0.0020965277204309275,-1.1774720714717979,0.7474313903769102,0.0,0.0,459892648745497.5,-5.0476536425776715,0.006403797419860191,0.006403797419860191,114273816126863.97,5885468281646.573,1.3583849881182392e+16,-12745793620.400482,0.018762282731080583,-0.19100961187691945,0.12219992038961185,0.00640379741985993,4146571978489225.5,1.7844695675798482e+16,1.7850581144080128e+16,1.7730421859671618e+16,1254892.7383036667,-12745793620.400482,1.0,416.8476026969822,8.353410621508146e-10,8.353410621508146e-10,0.04412495863618049,383065.41298486904,416.8476026969822
2322.0,18248.092402054346,10824718873.632513,404.53167983144994,5.2397312241745744e-05,2.6191535766106337,0.23390099164859632,3.7326685946182776e+16,0.38595415759010504,0.38595415759010504,736947295354.7776,0.3040940422748361,1669161.3247769536,1668626.1840819789,1658002.2519878342,535.1406949746838,10623.932094144613,1.017713766453028,0.00032060453775862175,0.0003206045377586217,0.0003206045377586217,0.006366873656600048,10623.932094144613,-22555735.99786049,-0.0020837248764772154,-1.1555542061667547,0.7458746194256605,0.0,0.0,465247997167571.5,-5.053454807159239,0.006366873656600158,0.006366873656600158,115001078251677.38,5792747580941.279,1.3749491677832068e+16,-12508549424.998707,0.018407105467584874,-0.18825408177551334,0.12160651667364537,0.006366873656600048,4197916591785849.0,1.8062409347869596e+16,1.8068202095450536e+16,1.7947408269617918e+16,1270193.8810922739,-12508549424.998707,1.0,416.0577121487044,8.202385707685623e-10,8.202385707685623e-10,0.04409431100252115,387808.3708955603,416.0577121487044
2323.0,18401.749435512324,10824727544.669708,404.0788579776118,5.232948660424028e-05,2.618340832558763,0.233936715719971,3.7791933943350344e+16,0.385870025247681,0.385870025247681,724438745929.7789,0.2998947464583687,1689482.7260231257,1688955.9265728032,1678264.004080945,526.7994503225623,10691.922491858222,1.0172359269907525,0.0003118110899911926,0.00031181108999119256,0.0003118110899911926,0.006330492302160936,10691.922491858222,-22418248.322577886,-0.002071021947671749,-1.1342303726156682,0.7443210909603779,0.0,0.0,470676574508698.5,-5.059203646007332,0.006330492302161095,0.006330492302161095,115737147903091.28,5702460520423.502,1.3916880623358948e+16,-12277734756.45381,0.018061192128829687,-0.18552746886751498,0.1210068587680267,0.006330492302160936,4249869968843733.0,1.8282487740105772e+16,1.8288190200626196e+16,1.816675059220268e+16,1285656.4348552006,-12277734756.45381,1.0,415.2798247138594,8.054333364889479e-10,8.054333364889479e-10,0.044064142512436844,392607.5692257442,415.2798247138594
2324.0,18556.467103616847,10824735948.261452,403.6265430003461,5.226229917029627e-05,2.6175388005739912,0.23397471323776475,3.826261051785904e+16,0.3857867783332663,0.3857867783332663,712161011173.3251,0.2957797090274779,1710025.0870274438,1709506.4146995945,1698745.6883419864,518.6723278493939,10760.726357608051,1.0167739862539331,0.0003033127009563397,0.0003033127009563397,0.00030331270095633976,0.006294639356178722,10760.726357608051,-22281828.384161167,-0.0020584177286781602,-1.113494282227369,0.7427707982275221,0.0,0.0,476176766830955.0,-5.0649012979706365,0.0062946393561787994,0.0062946393561787994,116482021432604.39,5614490992639.784,1.4086035700932786e+16,-12053281585.010183,0.017724453051982423,-0.18283026947433342,0.12040134600786216,0.006294639356178722,4302437818616858.5,1.850495554098225e+16,1.851057003197489e+16,1.8388473519549644e+16,1301282.1530482809,-12053281585.010183,1.0,414.51361570297513,7.909187432214603e-10,7.909187432214603e-10,0.044034415799754534,397463.5352937056,414.51361570297513
2325.0,18712.250771030373,10824744092.656507,403.174734332269,5.219574323666045e-05,2.6167472051862277,0.2340148817308671,3.873878728468999e+16,0.3857044075284142,0.3857044075284142,700107729588.315,0.2917457191603116,1730790.6639917884,1730279.9151739138,1719449.5721817936,510.74881787466853,10830.342992120195,1.0163275198772175,0.0002950956626358899,0.00029509566263588984,0.00029509566263588984,0.006259301109110786,10830.342992120195,-22146463.608817764,-0.002045911055194542,-1.0933391241664545,0.7412237344876194,0.0,0.0,481747033447112.0,-5.0705489004113,0.006259301109110882,0.006259301109110882,117235691325396.89,5528725249120.112,1.4256975837179516e+16,-11835116225.591068,0.01739679579368278,-0.18016295222422102,0.1197903700746764,0.006259301109110786,4355625761916111.0,1.8729837290421028e+16,1.8735366015670144e+16,1.8612601599095628e+16,1317072.783905481,-11835116225.591068,1.0,413.7587633609859,7.766883679174808e-10,7.766883679174808e-10,0.04400509630887006,402376.78827631247,413.7587633609859
2326.0,18869.10581546269,10824751985.849236,402.72343140663133,5.2129812181892075e-05,2.615965770925381,0.23405711872816762,3.92205343181371e+16,0.38562290361274726,0.38562290361274726,688272613362.7239,0.28778961636396716,1751781.700653275,1751278.682026237,1740377.910681458,503.0186270381097,10900.771344779116,1.0158961049221122,0.0002871468670157496,0.00028714686701574956,0.0002871468670157496,0.006224464133924634,10900.771344779116,-22012141.835380748,-0.0020335008011413414,-1.0737575547959801,0.7396798930152331,0.0,0.0,487385900279976.0,-5.076147589239903,0.006224464133924745,0.006224464133924745,117998146261686.17,5445051881949.934,1.442971991268357e+16,-11623159223.598406,0.01707812281359885,-0.17752595767887697,0.11917431478052695,0.006224464133924634,4409439332093687.0,1.895715739103894e+16,1.896260244292089e+16,1.8839159244777256e+16,1333030.0714092078,-11623159223.598406,1.0,413.01494878671167,7.627359714949306e-10,7.627359714949306e-10,0.04397615207713845,407347.8392722503,413.01494878671167
2327.0,19027.037627613892,10824759635.587442,402.27263365731886,5.20644994651834e-05,2.61519422232136,0.23410132175855572,3.970792021841708e+16,0.38554225746292553,0.38554225746292553,676649454139.1255,0.2839082920448101,1773000.429233154,1772504.9575528987,1761532.9475346631,495.4716802552668,10972.010018235442,1.0154793198149923,0.0002794537847176747,0.0002794537847176747,0.0002794537847176748,0.006190115278088294,10972.010018235442,-21878851.28737777,-0.0020211858760770017,-1.054741686336753,0.7381392670989346,0.0,0.0,493091953602801.0,-5.081698498946943,0.006190115278088437,0.006190115278088437,118769371166656.05,5363361845003.899,1.4604286771786084e+16,-11417325232.229513,0.016768330119816613,-0.17491969794731285,0.11855355584839042,0.006190115278088294,4463883975444508.5,1.9186940118397252e+16,1.9192303480242256e+16,1.906817074723059e+16,1349155.756195554,-11417325232.229513,1.0,412.2818558548619,7.490554904195936e-10,7.490554904195936e-10,0.04394755353550894,412377.1913391092,412.2818558548619
2328.0,19186.05161111667,10824767049.37998,401.82234051885087,5.199979862520002e-05,2.614432283904074,0.23414738835092097,4.020101217201988e+16,0.3854624600516251,0.3854624600516251,665232128906.896,0.28009869167471785,1794449.07130246,1793960.973177611,1782916.9159055739,488.09812484917126,11044.057272037211,1.0150767442869089,0.00027200444562904,0.00027200444562903997,0.00027200444562903997,0.00615624165584554,11044.057272037211,-21746580.547347788,-0.002008965222821436,-1.0362830747959935,0.7366018500412741,0.0,0.0,498863834140449.0,-5.087202762632233,0.006156241655845607,0.006156241655845607,119549347249813.75,5283548498731.465,1.4780695231734396e+16,-11217522881.88184,0.016467306441528596,-0.17234455628561451,0.11792846068841671,0.00615624165584554,4518965051342436.0,1.9419209630326644e+16,1.9424493178825376e+16,1.929966028307683e+16,1365451.5763996053,-11217522881.88184,1.0,411.5591711405142,7.356410288840479e-10,7.356410288840479e-10,0.04391927332536749,417465.33950596873,411.5591711405142
2329.0,19346.153182478152,10824774234.504112,401.3725514263796,5.193570327894057e-05,2.613679680203431,0.23419521603415286,4.069987600616033e+16,0.38538350244652764,0.38538350244652764,654014606025.0142,0.27635781731760123,1816129.8385694672,1815648.9502334045,1804532.039208046,480.8883360625451,11116.91102535842,1.0146879593151796,0.00026478742094856615,0.00026478742094856615,0.0002647874209485662,0.006122830640763086,11116.91102535842,-21615318.53321319,-0.0019968378152695394,-1.0183727072139193,0.7350676351587512,0.0,0.0,504700231510369.0,-5.0926615120325485,0.006122830640763244,0.006122830640763244,120338052034574.52,5205507669883.393,1.4958964091230018e+16,-11023654642.171432,0.01617493268874874,-0.16980088668138857,0.11729938816968175,0.006122830640763086,4574687832126402.0,1.9653989975390996e+16,1.965919548306088e+16,1.953365192335642e+16,1381919.2684451672,-11023654642.171432,1.0,410.8465838460291,7.224868515312876e-10,7.224868515312876e-10,0.04389128612999449,422612.7707628787,410.8465838460291
2330.0,19507.34777102119,10824781198.012665,400.9232658156894,5.187220712061565e-05,2.612936135749342,0.2342447023371409,4.1204576237670696e+16,0.3853053758093207,0.3853053758093207,642990951382.8428,0.2726827303877426,1838044.9335936555,1837571.1006701214,1826380.5318112278,473.832923534119,11190.5688588935,1.014312547066761,0.0002577918063230936,0.0002577918063230936,0.0002577918063230936,0.006089869858539106,11190.5688588935,-21485054.476533517,-0.001984802656378679,-1.00100098827397,0.733536615781786,0.0,0.0,510599878982768.0,-5.098075877548209,0.00608986985853921,0.00608986985853921,121135459378816.4,5129137721671.504,1.5139112138416714e+16,-10835616677.060167,0.01589108156632797,-0.16728901342182242,0.11666668838709988,0.006089869858539106,4631057502749839.0,1.989130510054537e+16,1.989643423826704e+16,1.977016964116655e+16,1398560.5677827576,-10835616677.060167,1.0,410.1437857303666,7.095873766754232e-10,7.095873766754232e-10,0.04386356851924522,427819.96402847016,410.1437857303666
2331.0,19669.640818825,10824787946.740936,400.4744831231963,5.1809303920545284e-05,2.6122013750717143,0.23429574478877457,4.1715176116653464e+16,0.3852280713947082,0.3852280713947082,632155334705.7826,0.2690705545706867,1860196.5504305745,1859729.6276920459,1848464.5996760654,466.9227385284906,11265.028015980406,1.0139500908433696,0.00025100720588929886,0.0002510072058892988,0.0002510072058892988,0.006057347180063204,11265.028015980406,-21355777.9024834,-0.0019728587763156204,-0.9841577263164168,0.7320087852546908,0.0,0.0,516561548539851.5,-5.10344698826825,0.006057347180063344,0.006057347180063344,121941539487083.66,5054339632082.475,1.5321158158345586e+16,-10653298693.521914,0.015615617269082362,-0.16480923064441746,0.11603070242318711,0.006057347180063204,4688079160205199.0,2.0131178858037868e+16,2.013623319766995e+16,2.0009237318550784e+16,1415377.2095792776,-10653298693.521914,1.0,409.4504710407554,6.969371699765102e-10,6.969371699765102e-10,0.043836098806365076,433087.39009678777,409.4504710407554
2332.0,19833.037780665385,10824794487.313417,400.02620278594736,5.174698752407481e-05,2.611475122700457,0.23434824091794346,4.223173766519331e+16,0.38515158054943155,0.38515158054943155,621502036012.2606,0.2655184788700598,1882586.8752117031,1882126.726329884,1870786.4409268724,460.1488818191799,11340.285403011656,1.0136001750283605,0.00024442371710863784,0.00024442371710863784,0.0002444237171086379,0.00602525071471942,11340.285403011656,-21227478.6114113,-0.0019610052307496234,-0.9678321187948034,0.7304841369356397,0.0,0.0,522584046215165.5,-5.108775971994944,0.006025250714719488,0.006025250714719488,122756258915081.39,4981017079259.691,1.5505120939951398e+16,-10476583784.174852,0.015348395217775132,-0.16236180186956836,0.11539176210439119,0.00602525071471942,4745757812734497.0,2.0373635011600976e+16,2.0378616028680236e+16,2.0250878752685896e+16,1432370.9293625196,-10476583784.174852,1.0,408.7663364466913,6.845309385306536e-10,6.845309385306536e-10,0.04380885691587855,438415.51156435267,408.7663364466913
2333.0,19997.544123954354,10824800826.150282,399.57842424161976,5.1685251850508815e-05,2.6107571031654797,0.23440208825353703,4.275432171140848e+16,0.385075894711301,0.385075894711301,611025452228.0858,0.2620237607616337,1905218.0866631134,1904764.5839509317,1893348.2463617441,453.50271218189545,11416.337589187564,1.013262385035342,0.00023803191632312335,0.00023803191632312337,0.00023803191632312337,0.005993568803923991,11416.337589187564,-21100146.661848214,-0.001949241099279629,-0.9520127372094586,0.7289626641966414,0.0,0.0,528666207694853.0,-5.1140639552671034,0.00599356880392421,0.00599356880392421,123579580567048.06,4909076533487.976,1.5691019282571094e+16,-10305348264.250538,0.015089261813926901,-0.15994695951427143,0.11475018975173036,0.005993568803923991,4804098378835701.0,2.0618697241973844e+16,2.062360631850733e+16,2.0495117661406796e+16,1449543.463623379,-10305348264.250538,1.0,408.09108097622027,6.723635253402316e-10,6.723635253402316e-10,0.043781824261664326,443804.7827383651,408.09108097622027
2334.0,20163.165328679173,10824806969.473696,399.13114692851985,5.162409089206265e-05,2.6100470409966916,0.2344571843244448,4.3282987919103336e+16,0.38500100540823723,0.38500100540823723,600720103963.8353,0.2585837294457639,1928092.356566465,1927645.380710982,1916152.19990532,446.97585548315175,11493.180805662036,1.0129363072585127,0.00023182284497985544,0.00023182284497985544,0.00023182284497985542,0.00596229001489006,11493.180805662036,-20973772.354846966,-0.0019375654839844886,-0.936687511550516,0.7274443604235088,0.0,0.0,534806894163799.0,-5.119312063382856,0.005962290014890126,0.005962290014890126,124411463686551.7,4838427355620.488,1.5878872002033332e+16,-10139461503.250998,0.014838054201490378,-0.15756490438634027,0.11410629792550413,0.00596229001489006,4863105686074133.0,2.0866389151794012e+16,2.087122757914963e+16,2.0741977688107464e+16,1466896.550378428,-10139461503.250998,1.0,407.4244059544724,6.604299041323761e-10,6.604299041323761e-10,0.04375498363439978,449255.649526892,407.4244059544724
2335.0,20329.906887340876,10824812923.31392,398.68437028558304,5.156349871283129e-05,2.6093446607240005,0.23451342665955624,4.381779481326714e+16,0.3849269042573231,0.3849269042573231,590580642460.5844,0.2551957891946552,1951211.8501656419,1950771.2899512807,1939200.4790071524,440.560214361308,11570.810944128243,1.0126215290247156,0.00022578799648224156,0.00022578799648224156,0.00022578799648224156,0.005931403134612063,11570.810944128243,-20848346.219542634,-0.0019259775080861258,-0.921843714280659,0.7259292190158316,0.0,0.0,541004988380600.0,-5.124521420421331,0.0059314031346122675,0.0059314031346122675,125251863841221.53,4768981901916.237,1.606869793634585e+16,-9978785751.620981,0.014594600028985109,-0.1552158051585956,0.1134603891638603,0.005931403134612063,4922784469707314.0,2.1116734269894388e+16,2.1121503251796304e+16,2.0991482406053164e+16,1484431.9296953322,-9978785751.620981,1.0,406.76601494441724,6.487251744967994e-10,6.487251744967994e-10,0.04372831909763497,454768.5493118202,406.76601494441724
2336.0,20497.77430489231,10824818693.515228,398.23809375237255,5.150346944777528e-05,2.608649686877316,0.23457071278776093,4.4358799801647736e+16,0.38485358296386524,0.38485358296386524,580601856708.9634,0.2518574227937513,1974578.7265220874,1974144.4785435875,1962495.2549886992,434.24797850003705,11649.223554888184,1.0123176385472066,0.0002199193036303481,0.0002199193036303481,0.0002199193036303481,0.005900897164062847,11649.223554888184,-20723858.99983408,-0.0019144763147163862,-0.9074679438863534,0.7244172333869467,0.0,0.0,547259390966320.0,-5.129693149263813,0.005900897164063057,0.005900897164063057,126100732901891.53,4700655635288.4,1.6260515951005508e+16,-9823175962.746826,0.014358717208751533,-0.15289979782257757,0.1128127557150219,0.005900897164062847,4983139371131094.0,2.13697560550385e+16,2.1374456710673784e+16,2.1243655322136604e+16,1502151.3441834012,-9823175962.746826,1.0,406.11561368981125,6.372445573167381e-10,6.372445573167381e-10,0.04370181589178723,460343.9108052978,406.11561368981125
2337.0,20666.773098675527,10824824285.741644,397.79231676907904,5.144399730172328e-05,2.6079618439865477,0.2346289402379483,4.4906059192614056e+16,0.38478103332046537,0.38478103332046537,570778680746.2166,0.24856619507802746,1998195.1388216736,1997767.1071861815,1986038.693341735,428.03163549215896,11728.413844446279,1.0120242248811095,0.0002142091266144143,0.00021420912661441427,0.00021420912661441427,0.005870761312596409,11728.413844446279,-20600301.642095126,-0.0019030610657791139,-0.893546108022177,0.7229083969639102,0.0,0.0,553569016892848.0,-5.134828371614041,0.005870761312596562,0.005870761312596562,126958019016590.6,4633367242941.237,1.6454344943953962e+16,-9672479610.548388,0.014130213671670232,-0.15061698512140462,0.11216367926299567,0.005870761312596409,5044174936154254.0,2.162547789912481e+16,2.1630111266367748e+16,2.1498519880108216e+16,1520056.539451404,-9672479610.548388,1.0,405.47291006029604,6.259833904692017e-10,6.259833904692017e-10,0.04367546034548009,465982.1538903309,405.47291006029604
2338.0,20836.90879835869,10824829705.482502,397.3470387765199,5.138507654839104e-05,2.607280856581604,0.23468800653900793,4.5459628209506904e+16,0.38470924720610183,0.38470924720610183,561106201135.6682,0.24531975656469301,2022063.2346357699,2021641.330653483,2009832.9539808172,421.90398228688883,11808.376672665821,1.0117408778805668,0.00020865024152564923,0.00020865024152564915,0.0002086502415256492,0.005840984992550007,11808.376672665821,-20477665.283831235,-0.0018917309408996814,-0.880063406274101,0.7214027031874682,0.0,0.0,559932792157725.0,-5.139928208017934,0.005840984992550147,0.005840984992550147,127823666579799.61,4567038760320.478,1.6650203850200782e+16,-9526536502.944004,0.01390888711659797,-0.14836743596146748,0.1115134306465995,0.005840984992550007,5105895613108415.0,2.1883923129888996e+16,2.1888490168649316e+16,2.1756099463309196e+16,1538149.2645346536,-9526536502.944004,1.0,404.8376139986277,6.149371247728682e-10,6.149371247728682e-10,0.04364923979361701,471683.68944616365,404.8376139986277
2339.0,21008.1869458725,10824834958.05783,396.90225921613825,5.132670152941639e-05,2.606606449192394,0.23474780921982932,4.601956100166463e+16,0.3846382165852205,0.3846382165852205,551579664632.7242,0.24211584718413764,2046185.156138961,2045769.2980017539,2033880.1914522303,415.85813720710166,11889.106549523634,1.0114671881575699,0.0002032358293478206,0.00020323582934782058,0.00020323582934782066,0.005811557814039226,11889.106549523634,-20355941.24320485,-0.001880485136454872,-0.8670043125642225,0.7199001455120286,0.0,0.0,566349650633003.0,-5.144993777882594,0.005811557814039414,0.005811557814039414,128697616197357.75,4501595701232.244,1.684811164613399e+16,-9385178591.432095,0.013694524754282204,-0.14615118480271289,0.11086226957166283,0.005811557814039226,5168305750799466.0,2.2145115013130812e+16,2.2149616608832044e+16,2.2016417396933456e+16,1556431.2722932124,-9385178591.432095,1.0,404.2094374700056,6.041013201639528e-10,6.041013201639528e-10,0.04362314250168331,477448.9191590181,404.2094374700056
2340.0,21180.613095345947,10824840048.623575,396.4579775300027,5.1268866653410045e-05,2.6059383463488257,0.23480824580930193,4.658591065229763e+16,0.3845679335068352,0.3845679335068352,542194486041.2922,0.23895230011105753,2070563.0402856942,2070153.1527331783,2058182.5551016822,409.8875525158895,11970.597631496297,1.0112027470424607,0.00019795946539224112,0.00019795946539224112,0.00019795946539224118,0.005782469579939908,11970.597631496297,-20235121.00935893,-0.001869322864676593,-0.8543525572184535,0.7184007174056328,0.0,0.0,572818531076585.0,-5.150026199494768,0.005782469579940108,0.005782469579940108,129579804647379.62,4436967193906.3,1.704808735353674e+16,-9248229777.02228,0.013486903045775274,-0.1439682310273271,0.11021044431626756,0.005782469579939908,5231409596306348.0,2.2409076754490464e+16,2.2413513721684372e+16,2.227949694984309e+16,1574904.3197829493,-9248229777.02228,1.0,403.58809441347006,5.934716420821522e-10,5.934716420821522e-10,0.04359715759579408,483278.2353187329,403.58809441347006
2341.0,21354.19281304164,10824844982.176662,396.0141931608062,5.1211566395021916e-05,2.60527627258081,0.23486921383631534,4.7158729183374216e+16,0.3844983901036378,0.3844983901036378,532946256264.2699,0.2358270456976825,2095199.0189479957,2094795.0329204919,2082742.1892028821,403.98602750390387,12052.843717609776,1.0109471465461095,0.0001928151091378165,0.0001928151091378165,0.0001928151091378165,0.005753710281051274,12052.843717609776,-20115196.23347395,-0.0018582433528234396,-0.8420911087188222,0.7169044123499272,0.0,0.0,579338374295270.0,-5.155026590038772,0.005753710281051427,0.005753710281051427,130470164837527.69,4373086122695.117,1.7250150043327764e+16,-9115505712.750525,0.013285787435506548,-0.14181853828668284,0.1095581914289113,0.005753710281051274,5295211292632693.0,2.2675831500797984e+16,2.2680204586920676e+16,2.2545361335960456e+16,1593570.168601075,-9115505712.750525,1.0,402.97330069535155,5.830438580503651e-10,5.830438580503651e-10,0.0435712749980397,489172.0206018073,402.97330069535155
2342.0,21528.931677290562,10824849763.559898,395.57090555186534,5.1154795294022503e-05,2.604619952418254,0.23493061082975897,4.773806755766949e+16,0.3844295785911174,0.3844295785911174,523830750551.51935,0.2327381155109525,2120095.219016217,2119697.0712941564,2107561.2330489755,398.1477220609798,12135.838245180952,1.0106999793237323,0.0001877970944369807,0.0001877970944369807,0.0001877970944369807,0.0057252700914341296,12135.838245180952,-19996158.720499005,-0.0018472458424146293,-0.8302021551576197,0.7154112238401346,0.0,0.0,585908120449377.0,-5.1599960656139405,0.005725270091434309,0.005725270091434309,131368625758948.2,4309889275013.709,1.7454318839041882e+16,-8986813602.964878,0.013090932079247625,-0.13970203382646398,0.10890573541948745,0.0057252700914341296,5359714876216326.0,2.2945402341017156e+16,2.294971223029217e+16,2.281403371525821e+16,1612430.5852076598,-8986813602.964878,1.0,402.3647740647255,5.728138344333569e-10,5.728138344333569e-10,0.04354548536672809,495130.6478413158,402.3647740647255
2343.0,21704.835278426264,10824854397.466724,395.12811414712047,5.109854795439934e-05,2.603969110391068,0.23499233431852246,4.832397567811886e+16,0.3843614912666893,0.3843614912666893,514843936948.55444,0.22968364647538733,2145253.7624646532,2144861.3952939655,2132641.821008685,392.3671706875349,12219.574285280238,1.0104608386403826,0.00018290012004768588,0.00018290012004768588,0.00018290012004768588,0.0056971393639193525,12219.574285280238,-19878000.421502724,-0.0018363295885212695,-0.8186670854151719,0.7139211453850262,0.0,0.0,592526706489560.0,-5.164935741251419,0.005697139363919468,0.005697139363919468,132275112437187.1,4247317493038.539,1.766061292006586e+16,-8861951999.61769,0.01290207956721819,-0.1376186077899228,0.10825328844298801,0.0056971393639193525,5424924274301447.0,2.3217812306804496e+16,2.3222059624297536e+16,2.3085537194367308e+16,1631487.3412245496,-8861951999.61769,1.0,401.7622341108753,5.627775333618501e-10,5.627775333618501e-10,0.04351978004114887,501154.4797841354,401.7622341108753
2344.0,21881.909218718603,10824858888.445827,394.6858183911336,5.1042819043467946e-05,2.6033234710291606,0.23505428183149518,4.8916502384608424e+16,0.38429412050883227,0.38429412050883227,505981984948.93677,0.22666188512327876,2170676.766383732,2170290.1270868387,2157986.082548898,386.6392968933424,12304.044537940394,1.010229318338078,0.00017811924045120235,0.00017811924045120237,0.00017811924045120237,0.005669308625780832,12304.044537940394,-19760713.426593926,-0.001825493859110348,-0.8074664700767251,0.7124341705068934,0.0,0.0,599193063717022.0,-5.16984673093086,0.005669308625781078,0.005669308625781078,133189545880357.4,4185315829598.343,1.7869051524643968e+16,-8740710595.732016,0.01271896064261797,-0.13556811249927392,0.10760104997584799,0.005669308625780832,5490843302177865.0,2.349308437270219e+16,2.349726968853179e+16,2.335989482682183e+16,1650742.2137130054,-8740710595.732016,1.0,401.1654022227152,5.529310098097138e-10,5.529310098097138e-10,0.0434941509904927,507243.86883589294,401.1654022227152
2345.0,22060.159112306897,10824863240.905596,394.2440177290892,5.098760329099723e-05,2.6026827588624406,0.23511635089756672,4.951569544832545e+16,0.384227458776236,0.384227458776236,497241274353.2048,0.22367119195371266,2196366.3429803555,2195985.3835524316,2183596.1422252944,380.9594279236357,12389.24132713696,1.0100050128045701,0.00017344985691535118,0.00017344985691535118,0.00017344985691535115,0.005641768574568089,12389.24132713696,-19644289.958366323,-0.001814737934437212,-0.7965800421067178,0.7109502927415193,0.0,0.0,605906115458920.0,-5.174730147596462,0.005641768574568329,0.005641768574568329,134111843024833.34,4123833707606.989,1.807965395266639e+16,-8622870016.240042,0.012541293915848371,-0.1335503617152628,0.10694920648485982,0.005641768574568089,5557475660291465.0,2.3771241455982692e+16,2.3775365289690304e+16,2.3637129612957856e+16,1670196.9854312793,-8622870016.240042,1.0,400.57400155016256,5.432704088130214e-10,5.432704088130214e-10,0.04346859076664167,513399.1567940153,400.57400155016256
2346.0,22239.590585132457,10824867459.118456,393.8027116067923,5.0932895488348905e-05,2.602046698420817,0.23517843904562657,5.012160156378437e+16,0.38416149860695636,0.38416149860695636,488618404336.9647,0.22071004590180876,2222324.5995478486,2221949.2762381034,2209474.1196425394,375.3233097452422,12475.156595563903,1.0097875169437567,0.00016888770876297954,0.00016888770876297957,0.00016888770876297957,0.00561451007409364,12475.156595563903,-19528722.36582514,-0.0018040611064826376,-0.7859866772975221,0.7094695056381514,0.0,0.0,612664774851336.0,-5.179587103172817,0.005614510074093748,0.005614510074093748,135041916678726.67,4062825082309.909,1.8292439568253148e+16,-8508201606.378586,0.01236878557469416,-0.13156512987498575,0.10629793108859747,0.00561451007409364,5624824931229773.0,2.4052306416161652e+16,2.405636924124396e+16,2.3917264499482924e+16,1689853.445073297,-8508201606.378586,1.0,399.9877569674342,5.337919628207088e-10,5.337919628207088e-10,0.04344309246051714,519620.6745692424,399.9877569674342
2347.0,22420.209274870795,10824871547.225058,393.36189947066845,5.087869048763088e-05,2.601415014234199,0.23524044380456427,5.0734266338635704e+16,0.38409623261758075,0.38409623261758075,480110202730.5861,0.21777704891945054,2248553.6384069105,2248183.9112846917,2235622.129385465,369.7271222187313,12561.781899226888,1.009576426147721,0.0001644288648060365,0.0001644288648060365,0.00016442886480603648,0.005587524150570334,12561.781899226888,-19414003.118756965,-0.0017934626784309252,-0.7756643745082772,0.7079918027594725,0.0,0.0,619467942722736.0,-5.1844187085804245,0.0055875241505704,0.0055875241505704,135979675463387.88,4002248605542.9463,1.8507427802145108e+16,-8396467217.810771,0.012201129090731387,-0.12961215130807402,0.1056473832112999,0.005587524150570334,5692894576586307.0,2.43363020541948e+16,2.4340304302800344e+16,2.4200322378731416e+16,1709713.387489523,-8396467217.810771,1.0,399.406395038244,5.244919891674666e-10,5.244919891674666e-10,0.04341764966171202,525908.7418959418,399.406395038244
2348.0,22602.020830863225,10824875509.238338,392.921580767763,5.082498320086411e-05,2.600787430832495,0.2353022627032693,5.135373428135844e+16,0.3840316535024011,0.3840316535024011,471713735512.7753,0.21487093066866084,2275055.5568187987,2274691.389324422,2262042.280922547,364.16749437649247,12649.10840187534,1.0093713362703938,0.00016006971490652584,0.00016006971490652584,0.00016006971490652584,0.005560801988894017,12649.10840187534,-19300124.80250751,-0.0017829419641857392,-0.7655902357095811,0.7065171776815732,0.0,0.0,626314505571259.0,-5.189226073750987,0.005560801988894082,0.005560801988894082,136925023753161.28,3942067791136.7837,1.8724638153913004e+16,-8287418992.644651,0.012038004922215226,-0.12769111943138545,0.10499770822917312,0.005560801988894017,5761687933707103.0,2.4623251111373268e+16,2.4627193179164404e+16,2.4486326087620108e+16,1729778.6138910074,-8287418992.644651,1.0,398.8296439828766,5.153668876603091e-10,5.153668876603091e-10,0.04339225642113753,532263.6670315396,398.8296439828766
2349.0,22785.030914047773,10824879349.047476,392.4817549457399,5.0771768599162836e-05,2.600163672745615,0.23536379327063117,5.19800487869297e+16,0.3839677540325962,0.3839677540325962,463426316520.1307,0.21199055332867134,2301832.4468719033,2301473.8053521817,2288736.6784828873,358.64151972147863,12737.126869294441,1.0091718436028538,0.0001558069616269672,0.0001558069616269672,0.0001558069616269672,0.005534334929067485,12737.126869294441,-19187080.113134786,-0.0017724982879206994,-0.7557404458513007,0.7050456239939243,0.0,0.0,633203333629603.0,-5.1940103076424675,0.005534334929067741,0.005534334929067741,137877861613623.12,3882251180544.037,1.8944090193994348e+16,-8180799145.535678,0.011879080213695707,-0.12580168592237803,0.10434903710907915,0.005534334929067485,5831208212322573.0,2.491317626793054e+16,2.491705851911109e+16,2.477529840631692e+16,1750050.93203753,-8180799145.535678,1.0,398.2572336471287,5.064131382710027e-10,5.064131382710027e-10,0.04336690721652259,538685.7464453573,398.2572336471287
2350.0,22969.24519688979,10824883070.42168,392.04242145288157,5.071904171192794e-05,2.599543464503467,0.23542493303553935,5.26132521205593e+16,0.38390452705542283,0.38390452705542283,455245517374.595,0.2091349165176279,2328886.395342847,2328533.24857139,2315707.420907914,353.14677145722817,12825.827663475748,1.0089775448502265,0.00015163761193479758,0.00015163761193479758,0.00015163761193479758,0.005508114462760923,12825.827663475748,-19074861.85290753,-0.0017621309836619301,-0.7460902525660896,0.7035771352993487,0.0,0.0,640133279011902.0,-5.198772518254067,0.005508114462761005,0.005508114462761005,138838084738504.67,3822772507721.4233,1.91658035655681e+16,-8076339744.009299,0.011724008492616182,-0.12394345987137274,0.10370148603959059,0.005508114462760923,5901458491067831.0,2.5206100141374436e+16,2.5209922913882156e+16,2.5067262056635932e+16,1770532.156410767,-8076339744.009299,1.0,397.6888954730791,4.976272989271715e-10,4.976272989271715e-10,0.0433415969204578,545175.2644971473,397.6888954730791
2351.0,23154.669363311976,10824886677.013922,391.60357973808823,5.066679762605312e-05,2.5989265306359606,0.23548557952688343,5.32533853995712e+16,0.38384196549341476,0.38384196549341476,447169177630.5857,0.20630316232976614,2356219.4835330658,2355871.8022155087,2342956.601478822,347.6813175568768,12915.20073668654,1.008788037110218,0.0001475589689274368,0.0001475589689274368,0.0001475589689274368,0.005482132230005397,12915.20073668654,-18963462.926121775,-0.0017518393949000587,-0.7366139457270435,0.702111705213993,0.0,0.0,647103173937123.0,-5.203513812640849,0.005482132230005599,0.005482132230005599,139805584385518.52,3763610862268.0825,1.938979798627567e+16,-7973762487.203329,0.011572429363121379,-0.12211600691293467,0.1030551560543964,0.005482132230005397,5972441713894243.0,2.5502045284555436e+16,2.5505808895417708e+16,2.5362239700169916e+16,1791224.1083732443,-7973762487.203329,1.0,397.1243624716896,4.890060033955504e-10,4.890060033955504e-10,0.04331632077085268,551732.4931055777,397.1243624716896
2352.0,23341.309108623827,10824890172.364492,391.1652292508766,5.061503148514373e-05,2.598312595673004,0.2355456302735529,5.390048857350832e+16,0.3837800623435906,0.3837800623435906,439195415143.3824,0.20349458048879687,2383833.7870818167,2383491.5433462393,2370486.3077207846,342.2437355775411,13005.235625454812,1.0086029178532465,0.00014356862354757572,0.00014356862354757572,0.00014356862354757572,0.00545638001601485,13005.235625454812,-18852876.33521017,-0.0017416228742293204,-0.7272848368718042,0.7006493273673007,0.0,0.0,654111829024057.0,-5.208235296928554,0.005456380016015117,0.005456380016015117,140780247311270.38,3704750849806.6367,1.9616093249796424e+16,-7872778483.163306,0.011423968197326231,-0.12031884833663598,0.10241013264805547,0.00545638001601485,6044160686374889.0,2.580103418348258e+16,2.5804738934332388e+16,2.566025393617131e+16,1812128.6163138652,-7872778483.163306,1.0,396.5633691971957,4.805459592513661e-10,4.805459592513661e-10,0.043291074343575486,558357.6914069195,396.5633691971957
2353.0,23529.170139450554,10824893559.904495,390.7273694413799,5.056373848874796e-05,2.5977013841445076,0.23560498280443723,5.4554600402532376e+16,0.3837188106766699,0.3837188106766699,431322636660.21906,0.20070861361813683,2411731.3757564523,2411394.5426293253,2398298.6211848366,336.83312712685756,13095.9214444886,1.008421784904192,0.00013966444626164389,0.0001396644462616439,0.0001396644462616439,0.0054308497481333476,13095.9214444886,-18743095.177121095,-0.0017314807830116402,-0.7180752385102861,0.6991899954019841,0.0,0.0,661158031653158.0,-5.212938076328176,0.0054308497481335705,0.0054308497481335705,141761955705459.8,3646182748598.0127,1.9844709227285172e+16,-7773088024.876881,0.011278235824268424,-0.11855146017748355,0.10176648538410119,0.0054308497481333476,6116618071906396.0,2.6103089254897028e+16,2.6106735437645628e+16,2.596132729919157e+16,1833247.5157806778,-7773088024.876881,1.0,396.0056517232884,4.722439459283554e-10,4.722439459283554e-10,0.04326585352716905,565051.1054041589,396.0056517232884
2354.0,23718.258173661667,10824896842.959204,390.28999976034663,5.051291389160026e-05,2.597092620580379,0.23566353464842596,5.521575843418554e+16,0.3836582036362977,0.3836582036362977,423549548635.34216,0.197944862628528,2439914.313220793,2439582.864088902,2426395.6172083556,331.44913189097383,13187.246880545992,1.008244236425746,0.00013584457867844,0.00013584457867844,0.00013584457867843997,0.005405533492903495,13187.246880545992,-18634112.639946196,-0.0017214124910637197,-0.7089564433296769,0.6977337029739963,0.0,0.0,668240544391106.0,-5.217623255150448,0.005405533492903625,0.005405533492903625,142750587124545.9,3587902661408.1714,2.0075665868679116e+16,-7674380365.195005,0.011134828216785048,-0.11681327228632422,0.10112426749551008,0.005405533492903495,6189816387809660.0,2.6408232843613324e+16,2.6411820746274736e+16,2.6265482256488776e+16,1854582.6496015855,-7674380365.195005,1.0,395.45094762105316,4.6409681284435575e-10,4.6409681284435575e-10,0.043240654499372866,571812.9676067702,395.45094762105316
2355.0,23908.578940298758,10824900024.751337,389.8531196591403,5.046255300287666e-05,2.596486029510528,0.2357211833344086,5.588399897857664e+16,0.3835982344382769,0.3835982344382769,415875168270.14716,0.19520309222349044,2468384.6567822564,2468058.564841118,2454779.3646548456,326.0919411381666,13279.200186272785,1.0080698709033686,0.0001321074250895946,0.0001321074250895946,0.0001321074250895946,0.005380423453252876,13279.200186272785,-18525921.99977711,-0.0017114173763653465,-0.6998987033128975,0.6962804437525043,0.0,0.0,675358103473745.0,-5.22229193682048,0.005380423453253069,0.005380423453253069,143746014425062.22,3529912661697.751,2.03089832038799e+16,-7576333490.815213,0.01099332617653954,-0.11510366738056163,0.10048351547755516,0.005380423453252876,6263758001331409.0,2.671648721963637e+16,2.6720017132298068e+16,2.6572741205211308e+16,1876135.8679935175,-7576333490.815213,1.0,394.8989959386599,4.561014775978578e-10,4.561014775978578e-10,0.04321547370542511,578643.4966613279,394.8989959386599
2356.0,24100.138179502945,10824903108.404205,389.41672858973834,5.041265118546183e-05,2.5958813354648624,0.23577782639127465,5.655935708205038e+16,0.38353889636980854,0.38353889636980854,408298834779.332,0.19248323652296123,2497144.4571184767,2496823.694807857,2483451.9256338333,320.76231061994264,13371.76917402364,1.0078982871318432,0.00012845164391894214,0.00012845164391894214,0.00012845164391894214,0.005355511965794872,13371.76917402364,-18418516.61777332,-0.0017014948247872637,-0.6908712087848311,0.6948302114198609,0.0,0.0,682509417343840.0,-5.226945223892201,0.005355511965794979,0.005355511965794979,144748105696752.03,3472220933288.7324,2.0544681343817212e+16,-7478613895.481889,0.010853295017434313,-0.11342198007554505,0.09984424867307332,0.005355511965794872,6338445125548879.0,2.7027874575062844e+16,2.7031346795996132e+16,2.6883126469366092e+16,1897909.0286606627,-7478613895.481889,1.0,394.3495371827781,4.482549242312447e-10,4.482549242312447e-10,0.04319030783791722,585542.8969731707,394.3495371827781
2357.0,24292.941642441852,10824906096.944798,388.9808260047318,5.036320385522772e-05,2.595278262973293,0.23583336134791363,5.724186649939422e+16,0.383480182788741,0.383480182788741,400820220883.8501,0.18978540480537798,2526195.757983995,2525880.296411193,2512415.35520151,315.4615728022807,13464.941209682886,1.007729084203433,0.0001248761390740485,0.0001248761390740485,0.0001248761390740485,0.005330791498240858,13464.941209682886,-18311889.937425066,-0.001691644229837096,-0.6818420674025617,0.6933829996715777,0.0,0.0,689693165240042.0,-5.231584218062956,0.005330791498241116,0.005330791498241116,145756724195699.53,3414841902779.2036,2.0782780481399084e+16,-7380876352.579435,0.01071428424763695,-0.11176749589701193,0.09920646885018419,0.005330791498240858,6413879815179466.0,2.7342417020774256e+16,2.734583186267703e+16,2.719666029657855e+16,1919903.9968822254,-7380876352.579435,1.0,393.80231330170807,4.405542015568153e-10,4.405542015568153e-10,0.04316515381810482,592511.3583192844,393.80231330170807
2358.0,24486.99509123598,10824908993.306728,388.5454113573244,5.031420648032344e-05,2.594676536565727,0.23588768573321503,5.7931559664634264e+16,0.38342208712282616,0.38342208712282616,393439344531.2707,0.18710988736837297,2555540.595897586,2555230.4042492122,2541671.701042712,310.1916483740727,13558.703206499793,1.0075618614976267,0.00012138005120013507,0.00012138005120013508,0.00012138005120013508,0.005306254646920446,13558.703206499793,-18206035.481996063,-0.0016818649924219447,-0.6727782831038802,0.6919388022162971,0.0,0.0,696907995833646.0,-5.236210020188022,0.005306254646920583,0.005306254646920583,146771728277616.38,3357796364133.138,2.102330089235339e+16,-7282763687.272653,0.010575827250456738,-0.11013945027499082,0.0985701597725065,0.005306254646920446,6490063962297072.0,2.7660136582928084e+16,2.7663494379292216e+16,2.7513364854650464e+16,1942122.6455901428,-7282763687.272653,1.0,393.25706767020114,4.3299642154199146e-10,4.3299642154199146e-10,0.04314000877852808,599549.0554525694,393.25706767020114
2359.0,24682.304298884508,10824911800.333141,388.1104841013319,5.026565458047631e-05,2.594075880772075,0.2359406970760684,5.862846766046791e+16,0.3833646028689835,0.3833646028689835,386156580843.99805,0.18445716150814925,2585180.9998107175,2584876.0447537196,2571223.0031347657,304.9550569982654,13653.041618954085,1.0073962186724874,0.00011796274884450784,0.00011796274884450787,0.00011796274884450785,0.005281894134407095,13653.041618954085,-18100946.852132767,-0.001672156520626404,-0.663645735031415,0.6904976127757657,0.0,0.0,704152525910021.0,-5.240823730295109,0.005281894134407161,0.005281894134407161,147792971331455.56,3301111595071.7886,2.126626293596473e+16,-7183906548.382325,0.010437440964299771,-0.10853702751959134,0.09793528676192532,0.005281894134407095,6566999291956814.0,2.7981055199252996e+16,2.7984356310848064e+16,2.7833262227921544e+16,1964566.855437127,-7183906548.382325,1.0,392.71354507596646,4.2557875775040364e-10,4.2557875775040364e-10,0.04311487004686976,606656.1476976386,392.71354507596646
2360.0,24878.875049190792,10824914520.77948,387.67604369118163,5.021754372630383e-05,2.593476020122245,0.23599229290536322,5.933262018637794e+16,0.3833077235925727,0.3833077235925727,378972674295.6157,0.1818278976175205,2615118.9907576423,2614819.235830348,2601071.2933936818,299.7549272942241,13747.94243666604,1.007231755657584,0.00011462381954841004,0.00011462381954841004,0.00011462381954841002,0.005257702807245992,13747.94243666604,-17996617.723627295,-0.001662518229504818,-0.6544091564465121,0.6890594250848066,0.0,0.0,711425339091796.0,-5.245426447598844,0.005257702807246245,0.005257702807246245,148820301713506.66,3244821465142.444,2.1511687055710336e+16,-7083923180.148899,0.010298625561947217,-0.10695935977913416,0.09730179625397353,0.005257702807245992,6644687357729590.0,2.8305194715153436e+16,2.830843953661858e+16,2.815637441343993e+16,1987238.5148553879,-7083923180.148899,1.0,392.17149170783387,4.1829844383578997e-10,4.1829844383578997e-10,0.04308973513087788,613832.7785382937,392.17149170783387
2361.0,25076.713136687107,10824917157.316206,387.24208958191133,5.016986953863633e-05,2.5928766791461455,0.236042370749989,6.004404552546973e+16,0.3832514429266728,0.3832514429266728,371888751115.4668,0.1792229654024979,2645356.581487491,2645061.986481423,2631218.5953030568,294.5950060679279,13843.391178365919,1.0070680726485168,0.00011136306089301438,0.00011136306089301441,0.00011136306089301441,0.005233673633781642,13843.391178365919,-17893041.845322948,-0.001652949540886752,-0.645032113650188,0.6876242328912917,0.0,0.0,718724984600834.0,-5.250019270515363,0.005233673633781799,0.005233673633781799,149853562682133.03,3188966535644.3843,2.1759593779797696e+16,-6982419194.0718565,0.0101588641293884,-0.10540552598109225,0.09666961534589706,0.005233673633781642,6723129537147807.0,2.8632576879627644e+16,2.8635765846163284e+16,2.8482723316945504e+16,2010139.5201062674,-6982419194.0718565,1.0,391.6306551455662,4.1115277208591164e-10,4.1115277208591164e-10,0.043064601704303485,621079.0751967893,391.6306551455662
2362.0,25275.824366559187,10824919712.53141,386.8086212291691,5.0122627687850195e-05,2.592277582373687,0.23609082813883522,6.076277051007056e+16,0.38319575457137,0.38319575457137,364906331921.39496,0.17664344021721817,2675895.7760787955,2675606.2964119553,2661666.923526018,289.4796668404458,13939.372885937579,1.0069047701030354,0.00010818047153714021,0.00010818047153714022,0.0001081804715371402,0.005209799702082692,13939.372885937579,-17790213.037151773,-0.001643449883194702,-0.6354769849277081,0.6861920299561156,0.0,0.0,726049976056382.0,-5.254603296676558,0.005209799702082796,0.005209799702082796,150892592333311.56,3133594151958.167,2.2010003721606188e+16,-6878987341.003973,0.010017622344454958,-0.1038745507563394,0.09603865133748367,0.005209799702082692,6802327027063438.0,2.8963223341002932e+16,2.8966356935154892e+16,2.8812330748669624e+16,2033271.7753210147,-6878987341.003973,1.0,391.090784351307,4.0413909201387573e-10,4.0413909201387573e-10,0.043039467593693814,628395.1482050034,391.090784351307
2363.0,25476.214554569902,10824922188.933363,386.3756380892119,5.0075813893211416e-05,2.5916784543347777,0.23613756260079147,6.148882048612694e+16,0.38314065229305216,0.38314065229305216,358027344580.391,0.17409060951690777,2706738.5695367013,2706454.155618936,2692418.2835003864,284.41391776528314,14035.872118549341,1.0067414487387292,0.00010507624229626464,0.00010507624229626464,0.00010507624229626463,0.00518607421796121,14035.872118549341,-17688125.18829505,-0.001634018691273194,-0.6257049395317542,0.6847628100531676,0.0,0.0,733398790306609.0,-5.25917962294437,0.005186074217961467,0.005186074217961467,151937223537115.9,3078758529258.8823,2.2262937580033908e+16,-6773207283.662495,0.009874348155505155,-0.10236540334722505,0.09540879126474269,0.00518607421796121,6882280838919305.0,2.929715564249033e+16,2.9300234401019588e+16,2.9145218418953212e+16,2056637.1925327985,-6773207283.662495,1.0,390.5516296626338,3.972548089944858e-10,3.972548089944858e-10,0.04301433076602823,635781.090967588,390.5516296626338
2364.0,25677.88952698282,10824924588.95297,385.9431396189059,5.002942392222933e-05,2.5910790195593254,0.23618247166474718,6.222221927643355e+16,0.38308612992371105,0.38308612992371105,351254137296.7285,0.17156597942848334,2737886.947373246,2737607.543964173,2723474.6710172854,279.40340907239687,14132.87294688771,1.0065777095323154,0.00010205074732558228,0.00010205074732558228,0.00010205074732558228,0.005162490503084567,14132.87294688771,-17586772.255457822,-0.001624655406228459,-0.6156759167236535,0.683336566969305,0.0,0.0,740769866291199.0,-5.263749345424929,0.005162490503084705,0.005162490503084705,152987283875313.0,3024520833105.074,2.251841613975106e+16,-6664645369.768039,0.009728471460398229,-0.10087699650001203,0.09477990142653121,0.005162490503084567,6962991793934556.0,2.963439521756093e+16,2.9637419738394036e+16,2.9481407933685616e+16,2080237.6917000888,-6664645369.768039,1.0,390.01294278722173,3.9049738294338573e-10,3.9049738294338573e-10,0.042989189316977816,643236.9793171966,390.01294278722173
2365.0,25880.85512048486,10824926914.946157,385.51112527572474,4.9983453590020286e-05,2.5904790025772413,0.23622545285959193,6.296298914272475e+16,0.3830321813602519,0.3830321813602519,344589491926.96045,0.16907128143829336,2769342.885170854,2769068.4307306223,2754838.0717831156,274.4544402316528,14230.358947506598,1.0064131537205079,9.910453548431597e-05,9.910453548431595e-05,9.910453548431595e-05,0.005139041993177431,14230.358947506598,-17486148.261250257,-0.0016153594752780123,-0.6053486048887459,0.6819132945043257,0.0,0.0,748161603932163.0,-5.268313559482273,0.005139041993177607,0.005139041993177607,154042595580209.06,2970949256990.1,2.2776460271358784e+16,-6552854405.985292,0.00957940378602417,-0.09940818534224244,0.09415182690423181,0.005139041993177431,7044460518204640.0,2.997496338514363e+16,2.9977934334400624e+16,2.9820920789563424e+16,2104075.200721304,-6552854405.985292,1.0,389.47447679908976,3.838643270369747e-10,3.838643270369747e-10,0.04296404145984778,650762.8710618115,389.47447679908976
2366.0,26085.117182108846,10824929169.196188,385.0795945177498,4.993789875868116e-05,2.589878127918433,0.23626640371421517,6.371115074665691e+16,0.38297880056381056,0.38297880056381056,338036637520.97516,0.16660847919640315,2801108.3481293605,2800838.7741622683,2786510.460964962,269.5739670920596,14328.313197306239,1.0062473828024525,9.623832197425948e-05,9.623832197425948e-05,9.62383219742595e-05,0.005115722236311814,14328.313197306239,-17386247.292668585,-0.001606130351609461,-0.5946804207423599,0.6804929864709423,0.0,0.0,755572363050722.0,-5.272873359751794,0.005115722236311959,0.005115722236311959,155102975474899.0,2918119099630.769,2.303709093145352e+16,-6437373432.843834,0.009426537968645425,-0.09795776624561571,0.0935243910745952,0.005115722236311814,7126687437716414.0,3.031888134464483e+16,3.0321799463744464e+16,3.0163778369169932e+16,2128151.6554407305,-6437373432.843834,1.0,388.93598613640927,3.7735320647117334e-10,3.7735320647117334e-10,0.042938885514971936,658358.8055242315,388.93598613640927
2367.0,26290.68156915539,10824931353.9159,384.64854680366864,4.989275533667253e-05,2.5892761201128094,0.23630522175750643,6.446672310970763e+16,0.382925981559077,0.382925981559077,331599264088.13135,0.1641797754367264,2833185.290596646,2832920.5209873198,2818493.8027191637,264.76960932609734,14426.718268155912,1.0060799985437618,9.345298036272771e-05,9.345298036272771e-05,9.345298036272771e-05,0.005092524891283558,14426.718268155912,-17287063.499669757,-0.0015969674942480068,-0.5836274886476936,0.6790756366947535,0.0,0.0,763000462307497.0,-5.277429840153349,0.005092524891283756,0.005092524891283756,156168234915072.22,2866112845558.135,2.3300329162594068e+16,-6317727500.869615,0.009269247835304723,-0.09652447567498326,0.09289739511586935,0.005092524891283558,7209672773278261.0,3.0666170170787404e+16,3.066903628363296e+16,3.051000193587233e+16,2152468.999645454,-6317727500.869615,1.0,388.39722660087943,3.709616372573077e-10,3.709616372573077e-10,0.04291371989956194,666024.8030737096,388.39722660087943
2368.0,26497.554149114138,10824933471.24988,384.21798159277506,4.984801927821124e-05,2.58867270369028,0.23634180451835524,6.522972357201513e+16,0.38287371843362683,0.38287371843362683,325281536587.2617,0.16178761901220756,2865575.655583043,2865315.6059244513,2850790.049702778,260.0496585918292,14525.556221673105,1.0059106029821105,9.074953511877122e-05,9.07495351187712e-05,9.07495351187712e-05,0.005069443726073118,14525.556221673105,-17188591.0938343,-0.001587870367932123,-0.5721446200606685,0.6776612390142189,0.0,0.0,770444178163568.0,-5.281984093903467,0.005069443726073208,0.005069443726073208,157238179732511.12,2815020253477.796,2.356619609316863e+16,-6193427448.090276,0.009106887886584765,-0.09510698902409383,0.0922706175073468,0.005069443726073118,7293416535365081.0,3.1016850808266224e+16,3.10196658285197e+16,3.085961262853371e+16,2177029.185053052,-6193427448.090276,1.0,387.8579553586325,3.6468728505347615e-10,3.6468728505347615e-10,0.04288854311789514,673760.8646497262,387.8579553586325
2369.0,26705.740799584735,10824935523.276567,383.78789834496797,4.980368658267233e-05,2.5880676031807535,0.23637604952565108,6.6000167750178696e+16,0.38282200533725946,0.38282200533725946,319088109139.17145,0.1594347120441498,2898281.374259617,2898025.951171697,2883401.1425675238,255.42308792014188,14624.80860417332,1.0057387984344126,8.812915481175155e-05,8.812915481175155e-05,8.812915481175156e-05,0.005046472616389229,14624.80860417332,-17090824.34711258,-0.0015788384429969713,-0.5601852931227275,0.6762497872806313,0.0,0.0,777901743859855.0,-5.286537213527134,0.0050464726163893525,0.0050464726163893525,158312610180436.56,2764938457891.738,2.3834712937157708e+16,-6063969679.141309,0.008938792980980732,-0.09370391943873885,0.09164381352247003,0.005046472616389229,7377918518877726.0,3.1370944066215868e+16,3.137370900467376e+16,3.121263145603543e+16,2201834.1712896638,-6063969679.141309,1.0,387.3179309426681,3.58527864029891e-10,3.58527864029891e-10,0.042863353751758204,681566.9712778599,387.3179309426681
2370.0,26915.247408197356,10824937512.010298,383.35829652075086,4.975975329400009e-05,2.587460543114139,0.2364078543082835,6.677806949403855e+16,0.38277083648134297,0.38277083648134297,313024139460.03015,0.15712401718468183,2931304.3654403547,2931053.465877413,2916329.009435609,250.8995629415309,14724.456441803713,1.0055641875055732,8.559314614326634e-05,8.559314614326634e-05,8.559314614326634e-05,0.005023605544293931,14724.456441803713,-16993757.590650342,-0.0015698711952651663,-0.5477016324203954,0.6748412753580904,0.0,0.0,785371348412161.0,-5.2910902908685,0.005023605544294152,0.005023605544294152,159391320880842.7,2715972090632.7666,2.410590099378734e+16,-5928835946.176813,0.008764278021172783,-0.09231381662797547,0.09101671471564411,0.005023605544293931,7463178297816016.0,3.17284706124842e+16,3.1731186584574836e+16,3.1569079291603356e+16,2226885.9258579346,-5928835946.176813,1.0,386.7769132567969,3.52481135766795e-10,3.52481135766795e-10,0.04283815045104289,689443.0835776742,386.7769132567969
2371.0,27126.079872532504,10824939439.403275,382.92917558123116,4.971621550012801e-05,2.586851248020346,0.23643711639514195,6.756344084245071e+16,0.3827202061381664,0.3827202061381664,307095303513.85333,0.1548587649912479,2964646.53504824,2964400.0455925525,2949575.5653566793,246.48945568737992,14824.480235873209,1.0053863730988044,8.314294900702861e-05,8.314294900702863e-05,8.314294900702863e-05,0.005000836596907403,14824.480235873209,-16897385.21369007,-0.0015609681059445758,-0.5346443889304215,0.6734356971234753,0.0,0.0,792851135618987.0,-5.295644417100477,0.005000836596907643,0.005000836596907643,160474100773958.25,2668233430267.3647,2.4379781647065668e+16,-5787493131.788584,0.008582637642485878,-0.09093516566412697,0.0903890284029157,0.005000836596907403,7549195219864059.0,3.208945096770369e+16,3.209211920113395e+16,3.192897686692973e+16,2252186.4240941755,-5787493131.788584,1.0,386.2346635810758,3.465449081836582e-10,3.465449081836582e-10,0.0428129319244297,697389.1412625038,386.2346635810758
2372.0,27338.24410004041,10824941307.34749,382.5005349881195,4.9673069332407745e-05,2.586239442429282,0.236463733315116,6.83562919780697e+16,0.3826701086402986,0.3826701086402986,301307810382.06476,0.1526424614118931,2998309.7755651986,2998067.5717033627,2983142.7117449697,242.20386183589162,14924.859958392983,1.0052049584275158,8.07801327967304e-05,8.07801327967304e-05,8.078013279673038e-05,0.004978159965191635,14924.859958392983,-16801701.662545178,-0.001552128661532874,-0.5209629201719004,0.6720330464664193,0.0,0.0,800339203079326.0,-5.3002006827331085,0.004978159965191797,0.004978159965191797,161560733069984.75,2621842588786.4277,2.465637636519443e+16,-5639393034.165177,0.008393145903824058,-0.0895663857722821,0.08976043713668597,0.004978159965191635,7635968400886295.0,3.2453905499150716e+16,3.24565273417395e+16,3.229234476608073e+16,2277737.649113975,-5639393034.165177,1.0,385.6909445787237,3.4071703449844453e-10,3.4071703449844453e-10,0.04278769693008755,705405.0626309945,385.6909445787237
2373.0,27551.74600796015,10824943117.676579,382.07237420372917,4.9630310965046455e-05,2.5856248508708575,0.23648760259709511,6.915663118114902e+16,0.38262053837995363,0.38262053837995363,295668417347.8996,0.15047889538000853,3032295.9654658395,3032057.9108434157,3017032.3357955758,238.0546224239748,15025.57504784,1.005019547028771,7.850639420924844e-05,7.850639420924844e-05,7.850639420924844e-05,0.004955569942811678,15025.57504784,-16706701.439644514,-0.0015433523537286145,-0.506605170585352,0.6706333172892821,0.0,0.0,807833601217356.0,-5.304760177620302,0.004955569942811877,0.004955569942811877,162650995203248.53,2576927746639.5024,2.4935706699845748e+16,-5483972154.707275,0.008195055981383988,-0.0882058291100419,0.08913059817463563,0.004955569942811678,7723496719332259.0,3.2821854414381256e+16,3.2824431342127896e+16,3.265920341917801e+16,2303541.591745366,-5483972154.707275,1.0,385.145520304503,3.349954122158161e-10,3.349954122158161e-10,0.04276244426623976,713490.7440502098,385.145520304503
2374.0,27766.59152323804,10824944872.16762,381.64469269097515,4.9587936614552997e-05,2.585007197874981,0.23650862176996884,6.996446478236638e+16,0.38257148980836325,0.38257148980836325,290184445193.1923,0.148372146517082,3066606.9686348047,3066372.91428359,3051246.3098784336,234.05435121475787,15126.604405156171,1.004829742778304,7.632355681985373e-05,7.632355681985372e-05,7.632355681985372e-05,0.004933060925073513,15126.604405156171,-16612379.102645472,-0.0015346386793486698,-0.49151765215928156,0.6692365035071238,0.0,0.0,815332332310667.0,-5.309323990964659,0.004933060925073618,0.004933060925073618,163744658788903.44,2533625448990.7124,2.5217794285291616e+16,-5320651488.321483,0.007987599865452567,-0.08685177953828548,0.08849914294304966,0.004933060925073513,7811778810547306.0,3.3193317754627828e+16,3.3195851380076816e+16,3.302957309583892e+16,2329600.250448382,-5320651488.321483,1.0,384.59815621454374,3.29377982143244e-10,3.29377982143244e-10,0.04273717276157685,721646.0594300516,384.59815621454374
2375.0,27982.78658244563,10824946572.542885,381.21748991337364,4.954594253919218e-05,2.5843862079715607,0.2365266883626267,7.077979711467705e+16,0.3825229574351558,0.3825229574351558,284863793704.87085,0.14632659294188516,3101244.6337675797,3101014.4172984823,3085786.490908486,230.21646909745928,15227.926389996383,1.0046351499070998,7.42335727374652e-05,7.42335727374652e-05,7.423357273746521e-05,0.004910627407937861,15227.926389996383,-16518729.263614284,-0.0015259871402518964,-0.4756454253266521,0.6678425990476784,0.0,0.0,822833349518578.0,-5.313893211320329,0.0049106274079380174,0.0049106274079380174,164841489582326.7,2492080978099.467,2.5502660837372668e+16,-5148836316.635446,0.007769988060597156,-0.08550245138374941,0.08786567649473867,0.004910627407937861,7900813060986282.0,3.3568315387941276e+16,3.3570807468919376e+16,3.3403473898358948e+16,2355915.631219771,-5148836316.635446,1.0,384.04861917760405,3.2386272743403933e-10,3.2386272743403933e-10,0.04271188126538217,729870.8596887148,384.04861917760405
2376.0,28200.337131697306,10824948220.471516,380.7907653350415,4.9504325038447484e-05,2.583761605690507,0.23654169990395812,7.1602630464195624e+16,0.3824749358277414,0.3824749358277414,279714957388.2354,0.14434691918440923,3136210.7937545064,3135984.238507403,3120654.7196901655,226.55524710354132,15329.518817237826,1.0044353730195366,7.223852668153128e-05,7.223852668153128e-05,7.223852668153128e-05,0.004888263987109206,15329.518817237826,-16425746.58827253,-0.0015173972432689432,-0.45893208015287656,0.6664515978513273,0.0,0.0,830334555906727.0,-5.318468926593237,0.004888263987109398,0.004888263987109398,165941247441343.22,2452448818971.964,2.5790328152289804e+16,-4967916004.368172,0.007541409289572027,-0.0841559881942432,0.08722977696176501,0.004888263987109206,7990597602326290.0,3.394686700205743e+16,3.3949319450876404e+16,3.3780925754616092e+16,2382489.747481344,-4967916004.368172,1.0,383.4966774877475,3.184476726564001e-10,3.184476726564001e-10,0.04268656863728504,738164.9722088217,383.4966774877475
2377.0,28419.24912656727,10824949817.57118,380.3645184206953,4.9463080452491664e-05,2.583133115561728,0.2365535539228527,7.243296502010235e+16,0.38242741961070403,0.38242741961070403,274747041383.86725,0.14243812420273863,3171507.265047679,3171284.1791878273,3155852.820234065,223.08585985198815,15431.35895376266,1.0042300171130745,7.034064285791075e-05,7.034064285791076e-05,7.034064285791076e-05,0.00486596535719945,15431.35895376266,-16333425.795309745,-0.0015088685001381848,-0.44131971783695034,0.6650634938710734,0.0,0.0,837833803463904.0,-5.323052224038375,0.004865965357199631,0.004865965357199631,167043686291408.5,2414893237907.489,2.6080818105200096e+16,-4777263799.089661,0.0073010302012673865,-0.08281046148734691,0.08659099500319123,0.00486596535719945,8081130305474140.0,3.432899209696564e+16,3.4331406990203548e+16,3.4161948410674236e+16,2409324.619950239,-4777263799.089661,1.0,382.9421008784165,3.131308828876319e-10,3.131308828876319e-10,0.04266123373655284,746528.2002838256,382.9421008784165
2378.0,28639.5285320061,10824951365.409647,379.9387486356508,4.942220516166547e-05,2.5825004621151324,0.23656214794819988,7.327079882356626e+16,0.38238040346519986,0.38238040346519986,269969777584.7776,0.14060552950092842,3207135.847010375,3206916.022558886,3191382.599043359,219.82445148884915,15533.423515527003,1.0040186875995072,6.854229504926178e-05,6.854229504926178e-05,6.854229504926176e-05,0.0048437263109660286,15533.423515527003,-16241761.655761957,-0.0015004004274477701,-0.4227489325503309,0.663678281072514,0.0,0.0,845328892106631.0,-5.327644190254004,0.00484372631096619,0.00484372631096619,168148554093890.34,2379588996294.6445,2.637415264859574e+16,-4576236634.636175,0.007047995083028926,-0.0814638694934615,0.08594885324807881,0.0048437263109660286,8172408774463257.0,3.471470997715289e+16,3.4717089566149184e+16,3.4546561423058996e+16,2436422.2764891535,-4576236634.636175,1.0,382.3846605378944,3.079104628327445e-10,3.079104628327445e-10,0.042635875410825586,754960.3225542058,382.3846605378944
2379.0,28861.181322257016,10824952865.506329,379.51345544582256,4.938169558596404e-05,2.5818633698806304,0.23656737950888923,7.411612771567288e+16,0.3823338821283617,0.3823338821283617,265393540950.14142,0.1388547873458243,3243098.3212485937,3242881.5330321305,3227245.8443672024,216.7882164636104,15635.688664927884,1.0038009903277574,6.684602037601712e-05,6.684602037601712e-05,6.684602037601712e-05,0.004821541738624149,15635.688664927884,-16150748.99245687,-0.0014919925465838443,-0.4031587936355851,0.6622959534338153,0.0,0.0,852817568666842.0,-5.332245911172034,0.004821541738624369,0.004821541738624369,169255592817575.9,2346722225015.7656,2.6670353810442012e+16,-4364174938.419601,0.006781425577697041,-0.0801141358941119,0.08530284573397655,0.004821541738624149,8264430340234131.0,3.5104039743493716e+16,3.510638646571873e+16,3.493478415067614e+16,2463784.751934301,-4364174938.419601,1.0,381.8241291261337,3.027845559666886e-10,3.027845559666886e-10,0.0426104924841606,763461.0924329016,381.8241291261337
2380.0,29084.21348077144,10824954319.333776,379.08863831772254,4.9341548184531074e-05,2.5812215633881292,0.23656914613381025,7.496894528433973e+16,0.38228785039271,0.38228785039271,261029366011.7218,0.13719188908063476,3279396.450924159,3279182.4554263693,3263444.3254178893,213.99549778932308,15738.130008479702,1.003576531608214,6.525453722712224e-05,6.525453722712224e-05,6.525453722712224e-05,0.004799406627233062,15738.130008479702,-16060382.679526757,-0.0014836443836850478,-0.38248682818882396,0.6609165049456857,0.0,0.0,860297525857272.0,-5.336858472043999,0.004799406627233216,0.004799406627233216,170364538413528.88,2316491488112.5146,2.696944369204644e+16,-4140402442.890886,0.006500420405709048,-0.07875910855642614,0.08465243734114765,0.004799406627233062,8357192054291244.0,3.5497000284751216e+16,3.5499316776239332e+16,3.5326635746337684e+16,2491414.087898551,-4140402442.890886,1.0,381.26028079293144,2.977513436995494e-10,2.977513436995494e-10,0.04280946452426049,772030.2375193385,381.26028079293144
2381.0,29308.631000124125,10824955728.319117,378.66429671846004,4.930175945516045e-05,2.580606412335422,0.23645738009275183,7.5829242810197e+16,0.38224230310556995,0.38224230310556995,256888963568.8309,0.1356231735329316,3316031.980048818,3315820.5141430516,3299977.915788722,211.4659057666804,15842.598354329648,1.0033906126676087,6.377076790543112e-05,6.377076790543113e-05,6.377076790543113e-05,0.004777881760112111,15842.598354329648,-15969512.093741227,-0.001475249644851984,-0.3655960495035444,0.6595399296113501,0.0,0.0,863833406091527.0,-5.341364266692378,0.004777881760112179,0.004777881760112179,171495425807159.72,2289109067973.218,2.727535715573248e+16,-3957561050.3242326,0.00620405509261805,-0.07739655826474065,0.08399706322279613,0.004777881760112111,8446757687111226.0,3.5893610268650864e+16,3.5895899377718836e+16,3.5722114842843708e+16,2519673.783457381,-3957561050.3242326,1.0,380.72063165899004,2.927460409914593e-10,2.927460409914593e-10,0.043205100359290816,780304.1323313409,380.72063165899004
2382.0,29534.439881928058,10824957093.845465,378.24043011574105,4.926232593380531e-05,2.5800456074193505,0.2361238014070516,7.669307621628851e+16,0.3821972351684946,0.3821972351684946,252931402518.50668,0.13415533551462328,3352955.0495396988,3352745.832297865,3336795.30331652,209.21724183357554,15950.528981344765,1.0032831922585324,6.239786658109163e-05,6.239786658109163e-05,6.239786658109161e-05,0.004757452481989302,15950.528981344765,-15877153.83892348,-0.0014667174845386173,-0.3569238833257623,0.6581662214465238,0.0,0.0,859641341130019.0,-5.345659491837462,0.004757452481989444,0.004757452481989444,172663791847195.7,2264767666141.1455,2.7591717026587524e+16,-3863685722.7700815,0.00592492944815015,-0.07603500446523645,0.0833389069876115,0.004757452481989302,8528948962758871.0,3.629332978119359e+16,3.6295594548859736e+16,3.612066598934639e+16,2548898.5117802275,-3863685722.7700815,1.0,380.22932399276584,2.877158281931998e-10,2.877158281931998e-10,0.04354906743158704,787896.7915362925,380.22932399276584
2383.0,29761.646136748583,10824958417.253271,377.8170379778673,4.922324419409448e-05,2.5795333546683996,0.23557098923292216,7.755271755741853e+16,0.3821526415366942,0.3821526415366942,249067716795.7366,0.13278073868177975,3390066.237607327,3389859.0173607003,3373797.856772383,207.22024662679308,16061.160588316798,1.003245879879666,6.112572206643577e-05,6.112572206643577e-05,6.112572206643577e-05,0.0047380025263769835,16061.160588316798,-15783600.920143107,-0.0014580749700605358,-0.35574759825315966,0.656795374479386,0.0,0.0,848068522840379.0,-5.34976594862145,0.0047380025263772385,0.0047380025263772385,173861395501356.4,2243150552948.0024,2.7917881229197024e+16,-3850952958.1281757,0.0057113102808692955,-0.07469247939520392,0.0826826323960727,0.0047380025263769835,8603340278582232.0,3.6695082903280616e+16,3.669732605383356e+16,3.6521221507779256e+16,2579028.9581806003,-3850952958.1281757,1.0,379.7811057854298,2.826789472541824e-10,2.826789472541824e-10,0.04384508377046692,794768.8985917829,379.7811057854298
2384.0,29990.2557840172,10824959699.841644,377.3941197737355,4.918451084685589e-05,2.5790638601110527,0.2348015227265761,7.840078608025891e+16,0.3821085172184717,0.3821085172184717,245216763837.60843,0.13147066503058144,3427270.7027971135,3427065.3219363345,3410891.5685829674,205.38086077880223,16173.753353367429,1.00327030221082,5.992548549234347e-05,5.992548549234347e-05,5.992548549234347e-05,0.004719417879151792,16173.753353367429,-15689121.54382295,-0.0014493468778504978,-0.3613185301480853,0.6554273827505545,0.0,0.0,829442548547140.0,-5.353705455367789,0.004719417879151866,0.004719417879151866,175080228245381.06,2223239541049.3213,2.825324261386724e+16,-3911258527.6590414,0.005585005349332322,-0.07338492272276118,0.0820324476132497,0.004719417879151792,8669521156573032.0,3.709784399868565e+16,3.71000672382267e+16,3.692276377044027e+16,2610009.034424447,-3911258527.6590414,1.0,379.3707648168152,2.7765158548048745e-10,2.7765158548048745e-10,0.044096496382749706,800882.5341585204,379.3707648168152
2385.0,30220.27485194507,10824960942.869621,376.971674972837,4.9146122539647225e-05,2.5786313297757957,0.23381798104422588,7.923022862880605e+16,0.3820648572746637,0.3820648572746637,241305505309.9494,0.13018706785707662,3464477.787747966,3464274.21140227,3447986.626109055,203.57634569599423,16287.585293215214,1.0033480976133138,5.87610480332524e-05,5.87610480332524e-05,5.87610480332524e-05,0.004701586623716579,16287.585293215214,-15593961.408018189,-0.0014405559050344563,-0.3728594897550251,0.654062240313059,0.0,0.0,804074414111389.0,-5.357499836182493,0.004701586623716669,0.004701586623716669,176312474652712.34,2203705991051.2617,2.8597223282175324e+16,-4036189413.776442,0.005552993590033821,-0.07212618309274978,0.08139209527110577,0.004701586623716579,8727097276991995.0,3.750063303382003e+16,3.750283673981108e+16,3.732432055916732e+16,2641785.3545247433,-4036189413.776442,1.0,378.9931231781616,2.72648063814649e-10,2.72648063814649e-10,0.044306298825847135,806201.2715843113,378.9931231781616
2386.0,30451.70937743581,10824962147.557404,376.5497030452569,4.910807595629343e-05,2.578229969691112,0.23262294334208417,8.003430304291744e+16,0.3820216568180876,0.3820216568180876,237269315896.17297,0.12888913511324743,3501600.6211442878,3501398.9456773233,3484996.996703015,201.6754669645805,16401.94897430815,1.0034709113318128,5.759522252388537e-05,5.759522252388537e-05,5.759522252388537e-05,0.004684398787106876,16401.94897430815,-15498345.883782683,-0.0014317228709460018,-0.3895628786890663,0.6526999412323163,0.0,0.0,772261061817445.0,-5.361170914851683,0.004684398787107025,0.004684398787107025,177550476793053.72,2183129295982.5474,2.8949269207552188e+16,-4217003415.9026394,0.005613847945027976,-0.07092801393276038,0.08076484117101952,0.004684398787106876,8775691366109189.0,3.7902511050454424e+16,3.790469417975041e+16,3.772496057366138e+16,2674306.7377916365,-4217003415.9026394,1.0,378.64303251084397,2.676810167581796e-10,2.676810167581796e-10,0.04447714899145572,810690.258911379,378.64303251084397
2387.0,30684.56540599792,10824963315.08756,376.1282034616738,4.907036781643091e-05,2.5778539858854868,0.2312189887763635,8.080656410473488e+16,0.3819789110129947,0.3819789110129947,233052312480.27032,0.12753698670774344,3538555.7225747574,3538356.172367054,3521840.0237943456,199.5502077036339,16516.14857270842,1.0036303913948346,5.639312288642872e-05,5.639312288642873e-05,5.639312288642873e-05,0.004667746198557397,16516.14857270842,-15402482.08034856,-0.001422866907907297,-0.4105894520593598,0.6513404795861035,0.0,0.0,734287544113707.0,-5.364740511535263,0.004667746198557476,0.004667746198557476,178786702406104.4,2160123677909.9402,2.93088451045937e+16,-4444615756.104473,0.005761279307362117,-0.06980006523646105,0.0801534620400251,0.004667746198557397,8814943954587197.0,3.8302575761587e+16,3.8304735885264904e+16,3.81237890591809e+16,2707523.734860493,-4444615756.104473,1.0,378.3153699512888,2.627615624691746e-10,2.627615624691746e-10,0.044611387410573355,814316.2889338525,378.3153699512888
2388.0,30918.848991656956,10824964446.606186,375.7071756933584,4.9032994875058584e-05,2.577497584387404,0.22960869650327642,8.154085164884859e+16,0.3819366150745289,0.3819366150745289,228607696724.16586,0.12609379029025963,3575262.613543901,3575065.5305331484,3558436.033257056,197.0830107526629,16629.49727609215,1.0038181852121313,5.512406557383169e-05,5.51240655738317e-05,5.512406557383169e-05,0.004651522366252178,16629.49727609215,-15306560.78747566,-0.001414005640662823,-0.4350676741339143,0.649983849464533,0.0,0.0,690428861984074.0,-5.36823044092954,0.004651522366252325,0.004651522366252325,180013716778631.9,2133416584427.6804,2.9675429518661044e+16,-4709592104.367268,0.005986090628945978,-0.06874987285770659,0.07956023271519655,0.004651522366252178,8844514026868934.0,3.8699957262308616e+16,3.870209067889304e+16,3.8519943545529976e+16,2741388.174070614,-4709592104.367268,1.0,378.0050347739162,2.5789946198715866e-10,2.5789946198715866e-10,0.04471105589294644,817047.8591864422,378.0050347739162
2389.0,31154.566196866883,10824965543.224024,375.28661921217343,4.899595392209549e-05,2.577154971225349,0.22779464567903557,8.223128051083267e+16,0.3818947642681909,0.3818947642681909,223898104619.79858,0.12452700488801635,3611643.4367350116,3611449.265096923,3594707.950077831,194.1716380889498,16741.315019091788,1.0040259368680438,5.376268213909964e-05,5.376268213909963e-05,5.3762682139099625e-05,0.0046356223748978765,16741.315019091788,-15210758.291118557,-0.0014051553541100975,-0.46209362125924913,0.648630044970026,0.0,0.0,640951531522909.0,-5.3716625112087115,0.0046356223748981185,0.0046356223748981185,181224158229927.44,2101901291784.247,3.0048510114939804e+16,-5002147527.874984,0.00627725466101067,-0.06778284668824401,0.07898691309652398,0.0046356223748978765,8864079582606177.0,3.909381385577591e+16,3.90959157570677e+16,3.891258969754598e+16,2775852.726270239,-5002147527.874984,1.0,377.70694572535325,2.531032670001092e-10,2.531032670001092e-10,0.04477791612301196,818855.2238075917,377.70694572535325
2390.0,31391.723092421435,10824966606.017557,374.8665334905729,4.89592417819447e-05,2.5768203524278057,0.22577941545985344,8.287223204235558e+16,0.3818533539093084,0.3818533539093084,218895957091.9236,0.12280914342636542,3647622.584715111,3647431.852021474,3630580.925479474,190.73269363706515,16850.926542000194,1.0042452851106427,5.22895911535107e-05,5.22895911535107e-05,5.228959115351071e-05,0.004619942805144145,16850.926542000194,-15115238.061920524,-0.00139633114928207,-0.49073139358732565,0.6472790602172878,0.0,0.0,586114925998843.0,-5.3750585233958095,0.004619942805144217,0.004619942805144217,182410717097607.0,2064675039297.0078,3.042757914852522e+16,-5312150948.107259,0.006622510114227583,-0.06690225895281539,0.07843473517930453,0.004619942805144145,8873338130234402.0,3.9483327995857224e+16,3.948539267089653e+16,3.9300917278759624e+16,2810870.4863450243,-5312150948.107259,1.0,377.41603904429957,2.483804559895404e-10,2.483804559895404e-10,0.044813467798402895,819710.4391344493,377.41603904429957
2391.0,31630.32575736451,10824967636.030067,374.4469180016011,4.892285531306381e-05,2.576487934023258,0.22356558500194265,8.345834696835443e+16,0.3818123793625117,0.3818123793625117,213583806143.81635,0.12091826903127653,3683126.3385476726,3682939.634255979,3665981.9744937154,186.7042916934015,16957.65976226368,1.0044678620370222,5.069179673239841e-05,5.0691796732398426e-05,5.0691796732398426e-05,0.004604381675044597,16957.65976226368,-15020152.319214104,-0.0013875470878287606,-0.5200140039669664,0.6459308893332814,0.0,0.0,526172434310843.0,-5.378440270996222,0.004604381675044844,0.004604381675044844,183566118109313.66,2021067915088.9885,3.0812129097017784e+16,-5629134763.224822,0.007008694598191876,-0.06610923373646115,0.0779043904521872,0.004604381675044597,8872007131146287.0,3.986770234627339e+16,3.986972341418848e+16,3.968413622816407e+16,2846394.569759451,-5629134763.224822,1.0,377.1272671622966,2.4373755893543315e-10,2.4373755893543315e-10,0.0448189659317797,819587.4047342642,377.1272671622966
2392.0,31870.380278900797,10824968634.272654,374.0277722188923,4.8886791407541544e-05,2.5761519220401916,0.22115573346151574,8.398451940266528e+16,0.38177183604121473,0.38177183604121473,207954671380.59152,0.11883834260118402,3718082.516196276,3717900.4681434897,3700839.623695491,182.04805278658793,17060.844447998814,1.004685292475483,4.896288664750488e-05,4.896288664750488e-05,4.8962886647504863e-05,0.004588838403336289,17060.844447998814,-14925643.475879038,-0.0013788163254924678,-0.5489447186049307,0.6445855264572027,0.0,0.0,461372470755289.0,-5.381829539820848,0.004588838403336348,0.004588838403336348,184683106023791.9,1970664461345.2268,3.120164843595528e+16,-5942309360.848002,0.007421935046013134,-0.06540273875811016,0.07739601792622024,0.004588838403336289,8859824411021817.0,4.024615595300089e+16,4.024812661746223e+16,4.0061472846977096e+16,2882377.7222936745,-5942309360.848002,1.0,376.8355980812607,2.3918027102743247e-10,2.3918027102743247e-10,0.04479543699626243,818461.9014018162,376.8355980812607
2393.0,32111.89275230517,10824969601.725233,373.60909561667006,4.885104699068053e-05,2.57580652250709,0.2185524399947853,8.444589187342058e+16,0.38173171940710177,0.38173171940710177,202012362019.74353,0.11655948529886415,3752420.130129613,3752243.3796744756,3735083.568491658,176.75045513755865,17159.811182817273,1.0048891940655813,4.710305589674296e-05,4.7103055896742956e-05,4.7103055896742956e-05,0.004573213794118538,17159.811182817273,-14831845.4715116,-0.0013701512352651568,-0.5764988298061676,0.6432429657404545,0.0,0.0,391959365645193.0,-5.385248107972801,0.00457321379411868,0.00457321379411868,185754434425341.7,1913318303955.1719,3.1595617535838356e+16,-6240582308.081933,0.007847762294400124,-0.0647795803203732,0.07690919304319783,0.004573213794118538,8836548552987252.0,4.061792052325095e+16,4.0619833841554904e+16,4.043216608882561e+16,2918771.941013376,-6240582308.081933,1.0,376.53601542400423,2.347135560189562e-10,2.347135560189562e-10,0.0447436936574257,816311.6274782816,376.53601542400423
2394.0,32354.869280832463,10824970539.337496,373.1908876697463,4.8815619020586166e-05,2.575445941452439,0.21575828375796385,8.483785123906578e+16,0.38169202496961924,0.38169202496961924,195771779711.6616,0.11407818988718464,3786069.0531507367,3785898.22965096,3768644.3390395395,170.8234997766219,17253.890611420138,1.005071178037093,4.511896042531604e-05,4.511896042531604e-05,4.511896042531605e-05,0.004557410042427595,17253.890611420138,-14738885.002932157,-0.0013615635210619426,-0.6016258462895647,0.6419032013466208,0.0,0.0,318174161619229.0,-5.388717745993948,0.004557410042427823,0.004557410042427823,186772857557574.8,1849159352508.4573,3.199350465781823e+16,-6512582061.788527,0.008271186605273297,-0.06423440229617612,0.07644291769794204,0.004557410042427595,8801959285525806.0,4.0982236800901624e+16,4.0984085960254136e+16,4.079546394334404e+16,2955528.1043542023,-6512582061.788527,1.0,376.2235191540829,2.3034173998832794e-10,2.3034173998832794e-10,0.04466434788924656,813116.234685337,376.2235191540829
2395.0,32599.315975626076,10824971448.029842,372.77314785352104,4.8780504487761384e-05,2.5750643849047217,0.212775843907264,8.515602540068501e+16,0.38165274828547335,0.38165274828547335,189259197649.87308,0.11139749843922016,3818959.691148586,3818795.386521964,3801452.973566334,164.30462662241177,17342.412955629814,1.0052228506888061,4.302339901707516e-05,4.302339901707517e-05,4.302339901707517e-05,0.004541330760175849,17342.412955629814,-14646882.662190627,-0.0013530643228492189,-0.6232520912827793,0.6405662274514426,0.0,0.0,240255336436307.0,-5.392260217172684,0.004541330760175932,0.004541330760175932,187731125084635.56,1778592891966.8113,3.2394762023378904e+16,-6746686093.060974,0.008676754401177416,-0.06375968995692406,0.07599561159856247,0.004541330760175849,8755857876504809.0,4.1338351024968344e+16,4.134012961786031e+16,4.115061989988371e+16,2992595.609041979,-6746686093.060974,1.0,375.8931269611456,2.260685963488502e-10,2.260685963488502e-10,0.04455782231457306,808857.3645243549,375.8931269611456
2396.0,32845.23895562679,10824972328.69428,372.3558756439813,4.874570041470728e-05,2.574656058892424,0.20960769959889836,8.539628073712131e+16,0.3816138849581324,0.3816138849581324,182512511556.8121,0.10852715492734676,3851022.661190605,3850865.405361799,3833440.6975710928,157.25582880577875,17424.707790706554,1.005335815567842,4.0834823017416536e-05,4.0834823017416536e-05,4.083482301741652e-05,0.004524881021924332,17424.707790706554,-14555953.993018437,-0.00134466431423887,-0.6402837028963811,0.6392320382427915,0.0,0.0,158439469630887.0,-5.3958972780142025,0.004524881021924498,0.004524881021924498,188621979669982.1,1702289995348.44,3.2798821931554556e+16,-6931053366.367236,0.00904859737398166,-0.06334577940285253,0.07556510518090576,0.004524881021924332,8698067543343018.0,4.168551145456756e+16,4.1687213744562904e+16,4.1496889474897576e+16,3029922.01140442,-6931053366.367236,1.0,375.5398763075957,2.218974229898654e-10,2.218974229898654e-10,0.04442435964046143,803518.686166673,375.5398763075957
2397.0,33092.644347480695,10824973182.195307,371.9390705177008,4.87112038555295e-05,2.5742151694440287,0.20625642998907942,8.55547202067522e+16,0.3815754306373349,0.3815754306373349,175581458190.44485,0.10548373623528999,3882188.47312459,3882038.711181691,3864538.6071098116,149.76194289875883,17500.10407187903,1.0054016763497202,3.857668012141167e-05,3.8576680121411654e-05,3.8576680121411654e-05,0.004507967429967231,17500.10407187903,-14466210.47722141,-0.0013363737936104207,-0.6516100352024624,0.6379006279206444,0.0,0.0,72961867546588.0,-5.399650678866926,0.004507967429967508,0.004507967429967508,189438157263717.38,1621169015592.5293,3.3205092895300304e+16,-7053661156.315995,0.009370480109217077,-0.06298087332285858,0.0751486342880798,0.004507967429967231,8628433888221807.0,4.202296494078584e+16,4.202458610980143e+16,4.183352678352211e+16,3067452.670452372,-7053661156.315995,1.0,375.1588271317063,2.178311124440873e-10,2.178311124440873e-10,0.044264030076493155,797085.9366574393,375.1588271317063
2398.0,33341.538285446935,10824974009.370758,371.5227319518391,4.867701189555027e-05,2.573735922588021,0.2027246142340198,8.562768207429878e+16,0.38153738101860246,0.38153738101860246,168527797034.12885,0.10229076241437848,3912387.2126224227,3912245.284484927,3894677.354083952,141.92813749562774,17567.930400974972,1.0054120404188522,3.6276608061116496e-05,3.6276608061116496e-05,3.627660806111651e-05,0.004490498198220183,17567.930400974972,-14377760.462896964,-0.0013282027698589111,-0.6561074620861426,0.6365719906970592,0.0,0.0,-15942841083443.0,-5.403542164689701,0.0044904981982204495,0.0044904981982204495,190172389988988.47,1536368399588.5696,3.361295576649722e+16,-7102346224.436704,0.009625849616782107,-0.06265106378730098,0.07474283682288035,0.004490498198220183,8546825366346436.0,4.234995352283264e+16,4.235148989123223e+16,4.2159781132843656e+16,3105130.38991131,-7102346224.436704,1.0,374.745065201479,2.1387221597167407e-10,2.1387221597167407e-10,0.04407673663005829,789546.9641726421,374.745065201479
2399.0,33591.92691130491,10824974811.032618,371.1068594241411,4.8643121650925974e-05,2.5732125243528863,0.19901483148993201,8.561173923321534e+16,0.381499731842758,0.381499731842758,161425450809.69214,0.09897878550975042,3941548.223364275,3941414.3466862817,3923786.8311634604,133.8766779935052,17627.51552282103,1.0053585231483368,3.396550553407563e-05,3.396550553407562e-05,3.396550553407562e-05,0.004472383254412531,17627.51552282103,-14290710.046671415,-0.00132016104389514,-0.6526435893453928,0.6352461207961487,0.0,0.0,-108040128734592.0,-5.407593475932303,0.004472383254412793,0.004472383254412793,190817411515624.12,1449211667064.4187,3.402175981661901e+16,-7064850415.245792,0.009797888659787642,-0.06234036276212594,0.0743437515799749,0.004472383254412531,8453133794586942.0,4.266571102272158e+16,4.266716023438864e+16,4.247489361120595e+16,3142895.0561570497,-7064850415.245792,1.0,374.29370611238403,2.1002300243608518e-10,2.1002300243608518e-10,0.04386221816795999,780891.7750064104,374.29370611238403
2400.0,33843.8163742613,10824975587.967836,370.6914524129362,4.8609530268270233e-05,2.572639180767108,0.1951296609130287,8.550369910448075e+16,0.38146247889544893,0.38146247889544893,154360600394.44635,0.0955854554552224,3969599.785817214,3969474.0427085618,3951795.8536678874,125.74310865210683,17678.189040674373,1.0052327528770544,3.167652041431685e-05,3.167652041431685e-05,3.1676520414316864e-05,0.004453534360086582,17678.189040674373,-14205163.922457477,-0.0013122582870530243,-0.6400818837841276,0.6339230124540561,0.0,0.0,-203095003073949.0,-5.411826349489981,0.004453534360086775,0.004453534360086775,191365964804780.62,1361166081514.2437,3.4430818737213276e+16,-6928870766.263646,0.009869573966431221,-0.06203074102545228,0.07394681946565865,0.004453534360086582,8347274907374127.0,4.296945960939218e+16,4.297082077547369e+16,4.27780936445874e+16,3180683.26874416,-6928870766.263646,1.0,373.7998999207804,2.0628551282669848e-10,2.0628551282669848e-10,0.04362005011887815,771112.5849237277,373.7998999207804
2401.0,34097.212830856224,10824976340.939083,370.2765103971378,4.857623492428235e-05,2.5720100978591716,0.19107168165952235,8.53006041014068e+16,0.3814256180066756,0.3814256180066756,147431729628.1827,0.09215556106833528,3996468.7897943854,3996351.1177327293,3978631.8353934092,117.67206165607287,17719.2823393201,1.0050263765809615,2.944400865998681e-05,2.9444008659986805e-05,2.9444008659986805e-05,0.004433865247899657,17719.2823393201,-14121226.209591074,-0.0013045041175920053,-0.6172867312391606,0.6326026599189297,0.0,0.0,-300871443641670.0,-5.4162625196783445,0.004433865247899793,0.004433865247899793,191810812101559.8,1273797283416.514,3.4839406520941684e+16,-6682114261.239535,0.009823739985224431,-0.06170217616791423,0.07354688731579091,0.004433865247899657,8229188966499009.0,4.326040629954226e+16,4.326168009682567e+16,4.3068595487440696e+16,3218427.9599006786,-6682114261.239535,1.0,373.2588364032179,2.026616112634437e-10,2.026616112634437e-10,0.04334964266680719,760203.8754927306,373.2588364032179
2402.0,34352.12244486953,10824977070.685509,369.86203285624265,4.8543232825381024e-05,2.57131948165756,0.1868434728856256,8.499973265776514e+16,0.38138914505032445,0.38138914505032445,140749615366.94318,0.08874104389932518,4022080.397677958,4021970.5847034235,4004220.4549998203,109.81297453459395,17750.129703603066,1.0047310662342375,2.7302530948409567e-05,2.730253094840957e-05,2.7302530948409578e-05,0.004413291775705999,17750.129703603066,-14039001.27367891,-0.0012969081765260375,-0.5831289386991574,0.6312850574508978,0.0,0.0,-401131834300738.0,-5.420923719162314,0.004413291775706152,0.004413291775706152,192144747043196.97,1188722931400.7512,3.5246753179867176e+16,-6312357390.671555,0.009643148630544354,-0.06133271036524196,0.07313821452708724,0.004413291775705999,8098841431475776.0,4.353773935838615e+16,4.3538928081317544e+16,4.334559461134295e+16,3256057.9989879937,-6312357390.671555,1.0,372.6657509299938,1.9915303330347022e-10,1.9915303330347022e-10,0.04305023625087223,748162.4560118264,372.6657509299938
2403.0,34608.55138722625,10824977777.923464,369.44801927033,4.851052120734332e-05,2.5705615381907596,0.182447613747551,8.45986008234644e+16,0.3813530559437058,0.3813530559437058,134437257976.27162,0.08540098250536053,4046357.6948366985,4046255.3787674233,4028485.3091483824,102.31606927531155,17770.06961904065,1.0043385258545636,2.5285967527258065e-05,2.5285967527258065e-05,2.528596752725806e-05,0.004391732096863791,17770.06961904065,-13958594.554131161,-0.0012894802040701106,-0.5364916990158536,0.629970199322044,0.0,0.0,-503636384955016.0,-5.4258316797583825,0.004391732096864054,0.004391732096864054,192360608738267.9,1107569176229.725,3.565204025283095e+16,-5807510719.887018,0.009310565369239122,-0.06089851862561145,0.0727144827232774,0.004391732096863791,7956223697391425.0,4.380062455896065e+16,4.380173212813687e+16,4.3608263950222376e+16,3293497.7774771946,-5807510719.887018,1.0,372.0159309393239,1.9576143236285963e-10,1.9576143236285963e-10,0.042720894141754284,734987.5316711876,372.0159309393239
2404.0,34866.50583590186,10824978463.3472,369.03446912006115,4.8478097334948714e-05,2.5697304734872533,0.1778866834015111,8.409496443850938e+16,0.3813173466470973,0.3813173466470973,128629747256.3846,0.08220154458225207,4069221.323353319,4069125.9943374842,4051347.548097721,95.32901583436927,17778.446239763336,1.0038404992252123,2.3426844661231552e-05,2.342684466123155e-05,2.342684466123155e-05,0.0043691068461638866,17778.446239763336,-13880113.413227675,-0.001282230118075985,-0.4762770402716182,0.628658079816382,0.0,0.0,-608142536146865.0,-5.4310081330176105,0.004369106846164095,0.004369106846164095,192451297657214.12,1031934543339.1316,3.605439604798824e+16,-5155688703.527015,0.008808841968478615,-0.06037398823529785,0.07226880868579383,0.0043691068461638866,7801353907704072.0,4.404820125334953e+16,4.404923318789287e+16,4.385574995569231e+16,3330666.7694597733,-5155688703.527015,1.0,371.304722996205,1.9248842507102826e-10,1.9248842507102826e-10,0.04236049180720203,720680.7786379475,371.304722996205
2405.0,35125.99197582708,10824979127.629562,368.62138188667876,4.844595850162817e-05,2.568820493575527,0.17316326100371848,8.348682190236251e+16,0.3812820131632917,0.3812820131632917,123474058552.85759,0.07921590426083897,4090589.094679536,4090500.0999134122,4072725.4889060734,88.9947661235287,17774.61100733872,1.0032287782849754,2.1755977944418958e-05,2.1755977944418958e-05,2.175597794441896e-05,0.004345339340711659,17774.61100733872,-13803668.022738561,-0.0012751680959371297,-0.401412785805459,0.6273486932298312,0.0,0.0,-714404339945179.0,-5.436474810484055,0.004345339340711796,0.004345339340711796,192409793156176.3,963366485755.4727,3.645289055968208e+16,-4345285027.90773,0.008121006232395315,-0.059731810154413194,0.07179376078873562,0.004345339340711659,7634277850291073.0,4.427957820312933e+16,4.428054156961508e+16,4.408716840997315e+16,3367479.062074134,-4345285027.90773,1.0,370.5275404176414,1.8933563639536173e-10,1.8933563639536173e-10,0.04196770270699712,705246.4268319394,370.5275404176414
2406.0,35387.01599879236,10824979771.42264,368.20875705200615,4.8414102029118255e-05,2.5678258044840647,0.16827992571038572,8.277241756241733e+16,0.38124705153714894,0.38124705153714894,119128773524.94986,0.07652412174765627,4110375.576237999,4110292.125139856,4092534.200737838,83.45109814351679,17757.92440201767,1.002495212175034,2.0302548172470168e-05,2.0302548172470164e-05,2.0302548172470164e-05,0.004320355795006527,17757.92440201767,-13729372.305669367,-0.001268304661585989,-0.31086005533385774,0.6260420338701913,0.0,0.0,-822171810018662.0,-5.442253443513681,0.004320355795006781,0.004320355795006781,192229172434293.75,903356449306.5746,3.684652999061934e+16,-3365053810.7323327,0.00723035908594646,-0.05894308315061935,0.07128137919005063,0.004320355795006527,7455069946223070.0,4.449382910927671e+16,4.449473246572602e+16,4.430159993684242e+16,3403842.8494704617,-3365053810.7323327,1.0,369.6798714432254,1.8630474541268243e-10,1.8630474541268243e-10,0.04154098006770757,688691.3512673762,369.6798714432254
2407.0,35649.58410335169,10824980395.358406,367.7965940984467,4.8382525267119966e-05,2.56674061224135,0.1632392566777254,8.195024575239867e+16,0.38121245785515406,0.38121245785515406,115763719714.21753,0.07421298234899297,4128491.646264681,4128412.8138152077,4110685.0560096265,78.83244947323105,17727.757805580994,1.0016317169299278,1.9094733919240445e-05,1.9094733919240445e-05,1.909473391924045e-05,0.0042940855493562346,17727.757805580994,-13657344.952724224,-0.0012616507793935861,-0.203621342747261,0.6247380960571179,0.0,0.0,-931190232947553.0,-5.448365762529613,0.004294085549356508,0.004294085549356508,191902630699076.22,853359720065.8082,3.723425080050466e+16,-2204197043.315655,0.006120579411725094,-0.05797743150355132,0.0707232000454518,0.0042940855493562346,7263834342292315.0,4.4689987773496056e+16,4.469084113321613e+16,4.449808514279698e+16,3439659.883030381,-2204197043.315655,1.0,368.7572879272894,1.8339753266704228e-10,1.8339753266704228e-10,0.04107853407520867,671025.1729792454,368.7572879272894
2408.0,35913.702494726516,10824981000.049341,367.38489250898306,4.835122559296256e-05,2.565559122875869,0.15804383306195,8.101905551945112e+16,0.3811782282449787,0.3811782282449787,113559522670.90187,0.07237579175695213,4144844.010301938,4144768.735661829,4127085.2402096177,75.27464010901075,17683.49545221103,1.0006302857976028,1.8161030890889243e-05,1.8161030890889243e-05,1.8161030890889243e-05,0.0042664613106302455,17683.49545221103,-13587710.535697117,-0.001255217957023221,-0.07874921221182206,0.623436874122098,0.0,0.0,-1041199431641403.0,-5.454833495584568,0.004266461310630354,0.004266461310630354,191423502284643.34,814846548965.5934,3.761491319054947e+16,-852458725.9618274,0.004775837106667164,-0.056803137167580724,0.0701102840289075,0.0042664613106302455,7060706120303710.0,4.486704281313783e+16,4.486785765968679e+16,4.467561931085318e+16,3474824.869473491,-852458725.9618274,1.0,367.75545452584834,1.8061593014583368e-10,1.8061593014583368e-10,0.04057830378177085,652260.3707361266,367.75545452584834
2409.0,36179.37738470879,10824981586.089043,366.9736517671768,4.832020041127191e-05,2.564275542416105,0.1526962340192722,7.997785608780971e+16,0.38114435887504783,0.38114435887504783,112707063944.94005,0.07111212428966848,4159334.671671639,4159261.748590108,4141637.2121494906,72.92308153138714,17624.536440617198,0.9994830001712299,1.753239094416976e-05,1.753239094416976e-05,1.753239094416976e-05,0.0042374194041987145,17624.536440617198,-13520600.743368601,-0.0012490183596010585,0.06464433855340344,0.6221383624084251,0.0,0.0,-1151932970173961.0,-5.461678366097859,0.004237419404198972,0.004237419404198972,190785282433036.47,789391014778.1357,3.798729391917238e+16,699773774.4854983,0.00318091490068887,-0.05538728734720046,0.06943324946410423,0.0042374194041987145,6845852638607010.0,4.502393184021243e+16,4.502472123122721e+16,4.483314655777939e+16,3509224.807180186,699773774.4854983,1.0,366.67013834843874,1.7796207503576787e-10,1.7796207503576787e-10,0.040037922846486884,632412.4049693048,366.67013834843874
2410.0,36446.61499156369,10824982154.052788,366.56287135716735,4.828944715364363e-05,2.5628840768905423,0.1471990387059045,7.882592311763574e+16,0.3811108459541106,0.3811108459541106,113406837719.42555,0.07052752055952709,4171860.3469300577,4171788.4018937554,4154238.105116816,71.94503630198594,17550.29677693981,0.9981820411131395,1.724531271880374e-05,1.724531271880375e-05,1.724531271880375e-05,0.004206900035719206,17550.29677693981,-13456155.76980302,-0.0012430649379652917,0.2273777901762626,0.6208425552711746,0.0,0.0,-1263117287377761.0,-5.468922089635988,0.00420690003571933,0.00420690003571933,189981649408703.6,778803734041.6777,3.8350078327189784e+16,2461360520.886002,0.0013213395701703026,-0.05369593852000926,0.06868231039570868,0.004206900035719206,6619475024385814.0,4.51595350009843e+16,4.5160313804718344e+16,4.49695533515756e+16,3542738.249488182,2461360520.886002,1.0,365.4972190417441,1.754383685965867e-10,1.754383685965867e-10,0.04224653709348991,611499.8556286335,365.4972190417441
2411.0,36715.42153993242,10824982704.498117,366.1525507636719,4.825896327832071e-05,2.5511454030351652,0.14015380890572984,7.756280583025798e+16,0.38107768573081646,0.38107768573081646,115868198240.31155,0.07073313078636821,4182311.815666328,4182239.2692417977,4165434.985235154,72.54642453016757,16804.28400664367,0.9821483399497783,1.734601046684738e-05,1.734601046684738e-05,1.7346010466847373e-05,0.004018011147815112,16804.28400664367,-13382555.25211093,-0.001236265739856569,2.232284166541012,0.6195494470771791,0.0,0.0,-1436638588251054.0,-5.514955860999838,0.0040180111478153036,0.0040180111478153036,181906083733392.06,785313790812.242,3.877111967710717e+16,24164437494.33145,-0.0008164767107067528,-0.05169429804000341,0.06784731995838542,0.004018011147815112,6319641994774745.0,4.5272667755615304e+16,4.527345306940612e+16,4.509076167188191e+16,3581633.4063052647,24164437494.33145,1.0,355.7504048860989,1.7258400038992097e-10,1.7258400038992097e-10,0.04619439652733348,583801.5789298894,355.7504048860989
2412.0,36985.803260733934,10824983237.96537,365.7426894719841,4.822874626987563e-05,2.520662292737277,0.1304089287678841,7.612616724200693e+16,0.38104487449329466,0.38104487449329466,140032635734.643,0.07184529966911209,4189547.0768679064,4189472.1016670926,4174483.4660689216,74.97520081403091,14988.635598171202,0.9406523593422765,1.7895777142115845e-05,1.789577714211584e-05,1.789577714211584e-05,0.003577690753020377,14988.635598171202,-13292598.59986771,-0.0012279555827160935,7.413912664332966,0.6182590322050043,0.0,0.0,-1719604998090749.0,-5.63124620999888,0.0035776907530205015,0.0035776907530205015,162251729110174.3,811605292074.9722,3.929570182124971e+16,80255480319.14354,-0.015651572013022873,-0.0453429228778848,0.06589019141528693,0.003577690753020377,5893011726109944.0,4.535096527646983e+16,4.53517768817619e+16,4.5188713547359656e+16,3630093.5490996297,80255480319.14354,1.0,331.63647683488267,1.6913546056290299e-10,1.6913546056290299e-10,0.048384207250720346,544389.9169692919,331.63647683488267
2413.0,37257.76639106691,10824983754.978226,365.3332869679739,4.819879363889698e-05,2.474192094752337,0.1183372109964592,7.440656224391618e+16,0.38101240856873914,0.38101240856873914,220288116053.78656,0.0794198020297065,4191524.521239845,4191432.8604799854,4178855.7274375125,91.66075985970295,12577.13304247285,0.8804187469864335,2.1868119677035756e-05,2.1868119677035756e-05,2.186811967703576e-05,0.0030006762510881705,12577.13304247285,-13194050.947594492,-0.0012188518011887798,14.9051628865445,0.6169713050449246,0.0,0.0,-2087548779517343.0,-5.807415381331934,0.003000676251088241,0.003000676251088241,136147260868968.47,992226236450.2446,3.988293791903452e+16,161348146112.1486,-0.05914807814178609,-0.02778272686602496,0.06103085875220218,0.0030006762510881705,5353107444874275.0,4.537219262477776e+16,4.537318485101421e+16,4.523604536390879e+16,3684341.5954959774,161348146112.1486,1.0,297.9834161878262,1.6540965043718152e-10,1.6540965043718152e-10,0.04888416977072363,494514.1319415349,297.9834161878262
2414.0,37531.31717411096,10824984256.044205,364.9243427380868,4.816910292168036e-05,2.414492157835809,0.10431146829554726,7.231901346439883e+16,0.38098028432299735,0.38098028432299735,381636262165.9352,0.10596253169379696,4186406.27125074,4186243.304177477,4176216.3391001415,162.96707326271323,10026.965077335572,0.808501494614875,3.892767751229859e-05,3.892767751229859e-05,3.892767751229859e-05,0.0023952179433358793,10026.965077335572,-13094156.162094785,-0.0012096235756447935,23.775806310411358,0.615686259998898,0.0,0.0,-2516243134364875.0,-6.033082247039343,0.002395217943336081,0.002395217943336081,108541739098062.62,1764116002322.4731,4.049181790851859e+16,257372728984.9594,-0.13424245287997946,0.005748086007776862,0.05199660162446595,0.0023952179433358793,4715658212075009.0,4.5316017859691656e+16,4.531778197569398e+16,4.52074761205936e+16,3740589.0808487507,257372728984.9594,1.0,259.7120844117288,1.6168884938568481e-10,1.6168884938568481e-10,0.04779238187074708,435627.2582513908,259.7120844117288
2415.0,37806.46185902746,10824984741.655176,364.5158562693431,4.8139671679923514e-05,2.3443198307431543,0.08870451336924028,6.980277033003396e+16,0.38094849816016324,0.38094849816016324,639008991150.8945,0.16516961560396679,4172531.7060087984,4172137.054467527,4164466.428528179,394.651541271262,7670.625939348514,0.7313531374025196,9.458323365234838e-05,9.458323365234838e-05,9.458323365234838e-05,0.0018385364237099553,7670.625939348514,-12999533.04179204,-0.00120088234321191,33.15423154372212,0.6144038914805426,0.0,0.0,-2981452241103260.0,-6.297865472572497,0.0018385364237101243,0.0018385364237101243,83034408752392.06,4272096912532.109,4.108146075405262e+16,358894050582.09467,-0.23622697532406714,0.05783396436912846,0.03805242788966273,0.0018385364237099553,3998824791900136.0,4.516331995470515e+16,4.516759205161769e+16,4.508028554595276e+16,3795059.460543049,358894050582.09467,1.0,220.96313893995782,1.5821647494903253e-10,1.5821647494903253e-10,0.04518261936332846,369406.96798513015,220.96313893995782
2416.0,38083.206700860304,10824985212.287836,364.10782704933735,4.8110497500425816e-05,2.2664324622298357,0.07188915892163024,6.68213180889307e+16,0.38091704652217506,0.38091704652217506,997903041732.9893,0.2685717283425714,4148392.379799345,4147354.9606565363,4141668.0129669616,1037.4191428089214,5686.947689574916,0.6542617479803434,0.00025007739090946373,0.00025007739090946373,0.00025007739090946373,0.0013712228018878468,5686.947689574916,-12916329.587237732,-0.0011931960491341766,42.3073693121802,0.6131241939151122,0.0,0.0,-3459089562216106.0,-6.591366377668254,0.0013712228018879502,0.0013712228018879502,61561124642702.94,11230046879850.896,4.161045274789594e+16,457976647175.1509,-0.356559920679666,0.12907172336822714,0.018962481401468112,0.0013712228018878468,3223042246676965.5,4.489505611921561e+16,4.490628616609546e+16,4.4833494994572904e+16,3843926.982982147,457976647175.1509,1.0,184.6853565676899,1.5520528543785362e-10,1.5520528543785362e-10,0.04107662404025625,297741.0299848144,184.6853565676899
2417.0,38361.55796043611,10824985668.404179,363.70025456623745,4.808157799479178e-05,2.1835874010513145,0.054238217656809175,6.33622285267146e+16,0.3808859258884168,0.3808859258884168,1455879688908.1401,0.4238737089603825,4112606.6241783192,4110044.8315455127,4105917.8672257,2561.792632806437,4126.964319812427,0.5811354550184816,0.0006229121496195303,0.0006229121496195303,0.0006229121496195303,0.0010041166189081571,4126.964319812427,-12850511.728149917,-0.0011871158190682705,50.677232439273844,0.6118471617394711,0.0,0.0,-3925523799403776.5,-6.903144841678735,0.0010041166189084239,0.0010041166189084239,44674329615984.92,27731368535553.086,4.2035803015095176e+16,548580314869.5267,-0.485519725871682,0.21843058488832884,-0.005093229323246198,0.0010041166189081571,2410699053267684.0,4.449117639797884e+16,4.451890776651439e+16,4.4446502068362856e+16,3883220.200262131,548580314869.5267,1.0,152.61154921417474,1.5285192190886567e-10,1.5285192190886567e-10,0.035450025027231824,222697.66696356924,152.61154921417474
2418.0,38641.521904263944,10824986110.451954,363.2931383087847,4.805291079913871e-05,2.0985419959630534,0.036124502278869104,5.9436704727310824e+16,0.38085513277532423,0.38085513277532423,2004460003777.6667,0.634469330254284,4063894.5986396032,4058222.8425740236,4055262.1270376192,5671.756065579788,2960.7155364044343,0.5145504951643074,0.0013956454646925193,0.0013956454646925193,0.0013956454646925193,0.0007295596252980851,2960.7155364044343,-12808148.438391494,-0.0011832022976939174,57.88207566682551,0.6105727894020713,0.0,0.0,-4357871429066836.0,-7.222704568120336,0.0007295596252981928,0.0007295596252981928,32049704558577.31,61396680631772.83,4.231235715575982e+16,626572665137.5151,-0.6139235864629089,0.3236824423764,-0.03362185346530966,0.0007295596252980851,1585799043664246.8,4.393020590398266e+16,4.3991602584614424e+16,4.389815619942407e+16,3908767.8010880374,626572665137.5151,1.0,125.47060611627992,1.5135227801451612e-10,1.5135227801451612e-10,0.028258154983375583,146494.32594958204,125.47060611627992
2419.0,38923.10480443489,10824986538.865088,362.8864777662922,4.802449357380833e-05,2.014053595720514,0.017920825491902048,5.507883329824398e+16,0.38082466373599505,0.38082466373599505,2631032668915.1816,0.8997119811903902,4001056.5148194972,3989827.6582296267,3987706.9697499867,11228.856589870156,2120.6884796401423,0.45596001204060527,0.0028064728774211613,0.002806472877421161,0.002806472877421161,0.0005315238304255824,2120.6884796401423,-12795621.436142648,-0.001182045020582923,63.69431850647807,0.6093010713629274,0.0,0.0,-4734297309028054.0,-7.539496704223334,0.0005315238304256509,0.0005315238304256509,22956424245230.81,121552221432190.97,4.239328824768575e+16,689490140434.8105,-0.7340870625966063,0.44182263906710856,-0.06592031428846062,0.0005315238304255824,773586020796344.5,4.318983069272733e+16,4.331138291415952e+16,4.31668742684821e+16,3916243.9690322555,689490140434.8105,1.0,103.28888653758801,1.509155908810096e-10,1.509155908810096e-10,0.0194625489376421,71463.00071773103,103.28888653758801
2420.0,39206.31293852121,10824986954.064135,362.4802724286451,4.799632400308242e-05,1.9328795490791582,2.7755575615628914e-17,5.034453598921593e+16,0.3807945153598028,0.3807945153598028,3320522809349.992,1.2156028395957352,3922956.4806566467,3902858.5777518875,3901326.955944916,20097.90290475896,1531.6218069719346,0.4059728434018097,0.005123152144016356,0.005123152144016356,0.005123152144016357,0.00039243589703785134,1531.6218069719346,-12819767.490313077,-0.0011842755603044882,68.00716271034372,0.608032002093593,0.0,0.0,-5034453598921592.0,-7.842941103688044,0.0003924358970379682,0.0003924358970379682,16579786079031.328,217559536748063.44,4.2231813401642456e+16,736176649122.3877,-0.8402051594144366,0.5694304623567147,-0.10116441849677446,0.00039243589703785134,1.1721682902544177,4.224839318772149e+16,4.246595272446955e+16,4.2231813401642456e+16,3901326.955944916,736176649122.3877,1.0,85.68001800336013,1.5177849709559137e-10,1.5177849709559137e-10,0.0194625489376421,1.0828357532702048e-10,85.68001800336013
