"t, Time, (yr)","A, Total factor productivity, ($)","L, Population, (persons)","theta1, Marginal abatement cost at mu=1, ($/tCO2)","sigma, Carbon intensity of GDP, (tCO2/$)","f, Control: log10(marginal_abatement_cost), (log10($/tCO2))","s, Savings rate, (dimensionless)","K, Capital stock, ($)","gini, Background Gini index, (dimensionless)","Gini, Gini index, (dimensionless)","Ecum, Cumulative CO2 emissions, (tCO2)","delta_T, Global mean temperature change, (°C)","y_gross, Per-capita gross income, ($/person/yr)","y_damaged, Per-capita income after climate damage, ($/person/yr)","y_net, Per-capita net income after abatement, ($/person/yr)","climate_damage, Per-capita climate damage, ($/person/yr)","tax_amount, Per-capita tax amount, ($/person/yr)","mu, Abatement fraction, (dimensionless)","Omega, Climate damage as fraction of gross output, (dimensionless)","Omega_base, Base damage from temperature before income adjustment, (dimensionless)","Omega_calc, Climate damage from previous timestep (lagged), (dimensionless)","lambda_abate, Abatement cost as fraction of damaged output, (dimensionless)","abateCost_amount, Abatement expenditure per capita, ($/person/yr)","U, Mean utility per capita, (dimensionless)","aggregate_utility, Aggregate utility from integration, (dimensionless)","e, CO2 emissions, (tCO2/yr)","emission_ratio, Ratio of CO2e to industrial CO2, (dimensionless)","E_extra, Extra emission pulse, (tCO2/yr)","consumption_extra, Extra consumption pulse, ($/person/yr)","dK_dt, Net capital accumulation, ($/yr)","log_deltaU_norm, Log normalized utility-loss (log deltaU), (dimensionless)","max_average_tax_rate, Maximum average tax rate across income bins, (dimensionless)","max_marginal_tax_rate, Maximum marginal tax rate across income bins, (dimensionless)",AbateCost,Climate_damage,Consumption,E,H1,H2,H3,Lambda,Savings,Y_damaged,Y_gross,Y_net,consumption,dEcum_dt,mac_over_wmac,marginal_abatement_cost,mu_dollar_cost,mu_dollar_numeraire,r_consumption,savings,welfare_adjusted_mac
2020.0,739.6190000000007,7752000000.0,6035.6,0.0002913549999999999,1.8556005819707901,0.47872087268885843,295000000000000.0,0.57313,0.57313,2327128215854.4233,1.1696599999999997,17503.727145280773,17420.70314539412,17407.054202142695,83.02399988665066,13.6489432514227,0.06263254838313831,0.004743218355585197,0.004743218355585198,0.004743218355585198,0.0007834898016175289,13.6489432514227,-236084900.3362,-0.030454708505701755,7.40596373139643,1.4,0.0,0.0,35098347624445.273,-7.641301323896793,0.001859135206037199,0.002787406263264902,105806608085.02878,643602047121.3159,70341136550564.9,57411030845.785126,-0.07022,0.21036,-0.08308,0.0007834898016175289,64598347624445.27,135045290783095.22,135688892830216.55,134939484175010.17,9073.934023550684,57411030845.785126,1.0,71.71344436439563,1.678141475405419e-06,1.678141475405419e-06,1.051199047313252,8333.120178592011,71.71344436439563
2021.0,749.4392757472212,7832251487.344443,4937.569188788617,0.0002869469393703804,1.9683213013560108,0.20725493525502936,330098347624445.25,0.5710759862923859,0.5710759862923859,2384539246700.2085,1.195964938405231,18287.884378192437,18197.19546349434,18173.10069288001,90.68891469810019,24.09477061433209,0.08351318882769146,0.004958961508212677,0.004958961508212676,0.0049589615082126755,0.0013240925318777261,24.09477061433209,-189053545.33285776,-0.024137828776097832,7.395133107245588,1.3970840409436769,0.0,0.0,-3509935171981.992,-7.115605310459194,0.0031421446157142707,0.00470951258007446,188716302981.3257,710298387029.8485,112836395341007.25,57920542278.33439,-0.07499731260994175,0.21613024345749857,-0.08521620628969558,0.0013240925318777261,29499899590462.53,142525011234451.1,143235309621480.94,142336294931469.78,14406.635885394033,57920542278.33439,1.0,92.96539124337176,8.377419578478465e-07,8.377419578478465e-07,0.027167497439589683,3766.4648074859756,92.96539124337176
2022.0,759.3749267602893,7910820339.096546,4059.769804874857,0.0002826406030102666,1.9685661256052638,0.21150924013365144,326588412452463.25,0.5690435894947019,0.5690435894947019,2442459788978.543,1.2242622305105564,18415.77619786468,18320.080420909933,18293.15338936455,95.69577695474992,26.927031545382597,0.09441488050301064,0.005196402037392585,0.005196402037392585,0.005196402037392586,0.0014698096802374828,26.927031545382597,-190197102.5966358,-0.02404265227168049,7.219124493973228,1.3941741553282239,0.0,0.0,-2050524816336.2734,-7.008619174240131,0.0034905167394314596,0.005231203557531816,213014908820.70694,757032098699.2822,114105533469887.94,57109196877.39348,-0.077963330753464,0.22184251232440608,-0.08735697617102722,0.0014698096802374828,30608316428910.055,144926864807618.72,145683896906317.97,144713849898798.0,14423.982416331723,57109196877.39348,1.0,93.01781327394215,8.334427337871594e-07,8.334427337871594e-07,0.030157027939574643,3869.170973032826,93.01781327394215
2023.0,769.427109958828,7987717781.36314,3358.004875731523,0.00027843312404643265,1.969951722719519,0.2152853286720923,324537887636127.0,0.567032582105645,0.567032582105645,2499568985855.9365,1.2537452921690901,18570.358678329678,18469.15582338313,18439.003934219916,101.20285494654813,30.151889163214822,0.10651701814075479,0.0054496984522245575,0.0054496984522245575,0.0054496984522245575,0.0016325537264156168,30.151889163214822,-191115230.40484142,-0.02392613705641297,7.046986474955546,1.391270330503709,0.0,0.0,-745368657336.2461,-6.9010478844806675,0.0038797298021353566,0.005813946434201522,240844781210.7016,808379843981.2571,115577139489716.86,56289339171.02797,-0.07909548825625035,0.2272302943303937,-0.08943344604277627,0.0016325537264156168,31708420106276.457,147526404377204.03,148334784221185.28,147285559595993.3,14469.356911855379,56289339171.02797,1.0,93.31505636384573,8.268035847963507e-07,8.268035847963507e-07,0.03347109072551202,3969.6470223645374,93.31505636384573
2024.0,779.596991501509,8062956561.399988,2796.9470921655156,0.00027432172967518736,1.972954528815636,0.21833817497446142,323792518978790.75,0.565042739018188,0.565042739018188,2555858325026.9644,1.283604215813993,18750.0271790818,18642.92014019066,18609.05448637992,107.10703889114092,33.86565381074111,0.11992753948789936,0.005712367127159866,0.005712367127159866,0.005712367127159866,0.0018165423418691298,33.86565381074111,-191788591.53975186,-0.023786385314030663,6.876663785672916,1.388372553846548,0.0,0.0,381080785288.02344,-6.791709970683467,0.004319867285802692,0.006472797912128181,273057295599.41553,863599401999.4484,117283665289239.75,55446241391.233116,-0.07920675334170318,0.23230093803301047,-0.09144583407270623,0.0018165423418691298,32760332683167.1,150317055268006.28,151180654670005.72,150043997972406.84,14545.987491823415,55446241391.233116,1.0,93.96249254899838,8.176447494803491e-07,8.176447494803491e-07,0.03578895859602138,4063.066994556505,93.96249254899838
2025.0,789.885746834912,8136550834.027715,2348.3588011236193,0.00027030373767847766,1.9769711345007468,0.22106143803581668,324173599764078.75,0.5630738374943813,0.5630738374943813,2611304566418.1973,1.3133916608609195,18952.454718623976,18839.10829584267,18801.07212217782,113.34642278130532,38.036173664850814,0.13454859781304465,0.0059805668692574886,0.005980566869257489,0.005980566869257489,0.002019000743960077,38.036173664850814,-192277954.69236687,-0.023631383692491036,6.707528780874444,1.3854808127594485,0.0,0.0,1399707832575.6484,-6.683504583540239,0.004804397351277356,0.007197933245668864,309483260555.9649,922248930815.2877,119158811247337.62,54576148896.28886,-0.07873806017558257,0.23705859669884308,-0.09339358886688133,0.002019000743960077,33817067808983.527,153285362316877.12,154207611247692.4,152975879056321.16,14644.880082234085,54576148896.28886,1.0,94.83554285081252,8.06832089240254e-07,8.06832089240254e-07,0.03820431583918338,4156.192039943732,94.83554285081252
2026.0,800.2945607424174,8208516052.191165,1989.6692190028818,0.0002663765530827186,1.981848751941651,0.22333316060070973,325573307596654.4,0.5611256571404205,0.5611256571404205,2665880715314.4863,1.3428569226477163,19176.312885980446,19056.424135588295,19013.761217058982,119.88875039215048,42.662918529312876,0.15028561717090747,0.006251918765874935,0.006251918765874936,0.006251918765874935,0.0022387683138117673,42.662918529312876,-192577323.62663037,-0.023460674548504312,6.539291664586509,1.3825950946713572,0.0,0.0,2299339610813.797,-6.577654663935724,0.005330603641426235,0.007985240225540813,350199251581.1886,984108732071.107,121218093792279.23,53677880598.71824,-0.07793122348258318,0.24150654522691997,-0.09527596908847676,0.0022387683138117673,34856670370479.234,156424963414339.66,157409072146410.78,156074764162758.47,14767.357829546003,53677880598.71824,1.0,95.9066567363618,7.943610464976999e-07,7.943610464976999e-07,0.040215186492461585,4246.40338751298,95.9066567363618
2027.0,810.8246273931094,8278868861.719479,1702.8371767166157,0.0002625376649539717,1.987699281173356,0.22526614090226355,327872647207468.2,0.5591979798819762,0.5591979798819762,2719558595913.2046,1.3718571021084656,19419.908811483656,19293.196509783138,19245.42384910326,126.71230170051759,47.77266067987777,0.16704321833144312,0.0065248659471350496,0.0065248659471350496,0.006524865947135049,0.0024761402630016933,47.77266067987777,-192712225.3622367,-0.023277603327347712,6.3715796472386,1.379715387037404,0.0,0.0,3104466152621.5,-6.474362281318827,0.005899219360383734,0.008835765885115254,395503592944.13055,1049034528945.2191,123438609361566.08,52749472341.48923,-0.07691941025308005,0.24564772714994454,-0.09709217949450187,0.0024761402630016933,35891730873368.33,159725843827878.53,160774878356823.78,159330340234934.4,14910.08148858738,52749472341.48923,1.0,97.20738968911279,7.806185894055061e-07,7.806185894055061e-07,0.04205362267288937,4335.342360515878,97.20738968911279
2028.0,821.477150390716,8347627000.319342,1473.4420946140226,0.00025878464332340217,1.9942313968680985,0.22687252265479482,330977113360089.7,0.5572905899397829,0.5572905899397829,2772308068254.694,1.4003086326786174,19681.852217839427,19548.048758871857,19494.736924725825,133.8034589675704,53.311834146031636,0.18458076959497693,0.006798316412837016,0.006798316412837016,0.006798316412837016,0.00272722023582206,53.311834146031636,-192694519.2655447,-0.023083748142816288,6.205261275393969,1.3768416773388468,0.0,0.0,3822341520644.7188,-6.375275822383054,0.006501002195179573,0.00973563744268846,445027306153.9603,1116941366813.8118,125814739460310.06,51799206566.51473,-0.07577512900153494,0.2494846049401635,-0.0988413306925807,0.00272722023582206,36920052856653.69,163179819623117.72,164296760989931.53,162734792316963.75,15071.916780121699,51799206566.51473,1.0,98.68051261906606,7.658061794036704e-07,7.658061794036704e-07,0.04361086983493356,4422.820144604125,98.68051261906606
2029.0,832.2533428225427,8414809200.811381,1289.9573849759238,0.0002551151362372384,2.0013357853986777,0.22822002115944276,334799454880734.4,0.5554032738054854,0.5554032738054854,2824107274821.2085,1.428160225189405,19960.78831391783,19819.636846364396,19760.403141986782,141.1514675534349,59.23370437761469,0.2026400406405712,0.007071437527094852,0.007071437527094851,0.007071437527094851,0.0029886372205896496,59.23370437761469,-192543038.90126675,-0.02288145034621833,6.041372513821894,1.3739739530830188,0.0,0.0,4468484690169.383,-6.281251910589629,0.007127941482591216,0.010672836697423693,498440320594.8935,1187762667876.6733,128331591992689.67,50836997014.83746,-0.07454374247023285,0.2530212535251894,-0.1005229739575714,0.0029886372205896496,37948430178242.83,166778462491527.38,167966225159404.06,166280022170932.5,15250.68351880344,50836997014.83746,1.0,100.30804945481592,7.501975349869373e-07,7.501975349869373e-07,0.04490004964263883,4509.719623183342,100.30804945481592
2030.0,843.1544273084459,8480435098.599607,1143.169671633005,0.00025152686692572995,2.0090542320201017,0.22937802581957206,339267939570903.75,0.5535358202177394,0.5535358202177394,2874944271836.046,1.4553807140581554,20255.57288252702,20106.824722087596,20041.313357134673,148.74816043942505,65.51136495292468,0.22097325408630203,0.007343567190229361,0.007343567190229362,0.007343567190229364,0.003258165615824941,65.51136495292468,-192275904.47382477,-0.022672882020590632,5.880962650928125,1.3711122018032729,0.0,0.0,5058079057243.414,-6.192432774503468,0.007774738959906102,0.011639411519411613,555564878703.9507,1261449120642.6257,130974184201544.2,49873122078.48426,-0.0732566069570311,0.25626364633807724,-0.10213718168770433,0.003258165615824941,38984873014333.79,170514622094581.94,171776071215224.56,169959057215878.0,15444.276464443701,49873122078.48426,1.0,102.10669803028182,7.34041986643521e-07,7.34041986643521e-07,0.046194642796083096,4597.036892690971,102.10669803028182
2031.0,854.1816360498018,8544525143.345851,1025.7145634169328,0.00024801763108586787,2.0171213592669446,0.23029448492494062,344326018628147.2,0.5516880201385631,0.5516880201385631,2924817393914.5303,1.481952759458933,20565.288339888953,20408.700741186316,20336.664408303386,156.5875987026388,72.03633288292862,0.23922649285645176,0.0076141698630559675,0.007614169863055969,0.007614169863055968,0.003529687352294495,72.03633288292862,-191894771.09303308,-0.022458213636655205,5.725978224522002,1.3682564110589277,0.0,0.0,5585012225236.898,-6.1099380436206205,0.008426821679025753,0.012613565753513245,615516257552.6151,1337966674250.8472,133749526280483.34,48925764909.679085,-0.07193755176758775,0.25921967623642694,-0.10368456104044341,0.003529687352294495,40017614088051.62,174382656626087.6,175720623300338.4,173767140368534.97,15653.242753301785,48925764909.679085,1.0,104.02108017664847,7.173861032148034e-07,7.173861032148034e-07,0.0472103596340292,4683.421655001601,104.02108017664847
2032.0,865.3362108784883,8607100514.805265,931.7055908540553,0.00024458529427287534,2.025560199106364,0.2310509014783249,349911030853384.06,0.5498596667299385,0.5498596667299385,2973743158824.2095,1.5078694403701876,20888.877607918093,20724.214455316225,20645.454122533487,164.6631526018707,78.76033278274025,0.25714372804365127,0.00788281475398438,0.007882814753984382,0.00788281475398438,0.003800401359122997,78.76033278274025,-191418610.5391485,-0.02223961602515099,5.577628054199217,1.365406568435214,0.0,0.0,6066064204334.609,-6.0336157257852205,0.009077498906730375,0.013585301080651035,677898100840.5576,1417272305529.0193,136640331516773.45,48007205296.69038,-0.07061121007445159,0.26190070647850644,-0.10516666026772191,0.003800401359122997,41057167289673.02,178375396907287.0,179792669212816.0,177697498806446.47,15875.303336092726,48007205296.69038,1.0,106.0620944633736,7.004669345481378e-07,7.004669345481378e-07,0.048031376723265407,4770.150786440761,106.0620944633736
2033.0,876.6194033058837,8668183042.76501,856.4376096488695,0.00024122778939571657,2.0343785370035294,0.2316991636238802,355977095057718.7,0.5480505553306578,0.5480505553306578,3021750364120.9,1.533134525893656,21225.56568662718,21052.59454844946,20966.9539656639,172.97113817771776,85.64058278556051,0.2745059446926412,0.008149188612047002,0.008149188612047002,0.008149188612047,0.004067934837602618,85.64058278556051,-190861169.00981486,-0.022018590063014314,5.43696489897303,1.3625626615432198,0.0,0.0,6512546467348.703,-5.963188807166624,0.009721093561592897,0.014546145344550232,742348247474.3087,1499345486839.8567,139635138850481.84,47128606941.3866,-0.06929894699212447,0.2643202752662239,-0.1065856514666459,0.004067934837602618,42110255973120.56,182487743071076.72,183987088557916.6,181745394823602.4,16108.928268079175,47128606941.3866,1.0,108.23769548115423,6.83448111881559e-07,6.83448111881559e-07,0.048840315312798976,4858.025697584724,108.23769548115423
2034.0,888.0324745718599,8727795131.016027,796.1497265995536,0.00023794311431209384,2.0434299359506203,0.23221167058304304,362489641525067.4,0.546260483433415,0.546260483433415,3068878971062.2866,1.5577609625327997,21574.769525715023,21393.25907335451,21300.66430919623,181.51045236051297,92.59476415828156,0.2910864509507282,0.008413088823227994,0.008413088823227994,0.008413088823227994,0.004328221513177913,92.59476415828156,-190225153.75364664,-0.021795327559608058,5.305192264385081,1.359724678019838,0.0,0.0,6921004612048.859,-5.898799876560998,0.010347889394648035,0.015481610013762026,808148131778.2272,1584186042340.6018,142737865480654.12,46302631214.204,-0.06801961586217253,0.2664938083420045,-0.10794426601191176,0.004328221513177913,43169968764555.61,186715982376987.97,188300168419328.53,185907834245209.72,16354.401465429171,46302631214.204,1.0,110.5172159304395,6.663643082189832e-07,6.663643082189832e-07,0.04958353388712178,4946.262843767056,110.5172159304395
2035.0,899.5766956937855,8785959685.277266,747.8358026942864,0.00023472932951861789,2.0526131112295247,0.23258537271670715,369410646137116.25,0.544489250662137,0.544489250662137,3115181602276.4907,1.5817697063227039,21935.839332031825,21745.55869105661,21646.00126850224,190.28064097521548,99.55742255436911,0.30672860981526673,0.00867441806511402,0.008674418065114018,0.008674418065114018,0.004578287638814013,99.55742255436911,-189516492.94542205,-0.021570380440397083,5.183019863720264,1.356892605527711,0.0,0.0,7292229615428.1875,-5.840296994814367,0.010950765344695634,0.01638109587954628,874707500932.8005,1671798040496.9604,145947600263381.44,45537803570.637505,-0.0667916211135898,0.26843887021717305,-0.10924586682926964,0.004578287638814013,44233294229139.81,191055601993454.03,192727400033951.0,190180894492521.25,16611.457995641333,45537803570.637505,1.0,112.87898905764432,6.49281933800562e-07,6.49281933800562e-07,0.05005683974849218,5034.543272860909,112.87898905764432
2036.0,911.2533475155293,8842700044.982775,709.0929853682185,0.00023158455593203574,2.062030201409915,0.23291555488382906,376702875752544.44,0.5427366587495546,0.5427366587495546,3160719405847.1284,1.605189469185181,22308.13938470373,22108.85659469387,22002.30632671325,199.28279000986063,106.55026798061871,0.3214248002204603,0.008933187415285072,0.00893318741528507,0.008933187415285072,0.0048193477362457,106.55026798061871,-188753113.29450896,-0.021345642432099105,5.070097294567636,1.354066431755178,0.0,0.0,7645715069016.172,-5.7866805606891765,0.011532577505525166,0.01724889484752412,942192059465.1438,1762197936184.4875,149243792500681.4,44833349574.74028,-0.06563051709027054,0.2701742647555181,-0.11049422641557903,0.0048193477362457,45316002644270.62,195501987204417.2,197264185140601.7,194559795144952.03,16877.62693990285,44833349574.74028,1.0,115.35334732679942,6.323847594859962e-07,6.323847594859962e-07,0.05050361466642661,5124.6793868104,115.35334732679942
2037.0,923.0637207564556,8898039918.834373,678.0006380440997,0.0002285069727575973,2.0716243511244974,0.23319366541247427,384348590821560.6,0.541002511515008,0.541002511515008,3205552755421.8687,1.6280554166844716,22691.38294859592,22482.860328129453,22369.304629557282,208.52262046646788,113.55569857217175,0.335155542182549,0.009189506912771511,0.009189506912771513,0.009189506912771515,0.005050767425268235,113.55569857217175,-187938259.05007544,-0.021121309947404125,4.966284300783997,1.3512461444162212,0.0,0.0,7980699629102.922,-5.737508156381454,0.01209177785233495,0.01808272661804844,1010423138906.3077,1855442600890.5808,152627406839108.28,44190195956.656456,-0.06454443021094794,0.27171811262812695,-0.11169303809990294,0.005050767425268235,46415558711258.984,200053388689273.56,201908831290164.12,199042965550367.25,17152.92449026259,44190195956.656456,1.0,117.93001427906569,6.156962374690659e-07,6.156962374690659e-07,0.05095919775269908,5216.3801392946925,117.93001427906569
2038.0,935.0091160604229,8952003324.016354,653.0235666817786,0.00022549481544081854,2.081310268610645,0.2333946490718985,392329290450663.56,0.5392866148424884,0.5392866148424884,3249742951378.525,1.650405871764578,23085.271925404326,22867.264966685878,22746.713539452434,218.00695871844727,120.55142723344542,0.347927201369788,0.009443551690571175,0.009443551690571175,0.009443551690571173,0.005271790369730289,120.55142723344542,-187073059.96935648,-0.02089734031571219,4.871280476942541,1.3484317312504124,0.0,0.0,8292909479967.281,-5.692440178007714,0.012626527135845889,0.01887987834412619,1079176777308.719,1951599019106.2358,156102816690592.3,43607719021.805595,-0.06353844356097002,0.2730882157603876,-0.11284600548891234,0.005271790369730289,47525838525033.63,204707831992934.7,206659431012040.94,203628655215625.97,17437.75231537293,43607719021.805595,1.0,120.58971495968011,5.99217671185589e-07,5.99217671185589e-07,0.05141839247482305,5308.961224079503,120.58971495968011
2039.0,947.0908440447746,9004614528.963562,632.934667294611,0.00022254637369907782,2.0910043878379487,0.2334944965527497,400622199930630.9,0.5375887766589076,0.5375887766589076,3293350670400.3306,1.6722809657462696,23489.436786423266,23261.69383819955,23134.17585162249,227.74294822371672,127.5179865770593,0.3597728944026585,0.009695547419653354,0.009695547419653356,0.009695547419653356,0.0054818874095769275,127.5179865770593,-186158951.6946414,-0.02067372801976771,4.78460427556031,1.3456231800228604,0.0,0.0,8578031013436.336,-5.651155637539654,0.013135527173308348,0.019638445127852844,1148250314635.9688,2050737460444.276,159674084982618.47,43083517175.05155,-0.06261497969986243,0.27430175151173336,-0.11395676158399953,0.0054818874095769275,48640251006499.43,209462586303753.84,211513323764198.1,208314335989117.88,17732.47310798512,43083517175.05155,1.0,123.31172918065343,5.829534365749037e-07,5.829534365749037e-07,0.05171723892435853,5401.702743637373,123.31172918065343
2040.0,959.3102253493188,9055897999.570053,616.7530969386451,0.00021965998962964294,2.1007505207324186,0.23354565143629938,409200230944067.2,0.5359088069125989,0.5359088069125989,3336434187575.3823,1.6937214678661774,23903.438473294027,23665.700692623985,23531.20158592289,237.73778067004383,134.49910670109398,0.37080833586812223,0.0099457565879342,0.0099457565879342,0.009945756587934198,0.005683292814694222,134.49910670109398,-185206857.7844026,-0.02045151765105964,4.705174110690289,1.3428204785241562,0.0,0.0,8847658731193.633,-5.612899873480762,0.013624072953632993,0.02036634480364019,1218010191318.396,2152929092392.074,163328479543838.4,42609576816.629,-0.06177386956661893,0.27537492923220636,-0.11502877687920046,0.005683292814694222,49767681825600.34,214314171560757.16,216467100653149.22,213096161369438.75,18035.591782459647,42609576816.629,1.0,126.11028893980026,5.669957476741793e-07,5.669957476741793e-07,0.051897462071166967,5495.609803463242,126.11028893980026
2041.0,971.6685906852944,9105878348.722523,603.6948528485327,0.00021683405589088595,2.110575893119673,0.23358819782213255,418047889675260.8,0.5342465175520426,0.5342465175520426,3379043764392.011,1.7147676542245744,24327.048544083944,24079.047317384782,23937.50653142427,248.0012266991637,141.5407859605137,0.3811527105219422,0.010194464250348804,0.010194464250348804,0.010194464250348804,0.00587817217578716,141.5407859605137,-184225056.66079083,-0.020231442767587163,4.631946539539895,1.3400236145703215,0.0,0.0,9110902931490.773,-5.577038769609508,0.014097301992888833,0.021071251735023333,1288853178339.0105,2258269000656.541,167056330547883.4,42177941706.83654,-0.0610099789859658,0.27632187810270353,-0.116065068647984,0.00587817217578716,50915691899016.85,219260875625239.22,221519144625895.75,217972022446900.25,18345.987520393348,42177941706.83654,1.0,128.9958959003951,5.514049989965748e-07,5.514049989965748e-07,0.052058097165896156,5591.519011030923,128.9958959003951
2042.0,984.1672808843301,9154580289.040443,593.1332695929102,0.0002140670139535893,2.12044058830885,0.23362108944246016,427158792606751.56,0.5326017225048162,0.5326017225048162,3421221706098.8477,1.735457145728431,24760.202733166436,24501.657922187154,24352.99928627367,258.544810979283,148.65863591348491,0.3908905665812969,0.010441950486655778,0.010441950486655778,0.010441950486655778,0.006067288849823874,148.65863591348491,-183215973.19604495,-0.02001358526675275,4.564182894236875,1.337232576002755,0.0,0.0,9367953871456.07,-5.543254265726522,0.014557010659887792,0.02175585717452444,1360907418129.2288,2366869230424.6313,170857654113005.7,41783178759.15646,-0.060315460327613375,0.2771547169656192,-0.1170682085954339,0.006067288849823874,52083833132131.22,224302394663266.16,226669263893690.78,222941487245136.9,18663.62506182296,41783178759.15646,1.0,131.9594778167202,5.361843251637371e-07,5.361843251637371e-07,0.05220079151776158,5689.374224450709,131.9594778167202
2043.0,996.807646947382,9202028588.703463,584.5674438528433,0.00021135735241938956,2.1303046896090874,0.23364328002949303,436526746478207.6,0.5309742376567661,0.5309742376567661,3463004884858.004,1.755823748916379,25202.84364322399,24933.463720141084,24777.5981982071,269.37992308290717,155.86552193398586,0.4001002203814061,0.010688473368176148,0.010688473368176148,0.010688473368176148,0.006251258296218136,155.86552193398586,-182181891.00831854,-0.01979801401964427,4.501203297205571,1.3344473506881798,0.0,0.0,9618966785617.242,-5.511291626964567,0.015004645000688654,0.022422327906177264,1434278988829.7246,2478841753431.6514,174732525545871.12,41420201424.45195,-0.05968255039290889,0.2778841227581862,-0.11804045889951004,0.006251258296218136,53271641433438.01,229438445968138.84,231917287721570.5,228004166979309.12,18988.478883925138,41420201424.45195,1.0,134.99096116036137,5.213350837390886e-07,5.213350837390886e-07,0.052327180709186516,5789.119314281963,134.99096116036137
2044.0,1009.5910500936434,9248248030.24593,577.5969958693671,0.0002087036054035407,2.1401282803295216,0.23365372331544196,446145713263824.9,0.5293638808313977,0.5293638808313977,3504425086282.456,1.7758975307825078,25654.9202344098,25374.402503580837,25211.232346985184,280.51773082896324,163.17015659565254,0.4088505596834474,0.01093426634212323,0.010934266342123227,0.010934266342123227,0.006430502415677609,163.17015659565254,-181124955.05149585,-0.019584785622004924,4.4424084251143645,1.3316679265185902,0.0,0.0,9864067690357.977,-5.480956217235465,0.015441191118252817,0.023072143837848058,1509038079330.6636,2594297551588.017,178681090876337.72,41084494967.11185,-0.059103750710973554,0.2785194411925755,-0.11898379345073665,0.006430502415677609,54478639016740.47,234668767972408.88,237263065523996.88,233159729893078.2,19320.534039741386,41084494967.11185,1.0,138.07920577256155,5.068570350951265e-07,5.068570350951265e-07,0.05245014766701095,5890.698307243796,138.07920577256155
2045.0,1022.518861809461,9293263372.198286,571.901895886534,0.00020610435097930403,2.1499007186658345,0.23364533509966812,456009780954182.9,0.5277704717694842,0.5277704717694842,3545509581249.568,1.7957049711762032,26116.387375936323,25824.41826106259,25653.82348225297,291.9691148737347,170.5947788096197,0.41721699332023665,0.011179536842938521,0.011179536842938523,0.011179536842938525,0.006605948567168238,170.5947788096197,-180046498.1042236,-0.01937387233023552,4.387157794673788,1.3288942914111996,0.0,0.0,10101877769025.516,-5.45199798209403,0.015868844518468705,0.02370858293866518,1585382209399.707,2713345881069.233,182704882260018.0,40771012841.29613,-0.0585720690801046,0.2790688400711069,-0.11989993061021759,0.006605948567168238,55702855864443.805,239993120333861.53,242706466214930.75,238407738124461.8,19659.92729815424,40771012841.29613,1.0,141.22146701918805,4.927431477802175e-07,4.927431477802175e-07,0.05258403267063594,5993.89618409873,141.22146701918805
2046.0,1035.5924638971946,9337099313.455645,567.2263391220289,0.00020355820968139714,2.1596831801207457,0.23360262048020028,466111658723208.4,0.5261938321088875,0.5261938321088875,3586280594090.864,1.8152692190334037,26587.18011505475,26283.435766385035,26105.2289688305,303.74434866971455,178.2067975545361,0.42530867824313573,0.01142446650435569,0.011424466504355687,0.011424466504355685,0.00678019415492293,178.2067975545361,-178946925.85518128,-0.019165151815114766,4.334558097441064,1.326126433308388,0.0,0.0,10328799038874.062,-5.423944830519396,0.016293794408665296,0.024340861683698756,1663934567099.5881,2836091149430.024,186807150571274.75,40472199435.75056,-0.05808045914696992,0.2795392342772996,-0.12079030813176797,0.00678019415492293,56939964911194.91,245411050049569.25,248247141198999.28,243747115482469.66,20006.979073476057,40472199435.75056,1.0,144.43857001160993,4.789796904972215e-07,4.789796904972215e-07,0.05268248369544204,6098.249895354441,144.43857001160993
2047.0,1048.8132485240646,9379780460.254797,563.3658567871391,0.00020106384306604736,2.169460360134177,0.23353291469240922,476440457762082.44,0.5246337853645937,0.5246337853645937,3626752793526.6143,1.8346101003717317,27067.176355957337,26751.32382987312,26565.298364052855,315.85252608421735,186.0254658202665,0.4331802507893013,0.011669208562078176,0.011669208562078176,0.011669208562078178,0.006953878881034383,186.0254658202665,-177829331.77892688,-0.01895879466821724,4.284120854672378,1.3233643401776487,0.0,0.0,10546907428607.406,-5.396654605909189,0.01671755712896905,0.024971238068229096,1744878029410.7324,2962627352486.8604,190985713311166.03,40184113082.026054,-0.05762026636850954,0.27993581148227303,-0.12165595532710645,0.006953878881034383,58190953204815.66,250921544545392.4,253884171897879.28,249176666515981.7,20361.4268074221,40184113082.026054,1.0,147.72716387018528,4.6557446474904447e-07,4.6557446474904447e-07,0.0527462180874545,6203.871556630754,147.72716387018528
2048.0,1062.1826182709801,9421331295.642363,560.1570137299491,0.00019861995232530683,2.179210451041895,0.23344513627994426,486987365190689.9,0.5230901569089574,0.5230901569089574,3666936906608.64,1.8537434447797052,27556.294381872354,27227.992090511314,27033.929851546338,328.30229136104157,194.0622389649774,0.44087240922142096,0.011913876619673948,0.011913876619673946,0.011913876619673946,0.007127306278034588,194.0622389649774,-176696703.2028108,-0.018754961231916143,4.235473195179523,1.3206080000115372,0.0,0.0,10758714716612.938,-5.37004563600467,0.017140847206927434,0.02560077577048836,1828324645263.1685,3093044652030.8784,195238158118891.88,39903796165.59919,-0.05718421880343613,0.28026281408876985,-0.12249768555521935,0.007127306278034588,59457451235681.93,256523933999836.97,259616978651867.8,254695609354573.8,20722.99041316965,39903796165.59919,1.0,151.08120882940165,4.5253342656670906e-07,4.5253342656670906e-07,0.05277907779170499,6310.9394383766885,151.08120882940165
2049.0,1075.7019861813094,9461776151.318565,557.4691736056269,0.00019622527695339158,2.188911645179666,0.23334820378645466,497746079907302.8,0.5215627739521547,0.5215627739521547,3706840702774.2393,1.8726817265931293,28054.499440323692,27713.397404585732,27511.072676546137,341.1020357379611,202.32472803959539,0.44841666305028505,0.012158550055884561,0.012158550055884561,0.012158550055884565,0.007300610787117596,202.32472803959539,-175551738.56553045,-0.018553782689211696,4.1883220042577705,1.3178574008276185,0.0,0.0,10966772156484.656,-5.344066550450106,0.017563975814231303,0.026229937855657748,1914351286587.0583,3227431106911.6533,199562231200921.1,39628965253.92895,-0.0567664291246475,0.28052376543517615,-0.1233161497137634,0.007300610787117596,60741380147214.945,262217962634723.1,265445393741634.75,260303611348136.06,21091.413283235484,39628965253.92895,1.0,154.49400980102607,4.398595075368081e-07,4.398595075368081e-07,0.052784601956884725,6419.659393310652,154.49400980102607
2050.0,1089.3727758096488,9501139181.743296,555.1979166524047,0.00019387859346290558,2.198542134883257,0.2332510357555898,508712852063787.5,0.520051465522841,0.520051465522841,3746469668028.168,1.8914347011925265,28561.803478876573,28207.54343392249,27996.72674939534,354.2600449540843,210.8166845271452,0.4558363369173056,0.012403279968510534,0.012403279968510535,0.012403279968510535,0.007473769738970475,210.8166845271452,-174396869.79355463,-0.01835536417871481,4.142445355797219,1.3151125306684146,0.0,0.0,11173676317467.023,-5.3186912147935494,0.017986878932784167,0.026858629290040792,2002998661526.075,3365873993639.392,203955835955394.9,39357949878.1955,-0.056362200824189204,0.2807216267681524,-0.1241118730357038,0.007473769738970475,62044961523845.77,268003796140766.78,271369670134406.2,266000797479240.7,21466.46123733265,39357949878.1955,1.0,157.95818499996093,4.275530680916252e-07,4.275530680916252e-07,0.05276604452326272,6530.2655120626905,157.95818499996093
2051.0,1103.1964212705273,9539444340.393452,553.2597784203012,0.0001915787141489072,2.208080112488433,0.2331625507309989,519886528381254.5,0.5185560624490136,0.5185560624490136,3785827617906.3633,1.9100099508113428,29078.26499194449,28710.48034877079,28490.94234623388,367.7846431736978,219.53800253691327,0.4631475635835833,0.012648094488291675,0.012648094488291675,0.012648094488291673,0.00764661544739054,219.53800253691327,-173234283.64011028,-0.018159787662534364,4.097684232368253,1.3123733776013529,0.0,0.0,11382074241851.445,-5.293914342154364,0.018409145891797984,0.027486239951287295,2094270555802.0405,3508461132806.9565,208417031637280.0,39089630659.184814,-0.05596788238896677,0.2808589373971141,-0.12488528831783685,0.00764661544739054,63370727079976.9,273882029273058.94,277390490405865.88,271787758717256.9,21847.921556056157,39089630659.184814,1.0,161.46563782721685,4.1561230148910375e-07,4.1561230148910375e-07,0.05274836684730011,6643.020790177721,161.46563782721685
2052.0,1117.1743672870812,9576715358.063293,551.5880443573649,0.0001893244858988654,2.217543116627765,0.23308010510165578,531268602623105.94,0.5170763973390744,0.5170763973390744,3824917248565.548,1.9284133616945893,29603.988980410646,29222.304642420393,28993.786279161057,381.68433799025087,228.518363259335,0.470386847814504,0.012893003650380241,0.012893003650380241,0.012893003650380241,0.007819997979475158,228.518363259335,-172064693.60561284,-0.01796698420829014,4.053731013633783,1.3096399297187142,0.0,0.0,11591382674928.383,-5.269599397058967,0.018832801025372548,0.02811577819425093,2188455319025.1602,3655282261563.4565,212946995410807.53,38821428055.72413,-0.055580747628718175,0.28093793836786246,-0.12563676558374348,0.007819997979475158,64718242937238.98,279853693667071.66,283508975928635.1,277665238348046.5,22235.91152591925,38821428055.72413,1.0,165.02248270207494,4.0402503790002645e-07,4.0402503790002645e-07,0.0527473592616865,6757.874753241805,165.02248270207494
2053.0,1131.3080692396888,9612975723.102285,550.1293883588103,0.0001871147890466398,2.2269689964007675,0.23299276780303935,542859985298034.3,0.5156123045630927,0.5156123045630927,3863738676621.272,1.946649544702151,30139.072300695883,29743.105051032915,29505.29837350845,395.96724966296887,237.80667752446644,0.4776008532921545,0.013138003907765481,0.013138003907765481,0.013138003907765481,0.007995354792865108,237.80667752446644,-170887903.32960242,-0.017776795474362617,4.010197498056646,1.3069121751375818,0.0,0.0,11798606228701.047,-5.245547051208275,0.019261275834087654,0.028752340096855344,2286029817834.3096,3806423558153.701,217549112208921.6,38549931193.66406,-0.05519766432792476,0.28096028439274473,-0.12636653665529912,0.007995354792865108,66084604758504.484,285919746785260.4,289726170343414.06,283633716967426.06,22630.7772406102,38549931193.66406,1.0,168.6432629321362,3.9277361898634756e-07,3.9277361898634756e-07,0.05273710229849682,6874.521132898249,168.6432629321362
2054.0,1145.5989932145667,9648248663.48793,548.8411859084696,0.00018494853626869955,2.236348061889658,0.23290214588968813,554658591526735.4,0.5141636202342651,0.5141636202342651,3902288607814.936,1.9647216691072105,30683.56380679419,30272.92337113479,30025.51142417106,410.6404356594006,247.41194696373014,0.48480083022417064,0.013383074998885018,0.01338307499888502,0.01338307499888502,0.008172714076224209,247.41194696373014,-169705166.25744808,-0.01758921978241159,3.966959371672801,1.304190101999788,0.0,0.0,12004402047019.953,-5.221748402258527,0.01969463124803461,0.02939601142800885,2387091986623.756,3961961034524.9136,222223339269106.5,38274210455.85302,-0.05481475251776009,0.28092689149099576,-0.1270746532623464,0.008172714076224209,67470261199693.484,292080692455423.8,296042653489948.7,289693600468800.0,23032.505382046274,38274210455.85302,1.0,172.32491061186388,3.818510307356861e-07,3.818510307356861e-07,0.052718566969470526,6993.006042124786,172.32491061186388
2055.0,1160.0486160522987,9682557130.634256,547.689366432091,0.00018282467152087653,2.2456703772427256,0.23280991518691574,566662993573755.4,0.5127301821905706,0.5127301821905706,3940562818270.789,1.9826311477363294,31237.525619581687,30811.815164146105,30554.47414524625,425.7104554355837,257.34101889985266,0.491994267541386,0.013628174671066813,0.013628174671066811,0.01362817467106681,0.008352023972911056,257.34101889985266,-168517644.19448182,-0.017404249922917114,3.9239237291884717,1.3014736984718644,0.0,0.0,12209452788498.96,-5.198204659798748,0.02013273663834858,0.03004659338958149,2491719117553.453,4121965805863.3677,226969689361959.62,37993615684.1188,-0.05442927885622298,0.2808384613466529,-0.12776111816936486,0.008352023972911056,68875752145874.5,298337160625387.56,302459126431250.94,295845441507834.1,23441.08961091066,37993615684.1188,1.0,176.0639241367335,3.7124990632803074e-07,3.7124990632803074e-07,0.05269277513088855,7113.38453433559,176.0639241367335
2056.0,1174.6584253963313,9715923784.839758,546.6466966508264,0.00018074216901402173,2.25492600660826,0.2327177515200358,578872446362254.4,0.5113118299766183,0.5113118299766183,3978556433954.9077,2.0003781541195353,31801.033307894926,31359.84978992143,31092.250971285786,441.1835179734953,267.5988186356438,0.49918560038986154,0.013873244737112584,0.013873244737112583,0.013873244737112586,0.008533166466940346,267.5988186356438,-167326405.66405767,-0.017221873016865924,3.881023669982883,1.298762952744989,0.0,0.0,12414447128705.89,-5.174924461387845,0.020575302856541744,0.030703651981990765,2599969726777.0723,4286505435757.962,231788248971191.28,37707730184.712776,-0.05403932074927892,0.28069554403411917,-0.1284259002391462,0.008533166466940346,70301691764931.32,304689910462899.7,308976415898657.7,302089940736122.6,23856.53223555151,37707730184.712776,1.0,179.85644566597395,3.6096256403254937e-07,3.6096256403254937e-07,0.05266066057007679,7235.718735734277,179.85644566597395
2057.0,1189.4299197414146,9748370982.281912,545.691408439693,0.00017870003222700325,2.26410501413455,0.23262733071436198,591286893490960.2,0.5099084048256862,0.5099084048256862,4016264164139.6206,2.0179619881618422,32374.175755248703,31917.11016787483,31638.92181399837,457.06558737387047,278.1883538764601,0.5063766673990735,0.01411821542050435,0.014118215420504352,0.014118215420504355,0.008715963081033003,278.1883538764601,-166132433.02273622,-0.017042071267567592,3.838214767151061,1.2960578530349367,0.0,0.0,12620080754193.0,-5.151922437871642,0.021021895801844215,0.03136653841330783,2711883276538.0557,4455644908955.077,236679177218978.88,37416341459.86133,-0.05364355142043473,0.28049858965226987,-0.12906894694514548,0.008715963081033003,71748770103289.03,311139830598805.94,315595475507761.06,308427947322267.94,24278.84388572753,37416341459.86133,1.0,183.69824793253605,3.509810941767496e-07,3.509810941767496e-07,0.05262307765941476,7360.077928270841,183.69824793253605
2058.0,1204.3646084819825,9779920763.468763,544.8061020540763,0.0001766972929555557,2.2731974639698853,0.23254032859520793,603906974245153.2,0.5085197496419501,0.5085197496419501,4053680505599.482,2.0353813445909497,32957.05505676228,32483.692591073777,32194.581893169172,473.36246568849856,289.11069790460533,0.513567092528068,0.014363008614490025,0.014363008614490025,0.014363008614490023,0.008900179593007549,289.11069790460533,-164936628.96708897,-0.016864822625473796,3.7954721201566586,1.2933583875820254,0.0,0.0,12827057388826.75,-5.129218048092011,0.021471947674898795,0.03203440605464125,2827479717378.195,4629447406833.717,241642705114858.62,37119416595.086914,-0.05324110247872556,0.280247992572754,-0.12969019523019143,0.008900179593007549,73217754813342.1,317687939645578.9,322317387052412.6,314860459928200.7,24708.043240746283,37119416595.086914,1.0,187.5847219897891,3.4129743350018516e-07,3.4129743350018516e-07,0.052580808820927194,7486.538652422891,187.5847219897891
2059.0,1219.4640119604724,9810594843.061306,543.9768694620732,0.00017473301039555217,2.282193420262556,0.23245842098788727,616734031633980.0,0.5071457089828979,0.5071457089828979,4090799922194.569,2.0526345189527664,33549.78644702797,33059.70658408098,32759.341629998202,490.07986294698924,300.36495408277847,0.5207546022755788,0.014607540459930506,0.014607540459930507,0.014607540459930507,0.009085529943191062,300.36495408277847,-163739822.5051395,-0.016690101377588435,3.7527879084886395,1.2906645446510674,0.0,0.0,13036089838275.578,-5.106834635177597,0.02192476632356133,0.032706224546802276,2946758869560.8525,4807974976115.924,246679135055670.38,36817081702.12147,-0.05283147233152628,0.2799441294542069,-0.1302895809711384,0.009085529943191062,74709493001673.58,324335386926904.75,329143361903020.7,321388628057343.94,25144.156802086058,36817081702.12147,1.0,191.51086605751723,3.319034285838969e-07,3.319034285838969e-07,0.052537081039814026,7615.184827912143,191.51086605751723
2060.0,1234.7296615155963,9840414600.983875,543.1925936107673,0.00017280627025933337,2.291093954846575,0.23238176746936975,629770121472255.6,0.5057861290419299,0.5057861290419299,4127617003896.6904,2.069719571772098,34152.49825898479,33645.27479870049,33333.31374560334,507.22346028430155,311.9610530971529,0.5279436515818073,0.014851723479727049,0.014851723479727049,0.014851723479727047,0.009272061380494417,311.9610530971529,-162542629.67911273,-0.016517863958990225,3.7101036392221878,1.2879763125313173,0.0,0.0,13247374314467.938,-5.0847570991074855,0.022380457614949556,0.033382148017418456,3069826101835.5293,4991289144543.206,251789240819718.06,36508958022.56543,-0.05241446253584821,0.27958739202003946,-0.1308670472751009,0.009272061380494417,76224386461693.5,331083453383247.1,336074742527790.3,328013627281411.56,25587.259381788994,36508958022.56543,1.0,195.47623014132225,3.2279008913902373e-07,3.2279008913902373e-07,0.05250115865574201,7746.054363814341,195.47623014132225
2061.0,1250.1630995305404,9869401074.74304,542.444388319156,0.00017091618392378616,2.2999392891043486,0.23230505469555066,643017495786723.5,0.5044408576311424,0.5044408576311424,4164125961919.256,2.0866344634799296,34765.32336992967,34240.52452913257,33916.5683496635,524.7988407970994,323.9561794690669,0.5351678836125493,0.015095468412959596,0.015095468412959598,0.015095468412959598,0.009461192079386461,323.9561794690669,-161345110.56902158,-0.016348014367550907,3.6671308911428935,1.2852936795364205,0.0,0.0,13459165416075.883,-5.062824952242154,0.022842410875742014,0.03406719904492972,3197253465821.658,5179450243386.794,256975301127016.53,36192385558.26907,-0.05198972496075753,0.27917808414840933,-0.131422518101319,0.009461192079386461,77760914994748.22,337933469587586.44,343112919830973.2,334736216121764.75,26037.57808410954,36192385558.26907,1.0,199.49834127473468,3.1394584276082964e-07,3.1394584276082964e-07,0.05246271911383649,7878.990265553963,199.49834127473468
2062.0,1265.7658794810905,9897574952.878813,541.7251505760918,0.00016906188760892104,2.3087290735550092,0.23222845092312175,656476661202799.4,0.5031097441642922,0.5031097441642922,4200318347477.525,2.103376989878435,35388.367766107884,34845.556802623294,34509.19352424878,542.8109634845855,336.36327837451154,0.5424301195412732,0.015338683238294083,0.015338683238294081,0.01533868323829408,0.009652974704344197,336.36327837451154,-160147892.28386408,-0.016180518262939085,3.6238188837816248,1.282616634004364,0.0,0.0,13671663403895.781,-5.04103280233644,0.02331074552957879,0.034761548042814505,3329180759107.769,5372512196333.049,262237999945476.75,35867019017.88627,-0.05155539368272871,0.2787159612377615,-0.1319557796056025,0.009652974704344197,79319329524175.7,344886510228760.25,350259022425093.3,341557329469652.44,26495.176969506265,35867019017.88627,1.0,203.57717036057988,3.0536280688218946e-07,3.0536280688218946e-07,0.05242083226502259,8014.0165547425195,203.57717036057988
2063.0,1281.5395659837068,9924956569.475285,541.0292026852485,0.00016724254158575,2.31745734590648,0.2321528919007267,670148324606695.1,0.5017926396399398,0.5017926396399398,4236185366495.411,2.1199441187814334,36021.7423366055,35460.478082845,35111.29015501126,561.2642537604963,349.18792783374454,0.5497280520591135,0.015581263352443012,0.015581263352443012,0.015581263352443015,0.009847242527806582,349.18792783374454,-158951630.90578383,-0.01601534775423076,3.5801581770986575,1.2799451642974244,0.0,0.0,13885349941403.156,-5.019398053995538,0.023785055459269788,0.0354645862803139,3465675018334.9844,5570523342571.881,267577847484659.2,35532914419.55598,-0.051110218219843656,0.27820071543439906,-0.132466602154578,0.009847242527806582,80900182402072.67,351943704905066.9,357514228247638.75,348478029886731.9,26960.10260715988,35532914419.55598,1.0,207.70997138707497,2.970336034079266e-07,2.970336034079266e-07,0.052376008314471534,8151.1875478513775,207.70997138707497
2064.0,1297.4857348435114,9951565899.661053,540.3520062261792,0.000165457329412319,2.326118143866686,0.23207931337700902,684033674548098.2,0.5004893966247711,0.5004893966247711,4271718280914.9673,2.136332266249317,36665.56734306849,36085.40457977152,35722.96994132628,580.1627632969668,362.43463844524445,0.5570585697244491,0.015823095218152804,0.015823095218152807,0.015823095218152807,0.010043801439001054,362.43463844524445,-157756929.86963612,-0.015852473013820798,3.536147281607167,1.2772792588021176,0.0,0.0,14100709974858.516,-4.997939404580338,0.02426486874144862,0.03617560801886022,3606792188807.6772,5773527971479.222,272995412073051.03,35190202703.821014,-0.050653541327342025,0.27763205886759973,-0.1329547613963866,0.010043801439001054,82504077429668.34,359106281691527.06,364879809663006.3,355499489502719.4,27432.40760555574,35190202703.821014,1.0,211.89374847775025,2.8895090249985896e-07,2.8895090249985896e-07,0.05232871257759353,8290.562335770535,211.89374847775025
2065.0,1313.6059731022074,9977422556.032927,539.6899334190591,0.00016370545719679596,2.3347055051435506,0.23200865110061242,698134384522956.8,0.49919986923709386,0.49919986923709386,4306908483618.788,2.1525375608042734,37319.97236047065,36720.46208396811,36344.35528847616,599.5102765025449,376.1067954919473,0.5644178528922911,0.016064060034984024,0.016064060034984024,0.01606406003498402,0.010242430899478055,376.1067954919473,-156564343.8670631,-0.015691862601568903,3.4917918917617636,1.2746189059291477,0.0,0.0,14318232371291.523,-4.976676586205336,0.024749649964103226,0.036893814084293375,3752576424818.618,5981567355350.028,278491319416129.44,34839083181.8367,-0.05018508140397493,0.27700973829989917,-0.13342004210979336,0.010242430899478055,84131670823587.2,366375566664535.25,372357134019885.25,362622990239716.6,27912.150442875398,34839083181.8367,1.0,216.1252482567096,2.81107449459466e-07,2.81107449459466e-07,0.05227937084840617,8432.204845600763,216.1252482567096
2066.0,1329.9018790859168,10002545785.939575,539.0400843730642,0.0001619861528865637,2.3432134674449987,0.23194184082018043,712452616894248.2,0.4979239131305081,0.4979239131305081,4341747566800.625,2.1685560101786456,37985.096237769685,37365.78585623537,36975.57926392407,619.3103815343123,390.2065923113075,0.5718014517338242,0.01630403613190044,0.01630403613190044,0.01630403613190044,0.010442884670287008,390.2065923113075,-155374382.4749722,-0.015533483755043598,3.447104264569317,1.2719640941133588,0.0,0.0,14538410637683.984,-4.9556301588576375,0.025238802022027995,0.037618314663019126,3903059305569.3105,6194680447004.666,284066252221929.6,34479818235.26216,-0.049704807873955786,0.2763335480375631,-0.13386224167234054,0.010442884670287008,85783672327108.81,373752983854607.7,379947664301612.4,369849924549038.44,28399.395344057026,34479818235.26216,1.0,220.40095269494057,2.7349608706141047e-07,2.7349608706141047e-07,0.052228373628893765,8576.18391986704,220.40095269494057
2067.0,1346.3750624529548,10026954469.564756,538.4001410102345,0.0001602986655823095,2.351636068478953,0.23187981828435675,726991027531932.2,0.4966613854777485,0.4966613854777485,4376227385035.887,2.1843836121296105,38661.087079219586,38021.52055745707,37616.785601256495,639.566521762516,404.7349562005761,0.5792043497530212,0.016542900629048382,0.016542900629048382,0.016542900629048382,0.010644891373793213,404.7349562005761,-154187513.44131973,-0.015377302640530749,3.402102717781044,1.2693148118136819,0.0,0.0,14761743682913.453,-4.93482134476201,0.025731667523792523,0.03834813152020089,4058258978064.4624,6412904393970.645,289720950079071.3,34112729051.973045,-0.04921286884337532,0.2756033414040049,-0.13428117321667696,0.010644891373793213,87460846436106.7,381240055493242.44,387652959887213.06,377181796515178.0,28894.212191595532,34112729051.973045,1.0,224.71707250865617,2.661097737015009e-07,2.661097737015009e-07,0.052176079589492774,8722.573409660963,224.71707250865617
2068.0,1363.0271442414892,10050667118.75277,537.7682503046077,0.00015864226487614767,2.359967345953338,0.231823519241785,741752771214845.8,0.4954121449546964,0.4954121449546964,4410340114087.86,2.2000164326835736,39348.10224637802,38687.82020950224,38268.12874146436,660.2820368757755,419.69146803788095,0.5866210156166315,0.016780530678237583,0.016780530678237583,0.016780530678237583,0.010848154942955384,419.69146803788095,-153004165.68888068,-0.015223284572165556,3.3568112263465464,1.2666710475130867,0.0,0.0,14988736601117.36,-4.914271895756424,0.026227529934972238,0.03908219982455541,4218179237829.409,6636274957130.46,295456209515431.7,33738192216.501392,-0.0487095483562117,0.2748190410266182,-0.13467666853223909,0.010848154942955384,89164013722601.92,388838402475863.06,395474677432993.5,384620223238033.6,29396.67646182039,33738192216.501392,1.0,229.06954118341906,2.5894159805562125e-07,2.5894159805562125e-07,0.052122818478687716,8871.452279643969,229.06954118341906
2069.0,1379.8597569171493,10073701876.521624,537.1429309534897,0.0001570162402128489,2.3682013375760778,0.23177387944110872,756741507815963.1,0.4941760517245605,0.4941760517245605,4444078306304.361,2.2154506650490555,40046.30838043094,39364.84818145613,38929.7739047224,681.4601989748111,435.0742767337294,0.5940454456194295,0.01701680445800627,0.01701680445800627,0.01701680445800627,0.01105235500282414,435.0742767337294,-151824732.07937896,-0.01507139420447123,3.3112590994496043,1.2640327897185313,0.0,0.0,15219901464840.953,-4.8940039871310805,0.02672561456205158,0.03981936973383127,4382808557958.858,6864826885187.354,301272884190127.4,33356637003.77478,-0.04819524057935061,0.2739806481437255,-0.13504858075943502,0.01105235500282414,90894052246437.28,396549744994523.44,403414571879710.8,392166936436564.6,29906.86918105965,33356637003.77478,1.0,233.45400970026665,2.5198479079778504e-07,2.5198479079778504e-07,0.05206940011149852,9022.90472366275,233.45400970026665
2070.0,1396.8745444205238,10096076517.212223,536.5229987783903,0.00015541990027329242,2.376334158751519,0.2317315200521388,771961409280804.1,0.49295296742222383,0.49295296742222383,4477434943308.136,2.230682676777563,40755.88144421161,40052.777197402145,39601.89368261027,703.1042468094663,450.8835147918754,0.6014729971245424,0.01725160202391661,0.017251602023916606,0.017251602023916606,0.011257234737298569,450.8835147918754,-150649544.58352137,-0.014921592989780495,3.265465987445361,1.2614000269609105,0.0,0.0,15455624144979.406,-4.8740322715120685,0.027225299097928146,0.04055871800978206,4552154465688.363,7098594275365.24,307171983773076.9,32968394473.602333,-0.047670433804769305,0.27308825110182117,-0.13539678691510865,0.011257234737298569,92651765073059.83,404375903311825.0,411474497587190.25,399823748846136.7,30424.8866625958,32968394473.602333,1.0,237.86698001246359,2.4523261053705724e-07,2.4523261053705724e-07,0.05202567266633551,9177.007020014471,237.86698001246359
2071.0,1414.073162214569,10117808447.224546,535.9075070968607,0.00015385257237929026,2.384401475299071,0.2316910404407917,787417033425783.5,0.4917427551387557,0.4917427551387557,4510403337781.738,2.2457090495740726,41477.00466599518,40751.787282953694,40284.59996916761,725.2173830414863,467.1873137860793,0.6089333660961462,0.017484806072219913,0.017484806072219913,0.017484806072219916,0.01146421653956517,467.1873137860793,-149478389.8435882,-0.014773791243754192,3.2191699535836706,1.2587727477950084,0.0,0.0,15693680133984.828,-4.854222003200554,0.02772998329062193,0.04130527120325844,4726911749860.9375,7337610564211.2295,313156482384542.56,32570944949.420315,-0.04713560667084755,0.2721420029813101,-0.13572118252983914,0.01146421653956517,94435383476563.2,412318777610966.75,419656388175177.94,407591865861105.75,30951.019088570083,32570944949.420315,1.0,242.326815592449,2.386762175686663e-07,2.386762175686663e-07,0.05198436891951763,9333.580880597528,242.326815592449
2072.0,1431.4572773319433,10138914706.294422,535.2956990608017,0.0001523136019189705,2.392414651103901,0.23165063841250838,803110713559768.4,0.49054527940608617,0.49054527940608617,4542974282731.158,2.260526573369079,42209.82734812117,41462.025299101835,40978.00724248604,747.8020490193376,484.0180566157958,0.6164360951356461,0.01771630200834317,0.01771630200834317,0.01771630200834317,0.011673767818242125,484.0180566157958,-148311428.73356536,-0.014627939284417782,3.172268443605678,1.2561509407994476,0.0,0.0,15933403206375.672,-4.834530483540773,0.028240778969663705,0.042060667533953766,4907417792333.938,7581901192199.264,319228045703128.56,32163359175.187325,-0.046589439356907736,0.27114154108628546,-0.13602153293406616,0.011673767818242125,96244474562352.52,420379938057815.0,427961839250014.25,415472520265481.06,31485.42570389176,32163359175.187325,1.0,246.83949606172732,2.323089008013123e-07,2.323089008013123e-07,0.0519412911240158,9492.581538594284,246.83949606172732
2073.0,1449.0285684222117,10159411969.267029,534.6869695597493,0.00015080235179193953,2.4003691050417264,0.2316109146068379,819044116766144.0,0.48936040618184234,0.48936040618184234,4575137641906.346,2.2751314568808847,42954.48980003625,42183.63000167933,41682.24890498923,770.8597983569249,501.38109669009935,0.6239767969537432,0.01794596564749035,0.017945965647490344,0.017945965647490344,0.011885679271085475,501.38109669009935,-147149030.262477,-0.01448401056159684,3.1247724934363004,1.2535345945766383,0.0,0.0,16175199561402.906,-4.814975495007643,0.02875717707118075,0.04282414728924777,5093737114877.625,7831482262054.111,325387527193297.8,31745851071.053127,-0.046030616482961015,0.27008632422720413,-0.1362975574587824,0.011885679271085475,98079611238017.33,428560875546192.75,436392357808246.8,423467138431315.1,32028.18511323481,31745851071.053127,1.0,251.40221806079737,2.2612516051288847e-07,2.2612516051288847e-07,0.051896770514518575,9654.063791754423,251.40221806079737
2074.0,1466.7887257989837,10179316548.325655,534.0808347695987,0.00014931820187347462,2.408260255988262,0.2315724696633294,835219316327546.9,0.4881880028343438,0.4881880028343438,4606883492977.398,2.2895193341166555,43711.14029924432,42916.74876283289,42397.46794874703,794.3915364114275,519.2808140858572,0.6315507989234922,0.018173663074746205,0.018173663074746205,0.018173663074746212,0.012099723978522086,519.2808140858572,-145991530.3098406,-0.014341977638356675,3.0766967959082483,1.2509236977527312,0.0,0.0,16419477328180.844,-4.79557496452927,0.02927862642037793,0.04359488924205035,5285923784052.184,8086362912442.687,331635838136851.6,31318670608.769352,-0.04545854418596579,0.26897586977848237,-0.13654898946835578,0.012099723978522086,99941408960935.53,436863170881839.44,444949533794282.1,431577247097787.2,32579.381588383825,31318670608.769352,1.0,256.0119608577223,2.2011958763728745e-07,2.2011958763728745e-07,0.05185110718720498,9818.0863603632,256.0119608577223
2075.0,1484.7394514869222,10198644395.636581,533.4769078124336,0.00014786054849702987,2.416083522819224,0.23153590422153203,851638793655727.8,0.4870279381277564,0.4870279381277564,4638202163586.168,2.3036855848407147,44479.93506355035,43661.53737199022,43123.81684248378,818.3976915601266,537.72052950644,0.6391531534865456,0.018399255538274675,0.018399255538274675,0.018399255538274675,0.012315657255151964,537.72052950644,-144839233.94831252,-0.014201812351676951,3.0280596147687953,1.2483182389775662,0.0,0.0,16666646961676.484,-4.776346934309747,0.029804533373002595,0.04437201022654613,5484020464669.59,8346547030431.602,337973946631806.4,30882103219.81524,-0.04487305083423834,0.2678097593588183,-0.13677557809441207,0.012315657255151964,101830526327249.28,445288493423725.2,453635040454156.9,439804472959055.6,33139.10491637557,30882103219.81524,1.0,260.66548094749623,2.142868734845653e-07,2.142868734845653e-07,0.0518045749944418,9984.711926108213,260.66548094749623
2076.0,1502.8824592686635,10217411106.373217,532.8748793010624,0.00014642880395436777,2.423834324410329,0.2315018189209949,868305440617404.2,0.48588008220740175,0.48588008220740175,4669084266805.983,2.317625521351784,45261.03823555631,44418.15991653846,43861.45750212805,842.8783190178516,556.702414410409,0.6467786465500488,0.018622602394385655,0.018622602394385655,0.018622602394385655,0.012533216492003507,556.702414410409,-143692417.90319455,-0.014063485985560951,2.9788827222032697,1.2457182069246233,0.0,0.0,16917121798737.875,-4.757309537837348,0.03033426151210772,0.045154564796514585,5688057431941.698,8612034298054.185,344402877163481.6,30436469410.42297,-0.044274220919592114,0.26658764423247383,-0.13697708992103858,0.012533216492003507,103747665860478.3,453838600455901.7,462450634753955.9,448150543023959.94,33707.45030985949,30436469410.42297,1.0,265.3593070492795,2.0862181825586624e-07,2.0862181825586624e-07,0.051757424985023004,10154.00719226856,265.3593070492795
2077.0,1521.2194747316307,10235631922.084724,532.2745017879695,0.00014502239601265585,2.431508079637293,0.23147081440126707,885222562416142.1,0.48474430658522183,0.48474430658522183,4699520736216.406,2.3313345010042634,46054.62188154994,45186.78871424176,44610.56131645474,867.833167308178,576.2273977870221,0.6544218043591364,0.018843562966170888,0.01884356296617089,0.01884356296617089,0.012752121011100076,576.2273977870221,-142551332.7261816,-0.013926969415401535,2.929191356052162,1.2431235902909745,0.0,0.0,17171318696475.766,-4.738480981049845,0.030867131378150114,0.04594154493298919,5898051547168.656,8882820870343.48,350923710534732.1,29982124549.90215,-0.04366230282953258,0.26530925048132187,-0.1371533106325898,0.012752121011100076,105693574938089.98,462515337019990.75,471398157890334.2,456617285472822.06,34284.5183576373,29982124549.90215,1.0,270.08973554931566,2.0311933745135573e-07,2.0311933745135573e-07,0.051709887958182765,10326.04295881744,270.08973554931566
2078.0,1539.7522353147208,10253321734.376486,531.6755773351277,0.00014364076744789584,2.4391002073758337,0.23144349130189776,902393881112617.9,0.4836204841253965,0.4836204841253965,4729502860766.309,2.344807997447052,46860.86600563984,45967.604281068285,45371.30921100649,893.2617245715494,596.2950700617952,0.6620768992440684,0.019061997797139366,0.019061997797139366,0.019061997797139362,0.012972071949100439,596.2950700617952,-141416204.7500853,-0.013792233230715543,2.8790141934300966,1.2405343777972333,0.0,0.0,17429658709531.453,-4.719879527461327,0.03140242027080242,0.04673187985710825,6114005201966.153,9158899855036.09,357537584029535.6,29519458803.075195,-0.043037657641062904,0.2639743839892507,-0.13730404663350848,0.012972071949100439,107669046820793.25,471320636052295.06,480479535907331.1,465206630850328.9,34870.41500227319,29519458803.075195,1.0,274.85282643879844,1.977744666149368e-07,1.977744666149368e-07,0.051662176454452924,10500.894208733294,274.85282643879844
2079.0,1558.4824903548815,10270495088.871637,531.0779475783606,0.0001422833755940779,2.446606126501665,0.23142045026243602,919823539822149.4,0.4825084890301118,0.4825084890301118,4759022319569.384,2.3580416488898943,47679.9585792698,46760.79532472599,46143.89174009227,919.1632545438154,616.9035846337121,0.669737954571212,0.01927776956885712,0.01927776956885712,0.01927776956885712,0.013192752183740301,616.9035846337121,-140287237.87012404,-0.013659247841141475,2.828383337925621,1.237950558187506,0.0,0.0,17692567782151.906,-4.701523486349635,0.031939362154287054,0.04752443599412748,6335905236287.849,9440261691663.525,364245691733675.4,29048897181.611458,-0.04240073072169881,0.2625829352734288,-0.13742912664795845,0.013192752183740301,109674921764366.83,480256518734330.06,489696780425993.56,473920613498042.2,35465.25153673902,29048897181.611458,1.0,279.6443997972115,1.925823647389821e-07,1.925823647389821e-07,0.051614486368918966,10678.640203353256,279.6443997972115
2080.0,1577.4120011335974,10287166189.424896,530.4814857856363,0.00014094969190747678,2.454021255890504,0.231402291922431,937516107604301.2,0.481408196825479,0.481408196825479,4788071216750.995,2.371031293578597,48512.095585844945,47566.55875798349,46928.5092004105,945.5368278614557,638.0495575729851,0.6773987491703418,0.019490743832912227,0.019490743832912223,0.019490743832912223,0.013413826314813996,638.0495575729851,-139164615.18139195,-0.013527983568929973,2.7773343179652388,1.2353721202293442,0.0,0.0,17960477441936.03,-4.683431203322429,0.03247714769325516,0.04831801712733641,6563721835842.326,9726894486432.436,371049284964211.94,28570899692.501457,-0.04175203603523371,0.26113488419085035,-0.13752840330567115,0.013413826314813996,111712088202366.16,489325095002420.44,499051989488852.9,482761373166578.1,36069.14461493262,28570899692.501457,1.0,284.46003287274533,1.875383165677055e-07,1.875383165677055e-07,0.051566998295354605,10859.36458547788,284.46003287274533
2081.0,1596.5425409232123,10303348902.561583,529.8860905091425,0.00013963920154553075,2.4613410144180676,0.23138961692143184,955476585046237.2,0.4803194843476007,0.4803194843476007,4816642116443.496,2.383772998151673,49357.481079981284,48385.09972800566,47725.371761963586,972.3813519756229,659.7279660420711,0.6850528214645505,0.01970078964118789,0.019700789641187894,0.019700789641187898,0.013634940710067723,659.7279660420711,-138048500.49288127,-0.01339841073018115,2.7259060942672155,1.232799052713693,0.0,0.0,18233825488249.64,-4.665621052737002,0.03301492444289855,0.049111364775556,6797407414908.759,10018784335749.383,377949672775097.75,28085961564.854046,-0.04109214754412248,0.2596303045433694,-0.13760175471920932,0.013634940710067723,113781483992873.38,498528564182879.9,508547348518629.25,491731156767971.06,36682.21627252991,28085961564.854046,1.0,289.2950578122213,1.8263773398392375e-07,1.8263773398392375e-07,0.05151987866640506,11043.155489433675,289.2950578122213
2082.0,1615.8758950331644,10319056762.116539,529.2916805112917,0.0001383514029597666,2.468560820960071,0.23138302589898763,973710410534486.9,0.47924222972878483,0.47924222972878483,4844728078008.351,2.3962630820479083,50216.32726077733,49216.63165916936,48534.69961312772,999.6956016079714,681.932046041644,0.6926934734914917,0.019907780121323358,0.019907780121323364,0.01990778012132336,0.013855723625381336,681.932046041644,-136939039.73299274,-0.013270499706496935,2.67414107459678,1.2302313444548452,0.0,0.0,18513056671725.812,-4.6481114315651615,0.033551797214521506,0.049903158824132765,7036895491009.993,10315915657830.898,384948222514966.06,27594613538.67149,-0.04042169459102947,0.2580693685999615,-0.13764908605681633,0.013855723625381336,115884097725174.52,507869215731150.56,518185131388981.44,500832320240140.56,37304.5939555438,27594613538.67149,1.0,294.1445600935431,1.7787615662775672e-07,1.7787615662775672e-07,0.051473835163616144,11230.105657583916,294.1445600935431
2083.0,1635.4138608560895,10334302974.049217,528.6981907090035,0.00013708580750225458,2.475684774302415,0.2313824929101397,992223467206212.8,0.47817631238390274,0.47817631238390274,4872322691547.022,2.4084981397427105,51088.85455844403,50061.37630752973,49356.70023156903,1027.4782509142974,704.6760759607024,0.7003225229245699,0.020111593023462583,0.020111593023462587,0.02011159302346258,0.014076242563365404,704.6760759607024,-135836323.79799476,-0.013144217286748559,2.6220085946473226,1.2276689842903912,0.0,0.0,18798249038761.406,-4.630887825379208,0.03408792223760759,0.05069363063807664,7282336067542.019,10618271544194.512,392046498232976.9,27096631217.646435,-0.039741359522904945,0.25645235155111007,-0.1376703311141258,0.014076242563365404,118020595759382.7,517349430059901.5,527967701604096.06,510067093992359.56,37936.423890170125,27096631217.646435,1.0,299.00935372454927,1.732491419192633e-07,1.732491419192633e-07,0.05143196693684615,11420.276341398912,299.00935372454927
2084.0,1655.158247913771,10349100421.412788,528.1055689319037,0.0001358419390450992,2.4827582950347717,0.2313847185931471,1011021716244974.1,0.477121612996891,0.477121612996891,4899419322764.669,2.4204750618158446,51975.28596054564,50919.55816972244,50191.47027417998,1055.7277908231972,728.0878955424622,0.7079840397519351,0.020312111252732672,0.02031211125273267,0.020312111252732665,0.014298786590324238,728.0878955424622,-134740232.20309767,-0.013019511524336322,2.569105773639573,1.2251119610811707,0.0,0.0,19087512064776.906,-4.613778908273295,0.03462876936058357,0.05149084254604319,7535054746584.046,10925832924905.543,399246882476569.1,26587933644.62733,-0.03905137905817763,0.2547794753372123,-0.1376654126769788,0.014298786590324238,120189683689274.31,526971620912427.5,537897453837333.06,519436566165843.44,38577.931049012535,26587933644.62733,1.0,303.919310337923,1.687518218828076e-07,1.687518218828076e-07,0.05139140178207291,11613.539225167442,303.919310337923
2085.0,1675.1108779029994,10363461669.456585,527.5137733311077,0.00013461933361249014,2.4897846133048804,0.2313890057509584,1030109228309751.0,0.476078013507396,0.476078013507396,4926007256409.296,2.432190837475114,52875.81672566977,51791.37498258252,51039.18288066234,1084.4417430872536,752.1921019201834,0.7156806184588408,0.02050921971973601,0.020509219719736006,0.02050921971973601,0.014523501300615135,752.1921019201834,-133650830.29343022,-0.012896350134369561,2.5153864279090175,1.222560263711225,0.0,0.0,19380583051325.61,-4.596773326366727,0.035174678788477465,0.0522952898901069,7795314016317.802,11238570437243.438,406551109541828.1,26068110829.50642,-0.03834931736251452,0.25305012725624054,-0.13763404170789661,0.014523501300615135,122391505882300.73,536737929440446.7,547976499877690.06,528942615424128.9,39229.27709956454,26068110829.50642,1.0,308.87631922430893,1.6438007130833636e-07,1.6438007130833636e-07,0.051351599694416716,11809.905781097794,308.87631922430893
2086.0,1695.2735847412569,10377398970.842588,526.9227703080184,0.00013341753902485707,2.4967589264089316,0.23139520644308806,1049489811361076.6,0.4750453970975581,0.4750453970975581,4952075367238.803,2.443641383151796,53790.63966553694,52677.0235859446,51900.03232884705,1113.616079592342,776.991257097541,0.7234066137121435,0.02070278558717016,0.020702785587170165,0.020702785587170168,0.014750097940325915,776.991257097541,-132568213.02013743,-0.012774705240938964,2.460876788768903,1.2200138810877466,0.0,0.0,19677548071219.67,-4.579890210599983,0.03572495221005256,0.05310593769030847,8063148271757.712,11556438358275.328,413960812868747.1,25537500255.140827,-0.03763356765860493,0.25126362851669354,-0.13757591078316456,0.014750097940325915,124626529207327.34,546650490347832.2,558206928706107.56,538587342076074.5,39890.61363371054,25537500255.140827,1.0,313.87659049380096,1.6013001593499837e-07,1.6013001593499837e-07,0.05131263967435218,12009.418695136508,313.87659049380096
2087.0,1715.648214612303,10390924270.958014,526.3325328587852,0.00013223611455469043,2.503676431643119,0.23140317272905067,1069167359432296.2,0.47402364817893566,0.47402364817893566,4977612867493.943,2.4548219141096794,54719.95055240791,53576.70499860518,52774.21866953022,1143.2455538027252,802.4863290749558,0.7311561469525598,0.02089266423418611,0.020892664234186113,0.02089266423418611,0.014978269550093607,802.4863290749558,-131492464.0386526,-0.012654549355745557,2.4056062003233514,1.2174728021410341,0.0,0.0,19978495189382.58,-4.56314871053085,0.03627884826930161,0.053921688703363,8338574673896.958,11879377972673.572,421477678521454.94,24996471853.306995,-0.036903452437069356,0.24941938782326492,-0.13749073322537111,0.014978269550093607,126895231132612.19,556711484327964.06,568590862300637.6,548372909654067.1,40562.09703110423,24996471853.306995,1.0,318.91609055834704,1.559979036182876e-07,1.559979036182876e-07,0.051274588631262885,12212.121638425993,318.91609055834704
2088.0,1736.2366260115843,10404049213.30725,525.7430392510028,0.00013107463059360594,2.5105323263036348,0.23141275666836075,1089145854621678.9,0.4730126523795661,0.4730126523795661,5002609339347.25,2.465727356877741,55663.94816154438,54490.62415685486,53661.94759574316,1173.3240046895223,828.6765611116982,0.7389231055273531,0.02107870611844449,0.021078706118444493,0.02107870611844449,0.015207690752932065,828.6765611116982,-130423656.63060537,-0.012535855411351536,2.349607220156057,1.214937015824441,0.0,0.0,20283513810251.297,-4.546567990127041,0.03683558208528548,0.05474138282956731,8621591723720.32,12207320687944.535,429103444395607.25,24445429150.44566,-0.03615882920019377,0.24751690551652777,-0.1373782445805134,0.015207690752932065,129198099272419.19,566923135391746.8,579130456079691.2,558301543668026.44,41243.88837441912,24445429150.44566,1.0,323.9905374700238,1.519801019967235e-07,1.519801019967235e-07,0.05123750563279961,12418.059221324038,323.9905374700238
2089.0,1757.040689791527,10416785144.96769,525.1542719659785,0.0001299326683302502,2.517321807686671,0.2314238103205328,1109429368431930.1,0.4720122965311636,0.4720122965311636,5027054768497.695,2.476352585653503,56622.83430397127,55418.98976691716,54563.43042906443,1203.844537054109,855.559337852733,0.7467011421547735,0.02126076081941516,0.02126076081941516,0.021260760819415157,0.01543801757215478,855.559337852733,-129361854.64624102,-0.012418596797951166,2.292915720317973,1.2124065111143303,0.0,0.0,20592694361518.953,-4.530167224391487,0.03739432491450534,0.05556379672814682,8912177801182.742,12540189890435.748,436839900347244.4,23884810414.07115,-0.035399872855059356,0.24555577782941013,-0.1372382041395962,0.01543801757215478,131535631204711.95,577287709353139.1,589827899243574.9,568375531551956.4,41936.15345501103,23884810414.07115,1.0,329.0953968113873,1.4807309603786064e-07,1.4807309603786064e-07,0.0512014442769162,12627.276974053395,329.0953968113873
2090.0,1778.0622892066774,10429143122.095034,524.5662168532685,0.00012880981943865668,2.5240400730884196,0.23143618574508137,1130022062793449.0,0.4710224686564513,0.4710224686564513,5050939578911.767,2.486692561500405,57596.81385477179,56362.014221314486,55478.88417236776,1234.7996334573027,883.1300489467253,0.754483674781249,0.02143867951742615,0.02143867951742615,0.02143867951742615,0.01566888730198629,883.1300489467253,-128307113.25189245,-0.012302747382962156,2.235570988319817,1.209881277010024,0.0,0.0,20906128161068.58,-4.513965597170976,0.037954203939767894,0.056387643616119254,9210289675888.191,12877902104436.697,444688888847342.75,23315089796.790817,-0.0346269559303386,0.24353570125732923,-0.13707039650430147,0.01566888730198629,133908334440413.48,587807512963644.5,600685415068081.1,578597223287756.2,42639.0628301218,23315089796.790817,1.0,334.2258781919837,1.4427348510553665e-07,1.4427348510553665e-07,0.051166454003975126,12839.821342245961,334.2258781919837
2091.0,1799.3033199586828,10441133915.464727,523.9788624548866,0.00012770568577667987,2.5306823198050736,0.23144973500152102,1150928190954517.5,0.47004305795662676,0.47004305795662676,5074254668708.558,2.4967424179882696,58586.09477974402,57319.91355059192,56408.53159976665,1266.1812291521005,911.3819508252718,0.762263886886528,0.021612316607077877,0.021612316607077884,0.021612316607077884,0.01589991844668196,911.3819508252718,-127259479.55759041,-0.012188281520755323,2.177615827692997,1.2073613025337573,0.0,0.0,21223907379456.016,-4.497982299645781,0.03851430222119534,0.05721157330176152,9515860996704.152,13220367774824.812,452652305932979.6,22736778473.378147,-0.03384058296346219,0.24145647703832032,-0.13687463319615015,0.01589991844668196,136316726474907.78,598484893404591.5,611705261179416.2,588969032407887.4,43352.791909175736,22736778473.378147,1.0,339.37693240626044,1.4057797979844474e-07,1.4057797979844474e-07,0.05113258080537886,13055.739690590915,339.37693240626044
2092.0,1820.7656902411327,10452768016.037258,523.3921994651328,0.000126619879094148,2.537243745132826,0.2314643101493662,1172152098333973.5,0.4690739547989594,0.4690739547989594,5096991447181.936,2.506497517446632,59590.888161879346,58292.907393966794,57352.60136659529,1297.9807679125493,940.3060273715025,0.7700347282871833,0.021781530833817574,0.021781530833817574,0.021781530833817567,0.016130710740099787,940.3060273715025,-126218993.16981249,-0.012075174056877547,2.1190966576081864,1.204846576730631,0.0,0.0,21546125047469.766,-4.482236529196354,0.03907365883645031,0.05803417249096421,9828800768195.896,13567491856267.773,460732102320414.9,22150425765.538307,-0.033041354881377605,0.23931801573867287,-0.13665075430834694,0.016130710740099787,138761334880867.12,609322237969477.9,622889729825745.8,599493437201282.0,44077.52105600472,22150425765.538307,1.0,344.5432493090128,1.369833987033872e-07,1.369833987033872e-07,0.05109986758382057,13275.080310590576,344.5432493090128
2093.0,1842.4513207842442,10464055640.535887,522.8062202988283,0.00012555202075038968,2.5437195463678677,0.2314797632481315,1193698223381443.2,0.46811505070451864,0.46811505070451864,5119141872947.474,2.515953491212448,60611.40822833671,59281.218979344114,58311.328129070906,1330.1892489925958,969.8908502732088,0.7777889164848747,0.021946186169796218,0.021946186169796218,0.021946186169796218,0.01636084525541144,969.8908502732088,-125185686.69486386,-0.011963400329210484,2.060063611001697,1.2023370886685611,0.0,0.0,21872875079358.92,-4.466747488465215,0.03963126923179072,0.058853965396585606,10148991822505.518,13919174313901.168,468930284598640.1,21556620248.565037,-0.03222994998313654,0.23712034193862475,-0.1363986301992276,0.01636084525541144,141242697417503.25,620321973838648.9,634241148152550.0,610172982016143.4,44813.435699069465,21556620248.565037,1.0,349.7192564651335,1.3348666514218069e-07,1.3348666514218069e-07,0.051068354308093866,13497.892430001444,349.7192564651335
2094.0,1864.3621448993808,10475006737.026377,522.2209187461963,0.00012450174144080194,2.550104920806392,0.23149594635733142,1215571098460802.2,0.46716623833603105,0.46716623833603105,5140698493196.039,2.5251062712780312,61647.87237813289,60285.07510702765,59284.95266709938,1362.797271105235,1000.1224399282739,0.7855189386023768,0.022106152548885576,0.022106152548885576,0.022106152548885576,0.01658988461327613,1000.1224399282739,-124159586.20752509,-0.011852936167444534,2.0005706306382036,1.1998328274382353,0.0,0.0,22204252294240.92,-4.451534384502361,0.04018608580223404,0.05966941467589926,10476289296099.928,14275310596028.498,477248916451834.75,20955990833.83229,-0.03140711410469745,0.2348635990116394,-0.13611816322593717,0.01658988461327613,143761362140321.16,631486567888255.8,645761878484284.2,621010278592155.9,45560.72644467961,20955990833.83229,1.0,354.8991186307615,1.3008480395574234e-07,1.3008480395574234e-07,0.051038078042870305,13724.226222419771,354.8991186307615
2095.0,1886.5001085234233,10485630990.489065,521.6362896970044,0.00012346868093214168,2.5563950657445917,0.23151271153648045,1237775350755043.2,0.466227411485865,0.466227411485865,5161654484029.871,2.5339521174343886,62700.50121050275,61304.706133654705,60273.722005808886,1395.7950768480457,1030.9841278458189,0.7932170539473966,0.022261306527071922,0.02226130652707192,0.02226130652707192,0.016817373295911375,1030.9841278458189,-123140711.69357385,-0.0117437578916584,1.9406755625256051,1.1973337821530623,0.0,0.0,22540352424935.17,-4.436616427902651,0.04073701871775415,0.06047892271914013,10810519121642.459,14635792114169.934,485690119875792.9,20349207820.903286,-0.030573655853369196,0.2325480539897426,-0.13580928951666613,0.016817373295911375,146317887500439.5,642818526497874.9,657454318612044.8,632008007376232.4,46319.58918984804,20349207820.903286,1.0,360.0767381229176,1.2677493834934824e-07,1.2677493834934824e-07,0.05100907289893897,13954.132815960847,360.0767381229176
2096.0,1908.8671702629629,10495937828.374434,521.0523289200669,0.00012245248780623288,2.562585178478659,0.2315299108450932,1260315703179978.5,0.4652984650641425,0.4652984650641425,5182003691850.774,2.5424876421701725,63769.51855371968,62340.34595411783,61277.88953255419,1429.1725996018513,1062.4564215636408,0.8008752972415948,0.022411531904508748,0.022411531904508748,0.02241153190450875,0.017042838073847124,1062.4564215636408,-122129077.47142246,-0.011635842310466249,1.8804402460882306,1.1948399419491262,0.0,0.0,22881272107249.89,-4.4220128318522,0.04128293701150043,0.06128083331071599,11151476546089.152,15000506751437.299,494256076362437.5,19736983912.915188,-0.029730444630562437,0.2301741025063442,-0.13547198077946482,0.017042838073847124,148912842425247.75,654320395333774.4,669320902085211.8,643168918787685.2,47090.225232306446,19736983912.915188,1.0,365.245756134368,1.2355428681215414e-07,1.2355428681215414e-07,0.05098136993011271,14187.664300247741,365.245756134368
2097.0,1931.4653014383434,10505936426.134096,520.4690328869968,0.00012145281921179507,2.5686704563047855,0.23154739634268415,1283196975287228.5,0.4643792950869753,0.4643792950869753,5201740675763.689,2.550709834568672,64855.15149406496,63392.23197993182,62297.715106752235,1462.9195141331402,1094.516873179582,0.8084854825497981,0.022556720328793238,0.022556720328793238,0.022556720328793238,0.017265788551601637,1094.516873179582,-121124692.59557353,-0.011529166718948458,1.8199306004967954,1.1923512959851383,0.0,0.0,23227108844876.484,-4.4077428121064255,0.041822669900663634,0.06207343361799411,11498924686955.764,15369339412033.752,502949028031353.25,19120075188.795383,-0.028878410175524408,0.2277422738069221,-0.1351062461453464,0.017265788551601637,151546806373599.34,665994759091908.5,681364098503942.1,654495834404952.6,47872.84137568545,19120075188.795383,1.0,370.3995550497066,1.2042016011494358e-07,1.2042016011494358e-07,0.05095499699212325,14424.873731066782,370.3995550497066
2098.0,1954.2964861275175,10515635712.719784,519.8863986313299,0.00012046934062410955,2.5746460965191638,0.2315650200887678,1306424084132105.0,0.46346979866482535,0.46346979866482535,5220860750952.484,2.5586160838800174,65957.6304045626,64460.605112886515,63333.46516021625,1497.025291676084,1127.1399526702671,0.8160392079421314,0.02269677188967855,0.022696771889678554,0.022696771889678554,0.017485717837993693,1127.1399526702671,-120127561.24669893,-0.011423708896780422,1.7592167065457853,1.1898678334423909,0.0,0.0,23577960946222.625,-4.39382558342539,0.04235500853086149,0.06285495678600372,11852593139532.748,15742172619993.78,511771278689631.0,18499282025.76614,-0.02801854292419665,0.2252532358169071,-0.13471213404307628,0.017485717837993693,154220369359433.12,677844241188596.9,693586413808590.8,665991648049064.1,48667.650028099495,18499282025.76614,1.0,375.5312618175037,1.1736995840122424e-07,1.1736995840122424e-07,0.05092525069484788,14665.815132116752,375.5312618175037
2099.0,1977.3627212097454,10525044376.0436,519.3044236359176,0.00011950172561224961,2.5805314053611634,0.23158368952210062,1330002045078327.5,0.4625698739909878,0.4625698739909878,5239360032978.251,2.5662042031310515,67077.18897304652,65545.70971303826,64385.30811248425,1531.4792600082526,1160.4016005540086,0.8235564341741244,0.02283159571018463,0.022831595710184633,0.02283159571018463,0.01770370029761358,1160.4016005540086,-119137818.82131144,-0.011319460000803888,1.6980978936474354,1.1873895435247095,0.0,0.0,23934387484044.312,-4.380188578258753,0.042882516018559524,0.06362917314275884,12213278339862.96,16118887172577.273,520723633057259.7,17872555685.505424,-0.02715189478819532,0.22270780025507728,-0.13428973410273234,0.01770370029761358,156934591991877.06,689871503388999.8,705990390561577.0,677658225049136.8,49474.72090877791,17872555685.505424,1.0,380.6548830991136,1.1440164178791811e-07,1.1440164178791811e-07,0.05088511567670917,14910.587203706338,380.6548830991136
2100.0,2000.666016409107,10534170868.393435,518.7231057429201,0.00011854965561361307,2.5863821036966304,0.2316058480686058,1353936432562371.8,0.4616794203301947,0.4616794203301947,5257232588663.757,2.5734724529593542,68214.07118261838,66647.80035407623,65453.25083882004,1566.270828542148,1194.5495152561882,0.8311015053237301,0.02296111053610958,0.022961110536109584,0.02296111053610958,0.01792331493177522,1194.5495152561882,-118155787.97016853,-0.01121642979275012,1.6359390178617372,1.1849164154584066,0.0,0.0,24297599619677.22,-4.366620496532394,0.04341372454020043,0.06440860588970587,12583588704465.236,16499364534043.143,529804485352031.7,17233261144.42728,-0.026277759628882777,0.22010634024091102,-0.13383902829281596,0.01792331493177522,159691242875914.4,702079316932411.5,718578681466454.6,689495728227946.1,50293.89516944793,17233261144.42728,1.0,385.81766089567424,1.1151388803608931e-07,1.1151388803608931e-07,0.05084635915898872,15159.355669372098,385.81766089567424
2101.0,2024.2083943378414,10543023411.79797,518.1424430818618,0.00011761281971550375,2.5921957526590784,0.231631337547506,1378234032182049.0,0.4607983380073391,0.4607983380073391,5274465849808.185,2.580418768280257,69368.54113942379,67767.1523392528,66537.5597838807,1601.3888001709909,1229.5925553721029,0.838670978903111,0.023085231055275632,0.02308523105527563,0.023085231055275626,0.018144373976592274,1229.5925553721029,-117181437.40931143,-0.011114595200289679,1.5727500363240914,1.182448438492234,0.0,0.0,24667613203255.656,-4.353131373825661,0.04394817960689834,0.06519258386012938,12963623098260.572,16883479611593.818,539016034143900.7,16581540453.871002,-0.02539157297757949,0.21744787154719028,-0.13335965308264708,0.018144373976592274,162491016421460.56,714470673663621.9,731354153275215.6,701507050565361.2,51125.37581399327,16581540453.871002,1.0,391.01710201407724,1.0870421615200532e-07,1.0870421615200532e-07,0.050809591678546706,15412.183969887432,391.01710201407724
2102.0,2047.9918905395007,10551610003.336288,517.562434012125,0.0001166909144435194,2.5979669517512325,0.23165986884248946,1402901645385304.8,0.4599265283963177,0.4599265283963177,5291047390262.056,2.5870390709991766,70540.86497810819,68904.04620341898,67638.52166271386,1636.8187746892065,1265.5245407051311,0.8462576900705918,0.023203837593956073,0.023203837593956073,0.023203837593956077,0.018366476432589186,1265.5245407051311,-116214717.6409079,-0.01101393224390991,1.508577900068467,1.1799856018973365,0.0,0.0,25044395466986.203,-4.339742538648035,0.04448491979535307,0.06597969330752373,13353321403171.824,17271073356659.277,548360741781653.06,15917925661.174488,-0.024490896515844587,0.21473146631395015,-0.13285125608321774,0.018366476432589186,165334560005516.7,727048623190341.5,744319696547000.9,713695301787169.8,51969.390605629684,15917925661.174488,1.0,396.2478800689945,1.0597017936246521e-07,1.0597017936246521e-07,0.050774804619904135,15669.131057084174,396.2478800689945
2103.0,2072.0185535319274,10559938420.387594,516.983077076983,0.00011578364355651152,2.603690300475819,0.23169115283724437,1427946040852291.0,0.4590638939089908,0.4590638939089908,5306965315923.23,2.5933282173002286,71731.31015779663,70058.76606456937,68756.42952017639,1672.5440932272572,1302.3365443929736,0.853854228190747,0.02331679275825223,0.02331679275825223,0.02331679275825223,0.018589201859374464,1302.3365443929736,-115255577.28903393,-0.010914417556310292,1.443473437938361,1.1775278949672054,0.0,0.0,25427922736260.438,-4.326475340006408,0.045022938319367545,0.06676845555602262,13752593711410.176,17661962629862.844,557841134917292.8,15242990616.094265,-0.0235747146322947,0.21195633064096017,-0.13231351625133372,0.018589201859374464,168222526821489.53,739816255450192.6,757478218080055.5,726063661738782.4,52826.17309967398,15242990616.094265,1.0,401.5043921377133,1.0330942085264138e-07,1.0330942085264138e-07,0.05074197866870156,15930.256420502408,401.5043921377133
2104.0,2096.2904448500367,10568016225.817007,516.4043709668598,0.00011489071784789216,2.6093603983355647,0.23172490041545887,1453373963588551.5,0.4582103379842588,0.4582103379842588,5322208306539.325,2.599280629075312,72940.14563041304,71231.59911015602,69891.5824030372,1708.546520257029,1340.0167071188193,0.8614529359457173,0.023423952687374884,0.023423952687374884,0.023423952687374884,0.018812110409687027,1340.0167071188193,-114303963.82221727,-0.010816028418179354,1.3774915213016499,1.1750753070176323,0.0,0.0,25818178294759.625,-4.313351140874279,0.045561183169206765,0.06755732731274833,14161318303697.559,18055947348639.47,567459802229708.8,14557352748.04119,-0.02264282586266284,0.20912180932648997,-0.13174614574496635,0.018812110409687027,171155574653614.75,752776695187021.1,770832642535660.5,738615376883323.5,53695.962430814565,14557352748.04119,1.0,406.780755268772,1.0071967108738826e-07,1.0071967108738826e-07,0.050711090139556436,16195.619972222634,406.780755268772
2105.0,2120.8096390884043,10575850773.09386,515.8263144899605,0.00011401185495307068,2.614971844833194,0.23176082246082125,1479192141883311.0,0.45736576507725296,0.45736576507725296,5336765659287.366,2.6048906536824314,74167.64197530622,72422.83532335318,71044.28527380958,1744.8066519530414,1378.5500495435992,0.8690459091060236,0.02352517358626511,0.02352517358626511,0.02352517358626511,0.01903474288722134,1378.5500495435992,-113359824.0394728,-0.010718742772720734,1.310691224673873,1.1726278273866613,0.0,0.0,26215151034623.406,-4.300391313994735,0.04609855735388546,0.06834470112323088,14579339607214.254,18452814778956.883,577219394113965.4,13861674801.754519,-0.021695507005052753,0.20622739083430064,-0.13114889185210651,0.01903474288722134,174134365222954.5,765933098944134.1,784385913723091.0,751353759336919.9,54579.00328761026,13861674801.754519,1.0,412.07080381822027,9.819874470214162e-08,9.819874470214162e-08,0.05068211421581248,16465.28198619932,412.07080381822027
2106.0,2145.578223943678,10583449211.33934,515.2489065487974,0.00011314677916281206,2.6205192394714327,0.23179862985701968,1505407292917934.5,0.45653008064864065,0.45653008064864065,5350627334089.121,2.6101527737032835,75414.07151234242,73632.7673395475,72214.8490553191,1781.3041727949249,1417.9182842284044,0.8766249969969206,0.023620315639679965,0.023620315639679965,0.023620315639679965,0.019256620869481475,1417.9182842284044,-112423104.33162309,-0.01062253922012216,1.2431359821898618,1.1701854454345437,0.0,0.0,26618834544185.844,-4.287617239342992,0.04663391929152505,0.06912890603441835,15006466146960.738,18852342242721.92,587122623445527.0,13156666530.29485,-0.02073332820856797,0.2032727124740414,-0.13052153899019883,0.019256620869481475,177159563835979.28,779288653428467.1,798140995671189.0,764282187281506.4,55475.54598896463,13156666530.29485,1.0,417.368087679138,9.574453710999062e-08,9.574453710999062e-08,0.05065502647963105,16739.30306635446,417.368087679138
2107.0,2170.5983002567696,10590818490.300667,514.6721461214266,0.00011229522124231522,2.6259971817530072,0.2318380334877423,1532026127462120.2,0.45570319115404284,0.45570319115404284,5363784000619.416,2.6150617340636377,76679.70840028566,74861.69037082848,73403.59074247838,1818.018029457186,1458.0996283501004,0.8841818036960276,0.02370924547556591,0.02370924547556591,0.02370924547556591,0.019477246921988836,1458.0996283501004,-111493750.82510501,-0.010527397002149904,1.1748937396186152,1.167748150543692,0.0,0.0,27029226434967.22,-4.275050302454476,0.04716608340820205,0.06990820855198732,15442468504630.773,19254298962075.15,597172266908723.6,12443086341.691326,-0.019757051639716486,0.20025756578041737,-0.1298639107732064,0.019477246921988836,180231839181179.25,792846574594533.6,812100873556608.8,777404106089902.9,56385.84661380314,12443086341.691326,1.0,422.665871470712,9.335502106878068e-08,9.335502106878068e-08,0.05062980349838364,17017.744128675233,422.665871470712
2108.0,2195.8719820548695,10597965365.249416,514.0960322464483,0.00011145691825581835,2.6314002711806443,0.2318787442366774,1559055353897087.5,0.45488500403356286,0.45488500403356286,5376227086961.107,2.619612623806489,77964.82872424395,76109.90216310788,74610.83354452529,1854.9265611360775,1499.0686185825953,0.8917076899975628,0.023791837825961504,0.023791837825961507,0.023791837825961507,0.019696104921669788,1499.0686185825953,-110571709.46819602,-0.010433295982525018,1.1060371014670811,1.1653159321186333,0.0,0.0,27446327794065.094,-4.262711893167959,0.047693820985868496,0.07068081394938663,15887077299870.633,19658447450001.35,607371166593494.5,11721742894.02898,-0.018767576402582104,0.19718190207616065,-0.12917587214319518,0.019696104921669788,183351863183773.88,806610107077139.0,826268554527140.2,790723029777268.4,57310.167155769,11721742894.02898,1.0,427.95713475346946,9.102824333274637e-08,9.102824333274637e-08,0.050606422892487624,17300.66638875629,427.95713475346946
2109.0,2221.401396593246,10604896401.80186,513.5205640110195,0.00011063161339654446,2.636723107257068,0.23192047298751312,1586501681691152.5,0.4540754277014257,0.4540754277014257,5387948829855.137,2.6238009331533068,79269.71057420742,77377.70296565985,75836.90703605478,1892.0076085475825,1540.795929605077,0.8991937761778895,0.023867976744741635,0.023867976744741635,0.023867976744741632,0.019912660502326887,1540.795929605077,-109656926.0919945,-0.010340216626101397,1.036643472622309,1.1628887795859626,0.0,0.0,27870142695862.844,-4.250623404531035,0.048215861288106954,0.07144486796861571,16339981209779.834,20064544680068.0,617722231685461.5,10993496632.763712,-0.01776590904054253,0.19404583820319649,-0.12845733156308836,0.019912660502326887,186520310864978.06,820582523760219.2,840647068440287.1,804242542550439.5,58248.775686342895,10993496632.763712,1.0,433.2345733371281,8.876232144688279e-08,8.876232144688279e-08,0.05058486312056232,17588.131349711886,433.2345733371281
2110.0,2247.188684396834,10611617980.65957,512.9457405412697,0.00010981905582180761,2.641960289485005,0.2319629306239377,1614371824387015.2,0.45327437153572586,0.45327437153572586,5398942326487.9,2.627622597264529,80594.63411568847,78665.39550143188,77082.14730363396,1929.2386142565956,1583.2481977979119,0.9066309455963564,0.023937556580842543,0.023937556580842543,0.023937556580842543,0.02012636163214985,1583.2481977979119,-108749346.46332407,-0.010248139978420586,0.9667951939138704,1.1604666823942982,0.0,0.0,28300677734007.094,-4.238806231725462,0.048730892985373586,0.07219845894225974,16800825043599.182,20472343168028.043,628228440142383.1,10259261263.351683,-0.016753148167958077,0.19084966240557208,-0.1277082432669506,0.02012636163214985,189737860172708.62,834767125358691.0,855239468526719.1,817966300315091.8,59201.94651629697,10259261263.351683,1.0,438.49060174695336,8.655544070719211e-08,8.655544070719211e-08,0.05056510311269635,17880.20078733699,438.49060174695336
2111.0,2273.2359993016407,10618136302.268772,512.3715609946427,0.00010901900049310712,2.647106417367181,0.2320058280296393,1642672502121022.2,0.4524817458682835,0.4524817458682835,5409201587751.252,2.631074033000869,81939.88165287366,79973.28493129874,78346.89707950868,1966.5967215749242,1626.3878517900541,0.9140098491644004,0.02400048281624477,0.024000482816244766,0.024000482816244766,0.020336639331336795,1626.3878517900541,-107848916.33843005,-0.010157047646429818,0.8965796709283064,1.1580496300142349,0.0,0.0,28737941549896.188,-4.227281770931751,0.049237565896863345,0.07293962035967128,17269207890660.896,20881592041277.457,638892840288048.0,9520005151.76004,-0.015730476885936016,0.1875938403467717,-0.12692860956384067,0.020336639331336795,193005191761998.4,849167239940707.2,870048831981984.8,831898032050046.4,60169.96034902434,9520005151.76004,1.0,443.71735691341087,8.440585129171931e-08,8.440585129171931e-08,0.05054712182417842,18176.93673048434,443.71735691341087
2112.0,2299.5455084959044,10624457391.397236,511.7980245537726,0.00010823120802104264,2.6521560904063226,0.23204887608830616,1671410443670918.5,0.45169746197460725,0.45169746197460725,5418721592903.012,2.6341521721557006,83305.73768432612,81301.67880813629,79631.50585651107,2004.0588761898243,1670.1729516252312,0.9213209107147712,0.024056672828273687,0.02405667282827369,0.024056672828273697,0.020542908536571182,1670.1729516252312,-106955581.52181356,-0.010066921780722365,0.8260894953657665,1.155637611938298,0.0,0.0,29181944342565.938,-4.21607141808693,0.04973449306298294,0.07366633389560917,17744681360806.426,21292038139930.22,649718552275643.5,8776752644.99443,-0.014699159463324802,0.18427902124301895,-0.12611848319092364,0.020542908536571182,196322988709657.75,863786222346107.6,885078260486037.9,846041540985301.2,61153.104421288306,8776752644.99443,1.0,448.90670314833017,8.231186555812386e-08,8.231186555812386e-08,0.050530897749993864,18478.401435222764,448.90670314833017
2113.0,2326.119392561066,10630587101.627693,511.2251304215895,0.00010745544451488998,2.657103908105154,0.2320917856836264,1700592388013484.5,0.4509214320639626,0.4509214320639626,5427498345548.006,2.6368544930590607,84692.48895104729,82650.88701811241,80936.32997969823,2041.6019329348699,1714.5570384141854,0.9285543333013206,0.024106056608100477,0.024106056608100477,0.024106056608100473,0.020744569118035617,1714.5570384141854,-106069287.9320897,-0.009977745059428467,0.755422558194337,1.1532306176808989,0.0,0.0,29632697349782.688,-4.20519656750915,0.05022025315992984,0.07437653291608348,18226747937570.816,21703427174915.594,660708769384131.6,8030585303.419314,-0.013660540329357936,0.18090604409308517,-0.12527796971116845,0.020744569118035617,199691936151131.16,878627453472833.5,900330880647749.2,860400705535262.8,62151.67262803084,8030585303.419314,1.0,454.05023846862593,8.027185549917361e-08,8.027185549917361e-08,0.0505164084224492,18784.65735166739,454.05023846862593
2114.0,2352.9598455125133,10636531119.76707,510.6528778174075,0.0001066914814366825,2.6619444699664028,0.2321342676992883,1730225085363267.2,0.45015356926954475,0.45015356926954475,5435528930851.425,2.6391790515825493,86100.42447654613,84021.22170743243,82261.73271099801,2079.202769113709,1759.488996434413,0.9357001064582042,0.02414857745190428,0.024148577451904275,0.024148577451904275,0.020941007053683087,1759.488996434413,-105189981.67543788,-0.00988950067376303,0.6846821538265693,1.1508286367782876,0.0,0.0,30090212292956.062,-4.194678610374014,0.05069339326569178,0.07506810647308215,18714859465462.367,22115504957983.836,671866759117208.2,7282643036.325449,-0.012616044290939193,0.17747594398399857,-0.12440722995057674,0.020941007053683087,203112720829282.84,893694339411953.6,915809844369937.4,874979479946491.1,63165.965628455895,7282643036.325449,1.0,459.13930232589036,7.828425034574832e-08,7.828425034574832e-08,0.05050362990464996,19095.767082542112,459.13930232589036
2115.0,2380.0690748400975,10642294970.17093,510.0812659737975,0.00010593909545964932,2.6666723754927935,0.2321760330189801,1760315297656223.2,0.449393787638755,0.449393787638755,5442811573887.75,2.6411245120898874,87529.83559845011,85412.99719324165,83608.08426351692,2116.8384052084566,1804.9129297247325,0.9427480144454643,0.024184192632551213,0.024184192632551213,0.02418419263255122,0.02113159576453251,1804.9129297247325,-104317609.12650628,-0.00980217231517224,0.6139770745153373,1.1484316587885095,0.0,0.0,30554500780116.812,-4.184538933034515,0.05115243198465225,0.0757389037969165,19208415793606.0,22528018712414.613,683195864077514.2,6534125131.914838,-0.011567177367240737,0.17398995845089016,-0.1235064824694952,0.02113159576453251,206586030545739.2,908990310416859.5,931518329129274.1,889781894623253.5,64196.29093089695,6534125131.914838,1.0,464.16498479679393,7.6347534306455e-08,7.6347534306455e-08,0.05049253628732164,19411.793332619975,464.16498479679393
2116.0,2407.449301548452,10647884018.98283,509.51029413408725,0.00010519806833086623,2.671282224187053,0.23221679252638985,1790869798436340.0,0.4486420021235795,0.4486420021235795,5449345699019.665,2.642690178607431,88981.01599110536,86826.52985764146,84975.76180234383,2154.4861334638977,1850.7680552976362,0.9496876455059011,0.02421287405483504,0.02421287405483505,0.02421287405483505,0.021315697613760537,1850.7680552976362,-103452117.01626742,-0.009715744163989305,0.5434216941409984,1.1460396732913576,0.0,0.0,31025573662202.938,-4.174798915180344,0.051595862935830406,0.07638673929198958,19706763598847.633,22940718469630.344,694699502590231.5,5786291172.612513,-0.010515527899739608,0.17044953386802858,-0.12257600606215983,0.021315697613760537,210112553505836.94,924518819694916.1,947459538164546.5,904812056096068.4,65242.96295411703,5786291172.612513,1.0,469.11813728526516,7.446024443314039e-08,7.446024443314039e-08,0.050483099193578074,19732.7988482268,469.11813728526516
2117.0,2435.1027601970404,10653303478.288393,508.9399615503629,0.00010446818673798093,2.675768615551906,0.2322562571052059,1821895372098543.0,0.44789812857106914,0.44789812857106914,5455131990192.277,2.6438760263369594,90454.26167853687,88262.13802390498,86365.1494087501,2192.1236546319033,1896.9886151548726,0.9565084021557222,0.024234608894630492,0.024234608894630492,0.024234608894630486,0.0214926655712905,1896.9886151548726,-102593452.52613547,-0.009630200879494573,0.4731360405403165,1.1436526698883296,0.0,0.0,31503440338527.094,-4.16547992783558,0.05202215860747028,0.07700939803869067,20209195412102.887,23353358554728.32,706381169050752.8,5040461826.391752,-0.00946276774265442,0.1668563318468933,-0.12161614227820726,0.0214926655712905,213692977548381.44,940283342011237.1,963636700565965.4,920074146599134.2,66306.30306274192,5040461826.391752,1.0,473.98938478271697,7.262096860209208e-08,7.262096860209208e-08,0.050474572732328804,20058.846346008184,473.98938478271697
2118.0,2463.0316989400285,10658558410.184072,508.3702674818717,0.00010374924217987905,2.680130147143981,0.2322942314966389,1853398812437070.0,0.44716208371391974,0.44716208371391974,5460172452018.669,2.6446827335466603,91949.8710370826,89720.14181405322,87776.60893060912,2229.7292230293892,1943.5328834440986,0.9632050544693299,0.024249400220802464,0.024249400220802467,0.024249400220802467,0.021662169097682763,1943.5328834440986,-101741579.32432786,-0.009545529086477163,0.40318512901557935,1.1412706382025803,0.0,0.0,31988123833082.562,-4.156588052625838,0.05243054385562573,0.07760576505968053,20715258760302.4,23765699162553.094,718244108257992.6,4297372247.730153,-0.00841065341991783,0.16321223561591955,-0.12062729795946715,0.021662169097682763,217328005076789.56,956287372095084.6,980053071257637.6,935572113334782.1,67386.60901569226,4297372247.730153,1.0,478.7735472289109,7.082838681610457e-08,7.082838681610457e-08,0.05045117826222212,20389.999914916854,478.7735472289109
2119.0,2491.238379565878,10663653730.760782,507.8012111937443,0.00010304103084116174,2.6844524120029947,0.23233260892941104,1885386936270152.5,0.44643378516115106,0.44643378516115106,5464469824266.399,2.6451117138260334,93468.14502231659,91200.86321663331,89209.85837514176,2267.281805683273,1991.0048414915466,0.9698937812731864,0.024257267597874478,0.024257267597874485,0.02425726759787448,0.021830986805050603,1991.0048414915466,-100896810.15501177,-0.009461748543462264,0.33229613492304977,1.1388935678788787,0.0,0.0,32480023325550.906,-4.147796844239659,0.052837117028771474,0.0781993582546524,21231386205934.11,24177508085860.477,730284322130155.2,3543490918.889568,-0.0073606200550752916,0.15951922496218304,-0.11960991406284054,0.021830986805050603,221018716952566.16,972534425288655.6,996711933374516.1,951303039082721.5,68483.4992366218,3543490918.889568,1.0,483.5622748631844,6.90821509631065e-08,6.90821509631065e-08,0.050422257310537066,20726.359138519954,483.5622748631844
2120.0,2519.725077536727,10668594214.002632,507.23279195597456,0.00010234335347031116,2.688766358912345,0.2323721155366731,1917866959595703.5,0.4457131513888847,0.4457131513888847,5468013315185.289,2.6451649703177083,95009.39278291198,92704.63171287622,90664.97989169591,2304.7610700357527,2039.6518211803088,0.976617265463783,0.024258244395919126,0.024258244395919122,0.024258244395919115,0.022001617216899114,2039.6518211803088,-100059237.5154608,-0.009378858686379889,0.2599764013555681,1.136521448583561,0.0,0.0,32979387580028.97,-4.13898854364042,0.05324780493989667,0.07879882960242746,21760217618024.176,24588560616441.945,742501796345612.6,2773582731.2792397,-0.006304951052751032,0.15577647739599923,-0.11856372201562701,0.022001617216899114,224766083539599.34,989028097503236.1,1013616658119678.1,967267879885212.0,69596.9667091726,2773582731.2792397,1.0,488.389545587008,6.738131829473842e-08,6.738131829473842e-08,0.05039474776173081,21068.013182523307,488.389545587008
2121.0,2548.4940820275347,10673384495.601212,506.6650090426028,0.00010165601526142356,2.6930646308935793,0.23241259520956203,1950846347175732.5,0.4450001017312179,0.4450001017312179,5470786897916.568,2.6448410830359284,96573.92943035248,94231.78912016103,92142.34448648628,2342.1403101914457,2089.4446336747556,0.9833651750001173,0.024252304157102333,0.024252304157102333,0.02425230415710234,0.02217345816293873,2089.4446336747556,-99228797.54635732,-0.0092968446500969,0.18631293058020904,1.134154270004488,0.0,0.0,33486336249093.406,-4.130191794045532,0.0536611743914609,0.07940208384762304,22301445957481.29,24998564073319.99,754899700063741.9,1988589544.584828,-0.0052360803056962085,0.15198213070734404,-0.11748818325963084,0.02217345816293873,228570970966666.7,1005772116987889.8,1030770681061209.8,983470671030408.5,70727.30307568853,1988589544.584828,1.0,493.247202620633,6.572456345397826e-08,6.572456345397826e-08,0.050368779545956865,21415.041410797756,493.247202620633
2122.0,2577.5476959649654,10678029076.685892,506.09786173106323,0.00010097882573939467,2.697339870968244,0.23245389183921478,1984332683424826.0,0.4442945563711945,0.4442945563711945,5472775487461.153,2.644135302323656,98162.07413509014,95782.688052076,93642.33891995727,2379.38608301414,2140.3491321187307,0.9901268901059498,0.024239362340078927,0.024239362340078927,0.024239362340078927,0.022345887087184754,2140.3491321187307,-98405422.69923183,-0.009215691584328747,0.11139897980781094,1.1317920218509971,0.0,0.0,34001008525051.938,-4.12143528176248,0.054075745861922875,0.08000695995507556,22854710267023.223,25407153779086.74,767481340928644.2,1189521545.5009499,-0.004150410355613913,0.14813456597350053,-0.11638281384940843,0.022345887087184754,232434276867534.56,1022770328063202.0,1048177481842288.6,999915617796178.8,71874.81279708643,1189521545.5009499,1.0,498.126757430681,6.411059884048237e-08,6.411059884048237e-08,0.05034443338350392,21767.52612287084,498.126757430681
2123.0,2606.8882360660596,10682532327.470808,505.5313493016626,0.00010031159864844585,2.7015847221578846,0.23249584931676837,2018333691949878.0,0.4435964363318702,0.4435964363318702,5473965009006.654,2.6430413135369957,99774.15043571191,97357.6894736557,95165.36356330928,2416.4609620562073,2192.325910346423,0.996891501255941,0.024219308824014695,0.024219308824014695,0.024219308824014695,0.022518261497358673,2192.325910346423,-97589042.3069968,-0.009135384693013322,0.03533430432364229,1.129434693853861,0.0,0.0,34523555598613.375,-4.112747723939155,0.054489993803808034,0.08061123164129502,23419592409627.53,25813922345236.645,780250147926962.6,377459848.2060003,-0.0030465844431584134,0.14423241462420225,-0.11524718745013023,0.022518261497358673,236356924793601.2,1040026665130191.4,1065840587475428.1,1016607072720563.9,73039.81153611865,377459848.2060003,1.0,503.0193852900763,6.25381748515029e-08,6.25381748515029e-08,0.05032176157641621,22125.55202719063,503.0193852900763
2124.0,2636.5180328766223,10686898490.819206,504.96547103716176,9.965415184388337e-05,2.7057918274840476,0.23253831153335972,2052857247548491.5,0.4429056634674719,0.4429056634674719,5474342468854.86,2.6415522305008174,101410.48643530696,98957.1612791036,96711.83127541294,2453.325156203343,2245.330003690654,1.0036478083396072,0.024192026312470145,0.024192026312470145,0.024192026312470145,0.02268991930111875,2245.330003690654,-96779584.0617103,-0.009055909359001654,-0.04177460686971995,1.1270822757652406,0.0,0.0,35054136372822.594,-4.104157855780953,0.0549023475484578,0.08121260877332981,23995613827832.73,26218436909318.297,793209662573900.5,-446440983.11057574,-0.0019245312556592767,0.14027456583704676,-0.11408093844007883,0.02268991930111875,240339861127671.75,1057545137529405.1,1083763574438723.5,1033549523701572.2,74222.62532532925,-446440983.11057574,1.0,507.9159223572466,6.100608080757137e-08,6.100608080757137e-08,0.05030079939699528,22489.205950083695,507.9159223572466
2125.0,2666.4394308093742,10691131685.725979,504.40022622244334,9.900630718698721e-05,2.7099538299682786,0.23258112238012585,2087911383921314.0,0.4422221604546509,0.4422221604546509,5473896027871.75,2.6396611625278266,103071.4149338227,100581.47743981236,98282.16684446578,2489.937494010341,2299.310595346576,1.0103843210575771,0.024157400920604543,0.024157400920604543,0.024157400920604543,0.022860179168897935,2299.310595346576,-95976974.90555039,-0.008977251214077914,-0.11981430343902905,1.1247347573586415,0.0,0.0,35592914984673.19,-4.095694422949132,0.055311192259183906,0.08180873881785677,24582232361235.242,26620249637691.098,806363534715870.8,-1280950495.9001906,-0.000784937523128652,0.13626017423811737,-0.11288376511264557,0.022860179168897935,244384053376804.6,1075329820453910.6,1101950070091601.8,1050747588092675.4,75423.59016982914,-1280950495.9001906,1.0,512.8068643768044,5.9513144875038124e-08,5.9513144875038124e-08,0.05028157125122412,22858.576674636643,512.8068643768044
2126.0,2696.654788181871,10695235910.71923,503.83561414424395,9.836789044292927e-05,2.714063372632125,0.2326241257482037,2123504298905987.2,0.44154585078382674,0.44154585078382674,5472615077375.85,2.6373615459120288,104757.27352348129,102231.01746723997,99876.80673568077,2526.2560562413105,2354.210731559199,1.0170892606047128,0.024115328428006972,0.024115328428006972,0.024115328428006972,0.02302834100534711,2354.210731559199,-95181141.5810905,-0.008899396177478966,-0.19866415503000848,1.1223921284288694,0.0,0.0,36140059315658.625,-4.087386176820844,0.05571487011784182,0.08239720860816346,25178839157572.535,27018904492384.004,819715520841160.0,-2124760005.0496392,0.00037104250886336294,0.1321886678821876,-0.11165543297241583,0.02302834100534711,248490489206257.38,1093384849204989.9,1120403753697373.9,1068206010047417.4,76643.05188627074,-2124760005.0496392,1.0,517.6823671049068,5.805823344849616e-08,5.805823344849616e-08,0.05026409393585052,23233.754849410045,517.6823671049068
2127.0,2727.1664772541335,10699215047.181849,503.2716340909407,9.773873118162393e-05,2.7181130984971316,0.23266716552873024,2159644358221646.0,0.44087665875062343,0.44087665875062343,5470490317370.8,2.634647345591161,106468.40466205736,103906.16604616401,101496.1989972719,2562.2386158933496,2409.9670488920997,1.0237505626942576,0.024065718125731123,0.02406571812573112,0.02406571812573112,0.023193686578921468,2409.9670488920997,-94392010.99346901,-0.008822330477256056,-0.27819614260669134,1.120054378791985,0.0,0.0,36695740027371.44,-4.07926187124201,0.05611168186099924,0.08297554659592954,25784755712718.785,27413941953636.52,833269483693838.8,-2976480355.0454593,0.0015419464900746764,0.12805975648557685,-0.11039577811947013,0.023193686578921468,252660175849536.03,1111714415256093.8,1139128357209730.2,1085929659543374.8,77881.36606463669,-2976480355.0454593,1.0,522.5322485625668,5.6640250263001556e-08,5.6640250263001556e-08,0.05024837827620865,23614.832932635207,522.5322485625668
2128.0,2757.976884266028,10703072862.594063,502.7082853523807,9.711866268141846e-05,2.722095650584845,0.23271008561284248,2196340098249017.5,0.44021450944739515,0.44021450944739515,5467513837015.754,2.6315131854798386,108205.15573187896,105607.31275640949,103140.80323948814,2597.842975469462,2466.5095169213405,1.0303558819764407,0.02400849532444318,0.024008495324443175,0.024008495324443182,0.02335548034074604,2466.5095169213405,-93609510.46864559,-0.008746040662378319,-0.35827466106753514,1.1177214982852617,0.0,0.0,37260129858439.5,-4.071350260010162,0.05649988873768641,0.08354122569011169,26399231075890.79,27804902652027.812,847029392495378.1,-3834639802.2270207,0.002726090835060619,0.12387343988299698,-0.10910471071545147,0.02335548034074604,256894139683341.25,1130322763254610.2,1158127665906638.0,1103923532178719.4,79138.89808744952,-3834639802.2270207,1.0,527.345993219398,5.5258135381258004e-08,5.5258135381258004e-08,0.05023442985959692,24001.905152038627,527.345993219398
2129.0,2789.088409474397,10706813013.69805,502.1455672197438,9.65075218355325e-05,2.7260036719168124,0.23275272989167736,2233600228107457.0,0.43955932875484127,0.43955932875484127,5463679197213.527,2.627954439838106,109967.87908847108,107334.85183642284,104811.09063658923,2633.0272520482354,2523.761199833607,1.0368925979037058,0.023943603112777306,0.023943603112777306,0.023943603112777313,0.02351297045324842,2523.761199833607,-92833567.95404911,-0.008670513609911744,-0.43875633448444845,1.115393476767139,0.0,0.0,37833403031997.44,-4.063680094662372,0.05687771493509308,0.08409166674785729,27021439257844.668,28191330447651.66,860999323364976.2,-4697682031.900547,0.003921617496872652,0.11963001667774638,-0.1077822185243007,0.02351297045324842,261193425842743.16,1149214188465564.0,1177405518913215.8,1122192749207719.4,80416.02316799905,-4697682031.900547,1.0,532.1127582084215,5.391086413317399e-08,5.391086413317399e-08,0.05022224926177521,24395.06746859017,532.1127582084215
2130.0,2820.5034671899225,10710439049.585707,501.5834789854337,9.590514906116028e-05,2.7298298055145778,0.23279494225637182,2271433631139454.5,0.43891104333370956,0.43891104333370956,5458981515181.627,2.6239673035626607,111756.93210051213,109089.18196195268,106507.54392138968,2667.7501385594533,2581.6380405630075,1.0433478220930812,0.023871003690045186,0.023871003690045176,0.023871003690045176,0.02366539004264797,2581.6380405630075,-92064112.18708998,-0.008595736529647787,-0.5194898453881746,1.1130703041171799,0.0,0.0,38415734686584.97,-4.05628012233155,0.05724335050331708,0.08462424276022595,27650476881541.965,28572775258564.848,875183459690586.4,-5563964325.908746,0.005126518621724061,0.11533009305246647,-0.1064283705198655,0.02366539004264797,265559097800530.44,1168393034372658.8,1196965809631223.5,1140742557491116.8,81713.12638434178,-5563964325.908746,1.0,536.8213816697072,5.259744604857693e-08,5.259744604857693e-08,0.05021183198834245,24794.417537047895,536.8213816697072
2131.0,2852.2244858136955,10713954414.710714,501.0220199429899,9.531138821115122e-05,2.7335666943996895,0.23283656659806287,2309849365826039.5,0.43826958061658694,0.43826958061658694,5453417550855.718,2.6195488512671115,113572.67718147818,110870.70602431464,108230.65735305706,2701.9711571635466,2640.0486712575794,1.0497084072340468,0.023790679450534178,0.02379067945053418,0.023790679450534192,0.02381195868526895,2640.0486712575794,-91301072.84553997,-0.0085216969674782,-0.6003157795867954,1.1107519702360265,0.0,0.0,39007300279324.69,-4.049179083539452,0.05759495480054522,0.08513628376152149,28285361116471.297,28948795807713.4,889586092292899.6,-6431755896.924451,0.006338649049421215,0.11097459170542681,-0.10504332055185606,0.02381195868526895,269992236861928.62,1187863690271299.8,1216812486079013.0,1159578329154828.2,83030.60269431987,-6431755896.924451,1.0,541.4603933166128,5.1316923804072595e-08,5.1316923804072595e-08,0.05020316825549731,25200.054658737194,541.4603933166128
2132.0,2884.2539078735394,10717362451.82608,500.4611893870174,9.472608648818833e-05,2.737206981593692,0.23287744680788752,2348856666105364.0,0.4376348687997763,0.4376348687997763,5446985794958.793,2.6146970905719273,115415.48181259618,112679.83089904938,109980.93664503754,2735.6509135467963,2698.8942540118383,1.0559609575875324,0.02370263391516886,0.023702633915168858,0.023702633915168855,0.02395188413470194,2698.8942540118383,-90544380.68745768,-0.00844838280821885,-0.6810664880576914,1.108438465045356,0.0,0.0,39608274930596.72,-4.042405709853858,0.05793066047328521,0.08562508248147593,28925027939395.637,29318962382150.15,904211619275055.1,-7299236406.306558,0.007555732188006054,0.10656476087498257,-0.10362731106086054,0.02395188413470194,274493941541133.12,1207630588755584.0,1236949551137734.2,1178705560816188.2,84368.85692160115,-7299236406.306558,1.0,546.0180273131267,5.0068372194342195e-08,5.0068372194342195e-08,0.05019624268073031,25612.079723436378,546.0180273131267
2133.0,2916.594190060062,10720666404.848385,499.90098661313056,9.414909436138587e-05,2.740743310118133,0.23291742677698266,2388464941035960.5,0.43700683683525915,0.43700683683525915,5439686558552.486,2.6094110125587586,117285.71855627271,114516.96719935762,111758.89884343032,2768.751356915086,2758.0683559273075,1.062091841118563,0.02360689256114896,0.023606892561148965,0.023606892561148972,0.02408436429447093,2758.0683559273075,-89793967.68483652,-0.008375782278257209,-0.7615659675013002,1.106129778487838,0.0,0.0,40218832691008.625,-4.035988721370691,0.05824857798097072,0.08608790075219841,29568330765665.305,29682859655457.94,919064545479007.8,-8164494682.867046,0.008775362334691998,0.10210218341247485,-0.1021806768323523,0.02408436429447093,279065326794604.72,1227698203039277.8,1257381062694735.8,1198129872273612.5,85728.30370538942,-8164494682.867046,1.0,550.482237544427,4.885089713239655e-08,4.885089713239655e-08,0.05019103392439472,26030.59513804089,550.482237544427
2134.0,2949.2478032624044,10723869421.649956,499.34141091790775,9.358026548523073e-05,2.744168322994558,0.23295635039648532,2428683773726969.0,0.4363854144227425,0.4363854144227425,5431522063869.619,2.603690640973914,119183.76505888648,116382.52901072457,113565.07214806485,2801.2360481619103,2817.456862659718,1.068087203301248,0.02350350357515449,0.023503503575154485,0.02350350357515448,0.024208589438712843,2817.456862659718,-89049767.15319929,-0.00830388394821561,-0.84162976118487,1.1038259005270876,0.0,0.0,40839145718147.91,-4.029956824001502,0.05854680066960505,0.08652197667549277,30214039496294.367,30040089599707.074,934149481485258.9,-9025527660.320982,0.009995005155234559,0.09758878586143396,-0.10070384877881974,0.024208589438712843,283707523090844.9,1248071044072398.0,1278111133672105.2,1217857004576103.8,87109.36740793812,-9025527660.320982,1.0,554.8407153549236,4.76636346801943e-08,4.76636346801943e-08,0.05018751430679447,26455.70474012673,554.8407153549236
2135.0,2982.217232603736,10726974556.78022,498.7824615988549,9.301945662079475e-05,2.747474663244512,0.23299406155753244,2469522919445117.0,0.4357705320017897,0.4357705320017897,5422496536209.298,2.5975370810028946,121110.0040416576,118276.93360430702,115399.99566963191,2833.070437350571,2876.9379346750998,1.0739329826305883,0.02339253854187053,0.02339253854187053,0.023392538541870532,0.024323744681273483,2876.9379346750998,-88311713.87825851,-0.008232676735719407,-0.9210648817399955,1.1015268211476263,0.0,0.0,41469383354571.72,-4.024338706558288,0.058823410394672315,0.08692453255025512,30860840026695.63,30390274499025.785,949471142101605.6,-9880239551.568714,0.011211997281048765,0.09302684749851653,-0.09919735773833628,0.024323744681273483,288421675299083.4,1268753657427384.8,1299143931926410.8,1237892817400689.0,88512.48197484273,-9880239551.568714,1.0,559.0809098189878,4.65057501093599e-08,4.65057501093599e-08,0.050185649416417455,26887.513694789195,559.0809098189878
2136.0,3015.5049774764498,10729984774.11755,498.2241379543767,9.246652755914748e-05,2.750654973889543,0.23303040415126103,2510992302799688.5,0.4351621207440342,0.4351621207440342,5412616296657.7295,2.5909525680108967,123064.82327818466,120200.60112732285,117264.21911686359,2864.222150861813,2936.38201045927,1.0796149278706648,0.023274093071968392,0.0232740930719684,0.0232740930719684,0.024429012691449842,2936.38201045927,-87579744.24013044,-0.008162149908300604,-0.9996697576055862,1.099232530354835,0.0,0.0,42109711100958.06,-4.01916303763526,0.05907648368900387,0.08729278355370629,31507334263220.65,30733060068437.477,965034344291803.6,-10726441278.253721,0.012423545566728117,0.08841900928917,-0.09766183827706222,0.024429012691449842,293208941380927.0,1289750619935951.0,1320483680004388.5,1258243285672730.5,89938.09074357884,-10726441278.253721,1.0,563.1900505990236,4.5376436990855134e-08,4.5376436990855134e-08,0.05018539772024999,27326.12837328475,563.1900505990236
2137.0,3049.11355157708,10732902949.452847,497.66643928375305,9.192134104690091e-05,2.7537018979511965,0.233065222068808,2553102013900646.5,0.4345601125454748,0.4345601125454748,5401889855379.476,2.583940516403251,125048.6155571629,122153.95426908259,119158.30240818037,2894.6612880803123,2995.651860902214,1.085118617063362,0.02314828736953981,0.02314828736953981,0.0231482873695398,0.024523576652323072,2995.651860902214,-86853796.33520775,-0.008092293086432452,-1.0772342048298784,1.0969430181749111,0.0,0.0,42760289480024.78,-4.014458462292334,0.059304098466634314,0.08762394716417576,32152040693411.28,31068118676504.16,980844004498463.9,-11561850174.270094,0.01362672632007228,0.08376828270858883,-0.0960980324823382,0.024523576652323072,298070490870089.4,1311066536061964.8,1342134654738468.8,1278914495368553.2,91386.64619607564,-11561850174.270094,1.0,567.155173433627,4.427491631199931e-08,4.427491631199931e-08,0.05018671018444154,27771.65621210474,567.155173433627
2138.0,3083.045482940928,10735731873.006186,497.1093648871192,9.138376271382095e-05,2.756608078451018,0.23309835920131036,2595862303380671.5,0.4339644400188523,0.4339644400188523,5390328005205.205,2.5765055686217386,127061.7786287385,124137.41790154632,121082.81520254191,2924.3607271921824,3054.6026990044115,1.090429478315761,0.023015266736796325,0.023015266736796318,0.023015266736796318,0.024606623455202075,3054.6026990044115,-86133810.09556271,-0.008023096246669189,-1.153539425959662,1.0946582746548272,0.0,0.0,43421272788099.97,-4.010253598549088,0.05950434124872994,0.08791525330676397,32793395555072.38,31395152667084.66,996905135317079.9,-12384089982.044403,0.014818484689205224,0.0790780583761186,-0.09450679373219432,0.024606623455202075,303007503126167.06,1332706033998319.5,1364101186665404.0,1299912638443247.0,92858.60965135391,-12384089982.044403,1.0,570.9631482852391,4.320043561901494e-08,4.320043561901494e-08,0.0501895299123305,28224.205551188,570.9631482852391
2139.0,3117.3033139763893,10738474251.87784,496.55291406545183,9.085366100244151e-05,2.7593661584105544,0.23312965943990507,2639283576168771.5,0.43337503648610665,0.43337503648610665,5377943915223.161,2.568653644211663,129104.71513291982,126151.41869345224,123038.33634453098,2953.2964394675796,3113.082348921265,1.095532812377724,0.022875202012777082,0.02287520201277708,0.022875202012777082,0.02467734712112949,3113.082348921265,-85419727.40559375,-0.007954549724850938,-1.2283580377513474,1.0923782898622854,0.0,0.0,44092807732330.41,-4.00657703370146,0.05967531489247557,0.08816395519652986,33429754647866.387,31713897773385.105,1013222841480423.9,-13190691160.480032,0.01599563432084055,0.07435211444889314,-0.09288909042626406,0.02467734712112949,308021165349207.6,1354673761477497.8,1386387659250882.8,1321244006829631.5,94354.45089447798,-13190691160.480032,1.0,574.6007101619097,4.215226818318895e-08,4.215226818318895e-08,0.0501937918061548,28683.885450053003,574.6007101619097
2140.0,3151.889601499,10741132712.434973,495.99708612055537,9.033090709962034e-05,2.761968780851352,0.23315896667572913,2683376383901102.0,0.4327918359709127,0.4327918359709127,5364753224062.681,2.560391988845013,131177.83250844735,128196.38469718106,125025.45321901102,2981.4478112662837,3170.931478170036,1.100413817014013,0.022728289942390144,0.022728289942390147,0.02272828994239015,0.024734952437701328,3170.931478170036,-84711492.21551533,-0.007886644219323826,-1.3014541294368827,1.090103053885675,0.0,0.0,44775031952565.34,-4.003457320476364,0.05981514679838884,0.08836734084690734,34059395829061.957,32024126616009.93,1029802315115052.0,-13979091523.42808,0.017154857364735838,0.06959462471817184,-0.09124600966226236,0.024734952437701328,313112670342675.56,1376974381286789.5,1408998507902799.5,1342914985457727.5,95874.6477383017,-13979091523.42808,1.0,578.0544926116132,4.112971218872979e-08,4.112971218872979e-08,0.05019942225842433,29150.80548070932,578.0544926116132
2141.0,3186.8069167651656,10743709802.635323,495.4418803550526,8.981537486997669e-05,2.7644085887949563,0.2331861247999195,2728151415853667.5,0.4322147731912954,0.4322147731912954,5350774132539.253,2.551729223153003,133281.54288051865,130272.74490761089,127044.76101104461,3008.7979729077574,3227.983896566279,1.1050576131675316,0.02257475347209193,0.02257475347209193,0.022574753472091928,0.024778658796631308,3227.983896566279,-84009050.65120676,-0.00781937079411808,-1.3725833532665692,1.0878325568340297,0.0,0.0,45468072428015.06,-4.000922973042426,0.05992199756581418,0.08852274520371861,34680522232288.094,32325652275678.36,1046648830234439.9,-14746637227.4241,0.018292704877757537,0.06481016634959644,-0.08957876084136795,0.024778658796631308,318283214013381.8,1399612566480110.0,1431938218755788.2,1364932044247821.8,97419.68551474721,-14746637227.4241,1.0,581.311063869991,4.013208994044019e-08,4.013208994044019e-08,0.05020599691697547,29625.075496297395,581.311063869991
2142.0,3222.0578455056075,10746207994.289194,494.8872960723763,8.930694079115376e-05,2.766680142846664,0.2332110041972859,2773619488281682.5,0.43164378355232214,0.43164378355232214,5336027495311.829,2.5426753911988946,135416.26292578084,132380.92879230154,129096.8383038257,3035.3341334793054,3284.090488475835,1.1094523345699552,0.022414841968744305,0.0224148419687443,0.0224148419687443,0.024807882211103038,3284.090488475835,-83312357.10408494,-0.0077527214388888824,-1.4415333724882091,1.0855667888369847,0.0,0.0,46172021471731.56,-3.998995113251182,0.05999449095401843,0.0886281749666199,35291519461228.125,32618331930534.176,1063767505518131.4,-15491017451.467455,0.019405597668926647,0.060003727206426646,-0.08788867918504444,0.024807882211103038,323533970299899.8,1422592995279259.2,1455211327209793.5,1387301475818031.2,98990.03500429586,-15491017451.467455,1.0,584.3595457988001,3.9158758402479824e-08,3.9158758402479824e-08,0.050192247517291344,30106.803299529834,584.3595457988001
2143.0,3257.6449879584957,10748629685.261074,494.3333325767621,8.880548389085045e-05,2.7688964751496083,0.23323512712499145,2819791509753414.0,0.43107880313887204,0.43107880313887204,5320536477860.361,2.5332420084050793,137582.41338663985,134521.36547329064,131180.7873121513,3061.047913349203,3340.5781611393404,1.1137760175730074,0.02224883135860481,0.02224883135860481,0.022248831358604813,0.02483306759031238,3340.5781611393404,-82621736.24687475,-0.007686722741985314,-1.5106065957193064,1.0833057400447326,0.0,0.0,46885574674187.94,-3.997240736803887,0.06005732784910012,0.08871955765236739,35906637588757.164,32902070469431.71,1081148978989779.4,-16236950897.499712,0.020490100180961413,0.055180624727934655,-0.08617720656885607,0.02483306759031238,328864725649529.3,1445920342228066.0,1478822412697497.8,1410013704639308.8,100584.81970704523,-16236950897.499712,1.0,587.3493265762119,3.8209779874251274e-08,3.8209779874251274e-08,0.05016626539157376,30595.967605106078,587.3493265762119
2144.0,3293.5709589022836,10750977201.612137,493.7799891732432,8.831088568556846e-05,2.771122724653075,0.23325939993368047,2866677084427602.0,0.4305197687084816,0.4305197687084816,5304299526962.861,2.5234419893380853,139780.39866329526,136694.46371358383,133296.20413407407,3085.934949711428,3398.2595795097627,1.1181325084141258,0.022077022094813634,0.022077022094813638,0.022077022094813638,0.024860257593388294,3398.2595795097627,-81937360.89864908,-0.007621387280624347,-1.5811873263746379,1.0810494006279825,0.0,0.0,47608045628672.625,-3.995410376929882,0.0601247955323847,0.08881767141845898,36534611264469.51,33176816290005.66,1098788697635434.9,-16999308897.331781,0.021559857966634913,0.050341009717338445,-0.08444448218683233,0.024860257593388294,334275754071432.8,1469599062971337.2,1502775879261343.0,1433064451706867.8,102203.61154432257,-16999308897.331781,1.0,590.3678850954234,3.728491075060011e-08,3.728491075060011e-08,0.05014078106277697,31092.592589751497,590.3678850954234
2145.0,3329.838387688201,10753252799.684988,493.2272651676459,8.782303012102354e-05,2.7733527881589533,0.23328375321607867,2914285130056274.5,0.42996661768426553,0.42996661768426553,5287300218065.529,2.5132821567321955,142010.61593734907,138900.63914202445,135443.55720083448,3109.976795324613,3457.0819411899656,1.1225122007141313,0.021899607820141026,0.021899607820141026,0.021899607820141023,0.024888884331591418,3457.0819411899656,-81259179.03852782,-0.00755670684510535,-1.6531737643576656,1.0787977607779156,0.0,0.0,48339664751902.0,-3.9935276763031595,0.06019555101468099,0.08892056262904946,37174876062841.414,33442366681279.74,1116690632911637.9,-17776995409.94484,0.022631781600122684,0.04548200987922657,-0.08268986900428327,0.024888884331591418,339768177757529.44,1493633686732008.5,1527076053413288.5,1456458810669167.2,103846.77582808718,-17776995409.94484,1.0,593.4071681797375,3.6383496438888204e-08,3.6383496438888204e-08,0.050116042880843814,31596.781372747304,593.4071681797375
2146.0,3366.4499182725,10755458668.131905,492.67515986658515,8.734180351416988e-05,2.775580562469132,0.23330811756491177,2962624794808176.5,0.4294192881479119,0.4294192881479119,5269523222655.584,2.5027618611156934,144273.46862647083,141140.3317267254,137623.3440924467,3133.1368997454474,3516.9876342786933,1.1269053356376841,0.02171665330828949,0.021716653308289487,0.021716653308289487,0.024918374438061067,3516.9876342786933,-80587132.79960592,-0.007492672817234949,-1.7264582230302659,1.0765508107061432,0.0,0.0,49080706886724.75,-3.9916163491042025,0.06026824011612475,0.08902626163667116,37826815136815.49,33698324426811.094,1134859002788863.0,-18568850060.05848,0.023714546251075854,0.04060105575844199,-0.08091279364545968,0.024918374438061067,345343186367542.44,1518029004293221.0,1551727328720032.0,1480202189156405.5,105514.70074924984,-18568850060.05848,1.0,596.4589538657527,3.550489451454367e-08,3.550489451454367e-08,0.050092195256677075,32108.643343196858,596.4589538657527
2147.0,3403.408209248297,10757596929.88784,492.1236725774619,8.686709449679005e-05,2.777799944385501,0.23333242357290546,3011705501694901.0,0.42887771883275144,0.42887771883275144,5250954372595.525,2.491876647874172,146569.36705062914,143413.99819615527,139836.08418989368,3155.3688544738598,3577.914006261584,1.1313020002879566,0.02152816047424089,0.02152816047424089,0.021528160474240894,0.02494815046832369,3577.914006261584,-79921159.65403861,-0.0074292762756330444,-1.8009269167998423,1.0743085406446642,0.0,0.0,49831468270394.5,-3.9897001531356104,0.06034149891800089,0.0891327849236212,38489756729162.32,33944186301551.707,1153298211528853.0,-19373645871.11836,0.024812226097676443,0.035695885328881106,-0.07911274909030594,0.02494815046832369,351002018439884.6,1542789986697900.2,1576734172999452.0,1504300229968737.8,107207.79176292093,-19373645871.11836,1.0,599.5148490760037,3.464847651068954e-08,3.464847651068954e-08,0.05006932284183563,32628.29242697274,599.5148490760037
2148.0,3440.7159338771953,10759669644.089487,491.5728026084596,8.639879396060287e-05,2.7800048307099487,0.23335660183278542,3061536969965295.5,0.42834184911689904,0.42834184911689904,5231580726724.407,2.480620302431427,148898.72875993332,145722.10763829245,142082.31450396604,3176.6211216408688,3639.7931343264045,1.135692126963166,0.02133410505312289,0.021334105053122894,0.021334105053122894,0.024977631694437213,3639.7931343264045,-79261194.76948872,-0.007366508209945699,-1.8764597518047497,1.0720709408458229,0.0,0.0,50592253736390.25,-3.987802863554042,0.060413955723802704,0.08923813796923241,39162971698177.14,34179393853292.754,1172012815597379.2,-20190087029.84926,0.025926305531923394,0.030764548914138316,-0.07728929746157415,0.024977631694437213,356745950732919.8,1567921738028476.0,1602101131881768.8,1528758766330299.0,108926.46841078345,-20190087029.84926,1.0,602.5662884546482,3.38136301152237e-08,3.38136301152237e-08,0.05004747498941864,33155.8460931826,602.5662884546482
2149.0,3478.375780120476,10761678807.941622,491.0225492685428,8.593679500384444e-05,2.782189118244365,0.2333805829372774,3112129223701686.0,0.4278116190164683,0.4278116190164683,5211390639694.558,2.4689859978625197,151261.97867481993,148065.13888012685,144362.58727748727,3196.839794693091,3702.5516026395794,1.1400654932987484,0.021134457070441977,0.021134457070441977,0.021134457070441974,0.02500623462513452,3702.5516026395794,-78607172.38340142,-0.007304359643719618,-1.9529301216550135,1.0698380015822657,0.0,0.0,51363369620437.44,-3.985948257989491,0.06048423234984568,0.08934031712729407,39845671117436.65,34403363070933.082,1191007504173151.5,-21016806703.60561,0.027056791499971047,0.02580541442430582,-0.07544207289972511,0.02500623462513452,362576291990606.06,1593429467281194.2,1627832830352127.0,1553583796163757.5,110671.16250433371,-21016806703.60561,1.0,605.6045344085106,3.2999760157393406e-08,3.2999760157393406e-08,0.05002667930999838,33691.424773153565,605.6045344085106
2150.0,3516.3904506700856,10763626358.532,490.4729118674539,8.548099287927806e-05,2.7843467037906398,0.23340429747910707,3163492593322123.5,0.4272869691788571,0.4272869691788571,5190373832990.952,2.4569669460310415,153659.54912256362,150443.57886230605,146677.4685716376,3215.97026025756,3766.1102906684464,1.1444117233190008,0.020929192351673516,0.02092919235167352,0.02092919235167352,0.025033373435734273,3766.1102906684464,-77959026.61155531,-0.007242821704764915,-2.0302047097623195,1.0676097131468998,0.0,0.0,52145119827384.125,-3.9841601080375417,0.0605509451726286,0.08943731113469922,40537003993777.5,34615502261563.285,1210287087760831.0,-21852364927.21351,0.028202828110661667,0.020817172889367422,-0.07357078452196217,0.025033373435734273,368494379159596.5,1619318470914205.0,1653933973175768.5,1578781466920427.5,112442.31706366072,-21852364927.21351,1.0,608.6206783959734,3.220628892176154e-08,3.220628892176154e-08,0.05000694919444282,34235.15150797688,608.6206783959734
2151.0,3554.762662979177,10765514174.59598,489.9238897157121,8.503128494359069e-05,2.7864714841506615,0.23342767605100018,3215637713149507.5,0.4267678408761034,0.4267678408761034,5168521468063.738,2.4445567743456533,156091.87981660423,152857.92156780034,149027.5373919218,3233.9582488038945,3830.3841758785343,1.148720289421876,0.02071829907233832,0.020718299072338315,0.02071829907233831,0.02505846040945652,3830.3841758785343,-77316691.94169839,-0.007181885666375988,-2.1081432995675677,1.0653860658528505,0.0,0.0,52937803631293.875,-3.9824621742233,0.060612706179218545,0.08952710260925223,41236055139568.5,34815223367549.918,1229856491251622.0,-22695246573.57419,0.0293630356585083,0.01579884426678315,-0.07167521946091146,0.02505846040945652,374501574946244.7,1645594121337435.0,1680409344704985.0,1604358066197866.5,114240.38567092197,-22695246573.57419,1.0,611.605643505957,3.143265609881836e-08,3.143265609881836e-08,0.04998828799662691,34787.151720999835,611.605643505957
2152.0,3593.4951492924206,10767344078.232141,489.3754821246115,8.458757060813519e-05,2.788557356126318,0.23345064924568237,3268575516780801.5,0.42625417599831195,0.42625417599831195,5145826221490.164,2.431749751103452,158559.41780418015,155308.66725673527,151413.38510296762,3250.7505474448835,3895.2821537676436,1.1529805153202368,0.020501781555855227,0.020501781555855223,0.020501781555855227,0.025080906446312428,3895.2821537676436,-76680103.55019446,-0.0071215429722558225,-2.1865985938638377,1.063167050033419,0.0,0.0,53741714407775.19,-3.9808782028335377,0.060668124156863734,0.08960766973451018,41941843231413.38,35001949656840.56,1249720749367665.5,-23543859421.11052,0.030535697088177896,0.010749783498591417,-0.06975524597776524,0.025080906446312428,380599266085855.4,1672261858684934.5,1707263808341775.0,1630320015453521.0,116065.83204619329,-23543859421.11052,1.0,614.5501883684282,3.067831853995969e-08,3.067831853995969e-08,0.049970691364509046,35347.55305677432,614.5501883684282
2153.0,3632.5906566759168,10769117836.570024,488.8276884062196,8.41497512909781e-05,2.790598216519502,0.2334731476558794,3322317231188576.5,0.42574591704714904,0.42574591704714904,5122282362069.054,2.4185409274899996,161062.61739596128,157796.3218680687,153835.61499002698,3266.2955278925665,3960.7068780417158,1.1571815799622533,0.0202796625356125,0.0202796625356125,0.020279662535612503,0.025100121670473454,3960.7068780417158,-76049197.51747775,-0.007061785252198475,-2.265416044368306,1.0609526560420408,0.0,0.0,54557138849355.125,-3.9794319237328337,0.060715806096762304,0.08967698824047232,42653319085744.62,35175121428936.742,1269885003320605.8,-24396532330.658634,0.03171886003747101,0.005669686791390138,-0.06781081664407639,0.025100121670473454,386788861968212.75,1699327184374563.5,1734502305803500.0,1656673865288818.5,117919.12973672741,-24396532330.658634,1.0,617.4449124365606,2.9942749907933877e-08,2.9942749907933877e-08,0.049954148543017274,35916.48525329959,617.4449124365606
2154.0,3672.0519470467943,10770837163.391218,488.2805078733757,8.371773037021508e-05,2.7925879621321,0.2334951018743169,3376874370037931.5,0.42524300712940677,0.42524300712940677,5097885829738.3955,2.4049262339018695,163601.94008478313,160321.39650977185,156294.8418860789,3280.543575011275,4026.5546236929385,1.1613125224527157,0.020051984550496192,0.020051984550496192,0.020051984550496192,0.025115516152876785,4026.5546236929385,-75423910.98409766,-0.007002604332414798,-2.3444336926898526,1.058742874252244,0.0,0.0,55384356412243.06,-3.9781470486576525,0.06075435885380254,0.08973303374087149,43369364181296.64,35334200653855.73,1290354498016896.8,-25251513544.33037,0.03291039219899255,0.0005585980907450326,-0.06584197158579563,0.025115516152876785,393071793416036.2,1726795655614229.8,1762129856268085.5,1683426291432933.0,119800.76185745867,-25251513544.33037,1.0,620.2802626787395,2.9225440272485893e-08,2.9225440272485893e-08,0.04993864310464868,36494.08002862025,620.2802626787395
2155.0,3711.8817972024904,10772503720.704908,487.7339398396905,8.329141313851633e-05,2.7945204897660014,0.23351644249372072,3432258726450174.5,0.4247453899506344,0.4247453899506344,5072634316194.065,2.3909025514174576,166177.85445688674,162884.40699344772,158791.69181769592,3293.447463439019,4092.7151757517818,1.1653622479959844,0.01981881084096842,0.01981881084096842,0.01981881084096842,0.025126500757782284,4092.7151757517818,-74804182.27042226,-0.0069439922426434205,-2.4234820238548527,1.056537695057606,0.0,0.0,56223638853713.31,-3.9770472698164467,0.06078239107808148,0.08977378445012618,44088789458571.516,35478675053842.98,1311134579424425.8,-26106969119.03786,0.03410801090780405,-0.004583084280173474,-0.06384884178255631,0.025126500757782284,399449511498730.8,1754672880381728.0,1790151555435571.0,1710584090923156.5,121711.22084686831,-26106969119.03786,1.0,623.0465417162043,2.8525895678418413e-08,2.8525895678418413e-08,0.049924153360765056,37080.47097082761,623.0465417162043
2156.0,3752.082998849638,10774119120.27905,487.1879836195435,8.287070675886622e-05,2.796389696223096,0.2335371001068164,3488482365303888.0,0.42425300980883657,0.42425300980883657,5046527347075.027,2.3764677699131775,168790.83609700543,165485.873388612,161326.80164209547,3304.9627083934506,4159.071746516521,1.1693195348798224,0.019580225945999,0.019580225945999,0.019580225945999,0.02513248811727714,4159.071746516521,-74189950.97299507,-0.0068859412212507205,-2.5023838335780444,1.0543371088717133,0.0,0.0,57075249781615.0,-3.976156258475206,0.06079851543837744,0.08979722430951287,44810334426756.03,35608061908311.12,1332230691873562.8,-26960981507.630398,0.03530929854088366,-0.009754600849654986,-0.06183165241462221,0.02513248811727714,405923486312003.8,1782964512612322.8,1818572574520633.8,1738154178185566.5,123651.00821709291,-26960981507.630398,1.0,625.7339174389631,2.7843637701395123e-08,2.7843637701395123e-08,0.04991065259459382,37675.79342500256,625.7339174389631
2157.0,3792.658358632683,10775684925.128279,486.6426385280834,8.245552022146237e-05,2.7981894783052734,0.23355700530632972,3545557615085503.0,0.4237658115882388,0.4237658115882388,5019566365567.396,2.361620839153004,171441.36748750127,168126.31958275498,163900.81865865545,3315.0479047462823,4225.5009240995405,1.1731730425177418,0.01933633610912467,0.019336336109124667,0.019336336109124667,0.02513289373481865,4225.5009240995405,-73581158.04471664,-0.006828443718981575,-2.580954110496896,1.052141106128119,0.0,0.0,57939444172563.56,-3.975497663602394,0.060801351131963055,0.08980134651481209,45532666608935.03,35721911733252.6,1353648375155143.2,-27811548300.929268,0.0365117101524301,-0.01495482412788144,-0.05979072624931749,0.02513289373481865,412495205681113.94,1811676247445192.2,1847398159178444.8,1766143580836257.2,125620.63428548408,-27811548300.929268,1.0,628.3324341289751,2.7178202999851818e-08,2.7178202999851818e-08,0.049898109194885354,38280.184373171374,628.3324341289751
2158.0,3833.61069816206,10777202650.959616,486.0979038812257,8.204576430174023e-05,2.7999137328144226,0.23357608868498642,3603497059258066.5,0.4232837407531174,0.4232837407531174,4991754817266.467,2.34636181631361,174129.93790111196,170806.2728394632,166514.40018430896,3323.6650616487527,4291.872655154234,1.1769113205655495,0.019087269551179963,0.019087269551179963,0.019087269551179967,0.025127137216957272,4291.872655154234,-72977745.86303675,-0.006771492401744781,-2.658999934619529,1.0499496772803019,0.0,0.0,58816467835087.19,-3.9750951104856664,0.060789526682204054,0.08978415744814838,46254381356709.3,35819811913302.79,1375393261328391.0,-28656581144.28303,0.03771257691080961,-0.02018225167414822,-0.05772648705814966,0.025127137216957272,419166173760893.94,1840813816445994.2,1876633628359297.0,1794559435089285.0,127620.61787953149,-28656581144.28303,1.0,630.8320251152411,2.652914286793956e-08,2.652914286793956e-08,0.04988648673521867,38893.782304777465,630.8320251152411
2159.0,3874.9428540421286,10778673767.577122,485.55377899565286,8.164135151949057e-05,2.8015563565524326,0.2335942808355121,3662313527093153.5,0.4228067433416953,0.4228067433416953,4963098236122.184,2.330691911817079,176857.04328654506,173526.2633504189,169168.2130857653,3330.7799361261455,4358.050264653616,1.180522819125552,0.018833176639335713,0.018833176639335713,0.018833176639335713,0.025114643630935393,4358.050264653616,-72379658.28858668,-0.006715080152653744,-2.7363203932674756,1.047762812801624,0.0,0.0,59706556805249.0,-3.9749721992943483,0.06076168301978613,0.08974368100884023,46974002065404.46,35901390323095.086,1397471071180871.0,-29493904842.598454,0.03890910732034962,-0.025434999138069896,-0.05563946305521712,0.025114643630935393,425937909514564.4,1870382982760839.8,1906284373083934.8,1823408980695435.2,129651.48600976731,-29493904842.598454,1.0,633.2225269804762,2.5896022792349032e-08,2.5896022792349032e-08,0.04987574402473016,39516.72707599802,633.2225269804762
2160.0,3916.657677898642,10780099700.246483,485.0102631888123,8.12421960990384e-05,2.8031112463211927,0.23361151235063257,3722020083898402.5,0.4223347659601014,0.4223347659601014,4933604331279.585,2.314613534459145,179623.18614596158,176286.8237791178,171862.93326354353,3336.3623668437576,4423.8905155742905,1.1839959000493847,0.018574229966796345,0.018574229966796345,0.018574229966796345,0.02509484498465577,4423.8905155742905,-71786840.71570884,-0.006659200073452703,-2.812706515822956,1.04558050318529,0.0,0.0,60609936668641.5,-3.9751525035872355,0.06071647684003034,0.08967796333341038,47689980820865.664,35966318950726.04,1419887610299325.0,-30321256668.104374,0.040098387334996606,-0.030710793313758783,-0.053530290346862824,0.02509484498465577,432811945058481.75,1900389536178672.5,1936355855129398.5,1852699555357806.8,131713.7735068313,-30321256668.104374,1.0,635.4936953334059,2.5278422014711806e-08,2.5278422014711806e-08,0.04986583514594223,40149.15975671224,635.4936953334059
2161.0,3958.7580364059577,10781481831.020607,484.467355778916,8.084821393045241e-05,2.804572298922592,0.23362771382307349,3782630020567044.0,0.42186775577639374,0.42186775577639374,4903283074611.48,2.2981303363279246,182428.87540333046,179088.48879537,174599.24508407566,3340.386607960438,4489.243711294341,1.1873188493476374,0.018310624349216677,0.018310624349216677,0.018310624349216677,0.025067181824421098,4489.243711294341,-71199240.11578926,-0.0066038454854075775,-2.8879412286155652,1.043402738944306,0.0,0.0,61526821806479.625,-3.975659568766346,0.06065258422676201,0.08958507789228676,48400699508343.45,36014317522310.016,1442648764720691.8,-31136285885.374046,0.04127737998583997,-0.03600696524776834,-0.0513997163818958,0.025067181824421098,439789823863184.06,1930839288092219.2,1966853605614529.5,1882438588583875.8,133808.02261984858,-31136285885.374046,1.0,637.6352221544431,2.467593310061308e-08,2.467593310061308e-08,0.0498567094891762,40791.222464227096,637.6352221544431
2162.0,4001.246811313832,10782821500.02724,483.9250560849397,8.045932253175565e-05,2.8059334111585206,0.23364281584556054,3844156842373523.5,0.4214056605146461,0.4214056605146461,4872146788726.106,2.28124725773158,185274.6262625932,181931.79460036865,177377.84075693268,3342.8316622245625,4553.95384343596,1.1904798907113765,0.01804257673949753,0.01804257673949753,0.01804257673949753,0.025031104944790845,4553.95384343596,-70616805.07398097,-0.006549009929711121,-2.961799331303819,1.0412295106114366,0.0,0.0,62457414565774.94,-3.976516910481401,0.06056870453100405,0.08946313094782365,49104471413132.96,36045157118406.81,1465760496139134.5,-31936553508.349125,0.042442924876084746,-0.041320443443400856,-0.04924860339105567,0.025031104944790845,446873098803127.4,1961738066355395.0,1997783223473801.5,1912633594942262.0,135934.78257387748,-31936553508.349125,1.0,639.6367547155696,2.4088161515860805e-08,2.4088161515860805e-08,0.04984831179007454,41443.05818305518,639.6367547155696
2163.0,4044.1268994738693,10784120006.719593,483.38336342662143,8.007544101210846e-05,2.807188479830867,0.2336567490108195,3906614256939298.5,0.4209484284490959,0.4209484284490959,4840210235217.757,2.2639705721966363,188160.96005459645,184817.27844258936,180199.4196548185,3343.6816120070985,4617.858787770863,1.1934672001472881,0.017770326060394786,0.01777032606039479,0.01777032606039479,0.024986077203843958,4617.858787770863,-70039485.81971227,-0.0064946871674342104,-3.034047496122515,1.0390608087391666,0.0,0.0,63401904355100.5,-3.9777480129924085,0.06046356449054935,0.08931026735535252,49799543341405.66,36058663768146.17,1489228836649758.0,-32719532304.272297,0.04359173774855043,-0.04664774720578032,-0.04707793180374346,0.024986077203843958,454063330049030.4,1993091710040193.8,2029150373808339.8,1943292166698788.2,138094.60908463725,-32719532304.272297,1.0,641.4879160676421,2.3514725210410443e-08,2.3514725210410443e-08,0.049840582174715875,42104.81057018127,641.4879160676421
2164.0,4087.401212865608,10785378611.090954,482.84227712446096,7.969649003593581e-05,2.808331401741521,0.23366944391157599,3970016161294399.0,0.4204960083983543,0.4204960083983543,4807490702913.484,2.246307931508311,191088.40407177707,187745.47812509508,183064.6875744389,3342.9259466819817,4680.790550656179,1.19626892172455,0.017494132953385828,0.01749413295338583,0.017494132953385828,0.024931575436066493,4680.790550656179,-69467234.25125688,-0.00644087117904433,-3.1044442913772787,1.036896623899657,0.0,0.0,64360466668510.875,-3.9793763274995624,0.06033592257426412,0.08912467668607582,50484098288043.805,36054722003804.82,1513059883013450.5,-33482607059.543915,0.0447204102486381,-0.05198498017387542,-0.04488880362938871,0.024931575436066493,461362082797950.8,2024906064099445.0,2060960786103250.0,1974421965811401.2,140288.06382907336,-33482607059.543915,1.0,643.1783270801578,2.295525421019158e-08,2.295525421019158e-08,0.04983345621582602,42776.623745365534,643.1783270801578
2165.0,4131.072678622255,10786598534.854261,482.301796499719,7.932239178797242e-05,2.80935607369237,0.23368083114055574,4034376627962910.0,0.42004834971967725,0.42004834971967725,4774008095853.94,2.2282684107104775,194057.49138963118,190716.9315050443,185974.3559367674,3340.5598845868717,4742.575568276924,1.1988731844275597,0.01721427944196007,0.017214279441960075,0.01721427944196007,0.024867092453988476,4742.575568276924,-68900003.9545658,-0.0063875561635053195,-3.172740230570661,1.0347369466847065,0.0,0.0,65333262041018.75,-3.9814252704509068,0.06018457353269102,0.08890459964760467,51156258676211.484,36033278356677.67,1537259790430690.2,-34223075122.54666,0.045825409960292426,-0.057327824087413874,-0.042682445790170664,0.024867092453988476,468770924837309.75,2057186973944211.5,2093220252300889.0,2006030715268000.0,142515.71387063403,-34223075122.54666,1.0,644.6976300096368,2.240939021698003e-08,2.240939021698003e-08,0.049826865002807974,43458.64206613335,644.6976300096368
2166.0,4175.144239056016,10787780962.587553,481.7619208744158,7.895306993919917e-05,2.8102563924853055,0.2336908412904845,4099709890003929.0,0.41960540230329624,0.41960540230329624,4739785020731.394,2.209862552949527,197068.760674053,193732.17598636224,188929.14092562435,3336.584687690754,4803.035060737894,1.201268120104492,0.016931068507653458,0.016931068507653458,0.016931068507653455,0.024792139128587517,4803.035060737894,-68337750.21651189,-0.006334736536968065,-3.2386778485416348,1.0325817677057083,0.0,0.0,66320434939732.81,-3.983918221839253,0.06000835313420205,0.08864833477486767,51814090190868.805,35994344773931.45,1561834765815345.5,-34938147238.45146,0.04690308076735312,-0.0626715328383422,-0.04046021339116383,0.024792139128587517,476291423940125.75,2089940279946340.0,2125934624720271.5,2038126189755471.2,144778.13103842668,-34938147238.45146,1.0,646.0355135633904,2.187678621639144e-08,2.187678621639144e-08,0.049820735227999347,44151.00988719766,646.0355135633904
2167.0,4219.61885168309,10788927042.846209,481.22264957133126,7.858844961364586e-05,2.811026254922216,0.23369940495408795,4166030324943662.0,0.4191671165668097,0.4191671165668097,4704846873492.942,2.1911024140242454,200122.75597370285,196791.74800666317,191929.76256389328,3331.0079670396867,4861.985442769868,1.2034418824971325,0.01664482357757155,0.01664482357757155,0.01664482357757155,0.02470624653735606,4861.985442769868,-67780430.03266416,-0.0062824069310587465,-3.3019918059893096,1.0304310775936114,0.0,0.0,67322112595442.5,-3.9868785235006095,0.05980614306361942,0.0883542453610141,52455606225424.43,35938001935530.65,1586791060562831.2,-35624948690.89465,0.04794964357875359,-0.06801092685814387,-0.03822359291333992,0.02470624653735606,483925145089808.75,2123171811878064.8,2159109813813595.2,2070716205652640.0,147075.89125973205,-35624948690.89465,1.0,647.1817394154411,2.1357106094025572e-08,2.1357106094025572e-08,0.049814989291052214,44853.87130416124,647.1817394154411
2168.0,4264.499489248251,10790037889.242903,480.68398191400263,7.82284573560356e-05,2.8116595578049903,0.2337064527240917,4233352437539104.5,0.4187334434496325,0.4187334434496325,4669221924802.048,2.172001606487941,203220.02649663453,199896.1825195956,194976.94372710385,3323.8439770389355,4919.238792491764,1.2053826673327457,0.016355887922758345,0.016355887922758345,0.016355887922758345,0.02460896816781149,4919.238792491764,-67228002.10968694,-0.006230562190769479,-3.362409023733475,1.0282848669988789,0.0,0.0,68338403780040.81,-3.9903294774270752,0.059576875957815134,0.08802076659469349,53078772957219.64,35864402450181.93,1612134962810280.5,-36280520765.21644,0.048961197448229674,-0.07334038789391593,-0.03597420531423169,0.02460896816781149,491673647533951.25,2156887383301451.5,2192751785751633.2,2103808610344231.8,149409.57384565755,-36280520765.21644,1.0,648.1261701208819,2.085002425976115e-08,2.085002425976115e-08,0.049809545423178614,45567.369881446284,648.1261701208819
2169.0,4309.78913974911,10791114581.49611,480.14591722672526,7.787302110024708e-05,2.8121501979355186,0.23371191519322163,4301690841319145.5,0.4183043344075042,0.4183043344075042,4632941404036.831,2.152575343136705,206361.12637050333,203046.01247384725,198071.40909454643,3315.113896656077,4974.603379300815,1.2070787334537207,0.016064623967520317,0.016064623967520317,0.016064623967520317,0.024499882163120806,4974.603379300815,-66680426.862447105,-0.006179197371955098,-3.419648848037295,1.0261431265914465,0.0,0.0,69369397535802.56,-3.994294344107684,0.05931954055046429,0.08764641286693287,53681515063532.85,35773773909525.78,1637872789189924.0,-36901822547.651634,0.04993372111475846,-0.07865385422760687,-0.03371380902045579,0.024499882163120806,499538481667717.1,2191092785921174.2,2226866559830700.2,2137411270857641.2,151779.76073003988,-36901822547.651634,1.0,648.8587983640036,2.0355225280181993e-08,2.0355225280181993e-08,0.04980431783256778,46291.64836450654,648.8587983640036
2170.0,4355.490806459924,10792158166.448055,479.6084548345502,7.752207013857197e-05,2.8124920721156883,0.2337157229542033,4371060238854948.0,0.41787974140705547,0.41787974140705547,4596039581489.18,2.132840479707354,209546.6143857618,206241.76829006712,201213.88403852071,3304.8460956946715,5027.884251546422,1.2085184249555365,0.015771412510682054,0.015771412510682054,0.015771412510682054,0.024378593595430164,5027.884251546422,-66137666.405907564,-0.006128307738439583,-3.4734232482810317,1.0240058470606836,0.0,0.0,70415161863114.06,-3.9987963409111336,0.05903318689573367,0.08722978520754321,54261722085282.29,35666421780505.22,1664010876080444.5,-37485733074.46667,0.05086307498729896,-0.08394481639421772,-0.03144430279570404,0.024378593595430164,507521185748608.9,2225793783914335.5,2261460205694840.5,2171532061829053.2,154187.0356620346,-37485733074.46667,1.0,649.3697774641407,1.9872403519107547e-08,1.9872403519107547e-08,0.049799216872144614,47026.848376486094,649.3697774641407
2171.0,4401.607507955091,10793169659.052917,479.07159406328435,7.717553509174484e-05,2.812679077147391,0.2337178065997625,4441475400718062.0,0.417459616920431,0.417459616920431,4558553848414.713,2.1128155565994637,212777.05372136124,209483.97733696696,204405.09345278563,3293.0763843942823,5078.88388418133,1.2096901942981724,0.015476651860715571,0.01547665186071557,0.01547665186071557,0.024244736751449277,5078.88388418133,-65599684.54188534,-0.006077888758735736,-3.523437048230098,1.021873019115352,0.0,0.0,71475742373839.81,-4.003858640524587,0.058716931638411074,0.08676957880782599,54817255440598.766,35542732116988.05,1690555570364836.0,-38029053844.54006,0.0517450035956905,-0.08920631345604864,-0.029167728467252622,0.024244736751449277,515623282445646.1,2260996108251080.5,2296538840368069.0,2206178852810482.0,156631.9833531811,-38029053844.54006,1.0,649.6494530515058,1.940126278619748e-08,1.940126278619748e-08,0.04979337818423124,47773.11009960453,649.6494530515058
2172.0,4448.142278132188,10794150043.336111,478.5353342394897,7.683334787972423e-05,2.812709405205541,0.2337181678179693,4512951143091902.0,0.4170439139199695,0.4170439139199695,4520524794570.173,2.092520839427576,216053.01165257435,212773.16340781216,207645.67811345257,3279.8482447622055,5127.485294359573,1.2105901096368838,0.01518075688774193,0.015180756887741927,0.01518075688774193,0.024098364719670813,5127.485294359573,-65066457.73680915,-0.0060279371210870515,-3.569515034239315,1.0197446334835651,0.0,0.0,72551112369544.56,-4.009487920442701,0.05837088098117926,0.08626592633306529,55346845612316.664,35403174073335.83,1717512378728145.5,-38529880861.5232,0.05257513852830134,-0.09443092989121618,-0.02688627349350948,0.024098364719670813,523846226678734.9,2296705451019197.0,2332108625092532.5,2241358605406880.2,159115.11066945663,-38529880861.5232,1.0,649.6948215633607,1.894152846916053e-08,1.894152846916053e-08,0.049777429692958064,48530.56744399594,649.6948215633607
2173.0,4495.098166234717,10795100273.32546,477.9996746904813,7.649544169320373e-05,2.812633445231266,0.23371765675561515,4585502255461447.0,0.41663258587293955,0.41663258587293955,4481994913708.649,2.0719783582019287,219375.05854389927,216109.84551203085,210935.26165254693,3265.2130318684376,5174.583859483894,1.211305398059666,0.014884157996543771,0.014884157996543773,0.014884157996543777,0.023944230061447268,5174.583859483894,-64538094.9077373,-0.005978461827465375,-3.613035855058209,1.0176206809127486,0.0,0.0,73640608252824.0,-4.015490966931925,0.05800627748804821,0.08573517137502751,55860151635860.1,35248302092788.83,1744876466920418.2,-39003084346.473564,0.053349863073331366,-0.09961107109376367,-0.024602202021744624,0.023944230061447268,532190833798968.8,2332927452355247.5,2368175754448036.0,2277067300719387.0,161635.9665719811,-39003084346.473564,1.0,649.5811970794989,1.849308003010204e-08,1.849308003010204e-08,0.04975717887392794,49299.29508056583,649.5811970794989
2174.0,4542.478236874349,10796021273.955015,477.46461474432806,7.6161750965833e-05,2.812469678419995,0.23371656295264193,4659142863714271.0,0.4162255867363309,0.4162255867363309,4442991829362.176,2.0512115676777207,222743.7587489936,219494.5299063871,214274.04109147703,3249.2288426064943,5220.488814910064,1.2118679627203384,0.014587294660264755,0.014587294660264753,0.014587294660264752,0.02378414084914356,5220.488814910064,-64014618.513336055,-0.005929463909798775,-3.6544735689099523,1.0155011521695994,0.0,0.0,74743899515489.06,-4.021796825045385,0.05762739393754146,0.08518352003352703,56360508306213.26,35078743708727.945,1772648920192981.0,-39453774395.05815,0.05407652777102434,-0.10474237354913939,-0.022316980162220862,0.02378414084914356,540658185886916.2,2369667614386110.5,2404746358094838.5,2313307106079897.0,164194.64867760387,-39453774395.05815,1.0,649.3362946203806,1.805569887194292e-08,1.805569887194292e-08,0.049735487556779034,50079.392413873175,649.3362946203806
2175.0,4590.285570052857,10796913941.942299,476.9301537298503,7.583221134712875e-05,2.8122210902395937,0.23371491571754036,4733886763229760.0,0.4158228709517005,0.4158228709517005,4403538054967.117,2.0302405356134585,226159.67545130046,222927.73014153153,217662.51259827067,3231.945309768929,5265.217543260873,1.2122827989709468,0.014290546284697296,0.014290546284697296,0.0142905462846973,0.023618495285077864,5265.217543260873,-63496008.86854468,-0.005880940536340159,-3.693851564724661,1.0133860380400455,0.0,0.0,75860871389441.31,-4.0283939274171985,0.05723516462945766,0.0846123205424103,56848100700192.5,34895035374639.168,1800833869198042.8,-39882197458.64107,0.05476241738491604,-0.10982163314856307,-0.0200317927026736,0.023618495285077864,549249547712417.44,2406931517610652.0,2441826552985291.5,2350083416910460.0,166791.5368114978,-39882197458.64107,1.0,648.9647238401511,1.762912446372629e-08,1.762912446372629e-08,0.04971243526736657,50870.97578677289,648.9647238401511
2176.0,4638.523261183621,10797779146.6397,476.39629097662026,7.550675967605694e-05,2.81189066615793,0.23371274435880127,4809747634619201.0,0.4154243934400726,0.4154243934400726,4363655857508.476,2.009082001658528,229623.373804609,226409.97031181416,221101.180249511,3213.403492794829,5308.790062303141,1.212554964605687,0.013994235166709015,0.013994235166709017,0.013994235166709017,0.023447686755984378,5308.790062303141,-62982243.797968484,-0.005832888684111375,-3.7311959061414113,1.0112753293292067,0.0,0.0,76991442862668.81,-4.035270746927714,0.05683051334615474,0.08402290651879141,57323142628624.93,34697621224239.18,1829435507071006.5,-40288629347.36115,0.05541172102106614,-0.1148457854383018,-0.017747799399039362,0.023447686755984378,557966206324588.94,2444724856024220.5,2479422477248460.0,2387401713395595.5,169427.01663242778,-40288629347.36115,1.0,648.4711600744995,1.7213100307074866e-08,1.7213100307074866e-08,0.049688072828966146,51674.163617083206,648.4711600744995
2177.0,4687.194421112735,10798617730.860764,475.8630258149602,7.518533395526735e-05,2.8114813916428703,0.23371007818491552,4886739077481870.0,0.415030109596893,0.415030109596893,4323367228161.1147,1.987750762375305,233135.42145642432,229941.78143412078,224590.55247077084,3193.6400223035093,5351.228963349955,1.212689573713081,0.013698647774552944,0.013698647774552944,0.013698647774552942,0.02327210361672832,5351.228963349955,-62473299.28357784,-0.005785305197445679,-3.766535343565211,1.0091690168613543,0.0,0.0,78135554459897.12,-4.042415784648286,0.0564143526663744,0.08341659603910345,57785875965526.484,34486897770833.242,1858458059886596.5,-40673375344.93703,0.05602693196798775,-0.11981190767306642,-0.015466133703445434,0.02327210361672832,566809462208084.1,2483053398060207.0,2517540295831040.5,2425267522094680.5,172101.47689323363,-40673375344.93703,1.0,647.8603355912422,1.6807374396555937e-08,1.6807374396555937e-08,0.04966243660870506,52489.07557753722,647.8603355912422
2178.0,4736.302176139736,10799430511.68206,475.3303575759424,7.486787332596278e-05,2.8109962521622816,0.23370694650437387,4964874631941767.0,0.4146399752870361,0.4146399752870361,4282693852816.1777,1.9662604316559427,236696.3888948138,233523.69952600016,228131.14018285405,3172.6893688136265,5392.559343146105,1.2126917907117225,0.013404046355027188,0.013404046355027188,0.013404046355027188,0.02309212878218258,5392.559343146105,-61969149.98296364,-0.005738186834567785,-3.7999013236227674,1.0070670914798703,0.0,0.0,79293161548956.25,-4.049817561999356,0.05598758308009577,0.08279469041569176,58236569906428.21,34263238373655.176,1887905771212398.5,-41036770295.71276,0.056609622959110775,-0.12471722083527559,-0.013187901499307354,0.02309212878218258,575780624743133.1,2521922965861959.5,2556186204235615.0,2463686395955531.5,174815.30800815797,-41036770295.71276,1.0,647.1370311161725,1.6411699513130195e-08,1.6411699513130195e-08,0.0496355562398858,53315.83217469609,647.1370311161725
2179.0,4785.849668037856,10800218281.221334,474.7982855913874,7.455431804338556e-05,2.8104382331840307,0.23370337862566717,5044167793490723.0,0.41425394683986433,0.41425394683986433,4241657082520.465,1.9446238552377422,240306.84969851814,237156.26463410296,231723.45590239513,3150.585064415192,5432.808731707834,1.2125668245771974,0.013110675240293078,0.013110675240293078,0.013110675240293078,0.022908139239289565,5432.808731707834,-61469769.508276455,-0.005691530292045653,-3.831327997441422,1.004969544047209,0.0,0.0,80464230726255.81,-4.057464616774907,0.055551091891779314,0.08215847265521492,58675520182569.84,34027006409239.85,1917782894549505.5,-41379178679.32197,0.05716087554512268,-0.12955909161550735,-0.010914179844907435,0.022908139239289565,584881010075328.1,2561339424807403.5,2595366431216643.0,2502663904624833.5,177568.9013511896,-41379178679.32197,1.0,646.3060676487848,1.602583333700918e-08,1.602583333700918e-08,0.04960745876296002,54154.55455120554,646.3060676487848
2180.0,4835.840054073991,10800981807.392605,474.2668091938643,7.424460945290418e-05,2.8098103201759854,0.2336994038572862,5124632024216979.0,0.4138719810443399,0.4138719810443399,4200277903841.143,1.922853333662456,243967.38073474847,240840.0203948078,235368.01337710544,3127.360339940683,5472.0070177023545,1.2123199232671193,0.01281876425660724,0.012818764256607237,0.012818764256607237,0.022720505540284052,5472.0070177023545,-60975130.575662985,-0.005645332217292439,-3.86085222859989,1.002876365444857,0.0,0.0,81648737915391.56,-4.0653455012640105,0.055105752061683666,0.08150920581674825,59103048248127.8,33778562136860.47,1948093690191165.5,-41700994682.13861,0.057681517914727365,-0.13433503435271021,-0.00864601572601207,0.022720505540284052,594111940337089.5,2601308678776383.0,2635087240913243.5,2542205630528255.0,180362.64896380214,-41700994682.13861,1.0,645.372298580934,1.5649538465928346e-08,1.5649538465928346e-08,0.04957817080207261,55005.3644133033,645.372298580934
2181.0,4886.276507028152,10801721834.63886,473.7359277166889,7.393868996668383e-05,2.8091154986060114,0.23369505150772177,5206280762132371.0,0.413494035144188,0.413494035144188,4158576909159.0044,1.9009607391544119,247678.56232933555,244575.51389357878,239065.32752112448,3103.048435756746,5510.186372454293,1.211956368350559,0.012528530554173094,0.012528530554173094,0.012528530554173098,0.02252959130999483,5510.186372454293,-60485205.08631606,-0.005599589214781727,-3.8885136012784294,1.0007875465732916,0.0,0.0,82846667416204.0,-4.073448781467964,0.054652421068216106,0.0808481313905911,59519500452269.03,33518266042455.605,1978842424560580.0,-42002642271.2194,0.058172256637741074,-0.139042712934647,-0.006384424817602263,0.02252959130999483,603474743629441.1,2641836668642290.0,2675354934684746.0,2582317168190021.0,183196.94349236492,-42002642271.2194,1.0,644.3406021299271,1.528258238531716e-08,1.528258238531716e-08,0.049547719665563816,55868.38402875956,644.3406021299271
2182.0,4937.162215212525,10802439084.642996,473.20564049392334,7.363650304092522e-05,2.8083567539419767,0.23369035088546472,5289127429548575.0,0.4131200668331104,0.4131200668331104,4116574266887.785,1.8789575737514268,251440.97842290075,248363.29569266984,242815.91451928508,3077.682730230906,5547.381173384764,1.211481469847501,0.012240179582241861,0.012240179582241861,0.012240179582241861,0.022335752784699774,5547.381173384764,-59999964.17222822,-0.005554297849040926,-3.914354428959209,0.9987030783519446,0.0,0.0,84058011478388.5,-4.081763036892056,0.05419193983416659,0.08017646776052545,59925247204784.3,33246480215177.105,2010033370943212.0,-42284575274.53437,0.05863374966706049,-0.14367994266018994,-0.004130390254493772,0.022335752784699774,612970754433246.0,2682929372581242.0,2716175852796419.0,2623004125376458.0,186072.17825469834,-42284575274.53437,1.0,643.215874096069,1.492473741490366e-08,1.492473741490366e-08,0.04951613385830189,56743.73626458674,643.215874096069
2183.0,4988.500382490179,10803134257.017614,472.67594686037546,7.333799315365588e-05,2.807537071651747,0.23368533129900584,5373185441026964.0,0.4127500342500503,0.4127500342500503,4074289691613.251,1.8568549948995317,255255.21672057075,252203.919954272,246620.29202674612,3051.296766298757,5583.6279275258685,1.2109005612833175,0.011953905606712938,0.01195390560671294,0.01195390560671294,0.022139338391482005,5583.6279275258685,-59519378.22450082,-0.00550945464607529,-3.9384197639305523,0.9966229517191603,0.0,0.0,85282770161689.94,-4.090276860620677,0.053725131739408405,0.0794954087828671,60320682142294.98,32963568624329.17,2041670811005442.8,-42547277470.233376,0.05906664681547421,-0.1482446920658102,-0.0018848614104277836,0.022139338391482005,622601314264386.4,2724592807412124.0,2757556376036453.0,2664272125269829.0,188988.74737941838,-42547277470.233376,1.0,642.0030209531994,1.4575780644583418e-08,1.4575780644583418e-08,0.049483443273772076,57631.54464732773,642.0030209531994
2184.0,5040.294228293294,10803808029.974274,472.14684615159723,7.304310578305903e-05,2.8066594372031908,0.23368002205683597,5458468211188654.0,0.4123838959745061,0.4123838959745061,4031742414143.0176,1.834663823024286,259121.86883932067,256097.9446182466,250478.97942258883,3023.9242210740763,5618.965195657782,1.2102189949626956,0.011669891987963345,0.011669891987963345,0.011669891987963343,0.021940688372308937,5618.965195657782,-59043416.91377475,-0.005465056094107158,-3.9607574077981416,0.994547157632157,0.0,0.0,86520951349550.56,-4.098978859516684,0.05325280173112279,0.07880612249893648,60706221300993.51,32669896781673.805,2073759036757109.8,-42791262687.14965,0.05947161222668108,-0.15273508471909805,0.00035124731492580837,0.021940688372308937,632367772468416.0,2766833030526519.5,2799502927308193.0,2706126809225526.0,191947.04598634448,-42791262687.14965,1.0,640.706953279425,1.4235493866141165e-08,1.4235493866141165e-08,0.049449679213152686,58531.93343624432,640.706953279425
2185.0,5092.546987640973,10804461060.972816,471.61833770388483,7.275178738632583e-05,2.805726836064174,0.23367445246744586,5544989162538205.0,0.41202161102189494,0.41202161102189494,3988951151455.868,1.8123945391125507,263041.53045512387,260045.93161146136,254392.49809390595,2995.59884366251,5653.433517555437,1.2094421374668074,0.011388311338059117,0.011388311338059117,0.011388311338059117,0.021740134454409844,5653.433517555437,-58572049.207847536,-0.00542109864409783,-3.9814179231789977,0.992475687066987,0.0,0.0,87772570841625.25,-4.107857654458936,0.052775735536127355,0.07810974998818943,61082302301226.3,32365831060646.78,2106302352763762.2,-43017074918.44674,0.059849336882297106,-0.15714940098251676,0.002577057701719413,0.021740134454409844,642271487095445.6,2809656142160434.5,2842021973221081.0,2748573839859208.0,194947.4703899867,-43017074918.44674,1.0,639.3325795338471,1.3903663504099435e-08,1.3903663504099435e-08,0.04941487431225289,59445.02770391924,639.3325795338471
2186.0,5145.261911156678,10805093987.351286,471.0904208542771,7.246398537901668e-05,2.804742253702564,0.23366865183932636,5632761733379830.0,0.4116631388389652,0.4116631388389652,3945934076537.4214,1.7900572767501952,267014.8014510147,264048.4470757006,258361.3717369075,2966.3543753140943,5687.075338793119,1.2085753653770324,0.01110932562237861,0.011109325622378608,0.011109325622378608,0.021537999567036573,5687.075338793119,-58105243.3890988,-0.0053775787102933355,-4.0004546467434405,0.9904085310184988,0.0,0.0,89037652483249.12,-4.116901880571693,0.05229469897625594,0.07740740436399196,61449383548807.305,32051737825059.5,2139305078497057.2,-43225288450.19906,0.060200545599352576,-0.16148607975089105,0.00479172890919235,0.021537999567036573,652313825821232.1,2853068287867097.0,2885120025692156.5,2791618904318289.5,197990.41831578527,-43225288450.19906,1.0,637.8848001838827,1.358008054722278e-08,1.358008054722278e-08,0.04937906242073309,60370.95342112221,637.8848001838827
2187.0,5198.442265085197,10805707426.937063,470.56309494055506,7.217964811491794e-05,2.803708675586227,0.2336626494809683,5721799385863079.0,0.411308439299257,0.411308439299257,3902708788087.222,1.7676618110735762,271042.28606656415,268106.06160665734,262386.1266671313,2936.224459906822,5719.934939526015,1.2076240612279394,0.010833086240962884,0.010833086240962882,0.010833086240962884,0.02133459760383121,5719.934939526015,-57642967.07302433,-0.005334492670912852,-4.017923703764731,0.9883456805002968,0.0,0.0,90316228308179.5,-4.126100187421778,0.05181043738565616,0.07670016991101525,61807943457633.06,31727982453569.414,2172771550757782.8,-43416508006.637024,0.060526000986177685,-0.16574372016639638,0.0069944586692938585,0.02133459760383121,662496166894487.4,2897075661109903.0,2928803643563472.5,2835267717652270.0,201076.28912304048,-43416508006.637024,1.0,636.3685021865041,1.3264540481296911e-08,1.3264540481296911e-08,0.04934227845809924,61309.83754409086,636.3685021865041
2188.0,5252.091331309196,10806301978.63971,470.03635930124096,7.189872486638077e-05,2.8026290871830306,0.23365647470086245,5812115614171258.0,0.4109574726986103,0.4109574726986103,3859292280080.585,1.7452175459914725,275124.5930489389,272219.3504996069,266467.29213396035,2905.242549331962,5752.058365646563,1.206593609691799,0.010559734108594137,0.010559734108594137,0.010559734108594138,0.021130233229525206,5752.058365646563,-57185187.22846447,-0.0052918368690325,-4.0338840243379455,0.986287126544702,0.0,0.0,91608338681154.75,-4.135441239171356,0.05132367512764602,0.0759891013614502,62158479697937.55,31394928309274.254,2206706126131700.2,-43591368913.80625,0.06082650572441499,-0.16992108331506128,0.009184484475590771,0.021130233229525206,672819900098280.5,2941684505927919.0,2973079434237193.5,2879526026229981.0,204205.4840308543,-43591368913.80625,1.0,634.7885538256405,1.2956843223338869e-08,1.2956843223338869e-08,0.04930455825995539,62261.80810310603,634.7885538256405
2189.0,5306.212407365362,10806878223.02607,469.51021327559766,7.16211658051294e-05,2.801506473960842,0.23365015680749962,5903723952852413.0,0.41061019975072094,0.41061019975072094,3815700911166.779,1.7227335004239397,279262.3358055215,276388.8939990744,270605.4006363805,2873.441806447117,5783.493362693908,1.2054893939963574,0.010289399743645284,0.010289399743645285,0.010289399743645285,0.020925201729391038,5783.493362693908,-56731870.19972905,-0.00524960761368174,-4.048397361431333,0.9842328602027143,0.0,0.0,92914032432547.5,-4.144913714680961,0.05083511520803563,0.07527522330617742,62501508474312.61,31052935683226.04,2241113183452756.5,-43750537283.40848,0.06110290393567258,-0.17401709390903777,0.011361084768467759,0.020925201729391038,683286427717788.8,2986901119644858.0,3017954055328084.0,2924399611170545.0,207378.40634473393,-43750537283.40848,1.0,633.1497999068584,1.2656793057168077e-08,1.2656793057168077e-08,0.049265938421920064,63226.99429164656,633.1497999068584
2190.0,5360.808806460087,10807436722.878141,468.9846562036275,7.134692198352626e-05,2.800343821387527,0.23364372510937065,5996637985284960.0,0.41026658158274265,0.41026658158274265,3771950373883.37,1.7002182939661867,283456.1325579621,280615.2775507587,274800.98823788,2840.8550072034213,5814.289312878677,1.204316792577204,0.010022203370824987,0.010022203370824986,0.010022203370824984,0.020719788899686575,5814.289312878677,-56282981.73061906,-0.005207801181150961,-4.06152831093872,0.9821828725439724,0.0,0.0,94233366980597.38,-4.154506307561005,0.05034543898136845,0.0745595297363636,62837563837442.93,30702360729222.504,2275997126256175.0,-43894710218.64835,0.0613560820539724,-0.17803084195913507,0.013523580117709757,0.020719788899686575,693897165509093.4,3032731855602711.5,3063434216331934.0,2969894291765268.5,210595.46168224537,-43894710218.64835,1.0,631.4570573094761,1.236419857016767e-08,1.236419857016767e-08,0.049226456145349706,64205.52655563463,631.4570573094761
2191.0,5415.883857484738,10807978023.734228,468.45968742607164,7.107594531628167e-05,2.799144114930954,0.23363720891496634,6090871352265557.0,0.409926579730936,0.409926579730936,3728055663664.7217,1.6776801321977517,287706.6064974719,284899.0920545072,279054.5948789374,2807.514442964787,5844.497175569742,1.2030811759656177,0.009758255040241685,0.009758255040241685,0.009758255040241687,0.020514270977218724,5844.497175569742,-55838486.990239546,-0.0051664138164991364,-4.073344333906284,0.9801371546567152,0.0,0.0,95566408438554.88,-4.164207726172091,0.04985530594625398,0.07384298371053788,63167197033334.53,30343554400879.863,2311362385208503.0,-44024616043.96145,0.061586969438364156,-0.18196158444235608,0.01567133440364003,0.020514270977218724,704653543665110.8,3079183125906948.5,3109526680307828.0,3016015928873613.5,213857.05819652582,-44024616043.96145,1.0,629.7151108953166,1.2078872591029669e-08,1.2078872591029669e-08,0.04918614908710861,65197.53668241159,629.7151108953166
2192.0,5471.440905030469,10808502654.413834,467.935306284409,7.080818856259649e-05,2.797910340058989,0.2336306375327775,6186437760704112.0,0.4095901561363626,0.4095901561363626,3684031047620.7603,1.6551267917528063,292014.38594113494,289240.9341174237,283366.7646858485,2773.4518237112507,5874.169431575195,1.2017879039123722,0.009497654763729107,0.009497654763729109,0.009497654763729109,0.02030891460608562,5874.169431575195,-55398350.60044595,-0.00512544173524564,-4.083915781112658,0.978095697647744,0.0,0.0,96913231705102.12,-4.174006693575515,0.04936535362578143,0.07312651714191598,63490975893657.09,29976861398471.94,2347213420504140.0,-44141014560.55871,0.0617965388566718,-0.18580874696942415,0.01780375599807292,0.02030891460608562,715557007775513.4,3126261404173311.0,3156238265571782.5,3062770428279653.5,217163.60679669317,-44141014560.55871,1.0,627.9287097724336,1.180063212827563e-08,1.180063212827563e-08,0.04914505521464596,66203.15788915532,627.9287097724336
2193.0,5527.483309402635,10809011127.526804,467.411512120856,7.054360530872647e-05,2.796645482239499,0.23362404027129496,6283350992409214.0,0.40925727314062527,0.40925727314062527,3639890033060.2017,1.6325656052090851,296380.10448899475,293641.4063063555,287738.0462748188,2738.698182639287,5903.36003153674,1.2004423227476544,0.009240492668565688,0.009240492668565685,0.009240492668565683,0.0201039768396211,5903.36003153674,-54962536.66474387,-0.005084881125228315,-4.093315920188029,0.9760584926423821,0.0,0.0,98273920537034.38,-4.1838919474359555,0.04887619752888783,0.07241103070055566,63809484270677.61,29602619131085.49,2383554724219382.5,-44244697329.79503,0.06198580691411562,-0.18957192545754137,0.019920298946428255,0.0201039768396211,726609019777955.8,3173973228268016.0,3203575847399101.0,3110163743997338.5,220515.52136432676,-44244697329.79503,1.0,626.1025639113897,1.1529298309358732e-08,1.1529298309358732e-08,0.04910321266701434,67222.524910492,626.1025639113897
2194.0,5584.0144466347065,10809503939.967148,466.8883042783651,7.028214995095678e-05,2.7953525269403507,0.23361744643900947,6381624912946248.0,0.4089278934816521,0.4089278934816521,3595645335730.4067,1.6100034458201822,300804.4011816595,298101.1173990846,292168.99305034115,2703.2837825748925,5932.124348743472,1.1990497629768646,0.008986849168281767,0.008986849168281767,0.00898684916828177,0.01989970517554889,5932.124348743472,-54531008.798454724,-0.005044728148609237,-4.101620965463324,0.9740255307844382,0.0,0.0,99648567603526.88,-4.193852239878719,0.04838843118850422,0.07169739382482898,64123321520117.62,29221156698592.594,2420390822615745.0,-44336487986.42766,0.06215583446890939,-0.19325088781388022,0.022020464152445088,0.01989970517554889,737811058898151.8,3222325203034014.5,3251546359732607.0,3158201881513897.0,223913.21896526375,-44336487986.42766,1.0,624.2413411109051,1.1264696320175279e-08,1.1264696320175279e-08,0.049060659622210734,68255.7740850774,624.2413411109051
2195.0,5641.037708501804,10809981573.392008,466.3656821006243,7.002377767897622e-05,2.7940344596294118,0.23361088534441193,6481273480549775.0,0.40860198028952605,0.40860198028952605,3551308847743.979,1.5874467120972913,305287.92065816943,302620.6826336047,296660.16349694476,2667.2380245647796,5960.519136659939,1.1976155371117978,0.00873679515001605,0.00873679515001605,0.00873679515001605,0.019696337622358038,5960.519136659939,-54103730.15996099,-0.005004978944009806,-4.108910110747933,0.9719968032361661,0.0,0.0,101037274521561.75,-4.203876337303973,0.0479026262722696,0.07098644483661798,64433102035144.38,28832793897395.766,2457726278384894.0,-44417242583.90927,0.0623077270594454,-0.19684557563557595,0.024103800567025258,0.019696337622358038,749164622576539.2,3271324002996577.5,3300156796893973.0,3206890900961433.0,227357.12005600551,-44417242583.90927,1.0,622.3496643090876,1.1006655344837714e-08,1.1006655344837714e-08,0.04901743417090865,69303.04344093926,622.3496643090876
2196.0,5698.5565025337355,10810444494.686203,465.8436449320562,6.976844445964071e-05,2.792694265774549,0.23360438629599306,6582310755071337.0,0.4082794970823573,0.4082794970823573,3506891605160.07,1.564901312235648,309831.3133138587,307200.7239548715,301212.1214634192,2630.589358987191,5988.602491452301,1.1961449377364062,0.008490392177766768,0.00849039217776677,0.00849039217776677,0.01949410279492714,5988.602491452301,-53680663.48285156,-0.004965629628757439,-4.115265565240674,0.969972301178228,0.0,0.0,102440151872170.38,-4.213953020160496,0.047419332761615696,0.07027899115463587,64739454834584.61,28437840253643.188,2495565692827667.0,-44487849973.92775,0.06244263535804633,-0.20035610593226125,0.026169906382833334,0.01949410279492714,760671227379304.1,3320976375041556.5,3349414215295200.0,3256236920206971.5,230847.648684043,-44487849973.92775,1.0,620.4321092358608,1.075500850558632e-08,1.075500850558632e-08,0.04897357419665971,70364.47277937616,620.4321092358608
2197.0,5756.574252027605,10810893156.412775,465.32219211781745,6.951610702111565e-05,2.7913349308436293,0.23359797860224374,6684750906943507.0,0.40796040776219983,0.40796040776219983,3462403755186.142,1.5423726483743783,314435.2354579517,311841.87025843584,305825.43643864896,2593.365199515894,6016.43381978684,1.1946432358060932,0.008247692710833913,0.008247692710833915,0.008247692710833913,0.019293220037452895,6016.43381978684,-53261771.10879526,-0.004926676301226934,-4.120772592785661,0.9679520158096542,0.0,0.0,103857319197284.75,-4.224071082681505,0.04693907919506102,0.06957580960028864,65043023208343.92,28036594087525.43,2533913707959904.5,-44549232222.47983,0.06256175566097026,-0.20378277287746477,0.0282184302363779,0.019293220037452895,772332409891635.5,3371289141059884.5,3399325735147410.0,3306246117851540.0,234385.23268143157,-44549232222.47983,1.0,618.4932024017018,1.0509592802739998e-08,1.0509592802739998e-08,0.04892911726244553,71440.20375721737,618.4932024017018
2198.0,5815.094396059998,10811327997.249943,464.8013230037975,6.926672283738752e-05,2.7899594403045187,0.23359169157165474,6788608226140792.0,0.4076446766110107,0.4076446766110107,3417854522963.662,1.5198656006743168,319100.34947062895,316544.75763035566,310500.6838181887,2555.5918402732955,6044.073812166909,1.1931156791792812,0.008008740336740122,0.008008740336740124,0.008008740336740122,0.019093899571778285,6044.073812166909,-52847015.0209821,-0.004888115043260615,-4.12551955469219,0.965935938347807,0.0,0.0,105288904976986.38,-4.234219332585013,0.04646237297160727,0.06887764679054509,65344464422925.3,27629341612290.184,2572775008537770.5,-44602345064.84579,0.06266633042147132,-0.2071260495954823,0.030249072419400648,0.019093899571778285,784149727591065.5,3422269200551761.5,3449898542164051.5,3356924736128836.0,237970.3038509425,-44602345064.84579,1.0,616.5374194173769,1.0270249054608795e-08,1.0270249054608795e-08,0.04888410050347303,72530.37996724623,616.5374194173769
2199.0,5874.1203894986575,10811749442.414875,464.2810369366181,6.902025011313489e-05,2.7885707796250854,0.23358555451271687,6893897131117778.0,0.4073322682866519,0.4073322682866519,3373252177898.8164,1.4973845111954753,323827.32395929564,321310.02958277776,315238.44516071083,2517.29437651786,6071.584422066944,1.1915674913797878,0.007773570017934244,0.007773570017934247,0.007773570017934245,0.018896342669262205,6071.584422066944,-52436356.87798106,-0.004849941922652349,-4.129597956344728,0.9639240600283404,0.0,0.0,106735046586990.88,-4.244386590741121,0.0459897007102098,0.06818521961235835,65644449489857.125,27216356071711.074,2612154323995279.0,-44648178401.90772,0.06275764883117217,-0.2103865899906255,0.03226158610150426,0.018896342669262205,796124759698768.6,3473923533183904.5,3501139889255615.5,3408279083694047.5,241603.2981441195,-44648178401.90772,1.0,614.5691836389888,1.0036821837310789e-08,1.0036821837310789e-08,0.04883856052605351,73635.14701659133,614.5691836389888
2200.0,5933.655703013762,10812157904.074661,463.7613332636324,6.877664776894983e-05,2.7871719342731955,0.23357959673392098,7000632177704769.0,0.407023147818934,0.407023147818934,3328603999496.9087,1.4749331675536694,328616.8339137946,326138.3372845684,320039.30843345175,2478.496629226198,6099.028851116629,1.190003870588377,0.0075422083516159056,0.0075422083516159056,0.007542208351615903,0.01870074184438792,6099.028851116629,-52029758.047875516,-0.004812152995681614,-4.133102497836758,0.9619163721051637,0.0,0.0,108195890236200.62,-4.254561690808611,0.045521528661396804,0.06749921577329943,65943662999780.06,26797896919910.44,2652056430286656.0,-44687756840.336426,0.06283704745419517,-0.21356523062605542,0.034255778566057354,0.01870074184438792,808259108006677.5,3526259201293114.0,3553057098213024.5,3460315538293333.5,245284.65583056316,-44687756840.336426,1.0,612.592865132333,9.809159424453959e-09,9.809159424453959e-09,0.048792533312319586,74754.65260288861,612.592865132333
2201.0,5993.7038230886965,10812553781.744854,463.24221133292383,6.853587542690032e-05,2.7857658897167163,0.23357384754375782,7108828067940970.0,0.40671728060570195,0.40671728060570195,3283916242656.5723,1.452514786334017,333469.56086029555,331030.33978634514,324903.86824576085,2439.2210739504458,6126.4715405843135,1.1884299888617436,0.007314673842067217,0.007314673842067218,0.007314673842067218,0.01850728106837121,6126.4715405843135,-51627179.642548084,-0.004774744309684891,-4.136131128870577,0.9599128658504028,0.0,0.0,109671590884129.25,-4.264733478842988,0.04505830316721371,0.06682029442317727,66242803024897.14,26374209047654.637,2692486151626007.0,-44722140279.26217,0.06290591091810317,-0.21666299265971908,0.036231512461525554,0.01850728106837121,820554397678226.2,3579283352329130.0,3605657561376784.5,3513040549304233.5,249014.8216577483,-44722140279.26217,1.0,610.6127799503597,9.587113726660134e-09,9.587113726660134e-09,0.04874605413057931,75889.04658801253,610.6127799503597
2202.0,6054.268252030414,10812937462.675978,462.723670493306,6.829789339642518e-05,2.784355631423515,0.23356833625071827,7218499658825099.0,0.4064146324089616,0.4064146324089616,3239194102377.31,1.4301319962373935,338386.19301360234,335986.7042392452,329832.72606983926,2399.488774357138,6153.978169405938,1.18685099157704,0.007090977184936989,0.0070909771849369885,0.007090977184936988,0.018316136001095717,6153.978169405938,-51228582.55199786,-0.00473771190565268,-4.138785108172739,0.9579135325543616,0.0,0.0,111162312137986.0,-4.274890812878126,0.04460045116580691,0.06614908684158283,66542581092459.61,25945522059516.76,2733448362116612.5,-44752424546.12646,0.06296567266553812,-0.21968108384522836,0.0381887070704916,0.018316136001095717,833012278020496.1,3633003221229568.5,3658948743289085.0,3566460640137108.5,252794.245000668,-44752424546.12646,1.0,608.6331897173267,9.37054023092191e-09,9.37054023092191e-09,0.04869915745099451,77038.48106917126,608.6331897173267
2203.0,6115.35250797931,10813309322.228334,462.20571009432103,6.806266266055273e-05,2.7829441448614576,0.2335630921632931,7329661970963085.0,0.4061151693510473,0.4061151693510473,3194441677831.1836,1.4077868209343933,343367.42542761,341008.1061067251,334826.49044772,2359.3193208848684,6181.615659005088,1.1852719971000067,0.006871121562992493,0.006871121562992493,0.006871121562992495,0.01812747423977784,6181.615659005088,-50833927.47858485,-0.0047010518208415895,-4.141169067683783,0.9559183635254856,0.0,0.0,112668226129140.88,-4.285022562483456,0.04414838073709659,0.06548619718646109,66843722231952.37,25512049606637.77,2774947987261877.5,-44779742084.50867,0.06301781577040726,-0.22262090060584788,0.04012733959874496,0.01812747423977784,845634423225449.5,3687426132719279.5,3712938182325917.5,3620582410487327.0,256623.3800005672,-44779742084.50867,1.0,606.6583015131356,9.15929793979667e-09,9.15929793979667e-09,0.0486518768662898,78203.1104471528,606.6583015131356
2204.0,6176.960124918602,10813669724.235449,461.6883294862394,6.783014486243514e-05,2.7815344154984123,0.23355814458997312,7442330197092226.0,0.4058188579108298,0.4058188579108298,3149661935746.675,1.3854806615998354,348413.9601436456,346095.2293686502,339885.77718349925,2318.7307749953684,6209.452185150966,1.183698096674703,0.006655102952933896,0.006655102952933896,0.006655102952933896,0.017941455582841465,6209.452185150966,-50443174.97110718,-0.004664760091391974,-4.143391081789989,0.9539273500903233,0.0,0.0,114189513368613.88,-4.2951176082985,0.04370248168614743,0.06483220329901185,67146965098654.66,25073988780220.414,2816990005349605.0,-44805262696.81957,0.06306387382250597,-0.2254840301900983,0.042047446486942176,0.017941455582841465,858422533077836.5,3742559503526096.0,3767633492306316.5,3675412538427441.5,260502.68569200014,-44805262696.81957,1.0,604.6922680512998,8.953249310452336e-09,8.953249310452336e-09,0.04860424501719218,79383.0914914991,604.6922680512998
2205.0,6239.094652683319,10814019021.356512,461.1715280200589,6.760030229219001e-05,2.7801294288022453,0.23355352283924916,7556519710460840.0,0.4055256649199638,0.4055256649199638,3104856673049.8555,1.3632142790993211,353526.506336429,351248.7667168921,345011.2095197882,2277.7396195369256,6237.557197103844,1.1821343545327931,0.0064429104429565565,0.006442910442956557,0.006442910442956557,0.017758232307563775,6237.557197103844,-50056285.458627194,-0.004628832754942586,-4.14556274187376,0.9519404835934875,0.0,0.0,115726362581181.12,-4.305164841546462,0.043263126160996146,0.0641876575604049,67453062176280.18,24631519571369.66,2859579448700941.5,-44830194344.84969,0.06310543188455026,-0.22827225291782965,0.04394912474746436,0.017758232307563775,871378333627265.1,3798410844504487.0,3823042364075856.5,3730957782328206.5,264432.6261174114,-44830194344.84969,1.0,602.739188143968,8.752260193588804e-09,8.752260193588804e-09,0.04855629352217106,80578.58340237683,602.739188143968
2206.0,6301.759656968737,10814357555.418158,460.6553050475035,6.737309787404186e-05,2.7787321702408234,0.23354925621961198,7672246073042021.0,0.40523555755917523,0.40523555755917523,3060026478705.006,1.3409877757978095,358705.7804573715,356469.41974158055,350203.41829727765,2236.3607157909623,6266.001444302885,1.1805858082203713,0.006234526560847353,0.0062345265608473545,0.006234526560847354,0.01757794946013986,6266.001444302885,-49673219.283975184,-0.004593265853234911,-4.14779923646979,0.9499577553976196,0.0,0.0,117278970517527.0,-4.315153163528328,0.04283066930188406,0.06355308779604307,67762780061457.99,24184804403454.35,2902721404774701.0,-44855784011.27474,0.063144127525698,-0.23098754452597878,0.045832533329226745,0.01757794946013986,884503577821729.1,3854987762657888.0,3879172567061342.5,3787224982596430.0,268413.6704283828,-44855784011.27474,1.0,600.8031074475244,8.55619977226779e-09,8.55619977226779e-09,0.048508052911184096,81789.74786889485,600.8031074475244
2207.0,6364.958719338447,10814685657.745836,460.1396599210233,6.714849515375543e-05,2.7773456252820137,0.23354537403955244,7789525043559548.0,0.4049485033545876,0.4049485033545876,3015170694693.731,1.3188005769585744,363952.50637494377,361757.89910711016,355463.0420962516,2194.6072678335845,6294.857010858537,1.1790574691403146,0.006029927612512994,0.006029927612512994,0.006029927612512993,0.017400745156900474,6294.857010858537,-49293936.73686777,-0.004558055434700667,-4.15021943732429,0.9479791568833511,0.0,0.0,118847541743794.0,-4.3250714850988325,0.04240544991901252,0.0629289982233221,68076899832892.65,23733987743824.64,2946421017117288.0,-44883318625.328995,0.06318165193576973,-0.2336320786235968,0.047697894513328516,0.017400745156900474,897800046099748.9,3912297963049929.5,3936031950793754.5,3844221063217037.0,272446.2929726454,-44883318625.328995,1.0,598.888019482381,8.364940500689496e-09,8.364940500689496e-09,0.048459552562888364,83016.74912360626,598.888019482381
2208.0,6428.69543723181,10815003649.485176,459.6245919937927,6.692645828635364e-05,2.7759727793936833,0.23354190560756138,7908372585303342.0,0.40466447017408697,0.40466447017408697,2970287376068.402,1.2966514116992753,369267.41551180993,367114.9247168955,360790.7273587746,2152.490794914426,6324.19735812091,1.177554323308208,0.005829084030961797,0.0058290840309617965,0.0058290840309617965,0.017226750895507396,6324.19735812091,-48918398.086591646,-0.004523197557027204,-4.152945991665324,0.9460046794492658,0.0,0.0,120432288407671.0,-4.334908726125431,0.04198779119612106,0.06231587043907205,68396217508142.16,23279195802482.76,2990683486147553.0,-44914126055.97531,0.06321975112451991,-0.23620822926611632,0.04954549534256874,0.017226750895507396,911269546938005.2,3970349250593700.5,3993628446396183.5,3901953033085558.0,276530.9733658682,-44914126055.97531,1.0,596.9978669207461,8.178358042961477e-09,8.178358042961477e-09,0.04841241916639727,84259.75399290635,596.9978669207461
2209.0,6492.973423971103,10815311841.913546,459.11010061971064,6.670695202411298e-05,2.7746021526258033,0.23353882097440734,8028804873711013.0,0.404383426223725,0.404383426223725,2925373250012.427,1.2745382934701754,374651.2469784486,372541.22586581134,366187.47239810263,2110.021112637215,6353.753467708726,1.176056849607797,0.005631960735896314,0.005631960735896314,0.0056319607358963145,0.017055168734526407,6353.753467708726,-48546547.289933704,-0.004488686780329063,-4.1555275475216416,0.9440343145118628,0.0,0.0,122034063935024.12,-4.344708827364067,0.04157578599585843,0.06171091112698768,68717825119909.44,22820536326192.867,3035517155281463.5,-44943326294.108765,0.06326022721046203,-0.2387185736592243,0.051375689087996466,0.017055168734526407,924914551306125.5,4029149531707498.5,4051970068033691.5,3960431706587589.0,280668.4818386514,-44943326294.108765,1.0,595.1167207444597,7.996320395116085e-09,7.996320395116085e-09,0.048374677545434785,85518.99055945122,595.1167207444597
2210.0,6557.796308768042,10815610536.742186,458.596185153399,6.648994170482922e-05,2.7731492000682767,0.23353577925706165,8150838937646037.0,0.4041053400441602,0.4041053400441602,2880429923718.318,1.2524585000177888,380104.7565720524,378037.55019999685,371656.043601653,2067.20637205554,6381.506598343815,1.174422130743948,0.005438517504223028,0.005438517504223028,0.005438517504223028,0.016880615682139898,6381.506598343815,-48178247.390609905,-0.004454510194033103,-4.154557093575387,0.9420680535055196,0.0,0.0,123656847105961.62,-4.354793522376001,0.041156517814949,0.0610951538655784,69019890005337.15,22358099019224.49,3080946280351386.5,-44934071476.77095,0.06330100862818824,-0.24116462627708993,0.053188571136962584,0.016880615682139898,938740740870565.4,4088706911227289.0,4111065010246514.0,4019687021221951.5,284861.0598435445,-44934071476.77095,1.0,593.1290566100931,7.81864662495356e-09,7.81864662495356e-09,0.04833819595846656,86794.98375810852,593.1290566100931
2211.0,6623.167736729916,10815900026.409143,458.0828449502022,6.627539324034686e-05,2.771603327854344,0.23353272431146482,8274495784751999.0,0.40383018050713637,0.40383018050713637,2835495852241.547,1.2304102748633003,385628.7604725493,383604.7015253822,377197.5240684177,2024.058947167152,6407.1774569644695,1.172632866684078,0.005248724044043994,0.005248724044043995,0.005248724044043995,0.016702551953838664,6407.1774569644695,-47813445.50412089,-0.004420662671379633,-4.1495231574849685,0.9401058878824539,0.0,0.0,125301048812734.25,-4.365203172755187,0.04072868462619317,0.060466678832154175,69299390825990.07,21892019220118.863,3126980083245128.5,-44880827628.62702,0.06331777089979995,-0.24354037911478799,0.05498231612160453,0.016702551953838664,952750627287934.2,4149030101359052.5,4170922120579171.0,4079730710533063.0,289109.5586691808,-44880827628.62702,1.0,591.0215653948133,7.64521707616475e-09,7.64521707616475e-09,0.04830118415031093,88087.96539923691,591.0215653948133
2212.0,6689.09136886522,10816180594.3633,457.57007936618606,6.606327310534534e-05,2.769968882277394,0.23352965988002294,8399796833564733.0,0.4035579168119982,0.4035579168119982,2790615024612.92,1.2084025665514333,391224.0852538679,389243.4582156997,382812.61414856033,1980.6270381682205,6430.844067139355,1.1706970934894205,0.005062640856794332,0.005062640856794333,0.005062640856794332,0.016521392797758196,6430.844067139355,-47452108.70917631,-0.004387140940851644,-4.140511841016302,0.9381478091126871,0.0,0.0,126966306492553.0,-4.375921257423077,0.040293276643639464,0.05982693272851791,69557170804369.05,21422819734906.367,3173624378582117.5,-44784523825.53199,0.06329356297316398,-0.24583886882648212,0.05675482913731444,0.016521392797758196,966945989849026.4,4210127539235513.5,4231550358970419.5,4140570368431144.0,293414.5145686646,-44784523825.53199,1.0,588.8014655100915,7.475927306054866e-09,7.475927306054866e-09,0.048263530567284496,89398.09957989576,588.8014655100915
2213.0,6755.570882088775,10816452515.339758,457.05788775813755,6.585354832637607e-05,2.7682502096308195,0.23352658970514198,8526763140057286.0,0.4032885184822436,0.4032885184822436,2745830500787.3877,1.1864517144621365,396891.5571060497,394954.5739746413,388501.98619489104,1936.983131408394,6452.587779750253,1.1686228555745488,0.004880383814490747,0.004880383814490746,0.004880383814490745,0.016337544125174637,6452.587779750253,-47094206.57108578,-0.004353941969818419,-4.127614443302528,0.9361938086840074,0.0,0.0,128652223838967.88,-4.386931223872317,0.039851262829750045,0.0591773322006397,69794109320730.2,20951286063893.004,3220884747947524.5,-44646145627.61235,0.06321958224203673,-0.24805351544763904,0.05850408524128863,0.016337544125174637,981328537844696.5,4272007395112951.0,4292958681176844.0,4202213285792221.0,297776.442265124,-44646145627.61235,1.0,586.4759529842295,7.3106763199467635e-09,7.3106763199467635e-09,0.048225181535950234,90725.54392976705,586.4759529842295
2214.0,6822.609969226436,10816716055.626863,456.5462694835634,6.564618647114336e-05,2.7664516562080093,0.23352351752922793,8655415363896254.0,0.403021955362112,0.403021955362112,2701184355159.7754,1.1645778227388053,402632.001420433,400738.7897952879,394266.29680427886,1893.2116251451073,6472.49299100901,1.166418196353926,0.004702089298580599,0.0047020892985806,0.004702089298580601,0.016151401251462076,6472.49299100901,-46739709.96132909,-0.004321062855025677,-4.110927382701899,0.9342438781019319,0.0,0.0,130358405123447.12,-4.398216513767258,0.03940358786115106,0.058519259394509304,70011118855779.5,20478332582406.508,3268766641322316.5,-44466734223.98775,0.06309157399886126,-0.25017812313738313,0.06022813167543837,0.016151401251462076,995899941513072.6,4334677701691169.0,4355156034273575.5,4264666582835389.5,302195.8443313211,-44466734223.98775,1.0,584.0521892989093,7.149365990115425e-09,7.149365990115425e-09,0.048186117046688626,92070.4524729578,584.0521892989093
2215.0,6890.212339019191,10816971473.325073,456.0352239006895,6.544115563802407e-05,2.7645775683023546,0.23352044709468672,8785773769019701.0,0.402758197613209,0.402758197613209,2656717620935.7876,1.1428027408842771,408446.24285474897,406596.8409789172,400106.1941025232,1849.4018758317725,6490.646876393999,1.1640911494075912,0.004527895428553261,0.004527895428553261,0.00452789542855326,0.01596334802003676,6490.646876393999,-46388590.3678999,-0.0042885007584882095,-4.090552128031218,0.9322980088896706,0.0,0.0,132084473567992.12,-4.409760577284233,0.0389511699847539,0.057854058806287356,70209142105380.38,20004927333586.164,3317275437437695.5,-44247385679.06286,0.062907837019475,-0.2522068807264643,0.061925090021866455,0.01596334802003676,1010661850469962.2,4398146430013038.5,4418151357346624.5,4327937287907658.0,306673.21677034843,-44247385679.06286,1.0,581.5372900226693,6.991900705094961e-09,6.991900705094961e-09,0.048146337268306194,93432.97733217473,581.5372900226693
2216.0,6958.381716126925,10817219018.597963,455.5247503684602,6.523842444581901e-05,2.762632292207246,0.23351738214392434,8917858242587693.0,0.4024972157111664,0.4024972157111664,2612470235256.7246,1.1211489343166388,414335.1056538171,412529.46139986743,406022.3222623384,1805.644253949697,6507.139137529032,1.1616497301707758,0.0043579320924313335,0.0043579320924313335,0.0043579320924313335,0.01577375617112985,6507.139137529032,-46040819.50634642,-0.00425625287120366,-4.066595136741351,0.9303561925880894,0.0,0.0,133830080893360.75,-4.421546880896782,0.038494899469178834,0.05718303499530153,70389149235142.2,19532049364646.793,3366416481199348.0,-43989250254.09653,0.06266811864039849,-0.2541343620968955,0.0635931582968954,0.01577375617112985,1025615905152130.1,4462421535586620.5,4481953584951267.0,4392032386351478.5,311209.0524756403,-43989250254.09653,1.0,578.9383142449781,6.838187154908503e-09,6.838187154908503e-09,0.048105854932466,94813.26978669807,578.9383142449781
2217.0,7027.121841131563,10817458933.915564,455.0148482465376,6.50379620237312e-05,2.7606201742160734,0.23351432641934677,9051688323481054.0,0.4022389804423371,0.4022389804423371,2568480985002.628,1.099638847963056,420299.414101859,418537.3862269027,412015.3244661076,1762.0278749562426,6522.061760795112,1.159101928150757,0.004192315801156976,0.004192315801156976,0.004192315801156976,0.015582984878821052,6522.061760795112,-45696369.09793807,-0.004224316392333878,-4.039167798859315,0.9284184207556726,0.0,0.0,135594911985257.0,-4.433558911532743,0.038035637460753,0.0565074508812643,70552135261862.16,19060664177753.664,3416195108222652.5,-43693531791.35476,0.06237300245834726,-0.25595552641324926,0.06523061298820138,0.015582984878821052,1040763744333362.5,4527510987817878.0,4546571651995631.0,4456958852556015.0,315803.8434989559,-43693531791.35476,1.0,576.2622548113047,6.6881341918512476e-09,6.6881341918512476e-09,0.04806469093638133,96211.48096715171,576.2622548113047
2218.0,7096.4364705398,10817691454.290302,454.5055168953003,6.483973800156495e-05,2.7585455606222276,0.23351128366336002,9187283235466312.0,0.40198346290052506,0.40198346290052506,2524787453211.273,1.0782945430655744,426339.9930379648,424621.3537710821,418085.8449836835,1718.6392668827027,6535.508787398638,1.1564556996727624,0.004031147194604521,0.0040311471946045205,0.0040311471946045205,0.015391380413058547,6535.508787398638,-45355210.74216185,-0.0041926885171210855,-4.008386386221758,0.9264846849684872,0.0,0.0,137378686859436.5,-4.4457801787045295,0.037574215136850664,0.05582852646950598,70699117558881.42,18591709310364.76,3466616662033665.0,-43361487155.7247,0.06202356886883218,-0.2576657182224677,0.06683581103890016,0.015391380413058547,1056107010406067.9,4593422789998614.0,4612014499308979.0,4522723672439733.0,320458.082640063,-43361487155.7247,1.0,573.5160293564356,6.5416527341664074e-09,6.5416527341664074e-09,0.048022871716924875,97627.76234362047,573.5160293564356
2219.0,7166.329376785303,10817916807.505737,453.99675567584296,6.464372250014044e-05,2.7564127977190993,0.23350825761837,9324661922325748.0,0.40173063448374974,0.40173063448374974,2481425966055.5483,1.0571374854469326,432457.6683969024,430782.1068308908,424234.5307357953,1675.5615660115773,6547.576095095481,1.1537189611553746,0.0038745100120961993,0.0038745100120962,0.003874510012096201,0.015199275901368433,6547.576095095481,-45017315.84374948,-0.004161366429857859,-3.9743720069183865,0.9245549768201453,0.0,0.0,139181161131661.38,-4.458194215489615,0.037111433094446866,0.05514743791414556,70831133487556.19,18126085626967.277,3517686507006833.5,-42994425732.92272,0.06162120673117875,-0.2592606674375283,0.0684071917821244,0.015199275901368433,1071647353364236.2,4660164993858626.0,4678291079485593.0,4589333860371070.0,325172.2646421329,-42994425732.92272,1.0,570.7064721304433,6.398655694803026e-09,6.398655694803026e-09,0.047980427606716614,99062.2660936624,570.7064721304433
2220.0,7236.804348230402,10818135214.338318,453.4885639499755,6.444988612191844e-05,2.754226231800079,0.23350525202678277,9463843083457410.0,0.4014804668910444,0.4014804668910444,2438431540322.6255,1.036188417796613,438653.26775440737,437020.3937397886,430462.0325477928,1632.8740146187497,6558.361191995806,1.1508995829146125,0.003722470877688666,0.0037224708776886655,0.0037224708776886647,0.01500699117465167,6558.361191995806,-44682655.5724176,-0.004130347299892811,-3.9372505650878504,0.9226292879217688,0.0,0.0,141002125659061.75,-4.470784578343317,0.036648060953937245,0.054465316891066484,70949238159479.66,17664651878125.08,3569410038736122.5,-42593708985.85032,0.061167508758517466,-0.26073648921970244,0.06994327882955052,0.01500699117465167,1087386434004802.8,4727745710900404.0,4745410362778529.0,4656796472740925.0,329946.88714975934,-42593708985.85032,1.0,567.840326609078,6.259057925466975e-09,6.259057925466975e-09,0.047937391741248225,100515.14539803354,567.840326609078
2221.0,7307.865189167354,10818346888.772375,452.98094108022207,6.42581999418301e-05,2.7519902091585573,0.23350227063100426,9604845209116472.0,0.401232932119288,0.401232932119288,2395837831336.7754,1.0154672786142227,444927.62086545635,443336.969229728,436769.0062067636,1590.6516357283522,6567.963022964365,1.1480053834946917,0.0035750795435767206,0.00357507954357672,0.003575079543576721,0.014814832686693863,6567.963022964365,-44351200.842454724,-0.004099628279481758,-3.8971527263391024,0.9207076099019514,0.0,0.0,142841405721223.75,-4.4835348489576745,0.036184837048301555,0.05378325009056106,71054502335058.55,17208221174502.508,3621792692776272.0,-42160750072.06141,0.06066421330877998,-0.2620896837740482,0.07144268191737838,0.014814832686693863,1103325926632870.9,4796173121744202.0,4813381342918705.0,4725118619409143.0,334782.4515162371,-42160750072.06141,1.0,564.9242388779815,6.122776170031505e-09,6.122776170031505e-09,0.047893799281636396,101986.5546905265,564.9242388779815
2222.0,7379.515719819019,10818552038.208557,452.4738864298205,6.40686354983067e-05,2.7497090760879246,0.23349931717344047,9747686614837696.0,0.40098800246007094,0.40098800246007094,2353677081264.714,0.9949931471027252,451281.56018917705,449732.59517356276,443156.1133844157,1548.965015614257,6576.481789147046,1.1450441245223795,0.0034323693947630627,0.0034323693947630636,0.0034323693947630645,0.014623093499836322,6576.481789147046,-44022922.30679252,-0.004069206502988016,-3.8542138891488764,0.9187899344067235,0.0,0.0,144698859944598.38,-4.496428630860422,0.03572246844665039,0.05310227919732313,71148010464218.23,16757558626787.37,3674839952271184.5,-41697013526.14331,0.060113171909648794,-0.263317136072969,0.07290409871338552,0.014623093499836322,1119467521428368.0,4865455484163771.0,4882213042790559.0,4794307473699553.0,339679.4635079188,-41697013526.14331,1.0,561.9647517779756,5.989729024997768e-09,5.989729024997768e-09,0.047849686824278814,103476.64987649683,561.9647517779756
2223.0,7451.759776339093,10818750863.665895,451.9673993627215,6.388116478450461e-05,2.747387178881571,0.23349639539649733,9892385474782294.0,0.40074565049659316,0.40074565049659316,2311980067738.5703,0.974784202526666,457715.9213969192,456208.0412413564,449624.0224602233,1507.8801555628079,6584.018781133161,1.142023506080872,0.0032943581052650656,0.0032943581052650656,0.0032943581052650647,0.014432053330795834,6584.018781133161,-43697790.35921375,-0.004039079086844496,-3.808574162635489,0.9168762530995151,0.0,0.0,146574379083013.0,-4.509449551273778,0.03526163092490886,0.052423400788706,71230858874776.86,16313379735299.793,3728557354755232.5,-41204015011.34831,0.05951633107504551,-0.26441611552302874,0.07432631658883862,0.014432053330795834,1135812926561242.5,4935601140191251.0,4951914519926550.0,4864370281316475.0,344638.4339320874,-41204015011.34831,1.0,558.9682997967736,5.859836903723119e-09,5.859836903723119e-09,0.047805091926730325,104985.5885281359,558.9682997967736
2224.0,7524.601210811807,10818943559.977694,451.4614792435875,6.369576023972052e-05,2.745028863832888,0.23349350904258087,1.0038959853865308e+16,0.4005058491005953,0.4005058491005953,2270776052727.222,0.9548576916568616,464231.5438615766,462764.0854902213,456173.40926399874,1467.458371355325,6590.676226222533,1.1389511625982436,0.003161048383633509,0.0031610483836335087,0.0031610483836335087,0.014241978651478132,6590.676226222533,-43375775.144052416,-0.004009243130217591,-3.7603783511422297,0.9149665576611202,0.0,0.0,148467884717074.12,-4.522581259589521,0.034802969183187704,0.0517475665931485,71304154113588.36,15876349296310.047,3782950498286203.0,-40683321145.16976,0.05887572207941229,-0.2653842755906673,0.07570821435923158,0.014241978651478132,1152363870103605.0,5006618522503396.0,5022494871799706.0,4935314368389808.0,349659.87920303026,-40683321145.16976,1.0,555.9412046908022,5.7330220042487e-09,5.7330220042487e-09,0.047760052710853484,106513.53006096843,555.9412046908022
2225.0,7598.043891251131,10819130315.981447,450.95612543779225,6.351239474099247e-05,2.7426384772352645,0.23349066185409706,1.0187427738582382e+16,0.40026857142932193,0.40026857142932193,2230092731582.0522,0.9352299007497212,470829.2711271369,469401.5148989171,462804.957748699,1427.7562282198087,6596.557150218104,1.1358346592447055,0.003032428771477708,0.003032428771477708,0.0030324287714777087,0.014053122840131084,6596.557150218104,-43056846.57081031,-0.0039796957161343195,-3.7097759460874165,0.9130608397896597,0.0,0.0,150379327907864.5,-4.535807426781645,0.03434709714586359,0.05107568386823558,71369011445028.88,15447080692564.258,3838025046999359.5,-40136549403.813126,0.05819345518529646,-0.2662196534029782,0.07704876399802364,0.014053122840131084,1169122101766102.8,5078516160210491.0,5093963240903055.0,5007147148765462.0,354744.32185459783,-40136549403.813126,1.0,552.8896718193723,5.609208279332708e-09,5.609208279332708e-09,0.047714607521447405,108060.63589410116,552.8896718193723
2226.0,7672.09170159952,10819311314.702948,450.4513373114198,6.333104159488221e-05,2.740220365382093,0.23348785757345183,1.0337807066490246e+16,0.400033790922517,0.400033790922517,2189956182178.239,0.9159161300735901,477509.951357931,476121.12585387006,469519.3605997553,1388.8255040609617,6601.765254114709,1.1326814888322376,0.0029084744728595786,0.002908474472859579,0.002908474472859579,0.013865726378503328,6601.765254114709,-42740974.33278529,-0.003950433912988738,-3.6569211255575,0.9111590912005464,0.0,0.0,152308687825393.38,-4.549111744622595,0.033894598375895924,0.05040861594560775,71426553510856.05,15026135490234.787,3893786736134608.5,-39565368110.7205,0.057471716386668655,-0.2669206693402606,0.07834703232776573,0.013865726378503328,1186089394474417.8,5151302684119883.0,5166328819610117.0,5079876130609026.0,359892.29100406147,-39565368110.7205,1.0,549.8197871722334,5.488321408222652e-09,5.488321408222652e-09,0.04766879462801055,109627.06959569384,549.8197871722334
2227.0,7746.748541726027,10819486733.534748,449.9471142312641,6.31516745294343e-05,2.737778874566762,0.23348509994305122,1.049011575431564e+16,0.39980148129945065,0.39980148129945065,2150390814067.5186,0.896930669859519,484274.4377673282,482923.72459082876,476317.31978482334,1350.713176499487,6606.404806005411,1.1294990692095102,0.0027891482001956157,0.0027891482001956157,0.0027891482001956153,0.013680017090903704,6606.404806005411,-42428127.92881653,-0.003921454776344568,-3.6019727621345834,0.9092613036264483,0.0,0.0,154255970364170.0,-4.56247792484692,0.03344602658954754,0.049747182923086,71477909154935.75,14614023293946.777,3950241376568990.0,-38971496514.468636,0.056712765598249976,-0.26748612663763865,0.07960218269322698,0.013680017090903704,1203267545795733.8,5224986831519660.0,5239600854813607.0,5153508922364724.0,365104.3227702576,-38971496514.468636,1.0,546.7375150705208,5.370288769692185e-09,5.370288769692185e-09,0.047622651962403895,111212.99701456577,546.7375150705208
2228.0,7822.018327424045,10819656744.409203,449.4434555648274,6.297426768630788e-05,2.7353183510826637,0.23348239270530116,1.064437172467981e+16,0.39957161655597745,0.39957161655597745,2111419317553.0498,0.8782867770316503,491123.589025821,489810.1275951375,483199.5470466547,1313.4614306834696,6610.580548482801,1.1262947411445563,0.002674401026610868,0.002674401026610868,0.002674401026610868,0.013496210421249006,6610.580548482801,-42118276.687454745,-0.003892755350969739,-3.54509443946569,0.9073674688172529,0.0,0.0,156221206754026.5,-4.5758896982734205,0.033001906262704384,0.04909216249171455,71524212415852.22,14211201827015.762,4007394858876801.5,-38356704961.53251,0.05591893570181239,-0.26791521101363835,0.08081347662136297,0.013496210421249006,1220658379222007.5,5299577450514662.0,5313788652341678.0,5228053238098809.0,370380.960648084,-38356704961.53251,1.0,543.648696520356,5.2550394159864274e-09,5.2550394159864274e-09,0.04757621688786573,112818.58639857067,543.648696520356
2229.0,7897.904990408468,10819821513.966177,448.9403606803202,6.2798795613077e-05,2.7328431412231877,0.23347973960260768,1.0800592931433836e+16,0.39934417096162544,0.39934417096162544,2073062612591.5173,0.8599966523357001,498058.2696485306,496781.1619629749,490166.764341204,1277.107685555669,6614.3976217708505,1.1230757666871607,0.0025641732371131944,0.0025641732371131944,0.0025641732371131944,0.013314509744360681,6614.3976217708505,-41811389.79297998,-0.003864332673049183,-3.4864544780924884,0.9054775785400311,0.0,0.0,158204452172009.62,-4.5893308138950735,0.03256273332032633,0.048444290885852004,71566601689962.97,13818077211826.777,4065253156934755.0,-37722815169.528824,0.055092632126716126,-0.2682074903442242,0.08198027547320351,0.013314509744360681,1238263745315393.0,5375083503940111.0,5388901581151939.0,5303516902250148.0,375722.75584096694,-37722815169.528824,1.0,540.5590481977172,5.142504047393769e-09,5.142504047393769e-09,0.04752952599640459,114444.00850023708,540.5590481977172
2230.0,7974.412478312313,10819981203.715658,448.4378289466605,6.262523325569525e-05,2.730357591281725,0.23347714437737668,1.0958797383605846e+16,0.3991191190567162,0.3991191190567162,2035339797421.9885,0.8420714176285022,505079.3503622586,503837.6657256666,497219.7042228774,1241.684636591977,6617.961502789226,1.1198493280026562,0.0024583951723652978,0.0024583951723652973,0.0024583951723652973,0.013135106707946332,6617.961502789226,-41507436.312768646,-0.00383618377252954,-3.4262259710752354,0.9035916245790017,0.0,0.0,160205784360066.88,-4.602785037944683,0.032128975900952095,0.04780426394494752,71606219067093.25,13435004428867.7,4123822331087941.0,-37071700606.71648,0.05423633278949384,-0.2683629144014225,0.0831020420929782,0.013135106707946332,1256085522720651.2,5451514072875686.0,5464949077304554.0,5379907853808592.0,381130.2675527561,-37071700606.71648,1.0,537.474162042847,5.032614987217726e-09,5.032614987217726e-09,0.047482614932415235,116089.43667012127,537.474162042847
2231.0,8051.544754682899,10820135970.195364,447.93585973347206,6.245355595112091e-05,2.727866047551666,0.2334746107720142,1.1119003167965912e+16,0.3988964356495146,0.3988964356495146,1998268096815.272,0.8245210931702314,512187.70845227974,510980.4881391339,504359.11017881153,1207.2203131458427,6621.377960322368,1.1166225266685268,0.00235698805969749,0.00235698805969749,0.0023569880596974904,0.012958181601876442,6621.377960322368,-41206385.22557225,-0.0038083056755550404,-3.3645868299566004,0.9017095987354954,0.0,0.0,162225302252740.75,-4.616236152943518,0.03170107518850751,0.04717273827605495,71644209840742.88,13062287934219.844,4183108530892152.5,-36405286983.659004,0.053352588299099835,-0.2683818146762944,0.0841783424600442,0.012958181601876442,1274125619049332.0,5528878359782228.0,5541940647716448.0,5457234149941485.0,386604.06324049406,-36405286983.659004,1.0,534.399505442216,4.925306156967274e-09,4.925306156967274e-09,0.04743551824070669,117755.04693831745,534.399505442216
2232.0,8129.30579897746,10820285965.123547,447.43445241108503,6.228373942009877e-05,2.7253728563264006,0.2334721425289262,1.1281228470218652e+16,0.39867609581340924,0.39867609581340924,1961862809831.613,0.8073545748030838,519384.2280891139,518210.4899405738,511585.7369141304,1173.7381485400876,6624.753026443401,1.1134023834250701,0.0022598648265821086,0.0022598648265821086,0.0022598648265821086,0.012783903751549103,6624.753026443401,-40908205.450319424,-0.0037806954069584363,-3.301719841625258,0.8998314928279196,0.0,0.0,164263124618800.75,-4.629667956739505,0.0312794463040692,0.04655033250666496,71681722194435.27,12700182415378.406,4243117997448686.0,-35725552863.10772,0.05244402237982678,-0.2682649043066683,0.08520884734943097,0.012783903751549103,1292385971640666.0,5607185691283788.0,5619885873699166.0,5535503969089352.0,392144.7188295488,-35725552863.10772,1.0,531.3404219760458,4.820513051621145e-09,4.820513051621145e-09,0.04738826923745987,119441.01808458159,531.3404219760458
2233.0,8207.699606558235,10820431335.547108,446.9336063505336,6.2115759760095e-05,2.72288236389932,0.23346974339051865,1.1445491594837452e+16,0.398458074884122,0.398458074884122,1926137256968.5054,0.7905796109221365,526669.8006355794,525528.5435745826,518900.3505902558,1141.2570609968473,6628.192984326708,1.1101958383712822,0.002166930892220497,0.0021669308922204968,0.0021669308922204968,0.012612431932321942,6628.192984326708,-40612865.87509588,-0.0037533499927747934,-3.2378127366529257,0.8979572986917222,0.0,0.0,166319388720689.0,-4.643064261541106,0.03086447925061586,0.04593762861793427,71719907065662.2,12348893664724.684,4303857065348750.0,-35034530394.31285,0.05151333248912101,-0.2680132781306996,0.08619333400707253,0.012612431932321942,1310868548204434.2,5686445520618847.0,5698794414283571.0,5614725613553184.0,397752.8188926986,-35034530394.31285,1.0,528.3021327095064,4.718172714852917e-09,4.718172714852917e-09,0.04734089990270829,121147.53169755719,528.3021327095064
2234.0,8286.73018868708,10820572223.985172,446.43332092355655,6.194959343838116e-05,2.7203989165638145,0.23346741709919755,1.161181098355814e+16,0.3982423484569473,0.3982423484569473,1891102726574.1926,0.7742027791547746,534045.3249344816,532935.533391062,526303.7290184881,1109.7915434195538,6631.804372573945,1.1070097515971151,0.0020780849332511357,0.002078084933251136,0.0020780849332511365,0.01244391480218228,6631.804372573945,-40320335.38599423,-0.003726266462749455,-3.173058269693479,0.8960870081793569,0.0,0.0,168394248995619.25,-4.656408892952521,0.0304565399042116,0.04533517334894088,71759918188777.05,12008579549139.258,4365332164245838.0,-34334306178.13171,0.050563290621592254,-0.26762841288799827,0.087131687846059,0.01244391480218228,1329575347351433.2,5766667429786048.0,5778676009335188.0,5694907511597271.0,403428.9567948657,-34334306178.13171,1.0,525.289738005998,4.618223714130447e-09,4.618223714130447e-09,0.04729344079295594,122874.77222362239,525.289738005998
2235.0,8366.401572519497,10820708768.568285,445.9335955025959,6.178521728526399e-05,2.7179268606132747,0.23346516739736886,1.178020523255376e+16,0.3980288923840202,0.3980288923840202,1856768420396.061,0.7582294626695195,541511.7075773303,540432.3558173738,533796.6618111982,1079.3517599564814,6635.694006175606,1.103850904243341,0.001993219619914396,0.0019932196199143955,0.001993219619914395,0.012278491350021943,6635.694006175606,-40030582.895561844,-0.0036994418528148217,-3.107654312548806,0.8942206131602469,0.0,0.0,170487875762099.0,-4.669685689015481,0.030055971045482632,0.044743479663150176,71802912318160.39,11679351053330.709,4427549820075437.0,-33627022269.47591,0.04959674429840361,-0.26711216759074646,0.08802390417050543,0.012278491350021943,1348508399017475.0,5847861131411073.0,5859540482464403.0,5776058219092912.0,409173.7348052901,-33627022269.47591,1.0,522.3082198413534,4.52060611562667e-09,4.52060611562667e-09,0.04724592097266789,124622.92700590809,522.3082198413534
2236.0,8446.717801098233,10820841103.173319,445.4344294607959,6.162260848745775e-05,2.7154705423410914,0.23346299802743858,1.195069310831586e+16,0.39781768277161356,0.39781768277161356,1823141398126.5852,0.7426638260360031,549069.8631545455,548019.9195073511,541379.9504931157,1049.9436471944605,6639.969014235466,1.100725999980404,0.0019122223193279414,0.0019122223193279411,0.0019122223193279416,0.012116291357081588,6639.969014235466,-39743577.37060674,-0.0036728732075135585,-3.041803960523571,0.8923581055207502,0.0,0.0,172600453955632.75,-4.682878499262314,0.02966309342567308,0.0441630282688531,71850049633036.34,11361273373577.523,4490516655942624.5,-32914877323.82885,0.04861661774570601,-0.2664667840879327,0.0888700899339093,0.012116291357081588,1367669764787218.8,5930036470362879.0,5941397743736456.0,5858186420729843.0,414987.7641790467,-32914877323.82885,1.0,519.3624445983864,4.425261458898501e-09,4.425261458898501e-09,0.04719836796323418,126392.18631406907,519.3624445983864
2237.0,8527.682933346234,10820969357.554262,444.9358221720026,6.146174458159522e-05,2.7130343080406543,0.2334609127318126,1.2123293562271492e+16,0.39760869597746307,0.39760869597746307,1790226520802.7563,0.7275087905567797,556720.7144876381,555699.1454698769,549054.4085752806,1021.5690177611982,6644.736894596421,1.0976416668978441,0.001834975762849726,0.0018349757628497256,0.001834975762849726,0.011957435869327994,6644.736894596421,-39459287.859153606,-0.003646557582348808,-2.975715652709125,0.8904994771641241,0.0,0.0,174732181897200.25,-4.695971183784829,0.029278206862019762,0.04359426918595766,71902494325438.14,11054367037820.732,4554239392698840.0,-32200127894.760025,0.047625913268380074,-0.26569488784654594,0.08967046553914769,0.011957435869327994,1387061538124349.5,6013203425148627.0,6024257792186447.0,5941300930823189.0,420871.66520987,-32200127894.760025,1.0,516.4571663218932,4.3321327313083466e-09,4.3321327313083466e-09,0.04715080770816904,128182.74336541056,516.4571663218932
2238.0,8609.301044059168,10821093657.468994,444.43777301076295,6.130260344787467e-05,2.710622504005354,0.233458915252897,1.2298025744168692e+16,0.3974019086081212,0.3974019086081212,1758026392907.9963,0.7127660089894625,564465.1928439197,563470.9671798589,556820.8615943327,994.2256640607859,6650.105585526186,1.0946044597962004,0.0017613586748398478,0.0017613586748398478,0.0017613586748398483,0.011802037678728323,6650.105585526186,-39177683.51637036,-0.0036204920460446185,-2.909603306858296,0.8886447200104902,0.0,0.0,176883270098010.0,-4.708947612322756,0.02890159135759296,0.043037623352071286,71961415373036.55,10758609027461.068,4618724849229976.0,-31485089889.595116,0.04662771282691056,-0.2647994889743138,0.09042536668755269,0.011802037678728323,1406685844514879.5,6097372109117891.0,6108130718145353.0,6025410693744855.0,426826.06725633633,-31485089889.595116,1.0,513.597030415074,4.241164342177131e-09,4.241164342177131e-09,0.04710326455314151,129994.79433799641,513.597030415074
2239.0,8691.576223897411,10821214124.80218,443.9402813523242,6.11451633038392e-05,2.7082394765285818,0.23345700933309774,1.2474909014266702e+16,0.3971972975163383,0.3971972975163383,1726541303018.4011,0.6984358395747937,572304.238134325,571336.3306744915,564680.1471198441,967.9074598335762,6656.183554647415,1.0916208628736244,0.0016912463604828304,0.0016912463604828304,0.0016912463604828304,0.011650201811583473,6656.183554647415,-38898733.62931485,-0.0035946736827024896,-2.84368646953429,0.8867938259967986,0.0,0.0,179053940103757.5,-4.721791663375353,0.02853350824123624,0.042493484261488024,72027987498826.58,10473933875852.494,4683979942478202.0,-30772140190.6333,0.04562517982622959,-0.2637839835093334,0.09113524628479984,0.011650201811583473,1426544841530427.8,6182552771507456.0,6193026705383308.0,6110524784008630.0,432851.6087434716,-30772140190.6333,1.0,510.78657775926024,4.152302096670955e-09,4.152302096670955e-09,0.04705576123948574,131828.53837637245,510.78657775926024
2240.0,8774.512579377422,10821330877.684376,443.4433465726324,6.0989402698285594e-05,2.705889571903728,0.2334551987148208,1.265396295437046e+16,0.39699483979847183,0.39699483979847183,1695769162827.7678,0.6845173192829412,580238.7990949657,579296.1946377427,572633.1147324112,942.6044572229628,6663.079905331483,1.0886972927998984,0.0016245112507009207,0.0016245112507009205,0.0016245112507009205,0.011502026022280667,6663.079905331483,-38622407.64037746,-0.0035690995938423937,-2.778190482242526,0.8849467870767938,0.0,0.0,181244423381326.0,-4.734487223339156,0.02817420132363635,0.04196221963124369,72103392320041.86,10200234718389.768,4750011687220049.0,-30063718449.57989,0.044621561126071185,-0.2626521550027359,0.09180067641165013,0.011502026022280667,1446640718818372.0,6268755798358463.0,6278956033076853.0,6196652406038421.0,438948.9371418694,-30063718449.57989,1.0,508.03024923991256,4.06549316943421e-09,4.06549316943421e-09,0.04700831890987889,133684.17759054183,508.03024923991256
2241.0,8858.114232862708,10821444030.60752,442.94696804833274,6.083530050529954e-05,2.7035771364241823,0.23345348714047207,1.2835207377751786e+16,0.3967945127919221,0.3967945127919221,1665705444378.188,0.6710081361867085,588269.833453094,587351.5304760423,580680.625975225,918.3029770517144,6670.904500817286,1.0858401021710151,0.001561023402579312,0.0015610234025793123,0.0015610234025793127,0.011357601291020026,6670.904500817286,-38348675.16932153,-0.0035437669003189976,-2.7133466642807833,0.883103595220979,0.0,0.0,183454960250577.75,-4.747018185674396,0.027823898066033803,0.04144417308908044,72188819689122.05,9937364269305.389,4816827195623279.0,-29362329063.15011,0.04362018928294477,-0.26140817642135067,0.09242235036790257,0.011357601291020026,1466975698025756.5,6355991713338158.0,6365929077607464.0,6283802893649036.0,445118.7089263965,-29362329063.15011,1.0,505.33239066299814,3.98068607799101e-09,3.98068607799101e-09,0.04696095712468673,135561.91704882847,505.33239066299814
2242.0,8942.385322554166,10821553694.53683,442.4511451567679,6.068283591841436e-05,2.7013065163833363,0.23345187835245765,1.3018662338002364e+16,0.3965962940725962,0.3965962940725962,1636343115315.0378,0.6579046008664965,596398.3080781533,595503.3223880896,588823.5542817231,894.9856900636508,6679.7681063665805,1.0830555833380628,0.0015006509541378012,0.0015006509541378012,0.001500650954137801,0.011217012324262693,6679.7681063665805,-38077506.03384802,-0.0035186727441061556,-2.649392513073713,0.8812642424165819,0.0,0.0,185685798863322.75,-4.759368450102199,0.027482810758487464,0.04093966587872133,72285469230100.56,9685135700865.896,4884433676604130.0,-28670543338.131058,0.042624485034328946,-0.2600566123981953,0.09300108479824311,0.011217012324262693,1487552032663559.0,6444271178497789.0,6453956314198655.0,6371985709267689.0,451361.5895164845,-28670543338.131058,1.0,502.6972580471264,3.897830655944706e-09,3.897830655944706e-09,0.04691369388762068,137461.96476523858,502.6972580471264
2243.0,9027.33000247994,10821659977.019333,441.95587727597757,6.053198844489024e-05,2.6990820580745805,0.23345037609318342,1.3204348136865686e+16,0.3964001614523972,0.3964001614523972,1607672571976.9067,0.6452016167478236,604625.1991186409,603752.5674316634,597062.7848818375,872.6316869775001,6689.782549825859,1.080349972604747,0.0014432605327226373,0.001443260532722637,0.001443260532722637,0.01108033805683659,6689.782549825859,-37808870.26863513,-0.003493814289944917,-2.586571922789951,0.8794287206675189,0.0,0.0,187937194231123.0,-4.771521921834055,0.027151137705076933,0.04044899857853057,72394552074412.84,9443323401643.275,4952838435005793.0,-27991001854.537952,0.04163796003616914,-0.2586024218595227,0.09353782190901791,0.01108033805683659,1508372007917691.8,6533604994997898.0,6543048318399541.0,6461210442923485.0,457678.2531999291,-27991001854.537952,1.0,500.1290232781563,3.816878026011411e-09,3.816878026011411e-09,0.04686654567919679,139384.53168190844,500.1290232781563
2244.0,9112.95244248469,10821762982.288984,441.46116378469765,6.038273790011146e-05,2.696908107791304,0.23344898410505538,1.3392285331096808e+16,0.39620609297674086,0.39620609297674086,1579681570122.369,0.6328926492679643,612951.4921255106,612100.2755901768,605399.2146891449,851.2165353337576,6701.060901031996,1.0777294547885838,0.0013887176167595636,0.0013887176167595636,0.0013887176167595638,0.010947652154822093,6701.060901031996,-37542738.142826244,-0.003469188726852464,-2.52513542207701,0.8775970219943611,0.0,0.0,190209407302897.0,-4.7834625108346955,0.02682906441381272,0.039972452830176364,72517292800852.12,9211663591987.14,5022048870617232.0,-27326417035.899654,0.04066421986524864,-0.25705096105810515,0.09403363178531604,0.010947652154822093,1529437940412577.8,6624004103830661.0,6633215767422648.0,6551486811029809.0,464069.3830419657,-27326417035.899654,1.0,497.6317801144364,3.73778057292867e-09,3.73778057292867e-09,0.04681952749651175,141329.83164717918,497.6317801144364
2245.0,9199.256828218422,10821862811.368639,440.9670040623594,6.023506440209847e-05,2.6947890118268987,0.2334477061304796,1.3582494738399704e+16,0.3960140669220981,0.3960140669220981,1552355153086.4692,0.6209696937638461,621378.1821628637,620547.4698415654,613833.7521709902,830.7123212984037,6713.7176705752,1.0752001681415446,0.0013368868511071624,0.0013368868511071626,0.0013368868511071626,0.010819023518521972,6713.7176705752,-37279080.175962344,-0.003444793269491435,-2.4653404317892087,0.8757691384342992,0.0,0.0,192502704092598.5,-4.795174131118751,0.026516764789487057,0.039510293074583425,72654931585226.25,8989854776804.912,5092072477049544.0,-26679575936.14314,0.03970696729852312,-0.2554079870434388,0.09448971481812087,0.010819023518521972,1550752177932569.0,6715479586567338.0,6724469441344142.0,6642824654982113.0,470535.6707812073,-26679575936.14314,1.0,495.20955053236185,3.6604919162844527e-09,3.6604919162844527e-09,0.04677265289775012,143298.08138978298,495.20955053236185
2246.0,9286.247361124671,10821959562.168842,440.473397489089,6.008894836613262e-05,2.692729116474755,0.23344654591186192,1.3774997442492302e+16,0.39582406179356316,0.39582406179356316,1525675577150.3262,0.609423241968706,629906.2739066565,629095.1862318309,622367.3172033133,811.0876748257332,6727.869028517561,1.0727682096266897,0.0012876323167816633,0.0012876323167816635,0.0012876323167816633,0.010694516784997686,6727.869028517561,-37017867.15237679,-0.003420625159401168,-2.407451543626379,0.8739450620411093,0.0,0.0,194817354856342.75,-4.806640700081298,0.02621440232808414,0.039062768293009364,72808726566185.22,8777558018337.636,5162916840484193.0,-26053343253.005634,0.03877000588207018,-0.25367966160061745,0.09490740425168225,0.010694516784997686,1572317099105573.0,6808042666155951.0,6816820224174288.0,6735233939589766.0,477077.8167137677,-26053343253.005634,1.0,492.86629140350584,3.5849668833149904e-09,3.5849668833149904e-09,0.046725934049850704,145289.50048954564,492.86629140350584
2247.0,9373.928258428248,10822053329.583609,439.9803434457061,5.99443704994906e-05,2.690732768028263,0.2334455071916084,1.3969814797348644e+16,0.39563605632244747,0.39563605632244747,1499622233897.3206,0.5982422470001381,638536.7817321614,637744.4739552775,631000.8409115156,792.307776883977,6743.633043761866,1.0704396405482481,0.0012408177563940491,0.0012408177563940491,0.001240817756394049,0.010574192829830418,6743.633043761866,-36759070.1340916,-0.0033966816660943168,-2.351740820650956,0.8721247848851182,0.0,0.0,197153633317449.25,-4.817846137861488,0.02592213131179799,0.03863011375170455,72979956434733.16,8574397014882.23,5234589638304211.0,-25450664578.443367,0.03785724380290498,-0.2518725556907505,0.09528816886167463,0.010574192829830418,1594135113052314.0,6901704707791258.0,6910279104806139.0,6828724751356525.0,483696.52956659545,-25450664578.443367,1.0,490.60590149630195,3.5111614817222174e-09,3.5111614817222174e-09,0.04667938177759745,147304.31134492016,490.60590149630195
2248.0,9462.303753122325,10822144205.583252,439.4878413137237,5.980131179628627e-05,2.688804312780813,0.233444593712125,1.4166968430666094e+16,0.3954500294638992,0.3954500294638992,1474171569318.8772,0.5874140867170765,647270.7297908645,646496.3954430444,639735.2654981741,774.3343478200952,6761.1299448702175,1.068220492533469,0.0011963067572517692,0.0011963067572517692,0.0011963067572517692,0.01045810926793615,6761.1299448702175,-36502660.47227608,-0.0033729600880243295,-2.2984881207020798,0.8703082990531686,0.0,0.0,199511815936646.5,-4.82877436673818,0.025640098004096168,0.038212552749174566,73169923256072.64,8379957975445.33,5307098637615072.0,-24874569897.05795,0.03697269807758523,-0.24999365442700666,0.09563361577514264,0.01045810926793615,1616208659003256.0,6996477219874401.0,7004857177849847.0,6923307296618328.0,490392.5263606344,-24874569897.05795,1.0,488.43222879697595,3.439032872563564e-09,3.439032872563564e-09,0.046633005612477296,149342.73913753967,488.43222879697595
2249.0,9551.378093955147,10822232279.30437,438.99589047534704,5.96597535324174e-05,2.6869480970257955,0.2334438092158177,1.436648024660274e+16,0.39526596039454726,0.39526596039454726,1449296999421.8193,0.576924525317869,656109.1520774767,655352.0264610831,648571.5440578336,757.1256163936038,6780.4824032495235,1.0661167738655648,0.0011539628947352322,0.0011539628947352322,0.0011539628947352322,0.010346320953433673,6780.4824032495235,-36248609.81734841,-0.003349457753431106,-2.2479814437833134,0.8684955966485849,0.0,0.0,201892181223536.75,-4.83940931055553,0.025368441844690004,0.03781029836568439,73379955533702.27,8193789285223.077,5380451693657153.0,-24328177344.18902,0.03612049907224779,-0.2480503626216477,0.095945493443697,0.010346320953433673,1638540205883810.8,7092371855074666.0,7100565644359889.0,7018991899540964.0,497166.53226398834,-24328177344.18902,1.0,486.34907814626933,3.3685393432677224e-09,3.3685393432677224e-09,0.04658681383934349,151405.01179384522,486.34907814626933
2250.0,9641.155545415982,10822317637.137064,438.50449031347307,5.951967726061475e-05,2.685168467056602,0.23344315744509248,1.4568372427826276e+16,0.3950838285101704,0.3950838285101704,1424968822077.6304,0.5667576730459464,665053.0924876292,664312.456218075,657510.640378326,740.6362695542213,6801.815839749112,1.064134476168101,0.0011136498392690325,0.0011136498392690325,0.0011136498392690325,0.010238880478731033,6801.815839749112,-35996890.127823256,-0.0033261720210742097,-2.200517304563103,0.8666866697911391,0.0,0.0,204295009083809.25,-4.8497348941760965,0.025107296644638843,0.03742355521517027,73611411527075.06,8015400962700.05,5454656748105205.0,-23814697235.99858,0.03530489536951252,-0.24605051094079367,0.09622569478191233,0.010238880478731033,1661132251866437.2,7189400411498717.0,7197415812461416.0,7115788999971642.0,504019.2804346648,-23814697235.99858,1.0,484.3602191904055,3.2996402808311263e-09,3.2996402808311263e-09,0.04654081353911388,153491.3599436611,484.3602191904055
2251.0,9731.640387720796,10822400362.80948,438.0136402116891,5.938106480559151e-05,2.6834697691666216,0.23344264214235533,1.4772667436910086e+16,0.39490361342339103,0.39490361342339103,1401154124841.6318,0.5568959438636018,674103.6048668029,673378.7874831163,666553.5287272587,724.8173836866314,6825.258755857597,1.0622795814422725,0.0010752314309754344,0.0010752314309754344,0.0010752314309754344,0.010135838673160948,6825.258755857597,-35747473.67802736,-0.0033031002808648047,-2.156401131195014,0.8648815106170163,0.0,0.0,206720580195224.5,-4.8597350429581745,0.02485679178223521,0.0370525212003453,73865682835661.84,7844263916180.818,5529721827243591.0,-23337436384.607697,0.03453025899855379,-0.24400236270513373,0.09647626048339754,0.010135838673160948,1683987323886233.2,7287574833965486.0,7295419097881667.0,7213709151129824.0,510951.51185185707,-23337436384.607697,1.0,482.46939464672585,3.2322961452497173e-09,3.2322961452497173e-09,0.04649501062528949,155602.0168754016,482.46939464672585
2252.0,9822.836916797118,10822480537.469746,437.5233395542729,5.924389825929046e-05,2.6818563496492462,0.23344226705001217,1.497938801710531e+16,0.394725294961393,0.394725294961393,1377816688457.0242,0.5473200109480667,683261.7530508776,682552.1367120664,675701.1936212253,709.6163388112645,6850.943090840986,1.0605580694596743,0.0010385717269299933,0.0010385717269299933,0.0010385717269299933,0.010037245101660338,6850.943090840986,-35500333.06482848,-0.0032802399544095942,-2.1159476917392896,0.8630801112787806,0.0,0.0,209169175403298.0,-4.869393682253275,0.024617053400700528,0.036697389272341896,74144198263939.39,7679809015855.447,5605655039996958.0,-22899802712.152496,0.033801091045581454,-0.24191462137638017,0.09669938252756206,0.010037245101660338,1707107977113829.0,7386907215374727.0,7394587024390582.0,7312763017110787.0,517963.97513388726,-22899802712.152496,1.0,480.6803288865034,3.1664684432411176e-09,3.1664684432411176e-09,0.0464494098722712,157737.21848733805,480.6803288865034
2253.0,9914.749444268562,10822558239.765406,437.0335877261913,5.910815997622683e-05,2.680332554797866,0.233442035910469,1.5188557192508608e+16,0.39454885316366334,0.39454885316366334,1354916885744.8716,0.5380087598573495,692528.6108986175,691833.6341804893,684954.6295741553,694.9767181282466,6879.004606334016,1.0589759255143703,0.0010035350268438041,0.0010035350268438041,0.0010035350268438041,0.009943148564152323,6879.004606334016,-35255441.21354274,-0.0032575884954819103,-2.079481549546955,0.8612824639453409,0.0,0.0,211641075125704.5,-4.878694736918941,0.02438820560911048,0.03635834919680336,74448427983664.39,7521426007223.975,5682464575786671.0,-22505310178.489532,0.03312202766300175,-0.23979643877096446,0.09689740789068901,0.009943148564152323,1730496794376565.5,7487409798146900.0,7494931224154124.0,7412961370163236.0,525057.4263400633,-22505310178.489532,1.0,478.99673683956433,3.1021197023116066e-09,3.1021197023116066e-09,0.046404014933063564,159897.20323409195,478.99673683956433
2254.0,10007.382297438664,10822633545.920397,436.54438411309934,5.897383256892464e-05,2.6789027309058704,0.23344195246613186,1.5400198267634312e+16,0.39437426827975824,0.39437426827975824,1332411575566.382,0.5289392392061786,701905.2623162152,701224.4241198754,694314.8408197925,680.8381963398061,6909.58330008293,1.0575391485393664,0.0009699858839825622,0.0009699858839825621,0.0009699858839825621,0.009853597596454692,6909.58330008293,-35012771.38315311,-0.003235143390432102,-2.0473375490557197,0.8594885608019169,0.0,0.0,214136558751857.0,-4.887622131341288,0.024170371676506486,0.036035589311352756,74779888011808.88,7368462303051.123,5760158702171378.0,-22157584038.23288,0.03249784649664081,-0.23765742404430373,0.09707284247555419,0.009853597596454692,1754156385515288.2,7589094975698476.0,7596463438001526.0,7514315087686666.0,532232.6287526086,-22157584038.23288,1.0,477.42233322761217,3.0392134452024635e-09,3.0392134452024635e-09,0.04636104764279381,162082.2120671839,477.42233322761217
2255.0,10100.739819274322,10822706529.809677,436.0557281013401,5.884089890344456e-05,2.6775348008711126,0.23344196709478277,1.5614334826386168e+16,0.3942015207670919,0.3942015207670919,1310253991528.1492,0.5200866086847995,711392.8012738584,710725.6648524542,703783.7871430928,667.136421404163,6941.877709361345,1.0561983948849225,0.0009377891092087975,0.0009377891092087977,0.0009377891092087979,0.009767309740816058,6941.877709361345,-34772280.885637864,-0.0032129006538117186,-2.017873394676426,0.8576983940500051,0.0,0.0,216657887953473.0,-4.896297337203946,0.02396043877861076,0.03572450212985068,75129905214245.28,7220221704204.695,5838754018095645.0,-21838851564.893776,0.03193347355162869,-0.23550765349093764,0.0972283552745002,0.009767309740816058,1778091370592090.0,7691975293901980.0,7699195515606185.0,7616845388687735.0,539491.1154629934,-21838851564.893776,1.0,475.9209259408365,2.977708559846911e-09,2.977708559846911e-09,0.04632118925347006,164292.67168009948,475.9209259408365
2256.0,10194.826368388472,10822777263.03154,435.5676190779434,5.870934209500084e-05,2.676185158121117,0.23344201508413567,1.583099271433964e+16,0.39403059128874945,0.39403059128874945,1288415139963.2554,0.5114240842453042,720992.358920346,720338.5559999824,713363.7839790882,653.8029203636049,6974.772020894248,1.0548871026902846,0.0009068097772112952,0.0009068097772112951,0.0009068097772112948,0.00968263042814887,6974.772020894248,-34533922.63469848,-0.0031908558954326363,-1.988760705233904,0.8559119559073453,0.0,0.0,219207860783154.75,-4.904885318903243,0.023754387175276448,0.03541913387486284,75486404042562.81,7075963381014.844,5918270209301900.0,-21523914142.21607,0.03142045766000815,-0.2333533136875359,0.09736566185639955,0.00968263042814887,1802307132217119.0,7796063745561581.0,7803139708942596.0,7720577341519019.0,546834.7047589658,-21523914142.21607,1.0,474.4442178000844,2.9175636305626357e-09,2.9175636305626357e-09,0.046281797452904394,166529.0792201224,474.4442178000844
2257.0,10289.646319022435,10822845814.97773,435.0800564306251,5.8579145503665854e-05,2.6748534108888813,0.23344209609161073,1.6050200575122794e+16,0.3938614607113218,0.3938614607113218,1266891225821.0393,0.5029288083966479,730705.1108898388,730064.3307937841,723056.0678617269,640.7800960546869,7008.262932057342,1.0536045723801075,0.0008769339183550486,0.0008769339183550487,0.0008769339183550489,0.009599514229708223,7008.262932057342,-34297669.56544289,-0.003169006576623162,-1.9599929685782713,0.8541292386078858,0.0,0.0,221786746978387.25,-4.913387798015564,0.023552108037991237,0.035119325062125895,75849349144480.36,6935064180906.495,5998717533560877.0,-21212701697.36312,0.030938268883481626,-0.23119530284057258,0.09748514728869986,0.009599514229708223,1826806804490667.0,7901373687196023.0,7908308751376930.0,7825524338051544.0,554264.3437883274,-21212701697.36312,1.0,472.9915813206045,2.858745132692722e-09,2.858745132692722e-09,0.04624279874523407,168791.72407339944,472.9915813206045
2258.0,10385.2040610276,10822912252.90138,434.59303954778676,5.8450292730159805e-05,2.673539288906607,0.23344220995408507,1.6271987322101182e+16,0.3936941101027644,0.3936941101027644,1245678524123.6763,0.4945871058712933,740532.2427533114,739904.2084090803,732861.8581301306,628.0343442310516,7042.350278949701,1.0523502936570068,0.0008480850771547899,0.0008480850771547899,0.0008480850771547898,0.009517921642981259,7042.350278949701,-34063495.97694036,-0.0031473502862234427,-1.9315701142846058,0.852350234401751,0.0,0.0,224394747380231.25,-4.921806007563263,0.023353506903869503,0.03482493740246606,76218739123268.17,6797160599421.132,6080106104450314.0,-20905213857.22898,0.03047549426920352,-0.2290344798070793,0.09758718902563938,0.009517921642981259,1851593479590349.8,8007918323163932.0,8014715483763354.0,7931699584040663.0,561780.9663771758,-20905213857.22898,1.0,471.562529806564,2.8012206659028428e-09,2.8012206659028428e-09,0.04620415160674196,171080.89175295483,471.562529806564
2259.0,10481.503999846542,10822976641.982876,434.1065678185141,5.8322767611724037e-05,2.6722425219064943,0.23344235650843567,1.6496382069481414e+16,0.39352852073027794,0.39352852073027794,1224773310266.4473,0.48639041433626873,750474.949113556,749859.4037613029,742782.3698787084,615.545352253043,7077.033882594497,1.0511237604654278,0.0008202077270935042,0.0008202077270935043,0.0008202077270935043,0.009437814405068495,7077.033882594497,-33831377.09052148,-0.0031258846997126322,-1.9034919256324783,0.8505749355552061,0.0,0.0,227032032193201.5,-4.930141163301012,0.023158492263612107,0.03453583689685025,76594572405841.62,6662032969515.806,6162446000132603.0,-20601448649.32332,0.030025813424310183,-0.2268716793443743,0.0976721606179443,0.009437814405068495,1876670239141343.2,8115710811679788.0,8122372844649303.0,8039116239273946.0,569385.5030813022,-20601448649.32332,1.0,470.15658359586024,2.7449588182186427e-09,2.7449588182186427e-09,0.04616582837568317,173396.86679740617,470.15658359586024
2260.0,10578.550556493668,10823039045.393686,433.6206406325771,5.8196554218075854e-05,2.670962839620745,0.2334425355915397,1.6723414101674616e+16,0.3933646740582112,0.3933646740582112,1204171861617.124,0.47833301130942657,760534.4332241396,759931.1330771383,752818.8195354863,603.3001470012583,7112.313541651988,1.049924470870371,0.0007932581624788287,0.0007932581624788287,0.0007932581624788286,0.009359155365635004,7112.313541651988,-33601288.824870855,-0.003104607558370738,-1.8757580326041887,0.848803334350625,0.0,0.0,229698758143790.25,-4.938394470318833,0.02296697524706326,0.03425189337494783,76976847164381.72,6529541047086.369,6245747309628499.0,-20301402426.58598,0.029585725060115996,-0.22470771245950513,0.09774043166966867,0.009359155365635004,1902040168311252.0,8224764325104134.0,8231293866151220.0,8147787477939751.0,577078.8854620926,-20301402426.58598,1.0,468.7732698746701,2.6899290890610312e-09,2.6899290890610312e-09,0.04612780921759829,175739.93407339367,468.7732698746701
2261.0,10676.348167535203,10823099524.358236,433.13525738042847,5.807163684744323e-05,2.6696999717815606,0.23344274704027418,1.6953112859818406e+16,0.3932025517459865,0.3932025517459865,1183870459190.538,0.47041075556865375,770711.9068431414,770120.617031112,762972.4280036504,591.2898120294487,7148.189027461576,1.0487519269387313,0.0007671995291358469,0.0007671995291358468,0.0007671995291358468,0.009281908404190662,7148.189027461576,-33373207.66754351,-0.0030835166573525896,-1.848367905438932,0.8470354230864557,0.0,0.0,232395077767013.5,-4.946567126730415,0.022778869419241454,0.03397298019705253,77365561263142.16,6399588483333.798,6330020158875902.0,-20005069798.195133,0.029153287971750493,-0.22254336673365438,0.0977923677915613,0.009281908404190662,1927706363748854.0,8335092083887899.0,8341491672371233.0,8257726522624757.0,584862.0484944904,-20005069798.195133,1.0,467.4121224968796,2.6361018356643754e-09,2.6361018356643754e-09,0.04609007882230132,178110.37950915997,467.4121224968796
2262.0,10774.901285068741,10823158138.213875,432.6504174532036,5.7948000022677425e-05,2.6684536481211407,0.2334429906915162,1.718550793758542e+16,0.39304213564604656,0.39304213564604656,1163865389392.343,0.4626203903824888,781008.5902137554,780429.0825365178,773244.4224562335,579.5076772375819,7184.660080284159,1.0476056346232105,0.0007419991079470399,0.0007419991079470399,0.0007419991079470401,0.009206038371779893,7184.660080284159,-33147110.599004816,-0.0030626098386173097,-1.8213208483662673,0.8452711940771876,0.0,0.0,235121144361700.0,-4.954660325706373,0.022594090638684672,0.033698974048075425,77760712218227.84,6272103233051.3545,6415274725615429.0,-19712443562.293964,0.02872742378612693,-0.22037940662342492,0.09782833055130759,0.009206038371779893,1953671938120241.8,8446707375953900.0,8452979479186952.0,8368946663735671.0,592735.9319425162,-19712443562.293964,1.0,466.07268180827595,2.5834482325006005e-09,2.5834482325006005e-09,0.046052624588207136,180508.49051371735,466.07268180827595
2263.0,10874.214376702173,10823214944.468998,432.1661202427191,5.782562848744204e-05,2.667223598371688,0.23344326638214283,1.742062908194712e+16,0.3928834078018232,0.3928834078018232,1144152945830.049,0.45495915788400876,791425.7121124063,790857.7637912948,783636.0373851621,567.948321111485,7221.726406132658,1.0464851036487637,0.0007176268251325389,0.0007176268251325391,0.0007176268251325391,0.00913151104632571,7221.726406132658,-32922975.045428988,-0.003041884986517214,-1.794615993320849,0.8435106396533173,0.0,0.0,237877114566514.75,-4.962675256605841,0.02241255695051425,0.03342975478276122,78162297163721.38,6147026756739.902,6501521248090326.0,-19423514638.49329,0.028307530801924993,-0.21821657374004122,0.09784867742077852,0.00913151104632571,1979940022761226.8,8559623568015274.0,8565770594772014.0,8481461270851553.0,600701.4811632108,-19423514638.49329,1.0,464.75449447538995,2.5319402381429966e-09,2.5319402381429966e-09,0.04601543561741828,182934.55622195124,464.75449447538995
2264.0,10974.291925532001,10823269998.859385,431.6823651414725,5.770450720247653e-05,2.6660095522654035,0.23344357394903112,1.7658506196513634e+16,0.3927263504457272,0.3927263504457272,1124729431191.5557,0.44742458576900546,801964.5099318086,801407.9029103873,794148.515236527,556.6070214213114,7259.387673860307,1.0453898474015244,0.0006940544307486128,0.0006940544307486127,0.0006940544307486125,0.00905829309580947,7259.387673860307,-32700778.8473867,-0.003021340024856895,-1.7682522935353455,0.8417537521613161,0.0,0.0,240663149633054.25,-4.970613105616244,0.022234188499289043,0.03316520530003009,78570312820581.88,6024308076103.763,6588770030313809.0,-19138271999.035404,0.027893270103055798,-0.21605558710703882,0.09785376172030573,0.00905829309580947,2006513769284418.0,8673854112418809.0,8679878420494913.0,8595283799598227.0,608759.6475933954,-19138271999.035404,1.0,463.4571133188638,2.4815505665733136e-09,2.4815505665733136e-09,0.045978502153423584,185388.86764313144,463.4571133188638
2265.0,11075.13843012127,10823323355.4028,431.1991515426413,5.758462134193289e-05,2.6648112395344867,0.23344391322905822,1.7899169346146688e+16,0.39257094599715947,0.39257094599715947,1105591159192.5203,0.4400143694443967,812626.229781169,812080.7503277228,804783.1068153923,545.4794534461802,7297.643512330468,1.044319382820181,0.000671255041315946,0.000671255041315946,0.0006712550413159462,0.008986352046130186,7297.643512330468,-32480500.237441123,-0.00300097291477737,-1.7422285169602454,0.8400005239635956,0.0,0.0,243479415989422.5,-4.97847505612472,0.022058907453566978,0.03290521143448333,78984755466410.08,5903900508376.396,6677031445424569.0,-18856702598.064606,0.027484447071280928,-0.213897143396772,0.09784393255994378,0.008986352046130186,2033396350604091.5,8789412551495071.0,8795316452003448.0,8710427796028661.0,616911.389059768,-18856702598.064606,1.0,462.18009715124685,2.4322526613074222e-09,2.4322526613074222e-09,0.04594181526080798,187871.71775562433,462.18009715124685
2266.0,11176.758404476734,10823375066.451916,430.71647884008235,5.7465956289783464e-05,2.6636283899111404,0.23344428405910114,1.814264876213611e+16,0.3924171770605433,0.3924171770605433,1086734456594.4557,0.4327263070564045,823412.1265938156,822877.5650689885,815541.0715614136,534.561524827089,7336.493507574925,1.0432732302897698,0.0006492028809903415,0.0006492028809903416,0.0006492028809903416,0.008915656251923514,7336.493507574925,-32262117.822856408,-0.0029807816531144636,-1.7165432394859097,0.8382509474384757,0.0,0.0,246326085421083.75,-4.986262288942567,0.021886637937756692,0.0326496618585419,79405620905072.81,5785759879298.031,6766315937970586.0,-18578791298.738396,0.027080945726891084,-0.21174191714594773,0.09781953477765175,0.008915656251923514,2060590961634695.0,8906312520510354.0,8912098280389652.0,8826906899605281.0,625157.6699899673,-18578791298.738396,1.0,460.92301061911485,2.384020671448264e-09,2.384020671448264e-09,0.045905366637866596,190383.40157144636,460.92301061911485
2267.0,11279.156378025627,10823425182.745615,430.234346428331,5.734849763629881e-05,2.6624607331275656,0.23344468627603698,1.8388974847557196e+16,0.39226502642337696,0.39226502642337696,1068155665295.7173,0.42555826382451634,834323.4642370689,833799.6149512301,826423.6777513372,523.8492858387834,7375.9371998929855,1.0422509135378257,0.0006278731310976703,0.0006278731310976702,0.0006278731310976701,0.008846174869395223,7375.9371998929855,-32045610.57134422,-0.0029607642710396693,-1.6911948379555073,0.8365050149801511,0.0,0.0,249203335048934.5,-4.993975982449171,0.021717305968864675,0.03239844799167646,79832904435671.92,5669843552310.795,6856634025586415.0,-18304520798.057026,0.026682692322654706,-0.20959056095033435,0.09778090887431343,0.008846174869395223,2088100819804654.5,9024567749826742.0,9030237593379052.0,8944734845391070.0,633499.4615675876,-18304520798.057026,1.0,459.6854240493979,2.3368294291673962e-09,2.3368294291673962e-09,0.04586914850247581,192924.21618374958,459.6854240493979
2268.0,11382.336895591825,10823473753.458693,429.7527537026001,5.723223117459363e-05,2.6613079989159623,0.23344511971674284,1.8638178182606132e+16,0.3921144770543069,0.3921144770543069,1049851144497.6603,0.4185081526270106,845361.5156215841,844848.1767402879,837432.2026594193,513.3388812961798,7415.9740808686165,1.0412519595328746,0.0006072418389175522,0.0006072418389175521,0.0006072418389175522,0.008777877830644047,7415.9740808686165,-31830957.798708037,-0.0029409188328780585,-1.6661814829661703,0.8347627189986575,0.0,0.0,252111347203276.25,-5.001617312691415,0.021550839396777377,0.032151463914724676,80266600820611.42,5556109908339.05,6947996300321436.0,-18033871549.383224,0.026289635135933465,-0.20744370563876413,0.09772839094550988,0.008777877830644047,2115929165463889.5,9144192066605936.0,9149748176514276.0,9063925465785326.0,641937.7418549354,-18033871549.383224,1.0,458.466913299831,2.2906544283278116e-09,2.2906544283278116e-09,0.0458331535187646,195494.4608044838,458.466913299831
2269.0,11486.30451737137,10823520826.250055,429.2717000587799,5.7117142897239684e-05,2.6601699170085324,0.23344558421809575,1.889028952980941e+16,0.3919655121012216,0.3919655121012216,1031817272948.2771,0.4115739236094025,856527.5628087634,856024.5362833148,848567.9326930188,503.02652544850844,7456.603590295912,1.0402758983852307,0.000587285858961691,0.000587285858961691,0.0005872858589616912,0.0087107358191752,7456.603590295912,-31618139.15775077,-0.0029212434350445347,-1.6415011314588903,0.8330240519198396,0.0,0.0,255050309247692.5,-5.009187453458234,0.0213871678473454,0.031908606288216235,80706704252658.73,5444518074348.135,7040413429762210.0,-17766821682.65833,0.025901733229414095,-0.20530196042654028,0.09766231260995728,0.0087107358191752,2144079262228633.5,9265199396243504.0,9270643914317852.0,9184492691990844.0,650473.4958967553,-17766821682.65833,1.0,457.2670596134323,2.245471804074784e-09,2.245471804074784e-09,0.04579737474682721,198094.43679626353,457.2670596134323
2270.0,11591.063818907582,10823566447.30942,428.7911848934365,5.700321899294386e-05,2.6590462171374774,0.23344607961697278,1.91453398390571e+16,0.39181811488936497,0.39181811488936497,1014050451265.6188,0.40475355881320785,867822.8971155817,867329.988626012,859832.163513002,492.9084895697233,7497.82511300995,1.0393222632500516,0.0005679828121705747,0.0005679828121705746,0.0005679828121705746,0.008644720246428574,7497.82511300995,-31407134.628085613,-0.0029017362050651027,-1.6171515190987382,0.8312890061853179,0.0,0.0,258020413382195.0,-5.016687576341158,0.021226222667814376,0.03166977427403972,81153208320968.45,5335027789300.822,7133896158028889.0,-17503346922.33256,0.025518950176947598,-0.20316591304835654,0.0975830009345244,0.008644720246428574,2172554397287904.8,9387603763637764.0,9392938791427064.0,9306450555316794.0,659107.7158123117,-17503346922.33256,1.0,456.0854494769062,2.201258313283705e-09,2.201258313283705e-09,0.0457618056057032,200724.44770069022,456.0854494769062
2271.0,11696.619391065475,10823610661.40258,428.3112076038117,5.68904458432903e-05,2.6579366290349973,0.23344660575025103,1.9403360252439296e+16,0.39167226891946977,0.39167226891946977,996547104343.2863,0.3980450696089136,879248.8192165426,878765.8381199772,871226.2001443533,482.98109656551526,7539.6379756239185,1.0383905902326291,0.0005493110550843581,0.0005493110550843582,0.0005493110550843583,0.00857980322921308,7539.6379756239185,-31197924.506640967,-0.00288239530066376,-1.5931301524487498,0.829557574252455,0.0,0.0,261021856441325.5,-5.024118850786572,0.021067936874344495,0.031434869460075565,81606105976078.81,5227599346042.42,7228455306690425.0,-17243420503.046207,0.025141250537481393,-0.20103612987083883,0.0974907783557459,0.00857980322921308,2201357881685255.0,9511419294351758.0,9516646893697800.0,9429813188375680.0,667841.4008799652,-17243420503.046207,1.0,454.9216744828925,2.1579913157885174e-09,2.1579913157885174e-09,0.04572643984430913,203384.79926438816,454.9216744828925
2272.0,11802.975840005658,10823653511.915285,427.8317675878218,5.677881001954501e-05,2.656840882433295,0.23344716245480762,1.966438210888062e+16,0.3915279578659109,0.3915279578659109,979303683840.24,0.391446495706337,890806.6392427208,890333.3985232582,882751.3570800826,473.24071946267696,7582.041443175467,1.0374804182958912,0.0005312496546556742,0.0005312496546556741,0.000531249654655674,0.008515957567975477,7582.041443175467,-30990489.398731958,-0.0028632189089031618,-1.5694343009409923,0.8278297485943246,0.0,0.0,264054839695539.25,-5.0314824441430765,0.02091224510143841,0.031203795787534516,82065389493913.38,5122193575193.52,7324101775624219.0,-16987013083.100283,0.024768597849389923,-0.19891315598482184,0.09738596259775019,0.008515957567975477,2230493050583601.2,9636660215701734.0,9641782409276928.0,9554594826207820.0,676675.5576166067,-16987013083.100283,1.0,453.7753311959771,2.115648756333779e-09,2.115648756333779e-09,0.04569127151733943,206075.79946347594,453.7753311959771
2273.0,11910.137787157784,10823695040.895748,427.35286424405734,5.6668298279521654e-05,2.6557587070645696,0.23344774956751954,1.992843694857616e+16,0.3913851655748779,0.3913851655748779,962316670757.1396,0.38495590506339966,902497.6768779546,902033.9930959033,894408.958380218,463.6837820513773,7625.034715685241,1.036591289170057,0.0005137783663393093,0.0005137783663393091,0.0005137783663393093,0.008453156725851412,7625.034715685241,-30784810.209616575,-0.0028442052453714443,-1.5460609886468086,0.8261055216996765,0.0,0.0,267119568660043.5,-5.038779521705557,0.020759083553162694,0.03097645948083938,82531050438820.27,5018771852333.277,7420846543835038.0,-16734092655.73884,0.024400953465366866,-0.1967975152774794,0.09726886658652367,0.008453156725851412,2259963263517659.5,9763340857791518.0,9768359629643850.0,9680809807352698.0,685611.1998533269,-16734092655.73884,1.0,452.6460210223642,2.0742091472049304e-09,2.0742091472049304e-09,0.04565629496440593,208797.75852689115,452.6460210223642
2274.0,12018.1098691932,10823735289.09588,426.8744969717818,5.65588975645072e-05,2.654689832661023,0.2334483669252639,2.0195556517236204e+16,0.3912438760625666,0.3912438760625666,945582578101.4008,0.378571394317707,914323.2614522744,913868.9546915482,906200.3377669163,454.3067607260849,7668.616924632027,1.0357227472644592,0.0004968776141651283,0.0004968776141651282,0.0004968776141651283,0.008391374808459667,7668.616924632027,-30580868.136481177,-0.002825352553410019,-1.5230069858509823,0.824384886072906,0.0,0.0,270216252912975.0,-5.04601124675709,0.020608389956060735,0.0307527689799032,83003079625697.6,4917296118145.764,7518700670241782.0,-16484624458.294827,0.024038275851419252,-0.19468971048442713,0.09713979836043507,0.008391374808459667,2289771904636595.5,9891475654504076.0,9896392950622222.0,9808472574878378.0,694649.3488081071,-16484624458.294827,1.0,451.53335008315946,2.0336515514986006e-09,2.0336515514986006e-09,0.04562150479159355,211550.98895880915,451.53335008315946
2275.0,12126.896737997251,10823774296.01122,426.39666517093127,5.645059499624617e-05,2.653633988954857,0.2334490143649178,2.046577277014918e+16,0.3911040735133902,0.3911040735133902,929097953643.106,0.3722910895333151,926284.7320327417,925839.625845743,918126.8387163952,445.10618699865785,7712.787129347825,1.0348743395814595,0.00048052847208424505,0.0004805284720842451,0.0004805284720842452,0.008330586544405345,7712.787129347825,-30378644.66081315,-0.0028066591033784113,-1.500268800430798,0.8226678342340202,0.0,0.0,273345105923736.0,-5.05317878060911,0.02046010351369254,0.030532634874715026,83481467081241.16,4817728905831.637,7617675294437904.0,-16238570879.21046,0.023680520141523713,-0.19259022322192454,0.0969990609769469,0.008330586544405345,2319922382938654.0,1.00210791444578e+16,1.002589687336363e+16,9937597677376558.0,703791.0331560748,-16238570879.21046,1.0,450.43692909115396,1.993955566999224e-09,1.993955566999224e-09,0.0455868958547343,214335.80556032032,450.43692909115396
2276.0,12236.503060640944,10823812099.919657,425.9193682421134,5.6343377873982226e-05,2.652590905678272,0.23344969172335828,2.0739117876072916e+16,0.39096574227820863,0.39096574227820863,912859382763.8955,0.36611314714808374,938383.4375118202,937947.3588614272,930189.8145480902,436.07865039296973,7757.544313336912,1.0340456156324627,0.0004647126461963762,0.0004647126461963762,0.00046471264619637613,0.00827076726646342,7757.544313336912,-30178121.541129068,-0.002788123191953145,-1.477842669043852,0.8209543587186058,0.0,0.0,276506344891502.75,-5.060283282640296,0.02031416486272075,0.03031596984211904,83966202004358.98,4720033372640.06,7717781637428846.0,-15995891362.974405,0.023327637832524017,-0.19049951399930148,0.09684695241544272,0.00827076726646342,2350418132498794.5,1.0152165971932e+16,1.015688600530464e+16,1.006819976992764e+16,713037.2890976308,-15995891362.974405,1.0,449.3563732310582,1.9551013106318285e-09,1.9551013106318285e-09,0.04555246324413953,217152.52545045948,449.3563732310582
2277.0,12346.933519351993,10823848737.918951,425.4426055866069,5.6237233671555796e-05,2.651560312563469,0.23345039883746246,2.101562422096442e+16,0.39082886687257695,0.39082886687257695,896863491400.9211,0.36003575505852264,950620.7366934327,950193.5158918721,942390.6285113498,427.22080156054676,7802.88738052236,1.0332361273559876,0.00044941245763958335,0.0004494124576395833,0.0004494124576395833,0.008211892893415928,7802.88738052236,-29979280.80603127,-0.002769743141458132,-1.455724548126341,0.8192444520777962,0.0,0.0,279700190593686.0,-5.067325910334311,0.02017051603050035,0.030102688584728865,84457272725790.66,4624173333783.847,7819031002349093.0,-15756542312.994932,0.022979576555379758,-0.1884180222117391,0.09668376547610152,0.008211892893415928,2381262612690127.5,1.028475088776501e+16,1.0289375061098794e+16,1.020029361503922e+16,722389.1604246882,-15756542312.994932,1.0,448.29130204309996,1.9170694034632895e-09,1.9170694034632895e-09,0.045518202270551145,220001.46808666154,448.29130204309996
2278.0,12458.192811485405,10823884245.963102,424.9663766063606,5.613215003455662e-05,2.650541939342649,0.23345113554410735,2.1295324411558104e+16,0.3906934319750121,0.3906934319750121,881106949087.9263,0.35405713380755166,962997.9983768541,962579.4690213258,954730.6538699022,418.52935552830724,7848.815151423604,1.0324454290377778,0.0004346108260180643,0.0004346108260180643,0.00043461082601806443,0.00815393991251824,7848.815151423604,-29782104.747569628,-0.0027515172992243725,-1.4339101047043878,0.8175381068782399,0.0,0.0,282926867243917.5,-5.074307819316479,0.020029100394101218,0.02989270777187758,84954666666970.45,4530113297775.935,7921434775160758.0,-15520476992.437126,0.02263627988739781,-0.1863461661135361,0.0965097876747524,0.00815393991251824,2412459308399728.0,1.0418848750227456e+16,1.0423378863525232e+16,1.0333894083560486e+16,731847.6985852055,-15520476992.437126,1.0,447.24133930992576,1.8798409562263852e-09,1.8798409562263852e-09,0.04548410845213313,222882.95528469677,447.24133930992576
2279.0,12570.285649493415,10823918658.8976,424.49068070399284,5.602811477753009e-05,2.649535515748014,0.23345190168017008,2.157825127880202e+16,0.39055942242527775,0.39055942242527775,865586472095.4891,0.3481755378563836,975516.6014385658,975106.6003435368,967211.2739842688,410.00109502889364,7895.326359268129,1.0316730772329208,0.0004202912532952048,0.00042029125329520484,0.00042029125329520484,0.00809688536257118,7895.326359268129,-29586575.91488829,-0.0027334440369770514,-1.4123947070200296,0.8158353157020679,0.0,0.0,286186602359075.5,-5.081230163389611,0.01988986264072079,0.029685945982543926,85458370298168.36,4437818502651.69,8025004425335169.0,-15287645423.042307,0.02229768718587824,-0.18428434277199285,0.09632530113364479,0.00809688536257118,2444011730239277.5,1.0554474525872614e+16,1.0558912344375266e+16,1.0469016155574446e+16,741413.9627461412,-15287645423.042307,1.0,446.2061129467284,1.8433975553428362e-09,1.8433975553428362e-09,0.04545017750242519,225797.31123812756,446.2061129467284
2280.0,12683.216760894897,10823952010.493586,424.0155172827907,5.5925115881236055e-05,2.6485407715117644,0.23345269708252772,2.1864437881161096e+16,0.3904268232226875,0.3904268232226875,850298826672.4468,0.34238925693047234,988177.9349122086,987776.3020383229,979833.8823922824,401.63287388569375,7942.419646040519,1.030918630689956,0.00040643780810727733,0.00040643780810727733,0.0004064378081072773,0.008040706817576978,7942.419646040519,-29392677.10817721,-0.0027155217502518167,-1.3911734149739143,0.8141360711468612,0.0,0.0,289479626634822.25,-5.088094094069032,0.01975274873916466,0.02948232366463266,85968369095944.03,4347254952775.3716,8129751506518749.0,-15057994281.952127,0.0219637334323497,-0.18223292800204546,0.09613058246807123,0.008040706817576978,2475923414750931.5,1.0691643290365624e+16,1.06959905453184e+16,1.060567492126968e+16,751089.0198549598,-15057994281.952127,1.0,445.1852548945431,1.807721249432587e-09,1.807721249432587e-09,0.04541640531914415,228744.8625373226,445.1852548945431
2281.0,12796.990888244189,10823984333.480963,423.5408857467091,5.582314148995916e-05,2.6475574363661014,0.23345352158805732,2.215391750779592e+16,0.3902956195244255,0.3902956195244255,835240832390.4946,0.3366966174343068,1000983.3980667518,1000589.9764463153,992599.8828878435,393.421620436438,7990.093558471756,1.0301816502769492,0.00039303511046863757,0.00039303511046863757,0.00039303511046863757,0.007985382370958069,7990.093558471756,-29200391.372681007,-0.002697748857817336,-1.3702409703863505,0.8124403658256184,0.0,0.0,292806173829151.5,-5.094900762616818,0.019617705863899326,0.029281763023741192,86484647499945.45,4258389456056.6987,8235687657184313.0,-14831466796.55561,0.02163434908141392,-0.18019227628178397,0.09592590266878132,0.007985382370958069,2508197924608743.0,1.0830370229293002e+16,1.083462861874906e+16,1.0743885581793056e+16,760873.9446997832,-14831466796.55561,1.0,444.17840101664336,1.7727945362303611e-09,1.7727945362303611e-09,0.04538278797377404,231725.93818806036,444.17840101664336
2282.0,12911.612789099441,10824015659.58049,423.06678550036986,5.5722179908869594e-05,2.6465852400432266,0.23345437503363597,2.244672368162507e+16,0.390165796643885,0.390165796643885,820409365593.939,0.33109598393250117,1013934.4004829976,1013549.036142012,1005510.6895980402,385.3643409856491,8038.346543971772,1.029461698909513,0.00038006831684779313,0.00038006831684779313,0.00038006831684779313,0.00793089062031873,8038.346543971772,-29009701.99333385,-0.0026801238011566393,-1.3495917870784342,0.8107481923667244,0.0,0.0,296166480653457.75,-5.101651316994846,0.019484682419464217,0.02908418806089197,87007188869085.17,4171189661472.5815,8342824601268799.0,-14608002637.378191,0.02130945991089902,-0.1781627206489873,0.09571152698012717,0.00793089062031873,2540838848815965.0,1.097067063895385e+16,1.0974841828615322e+16,1.0883663450084764e+16,770769.8199682893,-14608002637.378191,1.0,443.1851909979815,1.7386003500369674e-09,1.7386003500369674e-09,0.04534932170184458,234740.8696297508,443.1851909979815
2283.0,13027.087235990162,10824046019.534883,422.59321594906197,5.562221960143311e-05,2.6456239122753407,0.23345525725614075,2.274289016227853e+16,0.3900373400490247,0.3900373400490247,805801362956.5608,0.32558576069611106,1027032.3621285069,1026654.9040052273,1018567.7270587196,377.45812327961403,8087.176946507592,1.0287583414807455,0.00036752310559848246,0.0003675231055984824,0.0003675231055984824,0.007877210652730117,8087.176946507592,-28820592.48921546,-0.0026626450439328326,-1.329219940774322,0.8090595434139176,0.0,0.0,299560786670597.0,-5.1083469039804505,0.019353627965207898,0.028889524462170746,87535975437119.78,4085624096825.8135,8451174148798178.0,-14387537809.024693,0.020988986871506014,-0.176144572578809,0.0954877147738823,0.007877210652730117,2573849802898449.5,1.1112559927133748e+16,1.1116645551230574e+16,1.1025023951696628e+16,780777.7363054237,-14387537809.024693,1.0,442.2052682476067,1.7051220494870866e-09,1.7051220494870866e-09,0.04531600289393123,237789.99075329595,442.2052682476067
2284.0,13143.41901638451,10824075443.138958,422.1201764987397,5.552324918686932e-05,2.644673182794645,0.2334561680924487,2.3042450948949124e+16,0.38991023536074154,0.38991023536074154,791413825147.5361,0.3201643933139191,1040278.7134310829,1039909.0132910835,1031772.4302886532,369.70013999934724,8136.583002430261,1.0280711447930801,0.0003553856627326243,0.0003553856627326243,0.00035538566273262437,0.007824322030520501,8136.583002430261,-28633046.608403906,-0.002645311071492346,-1.3091191588266766,0.8073744116262589,0.0,0.0,302989334199590.5,-5.114988668841859,0.019224493189027192,0.028697699561065715,88070988267667.25,4001662206691.969,8560748196500711.0,-14170004539.198559,0.02067284593495059,-0.17413812184274566,0.09525471941867711,0.007824322030520501,2607234429094503.0,1.1256053613862882e+16,1.1260055276069574e+16,1.1167982625595214e+16,790898.7923700311,-14170004539.198559,1.0,441.2382798040117,1.6723434057652982e-09,1.6723434057652982e-09,0.04528282808720063,240873.63791862215,441.2382798040117
2285.0,13260.612932655804,10824103959.268852,421.647666556022,5.542525743765729e-05,2.64373278133334,0.233457107379437,2.3345440283148716e+16,0.38978446835126174,0.38978446835126174,777243820608.3375,0.31483037036888223,1053674.8953508683,1053312.8076986005,1045126.2448623478,362.08765226786875,8186.562836252606,1.0273996774920147,0.00034364266802360834,0.0003436426680236084,0.0003436426680236084,0.00777220477755279,8186.562836252606,-28447048.323013477,-0.0026281203903861083,-1.2892828097661253,0.8056927896780982,0.0,0.0,306452368226457.5,-5.121577755125888,0.019097229879820432,0.02850864229883665,88612207208685.08,3919274390515.0015,8671558728408999.0,-13955331165.806787,0.0203609479400616,-0.17214363634902127,0.09501278814499568,0.00777220477755279,2640996396541329.0,1.1401167332159012e+16,1.1405086606549528e+16,1.1312555124950328e+16,801134.094890451,-13955331165.806787,1.0,440.28387624334783,1.640248591202575e-09,1.640248591202575e-09,0.045249793957558904,243992.14997189693,440.28387624334783
2286.0,13378.673802048514,10824131595.910336,421.1756855281926,5.532823327708734e-05,2.6428024376236277,0.23345807495398258,2.3651892651375172e+16,0.3896600249425476,0.3896600249425476,763288489442.5308,0.3095822251801794,1067222.3594511608,1066867.7414379923,1058630.6269816118,354.6180131685626,8237.11445638052,1.026743510001706,0.0003322812814294218,0.00033228128142942173,0.0003322812814294217,0.007720839365972404,8237.11445638052,-28262581.82439124,-0.0026110715279061875,-1.2697038926760973,0.8040146702590438,0.0,0.0,309950136320812.0,-5.128115304778736,0.018971790894602103,0.02832228317689367,89159610846438.17,3838432040816.7856,8783617816451705.0,-13743442022.16569,0.020053198436543893,-0.17016136196451861,0.09476216190568014,0.007720839365972404,2675139401458329.5,1.154791682875647e+16,1.1551755260797286e+16,1.1458757217910034e+16,811484.7587191572,-13743442022.16569,1.0,439.3417115904552,1.608822168234389e-09,1.608822168234389e-09,0.04521689731230949,247145.8682624547,439.3417115904552
2287.0,13497.606456643716,10824158380.18626,420.70423282319837,5.5232165776858294e-05,2.6418818813977087,0.23345907065296262,2.3961842787695984e+16,0.389536891204722,0.389536891204722,749545047420.3651,0.3044185376114309,1080922.5679680277,1080575.2792967563,1072287.0435459558,347.288671271537,8288.235750800353,1.0261022144624186,0.00032128912982581865,0.00032128912982581865,0.0003212891298258187,0.0076702067034092975,8288.235750800353,-28079631.518494,-0.0025941630316398613,-1.250375026394695,0.8023400460739306,0.0,0.0,313482888557878.5,-5.13460245817474,0.01884813012843467,0.028138554213302025,89713176458985.0,3759107581487.5586,8896937621035629.0,-13534257320.325756,0.019749497526253226,-0.16819152231838835,0.09450307523188947,0.0076702067034092975,2709667167327476.5,1.1696317964822092e+16,1.170007707240358e+16,1.1606604788363106e+16,821951.906886504,-13534257320.325756,1.0,438.4114432326603,1.5780490787135147e-09,1.5780490787135147e-09,0.04518413508330488,250335.1366594517,438.4114432326603
2288.0,13617.415743323993,10824184338.383156,420.2333078496489,5.513704415471885e-05,2.640970842387784,0.23346009431325415,2.4275325676253864e+16,0.3894150533545091,0.3894150533545091,736010790100.0393,0.2993379359457345,1094776.9938787906,1094436.8967046256,1086096.972221901,340.09717416498626,8339.924482724504,1.0254753646697978,0.0003106542940403079,0.00031065429404030794,0.00031065429404030794,0.007620288120618198,8339.924482724504,-27898182.0214291,-0.0025773934690395657,-1.2312884385441856,0.8006689098427878,0.0,0.0,317050877445535.0,-5.141040354144412,0.018726202485370602,0.027957388900732627,90272879969204.81,3681274506125.0127,9011530391618746.0,-13327693032.522224,0.01944973970191027,-0.16623431858746657,0.09423575608446193,0.007620288120618198,2744583445070921.5,1.1846386716658872e+16,1.1850067991164998e+16,1.1756113836689666e+16,832536.6706536362,-13327693032.522224,1.0,437.4927318362849,1.547914633561843e-09,1.547914633561843e-09,0.045151504320521285,253560.30156826478,437.4927318362849
2289.0,13738.10652373767,10824209495.977015,419.76291001681597,5.504285777215267e-05,2.6400690503260553,0.23346114577173424,2.45923765536994e+16,0.38929449775369124,0.38929449775369124,722683097067.5171,0.2943390988281991,1108787.1209694478,1108454.079797459,1100061.9015112612,333.0411719885844,8392.17828619792,1.024862536015966,0.0003003652961782204,0.0003003652961782204,0.0003003652961782203,0.007571065359542338,8392.17828619792,-27718218.155150227,-0.002560761427007869,-1.2124359543900751,0.7990012543008076,0.0,0.0,320654357856081.0,-5.147430130001847,0.018605963850376384,0.027778722165818115,90838695897395.64,3604907416390.149,9127408467274704.0,-13123660770.773006,0.01915381368321759,-0.16428992926362895,0.09396042570063043,0.007571065359542338,2779892013226021.0,1.199813917639812e+16,1.2001744083814512e+16,1.1907300480500726e+16,843240.1895646096,-13123660770.773006,1.0,436.58524126582705,1.518404502747929e-09,1.518404502747929e-09,0.04511900218608145,256821.71194665172,436.58524126582705
2290.0,13859.683674262615,10824233877.658266,419.2930387346324,5.494959613210574e-05,2.6391762349447228,0.23346222486528,2.491303091155548e+16,0.3891752109075827,0.3891752109075827,709559436296.7441,0.28942075727667776,1122954.4439011102,1122628.3254801442,1114183.3308184766,326.1184209660165,8444.994661667532,1.0242633054324082,0.0002904110872326137,0.0002904110872326137,0.0002904110872326137,0.007522520561785787,8444.994661667532,-27539724.94329969,-0.0025442655114966605,-1.1938089855301373,0.7973370721983133,0.0,0.0,324293586962422.5,-5.153772921571386,0.01848737106220344,0.027602490329866836,91410597313464.9,3529982060348.776,9244584277249512.0,-12922067664.628159,0.01886160225037313,-0.16235850990321116,0.09367729843604237,0.007522520561785787,2815596678117970.5,1.2151591552680948e+16,1.2155121534741296e+16,1.2060180955367482e+16,854063.6114977867,-12922067664.628159,1.0,435.6886385057532,1.4895047055776676e-09,1.4895047055776676e-09,0.04508662594863688,260119.71932068985,435.6886385057532
2291.0,13982.152085969381,10824257507.356005,418.8236934136915,5.485724887675557e-05,2.6382921259759886,0.2334633314307685,2.5237324498517904e+16,0.3890571794635188,0.3890571794635188,696637368632.116,0.2845816967614086,1137280.468275501,1136961.141488567,1128462.7705170496,319.326786933863,8498.370971517445,1.0236772513346564,0.0002807810349702651,0.0002807810349702652,0.0002807810349702652,0.007474636257481015,8498.370971517445,-27362687.607189633,-0.002527904347119824,-1.1753985184157543,0.7956763563007285,0.0,0.0,327968824178385.0,-5.160069863213711,0.01837038188717699,0.027428631070892218,91988555788744.05,3456475370768.738,9363070341510754.0,-12722816237.096853,0.018572982074979295,-0.16044019285862127,0.09338658160203588,0.007474636257481015,2851701274030175.5,1.2306760171329674e+16,1.2310216646700444e+16,1.221477161554093e+16,865008.0927165444,-12722816237.096853,1.0,434.80259358487683,1.4612016012861651e-09,1.4612016012861651e-09,0.04505437297810433,263454.6778005052,434.80259358487683
2292.0,14105.516664583773,10824280408.261456,418.3548734652466,5.476580578532107e-05,2.6374164531520536,0.23346446530507678,2.556529332269629e+16,0.3889403902093613,0.3889403902093613,683914552395.0192,0.2798207593542752,1151766.7106995762,1151454.046450712,1142901.7420151404,312.6642488642709,8552.304435571705,1.0231039535687314,0.00027146491208654633,0.0002714649120865463,0.00027146491208654617,0.007427395354537743,8552.304435571705,-27187091.561914973,-0.0025116765767787086,-1.157195102705587,0.7940190993885448,0.0,0.0,331680331102874.0,-5.166322087851248,0.018254954993868644,0.027257083386909797,92572541347446.34,3384365503345.3115,9482879271289870.0,-12525804278.752188,0.01828782354836342,-0.158535086992273,0.09308847529812614,0.007427395354537743,2888209663372502.5,1.2463661476009818e+16,1.2467045841513162e+16,1.2371088934662372e+16,876074.7979193347,-12525804278.752188,1.0,433.9267795032582,1.433481879919436e-09,1.433481879919436e-09,0.04502224074076655,266826.9440958056,433.9267795032582
2293.0,14229.782330448976,10824302602.850716,417.88657830120985,5.467525677191247e-05,2.6365489462051186,0.23346562632508197,2.589697365379916e+16,0.38882483007201957,0.38882483007201957,671388748116.267,0.27513684594839855,1166414.698849338,1166108.569946959,1157501.7778203913,306.12890237917105,8606.792126567598,1.0225429933593497,0.0002624528846225665,0.0002624528846225665,0.00026245288462256654,0.00738078112826071,8606.792126567598,-27012922.412591137,-0.0024955808612997336,-1.1391888394538832,0.7923652942572911,0.0,0.0,335428371467665.0,-5.172530726992999,0.01814104992862542,0.027087787560464927,93162522417800.69,3313631874830.694,9604023769618012.0,-12330924720.039154,0.01800599060731862,-0.15664327737296396,0.0927831722396566,0.00738078112826071,2925125736847581.0,1.2622312028883394e+16,1.2625625660758224e+16,1.2529149506465592e+16,887264.9002891579,-12330924720.039154,1.0,433.06087216159864,1.4063325534950857e-09,1.4063325534950857e-09,0.04499022679461695,270236.87753123353,433.06087216159864
2294.0,14354.95401848688,10824324112.906809,417.4188073341518,5.458559188342025e-05,2.635689334867385,0.2334668143276611,2.6232402025266824e+16,0.38871048611598724,0.38871048611598724,659057823396.2278,0.27052891854876787,1181225.971532853,1180926.2525695988,1172264.4216039972,299.7189632542431,8661.830965601455,1.0219939532598734,0.0002537355006386321,0.0002537355006386321,0.0002537355006386321,0.007334777211323756,8661.830965601455,-26840165.950710792,-0.00247961587908356,-1.121369369134325,0.7907149337175012,0.0,0.0,339213211088525.5,-5.178696910758783,0.018028627091928984,0.026920685124351196,93758465782882.7,3244255201048.333,9726516631855692.0,-12138065501.79577,0.01772734055728589,-0.15476482495482521,0.09247085758057068,0.007334777211323756,2962453413615208.0,1.2782728511253786e+16,1.2785972766454834e+16,1.26889700454709e+16,898579.5815424538,-12138065501.79577,1.0,432.20455029308295,1.3797409474317567e-09,1.3797409474317567e-09,0.044958328785055235,273684.84006154345,432.20455029308295
2295.0,14481.036678159122,10824344959.541042,416.95155997730024,5.4496801297442496e-05,2.6348373488710535,0.23346802914969123,2.6571615236355348e+16,0.3885973455418941,0.3885973455418941,646919757894.432,0.2659960026346175,1196202.078752566,1195908.6459816545,1187191.2282641048,293.432770911489,8717.417717549715,1.021456417103988,0.00024530367913880335,0.00024530367913880335,0.00024530367913880335,0.007289367584088394,8717.417717549715,-26668808.15061321,-0.002463780325765226,-1.1037258595006867,0.7890680105946846,0.0,0.0,343035117819520.0,-5.184821767902869,0.01791764771555937,0.02675571882848704,94360336531173.03,3176217534779.9375,9850370746216846.0,-11947109444.001362,0.017451723892995354,-0.15289976623896737,0.09215170873126147,0.007289367584088394,3000196641455055.0,1.2944927724203074e+16,1.2948103941737854e+16,1.2850567387671902e+16,910020.0319774831,-11947109444.001362,1.0,431.35749539762776,1.3536946922374496e-09,1.3536946922374496e-09,0.044926544440788696,277171.19628662174,431.35749539762776
2296.0,14608.035273427357,10824365163.213722,416.4848356445402,5.4408875320249725e-05,2.633992717948326,0.2334692706280495,2.6914650354174868e+16,0.3884853956850735,0.3884853956850735,634972648450.4307,0.26153718959424704,1211344.5817669157,1211057.3129750157,1202283.763988548,287.26879190005224,8773.548986467626,1.0209299699591063,0.00023714869924215166,0.00023714869924215163,0.00023714869924215163,0.007244536565255541,8773.548986467626,-26498835.166061327,-0.002448072913884762,-1.0862469932862509,0.7874245177292929,0.0,0.0,346894361510215.5,-5.190906425837125,0.017808073840526406,0.026592832607895134,94968098006869.23,3109502303521.4175,9975599094287406.0,-11757934112.773344,0.017178984116585305,-0.1510481129179467,0.09182589517145753,0.007244536565255541,3038359396927703.0,1.3108926589221978e+16,1.3112036091525498e+16,1.3013958491215108e+16,921587.4505221957,-11757934112.773344,1.0,430.51939167850577,1.3281817154474445e-09,1.3281817154474445e-09,0.04489487156999372,280696.3134663523,430.51939167850577
2297.0,14735.954782712923,10824384743.754223,416.0186337504127,5.432180438478651e-05,2.6331551718314024,0.23347053859961295,2.7261544715685084e+16,0.3883746240141446,0.3883746240141446,623214714337.6573,0.25715163923298473,1226655.0531513027,1226373.8275279368,1217543.6063169688,281.2256233660013,8830.221210967966,1.0204141980814727,0.000229262189597252,0.000229262189597252,0.00022926218959725206,0.00720026880283925,8830.221210967966,-26330233.32692133,-0.0024324923725677927,-1.068920955742712,0.7857844479766903,0.0,0.0,350791213965610.5,-5.196952010653507,0.017699868295764087,0.02643197155178012,95581711759976.6,3044094347115.7153,1.0102214751538774e+16,-11570411685.620594,0.01690895755322286,-0.14920985150317684,0.09149357825810474,0.00720026880283925,3076945685534119.0,1.3274742148832872e+16,1.3277786243179986e+16,1.3179160437072894e+16,933283.044781631,-11570411685.620594,1.0,429.6899259812969,1.30319023380289e-09,1.30319023380289e-09,0.04486330805672667,284260.5615353378,429.6899259812969
2298.0,14864.800198856237,10824403720.380436,415.5529537101139,5.423557904870915e-05,2.632324440252485,0.23347183290125867,2.7612335929650696e+16,0.38826501812960956,0.38826501812960956,611644302652.0367,0.2528385823549791,1242135.0768584707,1241859.7748619576,1232972.3442023748,275.3019965130788,8887.430659582886,1.019908688872973,0.00022163611803746437,0.0002216361180374643,0.0002216361180374643,0.007156549265452126,8887.430659582886,-26162989.135939624,-0.0024170374472156234,-1.0517354220211323,0.7841477942071222,0.0,0.0,354725948908648.0,-5.202959647146136,0.01759299467753872,0.026273081873633974,96201137496212.14,2979979955284.332,1.0230230887836656e+16,-11384408814.981432,0.016641473164244452,-0.14738494293540882,0.0911549110282046,0.007156549265452126,3115959541873718.0,1.3442391567206584e+16,1.3445371547161868e+16,1.3346190429710374e+16,945108.0310848849,-11384408814.981432,1.0,428.86878773514417,1.2787087456614917e-09,1.2787087456614917e-09,0.044831851857479954,287864.31311749003,428.86878773514417
2299.0,14994.576529075252,10824422111.71762,415.0877949394947,5.41501899924585e-05,2.631500252943774,0.23347315336986368,2.7967061878559344e+16,0.3881565657624659,0.3881565657624659,600259893837.0553,0.24859732341950694,1257786.2482782863,1257516.7514982282,1248571.5780721174,269.4967800580238,8945.173426110821,1.0194130308396248,0.00021426278147572598,0.00021426278147572596,0.00021426278147572607,0.007113363233892018,8945.173426110821,-25997089.265613616,-0.0024017068992044687,-1.0346775443956695,0.7825145493056836,0.0,0.0,358698841945014.0,-5.208930458832788,0.017487417329572374,0.026116110882371535,96826333026742.84,2917146905096.773,1.0359660767945042e+16,-11199786490.054174,0.01637635235784392,-0.14557332217840505,0.09081003799657189,0.007113363233892018,3155405029800949.0,1.3611892130772734e+16,1.3614809277677832e+16,1.3515065797745992e+16,957063.6345316331,-11199786490.054174,1.0,428.0556688962673,1.2547260236322732e-09,1.2547260236322732e-09,0.04480050099798705,291507.9435404842,428.0556688962673
2300.0,15125.2887949236,10824439935.816683,414.6231568550599,5.4065628017367593e-05,2.6306823396374712,0.23347449984230512,2.832576072050436e+16,0.38804925477283275,0.38804925477283275,589060107347.0011,0.24442724327247387,1273610.174296997,1273346.365313311,1264342.9198883593,263.80898368602436,9003.445424951862,1.0189268135517495,0.00020713479603885914,0.00020713479603885914,0.0002071347960388592,0.007070696293020426,9003.445424951862,-25832520.555151384,-0.002386499505593346,-1.0177339393324907,0.780884706172289,0.0,0.0,362710170530168.0,-5.214865567975889,0.01738310132384102,0.02596100695443937,97457254217794.94,2855584498438.214,1.0490517752026024e+16,-11016399896.946646,0.016113408797328553,-0.14377489779593067,0.09045909494847473,0.007070696293020426,3195286242580604.0,1.3783261248824424e+16,1.378611683332286e+16,1.3685803994606628e+16,969151.089038265,-11016399896.946646,1.0,427.25026389371,1.2312311074265392e-09,1.2312311074265392e-09,0.0447692535701496,295191.8308500943,427.25026389371
2301.0,15256.942032248025,10824457210.171871,414.15903887396746,5.398188404380286e-05,2.629870430065777,0.23347587215546006,2.868847089103453e+16,0.38794307314859233,0.38794307314859233,578043707450.0544,0.24032780195377662,1289608.4733559638,1289350.2355944496,1280287.9932080158,258.23776151418474,9062.242386433867,1.0184496276058088,0.00020024508744283408,0.00020024508744283408,0.00020024508744283408,0.007028534323923055,9062.242386433867,-25669270.007517044,-0.00237141405884032,-1.0008906744053134,0.779258257721641,0.0,0.0,366760213938330.5,-5.22076609560305,0.01728001244203392,0.025807719506877214,98093854940159.22,2795283599560.8613,1.0622815296135198e+16,-10834098277.160381,0.01585244820697093,-0.1419895515121876,0.09010220872712217,0.007028534323923055,3235607303041783.5,1.395651645411714e+16,1.3959311737716702e+16,1.3858422599176982e+16,981371.6373836106,-10834098277.160381,1.0,426.4522695772806,1.2082132969176702e-09,1.2082132969176702e-09,0.0447381077291682,298916.3558244052,426.4522695772806
2302.0,15389.541291145415,10824473951.737953,413.6954404140277,5.389894910933878e-05,2.6290642539608933,0.23347727014620553,2.905523110497286e+16,0.38783800900404486,0.38783800900404486,567209609172.894,0.23629854158119176,1305782.7755099172,1305529.9930943435,1296408.433242211,252.78241557366837,9121.559852132621,1.017981064587903,0.0001935868816120316,0.0001935868816120316,0.0001935868816120316,0.006986863496343631,9121.559852132621,-25507324.786557775,-0.00235644936652671,-0.9841332550598363,0.7776351968831997,0.0,0.0,370849253233354.0,-5.226633161527041,0.017178117157654715,0.025656198971305666,98736087018628.25,2736236672834.572,1.0756566952713082e+16,-10652724784.43428,0.015593268175481997,-0.14021713775581654,0.08973949701596562,0.006986863496343631,3276372363730639.5,1.413167540346235e+16,1.4134411640135186e+16,1.4032939316443722e+16,993726.5312543001,-10652724784.43428,1.0,425.6613851676618,1.1856621454025948e-09,1.1856621454025948e-09,0.04470706169076011,302681.90198791074,425.6613851676618
2303.0,15523.091635919034,10824490176.946838,413.23236089370266,5.3816814366964835e-05,2.6282635410550212,0.23347869365141863,2.9426080358206216e+16,0.3877340505785787,0.3877340505785787,556556884388.4597,0.23233908931144615,1322134.7224847353,1321887.280085411,1312705.8869152223,247.44239932445402,9181.393170188529,1.017520717038918,0.0001871536955473241,0.00018715369554732412,0.00018715369554732412,0.006945670261382115,9181.393170188529,-25346672.21421028,-0.002341604251089041,-0.9674466112287876,0.7760155166011518,0.0,0.0,374977571241204.5,-5.232467884354628,0.017077382618919557,0.025506396769073292,99383900181392.52,2678437820847.7095,1.0891786371072284e+16,-10472116339.966518,0.015335657957134805,-0.1384574831875933,0.08937106811578202,0.006945670261382115,3317585607061826.0,1.4308755878315504e+16,1.4311434316136352e+16,1.420937197813411e+16,1006217.0312897293,-10472116339.966518,1.0,424.8773122086533,1.1635674530582825e-09,1.1635674530582825e-09,0.04467611372856228,306488.855625493,424.8773122086533
2304.0,15657.598145034413,10824505901.723701,412.7697997321052,5.373547108332454e-05,2.6274680210803614,0.23348014250797647,2.980105792944742e+16,0.3876311862353532,0.3876311862353532,546084768048.4932,0.22844916037911336,1338665.9677347976,1338423.750413577,1329182.0129229538,242.21732122047575,9241.737490623267,1.017068178421311,0.00018093932844975507,0.00018093932844975507,0.00018093932844975505,0.006904941344449052,9241.737490623267,-25187299.76777976,-0.002326877549558074,-0.9508150837997522,0.7743992098343802,0.0,0.0,379145452524005.5,-5.238271381542845,0.016977776631448616,0.025358265286069326,100037242009432.75,2621882823050.745,1.1028487297880754e+16,-10292103486.038334,0.015079398270567318,-0.13671038621194653,0.08899702071650792,0.006904941344449052,3359251245468747.5,1.4487775785358936e+16,1.4490397668181988e+16,1.4387738543349502e+16,1018844.4071266636,-10292103486.038334,1.0,424.0997545215167,1.1419192605860526e-09,1.1419192605860526e-09,0.04464526217160136,310337.60579629027,424.0997545215167
2305.0,15793.065911074546,10824521141.502611,412.3077563489987,5.365491063698542e-05,2.6266774237691144,0.23348161655275607,3.0180203381971424e+16,0.3875294044599968,0.3875294044599968,535792664562.4549,0.22462856121397454,1355378.1764999023,1355141.069551555,1345838.4817908958,237.1069483473861,9302.587760659213,1.0166230430875351,0.0001749378531087801,0.00017493785310878008,0.00017493785310878008,0.006864663738467934,9302.587760659213,-25029195.07729674,-0.0023122681133054077,-0.9342224109383565,0.772786269556433,0.0,0.0,383353183355370.0,-5.2440447693675605,0.016879267643013063,0.025211757850569838,100696057885939.08,2566569175183.448,1.1166683577640816e+16,-10112510238.06778,0.01482426109529466,-0.134975616472425,0.08861744366379518,0.006864663738467934,3401373521552512.5,1.4668753157079268e+16,1.467131972625445e+16,1.4568057099193328e+16,1031609.9374434506,-10112510238.06778,1.0,423.3284181614022,1.120707843038954e-09,1.120707843038954e-09,0.04461450540189005,314228.5443474453,423.3284181614022
2306.0,15929.500040694511,10824535911.241665,411.8462301647958,5.357512451673988e-05,2.625891478853483,0.23348311562263455,3.056355656532679e+16,0.3874286938593177,0.3874286938593177,525680154324.3871,0.2208771926374714,1372273.0258617841,1372040.9146516237,1362676.9759315785,232.11121016036685,9363.93872004519,1.0161849062500936,0.00016914360756643276,0.00016914360756643273,0.00016914360756643276,0.006824824697318007,9363.93872004519,-24872345.922939155,-0.0022977748077964563,-0.9176517142691154,0.7711766887554936,0.0,0.0,387601051696923.5,-5.249789162971755,0.016781824727487238,0.025066828709878086,101360290945795.47,2512496129782.6523,1.1306389153163962e+16,-9933153935.118515,0.014570009465965372,-0.13325291433124437,0.08823241572026091,0.006824824697318007,3443956708229603.0,1.485170615233936e+16,1.4854218648469144e+16,1.4750345861393566e+16,1044514.9100038437,-9933153935.118515,1.0,422.56301137582193,1.0999237038243627e-09,1.0999237038243627e-09,0.04458384185211117,318162.0659277348,422.56301137582193
2307.0,16066.905654575628,10824550225.43767,411.3852206005581,5.349610431993577e-05,2.625109916065667,0.23348463955448895,3.0951157617023716e+16,0.3873290431600287,0.3873290431600287,515747000389.26855,0.217195053138866,1389352.2048002444,1389124.974597889,1379699.1897014978,227.23020235537197,9425.7848963912,1.015753363953199,0.00016355118707141807,0.00016355118707141807,0.0001635511870714181,0.006785411729509571,9425.7848963912,-24716740.23252415,-0.0022833965123502187,-0.9010854849155522,0.7695704604343494,0.0,0.0,391889347175829.0,-5.255505676376153,0.016685417569981542,0.02492343300869926,102029882025158.34,2459664738132.089,1.1447618066041316e+16,-9753845088.881252,0.01431639726439661,-0.13154199033304562,0.08784200532140571,0.006785411729509571,3487005108878201.0,1.5036653056944676e+16,1.503911272168281e+16,1.4934623174919518e+16,1057560.621700423,-9753845088.881252,1.0,421.80324456513705,1.0795575688773359e-09,1.0795575688773359e-09,0.04455327000336573,322138.56800107466,421.80324456513705
2308.0,16205.287887379025,10824564098.140366,410.9247270779951,5.34178417508366e-05,2.624332465137868,0.23348618818519637,3.1343046964199544e+16,0.3872304412074851,0.3872304412074851,505993155300.3873,0.21358224223171293,1406617.4142489051,1406394.950057991,1396906.8294574746,222.46419091404758,9488.120600516386,1.0153280130460618,0.00015815543634004937,0.00015815543634004937,0.00015815543634004937,0.006746412592085285,9488.120600516386,-24562366.0790647,-0.00226913211990536,-0.884505569403777,0.767967577610362,0.0,0.0,396218361063132.0,-5.261195422496313,0.016590016452385448,0.024781526768103412,102704769611175.67,2408077894090.0435,1.159038445710938e+16,-9574387231.173326,0.014063169009418666,-0.12984252465299634,0.08744627032617538,0.006746412592085285,3530523057483086.5,1.5223612284203642e+16,1.5226020362097732e+16,1.5120907514592466e+16,1070748.3785975806,-9574387231.173326,1.0,421.0488302450495,1.0596003809987124e-09,1.0596003809987124e-09,0.044522788382971745,326158.4508598939,421.0488302450495
2309.0,16344.651887698463,10824577542.96621,410.46474901946357,5.334032861901031e-05,2.6235588558022873,0.23348776135163388,3.1739265325262676e+16,0.3871328769644365,0.3871328769644365,496418768069.214,0.21003896389123763,1424070.3671505759,1423852.5535342055,1414301.6136123927,217.81361637040632,9550.93992181282,1.0149084511577762,0.00015295144214413355,0.00015295144214413355,0.00015295144214413355,0.006707815284739998,9550.93992181282,-24409211.67838963,-0.0022549805367924674,-0.8678931554309807,0.7663680333154369,0.0,0.0,400588386252681.0,-5.2668595131591625,0.01649559223942476,0.024641066865233152,103384889791874.5,2357740380315.3574,1.173470256691063e+16,-9394576759.972275,0.013810059644574272,-0.12815416652937217,0.0870452577621443,0.006707815284739998,3574514918778948.5,1.5412602375481454e+16,1.5414960115861768e+16,1.5309217485689578e+16,1084079.4959740317,-9394576759.972275,1.0,420.2994830110556,1.0400432943527553e-09,1.0400432943527553e-09,0.04449239556235196,330222.11763836106,420.2994830110556
2310.0,16485.002818012854,10824590573.111729,410.00528584796695,5.326355683774645e-05,2.6227888177911254,0.2334893588906785,3.2139853711515356e+16,0.3870363395097907,0.3870363395097907,487024191309.2417,0.2065655300732004,1441712.7885122863,1441499.5094139301,1431885.2726903008,213.2790983562693,9614.236723629328,1.0144942766738059,0.00014793452624940192,0.00014793452624940195,0.00014793452624940195,0.006669608044152706,9614.236723629328,-24257265.38682461,-0.002240940682512245,-0.8512287575021382,0.7647718205959921,0.0,0.0,404999717240554.0,-5.272499059119088,0.016402116365222263,0.024502011013741276,104070176206262.62,2308658917509.0415,1.1880586736148856e+16,-9214202784.019255,0.013556794323707823,-0.126476533680755,0.08663900356529909,0.006669608044152706,3618985088392090.0,1.560364200074721e+16,1.5605950659664718e+16,1.5499571824540948e+16,1097555.2983648381,-9214202784.019255,1.0,419.55491950484355,1.020877669119186e-09,1.020877669119186e-09,0.04446053940799177,334329.9743254627,419.55491950484355
2311.0,16626.345854638123,10824603201.366486,409.54633698715475,5.3187518422500896e-05,2.6220227528437605,0.23349172647960373,3.254485342875591e+16,0.38694081803739194,0.38694081803739194,477809988525.2225,0.20316236431481166,1459546.4154599493,1459337.5540194567,1449659.5250458908,208.8614404926126,9678.028973565917,1.0140860694322436,0.0001431002387319034,0.00014310023873190342,0.0001431002387319034,0.006631796013821271,9678.028973565917,-24106527.559309416,-0.0022270125852064705,-0.8345503065571828,0.7631789325129296,0.0,0.0,409464292318926.0,-5.27811263988038,0.0163096015805666,0.024364378384629792,104760823410179.23,2260842217398.35,1.2028039500508652e+16,-9033675920.060263,0.013303088194486536,-0.1248092117079877,0.08622753231440393,0.006631796013821271,3663949635194517.5,1.5796749959113348e+16,1.5799010801330746e+16,1.5691989135703168e+16,1111176.0197353235,-9033675920.060263,1.0,418.81550643783766,1.002096551221513e-09,1.002096551221513e-09,0.044423255248053906,338483.5053105674,418.81550643783766
2312.0,16768.68618767838,10824615440.125608,409.0879018613214,5.31122054893678e-05,2.6212629726831413,0.2334975941435153,3.295431772107484e+16,0.38684630185481067,0.38684630185481067,468776312605.16223,0.19983000541825174,1477573.1538933134,1477368.5922359275,1467626.1865282762,204.5616573859126,9742.405707651287,1.013687194731136,0.0001384443517039447,0.00013844435170394469,0.00013844435170394466,0.0065944313144674456,9742.405707651287,-23957028.501686472,-0.00221319904011375,-0.8180636059640887,0.7615893621416039,0.0,0.0,414025207232467.5,-5.283691643191032,0.0162181754733014,0.024228359003414357,105457795247009.98,2214301274997.2344,1.2177032099686692e+16,-8855223940.123707,0.01304904179198555,-0.12315188115869734,0.08581088972843545,0.0065944313144674456,3709456979339951.5,1.5991946874273654e+16,1.5994161175548652e+16,1.5886489079026644e+16,1124939.0028719015,-8855223940.123707,1.0,418.0834466427983,9.836967982268658e-10,9.836967982268658e-10,0.044386487448769385,342687.1836563745,418.0834466427983
2313.0,16912.02902097671,10824627301.401962,408.6299798954057,5.303761025357799e-05,2.6205096164308186,0.2335071163039349,3.3368342928307308e+16,0.38675278038214694,0.38675278038214694,459921088665.0385,0.19656893791781122,1495795.4973478443,1495595.1166681086,1485787.7344076603,200.38067973555601,9807.382260448192,1.0132978445601644,0.00013396261727679064,0.00013396261727679064,0.00013396261727679067,0.006557511555866208,9807.382260448192,-23808752.67003977,-0.0021994986069364397,-0.801790613834951,0.7600031025717924,0.0,0.0,418683653055260.5,-5.289235636860026,0.01612783240023996,0.02409394469993953,106161257771732.8,2169046176538.9827,1.2327580528071338e+16,-8679084568.525648,0.012796112058183448,-0.1215046837539635,0.08538923712283635,0.006557511555866208,3755517945885991.5,1.6189259731729062e+16,1.6191428777905602e+16,1.6083098473957328e+16,1138845.7251063709,-8679084568.525648,1.0,417.3588397938216,9.65669594038852e-10,9.65669594038852e-10,0.04435076211675604,346942.00930128945,417.3588397938216
2314.0,17056.379572065332,10824638796.83794,408.1725705149904,5.296372502802356e-05,2.619762590614833,0.2335201821394329,3.378702658136257e+16,0.3866602431508462,0.3866602431508462,451242004096.5129,0.19337899852175178,1514215.9629646216,1514019.6448948244,1504146.6793583562,196.31806979734952,9872.965536468191,1.0129178718088399,0.00012964998031917877,0.00012964998031917877,0.00012964998031917877,0.00652102868662186,9872.965536468191,-23661680.787171885,-0.0021859095006554734,-0.7857332199315445,0.7584201469076655,0.0,0.0,423436635424015.0,-5.294745064270552,0.01603855287267042,0.0239611066987494,106871285785897.48,2125072194848.7283,1.2479705207957148e+16,-8505278296.435395,0.012545255333364196,-0.11986780550867593,0.08496274653852069,0.00652102868662186,3802139293560272.0,1.6388715787303318e+16,1.6390840859498164e+16,1.628184450151742e+16,1152898.0728301697,-8505278296.435395,1.0,416.64156188338916,9.480058745638616e-10,9.480058745638616e-10,0.044315996541750335,351248.60652818653,416.64156188338916
2315.0,17201.74307211513,10824649937.716879,407.71567314630107,5.289054222180793e-05,2.619021801763227,0.23353668082857995,3.4210463216786584e+16,0.3865686798025272,0.3865686798025272,442736725800.07745,0.19025960062410163,1532837.035243101,1532644.6627434464,1522705.500731381,192.3724996545269,9939.162012065453,1.0125471298339752,0.0001255009470879711,0.0001255009470879711,0.0001255009470879711,0.006484974797924962,9939.162012065453,-23515794.507849082,-0.002172430022509255,-0.769893159690227,0.7568404882677559,0.0,0.0,428281339248472.0,-5.300220368341135,0.015950317742505882,0.02382981672335449,107587949454862.28,2082364966403.815,1.2633426342725962e+16,-8333823943.089467,0.012297014099642588,-0.11824143139421803,0.08453158931366,0.006484974797924962,3849327660927130.5,1.6590341953107954e+16,1.6592424318074358e+16,1.6482754003653092e+16,1167097.9122111534,-8333823943.089467,1.0,415.931489903348,9.306969063493967e-10,9.306969063493967e-10,0.044282114092882185,355607.5885202275,415.931489903348
2316.0,17348.124765884768,10824660734.974134,407.2592872162057,5.2818054338820954e-05,2.6182871564040417,0.23355650154994653,3.4638744556035056e+16,0.3864780800878228,0.3864780800878228,434402901856.988,0.18720991895836459,1551661.168521229,1551472.626376106,1541466.6486153388,188.54214512300754,10005.977760767024,1.0121854724466963,0.00012150986887342989,0.0001215098688734299,0.0001215098688734299,0.006449342122225358,10005.977760767024,-23371076.350328572,-0.0021590585536613973,-0.7542720190097065,0.75526411978493,0.0,0.0,433215114525007.5,-5.305661991325112,0.015863108199600018,0.02370004699250594,108311314581999.22,2040904755200.8147,1.2788763935410116e+16,-8164738707.664034,0.01205170060498527,-0.1166257450282535,0.08409593600380684,0.006449342122225358,3897089570128514.0,1.679416482012063e+16,1.679620572487583e+16,1.668585350553863e+16,1181447.0909088196,-8164738707.664034,1.0,415.22850182670146,9.137342665598942e-10,9.137342665598942e-10,0.04424904389405748,360019.55770651926,415.22850182670146
2317.0,17495.529911669073,10824671199.207813,406.80341215221347,5.274625397633864e-05,2.6175585610653203,0.23357953348210317,3.5071959670560064e+16,0.3863884338652326,0.3863884338652326,426238163149.3239,0.18422899230494416,1570690.7892573404,1570505.9643522513,1560432.5458758394,184.82490508923416,10073.418476411773,1.0118327538996792,0.00011767109500694519,0.00011767109500694517,0.00011767109500694516,0.0064141230310873175,10073.418476411773,-23227509.63198028,-0.002145793549247034,-0.7388712381820867,0.7536910346063568,0.0,0.0,438235463441234.5,-5.3110703747062225,0.015776905766928695,0.023571770213286825,109041442859182.36,2000668827015.7507,1.2945737807151484e+16,-7998038211.87265,0.011809498581429791,-0.11502092838372038,0.08365595630554296,0.0064141230310873175,3945431430497241.0,1.7000210680507906e+16,1.7002211349334922e+16,1.6891169237648724e+16,1195947.4397798704,-7998038211.87265,1.0,414.5324765897674,8.971098244624651e-10,8.971098244624651e-10,0.044216720455829694,364485.1060959691,414.5324765897674
2318.0,17643.96378124698,10824681340.689169,406.34804738247476,5.267513382364686e-05,2.6168359222751034,0.23360566580362038,3.55101951340013e+16,0.38629973109998733,0.38629973109998733,418240124937.4513,0.18131578080155714,1589928.2981331628,1589747.0796087347,1579605.5901144296,181.218524428197,10141.489494305157,1.011488828874601,0.00011397905467874073,0.00011397905467874073,0.00011397905467874076,0.006379310032638122,10141.489494305157,-23085078.40940262,-0.0021326335328345912,-0.7236921150400942,0.7521212258934781,0.0,0.0,443340028495949.0,-5.316445959146524,0.01569169229468259,0.023444959572572865,109778392095800.27,1961632779965.1282,1.310436761506389e+16,-7833736534.078387,0.011570519600441646,-0.11342716151461248,0.08321181898313247,0.006379310032638122,3994359541896079.0,1.720850554905577e+16,1.7210467181835734e+16,1.709872715695997e+16,1210600.7745286275,-7833736534.078387,1.0,413.84329407469204,8.808157243626008e-10,8.808157243626008e-10,0.04418508329901916,369004.815585802,413.84329407469204
2319.0,17793.431659828973,10824691169.372688,405.8931923357801,5.2604686660688744e-05,2.6161191465614344,0.2336347876930687,3.595353516249725e+16,0.3862119618629264,0.3862119618629264,410406388403.3729,0.1784691980993166,1609376.0719931638,1609198.3513295667,1598988.1555190042,177.7206635969416,10210.195810562509,1.0111535524698207,0.00011042829994162889,0.00011042829994162887,0.00011042829994162887,0.006344895768832069,10210.195810562509,-22943767.423053235,-0.0021195770913049403,-0.7087358073864778,0.7505546868219805,0.0,0.0,448526581464435.0,-5.32178918446277,0.015607449953862318,0.023319588727745755,110522216428162.02,1923771297852.868,1.3264672869263928e+16,-7671846235.634628,0.011334834302312854,-0.11184462229635592,0.08276369179770704,0.006344895768832069,4043880097714160.0,1.741907518340625e+16,1.7420998954704104e+16,1.7308552966978088e+16,1225408.8972805901,-7671846235.634628,1.0,413.1608350923261,8.648443698973737e-10,8.648443698973737e-10,0.04415407658797621,373579.25823841407,413.1608350923261
2320.0,17943.938846003686,10824700694.90585,405.4388464415592,5.253490535673518e-05,2.6154081404523533,0.2336667883290187,3.640206174396168e+16,0.38612511632938556,0.38612511632938556,402734542167.7383,0.17568812957680685,1629036.4656328796,1628862.1366942062,1618582.5945944176,174.32893867352163,10279.542099788585,1.0108267801882653,0.00010701352753684053,0.00010701352753684056,0.00010701352753684059,0.00631087301264859,10279.542099788585,-22803562.046226885,-0.002106622870132413,-0.6940033347620073,0.7489914105817631,0.0,0.0,453793013098200.5,-5.327100489618285,0.015524161229685363,0.02319563179711659,111272966510895.44,1887058583601.4688,1.3426672948974338e+16,-7512378380.065277,0.011102489706654277,-0.11027348617879518,0.08231174143855205,0.00631087301264859,4093999187494368.5,1.76319451029796e+16,1.7633832161563202e+16,1.7520672136468706e+16,1240373.59807029,-7512378380.065277,1.0,412.4849813654406,8.491884095822375e-10,8.491884095822375e-10,0.044123648782120606,378208.99652412767,412.4849813654406
2321.0,18095.490651684377,10824709926.638597,404.98500912988027,5.246578286907807e-05,2.614702810475904,0.23370155689004085,3.685585475705988e+16,0.38603918477809784,0.38603918477809784,395222163787.673,0.1729714428235059,1648911.813447221,1648740.7725022633,1638391.2397710374,171.0409449575643,10349.532731225965,1.0105083679255449,0.0001037295891524881,0.00010372958915248812,0.00010372958915248809,0.006277234665288632,10349.532731225965,-22664448.23812581,-0.0020937695690441296,-0.6794955796061778,0.7474313903769102,0.0,0.0,459137323481895.0,-5.332380312723223,0.015441808914956057,0.023073063350286693,112030689691772.78,1851468614743.7922,1.3590387117679382e+16,-7355342545.67004,0.010873518810502362,-0.10871392594998212,0.0818561334560992,0.006277234665288632,4144722799187883.0,1.784714060655904e+16,1.7848992075173784e+16,1.7735109916867266e+16,1255496.6562415417,-7355342545.67004,1.0,411.8156155122986,8.338407235067453e-10,8.338407235067453e-10,0.0440937523092062,382894.58352949563,411.8156155122986
2322.0,18248.092402054346,10824718873.632513,404.53167983144994,5.2397312241745744e-05,2.6140030631601263,0.23373898255470568,3.731499208054178e+16,0.38595415759010504,0.38595415759010504,387866821242.0029,0.17031799383433327,1669004.4309483685,1668836.5766769934,1658416.4048935047,167.85427137517925,10420.171783488668,1.0101981719582636,0.00010057149535534813,0.00010057149535534813,0.00010057149535534811,0.006243973753402166,10420.171783488668,-22526412.500736803,-0.002081015938031237,-0.6652132878555531,0.7458746194256605,0.0,0.0,464557612989098.0,-5.337629091039364,0.015360376103510709,0.022951858398611247,112795430171222.75,1816975299374.7366,1.3755834537349224e+16,-7200746832.041143,0.010647945911397554,-0.10716611150913126,0.08139703219626535,0.006243973753402166,4196056821043276.0,1.8064686788563724e+16,1.8066503763863096e+16,1.79518913583925e+16,1270779.841761664,-7200746832.041143,1.0,411.152621030553,8.187944110791047e-10,8.187944110791047e-10,0.04406434326140518,387636.5631318406,411.152621030553
2323.0,18401.749435512324,10824727544.669708,404.0788579776118,5.232948660424028e-05,2.613308805033064,0.23377895450158373,3.777954969353087e+16,0.385870025247681,0.385870025247681,380666074409.9618,0.16772663082320838,1689316.6161620885,1689151.849652396,1678660.3865944063,164.76650969256372,10491.463057989733,1.009896048932568,9.753441605688586e-05,9.753441605688588e-05,9.753441605688588e-05,0.006211083426364971,10491.463057989733,-22389441.83922409,-0.002068360773685159,-0.651157069025622,0.7443210909603779,0.0,0.0,470052073790467.0,-5.342847260987313,0.015279846183762213,0.022831992385804245,113567229147706.16,1783552575908.1829,1.3923034281770818e+16,-7048597860.988045,0.01042578955924784,-0.10563020964724873,0.08093460073580652,0.006211083426364971,4248007043143554.5,1.8284608554062076e+16,1.8286392106637984e+16,1.8171041324914372e+16,1286224.9164531417,-7048597860.988045,1.0,410.4958822814966,8.040427797261135e-10,8.040427797261135e-10,0.04403538111369043,392435.47014126467,410.4958822814966
2324.0,18556.467103616847,10824735948.261452,403.6265430003461,5.226229917029627e-05,2.6126199426227585,0.2338213619092455,3.8249601767321336e+16,0.3857867783332663,0.3857867783332663,373617476548.97375,0.16519619671393018,1709850.650910361,1709688.8756496042,1699125.4655584455,161.77526075676053,10563.4100911587,1.0096018558528814,9.461367907812766e-05,9.461367907812764e-05,9.461367907812763e-05,0.006178556953612442,10563.4100911587,-22253523.72555776,-0.0020558029158329605,-0.637327395811861,0.7427707982275221,0.0,0.0,475618981874434.0,-5.34803525815505,0.015200202832377774,0.022713441178732974,114346124949993.34,1751174480653.076,1.4092005349030412e+16,-6898900772.256507,0.010207064191565751,-0.10410638383408528,0.08046900081838533,0.006178556953612442,4300579158606568.0,1.8506930632586976e+16,1.8508681807067628e+16,1.839258450763698e+16,1301833.635146889,-6898900772.256507,1.0,409.8452844746251,7.89579334462649e-10,7.89579334462649e-10,0.04400682846360682,397291.8304115565,409.8452844746251
2325.0,18712.250771030373,10824744092.656507,403.174734332269,5.219574323666045e-05,2.6119363824572517,0.23386609395626157,3.872522074919577e+16,0.3857044075284142,0.3857044075284142,366718575776.7172,0.162725530896064,1730608.8019877027,1730449.9238487058,1719813.907683166,158.87813899680708,10636.016165539993,1.0093154500708672,9.180476767154218e-05,9.18047676715422e-05,9.180476767154222e-05,0.006146387722034946,10636.016165539993,-22118646.065112863,-0.0020433412444473514,-0.6237246032483154,0.7412237344876194,0.0,0.0,481256689545663.0,-5.3531935173070195,0.015121430008100178,0.022596181058418985,115132153157328.16,1719815196557.947,1.4262766673196616e+16,-6751659214.456725,0.009991781036321899,-0.10259479401017964,0.08000039279107322,0.006146387722034946,4353778764465240.0,1.873167759081918e+16,1.873339740601574e+16,1.8616545437661856e+16,1317607.7467616494,-6751659214.456725,1.0,409.2007136525386,7.753977682523064e-10,7.753977682523064e-10,0.04397865079103491,402206.16092151665,409.2007136525386
2326.0,18869.10581546269,10824751985.849236,402.72343140663133,5.2129812181892075e-05,2.611258031064585,0.2339130398212024,3.920647743874143e+16,0.38562290361274726,0.38562290361274726,359966916562.2605,0.16031347057278567,1751593.322237913,1751437.2494620383,1740727.9651421844,156.0727758747167,10709.284319853718,1.0090366892745914,8.910331747286594e-05,8.910331747286594e-05,8.910331747286593e-05,0.006114569233435638,10709.284319853718,-21984797.165993247,-0.002030974676808586,-0.610348887454358,0.7396798930152331,0.0,0.0,486963618369541.5,-5.358322472393674,0.015043511945709964,0.022480188711242244,115925346708360.61,1689449090586.8423,1.4435337135252476e+16,-6606875331.5324335,0.009779948606212547,-0.10109559638287716,0.0795289355410335,0.006114569233435638,4407611362243685.0,1.895887384420452e+16,1.8960563293295108e+16,1.884294849749616e+16,1333548.995314,-6606875331.5324335,1.0,408.56205667615944,7.614919530879964e-10,7.614919530879964e-10,0.04395081623660424,407178.9698281844,408.56205667615944
2327.0,19027.037627613892,10824759635.587442,402.27263365731886,5.20644994651834e-05,2.6105847949728007,0.23396208868263854,3.969344105711098e+16,0.38554225746292553,0.38554225746292553,353360041230.7281,0.15795885188311404,1772806.4515375074,1772653.094714832,1761869.877356737,153.35682267532235,10783.217358095135,1.0087654314778964,8.650511314549882e-05,8.650511314549882e-05,8.650511314549882e-05,0.006083095102050883,10783.217358095135,-21851965.710853226,-0.0020187021648972953,-0.5972003039997351,0.7381392670989346,0.0,0.0,492738252533691.5,-5.363422556560933,0.014966433150139014,0.022365441220363658,116725735999674.08,1660050743937.7703,1.4609735573323814e+16,-6464549745.096883,0.009571572963859546,-0.09960894322530756,0.07905478643215093,0.006083095102050883,4462082358244789.5,1.9188543667568276e+16,1.9190203718312216e+16,1.9071817931568604e+16,1349659.1208633306,-6464549745.096883,1.0,407.9292012102693,7.478559317279511e-10,7.478559317279511e-10,0.04392329539732098,412210.75649340637,407.9292012102693
2328.0,19186.05161111667,10824767049.37998,401.82234051885087,5.199979862520002e-05,2.6099165807099407,0.23401312971914054,4.0186179309644664e+16,0.3854624600516251,0.3854624600516251,346895491485.6312,0.15566051090083327,1794250.417691624,1794099.689738766,1783241.8718810235,150.72795285784466,10857.817857742508,1.0085015350099802,8.400608486510051e-05,8.400608486510054e-05,8.400608486510054e-05,0.0060519590521324294,10857.817857742508,-21720140.731008243,-0.0020065226929989527,-0.5842787659146893,0.7366018500412741,0.0,0.0,498579132599396.5,-5.3684942021599085,0.014890178390723707,0.02225191605734811,117533348974660.62,1631594977516.096,1.4785980792248516e+16,-6324681532.925728,0.009366657857559602,-0.09813498267739977,0.07857810124139311,0.0060519590521324294,4517197063563864.0,1.942071120478704e+16,1.9422342799764556e+16,1.930317785581238e+16,1365939.8603959265,-6324681532.925728,1.0,407.302035709359,7.344839100286818e-10,7.344839100286818e-10,0.04389606113812672,417302.01148509694,407.302035709359
2329.0,19346.153182478152,10824774234.504112,401.3725514263796,5.193570327894057e-05,2.609253294804047,0.23406605210927892,4.068475844224406e+16,0.38538350244652764,0.38538350244652764,340570809952.7055,0.15341728456792803,1815927.437247787,1815779.253383687,1804846.165206549,148.1838640999544,10933.08817713801,1.0082448585051804,8.160230472894964e-05,8.160230472894963e-05,8.16023047289496e-05,0.006021154915590266,10933.08817713801,-21589311.582643446,-0.0019944352755023034,-0.5715840413696149,0.7350676351587512,0.0,0.0,504484849617788.5,-5.373537840756268,0.01481473269560174,0.02213959107399588,118348211203445.06,1604056874078.4453,1.496409157252921e+16,-6187268203.87154,0.009165204782930259,-0.09667385854809699,0.07809903409470624,0.006021154915590266,4572960693842195.0,1.965540047757485e+16,1.965700453444893e+16,1.9537052266371404e+16,1382392.9486520807,-6187268203.87154,1.0,406.6804494037868,7.213702498219872e-10,7.213702498219872e-10,0.043869088418100555,422453.2165544683,406.6804494037868
2330.0,19507.34777102119,10824781198.012665,400.9232658156894,5.187220712061565e-05,2.6085948437831616,0.23412074503162422,4.118924329186186e+16,0.3853053758093207,0.3853053758093207,334383541748.834,0.15122801159563826,1837839.716232514,1837693.9939524,1826684.9634902987,145.72228011389282,11009.03046210124,1.007995260892962,7.928998313988812e-05,7.928998313988812e-05,7.928998313988814e-05,0.005990676629694855,11009.03046210124,-21459467.92494496,-0.001982438954875571,-0.5591157510466811,0.733536615781786,0.0,0.0,510454039587136.0,-5.378553903139863,0.014740081346251599,0.02202844449438024,119170345954502.19,1577411797908.4019,1.5144086678708912e+16,-6052305669.442843,0.008967213001268869,-0.09522571011801166,0.0776177374022635,0.005990676629694855,4629378368773322.0,1.989263539343674e+16,1.989421280523465e+16,1.9773465047482236e+16,1399020.1188998846,-6052305669.442843,1.0,406.0643322862424,7.085094622881263e-10,7.085094622881263e-10,0.04384235413016602,427664.844590414,406.0643322862424
2331.0,19669.640818825,10824787946.740936,400.4744831231963,5.1809303920545284e-05,2.6079411341753262,0.2341770976647469,4.169969733144899e+16,0.3852280713947082,0.3852280713947082,328331236079.3911,0.14909153335246716,1859989.4508154036,1859846.109863118,1848760.4632112875,143.34095228560807,11085.646651830497,1.007752601388112,7.706546519539055e-05,7.706546519539055e-05,7.706546519539055e-05,0.005960518234837389,11085.646651830497,-21330599.699993618,-0.0019705327998056268,-0.5468733652241958,0.7320087852546908,0.0,0.0,516485378229086.5,-5.38354281933394,0.014666209872161051,0.02191845490707056,119999774258563.78,1551635412575.618,1.532598486720675e+16,-5919788212.272529,0.008772679531842452,-0.09379067194183131,0.0771343617928991,0.005960518234837389,4686455111373986.0,2.01324397528393e+16,2.0133991388251876e+16,2.0012439978580736e+16,1415823.103659135,-5919788212.272529,1.0,405.45357509851453,6.958962017818219e-10,6.958962017818219e-10,0.04381583695321756,432937.3595521524,405.45357509851453
2332.0,19833.037780665385,10824794487.313417,400.02620278594736,5.174698752407481e-05,2.607292072508583,0.23423499918721752,4.221618270967808e+16,0.38515158054943155,0.38515158054943155,322411447867.1186,0.1470066947507778,1882378.8279050163,1882237.7902438445,1871074.851759702,141.0376611717788,11162.938484142476,1.007516739481128,7.492522710146816e-05,7.492522710146817e-05,7.492522710146817e-05,0.005930673872346551,11162.938484142476,-21202697.11427459,-0.0019587159034865744,-0.5348562005916702,0.7304841369356397,0.0,0.0,522577576063086.0,-5.388505018604435,0.014593104045635075,0.021809601257558153,120836514965364.27,1526703697155.8489,1.55098048936483e+16,-5789708451.670111,0.008581599127784697,-0.09236887364985043,0.07664905604757412,0.005930673872346551,4744195847030894.0,2.0374837255644556e+16,2.037636395934171e+16,2.025400074067919e+16,1432803.6353785452,-5789708451.670111,1.0,404.84806931855184,6.835252600718486e-10,6.835252600718486e-10,0.043789517215690354,438271.21638115693,404.84806931855184
2333.0,19997.544123954354,10824800826.150282,399.57842424161976,5.1685251850508815e-05,2.6066475653109733,0.2342943387776066,4.273876028574117e+16,0.385075894711301,0.385075894711301,316621739415.4485,0.14497234513927787,1905010.0256805525,1904871.215462672,1893630.3079625743,138.81021788042642,11240.907500097837,1.0072875349288164,7.286587262491567e-05,7.286587262491566e-05,7.286587262491565e-05,0.0059011377823605495,11240.907500097837,-21075750.621668536,-0.0019469873820453366,-0.5230634168136535,0.7289626641966414,0.0,0.0,528729373759471.0,-5.393440929469071,0.014520749876730132,0.021701862840864727,121680584793737.97,1502592961190.1406,1.56955655197229e+16,-5662057306.453426,0.00839396424108078,-0.09096043974806113,0.0761619670317323,0.0059011377823605495,4802605402333588.0,2.0619851506850224e+16,2.0621354099811416e+16,2.049817092205649e+16,1449963.4470692473,-5662057306.453426,1.0,404.24770714782153,6.713915609586595e-10,6.713915609586595e-10,0.04376337676964481,443666.8608933269,404.24770714782153
2334.0,20163.165328679173,10824806969.473696,399.13114692851985,5.162409089206265e-05,2.606007519110539,0.23435500561448472,4.326748965950064e+16,0.38500100540823723,0.38500100540823723,310959682108.99506,0.14298733920623372,1927885.2140630442,1927748.5575976886,1916429.002549633,136.65646535553222,11319.55504805579,1.0070648477450845,7.08841295937567e-05,7.08841295937567e-05,7.088412959375671e-05,0.005871904301752886,11319.55504805579,-20949750.907801945,-0.001935346373092926,-0.5114940128572381,0.7274443604235088,0.0,0.0,534939537752932.0,-5.398350979706333,0.01444913360831368,0.021595219294330947,122531998375535.47,1479279858604.2058,1.5883285519597792e+16,-5536823955.221099,0.008209764979798138,-0.08956548941629044,0.07567323962641548,0.005871904301752886,4861688503702996.0,2.0867506021676324e+16,2.086898530153493e+16,2.0744974023300788e+16,1467304.2728973522,-5536823955.221099,1.0,403.6523814989551,6.594901552378583e-10,6.594901552378583e-10,0.04373739887454353,449124.72965228057,403.6523814989551
2335.0,20329.906887340876,10824812923.31392,398.68437028558304,5.156349871283129e-05,2.6053718404353234,0.2344168888764223,4.380242919725357e+16,0.3849269042573231,0.3849269042573231,305422858153.774,0.14105053789683142,1951006.5551295246,1950871.9808499417,1939473.0985627433,134.57427958293465,11398.882287198387,1.0068485381919379,6.897684645349668e-05,6.897684645349665e-05,6.897684645349665e-05,0.005842967862110667,11398.882287198387,-20824688.87564392,-0.0019237920343909858,-0.5001468230983007,0.7259292190158316,0.0,0.0,541206856099183.0,-5.403235596364321,0.01437824171125468,0.02148965059059671,123390768293799.22,1456741400775.0115,1.6072983685917132e+16,-5413995794.228887,0.008028989059413495,-0.08818413630391947,0.07518301665801805,0.005842967862110667,4921449775824540.0,2.111782423003547e+16,2.111928097143625e+16,2.099443346174167e+16,1484827.8487381502,-5413995794.228887,1.0,403.0619859836861,6.478162159803126e-10,6.478162159803126e-10,0.04371156808996135,454645.2498245931,403.0619859836861
2336.0,20497.77430489231,10824818693.515228,398.23809375237255,5.150346944777528e-05,2.604740435813367,0.23447987774198997,4.434363605335275e+16,0.38485358296386524,0.38485358296386524,300008862359.5451,0.13916080934726593,1974376.2034734008,1974243.6419026677,1962764.7517121064,132.56157073287005,11478.8901905613,1.0066384667706636,6.714098888533119e-05,6.714098888533119e-05,6.714098888533122e-05,0.005814322987763848,11478.8901905613,-20700555.632246874,-0.0019123235426241232,-0.4890205132184084,0.7244172333869467,0.0,0.0,547530134558789.5,-5.408095205769485,0.014308060879720252,0.021385137030733303,124256905115596.55,1434954968910.9128,1.626467883541192e+16,-5293558392.999038,0.007851621749363432,-0.08681648832276558,0.07469143882656955,0.005814322987763848,4981893739894064.0,2.137082948042158e+16,2.1372264435390496e+16,2.1246572575305984e+16,1502535.9126943643,-5293558392.999038,1.0,402.47641490106116,6.363650341024371e-10,6.363650341024371e-10,0.04368587017648862,460228.839017742,402.47641490106116
2337.0,20666.773098675527,10824824285.741644,397.79231676907904,5.144399730172328e-05,2.604113211772712,0.2345438613897582,4.4891166187911544e+16,0.38478103332046537,0.38478103332046537,294715303966.5461,0.13731702983762545,1997996.3065139982,1997865.6902297449,1986306.1106821385,130.61628425329084,11559.57954760639,1.0064344942132286,6.53736364914425e-05,6.53736364914425e-05,6.53736364914425e-05,0.005785964293864567,11559.57954760639,-20577342.476536874,-0.0019009400922693179,-0.47811357590658227,0.7229083969639102,0.0,0.0,553908192893011.5,-5.412930233535173,0.014238578026605997,0.021281659237570083,125130417419892.06,1413898325898.3567,1.6458389814144878e+16,-5175495447.816353,0.007677645815523936,-0.08546264743674674,0.07419864463244256,0.005785964293864567,5043024811684167.0,2.1626545043248936e+16,2.162795894157483e+16,2.1501414625829044e+16,1520430.2055806774,-5175495447.816353,1.0,401.89556322594416,6.251320142026313e-10,6.251320142026313e-10,0.04366029200421617,465875.90510146116,401.89556322594416
2338.0,20836.90879835869,10824829705.482502,397.3470387765199,5.138507654839104e-05,2.603490074841401,0.23460872899829757,4.544507438080455e+16,0.38470924720610183,0.38470924720610183,289539808518.72974,0.13551808476531368,2021869.004758074,2021740.2683561468,2010099.3173897795,128.73640192728627,11640.95096636724,1.0062364814738571,6.367197955175646e-05,6.367197955175646e-05,6.367197955175646e-05,0.005757886484514829,11640.95096636724,-20455040.888067555,-0.0018896408945544515,-0.46742432637458375,0.7214027031874682,0.0,0.0,560339861357620.0,-5.417741104570107,0.0141697802790679,0.021179198149168355,126011311820797.33,1393549627759.423,1.665413550241291e+16,-5059788733.204742,0.007507041459106296,-0.08412270944798922,0.0737047703013919,0.005757886484514829,5104847299438075.0,2.1884994113671784e+16,2.188638766329954e+16,2.1758982801850984e+16,1538512.471376618,-5059788733.204742,1.0,401.31932659778516,6.141126706420626e-10,6.141126706420626e-10,0.043634821468190754,471586.8460131617,401.31932659778516
2339.0,21008.1869458725,10824834958.05783,396.90225921613825,5.132670152941639e-05,2.602870931547475,0.2346743697461785,4.600541424216218e+16,0.3846382165852205,0.3846382165852205,284480019785.525,0.13376286964052697,2045996.4320158754,2045869.5120729678,2034146.5071977698,126.91994290733163,11723.00487519796,1.006044289720815,6.203331585592268e-05,6.203331585592268e-05,6.203331585592268e-05,0.005730084350941658,11723.00487519796,-20333642.51665852,-0.0018784251764986481,-0.4569508976979901,0.7199001455120286,0.0,0.0,566823977381399.0,-5.422528243086649,0.014101654974173927,0.0210777350124689,126899592986525.25,1373887434857.9875,1.6851934819328036e+16,-4946418051.517111,0.0073397862522981945,-0.08279676377906785,0.0732099497078371,0.005730084350941658,5167365401597616.0,2.214619981391218e+16,2.214757370134704e+16,2.2019300220925652e+16,1556784.457649743,-4946418051.517111,1.0,400.7476013096694,6.033026238499982e-10,6.033026238499982e-10,0.04360944741027817,477362.049548027,400.7476013096694
2340.0,21180.613095345947,10824840048.623575,396.4579775300027,5.1268866653410045e-05,2.602255688418976,0.2347406728119716,4.6572238219543576e+16,0.3845679335068352,0.3845679335068352,279533601734.00793,0.13205029110514854,2070380.7155741283,2070255.5506093898,2058449.8090852373,125.16496473866339,11805.74152415245,1.005857780328385,6.045504761376916e-05,6.045504761376916e-05,6.045504761376916e-05,0.005702552769718392,11805.74152415245,-20213139.172846068,-0.0018672921800277553,-0.4466912359913983,0.7184007174056328,0.0,0.0,573359382417009.0,-5.427292072609058,0.014034189654659746,0.020977251377090056,127795263654343.77,1354890722987.641,1.7051806727096062e+16,-4835361180.728853,0.007175855070915668,-0.08148489325110435,0.07271431429630801,0.005702552769718392,5230583204371366.0,2.2410185195121772e+16,2.241154008584476e+16,2.2282389931467428e+16,1575247.9159508941,-4835361180.728853,1.0,400.1802842976355,5.926975968357015e-10,5.926975968357015e-10,0.043584159546960155,483201.89313434315,400.1802842976355
2341.0,21354.19281304164,10824844982.176662,396.0141931608062,5.1211566395021916e-05,2.6016442519839473,0.23480752737424737,4.7145597601960584e+16,0.3844983901036378,0.3844983901036378,274698240553.27908,0.13037926797629656,2095023.9763282037,2094900.50676382,2083011.3457778003,123.46956438371495,11889.160986019726,1.0056768148690367,5.893467844702717e-05,5.893467844702717e-05,5.893467844702717e-05,0.00567528670103096,11889.160986019726,-20093522.819079895,-0.0018562411611588257,-0.4366430954268676,0.7169044123499272,0.0,0.0,579944918952592.0,-5.432033015981412,0.013967372064794481,0.020877729089285868,128698324641806.17,1336538894470.5952,1.7253770235011228e+16,-4726593820.533613,0.007015220024269856,-0.0801871738574747,0.07221799300097867,0.00567528670103096,5294504679148651.0,2.2676973238801684e+16,2.2678309777696156e+16,2.254827491415988e+16,1593904.6021832116,-4726593820.533613,1.0,399.6172731302602,5.822934118905338e-10,5.822934118905338e-10,0.04355894840257224,489106.7435945887,399.6172731302602
2342.0,21528.931677290562,10824849763.559898,395.57090555186534,5.1154795294022503e-05,2.6010365287704285,0.23487482261157636,4.7725542520913176e+16,0.3844295785911174,0.3844295785911174,269971646732.74548,0.12874873231566616,2119928.328875507,2119806.496996248,2107833.2338392097,121.83187925925183,11973.26315703868,1.0055012551057845,5.7469810464713314e-05,5.7469810464713314e-05,5.7469810464713314e-05,0.005648281186987923,11973.26315703868,-19974785.561605062,-0.0018452713892480003,-0.4268040331031326,0.7154112238401346,0.0,0.0,586579427673334.0,-5.4367514953755975,0.013901190146343723,0.020779150286045156,129608774854510.6,1318811789393.5703,1.7457844403183412e+16,-4620089536.822856,0.006857850382423493,-0.07890367453290387,0.07172111216322091,0.005648281186987923,5359133679764652.0,2.2946586857802572e+16,2.2947905669591964e+16,2.2816978082948064e+16,1612756.27694644,-4620089536.822856,1.0,399.05846599850327,5.720859874653975e-10,5.720859874653975e-10,0.04353380524757555,495076.9568927697,399.05846599850327
2343.0,21704.835278426264,10824854397.466724,395.12811414712047,5.109854795439934e-05,2.600432425306464,0.23494244770252903,4.831212194858651e+16,0.3843614912666893,0.3843614912666893,265351557195.92264,0.1271576305257209,2145095.881572024,2144975.631483726,2132917.583726411,120.25008829757965,12058.047757315111,1.0053309629847524,5.6058141424174906e-05,5.60581414241749e-05,5.60581414241749e-05,0.005621531349973565,12058.047757315111,-19856919.64297358,-0.0018343821462966352,-0.4171714037746797,0.7139211453850262,0.0,0.0,593261744762813.0,-5.441447932298971,0.013835632034643885,0.020681497389352876,130526611290636.25,1301689697103.817,1.766404834601348e+16,-4515819704.647708,0.006703712500985341,-0.07763445691774873,0.07122379544711366,0.005621531349973565,5424473939621464.0,2.3219048896925576e+16,2.3220350586622684e+16,2.3088522285634944e+16,1631804.7058579642,-4515819704.647708,1.0,398.50376170582484,5.620713352099891e-10,5.620713352099891e-10,0.04350872204146672,501112.877868447,398.50376170582484
2344.0,21881.909218718603,10824858888.445827,394.6858183911336,5.1042819043467946e-05,2.5998318481200937,0.23501029182567598,4.890538369334933e+16,0.38429412050883227,0.38429412050883227,260835737491.27493,0.12560492447371932,2170528.7365537914,2170410.0141407484,2158266.4998097885,118.72241304296111,12143.514330960028,1.005165800627912,5.469746197945296e-05,5.469746197945296e-05,5.469746197945297e-05,0.005595032391042283,12143.514330960028,-19739917.43513462,-0.0018235727263109633,-0.4077423544450233,0.7124341705068934,0.0,0.0,599990699334737.0,-5.446122747602087,0.013770686054764614,0.020584753100577946,131451829042461.95,1285153368085.8345,1.7872401235431184e+16,-4413753449.71004,0.006552769743586553,-0.07637957511729575,0.07072616375284997,0.005595032391042283,5490529068669671.0,2.3494382133143316e+16,2.34956672865114e+16,2.3362930304100856e+16,1651051.6598519098,-4413753449.71004,1.0,397.95305965854647,5.522455571615406e-10,5.522455571615406e-10,0.043483691379946565,507214.83995787863,397.95305965854647
2345.0,22060.159112306897,10824863240.905596,394.2440177290892,5.098760329099723e-05,2.5992347037393606,0.2350782441595877,4.950537439268406e+16,0.384227458776236,0.384227458776236,256421984041.56488,0.12408959264449301,2196228.9897249485,2196111.7426061546,2183882.080360185,117.24711879414029,12229.662245969661,1.0050056303260282,5.3385653018278426e-05,5.338565301827843e-05,5.338565301827843e-05,0.005568779588353988,12229.662245969661,-19623771.43305647,-0.0018128424347109596,-0.39851381883350984,0.7109502927415193,0.0,0.0,606765110986171.0,-5.450776361486088,0.013706340717772547,0.020488900395009946,132384421295087.95,1269184026336.7808,1.8082922303908828e+16,-4313857588.483772,0.006404982402148255,-0.07513907545591428,0.07022833512798685,0.005568779588353988,5557302550254578.0,2.3772609275458496e+16,2.3773878459484828e+16,2.3640224854163404e+16,1670498.915457525,-4313857588.483772,1.0,397.40625985648023,5.426048430718369e-10,5.426048430718369e-10,0.04345870644603522,513383.16490265983,397.40625985648023
2346.0,22239.590585132457,10824867459.118456,393.8027116067923,5.0932895488348905e-05,2.598640898692306,0.23514619388283473,5.011213950367023e+16,0.38416149860695636,0.38416149860695636,252108126453.08112,0.12261063132283971,2222198.7307138746,2222082.908198071,2209766.4175042077,115.82251580366459,12316.490693863609,1.0048503145317853,5.212068308870691e-05,5.212068308870691e-05,5.2120683088706905e-05,0.005542768295648916,12316.490693863609,-19508474.248837482,-0.0018021905877844526,-0.3894825117195759,0.7094695056381514,0.0,0.0,613583787464008.0,-5.455409193510078,0.013642584717091233,0.0203939225165346,133324379322539.47,1253763382356.3218,1.829563084726303e+16,-4216096567.0089593,0.006260307615064363,-0.07391299622593132,0.06973042467648857,0.005542768295648916,5624797737831031.0,2.4053752964416604e+16,2.4055006727798956e+16,2.3920428585094064e+16,1690148.2550579861,-4216096567.0089593,1.0,396.86326288380263,5.331454678622838e-10,5.331454678622838e-10,0.043433760964834534,519618.1624462215,396.86326288380263
2347.0,22420.209274870795,10824871547.225058,393.36189947066845,5.087869048763088e-05,2.5980503395069725,0.2352140301739876,5.072572329113424e+16,0.38409623261758075,0.38409623261758075,247892029886.07214,0.12116705580633752,2248440.0427988633,2248325.595838319,2235921.5971492208,114.44696054447222,12403.998689098347,1.0046997158531101,5.090060591609478e-05,5.090060591609478e-05,5.090060591609478e-05,0.0055169939407612115,12403.998689098347,-19394018.60626646,-0.0017916165121828254,-0.38064492317150045,0.7079918027594725,0.0,0.0,620445522437036.0,-5.460021662598332,0.013579406924943305,0.020299802972428838,134271692481437.61,1238873646864.246,1.8510546227256148e+16,-4120432398.434843,0.006118699283395122,-0.07270136743110599,0.06923254446551728,0.0055169939407612115,5693017851550460.0,2.4337835771288044e+16,2.4339074644934904e+16,2.420356407880661e+16,1710001.4671306934,-4120432398.434843,1.0,396.3239699001834,5.23863789197693e-10,5.23863789197693e-10,0.04340884916162513,525920.1300185274,396.3239699001834
2348.0,22602.020830863225,10824875509.238338,392.921580767763,5.082498320086411e-05,2.5974629327114016,0.2352816422116168,5.134616881357128e+16,0.3840316535024011,0.3840316535024011,243771597487.6373,0.11975790164933939,2274955.0028046095,2274841.8839475554,2262349.698879285,113.11885705400344,12492.185068270726,1.0045536970466777,4.972355801083903e-05,4.972355801083902e-05,4.972355801083902e-05,0.0054914520241701,12492.185068270726,-19280397.335796498,-0.0017811195444549835,-0.37199731266402236,0.7065171776815732,0.0,0.0,627349093366367.0,-5.464614187047381,0.013516796388897023,0.020206525528308372,135226348202396.64,1224497545356.9143,1.8727687874007604e+16,-4026824599.3592525,0.005980107985172119,-0.07150421052460068,0.06873480342992853,0.0054914520241701,5761965974723495.0,2.4624880196933496e+16,2.4626104694478852e+16,2.44896538487311e+16,1730060.3464700098,-4026824599.3592525,1.0,395.78828263215786,5.147562451702913e-10,5.147562451702913e-10,0.0433839657230477,532289.3524092749,395.78828263215786
2349.0,22785.030914047773,10824879349.047476,392.4817549457399,5.0771768599162836e-05,2.5968785848336355,0.23534891917429288,5.197351790693765e+16,0.3839677540325962,0.3839677540325962,239744772888.27805,0.11838222593886047,2301745.680970706,2301633.84431234,2289052.795823214,111.83665836588213,12581.04848912613,1.0044121210116146,4.858775636703602e-05,4.858775636703603e-05,4.858775636703604e-05,0.005466138117587932,12581.04848912613,-19167603.369899217,-0.001770699030616526,-0.3635357030910324,0.7050456239939243,0.0,0.0,634293259467472.0,-5.469187184532923,0.013454742328480318,0.020114074203172017,136188331979306.39,1210618333611.3152,1.8947075288224864e+16,-3935230125.0315714,0.005844480887900406,-0.0703215381413587,0.06823730727443303,0.005466138117587932,5831645050161237.0,2.4914908670365404e+16,2.4916119288699016e+16,2.47787203383861e+16,1750326.6943933272,-3935230125.0315714,1.0,395.2561033647481,5.058193520861837e-10,5.058193520861837e-10,0.04335910576115931,538726.1014298868,395.2561033647481
2350.0,22969.24519688979,10824883070.42168,392.04242145288157,5.071904171192794e-05,2.5962972024017157,0.23541575024058634,5.260781116640512e+16,0.38390452705542283,0.38390452705542283,235809542763.24646,0.11703910860303066,2328814.1407933016,2328703.5419252627,2316032.9544958784,110.5988680390116,12670.58742938415,1.0042748507833825,4.7491496251966484e-05,4.749149625196648e-05,4.749149625196647e-05,0.005441047862583961,12670.58742938415,-19055629.738768782,-0.0017603543257512966,-0.3552558746769083,0.7035771352993487,0.0,0.0,641276759757643.0,-5.473741072116636,0.013393234131899967,0.020022433264600847,137157627356638.25,1197219814243.298,1.9168728043262984e+16,-3845603303.4579105,0.005711761659347404,-0.069153353824814,0.0677401583733891,0.005441047862583961,5902057876398156.0,2.520794354701778e+16,2.5209140766832024e+16,2.507078591966114e+16,1770802.3189313093,-3845603303.4579105,1.0,394.72733493332294,4.970497023471721e-10,4.970497023471721e-10,0.04333426478011049,545230.6355645689,394.72733493332294
2351.0,23154.669363311976,10824886677.013922,391.60357973808823,5.066679762605312e-05,2.5957186919436843,0.23548202458906775,5.324908792616276e+16,0.38384196549341476,0.38384196549341476,231963939459.78854,0.11572765375274212,2356162.438840921,2356053.0347991274,2343292.234613733,109.40404179371815,12760.8001853945,1.0041417495278568,4.64331490860782e-05,4.643314908607821e-05,4.643314908607822e-05,0.005416176969243166,12760.8001853945,-18944469.566347953,-0.00175008479364274,-0.3471533587921804,0.702111705213993,0.0,0.0,648298311183055.0,-5.47827626625287,0.01333226135282728,0.019931587224052527,138134215914913.72,1184286354424.294,1.939266578702105e+16,-3757895768.4701076,0.0055818903766925755,-0.0679996517478687,0.06724345566819334,0.005416176969243166,5973207103799332.0,2.5504007106735292e+16,2.5505191393089716e+16,2.536587289082038e+16,1791489.0350030502,-3757895768.4701076,1.0,394.2018807157009,4.884439624214424e-10,4.884439624214424e-10,0.04330943864523884,551803.1996106826,394.2018807157009
2352.0,23341.309108623827,10824890172.364492,391.1652292508766,5.061503148514373e-05,2.5951429599875833,0.23554763139830762,5.3897386237345816e+16,0.3837800623435906,0.3837800623435906,228206043691.31845,0.11444699105708821,2383792.624545387,2383684.373756123,2370832.6888854885,108.25078926438425,12851.684870634248,1.0040126805355887,4.541116041292761e-05,4.54111604129276e-05,4.541116041292759e-05,0.005391521214859093,12851.684870634248,-18834116.06665053,-0.0017398898064327033,-0.33922343167715246,0.7006493273673007,0.0,0.0,655356606819884.0,-5.4827931827951755,0.01327181370727748,0.019841520832292847,139118077254454.11,1171802904858.733,1.9618908243682544e+16,-3672056391.7977657,0.00545480343411758,-0.0668604164280886,0.06674729456223986,0.005391521214859093,6045095230554465.0,2.5803121551491464e+16,2.580429335439632e+16,2.566400347423701e+16,1812388.664576831,-3672056391.7977657,1.0,393.67964462448816,4.799988708972002e-10,4.799988708972002e-10,0.04328462355440976,558444.0243086576,393.67964462448816
2353.0,23529.170139450554,10824893559.904495,390.7273694413799,5.056373848874796e-05,2.594569913061455,0.23561245984687645,5.45527428441657e+16,0.3837188106766699,0.3837188106766699,224533987299.5207,0.11319627715315247,2411706.7399687166,2411599.6021928387,2398656.3627787814,107.13777587782832,12943.239414057482,1.003887507216257,4.4424047958342586e-05,4.442404795834258e-05,4.4424047958342586e-05,0.0053670764426600286,12943.239414057482,-18724562.54035664,-0.0017297687443054953,-0.33146110807816676,0.6991899954019841,0.0,0.0,662450314144522.0,-5.487292237002723,0.013211881070555376,0.019752219074923638,140109188977532.86,1159755020122.395,1.984747521530688e+16,-3588031214.194155,0.005330433448905729,-0.0657356224370756,0.0662517668134215,0.0053670764426600286,6117724598561092.0,2.6105309002845504e+16,2.6106468757865624e+16,2.5965199813867972e+16,1833503.0368171108,-3588031214.194155,1.0,393.1605310996539,4.717112366138121e-10,4.717112366138121e-10,0.0432598160114428,565153.3259616704,393.1605310996539
2354.0,23718.258173661667,10824896842.959204,390.28999976034663,5.051291389160026e-05,2.5939994576933403,0.23567639911334481,5.5215193158310216e+16,0.3836582036362977,0.3836582036362977,220945956085.32654,0.11197469709067576,2439906.8195468117,2439800.755821945,2426765.294263638,106.06372486651946,13035.461558307261,1.0037660930933043,4.347039977789797e-05,4.347039977789796e-05,4.347039977789797e-05,0.005342838560567517,13035.461558307261,-18615802.37165925,-0.0017197209951952065,-0.32386113480013196,0.6977337029739963,0.0,0.0,669578073368182.0,-5.491773843546583,0.01315245347429106,0.01966366716804191,141107526669036.34,1148128880460.08,2.0078386583278216e+16,-3505763375.6551337,0.00520870916612081,-0.06462523410398847,0.06575696042414879,0.005342838560567517,6191097389199203.0,2.6410591499146452e+16,2.6411739628026916e+16,2.626948397247742e+16,1854833.9882183473,-3505763375.6551337,1.0,392.64444510133615,4.6357793686547805e-10,4.6357793686547805e-10,0.04323501280139963,571931.3060452909,392.64444510133615
2355.0,23908.578940298758,10824900024.751337,389.8531196591403,5.046255300287666e-05,2.5934315004112816,0.2357393383762832,5.58847712316784e+16,0.3835982344382769,0.3835982344382769,217440192709.67142,0.11078146581209694,2468394.889810616,2468289.8623911906,2455161.5135333915,105.02741942557282,13128.348857799294,1.0036483017987623,4.254887249164208e-05,4.254887249164208e-05,4.2548872491642085e-05,0.005318803539986597,13128.348857799294,-18507829.025342174,-0.0017097459545144691,-0.3164179841797423,0.6962804437525043,0.0,0.0,676738495831373.0,-5.496238416515926,0.013093521103540229,0.019575850553992802,142113063875735.75,1136911315139.4521,2.031166230961693e+16,-3425193044.779061,0.005089555361928724,-0.06352920521319085,0.06526295952886516,0.005318803539986597,6265215618999213.0,2.671899099249187e+16,2.6720127903807012e+16,2.657687792861614e+16,1876383.3627261159,-3425193044.779061,1.0,392.1312921028796,4.555959156728865e-10,4.555959156728865e-10,0.04321021096768063,578778.1508072758,392.1312921028796
2356.0,24100.138179502945,10824903108.404205,389.41672858973834,5.041265118546183e-05,2.592865947743321,0.23580116681426214,5.656150972750978e+16,0.38353889636980854,0.38353889636980854,214014999664.89236,0.10961582966843451,2497172.9690854587,2497068.9413804365,2483847.04270375,104.0277050223649,13221.898676686245,1.0035339970682635,4.1658189604888695e-05,4.1658189604888695e-05,4.1658189604888695e-05,0.005294967414626878,13221.898676686245,-18400636.04407121,-0.0016998430249029553,-0.3091258474830611,0.6948302114198609,0.0,0.0,683930162454313.0,-5.5006863694240336,0.01303507429396289,0.019488754897237004,143125772084266.38,1126089827456.7537,2.054732243815913e+16,-3346257347.307472,0.004972892745627228,-0.06244747869601691,0.06476984427903915,0.005294967414626878,6340081135205291.0,2.7030529345448684e+16,2.703165543527614e+16,2.6887403573364416e+16,1898153.0118460516,-3346257347.307472,1.0,391.6209780841032,4.4776218211865424e-10,4.4776218211865424e-10,0.04318540779072322,585694.0308576986,391.6209780841032
2357.0,24292.941642441852,10824906096.944798,388.9808260047318,5.036320385522772e-05,2.5923027062175006,0.23586177360585214,5.724543988996409e+16,0.383480182788741,0.383480182788741,210668742317.5849,0.10847706797144677,2526243.067169163,2526140.0036772955,2512823.895490585,103.06349186754001,13316.108186710759,1.0034230427362354,4.079713991378908e-05,4.079713991378908e-05,4.079713991378908e-05,0.005271326279353692,13316.108186710759,-18294217.045881767,-0.0016900116159940728,-0.3019786282307571,0.6933829996715777,0.0,0.0,691151622239434.0,-5.5051181152142155,0.012977103529075218,0.019402366080325306,144145620697901.8,1115652621489.3545,2.0785387095608764e+16,-3268890293.8821487,0.004858637860444972,-0.06137998631665272,0.06427769072561716,0.005271326279353692,6415695611235843.0,2.7345228327542508e+16,2.7346343980163996e+16,2.720108270684461e+16,1920144.7947410091,-3268890293.8821487,1.0,391.11340952479003,4.4007380874271284e-10,4.4007380874271284e-10,0.04316060076819883,592679.1007495758,391.11340952479003
2358.0,24486.99509123598,10824908993.306728,388.5454113573244,5.031420648032344e-05,2.591741682361862,0.23592104792962376,5.793659151220352e+16,0.38342208712282616,0.38342208712282616,207399852023.70276,0.10736449458248157,2555607.1849894747,2555505.0512319184,2542094.0768669634,102.1337575561717,13410.97436495511,1.0033153027312822,3.9964575994331596e-05,3.9964575994331596e-05,3.9964575994331596e-05,0.005247876289068634,13410.97436495511,-18188565.721847553,-0.0016802511441984342,-0.294969935455307,0.6919388022162971,0.0,0.0,698401390822405.0,-5.509534066265668,0.012919599437564822,0.01931667019996408,145172577012208.56,1105588630690.012,2.10258764924662e+16,-3193022707.0652575,0.004746702983166111,-0.0603266483521387,0.06378657069892187,0.005247876289068634,6492060542042756.0,2.7663109611521164e+16,2.7664215200151856e+16,2.7517937034508956e+16,1942360.5783168199,-3193022707.0652575,1.0,390.60849339840416,4.3252792999411227e-10,4.3252792999411227e-10,0.04313578759658743,599733.4985501436,390.60849339840416
2359.0,24682.304298884508,10824911800.333141,388.1104841013319,5.026565458047631e-05,2.5911827827044474,0.23597887896414751,5.863499290302593e+16,0.3833646028689835,0.3833646028689835,204206829316.6375,0.10627745953840145,2585267.3142412803,2585166.0766913923,2571659.5826998977,101.2375498879071,13506.493991494608,1.003210641071753,3.915941277338204e-05,3.9159412773382046e-05,3.9159412773382046e-05,0.00522461365761878,13506.493991494608,-18083675.833916273,-0.0016705610325027996,-0.2880930768935698,0.6904976127757657,0.0,0.0,705677949068421.0,-5.513934634399099,0.012862552790682713,0.019231653563194784,146206606189658.66,1095887548418.4205,2.126881092383691e+16,-3118582147.659487,0.004636996022641032,-0.05928737326650822,0.06329655168598423,0.00522461365761878,6569177239371014.0,2.7984194769397584e+16,2.7985290656946004e+16,2.7837988163207924e+16,1964802.2372969685,-3118582147.659487,1.0,390.10613716602865,4.251217407359977e-10,4.251217407359977e-10,0.04311096615406251,606857.3454029292,390.10613716602865
2360.0,24878.875049190792,10824914520.77948,387.67604369118163,5.021754372630383e-05,2.590625913773298,0.2360351558879939,5.934067085209435e+16,0.3833077235925727,0.3833077235925727,201088247168.97803,0.10521535071494323,2615225.437004123,2615125.063014248,2601522.399367286,100.37398987507487,13602.663646961924,1.0031089218614926,3.838062618037951e-05,3.838062618037951e-05,3.83806261803795e-05,0.005201534656733858,13602.663646961924,-17979541.212899193,-0.001660940710283274,-0.2813410521181757,0.6890594250848066,0.0,0.0,712979741710798.0,-5.518320230882325,0.012805954499691574,0.0191473026836535,147247671233277.28,1086539860507.2705,2.1514210770123776e+16,-3045492840.365417,0.0045294204172399415,-0.05826205737908427,0.06280769670529915,0.005201534656733858,6647046826920235.0,2.8308505268277284e+16,2.830959180813779e+16,2.816125759704401e+16,1987471.6542865208,-3045492840.365417,1.0,389.60624877052396,4.1785249480075386e-10,4.1785249480075386e-10,0.04308613448450216,614050.7450807652,389.60624877052396
2361.0,25076.713136687107,10824917157.316206,387.24208958191133,5.016986953863633e-05,2.5900709820964565,0.23608976787973351,6.005365059380515e+16,0.3832514429266728,0.3832514429266728,198042754328.6126,0.1041775955278476,2645483.525340334,2645383.983065386,2631684.503355358,99.54227494799161,13699.4797100283,1.003010009285779,3.762725187834454e-05,3.762725187834454e-05,3.762725187834454e-05,0.0051786356149906764,13699.4797100283,-17876155.75660283,-0.0016513896131316742,-0.27470654561145774,0.6876242328912917,0.0,0.0,720305176028893.0,-5.522691266435741,0.012749795613390735,0.01906360427794418,148295732959390.6,1077536879962.8016,2.176209649760518e+16,-2973675598.816536,0.004423875031304157,-0.05725058452696281,0.06232006417899654,0.0051786356149906764,6725670235409409.0,2.863606246597398e+16,2.8637140002853944e+16,2.848776673301459e+16,2010370.7198254995,-2973675598.816536,1.0,389.1087366309029,4.1071750359258083e-10,4.1071750359258083e-10,0.04306129078264931,621313.7835298582,389.1087366309029
2362.0,25275.824366559187,10824919712.53141,386.8086212291691,5.0122627687850195e-05,2.5895178942019643,0.2361426041179368,6.077395576983405e+16,0.38319575457137,0.38319575457137,195069078729.79608,0.10316366267206922,2676043.540874223,2675944.7991918563,2662147.860837048,98.741682367094,13796.938354808333,1.0029137676074433,3.689838407294247e-05,3.689838407294247e-05,3.689838407294247e-05,0.0051559129168042075,13796.938354808333,-17773513.428091537,-0.001641907182694032,-0.2681819197853536,0.6861920299561156,0.0,0.0,727652620562915.0,-5.527048151237676,0.012694067315694335,0.018980545262087922,149350749969545.4,1068870783904.071,2.2012488658901964e+16,-2903047750.0289917,0.0043202540506508975,-0.056252825721719406,0.06183370780242223,0.0051559129168042075,6805048197546320.0,2.896688760641783e+16,2.8967956477201732e+16,2.8817536856448284e+16,2033501.3324319925,-2903047750.0289917,1.0,388.61350963692263,4.037141347349389e-10,4.037141347349389e-10,0.04303643338021179,628646.5284050553,388.61350963692263
2363.0,25476.214554569902,10824922188.933363,386.3756380892119,5.0075813893211416e-05,2.588966556617864,0.23619355378117438,6.150160839039696e+16,0.38314065229305216,0.38314065229305216,192166030979.7671,0.10217306389935533,2706907.4343525465,2706809.4627796942,2692914.427231501,97.97157285206086,13895.03554819351,1.0028200611631752,3.6193174398478925e-05,3.6193174398478925e-05,3.6193174398478925e-05,0.0051333630014446345,13895.03554819351,-17671608.254071254,-0.0016324928665203211,-0.261759207950938,0.6847628100531676,0.0,0.0,735020403863028.0,-5.531391294929612,0.01263876092327676,0.01889811274807185,150412678621657.78,1060534652850.9751,2.226540789333433e+16,-2833523058.305731,0.004218446877185801,-0.05526863880038174,0.061348676411124625,0.0051333630014446345,6885181242902724.0,2.9301001814858708e+16,2.930206234951156e+16,2.9150589136237052e+16,2056865.398635097,-2833523058.305731,1.0,388.12047714388996,3.968398107605349e-10,3.968398107605349e-10,0.04301156073295398,636049.0285964039,388.12047714388996
2364.0,25677.88952698282,10824924588.95297,385.9431396189059,5.002942392222933e-05,2.588416875872197,0.23624250604801664,6.223662879425998e+16,0.38308612992371105,0.38308612992371105,189332507921.46136,0.1012053558344568,2738077.145186626,2737979.913792187,2723986.1467450666,97.23139443881557,13993.767047120496,1.0027287543600107,3.551083087989047e-05,3.551083087989047e-05,3.551083087989047e-05,0.005110982362079748,13993.767047120496,-17570434.323384687,-0.0016231461179245193,-0.25543010724099463,0.683336566969305,0.0,0.0,742406813270682.0,-5.53572110662131,0.012583867883277589,0.018816294040483905,151481473000454.47,1052522512478.9198,2.252087492717125e+16,-2765011648.631937,0.004118338022678133,-0.05429786807071762,0.0608650138452456,0.005110982362079748,6966069692696681.0,2.963842609286838e+16,2.963947861538086e+16,2.948694461986793e+16,2080464.8329979316,-2765011648.631937,1.0,387.62954896767843,3.9009200784165903e-10,3.9009200784165903e-10,0.042986671408580035,643521.313747135,387.62954896767843
2365.0,25880.85512048486,10824926914.946157,385.51112527572474,4.9983453590020286e-05,2.587868758493005,0.23628935009703422,6.2979035607530664e+16,0.3830321813602519,0.3830321813602519,186567496272.82944,0.10026014183021345,2769554.6009762553,2769458.080289679,2755364.9518939,96.52068657622694,14093.128395778836,1.0026397116720043,3.485061697003693e-05,3.485061697003693e-05,3.485061697003693e-05,0.005088767544842104,14093.128395778836,-17469985.785609867,-0.0016138663958542544,-0.24918597148933985,0.6819132945043257,0.0,0.0,749810093729904.0,-5.540037994895885,0.012529379771065052,0.018735076633233816,152557084887258.28,1044829377968.0813,2.277891057377263e+16,-2697419929.6019607,0.004019807001752346,-0.053340343950894306,0.06038275881131564,0.005088767544842104,7047713654482972.0,2.9979181313142864e+16,2.998022614252083e+16,2.9826624228255604e+16,2104301.5581307444,-2697419929.6019607,1.0,387.1406353799553,3.834682545588856e-10,3.834682545588856e-10,0.0429617640754647,651063.3937631556,387.1406353799553
2366.0,26085.117182108846,10824929169.196188,385.0795945177498,4.993789875868116e-05,2.5873221110083304,0.2363339751067976,6.372884570126057e+16,0.38297880056381056,0.38297880056381056,183870076343.22748,0.0993370738617323,2801341.717015695,2801245.8779312195,2787052.763008456,95.83908447551062,14193.114922763638,1.002552797637087,3.421185066190683e-05,3.421185066190683e-05,3.421185066190683e-05,0.005066715147920381,14193.114922763638,-17370256.849753845,-0.0016046531647692698,-0.243017804070755,0.6804929864709423,0.0,0.0,757228446626857.0,-5.544342367814649,0.012475288288057662,0.018654448206358087,153639463729177.8,1037451301088.0125,2.303953573362615e+16,-2630650515.91952,0.003922728224150986,-0.052395882603571496,0.05990194474145573,0.005066715147920381,7130113016752914.0,3.0323288214108244e+16,3.032432566540933e+16,3.0169648750379068e+16,2128377.504694284,-2630650515.91952,1.0,386.6536471036194,3.769661307062568e-10,3.769661307062568e-10,0.04293683749206978,658675.2583141719,386.6536471036194
2367.0,26290.68156915539,10824931353.9159,384.64854680366864,4.989275533667253e-05,2.586776839946215,0.23637627025587735,6.448607414788742e+16,0.382925981559077,0.382925981559077,181239425827.30795,0.09843585445985492,2833440.39578185,2833345.209458123,2819051.4877199456,95.1863237267869,14293.721738177257,1.002467876854104,3.35939036757191e-05,3.359390367571911e-05,3.359390367571911e-05,0.005044821820674273,14293.721738177257,-17271241.783034492,-0.0015955058945280659,-0.23691625070452427,0.6790756366947535,0.0,0.0,764660028655694.0,-5.5486346329220355,0.012421585259601353,0.01857439662290772,154728556607744.25,1030385420174.0844,2.330277139427846e+16,-2564602150.5036044,0.003826970886325683,-0.05146428556449696,0.059422599649990256,0.005044821820674273,7213267443444437.0,3.067076739433065e+16,3.0671797779750824e+16,3.05160388377229e+16,2152694.6113934224,-2564602150.5036044,1.0,386.16849530844087,3.705832661312373e-10,3.705832661312373e-10,0.04291189049704203,666356.8763265229,386.16849530844087
2368.0,26497.554149114138,10824933471.24988,384.21798159277506,4.984801927821124e-05,2.5862328518347,0.2364161247228439,6.525073417654312e+16,0.38287371843362683,0.38287371843362683,178674823676.80435,0.09755623868408672,2865852.526404783,2865757.964159584,2851363.020428899,94.56224519903617,14394.943730684674,1.0023848139800347,3.2996200721348594e-05,3.2996200721348594e-05,3.299620072134859e-05,0.005023084262772398,14394.943730684674,-17172934.90974388,-0.0015864240602821034,-0.230871592225577,0.6776612390142189,0.0,0.0,772102950709188.0,-5.552915197250213,0.012368262632900029,0.018494909925911962,155824308207047.16,1023630013171.5848,2.3568638630161444e+16,-2499169626.243402,0.0037323988624080313,-0.05054533936567865,0.058944745987477155,0.005023084262772398,7297176368363499.0,3.1021639306731996e+16,3.102266293674517e+16,3.0865814998524944e+16,2177254.8249610756,-2499169626.243402,1.0,385.68509160690786,3.6431733960783965e-10,3.6431733960783965e-10,0.04288692199993549,674108.1954678235,385.68509160690786
2369.0,26705.740799584735,10824935523.276567,383.78789834496797,4.980368658267233e-05,2.5856900532018288,0.2364534276862679,6.60228371272523e+16,0.38282200533725946,0.38282200533725946,176175654050.56094,0.09669803613513941,2898579.984120695,2898486.017320453,2883989.241755926,93.96680024184684,14496.775564527357,1.0023034737274044,3.241821883702559e-05,3.241821883702559e-05,3.241821883702559e-05,0.005001499223352856,14496.775564527357,-17075330.61018686,-0.0015774071423769903,-0.22487373732800195,0.6762497872806313,0.0,0.0,779555276792594.0,-5.557184467323714,0.012315312475006723,0.01841597633543246,156926660781419.9,1017184553946.6011,2.383715860231335e+16,-2434243707.453852,0.003638870594616322,-0.04963881515321365,0.05846840049216355,0.005001499223352856,7381838989517825.0,3.137592425261259e+16,3.137694143716654e+16,3.1218997591831176e+16,2202060.1001324165,-2434243707.453852,1.0,385.20334805027977,3.581660777414206e-10,3.581660777414206e-10,0.042861930972510454,681929.1416235095,385.20334805027977
2370.0,26915.247408197356,10824937512.010298,383.35829652075086,4.975975329400009e-05,2.585148350575642,0.23648806832471977,6.68023924040449e+16,0.38277083648134297,0.38277083648134297,173741410343.1071,0.09586111300721602,2931624.629707442,2931531.2296512323,2916932.0179747334,93.40005620992024,14599.211676498679,1.0022237208618632,3.185948680586743e-05,3.185948680586743e-05,3.185948680586743e-05,0.00498006350020551,14599.211676498679,-16978423.319689486,-0.0015684546262601405,-0.21891221528222135,0.6748412753580904,0.0,0.0,787015022959447.0,-5.561442849163986,0.012262726970857729,0.018337584245678995,158035554122709.28,1011049772090.636,2.410835255799465e+16,-2369711051.045792,0.003546238983161546,-0.048744468299862766,0.057993574038877733,0.00498006350020551,7467254263363938.0,3.17336423754813e+16,3.1734653425253388e+16,3.1575606821358588e+16,2227112.399609362,-2369711051.045792,1.0,384.72317712483175,3.5212725390376713e-10,3.5212725390376713e-10,0.04283691644052512,689819.6183653715,384.72317712483175
2371.0,27126.079872532504,10824939439.403275,382.92917558123116,4.971621550012801e-05,2.584607650484182,0.23651993581677014,6.7589407427004344e+16,0.3827202061381664,0.3827202061381664,171371699292.06128,0.09504539418014052,2964988.3089026054,2964895.446700271,2950193.2004273855,92.86220233432927,14702.246272885817,1.0021454201999629,3.131958465249369e-05,3.131958465249369e-05,3.131958465249369e-05,0.004958773938975969,14702.246272885817,-16882207.527671974,-0.0015595660023944307,-0.21297616863287028,0.6734356971234753,0.0,0.0,794480156267872.0,-5.565690748293763,0.01221049842136368,0.018259722222209507,159150925527181.47,1005227716478.7277,2.4382241830197468e+16,-2305454127.48696,0.0034543512756965936,-0.04786203801245967,0.05752027148536908,0.004958773938975969,7553420898968308.0,3.2094813654692956e+16,3.209581888240943e+16,3.1935662729165776e+16,2252413.6940152287,-2305454127.48696,1.0,384.24449174830943,3.461986871971877e-10,3.461986871971877e-10,0.04281187747603221,697779.5064121569,384.24449174830943
2372.0,27338.24410004041,10824941307.34749,382.5005349881195,4.9673069332407745e-05,2.584067859455491,0.2365489193409894,6.8383887583272216e+16,0.3826701086402986,0.3826701086402986,169066245164.5743,0.09425086535141838,2998672.851804165,2998580.498248197,2983774.624921816,92.35355596811478,14805.873326381277,1.0020684366071075,3.079814322277599e-05,3.0798143222775984e-05,3.0798143222775984e-05,0.004937627432390435,14805.873326381277,-16786677.776781633,-0.0015507407661774185,-0.20705434587892357,0.6720330464664193,0.0,0.0,801948593756308.0,-5.569928569741323,0.012158619241551816,0.018182378999204274,160272709762099.1,999721822879.674,2.4658847837047896e+16,-2241351141.5705743,0.003363048956380941,-0.046991246934256735,0.0570484915161112,0.004937627432390435,7640337352083530.0,3.245945789889353e+16,3.246045762071641e+16,3.2299185189131428e+16,2277965.9618394943,-2241351141.5705743,1.0,383.7672052665747,3.403782414463973e-10,3.403782414463973e-10,0.04278681319012834,705808.6630823215,383.7672052665747
2373.0,27551.74600796015,10824943117.676579,382.07237420372917,4.9630310965046455e-05,2.5835288840176105,0.23657490807594816,6.918583617702853e+16,0.38262053837995363,0.38262053837995363,166824894023.00372,0.09347757520828384,3032680.072253801,3032588.197684563,3017678.1111115953,91.874569237956,14910.086572967986,1.0019926349956894,3.0294843850666198e-05,3.0294843850666194e-05,3.02948438506662e-05,0.004916620919501075,14910.086572967986,-16691828.66208115,-0.001541978417865702,-0.20113509414128863,0.6706333172892821,0.0,0.0,809418201437694.0,-5.574156718044732,0.012107081958752541,0.01810554347680493,161400839032011.78,994536985961.9121,2.4938192081100172e+16,-2177275953.047973,0.0032721676346113664,-0.04613180074231006,0.056578226483584446,0.004916620919501075,7728001819140547.0,3.2827594739272732e+16,3.2828589276258692e+16,3.266619390024072e+16,2303771.189372569,-2177275953.047973,1.0,383.29123145044946,3.3466382421706697e-10,3.3466382421706697e-10,0.04276172272607348,713906.9217390266,383.29123145044946
2374.0,27766.59152323804,10824944872.16762,381.64469269097515,4.9587936614552997e-05,2.582990630698583,0.23659779120021696,6.999525437846622e+16,0.38257148980836325,0.38257148980836325,164647618069.95575,0.09272563763976976,3067011.7672027317,3066920.3413665933,3051905.461857812,91.42583613848457,15014.879508781267,1.0019178803234052,2.9809418117058448e-05,2.9809418117058444e-05,2.980941811705845e-05,0.004895751384951448,15014.879508781267,-16597654.830288524,-0.0015332784625040736,-0.1952063518215306,0.6692365035071238,0.0,0.0,816886793310908.0,-5.5783755972558575,0.012055879210837395,0.018029204718529535,162535242944796.44,989679636090.9257,2.522029614852054e+16,-2113097997.165026,0.0031815369334822156,-0.045283387740014884,0.056109462247056575,0.004895751384951448,7816412231157530.0,3.3199243622622868e+16,3.320023330225896e+16,3.303670837967807e+16,2329831.3706303756,-2113097997.165026,1.0,382.81648449275343,3.290533858599963e-10,3.290533858599963e-10,0.0427366052528122,722074.0912274363,382.81648449275343
2375.0,27982.78658244563,10824946572.542885,381.21748991337364,4.954594253919218e-05,2.5824530060264492,0.2366174578923663,7.081214117177714e+16,0.3825229574351558,0.3825229574351558,162534520072.7907,0.09199523398881151,3101669.7160600917,3101578.7079599802,3086458.462573029,91.0081001113832,15120.245386951186,1.0018440375917563,2.934164770676698e-05,2.934164770676698e-05,2.9341647706766987e-05,0.0048750158582615225,15120.245386951186,-16504150.97906481,-0.0015246404098591152,-0.1892556412562361,0.6678425990476784,0.0,0.0,824352130388721.0,-5.582585610944365,0.012005003744504195,0.01795335194875547,163675848477484.62,985157821374.3573,2.5505181708159456e+16,-2048682205.1510987,0.0030909803780353774,-0.0444456784449075,0.0556421780088824,0.0048750158582615225,7905566247566435.0,3.3574423804203376e+16,3.357540896202475e+16,3.3410747955725892e+16,2356148.507268618,-2048682205.1510987,1.0,382.34287900553426,3.2354491857991514e-10,3.2354491857991514e-10,0.04271145995881964,730309.9553044114,382.34287900553426
2376.0,28200.337131697306,10824948220.471516,380.7907653350415,4.9504325038447484e-05,2.5819159165292525,0.23663379733096668,7.163649330216586e+16,0.3824749358277414,0.3824749358277414,160485837867.63962,0.09128661534437137,3136655.680023759,3136565.057761601,3121338.8805471724,90.62226215779279,15226.177214428742,1.001770971844731,2.889136437095523e-05,2.889136437095523e-05,2.889136437095523e-05,0.004854411413131934,15226.177214428742,-16411311.856346326,-0.0015160637743569252,-0.18327006137136267,0.6664515978513273,0.0,0.0,831811919741384.0,-5.5867871622015315,0.01195444841360549,0.017877974550267073,164822579941914.34,980981295480.1022,2.5792870510509696e+16,-1983888924.7076378,0.0030003152833639607,-0.04361832517185646,0.05517634614834535,0.004854411413131934,7995461249957971.0,3.395315434040958e+16,3.3954135321705064e+16,3.3788331760467668e+16,2382724.6084865066,-1983888924.7076378,1.0,381.8703300174903,3.181364555279909e-10,3.181364555279909e-10,0.0426862860462589,738614.272060666,381.8703300174903
2377.0,28419.24912656727,10824949817.57118,380.3645184206953,4.9463080452491664e-05,2.581379268735033,0.23664669869458865,7.246830522190723e+16,0.38242741961070403,0.38242741961070403,158501948942.93198,0.0906001048735449,3171971.401393525,3171881.132003985,3156548.4642551863,90.26938953984585,15332.667748798542,1.0016985481676641,2.845845000373846e-05,2.845845000373846e-05,2.845845000373846e-05,0.004833935166766924,15332.667748798542,-16319132.259718372,-0.0015075480750246964,-0.17723628034034827,0.6650634938710734,0.0,0.0,839263813555087.0,-5.590980653643964,0.011904206177523635,0.017803062061870434,165975358950236.28,977161611831.6161,2.6083384386547956e+16,-1918573840.5372477,0.0029093526426347124,-0.04280096161177193,0.05471193205306634,0.004833935166766924,8086094335745811.0,3.4335454081244004e+16,3.4336431242855836e+16,3.416947872229377e+16,2409561.6909197224,-1918573840.5372477,1.0,381.398752971579,3.1282606991717835e-10,3.1282606991717835e-10,0.04266108272541991,746986.7733354636,381.398752971579
2378.0,28639.5285320061,10824951365.409647,379.9387486356508,4.942220516166547e-05,2.580842969171835,0.23665605116180274,7.330756903546232e+16,0.38238040346519986,0.38238040346519986,156583375102.3947,0.08993610019358603,3207618.602866504,3207528.6521413685,3192088.9426462865,89.95072513543889,15439.709495081977,1.00162663168629,2.8042836843212582e-05,2.804283684321259e-05,2.804283684321259e-05,0.004813584279215813,15439.709495081977,-16227607.03582745,-0.0014990928354358802,-0.1711405282522088,0.663678281072514,0.0,0.0,846705408204581.0,-5.595166487417129,0.011854270099592723,0.01772860417607769,167134104380315.94,973712224874.457,2.637674524645714e+16,-1852587894.980676,0.0028178970150909135,-0.04199320240596681,0.054248893948007,0.004813584279215813,8177462311750813.0,3.472134166258827e+16,3.4722315374813144e+16,3.4554207558207956e+16,2436661.778522362,-1852587894.980676,1.0,380.92806372282047,3.07611874159591e-10,3.07611874159591e-10,0.042635849209415655,755427.1641239244,380.92806372282047
2379.0,28861.181322257016,10824952865.506329,379.51345544582256,4.938169558596404e-05,2.580306924367698,0.2366617439111795,7.41542744436669e+16,0.3823338821283617,0.3823338821283617,154730787207.41403,0.08929507578376156,3243598.986814657,3243509.3191171377,3227962.024414605,89.66769751975141,15547.294702532708,1.0015550875659578,2.7644507808842507e-05,2.7644507808842507e-05,2.76445078088425e-05,0.0047933559527322655,15547.294702532708,-16136731.079829557,-0.0014906975836586956,-0.1649685897911744,0.6622959534338153,0.0,0.0,854134243339399.0,-5.599345065198862,0.01180463334555637,0.01765459073684328,168298732341052.8,970648599209.7877,2.6672975078226396e+16,-1785777208.7785115,0.002725746414112334,-0.04119464271631315,0.05378718272209772,0.0047933559527322655,8269561687706089.0,3.511083549827354e+16,3.5111806146872748e+16,3.494253676593249e+16,2464026.902437583,-1785777208.7785115,1.0,380.4581785362758,3.024920190251264e-10,3.024920190251264e-10,0.04261058470910273,763935.1219770218,380.4581785362758
2380.0,29084.21348077144,10824954319.333776,379.08863831772254,4.9341548184531074e-05,2.579771040850666,0.23666366612128942,7.500840868700629e+16,0.38228785039271,0.38228785039271,152945009998.63553,0.08867758543691748,3279914.2345442413,3279824.8126123836,3264169.3972509545,89.42193185761572,15655.415361428903,1.0014837810110504,2.726349698898188e-05,2.7263496988981876e-05,2.7263496988981876e-05,0.004773247431151467,15655.415361428903,-16046499.334872168,-0.0014823618522077746,-0.15870579693690046,0.6609165049456857,0.0,0.0,861547800982994.0,-5.60351678820256,0.011755289182076134,0.01758101173737492,169469156137664.16,967988327505.268,2.6972095946125224e+16,-1717983002.05541,0.0026326921953852295,-0.040404857791336776,0.05332674175252137,0.004773247431151467,8362388669683623.0,3.5503953771946516e+16,3.5504921760274024e+16,3.533448461580885e+16,2491659.100856624,-1717983002.05541,1.0,379.98901408522335,2.9746469282062647e-10,2.9746469282062647e-10,0.0428097749596148,772510.2963943304,379.98901408522335
2381.0,29308.631000124125,10824955728.319117,378.66429671846004,4.930175945516045e-05,2.579259765387443,0.2365518028493292,7.586995648798928e+16,0.38224230310556995,0.38224230310556995,151227026996.5801,0.08808426475061774,3316566.005537008,3316476.790275305,3300711.279517546,89.21526170278194,15765.510757759239,1.001447944018323,2.6899890294309535e-05,2.6899890294309542e-05,2.689989029430955e-05,0.004753692473888992,15765.510757759239,-15955760.494370123,-0.001473979284056408,-0.15615108982146048,0.6595399296113501,0.0,0.0,865012916080886.0,-5.607589824506604,0.011707301222779964,0.017509453264735853,170660955987082.53,965751258223.0186,2.7278044907861164e+16,-1690328634.2460914,0.00253851894527325,-0.03962340252840894,0.052867506726688475,0.004753692473888992,8452008564879814.0,3.590071442872806e+16,3.5901680179986284e+16,3.573005347274098e+16,2519922.0756625542,-1690328634.2460914,1.0,379.541933235414,2.9246512589025926e-10,2.9246512589025926e-10,0.043205716039293574,780789.2038549916,379.541933235414
2382.0,29534.439881928058,10824957093.845465,378.24043011574105,4.926232593380531e-05,2.578794437909908,0.23621793630620994,7.673496940407016e+16,0.3821972351684946,0.3821972351684946,149536698362.334,0.08751583365768101,3353504.404718835,3353415.356345392,3337536.724123207,89.04837344292352,15878.632222185171,1.0014783283390611,2.6553826295149763e-05,2.655382629514976e-05,2.6553826295149753e-05,0.004735062774773588,15878.632222185171,-15863530.594305541,-0.0014654589812023145,-0.16073903117319058,0.6581662214465238,0.0,0.0,860748086953378.0,-5.611484025005312,0.011661581026090606,0.0174412748081767,171885512514106.56,963944821796.375,2.759444681040687e+16,-1739993115.7560766,0.0024689739671139746,-0.03885819231728931,0.05241155652082444,0.004735062774773588,8534245027360394.0,3.630057735028137e+16,3.630154129510317e+16,3.612869183776726e+16,2549150.686804635,-1739993115.7560766,1.0,379.1354884935942,2.8744051169165667e-10,2.8744051169165667e-10,0.04354996703001901,788386.0373185723,379.1354884935942
2383.0,29761.646136748583,10824958417.253271,377.8170379778673,4.922324419409448e-05,2.5783703046938617,0.2356646514010738,7.759571749102354e+16,0.3821526415366942,0.3821526415366942,147796705246.57794,0.08696172290567374,3390630.0257547665,3390541.1280565257,3374547.0508613684,88.89769824075027,15994.077195157426,1.0015680880909068,2.621863711625726e-05,2.6218637116257265e-05,2.6218637116257272e-05,0.004717263879446083,15994.077195157426,-15770102.795094885,-0.0014568280253123038,-0.17189063223305923,0.656795374479386,0.0,0.0,849100425381322.0,-5.615217318213643,0.011617897173022862,0.01737613149627959,173135220559917.97,962313886845.651,2.7920659328155296e+16,-1860708946.238241,0.0024617009590512874,-0.038124468477346136,0.05196288564557965,0.004717263879446083,8608672174483677.0,3.670246672319889e+16,3.6703429037085736e+16,3.652933150263898e+16,2579285.596483602,-1860708946.238241,1.0,378.7654044480747,2.8240909148629445e-10,2.8240909148629445e-10,0.043846230288135946,795261.454377766,378.7654044480747
2384.0,29990.2557840172,10824959699.841644,377.3941197737355,4.918451084685589e-05,2.5779826120151066,0.23489453304306301,7.844481791640486e+16,0.3821085172184717,0.3821085172184717,145935996300.3397,0.08639495074512583,3427848.0415267344,3427759.3357045543,3411648.170897376,88.70582217997564,16111.164807178875,1.001710386355308,2.5877991411914173e-05,2.5877991411914176e-05,2.587799141191417e-05,0.004700203027488021,16111.164807178875,-15675745.525642874,-0.0014481112133722023,-0.1890034460542167,0.6554273827505545,0.0,0.0,830397393629172.0,-5.618807637787542,0.011576022354058857,0.017313684545393282,174402709755218.3,960236950239.5554,2.8256074774732896e+16,-2045954686.66809,0.00253360363810873,-0.03743577369476547,0.05152512097059017,0.004700203027488021,8674879185269658.0,3.710535666975777e+16,3.710631690670801e+16,3.693095396000255e+16,2610270.6668872167,-2045954686.66809,1.0,378.42743319550556,2.7738705696392646e-10,2.7738705696392646e-10,0.04409784531940075,801377.5040101592,378.42743319550556
2385.0,30220.27485194507,10824960942.869621,376.971674972837,4.9146122539647225e-05,2.577626606149442,0.23391016614131965,7.927521531003403e+16,0.3820648572746637,0.3820648572746637,143890041613.6716,0.08578133398695022,3465067.806472697,3464979.4066954693,3448750.174148149,88.39977722765525,16229.232547320058,1.0018983913533115,2.551170198243328e-05,2.5511701982433286e-05,2.5511701982433283e-05,0.004683789033770271,16229.232547320058,-15580704.7432157,-0.0014393312664540076,-0.21144956347009358,0.654062240313059,0.0,0.0,804949847974605.0,-5.622272918366698,0.011535733086660338,0.017253600842333405,175680808457488.1,956924135847.7434,2.860011455789051e+16,-2288933265.950594,0.002689940801302419,-0.036803947987214605,0.05110151227736601,0.004683789033770271,8732471378978009.0,3.750826674532601e+16,3.750922366946186e+16,3.733258593686852e+16,2642052.44793325,-2288933265.950594,1.0,378.117350547911,2.723887360532073e-10,2.723887360532073e-10,0.044307802467117297,806697.7262148986,378.117350547911
2386.0,30451.70937743581,10824962147.557404,376.5497030452569,4.910807595629343e-05,2.577297533372672,0.23271413560498597,8.008016515800864e+16,0.3820216568180876,0.3820216568180876,141601108347.721,0.08508464056088128,3502202.457882385,3502114.556151442,3485766.9229330616,87.90173094233737,16347.633218380755,1.0021252730899413,2.509898613785092e-05,2.509898613785092e-05,2.5098986137850912e-05,0.004667932175338537,16347.633218380755,-15485206.09856107,-0.0014305090297295152,-0.2385741735471874,0.6526999412323163,0.0,0.0,773054612711453.0,-5.625631093283969,0.011496809443779066,0.017195552542966674,176962510791123.7,951532910155.5774,2.895222386744572e+16,-2582556398.0330944,0.0029293492582928753,-0.03623912037762315,0.05069492177916614,0.004667932175338537,8781071128512318.0,3.791025750674916e+16,3.791120903965932e+16,3.773329499595804e+16,2674579.6865422423,-2582556398.0330944,1.0,377.8309527168149,2.674267715088009e-10,2.674267715088009e-10,0.04447875865759232,811187.2363908192,377.8309527168149
2387.0,30684.56540599792,10824963315.08756,376.1282034616738,4.907036781643091e-05,2.5769906399605946,0.23130902634320413,8.08532197707201e+16,0.3819789110129947,0.3819789110129947,139018551949.68793,0.08426950056882282,3539168.5205236007,3539081.38486378,3522615.6526854755,87.13565982105405,16465.73217830396,1.002384200465831,2.4620376033453983e-05,2.4620376033453983e-05,2.4620376033453983e-05,0.004652544089188197,16465.73217830396,-15389456.992263174,-0.0014216636624360414,-0.269694637346673,0.6513404795861035,0.0,0.0,734996656995270.0,-5.6289000932576325,0.011459034807515533,0.01713921670781582,178240946786197.16,943240320998.8593,2.9311866579406216e+16,-2919434555.553579,0.003246615582368822,-0.0357496976375393,0.050307812936847496,0.004652544089188197,8820318634067280.0,3.83104261602597e+16,3.8311369400580696e+16,3.8132185213473496e+16,2707802.8558814675,-2919434555.553579,1.0,377.56405346880746,2.6251229027140253e-10,2.6251229027140253e-10,0.04461305464919407,814812.7968040078,377.56405346880746
2388.0,30918.848991656956,10824964446.606186,375.7071756933584,4.9032994875058584e-05,2.5767011721890127,0.22969742326511622,8.158821642771536e+16,0.3819366150745289,0.3819366150745289,136099117394.13435,0.08330308030173869,3575885.5176575575,3575799.4857466714,3559216.5808828017,86.0319108861263,16582.904863869833,1.0026683388554727,2.4058910851956718e-05,2.4058910851956724e-05,2.4058910851956724e-05,0.004637537683522295,16582.904863869833,-15293648.512130592,-0.0014128128168518295,-0.30410003056792717,0.649983849464533,0.0,0.0,691050939430935.0,-5.6320978455991,0.011422195654801626,0.01708427498496934,179509355572843.75,931292376615.9088,2.967852036362509e+16,-3291872019.109666,0.0036342047181829196,-0.03534235131000789,0.049942238867428025,0.004637537683522295,8849872582202471.0,3.87079023014004e+16,3.8708833593777016e+16,3.852839294582756e+16,2741673.703411545,-3291872019.109666,1.0,377.31248174790795,2.576550622715022e-10,2.576550622715022e-10,0.04471273313137769,817542.8774712567,377.31248174790795
2389.0,31154.566196866883,10824965543.224024,375.28661921217343,4.899595392209549e-05,2.576424376333728,0.22788191127986446,8.227926736714629e+16,0.3818947642681909,0.3818947642681909,132807245375.02469,0.08215607390317076,3612275.590437853,3612191.0598144443,3595492.525224203,84.53062340890067,16698.534590241794,1.0029708481518493,2.340093420132835e-05,2.3400934201328345e-05,2.340093420132834e-05,0.004622827063610413,16698.534590241794,-15197957.245883869,-0.00140397280575153,-0.3410511170694805,0.648630044970026,0.0,0.0,641483977238964.0,-5.635242273697327,0.011386081378166657,0.01703041334488875,180761061561701.9,915041085748.5958,3.0051671982517936e+16,-3691866590.755189,0.004083103365823194,-0.03502200409044637,0.049599830613994624,0.004622827063610413,8869410713953592.0,3.910184375803323e+16,3.910275879911898e+16,3.892108269647153e+16,2776144.816583645,-3691866590.755189,1.0,377.0720797608358,2.528636479449493e-10,2.528636479449493e-10,0.04477955704625236,819347.7086405576,377.0720797608358
2390.0,31391.723092421435,10824966606.017557,374.8665334905729,4.89592417819447e-05,2.5761554986705404,0.22586507529659106,8.292075134438525e+16,0.3818533539093084,0.3818533539093084,129115378784.2695,0.0808033184297709,3648263.1268255985,3648180.5423550378,3631368.5317367148,82.58447056089268,16812.01061832309,1.003284881277717,2.263665412553466e-05,2.263665412553466e-05,2.2636654125534664e-05,0.004608327472595505,16812.01061832309,-15102546.967659662,-0.0013951587582047794,-0.37978072131313567,0.6472790602172878,0.0,0.0,586555188994965.0,-5.638351296663897,0.011350484142579442,0.01697732186862233,181989453523360.03,893974135997.3033,3.0430812766759452e+16,-4111113625.823954,0.004583286841937796,-0.034791816530315225,0.04928178552138908,0.004608327472595505,8878630323433490.0,3.94914325437163e+16,3.94923265178523e+16,3.930944309019294e+16,2811169.2048863303,-4111113625.823954,1.0,376.83870152199665,2.481455342199831e-10,2.481455342199831e-10,0.04481502758669498,820199.3268503844,376.83870152199665
2391.0,31630.32575736451,10824967636.030067,374.4469180016011,4.892285531306381e-05,2.5758897854752525,0.22364950022443808,8.350730653338021e+16,0.3818123793625117,0.3818123793625117,125004265158.44554,0.07922420033238242,3683774.4004531223,3683694.239551074,3666771.5130702024,80.16090204858173,16922.726480871243,1.0036035831641028,2.176053507476505e-05,2.1760535074765042e-05,2.1760535074765042e-05,0.004593955247201405,16922.726480871243,-15007570.200486213,-0.001386384763916954,-0.419494473376701,0.6459308893332814,0.0,0.0,526518052719089.0,-5.641442829087604,0.011315198778335422,0.016924694589400824,183187966468820.2,867739170350.8735,3.081543425164483e+16,-4541014097.796265,0.005123980149735104,-0.03465317493117385,0.04898885594156834,0.004593955247201405,8877248706057110.0,3.987587092417077e+16,3.987673866334111e+16,3.9692682957701944e+16,2846699.896734845,-4541014097.796265,1.0,376.6082118555026,2.435072591180771e-10,2.435072591180771e-10,0.04482040142298693,820071.6163353574,376.6082118555026
2392.0,31870.380278900797,10824968634.272654,374.0277722188923,4.8886791407541544e-05,2.5756224830236647,0.22123777097254782,8.40338245860993e+16,0.38177183604121473,0.38177183604121473,120463251060.64928,0.07740294521761787,3718737.2192996945,3718659.9753798814,3701629.896822135,77.24391981297273,17030.078557746347,1.0039200901968024,2.077154562362951e-05,2.0771545623629504e-05,2.0771545623629507e-05,0.004579627788100371,17030.078557746347,-14913169.659799734,-0.0013776640065804471,-0.4593719053300492,0.6445855264572027,0.0,0.0,461621114667210.0,-5.644534780881558,0.01128002270943862,0.01687222938682076,184350066226803.47,836163009163.7018,3.1205023955508388e+16,-4972686466.663849,0.00569380762468532,-0.034605681214532114,0.048721338475368234,0.004579627788100371,8865003573277139.0,4.025437759501234e+16,4.0255213758021496e+16,4.007002752878553e+16,2882689.5494838636,-4972686466.663849,1.0,376.3764858519056,2.3895452539447497e-10,2.3895452539447497e-10,0.04479670680356307,818940.3473382713,376.3764858519056
2393.0,32111.89275230517,10824969601.725233,373.60909561667006,4.885104699068053e-05,2.575348837591579,0.21863247245006232,8.449544570076651e+16,0.38173171940710177,0.38173171940710177,115490564593.98543,0.07532884066047446,3753080.5835773456,3753006.7482341123,3735873.283343711,73.83534323349025,17133.46489040139,1.0042275301318635,1.9673263493615733e-05,1.9673263493615737e-05,1.967326349361574e-05,0.004565263544613431,17133.46489040139,-14819479.585299382,-0.0013690088869106405,-0.49856788248490025,0.6432429657404545,0.0,0.0,392108878573994.0,-5.647645057221843,0.011244755916695826,0.01681962793246805,185469236610821.6,799265346035.4808,3.1599061279442464e+16,-5396982172.295564,0.006280883269117675,-0.0346471454843409,0.048479063943313236,0.004565263544613431,8841653448650647.0,4.062618396470393e+16,4.062698323004997e+16,4.044071472809311e+16,2919090.070646143,-5396982172.295564,1.0,376.1394087775874,2.344923038440039e-10,2.344923038440039e-10,0.0447447582567011,816783.2126975678,376.1394087775874
2394.0,32354.869280832463,10824970539.337496,373.1908876697463,4.8815619020586166e-05,2.575064095454796,0.21583618956612383,8.488755457934051e+16,0.38169202496961924,0.38169202496961924,110093582421.68987,0.07299641860215969,3786734.351841493,3786664.3963540443,3769432.112128394,69.95548744867658,17232.28422565009,1.0045190224810447,1.847383020534756e-05,1.847383020534756e-05,1.8473830205347557e-05,0.004550782013384139,17232.28422565009,-14726626.97007347,-0.0013604311361917814,-0.5362143573175834,0.6419032013466208,0.0,0.0,318222600289676.0,-5.650791558583741,0.011209200934657382,0.016766595685710373,186538969068152.5,757266090696.918,3.199701350559885e+16,-5804504620.732629,0.006872870522194988,-0.03477358194267799,0.04826138826683277,0.004550782013384139,8806978058223727.0,4.099053053289074e+16,4.099128779898143e+16,4.080399156382258e+16,2955852.248218416,-5804504620.732629,1.0,375.8928764348184,2.301249270298004e-10,2.301249270298004e-10,0.04466516968450884,813579.8639099787,375.8928764348184
2395.0,32599.315975626076,10824971448.029842,372.77314785352104,4.8780504487761384e-05,2.574763502889117,0.2128515072298745,8.520577717963019e+16,0.38165274828547335,0.38165274828547335,104289077800.95723,0.07040561105638694,3819628.9140186417,3819563.2708467445,3802237.3355679596,65.64317189716675,17325.93527878505,1.0047876793682635,1.7185745886529958e-05,1.7185745886529955e-05,1.7185745886529955e-05,0.004536103750663654,17325.93527878505,-14634732.697091142,-0.0013519419212652687,-0.5714224377865896,0.6405662274514426,0.0,0.0,240201008669931.0,-5.653992180883022,0.011173162881528809,0.016712841938373968,187552754703261.16,710585461544.9451,3.2398331869523276e+16,-6185631573.803442,0.00745702730115032,-0.03497920877389852,0.04806718443249749,0.004536103750663654,8760778726632951.0,4.134666335085949e+16,4.134737393632103e+16,4.115911059615622e+16,2992925.3878466175,-6185631573.803442,1.0,375.63279597048273,2.2585617427240793e-10,2.2585617427240793e-10,0.04455836568939997,809311.9477213423,375.63279597048273
2396.0,32845.23895562679,10824972328.69428,372.3558756439813,4.874570041470728e-05,2.574442306170343,0.20968101035045647,8.544597818830013e+16,0.3816138849581324,0.3816138849581324,98103446227.1538,0.06756188579639746,3851694.8697659406,3851633.914778926,3834220.09857273,60.95498701484953,17413.816206196232,1.0050266068578826,1.5825497365671033e-05,1.582549736567103e-05,1.5825497365671033e-05,0.004521150397855436,17413.816206196232,-14543912.593954185,-0.0013435519419668102,-0.6032847653457858,0.6392320382427915,0.0,0.0,158280970151780.0,-5.657264815727486,0.01113644952120052,0.01665807990705137,188504078569042.22,659836047731.6653,3.2802447680191468e+16,-6530540891.190953,0.008020245026869061,-0.03525645257711772,0.047894835705443894,0.004521150397855436,8702878788981794.0,4.1693830547742296e+16,4.1694490383790024e+16,4.150532646917326e+16,3030256.954397973,-6530540891.190953,1.0,375.3550871312651,2.2168934877756244e-10,2.2168934877756244e-10,0.04442459100619578,803963.1441747568,375.3550871312651
2397.0,33092.644347480695,10824973182.195307,371.9390705177008,4.87112038555295e-05,2.574095751574277,0.20632728383701193,8.56042591584519e+16,0.3815754306373349,0.3815754306373349,91572905335.96284,0.06447636482144264,3882862.71032802,3882806.746557812,3865311.422280112,55.96377020762154,17495.32427770009,1.0052289067555087,1.4413018018577786e-05,1.4413018018577786e-05,1.4413018018577789e-05,0.004505844719985112,17495.32427770009,-14454278.417351713,-0.0013352715220695246,-0.6308782012595936,0.6379006279206444,0.0,0.0,72698111600974.0,-5.660627350780508,0.011098871356601259,0.01660202687187451,189386416119913.94,605806311672.0438,3.3208768459569244e+16,-6829239609.8667145,0.008549086426870803,-0.03559595790034787,0.04774223025379588,0.004505844719985112,8633124027446165.0,4.203127890313533e+16,4.2031884709447e+16,4.184189248701541e+16,3067792.215336879,-6829239609.8667145,1.0,375.0556839627961,2.1762734779429354e-10,2.1762734779429354e-10,0.04426391793260409,797519.2069432329,375.0556839627961
2398.0,33341.538285446935,10824974009.370758,371.5227319518391,4.867701189555027e-05,2.5737190853767182,0.20279291259868307,8.567695727005288e+16,0.38153738101860246,0.38153738101860246,84743665726.09613,0.06116592627647049,3913062.5018224646,3913011.7455476345,3895441.889808848,50.756274830018505,17569.855738786286,1.005387678881656,1.2970984952675643e-05,1.2970984952675645e-05,1.2970984952675645e-05,0.004490110656779372,17569.855738786286,-14365938.779047037,-0.00132711069482578,-0.653266822897978,0.6365719906970592,0.0,0.0,-16312586316383.0,-5.664097670232497,0.011060241753616196,0.016544404360643084,190193231720755.2,549435355847.4295,3.3616674071505984e+16,-7071596379.054822,0.009029824760454743,-0.035986602411071156,0.04760675734344034,0.004490110656779372,8551383140688905.0,4.235825044391565e+16,4.2358799879271496e+16,4.216805721219489e+16,3105473.883115594,-7071596379.054822,1.0,374.7305369497927,2.1367272668993437e-10,2.1367272668993437e-10,0.044076251657686916,789968.0066932545,374.7305369497927
2399.0,33591.92691130491,10824974811.032618,371.1068594241411,4.8643121650925974e-05,2.5733075538534687,0.19908048154461203,8.56606446837365e+16,0.381499731842758,0.381499731842758,77672069347.0413,0.057653289331908705,3942223.5676526483,3942178.137596616,3924541.331743733,45.43005603216754,17636.805852882924,1.00549602381825,1.1523967439324692e-05,1.1523967439324693e-05,1.1523967439324692e-05,0.004473873386055395,17636.805852882924,-14279000.02553397,-0.0013190792842290102,-0.6695052345949348,0.6352461207961487,0.0,0.0,-108516214864134.0,-5.667693655370657,0.011020377094878797,0.01648493837729803,190917979104530.28,491779212212.01404,3.40255128074728e+16,-7247377300.344653,0.009448485942025811,-0.03641551822675855,0.047485305261820994,0.004473873386055395,8457548253509515.0,4.267397904008685e+16,4.267447081929906e+16,4.248306106098231e+16,3143241.753578458,-7247377300.344653,1.0,374.37561559365054,2.0982775781286832e-10,2.0982775781286832e-10,0.04386133338388043,781299.5781652754,374.37561559365054
2400.0,33843.8163742613,10824975587.967836,370.6914524129362,4.8609530268270233e-05,2.5728564032803294,0.19519257558394096,8.555212846887237e+16,0.38146247889544893,0.38146247889544893,70424692046.69666,0.05396708088480523,3970274.167503672,3970234.077860148,3952538.5087466487,40.08964352394918,17695.569113499874,1.005547046127457,1.0097449655260392e-05,1.009744965526039e-05,1.0097449655260388e-05,0.004457059399136819,17695.569113499874,-14193567.083798816,-0.001311186983144353,-0.678642200449761,0.6339230124540561,0.0,0.0,-203677373167039.0,-5.671433185230056,0.010979096962776436,0.016423359673778393,191554103668833.78,433969412477.0827,3.443459739396507e+16,-7346285252.833438,0.00979089441118677,-0.03686811992427373,0.04737426113036651,0.004457059399136819,8351535473720198.0,4.29776869713541e+16,4.297812094076658e+16,4.278613286768527e+16,3181032.337129681,-7346285252.833438,1.0,373.9869114232242,2.060944849934196e-10,2.060944849934196e-10,0.04361874112342501,771506.1716169675,373.9869114232242
2401.0,34097.212830856224,10824976340.939083,370.2765103971378,4.857623492428235e-05,2.572360879933102,0.19113177962581204,8.534845109570533e+16,0.3814256180066756,0.3814256180066756,63078406793.86322,0.050141882576796803,3997141.17011115,3997106.3279889557,3979360.7883732533,34.842122194171324,17745.53961570251,1.0055338580417517,8.71676048239308e-06,8.716760482393081e-06,8.716760482393083e-06,0.0044395965880223995,17745.53961570251,-14109744.285978267,-0.0013034434294896782,-0.679724609205019,0.6326026599189297,0.0,0.0,-301559606548839.0,-5.675334137302399,0.010936224351055013,0.01635940406436931,192095046497176.9,377165148420.0131,3.484320088317947e+16,-7358002812.998395,0.010042723269763059,-0.03732813974880105,0.04726951276768879,0.0044395965880223995,8233285503021694.0,4.326858143269834e+16,4.326895859784676e+16,4.307648638620117e+16,3218778.4791182987,-7358002812.998395,1.0,373.560441433681,2.0247477451324867e-10,2.0247477451324867e-10,0.04334788802556244,760582.3092549543,373.560441433681
2402.0,34352.12244486953,10824977070.685509,369.86203285624265,4.8543232825381024e-05,2.5718162300875878,0.18690067857936746,8.50468914891565e+16,0.38138914505032445,0.38138914505032445,55720403980.86482,0.04621825640515747,4022749.7166915345,4022719.9243958415,4004933.8128200695,29.7922956927605,17786.111575772116,1.0054495836234831,7.405953089535694e-06,7.405953089535694e-06,7.405953089535692e-06,0.00442141434403822,17786.111575772116,-14027636.186170988,-0.001295858281691738,-0.6718017841221392,0.6312850574508978,0.0,0.0,-401924840254776.0,-5.679414388271165,0.010891585904420853,0.01629281278166972,192534249984387.25,322500917757.2151,3.525055238472947e+16,-7272238909.167773,0.010189549042814616,-0.037777670550642496,0.04716645276973387,0.00442141434403822,8102764308660874.0,4.354585094337473e+16,4.354617344429249e+16,4.3353316693390344e+16,3256408.965538545,-7272238909.167773,1.0,373.0922519473427,1.989703633581054e-10,1.989703633581054e-10,0.043048018055714676,748524.8472815244,373.0922519473427
2403.0,34608.55138722625,10824977777.923464,369.44801927033,4.851052120734332e-05,2.5712177000195875,0.18250185735374938,8.464496664890173e+16,0.3813530559437058,0.3813530559437058,48448165071.69705,0.0422427470569194,4047022.8715722533,4046997.833908316,4029181.1539212246,25.037663937180522,17816.679987091524,1.0052873633914408,6.186687036797862e-06,6.186687036797863e-06,6.186687036797863e-06,0.004402443667701542,17816.679987091524,-13947348.38330098,-0.0012884412947013436,-0.6539301536706161,0.629970199322044,0.0,0.0,-504532801994484.0,-5.683691814725129,0.010845012185642378,0.016223332873465446,192865164936639.44,271032155731.09485,3.565583259152959e+16,-7078779381.798495,0.010216911349338612,-0.038197216991842926,0.04705998497864535,0.004402443667701542,7959963862895690.0,4.380866161936192e+16,4.380893265151765e+16,4.361579645442528e+16,3293848.109715878,-7078779381.798495,1.0,372.5784228893276,1.9558290556159838e-10,1.9558290556159838e-10,0.04271819880197336,735333.0442053466,372.5784228893276
2404.0,34866.50583590186,10824978463.3472,369.03446912006115,4.8478097334948714e-05,2.5705605360049026,0.17793790085809993,8.414043384690725e+16,0.3813173466470973,0.3813173466470973,41369385689.89856,0.03826785898196156,4069881.2561459737,4069860.5926447725,4052023.9512455384,20.663501200953956,17836.64139923411,1.0050403594110802,5.077175450696448e-06,5.077175450696448e-06,5.077175450696447e-06,0.00438261728951337,17836.64139923411,-13868988.364801439,-0.0012812023979318844,-0.6251783019429842,0.628658079816382,0.0,0.0,-609140426897753.0,-5.688184293860242,0.010796337968943304,0.016150717638736878,193081259005156.34,223681955477.67557,3.605816904740701e+16,-6767541654.284777,0.010110377748567236,-0.03856575558419857,0.046944533519252395,0.00438261728951337,7804902957792972.0,4.405615326420514e+16,4.4056376946160616e+16,4.3863072005199976e+16,3331015.3151341635,-6767541654.284777,1.0,372.015072469576,1.9231401745206604e-10,1.9231401745206604e-10,0.042357311125482466,721008.636111375,372.015072469576
2405.0,35125.99197582708,10824979127.629562,368.62138188667876,4.844595850162817e-05,2.569839984319335,0.1732113940015613,8.353129342000949e+16,0.3812820131632917,0.3812820131632917,34601844035.613785,0.03435200611617399,4091242.661777568,4091225.923402705,4073380.5285968096,16.738374862832938,17845.394805895685,1.0047017608441502,4.091269144021007e-06,4.091269144021007e-06,4.091269144021007e-06,0.004361869801375703,17845.394805895685,-13792666.387064958,-0.001274151776594257,-0.584632421110164,0.6273486932298312,0.0,0.0,-715501238337686.0,-5.6929097039793195,0.01074540256051415,0.01607472710406599,193176026298129.78,181192558520.6059,3.645663109728987e+16,-6328633755.853062,0.009855614037882002,-0.038860804146054785,0.04681405459091982,0.004361869801375703,7637628103663263.0,4.428743522725126e+16,4.4287616419809784e+16,4.409425920095314e+16,3367824.60893974,-6328633755.853062,1.0,371.39836226151255,1.8916532263470052e-10,1.8916532263470052e-10,0.04196403529780235,705555.91965707,371.39836226151255
2406.0,35387.01599879236,10824979771.42264,368.20875705200615,4.8414102029118255e-05,2.5690512912386847,0.16832492169327573,8.28157921816718e+16,0.38124705153714894,0.38124705153714894,28273210279.760723,0.03055943205713583,4111021.6366945202,4111008.3262009025,4093165.9835752454,13.310493617866781,17842.342625657016,1.0042647899524375,3.237758103498848e-06,3.237758103498848e-06,3.237758103498848e-06,0.004340137798296707,17842.342625657016,-13718496.410151767,-0.0012672999580440652,-0.5314021920584724,0.6260420338701913,0.0,0.0,-823364697638995.0,-5.697885924912479,0.010692050143448206,0.01599512853646179,193142997997529.12,144085824161.05804,3.68502244527491e+16,-5752417979.522613,0.009438460307135531,-0.03905850129790401,0.0466620512131507,0.004340137798296707,7458214520528186.0,4.450158197127482e+16,4.450172605709898e+16,4.430843897327729e+16,3404184.139912362,-5752417979.522613,1.0,370.72450266613504,1.861384975797648e-10,1.861384975797648e-10,0.04153683317659618,688981.8436628832,370.72450266613504
2407.0,35649.58410335169,10824980395.358406,367.7965940984467,4.8382525267119966e-05,2.568189703038754,0.1632810688423853,8.199242748403282e+16,0.38121245785515406,0.38121245785515406,22520792300.23811,0.026960098374040033,4129129.041166006,4129118.6358507657,4111291.7440932104,10.405315240322498,17826.891757555455,1.0037227085492668,2.519978217339555e-06,2.519978217339555e-06,2.519978217339555e-06,0.004317360030001267,17826.891757555455,-13646597.106283203,-0.001260657904944998,-0.4646271237534608,0.6247380960571179,0.0,0.0,-932475514942599.0,-5.703130838158762,0.010636130147722689,0.01591169699356698,192975753785714.16,112637333484.01508,3.723788529594718e+16,-5029579505.782977,0.00884501309615908,-0.03913369665689664,0.04648159113603375,0.004317360030001267,7266767233460684.0,4.469762828319358e+16,4.469774092052707e+16,4.450465252940787e+16,3439995.633794796,-5029579505.782977,1.0,369.9897587487777,1.8323531875107082e-10,1.8323531875107082e-10,0.041073925856422555,671296.1102984138,369.9897587487777
2408.0,35913.702494726516,10824981000.049341,367.38489250898306,4.835122559296256e-05,2.567250465995344,0.15808242035803216,8.105995196909022e+16,0.3811782282449787,0.3811782282449787,17491212794.45513,0.02362953859514752,4145471.5643915036,4145463.5395167135,4127665.084825695,8.024874790245855,17798.45469101836,1.0030688248911905,1.9358171116592357e-06,1.935817111659236e-06,1.935817111659236e-06,0.004293477562003437,17798.45469101836,-13577092.964270249,-0.0012542371172945582,-0.383483387025522,0.623436874122098,0.0,0.0,-1042572912420216.0,-5.7086623267337755,0.010577497643674882,0.015824215908974537,192667933860512.8,86869117132.18633,3.761847383331639e+16,-4151200378.3858433,0.008061714055471013,-0.03906005243903501,0.046265328141682514,0.004293477562003437,7063422284488807.0,4.487456405166571e+16,4.487465092078285e+16,4.46818961178052e+16,3475153.7977891066,-4151200378.3858433,1.0,369.1904564341199,1.8045771230126465e-10,1.8045771230126465e-10,0.04057326608765166,652511.287036588,369.1904564341199
2409.0,36179.37738470879,10824981586.089043,366.9736517671768,4.832020041127191e-05,2.5662288263842563,0.15273156114935857,8.001737905667002e+16,0.38114435887504783,0.38114435887504783,13340012416.069288,0.020648675255053598,4159951.1954363408,4159945.0461252355,4142188.5954784383,6.149311105398855,17756.45064679711,1.0022965010010738,1.4782171271972942e-06,1.478217127197294e-06,1.4782171271972935e-06,0.004268433945620577,17756.45064679711,-13510115.51540903,-0.0012480497456707545,-0.2871911845995297,0.6221383624084251,0.0,0.0,-1153389829593634.0,-5.714498274642476,0.010516013757880138,0.015732477711067117,192213251285877.6,66566179483.07546,3.799076719608876e+16,-3108839284.977008,0.00707544557474701,-0.038810157236433766,0.04600552698061763,0.004268433945620577,6848348076073368.0,4.503132852344801e+16,4.503139508962749e+16,4.483911527216213e+16,3509545.6647159476,-3108839284.977008,1.0,368.3229890432829,1.778078074902332e-10,1.778078074902332e-10,0.04003250457530472,632642.9307624908,368.3229890432829
2410.0,36446.61499156369,10824982154.052788,366.56287135716735,4.828944715364363e-05,2.5651200304812907,0.1472310761255066,7.886398922707638e+16,0.3811108459541106,0.3811108459541106,10231173131.092281,0.018103597195704025,4172464.6392193157,4172459.8981504627,4154759.5914284224,4.741068853262678,17700.306722040194,1.0013991604124204,1.1362753823480574e-06,1.1362753823480574e-06,1.1362753823480576e-06,0.004242175396313876,17700.306722040194,-13445804.710711213,-0.0012421087184589224,-0.17502270655578286,0.6208425552711746,0.0,0.0,-1264652058666105.0,-5.720656565904229,0.01045154611005028,0.015636284473364293,191605504387345.7,51321985727.704,3.835345156755079e+16,-1894617675.0203674,0.005873633921076527,-0.03835565280746777,0.04569409220812005,0.004242175396313876,6621746864041535.0,4.516680393597967e+16,4.51668552579654e+16,4.497519843159233e+16,3543049.865739646,-1894617675.0203674,1.0,367.3838241550078,1.7528799515938815e-10,1.7528799515938815e-10,0.04216653110247659,611709.7256887767,367.3838241550078
2411.0,36715.42153993242,10824982704.498117,366.1525507636719,4.825896327832071e-05,2.556881971639419,0.1401825877672232,7.759933716841027e+16,0.38107768573081646,0.38107768573081646,8336555456.071914,0.0160852940939388,4182902.666910475,4182898.9146790877,4165727.610288437,3.7522313875842976,17171.30439065043,0.9902901111875123,8.970400906688382e-07,8.970400906688382e-07,8.970400906688382e-07,0.004105120573292127,17171.30439065043,-13372917.122636938,-0.0012353753800530393,1.2143572717364903,0.6195494470771791,0.0,0.0,-1438550010345626.0,-5.753589637495417,0.010115128654030081,0.015134259615447787,185879073042463.5,40617839873.87499,3.877254562652721e+16,13145396463.629028,0.004444360522075081,-0.03766737480228102,0.04532260121059676,0.004105120573292127,6321383706495402.0,4.527980840606507e+16,4.527984902390494e+16,4.509392933302261e+16,3581765.1339448337,13145396463.629028,1.0,360.48066175472906,1.724533622230187e-10,1.724533622230187e-10,0.04600450825388269,583962.4763436038,360.48066175472906
2412.0,36985.803260733934,10824983237.96537,365.7426894719841,4.822874626987563e-05,2.535740532748755,0.1304345219209106,7.616078715806464e+16,0.38104487449329466,0.38104487449329466,21481951919.700943,0.014689344927774357,4190118.570323117,4190115.4357023104,4174254.69449606,3.1346208064852754,15860.741206250503,0.9612869556904737,7.480983542295207e-07,7.480983542295206e-07,7.480983542295206e-07,0.003785275477402704,15860.741206250503,-13284556.437051132,-0.0012272126565941969,4.836827173030878,0.6182590322050043,0.0,0.0,-1722233482404167.0,-5.834970123385264,0.009329739656834257,0.013961917034925553,171692257699368.34,33932217687.580597,3.929239186551581e+16,52358573072.99468,-0.0058072980133311945,-0.033945226458562065,0.0441713481868586,0.003785275477402704,5893845233402297.0,4.535792935661747e+16,4.535796328883516e+16,4.5186237098918104e+16,3629787.7790433494,52358573072.99468,1.0,343.35275207849133,1.690473706714101e-10,1.690473706714101e-10,0.04816172645794503,544466.9154527102,343.35275207849133
2413.0,37257.76639106691,10824983754.978226,365.3332869679739,4.819879363889698e-05,2.5035929443908107,0.11835966854419414,7.443855367566048e+16,0.38101240856873914,0.38101240856873914,73840524992.69562,0.017775717375096346,4192065.0892730616,4192060.496910878,4178018.979539768,4.592362183867632,14041.517371110165,0.9184696553710093,1.0954892364669805e-06,1.0954892364669805e-06,1.0954892364669808e-06,0.003349550270435585,14041.517371110165,-13187985.647899166,-0.0012182914955261928,10.163631503034523,0.6169713050449246,0.0,0.0,-2090804108166295.0,-5.957635948170411,0.008259073805473305,0.012362995775506702,151999197437512.1,49712246037.343445,3.9873936322108936e+16,110021145911.93364,-0.03614945358943932,-0.02236691930072842,0.04098893526625631,0.003349550270435585,5353051259399753.0,4.53789867789462e+16,4.537903649119224e+16,4.522698758150869e+16,3683510.0379500887,110021145911.93364,1.0,318.854789136843,1.6537093564413947e-10,1.6537093564413947e-10,0.04870717704716632,494508.94158967916,318.854789136843
2414.0,37531.31717411096,10824984256.044205,364.9243427380868,4.816910292168036e-05,2.4623364371471013,0.10433081759469907,7.234774956749419e+16,0.38098028432299735,0.38098028432299735,183861670904.62927,0.03411052942374609,4186905.24490747,4186888.3551313006,4174894.2399194394,16.88977616947794,11994.115211861332,0.8661308380480672,4.033952330309115e-06,4.033952330309114e-06,4.033952330309114e-06,0.0028646847478418606,11994.115211861332,-13089965.30192558,-0.0012092364286457697,16.622723081490882,0.615686259998898,0.0,0.0,-2519735163351024.0,-6.114423997432344,0.007066659953493315,0.010581241184708934,129836108333579.22,182831561122.7093,4.047812462437917e+16,179940715649.7214,-0.08922180676008515,0.0005930214117221763,0.03483504991260579,0.0028646847478418606,4715039793398396.0,4.5323000526111144e+16,4.5323183357672264e+16,4.519316441777757e+16,3739324.1104972446,179940715649.7214,1.0,289.9588957411449,1.6169177935294865e-10,1.6169177935294865e-10,0.04772523087506775,435570.12942219485,289.9588957411449
2415.0,37806.46185902746,10824984741.655176,364.5158562693431,4.8139671679923514e-05,2.4138682415991397,0.08872075903005064,6.982801440414317e+16,0.38094849816016324,0.38094849816016324,363802386554.3507,0.07354887226546292,4172984.345793459,4172906.083488723,4162954.4566562455,78.26230473616104,9951.626832477255,0.8083415179904642,1.875451673214463e-05,1.8754516732144626e-05,1.875451673214463e-05,0.002384819268244178,9951.626832477255,-12996747.85526263,-0.0012006250507911001,23.655511724285876,0.6144038914805426,0.0,0.0,-2984696388576253.0,-6.298177830550873,0.005885504669178698,0.008815254546798323,107726208616212.52,847188254615.7109,4.106581342167121e+16,256070553471.43973,-0.1625911270063547,0.037104398677098915,0.025101679583083604,0.002384819268244178,3998105051838063.5,4.517164468212549e+16,4.5172491870380104e+16,4.506391847350927e+16,3793613.9774541715,256070553471.43973,1.0,259.339244657061,1.5824284744850028e-10,1.5824284744850028e-10,0.045287529000936466,369340.4792020742,259.339244657061
2416.0,38083.206700860304,10824985212.287836,364.10782704933735,4.8110497500425816e-05,2.3600855883284413,0.07190228280787417,6.684331801556691e+16,0.38091704652217506,0.38091704652217506,619872940025.7904,0.14480562096046504,4148802.071568319,4148500.4604141368,4140426.0940367808,301.61115418206396,8074.366377355707,0.748660178426942,7.269837147667292e-05,7.269837147667294e-05,7.269837147667295e-05,0.0019463337305619243,8074.366377355707,-12914210.953681849,-0.0011930003321410968,30.7590402540955,0.6131241939151122,0.0,0.0,-3461667801797495.0,-6.501744286601974,0.004805306645954133,0.007199293906968718,87404896633469.64,3264936283881.9087,4.159738724075965e+16,332966155894.75006,-0.2511065702865415,0.08804883575412009,0.011502102866555989,0.0019463337305619243,3222663999759197.0,4.490745613715231e+16,4.491072107343619e+16,4.482005124051884e+16,3842720.0060782465,332966155894.75006,1.0,229.1319168646656,1.5522856403641408e-10,1.5522856403641408e-10,0.041434783492099836,297706.0879585344,229.1319168646656
2417.0,38361.55796043611,10824985668.404179,363.70025456623745,4.808157799479178e-05,2.3028857079165177,0.054248178885794904,6.3381650213769416e+16,0.3808859258884168,0.3808859258884168,952839095920.5405,0.254275482344419,4112984.7604586002,4112062.783822621,4105613.219292015,921.9766359790635,6449.564530606355,0.6899836731611363,0.00022416242453479518,0.0002241624245347952,0.00022416242453479515,0.0015684499166646393,6449.564530606355,-12848074.73394106,-0.0011868906922844107,37.511444162063825,0.6118471617394711,0.0,0.0,-3927202126485098.5,-6.717963584964157,0.0038737251218748936,0.005804956889646107,69816443611261.72,9980383871076.86,4.203224136395496e+16,406060845455.4845,-0.3484911577184841,0.1531780609041356,-0.005963792600843015,0.0015684499166646393,2410962894891843.0,4.451302070245806e+16,4.4523001086329144e+16,4.44432042588468e+16,3882891.178935977,406060845455.4845,1.0,200.8564154748681,1.5283587369650324e-10,1.5283587369650324e-10,0.03617331243898425,222722.04035603753,200.8564154748681
2418.0,38641.521904263944,10824986110.451954,363.2931383087847,4.805291079913871e-05,2.2441658309448846,0.03613123722143815,5.945444808728432e+16,0.38085513277532423,0.38085513277532423,1358899941376.025,0.4055591367920576,4064258.5132223377,4061940.886200469,4056834.9627077985,2317.6270218687464,5105.923492670575,0.6345164668914102,0.000570245965980944,0.0005702459659809439,0.0005702459659809438,0.0012570157064611162,5105.923492670575,-12804136.057082046,-0.0011828316384368516,43.581957945468474,0.6105727894020713,0.0,0.0,-4358734945794086.0,-6.939659853013413,0.0031055076855844854,0.004654643087569688,55271550889189.305,25088280320937.305,4.232847226077345e+16,471774089425.99744,-0.44839644257625605,0.23132371152728748,-0.027058194130851462,0.0012570157064611162,1586709862934346.2,4.397045367459698e+16,4.399554195491791e+16,4.391518212370779e+16,3910256.496301979,471774089425.99744,1.0,175.45503312055695,1.5124724089071708e-10,1.5124724089071708e-10,0.029482640014290684,146578.46640581966,175.45503312055695
2419.0,38923.10480443489,10824986538.865088,362.8864777662922,4.802449357380833e-05,2.1858231879950547,0.017924247772429167,5.509571314149023e+16,0.38082466373599505,0.38082466373599505,1830674030802.0225,0.5994546356818018,4001424.332870809,3996439.1499729007,3992406.0184253627,4985.182897908461,4033.1315475378774,0.5838250855383549,0.0012458520974534728,0.0012458520974534728,0.001245852097453473,0.0010091812726750076,4033.1315475378774,-12788478.564346172,-0.001181385170173795,48.72879756052528,0.6093010713629274,0.0,0.0,-4734925809002702.0,-7.1596373543188445,0.0024939027732874264,0.0037385208579476803,43658594711569.64,53964537763639.54,4.244309590199219e+16,527488577647.76807,-0.5450546863797573,0.3206232583513303,-0.051359190416218295,0.0010091812726750076,774645505146322.2,4.326140000185008e+16,4.331536453961372e+16,4.321774140713851e+16,3920845.143742969,527488577647.76807,1.0,153.3992329505255,1.5065432069759476e-10,1.5065432069759476e-10,0.02132652608782104,71560.87468239361,153.3992329505255
2420.0,39206.31293852121,10824986954.064135,362.4802724286451,4.799632400308242e-05,2.1297550096485427,4.963932251356162e-10,5.036078733248753e+16,0.3807945153598028,0.3807945153598028,2358162608449.7905,0.834234053306808,3923336.3398185153,3913869.9320044722,3910670.1807711627,9466.40781404305,3199.7512333094983,0.5389446266366625,0.0024128463619004802,0.0024128463619004802,0.0024128463619004802,0.0008175415353342514,3199.7512333094983,-12807657.627334427,-0.0011831568649166748,52.789007284991726,0.608032002093593,0.0,0.0,-5036078712234962.0,-7.370684359746721,0.0020208365138915108,0.0030297228370742557,34637265356825.945,102473741088866.8,4.233295366748167e+16,571440315178.032,-0.6336255968207134,0.4187349568627411,-0.07831284983506465,0.0008175415353342514,21013791.410948943,4.2367590953852296e+16,4.247006469494116e+16,4.2332953688495464e+16,3910670.1788299326,571440315178.032,1.0,134.82021322080712,1.5127285247846314e-10,1.5127285247846314e-10,0.02132652608782104,0.0019412301834746807,134.82021322080712
