"t, Time, (yr)","A, Total factor productivity, ($)","L, Population, (persons)","theta1, Marginal abatement cost at mu=1, ($/tCO2)","sigma, Carbon intensity of GDP, (tCO2/$)","f, Control: log10(marginal_abatement_cost), (log10($/tCO2))","s, Savings rate, (dimensionless)","K, Capital stock, ($)","gini, Background Gini index, (dimensionless)","Gini, Gini index, (dimensionless)","Ecum, Cumulative CO2 emissions, (tCO2)","delta_T, Global mean temperature change, (°C)","y_gross, Per-capita gross income, ($/person/yr)","y_damaged, Per-capita income after climate damage, ($/person/yr)","y_net, Per-capita net income after abatement, ($/person/yr)","climate_damage, Per-capita climate damage, ($/person/yr)","tax_amount, Per-capita tax amount, ($/person/yr)","mu, Abatement fraction, (dimensionless)","Omega, Climate damage as fraction of gross output, (dimensionless)","Omega_base, Base damage from temperature before income adjustment, (dimensionless)","Omega_calc, Climate damage from previous timestep (lagged), (dimensionless)","lambda_abate, Abatement cost as fraction of damaged output, (dimensionless)","abateCost_amount, Abatement expenditure per capita, ($/person/yr)","U, Mean utility per capita, (dimensionless)","aggregate_utility, Aggregate utility from integration, (dimensionless)","e, CO2 emissions, (tCO2/yr)","emission_ratio, Ratio of CO2e to industrial CO2, (dimensionless)","E_extra, Extra emission pulse, (tCO2/yr)","consumption_extra, Extra consumption pulse, ($/person/yr)","dK_dt, Net capital accumulation, ($/yr)","log_deltaU_norm, Log normalized utility-loss (log deltaU), (dimensionless)","max_average_tax_rate, Maximum average tax rate across income bins, (dimensionless)","max_marginal_tax_rate, Maximum marginal tax rate across income bins, (dimensionless)",AbateCost,Climate_damage,Consumption,E,H1,H2,H3,Lambda,Savings,Y_damaged,Y_gross,Y_net,consumption,dEcum_dt,mac_over_wmac,marginal_abatement_cost,mu_dollar_cost,mu_dollar_numeraire,r_consumption,savings,welfare_adjusted_mac
2020.0,739.6190000000007,7752000000.0,6035.6,0.0002913549999999999,1.6785460883700223,0.4790339327780172,295000000000000.0,0.57313,0.57313,2327128215854.4233,1.1696599999999997,17503.727145280773,17420.70314539412,17413.66617901647,83.02399988665066,7.0369663776516616,0.04854461085879674,0.004743218355585198,0.004743218355585198,0.004743218355585198,0.00040394272945935443,7.0369663776516616,-236136887.21692306,-0.030461414759664997,7.51726987305463,1.4,0.0,0.0,35165145176075.64,-8.30416078549828,0.0009588008394756375,0.0014378564669609295,54550563359.55568,643602047121.3159,70325595043660.03,58273876055.919495,-0.07022,0.21036,-0.08308,0.00040394272945935443,64665145176075.64,135045290783095.22,135688892830216.55,134990740219735.67,9071.929185198662,58273876055.919495,1.0,47.70304350448368,1.6788819497528562e-06,1.6788819497528562e-06,1.0482215701505546,8341.736993817807,47.70304350448368
2021.0,749.4392757472212,7832251487.344443,4937.569188788617,0.0002869469393703804,1.7907241294609624,0.2087546237367627,330165145176075.6,0.5710759862923859,0.5710759862923859,2385402091910.343,1.195964938405231,18288.994501343113,18198.30008158704,18185.90208980583,90.69441975607378,12.397991781211248,0.06467803759686439,0.004958961508212676,0.004958961508212676,0.004958961508212676,0.0006812719718670582,12.397991781211248,-188762174.51722273,-0.02410062736394887,7.547530215735382,1.3970840409436769,0.0,0.0,-3282224301587.0156,-7.778643572313127,0.0016181357451918732,0.002426221466589107,97104189568.47598,710341504028.3502,112702268475561.58,59114154757.97057,-0.07554004224711625,0.21630540103515583,-0.08526116052514358,0.0006812719718670582,29734290216020.543,142533662881150.6,143244004385178.94,142436558691582.12,14389.510941734809,59114154757.97057,1.0,61.76239512672683,8.374368287488589e-07,8.374368287488589e-07,0.027836400899301283,3796.3911480710226,61.76239512672683
2022.0,759.3749267602893,7910820339.096546,4059.769804874857,0.0002826406030102666,1.7926138223386454,0.21287488230164814,326882920874488.6,0.5690435894947019,0.5690435894947019,2444516246668.3135,1.2244999754848875,18420.756677934085,18324.99783955662,18311.054304548266,95.75883837746426,13.943535008354544,0.07329430958792463,0.005198420458599954,0.005198420458599954,0.005198420458599954,0.0007609024093992424,13.943535008354544,-189847598.82263345,-0.02399847179999476,7.389311733818973,1.3941741553282239,0.0,0.0,-1852202914060.961,-7.66549484828764,0.0018087153661108246,0.002711845884866504,110304800342.99586,757530966284.7031,114019371649333.88,58455517555.81989,-0.07901466074065339,0.22225507372276776,-0.08746365502934746,0.0007609024093992424,30836089173387.902,144965765623064.78,145723296589349.5,144855460822721.78,14413.090774648466,58455517555.81989,1.0,62.03171985689187,8.325229384830553e-07,8.325229384830553e-07,0.030786260797834863,3897.9635298997996,62.03171985689187
2023.0,769.427109958828,7987717781.36314,3358.004875731523,0.00027843312404643265,1.7957387984987174,0.21652443792294415,325030717960427.7,0.567032582105645,0.567032582105645,2502971764224.1333,1.2544417290187602,18578.81424806312,18477.45279701635,18461.73474036886,101.36145104677051,15.718056647494667,0.08289644810478398,0.005455754586562899,0.005455754586562899,0.005455754586562899,0.0008506614423624852,15.718056647494667,-190712303.8456096,-0.023875693792108875,7.23628814632347,1.391270330503709,0.0,0.0,-572835040471.4766,-7.551398669537856,0.0020236446434372946,0.00303393077020242,125551400571.66626,809646664871.0582,115536890104882.64,57801427497.4553,-0.08052451964084849,0.2279046186475008,-0.08960917046345054,0.0008506614423624852,31930236755571.29,147592678261025.6,148402324925896.66,147467126860453.94,14464.318002627999,57801427497.4553,1.0,62.479680278334136,8.253302879447633e-07,8.253302879447633e-07,0.03404098375923059,3997.4167377408585,62.479680278334136
2024.0,779.596991501509,8062956561.399988,2796.9470921655156,0.00027432172967518736,1.8003493255705896,0.21947102439136199,324457882919956.2,0.565042739018188,0.565042739018188,2560773191721.5884,1.2849212744443503,18761.57775145266,18654.184686105546,18636.421517039245,107.39306534711403,17.763169066299735,0.09354932785497089,0.005724095636828778,0.0057240956368287774,0.0057240956368287774,0.0009522350810395119,17.763169066299735,-191336171.30095783,-0.023730274353324275,7.086764086141602,1.388372553846548,0.0,0.0,532949942932.7617,-7.436030037678274,0.0022669754629436323,0.0033985352739902552,143223660574.37875,865905620889.3707,117285918916899.11,57140270987.44922,-0.08094921252075123,0.23326335406172197,-0.09169853005871202,0.0009522350810395119,32978738234928.38,150407880812401.88,151273786433291.25,150264657151827.5,14546.26699570542,57140270987.44922,1.0,63.146506035213335,8.156821330138408e-07,8.156821330138408e-07,0.03631733217150024,4090.1545213338236,63.146506035213335
2025.0,789.885746834912,8136550834.027715,2348.3588011236193,0.00027030373767847766,1.8059688264781095,0.22209899255078178,324990832862888.94,0.5630738374943813,0.5630738374943813,2617913462709.0376,1.315461935498772,18966.775681158557,18852.985727373692,18832.912440184078,113.78995378486528,20.073287189614643,0.10519684953671699,0.00599943583968799,0.00599943583968799,0.005999435839687992,0.0010647272256971544,20.073287189614643,-191779108.8079527,-0.02357007443570769,6.9398133571480605,1.3854808127594485,0.0,0.0,1534244603985.1914,-7.321813894366281,0.002536620202305939,0.003802516366609776,163327321624.33685,925857743372.2207,119201621532076.6,56466144159.099724,-0.08076852752306106,0.2383379800075106,-0.09373194350686885,0.0010647272256971544,34033327890274.086,153398276743975.03,154324134487347.22,153234949422350.7,14650.14156042211,56466144159.099724,1.0,63.96889171645423,8.044311486415133e-07,8.044311486415133e-07,0.038687164797743145,4182.770879761969,63.96889171645423
2026.0,800.2945607424174,8208516052.191165,1989.6692190028818,0.0002663765530827186,1.812445116764627,0.22428926395933468,326525077466874.1,0.5611256571404205,0.5611256571404205,2674379606868.137,1.3458009462198999,19193.113519945473,19072.59301785494,19049.940384830003,120.52050209053483,22.65263302493562,0.11777148391446712,0.006279361707796392,0.0062793617077963925,0.0062793617077963925,0.00118770599276822,22.65263302493562,-192035689.41568902,-0.023394690123609785,6.794975023719245,1.3825950946713572,0.0,0.0,2419995045414.453,-7.209971533868963,0.0028315877776324827,0.004244373537476642,185944501809.57974,989294476028.2941,121299238650059.95,55776661556.43747,-0.08024444370156181,0.24313381062824113,-0.09570931075043643,0.00118770599276822,35072502792101.863,156557685943971.4,157546980419999.7,156371741442161.8,14777.243277447276,55776661556.43747,1.0,64.92995722488892,7.915778269987117e-07,7.915778269987117e-07,0.0406622468442126,4272.697107382726,64.92995722488892
2027.0,810.8246273931094,8278868861.719479,1702.8371767166157,0.0002625376649539717,1.8198495370581724,0.22615139948080146,328945072512288.56,0.5591979798819762,0.5591979798819762,2730156268424.5747,1.3757922937146307,19438.942973513116,19311.37776820781,19285.861634587694,127.56520530530808,25.51613362011631,0.13119665387399534,0.006562352977686307,0.0065623529776863065,0.006562352977686306,0.0013213005268905955,25.51613362011631,-192131012.45030588,-0.023207398940536094,6.651772769499794,1.379715387037404,0.0,0.0,3213982939856.203,-7.10085789873834,0.0031522182356416018,0.004724599213595693,211244724099.05444,1056095606040.9675,123556629166933.31,55069154456.645386,-0.07952053691223354,0.24765552717235903,-0.097630408479284,0.0013213005268905955,36108490191085.06,159876364082117.44,160932459688158.38,159665119358018.38,14924.337035732591,55069154456.645386,1.0,66.04645879471948,7.775013778875174e-07,7.775013778875174e-07,0.0424644517389523,4361.524598855104,66.04645879471948
2028.0,821.477150390716,8347627000.319342,1473.4420946140226,0.00025878464332340217,1.8279155966562053,0.22769761250693482,332159055452144.75,0.5572905899397829,0.5572905899397829,2785225422881.22,1.4053538996105457,19702.911492115643,19567.997915957993,19539.356897177546,134.91357615765136,28.641018780449016,0.14529112189714072,0.006847392894783018,0.006847392894783018,0.00684739289478302,0.001463666283257923,28.641018780449016,-192076988.08914027,-0.023009771289708117,6.510665022491019,1.3768416773388468,0.0,0.0,3923228868820.8125,-6.996027083924075,0.00349414284086369,0.005236633203716812,239084541688.32956,1126208211043.2502,125968128789719.97,54348603131.78077,-0.07867463662180729,0.25190713819356547,-0.0994948766407242,0.001463666283257923,37139134414035.29,163346347745443.53,164472555956486.78,163107263203755.25,15090.29198176931,54348603131.78077,1.0,67.28458787514602,7.624026677870183e-07,7.624026677870183e-07,0.04398813247156763,4449.0649154082375,67.28458787514602
2029.0,832.2533428225427,8414809200.811381,1289.9573849759238,0.0002551151362372384,1.8365480035018482,0.22899433929146898,336082284320965.56,0.5554032738054854,0.5554032738054854,2839574026013.001,1.4344382994961145,19983.702348881827,19841.14371045125,19809.136421740994,142.55863843057392,32.00728871025813,0.15985745708509094,0.007133745085957542,0.007133745085957543,0.007133745085957543,0.001613177605956173,32.00728871025813,-191892253.38556278,-0.022804112227174437,6.372272045987498,1.3739739530830188,0.0,0.0,4562861667403.777,-6.896282035458729,0.0038535028181726494,0.005774682089184191,269335227532.10635,1199603742320.7363,128519013322293.62,53621453442.648766,-0.07775297509486237,0.25589355111341305,-0.10130261835925194,0.001613177605956173,38171090099500.34,166959438649326.06,168159042391646.8,166690103421793.97,15272.956314909841,53621453442.648766,1.0,68.63537383717441,7.465515634681214e-07,7.465515634681214e-07,0.04525071478730891,4536.180106831152,68.63537383717441
2030.0,843.1544273084459,8480435098.599607,1143.169671633005,0.00025152686692572995,1.8457631604968066,0.2301080525180783,340645145988369.3,0.5535358202177394,0.5535358202177394,2893195479455.65,1.4630185208863318,20280.205238233502,20129.70893380869,20094.108352241426,150.49630442480995,35.6005815672652,0.17469593178701212,0.007420847208246443,0.007420847208246443,0.007420847208246442,0.0017685591820690726,35.6005815672652,-191594477.8495236,-0.02259252923015259,6.237326445349436,1.3711122018032729,0.0,0.0,5147458084472.973,-6.801859414188668,0.004227265630460941,0.006334192551407103,301908421453.59406,1276274142253.6897,131194809062101.81,52895242108.56488,-0.07678520884850247,0.25962084459266477,-0.10305387358557677,0.0017685591820690726,39211972683309.91,170708690166865.3,171984964309119.0,170406781745411.72,15470.2922122199,52895242108.56488,1.0,70.10728688934972,7.301903445411229e-07,7.301903445411229e-07,0.0465168952716466,4623.816140021526,70.10728688934972
2031.0,854.1816360498018,8544525143.345851,1025.7145634169328,0.00024801763108586787,1.8553160202287489,0.23098636297547154,345792604072842.3,0.5516880201385631,0.5516880201385631,2946090721564.215,1.4910806573415618,20591.527337442683,20432.80257879133,20393.43566142424,158.72475865135505,39.36691736709181,0.18953129784362055,0.0077082557330624656,0.0077082557330624656,0.0077082557330624656,0.0019266528522109618,39.36691736709181,-191185334.09748933,-0.022375185383634474,6.107226797527413,1.3682564110589277,0.0,0.0,5670627001330.766,-6.713800144815184,0.004607895257973449,0.006903874499475604,336371615259.1344,1356227691168.0051,134002336359630.33,52183352927.58854,-0.07579250138757762,0.2630964572136359,-0.10474927246434783,0.0019266528522109618,40249887408615.01,174588595383504.44,175944823074672.44,174252223768245.34,15682.830129417573,52183352927.58854,1.0,71.666471125308,7.133652580228033e-07,7.133652580228033e-07,0.0475048548730177,4710.605532006664,71.666471125308
2032.0,865.3362108784883,8607100514.805265,931.7055908540553,0.00024458529427287534,1.8652233848267596,0.23171028280312977,351463231074173.06,0.5498596667299385,0.5498596667299385,2998274074491.803,1.5186200446115043,20916.633382538053,20749.3919488658,20706.1110733625,167.24143367225545,43.280875503301445,0.2041575414163137,0.007995619113918903,0.007995619113918903,0.007995619113918903,0.0020858864495866473,43.280875503301445,-190683663.36242673,-0.02215422755136036,5.982843995444027,1.365406568435214,0.0,0.0,6148986008410.129,-6.631974570387198,0.004991629890496507,0.0074780934094655915,372522845825.6885,1439463829857.2405,136924270163325.94,51494939633.185875,-0.07479499084865258,0.2663303363974151,-0.1063901359517893,0.0020858864495866473,41295309115827.44,178592102124979.06,180031565954836.28,178219579279153.38,15908.292220800657,51494939633.185875,1.0,73.32015676085628,6.963102749686066e-07,6.963102749686066e-07,0.048301515044929744,4797.818852561842,73.32015676085628
2033.0,876.6194033058837,8668183042.76501,856.4376096488695,0.00024122778939571657,1.8754872919875591,0.23232999820150813,357612217082583.2,0.5480505553306578,0.5480505553306578,3049769014124.9893,1.5456407400170304,21254.767625922814,21078.72115818181,21031.401977266458,176.04646774100559,47.319180915349484,0.21839602311868564,0.008282681365393766,0.008282681365393766,0.008282681365393766,0.002244879115779864,47.319180915349484,-190102927.65244424,-0.021931115980657057,5.864963438135866,1.3625626615432198,0.0,0.0,6593476038224.789,-6.556126385955026,0.00537515813318612,0.008051892852001807,410171321607.9621,1526003006411.2622,139949344238432.52,50838576620.886086,-0.07380958683881335,0.2693340095234437,-0.10797824832075742,0.002244879115779864,42354697746483.11,182714213306523.6,184240216312934.88,182304041984915.62,16145.176393712947,50838576620.886086,1.0,75.07360862997021,6.791843806891474e-07,6.791843806891474e-07,0.04908860493142164,4886.225583553511,75.07360862997021
2034.0,888.0324745718599,8727795131.016027,796.1497265995536,0.00023794311431209384,1.8859694294300855,0.23281585209208244,364205693120808.0,0.546260483433415,0.546260483433415,3100607590745.8755,1.5721540423585036,21605.35983710351,21420.217586410323,21368.77922947973,185.14225069318806,51.438356930592604,0.232064748467465,0.008569274110178804,0.008569274110178804,0.008569274110178804,0.0024013928300722193,51.438356930592604,-189445591.7822277,-0.02170600809693545,5.754484648403003,1.359724678019838,0.0,0.0,7000128938873.055,-6.486366094164519,0.005753113593526704,0.008617246594884498,448943441166.29065,1615883634145.3555,143081629063855.75,50223963095.8382,-0.07285104669675393,0.2721204221292754,-0.10951582220962103,0.0024013928300722193,43420698250953.86,186951270755975.9,188567154390121.25,186502327314809.6,16393.788685000814,50223963095.8382,1.0,76.90763020708363,6.620188890812361e-07,6.620188890812361e-07,0.04980922113049746,4974.9905444789165,76.90763020708363
2035.0,899.5766956937855,8785959685.277266,747.8358026942864,0.00023472932951861789,1.8965748064306107,0.23316442329204468,371205822059681.06,0.544489250662137,0.544489250662137,3150831553841.714,1.5981774962496325,21967.764695580863,21773.233286794424,21717.629844391737,194.53140878643947,55.60344240268845,0.24503625468479628,0.008855311930101487,0.008855311930101487,0.008855311930101487,0.0025537521997898317,55.60344240268845,-188717540.6501324,-0.021479445320739244,5.651919555492733,1.356892605527711,0.0,0.0,7369572762120.727,-6.422516991228524,0.006121467225036703,0.00916813433255903,488529603312.65717,1709145115117.8489,146320065304511.34,49657537358.98936,-0.07193364340337846,0.2747041265781704,-0.11100555281688311,0.0025537521997898317,44490154968088.836,191298749875912.8,193007894991030.66,190810220272600.2,16653.85120645404,49657537358.98936,1.0,78.80881665069803,6.448788533376297e-07,6.448788533376297e-07,0.050251179431545445,5063.778637937698,78.80881665069803
2036.0,911.2533475155293,8842700044.982775,709.0929853682185,0.00023158455593203574,1.9074010293952999,0.23347587509427614,378575394821801.8,0.5427366587495546,0.5427366587495546,3200489091200.703,1.62373463600226,22341.348538221082,22137.130859677298,22077.305265019324,204.2176785437851,59.82559465797482,0.2572978457968992,0.009140794620987809,0.009140794620987809,0.009140794620987809,0.0027024999326785803,59.82559465797482,-187937169.5667523,-0.021253369288872944,5.556967747522266,1.354066431755178,0.0,0.0,7722318540362.719,-6.363597140886382,0.006481492111268139,0.009706467455046663,529019788573.1952,1805835675245.4062,149643130237541.9,49138598950.98296,-0.07106933060772562,0.27710057514936914,-0.11245044304243974,0.0027024999326785803,45579858022542.9,195752008048658.0,197557843723903.4,195222988260084.8,16922.78709854547,49138598950.98296,1.0,80.79807788136387,6.279508496929774e-07,6.279508496929774e-07,0.05067693997854761,5154.518166473857,80.79807788136387
2037.0,923.0637207564556,8898039918.834373,678.0006380440997,0.0002285069727575973,1.9183895058111176,0.233737287199309,386297713362164.5,0.541002511515008,0.541002511515008,3249627690151.686,1.6488539286662163,22725.84385957174,22511.634606494896,22447.540145001625,214.209253076847,64.09446149326887,0.2688280779895783,0.009425799737096481,0.009425799737096481,0.009425799737096481,0.0028471704793385723,64.09446149326887,-187107058.8829136,-0.02102789609730412,5.469520113419369,1.3512461444162212,0.0,0.0,8056705983064.805,-6.309170514247709,0.006832050559962943,0.010230552014444894,570315076943.299,1906042484861.4795,153052630970580.34,48668008306.07306,-0.07026428730071603,0.2793246456972755,-0.11385342839186458,0.0028471704793385723,46686477319281.26,200309423366804.9,202215465851666.38,199739108289861.6,17200.71300721136,48668008306.07306,1.0,82.8685053515913,6.112503604198974e-07,6.112503604198974e-07,0.05112326778676346,5246.827137790263,82.8685053515913
2038.0,935.0091160604229,8952003324.016354,653.0235666817786,0.00022549481544081854,1.929454140983519,0.2339179761345527,394354419345229.3,0.5392866148424884,0.5392866148424884,3298295698457.7593,1.673566212581636,23120.95605906487,22896.44102448325,22828.044116117842,224.51503458161895,68.39690836540765,0.27962648530712886,0.009710456349991415,0.009710456349991415,0.009710456349991415,0.0029872288139571814,68.39690836540765,-186227600.70427278,-0.02080289673314386,5.3893341500561585,1.3484317312504124,0.0,0.0,8367270009951.359,-6.258900286989074,0.007171837525470903,0.010738444950587733,612289351039.5713,2009859335866.2993,156554014863804.6,48245337225.53758,-0.06952247643924044,0.28139097458068735,-0.11521745899246584,0.0029872288139571814,47802711944474.28,204969016159318.47,206978875495184.75,204356726808278.88,17488.154237365274,48245337225.53758,1.0,85.00689260253068,5.94770739347152e-07,5.94770739347152e-07,0.051583460951127424,5339.8898787525695,85.00689260253068
2039.0,947.0908440447746,9004614528.963562,632.934667294611,0.00022254637369907782,1.9405105617266982,0.2339884642851823,402721689355180.7,0.5375887766589076,0.5375887766589076,3346541035683.297,1.6979037154250918,23526.298675289443,23291.154857424044,23218.433830671423,235.14381786539806,72.72102675262028,0.28971421110544493,0.009994934652103965,0.009994934652103965,0.009994934652103965,0.0031222593812019793,72.72102675262028,-185299595.49831867,-0.020578292929952526,5.316013988874583,1.3456231800228604,0.0,0.0,8648512164517.8125,-6.212468309976088,0.007499833017876711,0.011228630276222229,654824814057.7924,2117379438746.725,160152365511407.12,47868656800.39361,-0.06884582325546884,0.28331370182542426,-0.116545432305048,0.0031222593812019793,48920681100035.88,209727871425500.78,211845250864247.53,209073046611443.0,17785.588155525496,47868656800.39361,1.0,87.19881071473134,5.785100001112206e-07,5.785100001112206e-07,0.051868730954020226,5432.845675145929,87.19881071473134
2040.0,959.3102253493188,9055897999.570053,616.7530969386451,0.00021965998962964294,1.9516020213440664,0.23400804564024782,411370201519698.5,0.5359088069125989,0.5359088069125989,3394409692483.6904,1.7218991582584837,23941.395764448906,23695.29172904637,23618.20088241664,246.10403540253583,77.09084662972833,0.29917939286720907,0.010279435577769488,0.010279435577769488,0.010279435577769488,0.003253424668126291,77.09084662972833,-184334806.06154308,-0.0203552211023462,5.2486707323832045,1.3428204785241562,0.0,0.0,8913560923032.54,-6.169122959329019,0.007818798618517198,0.011705242860937104,698126843779.3186,2228693041887.942,163833437049518.16,47531426785.79095,-0.06823418060269829,0.2851061803635846,-0.11784011547885512,0.003253424668126291,50050581075002.39,214582144968299.84,216810838010187.78,213884018124520.53,18091.35185238355,47531426785.79095,1.0,89.45446472632837,5.625673999343639e-07,5.625673999343639e-07,0.052022484794030266,5526.849030033095,89.45446472632837
2041.0,971.6685906852944,9105878348.722523,603.6948528485327,0.00021683405589088595,1.9627569566777276,0.2340237027353659,420283762442731.06,0.5342465175520426,0.5342465175520426,3441941119269.4814,1.745584851448415,24366.00867945911,24108.6017909481,24027.069023712385,257.4068885110084,81.53276723571764,0.30811452865678157,0.01056417946399264,0.010564179463992641,0.010564179463992641,0.0033818953061944147,81.53276723571764,-183342238.83508876,-0.020134492446937876,5.186454923680009,1.3400236145703215,0.0,0.0,9173100439413.719,-6.128226523496183,0.008131520526733271,0.012172451473097201,742427459883.1544,2343915812904.424,167586090922597.4,47227227596.163124,-0.0676833531813944,0.28678006194897193,-0.11910390644190198,0.0033818953061944147,51201476683686.83,219529995066167.34,221873910879071.78,218787567606284.22,18404.165364905002,47227227596.163124,1.0,91.78188156892602,5.470088061716322e-07,5.470088061716322e-07,0.05215676896599852,5622.903658807386,91.78188156892602
2042.0,984.1672808843301,9154580289.040443,593.1332695929102,0.0002140670139535893,1.9739371539124204,0.2340353654303568,429456862882144.75,0.5326017225048162,0.5326017225048162,3489168346865.6445,1.768990932047589,24800.089915926314,24531.024233126715,24444.967802625066,269.0656827995968,86.05643050164925,0.3165851525766132,0.010849383357550096,0.010849383357550094,0.010849383357550093,0.0035080651212858276,86.05643050164925,-182324273.6044915,-0.019916180518157016,5.128771952267925,1.337232576002755,0.0,0.0,9427548285195.805,-6.089454946041923,0.008438926594450669,0.01263164640514125,787810502415.577,2463183396214.397,171410185838729.4,46951754621.21542,-0.06718697983853567,0.28834536923633647,-0.12033884398667688,0.0035080651212858276,52373234573410.29,224571230914555.28,227034414310769.7,223783420412139.72,18723.980830004402,46951754621.21542,1.0,94.17533069870437,5.318358702293306e-07,5.318358702293306e-07,0.05227325606738509,5720.986972620663,94.17533069870437
2043.0,996.807646947382,9202028588.703463,584.5674438528433,0.00021135735241938956,1.985104399232882,0.23404296358504106,438884411167340.56,0.5309742376567661,0.5309742376567661,3536120101486.86,1.792144439201025,25243.602570811796,24962.50881792223,24871.838640283426,281.09375288956414,90.67017763880489,0.32465239353970826,0.011135247122555396,0.011135247122555397,0.011135247122555399,0.0036322542057033464,90.67017763880489,-181283144.18885687,-0.019700345683711804,5.075071570556909,1.3344473506881798,0.0,0.0,9677292649676.68,-6.052547428067176,0.008741769717065861,0.013083955734378816,834349566775.104,2586632750195.716,175305636455096.78,46700953681.98086,-0.06673883035447889,0.28981097069055967,-0.12154672165592362,0.0036322542057033464,53565733766410.74,229705719788282.62,232292352538478.38,228871370221507.53,19050.759815102556,46700953681.98086,1.0,96.62831340564426,5.170485269073176e-07,5.170485269073176e-07,0.05237356001849269,5821.078825180871,96.62831340564426
2044.0,1009.5910500936434,9248248030.24593,577.5969958693671,0.0002087036054035407,1.9962204788238502,0.23404642705923906,448561703817017.25,0.5293638808313977,0.5293638808313977,3582821055168.841,1.8150694023337428,25696.519823095037,25403.015419066625,25307.63522632911,293.5044040284125,95.38019273751681,0.3323703088573852,0.011421951534644086,0.011421951534644087,0.011421951534644086,0.003754679952913296,95.38019273751681,-180220944.22383425,-0.019487036207769377,5.024866023249083,1.3316679265185902,0.0,0.0,9922697237201.023,-6.017303182411423,0.009040557901853985,0.013530141131560924,882099679609.2169,2714401526424.2715,179272420013177.94,46471207301.76303,-0.06633290453794646,0.29118466370924484,-0.12272910331377845,0.003754679952913296,54778867618902.75,234933387311689.9,237647788838114.16,234051287632080.7,19384.473624288243,46471207301.76303,1.0,99.13350894930795,5.026452007785955e-07,5.026452007785955e-07,0.05248103954702743,5923.161602040865,99.13350894930795
2045.0,1022.518861809461,9293263372.198286,571.901895886534,0.00020610435097930403,2.0072760386794672,0.23403477915588342,458484401054218.25,0.5277704717694842,0.5277704717694842,3629292262470.604,1.837786971392661,26158.824467337115,25852.51360212705,25752.312923482343,306.31086521006864,100.20067864470501,0.3397985834183972,0.011709657121348851,0.011709657121348853,0.011709657121348851,0.003875858269985046,100.20067864470501,-179138375.9854583,-0.019276154006499853,4.977632852018305,1.3288942914111996,0.0,0.0,10161471534659.016,-5.983467765103433,0.009336517133701094,0.01397203569771599,931191296718.248,2846627544163.097,183313114801106.16,46258453063.912605,-0.06596360426634379,0.2924732932332022,-0.12388734826139337,0.003875858269985046,56009911640080.85,240254217737905.28,243100845282068.34,239323026441187.03,19725.37605568195,46258453063.912605,1.0,101.68948284506818,4.886128195381573e-07,4.886128195381573e-07,0.0526298801071714,6026.936867800392,101.68948284506818
2046.0,1035.5924638971946,9337099313.455645,567.2263391220289,0.00020355820968139714,2.0183318719485746,0.23397903068036094,468645872588877.25,0.5261938321088875,0.5261938321088875,3675550715534.5166,1.8603156207986067,26630.46359341677,26310.937864607677,26205.765740686777,319.52572880909594,105.17212392090002,0.3470241321477938,0.011998504182558989,0.011998504182558989,0.011998504182558987,0.0039972776516785805,105.17212392090002,-178034149.772831,-0.019067393822861767,4.93264175544241,1.326126433308388,0.0,0.0,10386767775170.008,-5.95057160380192,0.009633211596308255,0.014414961782643787,982002566056.5076,2983443463094.824,187434482271888.22,46056565948.26398,-0.065625274203677,0.2936826880657862,-0.12502259016055509,0.0039972776516785805,57251355034057.734,245667839872002.47,248651283335097.28,244685837305945.97,20074.166074444274,46056565948.26398,1.0,104.31142346315919,4.7492341936030366e-07,4.7492341936030366e-07,0.052737571394564364,6131.599666242503,104.31142346315919
2047.0,1048.8132485240646,9379780460.254797,563.3658567871391,0.00020106384306604736,2.0293726575593873,0.23388832316342317,479032640364047.25,0.5246337853645937,0.5246337853645937,3721607281482.781,1.882671150017573,27111.272022841793,26778.112162552272,26667.805043287604,333.1598602895183,110.30711926466834,0.35409014059560046,0.012288610435129134,0.012288610435129138,0.012288610435129138,0.004119301562226139,110.30711926466834,-176911681.5059102,-0.018860961858920146,4.889475933525216,1.3233643401776487,0.0,0.0,10601129984673.734,-5.918472767613866,0.009931507321634725,0.014860211464625572,1034656561905.7316,3124966347684.842,191633762641834.94,45862210822.16591,-0.06531092995323991,0.2948172705878072,-0.12613563189391225,0.004119301562226139,58504394021078.46,251172813224819.12,254297779572504.0,250138156662913.4,20430.516839263986,45862210822.16591,1.0,106.99726029622852,4.615877198624223e-07,4.615877198624223e-07,0.05280283061208024,6237.288204023617,106.99726029622852
2048.0,1062.1826182709801,9421331295.642363,560.1570137299491,0.00019861995232530683,2.0403766388930538,0.2337745515063983,489633770348721.0,0.5230901569089574,0.5230901569089574,3767469492304.947,1.904866126431516,27601.13343602194,27253.909483652566,27138.295634692968,347.2239523693735,115.61384895959867,0.36102875022745934,0.012580061365024067,0.012580061365024067,0.012580061365024063,0.0042421014507641975,115.61384895959867,-175774379.01804855,-0.018657063795150614,4.84781567457595,1.3206080000115372,0.0,0.0,10807837057950.195,-5.887089452951046,0.010231810066122726,0.015308389166554415,1089236373412.7362,3271311889054.2114,195907659880705.1,45672877530.38799,-0.0650146059627741,0.2958806624451878,-0.1272270943218929,0.0042421014507641975,59771214092822.3,256768110346940.1,260039422235994.3,255678873973527.38,20794.052744044573,45672877530.38799,1.0,109.74295217493938,4.486151323039458e-07,4.486151323039458e-07,0.05283025749631931,6344.242890648396,109.74295217493938
2049.0,1075.7019861813094,9461776151.318565,557.4691736056269,0.00019622527695339158,2.051322059330721,0.2336496106106145,500441607406671.2,0.5215627739521547,0.5215627739521547,3813142369835.335,1.9269103605018028,28099.991779702897,27738.26300425212,27617.16465706578,361.728775450777,121.09834718633977,0.36786481524703896,0.012872913924197652,0.012872913924197652,0.012872913924197652,0.004365750918425428,121.09834718633977,-174625308.19961318,-0.01845586974442192,4.807410602110241,1.3178574008276185,0.0,0.0,11010218509629.11,-5.856370126113564,0.010534290916950906,0.015759748790614037,1145805453371.8052,3422596700805.83,200253050668966.75,45486642984.6427,-0.06473141979695883,0.2968758744175576,-0.12829746113706997,0.004365750918425428,61054379250296.234,262453235372634.78,265875832073440.6,261307429919262.97,21164.424888773134,45486642984.6427,1.0,112.54392554690085,4.36011364171342e-07,4.36011364171342e-07,0.05282408868639532,6452.739768292645,112.54392554690085
2050.0,1089.3727758096488,9501139181.743296,555.1979166524047,0.00019387859346290558,2.062187162253539,0.23352539537740002,511451825916300.3,0.520051465522841,0.520051465522841,3858629012819.9775,1.9488114047634737,28607.85090659504,28231.165582235004,28104.401140546885,376.68532436003335,126.76444168811744,0.37461665704497,0.013167201045262549,0.013167201045262549,0.013167201045262549,0.004490230533304171,126.76444168811744,-173467219.8843963,-0.018257518026650786,4.768072598352792,1.3151125306684146,0.0,0.0,11211662150075.984,-5.826288457153522,0.0108388974895951,0.016214210686343322,1204406603774.786,3578939694464.7954,204666982114174.97,45302121385.60628,-0.06445745808393817,0.29780544268001186,-0.12934711086183154,0.004490230533304171,62356844741706.01,268228233459655.78,271807173154120.6,267023826855880.97,21541.30975235562,45302121385.60628,1.0,115.39504537213251,4.237789662086431e-07,4.237789662086431e-07,0.05278821895122787,6563.091388191264,115.39504537213251
2051.0,1103.1964212705273,9539444340.393452,553.2597784203012,0.0001915787141489072,2.0729501910426538,0.233413800708083,522663488066376.3,0.5185560624490136,0.5185560624490136,3903931134205.584,1.9705749984432486,29124.77436966773,28732.66939883359,28600.05569021476,392.1049708341435,132.61370861883253,0.3812968196192895,0.013462935913505475,0.013462935913505475,0.013462935913505475,0.004615432933781503,132.61370861883253,-172302575.4094482,-0.018062118637230985,4.729668943630495,1.3123733776013529,0.0,0.0,11415620855153.758,-5.7968389322379945,0.011145365880566582,0.016671379735178182,1265061092142.5083,3740463544863.9097,209146669727165.3,45118413636.2506,-0.06418968204550765,0.2986715511484225,-0.13037634592335615,0.004615432933781503,63681969661791.39,274093700481099.22,277834164025963.1,272828639388956.72,21924.407991098895,45118413636.2506,1.0,118.29058812234709,4.119178202752092e-07,4.119178202752092e-07,0.05275508137441043,6675.647699115863,118.29058812234709
2052.0,1117.1743672870812,9576715358.063293,551.5880443573649,0.0001893244858988654,2.0836286971115316,0.23331217281582267,534079108921530.06,0.5170763973390744,0.5170763973390744,3949049547841.8345,1.9922054667992624,29650.88537320877,29242.885749479785,29104.219926697217,407.9996237289871,138.66582278257076,0.3879347266911872,0.013760116050282854,0.013760116050282854,0.013760116050282854,0.004741865217082331,138.66582278257076,-171131976.59347308,-0.01786958995804186,4.69194773173645,1.3096399297187142,0.0,0.0,11621518178362.11,-5.767885353248284,0.011454910415452768,0.017133065661600777,1327963114680.3284,3907296262649.4355,213693400885937.84,44933447901.750694,-0.06392584336349123,0.2994761401334087,-0.1313854187938361,0.004741865217082331,65029429070515.11,280050793071133.28,283958089333782.7,278722829956452.97,22313.851137489924,44933447901.750694,1.0,121.23518991224377,4.0041452379640454e-07,4.0041452379640454e-07,0.05274680892758221,6790.368789207291,121.23518991224377
2053.0,1131.3080692396888,9612975723.102285,550.1293883588103,0.0001871147890466398,2.094260913533963,0.23320661509238647,545700627099892.2,0.5156123045630927,0.5156123045630927,3993982995743.585,2.013706080147628,30186.29882799037,29761.91788703352,29616.965192407075,424.38094095684943,144.95269462644325,0.39456861941333793,0.014058727218433962,0.014058727218433962,0.014058727218433962,0.0048704083915773215,144.95269462644325,-169954792.16609588,-0.017679727595447243,4.65458657769816,1.3069121751375818,0.0,0.0,11825532088775.328,-5.739227548336611,0.011769646576083814,0.017602420794935236,1393426734442.258,4079563682765.498,218311572587810.06,44744427772.49016,-0.06366339380119299,0.3002206750886974,-0.13237447140488431,0.0048704083915773215,66395594798764.555,286100594121016.9,290180157803782.4,284707167386574.6,22710.092990576788,44744427772.49016,1.0,124.23984861402042,3.892480301529373e-07,3.892480301529373e-07,0.052730144044254246,6906.872201830284,124.23984861402042
2054.0,1145.5989932145667,9648248663.48793,548.8411859084696,0.00018494853626869955,2.1048378219188058,0.23309850478433966,557526159188667.5,0.5141636202342651,0.5141636202342651,4038727423516.075,2.035078932175213,30731.067865836154,30289.80842526028,30138.325971349164,441.2594405758771,151.4824539111137,0.4012078805847518,0.01435874088405587,0.014358740884055867,0.014358740884055867,0.005001103070192562,151.4824539111137,-168772212.67431477,-0.017492523105566607,4.617474215446201,1.304190101999788,0.0,0.0,12028248248135.906,-5.710854109885274,0.012089668758699879,0.0180795821611085,1461540383489.775,4257380807787.6377,223001199105830.47,44550539427.86879,-0.06339916327830306,0.3009060128051507,-0.13334349853467029,0.005001103070192562,67780864167002.65,292243603656322.94,296500984464110.56,290782063272833.1,23113.127250724643,44550539427.86879,1.0,127.30276070317278,3.784107916417217e-07,3.784107916417217e-07,0.05270587781094149,7025.198720624521,127.30276070317278
2055.0,1160.0486160522987,9682557130.634256,547.689366432091,0.00018282467152087653,2.11535015876992,0.23298930444368388,569554407436803.4,0.5127301821905706,0.5127301821905706,4083277962943.944,2.056324677966059,31285.25757573038,30826.612271267,30668.35022854984,458.64530446337915,158.26204271716006,0.4078588647598051,0.014660109585262752,0.014660109585262752,0.014660109585262756,0.005133942105752361,158.26204271716006,-167585347.04059395,-0.01730796366905777,4.580525255544815,1.3014736984718644,0.0,0.0,12230279625018.312,-5.682763711618827,0.012414956273467781,0.018564515076992638,1532381270219.7815,4440859363163.812,227762332821535.3,44351197475.12575,-0.06313088440426784,0.301532820901871,-0.13429245261504386,0.005133942105752361,69185720368698.664,298480434460453.75,302921293823617.56,296948053190234.0,23522.952640364718,44351197475.12575,1.0,130.42179068947667,3.678950196944149e-07,3.678950196944149e-07,0.05267490783669526,7145.39758818512,130.42179068947667
2056.0,1174.6584253963313,9715923784.839758,546.6466966508264,0.00018074216901402173,2.125788660591165,0.2328804766224207,581784687061821.8,0.5113118299766183,0.5113118299766183,4127629160419.07,2.0774429416638234,31848.94523813754,31372.39674061084,31207.099406866255,476.5484975267016,165.2973337445849,0.41452545802924207,0.014962771732737268,0.014962771732737268,0.014962771732737268,0.005268878087679267,165.2973337445849,-166395218.63370702,-0.017126031689682644,4.543675877571263,1.298762952744989,0.0,0.0,12432242368820.055,-5.65496243096691,0.012745391273350282,0.019057040011493553,1606016296499.608,4630108881749.331,232595088308028.3,44146008529.49729,-0.0628569333527271,0.3021016294885699,-0.13522125606837707,0.005268878087679267,70610711075002.23,304811815679530.1,309441924561279.5,303205799383030.56,23939.575222991978,44146008529.49729,1.0,133.59452513480983,3.5769269576479796e-07,3.5769269576479796e-07,0.05263805499845908,7267.524183874276,133.59452513480983
2057.0,1189.4299197414146,9748370982.281912,545.691408439693,0.00017870003222700325,2.136144063886399,0.23277348387255176,594216929430641.8,0.5099084048256862,0.5099084048256862,4171775168948.567,2.09843260718663,32422.220169009488,31927.241316640255,31754.648205091366,494.97885236923076,172.59311154888906,0.42120943656232424,0.015266655083736438,0.015266655083736438,0.015266655083736438,0.00540582601037111,172.59311154888906,-165202771.44686717,-0.01694670542874603,4.506881008749379,1.2960578530349367,0.0,0.0,12634756839762.773,-5.627462316977304,0.01308076509532663,0.01955684215879694,1682501680364.9353,4825237481279.411,237499641332256.12,43934748046.28988,-0.06257616345730473,0.30261287398960834,-0.1361298116199837,0.00540582601037111,72056449782826.95,311238592795448.0,316063830276727.44,309556091115083.06,24363.008113244978,43934748046.28988,1.0,136.8182602981994,3.4779564525782747e-07,3.4779564525782747e-07,0.052596070809854734,7391.64009184639,136.8182602981994
2058.0,1204.3646084819825,9779920763.468763,544.8061020540763,0.0001766972929555557,2.1464071051594833,0.23266978874607863,606851686270404.5,0.5085197496419501,0.5085197496419501,4215709916994.857,2.1192920335957224,33005.18359440362,32491.23745776063,32311.084416812857,513.9461366429894,180.15304094777395,0.4279107664790339,0.015571679374937166,0.015571679374937166,0.015571679374937166,0.005544665425008115,180.15304094777395,-164008875.79549563,-0.016769959569419315,4.4701119626822665,1.2933583875820254,0.0,0.0,12838448640894.203,-5.600280227249237,0.013420783383153667,0.020063479191929745,1761882465767.1729,5026352493059.326,242476228110245.38,43717340798.8664,-0.062287798489217706,0.3030669320670721,-0.13701801129737337,0.005544665425008115,73523617267934.67,317761727843947.25,322788080337006.56,315999845378180.06,24793.271231396295,43717340798.8664,1.0,140.08999028177584,3.3819560068615833e-07,3.3819560068615833e-07,0.05254964383981142,7517.81318541656,140.08999028177584
2059.0,1219.4640119604724,9810594843.061306,543.9768694620732,0.00017473301039555217,2.1565685209142766,0.23257085379500292,619690134911298.8,0.5071457089828979,0.5071457089828979,4259427257793.723,2.1400192219012366,33597.94855572415,33064.48844479734,32876.50882108174,533.4601109268168,187.9796237155989,0.434627853198413,0.015877758430460187,0.015877758430460187,0.015877758430460187,0.005685242160314665,187.9796237155989,-162814333.58475888,-0.016595765719538587,4.433354475233793,1.2906645446510674,0.0,0.0,13043949644124.406,-5.573436886201248,0.01376507019224782,0.02057638749666768,1844191927024.8594,5233561013237.541,247525144762709.8,43493844552.191414,-0.0619913612782028,0.3034641555480651,-0.13788574431980463,0.005685242160314665,75012963135254.28,324382299824988.94,329615860838226.4,322538107897964.06,25230.391094763818,43493844552.191414,1.0,143.4063957986737,3.288842554788364e-07,3.288842554788364e-07,0.052501855011694465,7646.117726317925,143.4063957986737
2060.0,1234.7296615155963,9840414600.983875,543.1925936107673,0.00017280627025933337,2.1666295418845616,0.2324767740035998,632734084555423.1,0.5057861290419299,0.5057861290419299,4302921102345.9146,2.160611949204657,34200.63984513689,33647.10926333589,33451.02741921196,553.5305818009979,196.08184412392774,0.44136441356642575,0.016184801930824298,0.016184801930824298,0.016184801930824298,0.005827598519364974,196.08184412392774,-161619748.6298617,-0.016424079186023573,4.396554619165865,1.2879763125313173,0.0,0.0,13251431229654.531,-5.5469166327138,0.014113722723637201,0.021095708497079202,1929526641904.9429,5446970419245.639,252647138948728.53,43263920268.46288,-0.061686623915541555,0.30380489814466166,-0.13873290405604477,0.005827598519364974,76524839685196.86,331101505275830.3,336548475695075.94,329171978633925.4,25674.440477687604,43263920268.46288,1.0,146.76738011442208,3.198525470683559e-07,3.198525470683559e-07,0.052461644336469604,7776.58694152436,146.76738011442208
2061.0,1250.1630995305404,9869401074.74304,542.444388319156,0.00017091618392378616,2.1766287710065497,0.23238274890913177,645985515785077.6,0.5044408576311424,0.5044408576311424,4346185022614.3774,2.181067879916605,34813.38640756616,34239.21907931439,34034.72180596424,574.167328251775,204.49727335015177,0.4481474906018355,0.01649271695461917,0.01649271695461917,0.01649271695461917,0.0059726033142414375,204.49727335015177,-160425210.98500058,-0.01625480713267876,4.359474598623355,1.2852936795364205,0.0,0.0,13459352901160.125,-5.520565611382141,0.014468830265443322,0.02162454990709295,2018265609384.009,5666687646530.407,257844415490695.97,43025403288.96832,-0.06137324693730005,0.30408943485021805,-0.1395593673082465,0.0059726033142414375,78057904479667.9,337920585579747.8,343587273226278.25,335902319970363.9,26125.6395943367,43025403288.96832,1.0,150.18576498468934,3.1108900441536484e-07,3.1108900441536484e-07,0.052418953679612246,7909.082211627539,150.18576498468934
2062.0,1265.7658794810905,9897574952.878813,541.7251505760918,0.00016906188760892104,2.1865661977044524,0.2322889764268006,659444868686237.8,0.5031097441642922,0.5031097441642922,4389210425903.3457,2.201384518009079,35436.29371226948,34840.91411226329,34627.67669358968,595.3796000061951,213.23741867360124,0.45497967821074436,0.01680140719118294,0.01680140719118294,0.01680140719118294,0.006120316418407232,213.23741867360124,-159231338.59230828,-0.016087914398263202,4.322064695879404,1.282616634004364,0.0,0.0,13667919949883.14,-5.494377185240631,0.014830533092534348,0.02216311536100446,2110533334080.3684,5892814216476.323,263117618700351.72,42777959278.657776,-0.061049680787988815,0.3043175935402501,-0.14036489936757204,0.006120316418407232,79612406818506.92,344840558852939.06,350733373069415.4,342730025518858.6,26584.049118397557,42777959278.657776,1.0,153.66189959345616,3.025856920266562e-07,3.025856920266562e-07,0.05237285879443965,8043.627575192126,153.66189959345616
2063.0,1281.5395659837068,9924956569.475285,541.0292026852485,0.00016724254158575,2.1964364638309184,0.23219634957270127,673112788636120.9,0.5017926396399398,0.5017926396399398,4431988385182.004,2.2215586783963923,36069.47217689268,35452.29592534212,35229.986439322216,617.1762515505617,222.30948601990235,0.4618594646620501,0.017110764707722718,0.017110764707722714,0.017110764707722714,0.00627066541721464,222.30948601990235,-158038773.9018142,-0.015923371834983196,4.2843085178731215,1.2799451642974244,0.0,0.0,13877587761345.938,-5.4683664416498035,0.01519865238026552,0.022711133242728887,2206411993729.904,6125447492350.878,268467218728518.16,42521575970.12376,-0.06071485707252926,0.3044891390349295,-0.14114925052152447,0.00627066541721464,81188866624958.03,351862497347206.1,357987944839557.0,349656085353476.2,27049.71219261583,42521575970.12376,1.0,157.19418045848036,2.943351713135909e-07,2.943351713135909e-07,0.0523238303514022,8180.274246706386,157.19418045848036
2064.0,1297.4857348435114,9951565899.661053,540.3520062261792,0.000165457329412319,2.2062342112385918,0.23210576136292874,686990376397466.8,0.5004893966247711,0.5004893966247711,4474509961152.128,2.241586703252474,36713.04112150587,36073.47524252772,35841.755117338056,639.5658789781555,231.72012518966164,0.46878467079327074,0.017420672857403483,0.017420672857403487,0.01742067285740349,0.00642355979377563,231.72012518966164,-156848108.93463424,-0.01576114859873223,4.246196502279628,1.2772792588021176,0.0,0.0,14088813909384.008,-5.442549754117535,0.01557296534226027,0.02326826661096404,2305978096102.627,6364681991825.76,273893736460572.75,42256304315.34598,-0.06036817642889763,0.3046038402426009,-0.14191217298806222,0.00642355979377563,82787851549130.69,358987566105806.06,365352248097631.8,356681588009703.44,27522.67725724466,42256304315.34598,1.0,160.78080961803158,2.863300700703285e-07,2.863300700703285e-07,0.05227229785123555,8319.077860093397,160.78080961803158
2065.0,1313.6059731022074,9977422556.032927,539.6899334190591,0.00016370545719679596,2.2159540817801213,0.23201810481357793,701079190306850.8,0.49919986923709386,0.49919986923709386,4516766265467.474,2.2614646712126985,37367.12870028541,36704.57179506246,36463.09641011272,662.5569052229448,241.4753849497397,0.4757525258478581,0.017731009265849324,0.017731009265849328,0.017731009265849324,0.00657889121545952,241.4753849497397,-155659888.91550392,-0.015601212441522079,4.207725280198053,1.2746189059291477,0.0,0.0,14302058816008.688,-5.416944523920747,0.015953205929506997,0.02383411431119431,2409301952524.2666,6610610210826.779,279397742738368.12,41982253120.23802,-0.06000933899679883,0.30466148287896294,-0.14265342418946447,0.00657889121545952,84409977846693.77,366217022537586.1,372827632748412.94,363807720585061.9,28002.99788540359,41982253120.23802,1.0,164.41978719827492,2.7856310647476834e-07,2.7856310647476834e-07,0.05221865438483797,8460.09852470913,164.41978719827492
2066.0,1329.9018790859168,10002545785.939575,539.0400843730642,0.0001619861528865637,2.2255907173081524,0.23193427294074376,715381249122859.5,0.4979239131305081,0.4979239131305081,4558748518587.712,2.281188530603773,38031.87185335172,37345.71421635655,37094.13355453768,686.1576369951671,251.58066181887244,0.48275972898122765,0.018041647795852486,0.018041647795852486,0.018041647795852482,0.006736533685267853,251.58066181887244,-154474615.57847065,-0.015443529965702656,4.168897158081749,1.2719640941133588,0.0,0.0,14517786468133.922,-5.39156897341591,0.016339065211048553,0.024408211615445263,2516447088700.252,6863323180416.266,284979857888600.75,41699584700.58607,-0.05963824716132555,0.30466188074128137,-0.1433727697129677,0.006736533685267853,86055911380419.86,373552216357720.94,380415539538137.1,371035769269020.6,28490.732658199136,41699584700.58607,1.0,168.1089042179933,2.7102710863744153e-07,2.7102710863744153e-07,0.052163260455553084,8603.400896338544,168.1089042179933
2067.0,1346.3750624529548,10026954469.564756,538.4001410102345,0.0001602986655823095,2.2351387596753316,0.2318551587605212,729899035590993.4,0.4966613854777485,0.4966613854777485,4600448103288.298,2.300754188990081,38707.416279112775,37997.03997289969,37734.99932974359,710.3763062130798,262.0406431561029,0.48980249912135404,0.018352459928884787,0.018352459928884787,0.018352459928884787,0.006896343592632371,262.0406431561029,-153292750.19882125,-0.015288066846629979,4.129719698468282,1.2693148118136819,0.0,0.0,14736465161942.312,-5.366441980658072,0.01673019151878985,0.024990030512834438,2627469598101.709,7122910878656.143,290640751467353.9,41408511388.606155,-0.05925494896283776,0.3046048857853946,-0.1440699860146111,0.006896343592632371,87726368721041.66,380994589786497.3,388117500665153.44,378367120188395.56,28985.945069317728,41408511388.606155,1.0,171.84573568207634,2.637150304485656e-07,2.637150304485656e-07,0.05210644715987378,8749.05426042586,171.84573568207634
2068.0,1363.0271442414892,10050667118.75277,537.7682503046077,0.00015864226487614767,2.2445928507343065,0.23178165528900516,744635500752935.8,0.4954121449546964,0.4954121449546964,4641856614676.904,2.320157577213813,39393.91642690897,38658.69532356924,38385.83607844609,735.221103339726,272.8592451231536,0.496876615410856,0.01866331581181696,0.01866331581181696,0.01866331581181696,0.007058159693164764,272.8592451231536,-152114716.38819724,-0.01513478802858549,4.0902053824408275,1.2666710475130867,0.0,0.0,14958568259169.266,-5.341582947056382,0.01712619042694219,0.02557897975589718,2742417443006.982,7389462568349.717,296381142165009.0,41109292746.24362,-0.058859604561640175,0.3044903972116762,-0.14474486291325064,0.007058159693164764,89422118334462.84,388545677942478.8,395935140510828.56,385803260499471.9,29488.703452531438,41109292746.24362,1.0,175.62763401782814,2.5661996430496924e-07,2.5661996430496924e-07,0.05204851890154205,8897.132625914648,175.62763401782814
2069.0,1379.8597569171493,10073701876.521624,537.1429309534897,0.0001570162402128489,2.2539476323377223,0.2317146555422906,759594069012105.0,0.4941760517245605,0.4941760517245605,4682965907423.147,2.339394698242159,40091.53550944812,39330.83530248984,39046.79575642233,760.7002069582793,284.0395460675032,0.5039774500719367,0.018974085110284936,0.018974085110284936,0.018974085110284936,0.007221803042904661,284.0395460675032,-150940902.68035102,-0.014983657897613883,4.050371339609237,1.2640327897185313,0.0,0.0,15184574947195.14,-5.317011691460055,0.017526624627090204,0.026174404753307234,2861329708226.557,7663067102306.006,302201797835222.56,40802233364.43097,-0.05845246591427053,0.30431836973114473,-0.1453972059137221,0.007221803042904661,91143981848405.64,396207109391854.8,403870176494160.8,393345779683628.25,29999.080927692754,40802233364.43097,1.0,179.4517229106723,2.497351511858413e-07,2.497351511858413e-07,0.05199037907594484,9047.714828729575,179.4517229106723
2070.0,1396.8745444205238,10096076517.212223,536.5229987783903,0.00015541990027329242,2.2631996977701423,0.23165470727565293,774778643959300.1,0.49295296742222383,0.49295296742222383,4723768140787.578,2.358461666738146,40800.445534346894,40013.62372218445,39718.037848060114,786.8218121624401,295.58587412433536,0.5111014305565914,0.01928463774985184,0.01928463774985184,0.01928463774985184,0.007387130847648171,295.58587412433536,-149771633.4080359,-0.0148346373120983,4.010227360288359,1.2614000269609105,0.0,0.0,15414827502982.64,-5.292741010681779,0.017931143851189324,0.026775780778988123,2984257602566.35,7943813221003.578,308103657328633.3,40487562280.88926,-0.058033864134558064,0.3040888211536027,-0.14602683839143968,0.007387130847648171,92892691898912.67,403980606830112.4,411924420051116.0,400996349227546.0,30517.167416804445,40487562280.88926,1.0,183.31571529580802,2.4305384130237203e-07,2.4305384130237203e-07,0.05194385876637586,9200.87043125567,183.31571529580802
2071.0,1414.073162214569,10117808447.224546,535.9075070968607,0.00015385257237929026,2.272382744227444,0.231595864490783,790193471462282.8,0.4917427551387557,0.4917427551387557,4764255703068.468,2.3773547428018396,41520.82509200084,40707.23097699084,40399.68637664502,813.5941150100085,307.5446003458183,0.5182723797837349,0.019594844592015364,0.019594844592015364,0.019594844592015364,0.007555036119250002,307.5446003458183,-148606620.97794476,-0.014687629416300087,3.969558376648161,1.2587727477950084,0.0,0.0,15646918759287.297,-5.268644097451392,0.01834189615675985,0.027386296457660553,3111677355277.218,8231789409460.443,314090022181325.8,40163231275.00172,-0.05760412664834581,0.3038018152853336,-0.14663359747218221,0.007555036119250002,94666265905515.58,411867965442118.6,420099754851579.06,408756288086841.4,31043.28608508941,40163231275.00172,1.0,187.23315013772714,2.3656680048769888e-07,2.3656680048769888e-07,0.05189970728603255,9356.400291555612,187.23315013772714
2072.0,1431.4572773319433,10138914706.294422,535.2956990608017,0.0001523136019189705,2.281507540094588,0.231536409146405,805840390221570.0,0.49054527940608617,0.49054527940608617,4804418934343.47,2.3960703291795338,42252.81608295368,41411.791629430016,41091.851145295324,841.0244535236649,319.9404841346888,0.5254980591040673,0.01990457752857246,0.01990457752857246,0.01990457752857246,0.007725830531498123,319.9404841346888,-147446032.11685622,-0.014542585314907427,3.9282749937345534,1.2561509407994476,0.0,0.0,15880228157634.578,-5.244680677559186,0.01875962742795434,0.028007054231448447,3243849279732.1533,8527075200184.315,320162506706104.5,39828445104.343895,-0.05716214644368387,0.3034569983590447,-0.14721721524544,0.007725830531498123,96464267179791.6,419870623165628.25,428397698365812.56,416626773885896.06,31577.591485935056,39828445104.343895,1.0,191.20865214068849,2.3026736744225413e-07,2.3026736744225413e-07,0.051852793300183775,9514.259659360268,191.20865214068849
2073.0,1449.0285684222117,10159411969.267029,534.6869695597493,0.00015080235179193953,2.2905698632084426,0.23147729943104253,821720618379204.6,0.48936040618184234,0.48936040618184234,4844247379447.813,2.414604341775025,42996.55219020541,42127.43282278027,41794.65104680472,869.1193674251434,332.78177597554804,0.532775093868877,0.020213699079414282,0.020213699079414286,0.020213699079414286,0.007899407907799152,332.78177597554804,-146290273.66997418,-0.01439948238269233,3.8863784658766805,1.2535345945766383,0.0,0.0,16115300873703.344,-5.22086713454479,0.019184075480003893,0.028637657964496688,3380867157999.922,8829741704140.791,326321715384622.8,39483319903.32918,-0.05670681028237336,0.3030538650688197,-0.14777738512542116,0.007899407907799152,98287362711623.8,427989945254246.56,436819686958387.3,424609078096246.6,32120.138091827568,39483319903.32918,1.0,195.24047842961167,2.241502642584088e-07,2.241502642584088e-07,0.05180353084655498,9674.512954977152,195.24047842961167
2074.0,1466.7887257989837,10179316548.325655,534.0808347695987,0.00014931820187347462,2.299565491405877,0.23141949353321922,837835919252908.0,0.4881880028343438,0.4881880028343438,4883730699351.143,2.432952210712148,43752.17724844195,42854.29234795003,42508.21613044088,897.8849004919188,346.0762175091547,0.540099855391933,0.020522062145464853,0.02052206214546485,0.020522062145464846,0.008075648868478153,346.0762175091547,-145139714.05933112,-0.014258296553633006,3.843873591316558,1.2509236977527312,0.0,0.0,16352684655194.531,-5.1972199984109695,0.019614946069166472,0.02927766413551325,3522819367872.8867,9139854626069.123,332568311315915.06,39128006057.760605,-0.05623757473433254,0.30259194781845933,-0.1483138097317608,0.008075648868478153,100136276580485.31,436227407264273.25,445367261890342.4,432704587896400.4,32670.98628253363,39128006057.760605,1.0,199.32670672485696,2.1821026491595244e-07,2.1821026491595244e-07,0.05175229668485781,9837.229847907249,199.32670672485696
2075.0,1484.7394514869222,10198644395.636581,533.4769078124336,0.00014786054849702987,2.3084902025237612,0.23136394964145868,854188603908102.5,0.4870279381277564,0.4870279381277564,4922858705408.903,2.4511091336397923,44519.845204455516,43592.51846281859,43232.687484584574,927.3267416369233,359.83097823401886,0.547468468275393,0.020829514060038034,0.020829514060038037,0.02082951406003804,0.008254420504310387,359.83097823401886,-143994686.3674385,-0.014119002563619691,3.8007686017815643,1.2483182389775662,0.0,0.0,16592930562924.438,-5.173755913669312,0.020051912143828066,0.029926580791957536,3669788189542.805,9457475676519.34,338903014969231.56,38762687399.671036,-0.05575423345660839,0.30207082261969637,-0.14882620257929274,0.008254420504310387,102011790953734.69,444584594112509.0,454042069789028.4,440914805922966.25,33230.20215453623,38762687399.671036,1.0,203.46522945480532,2.1244221110044928e-07,2.1244221110044928e-07,0.05169943531212051,10002.485330048346,203.46522945480532
2076.0,1502.8824592686635,10217411106.373217,532.8748793010624,0.00014642880395436777,2.317339774398963,0.23131162594428445,870781534471027.0,0.48588008220740175,0.48588008220740175,4961621392808.574,2.469070225042392,45299.72009762291,44342.26978619085,43968.217197666425,957.4503114320486,374.0525885244263,0.554876816066451,0.021135899060053812,0.021135899060053812,0.02113589906005381,0.008435576039026185,374.0525885244263,-142855491.09131792,-0.01398157415846861,3.757075075639919,1.2457182069246233,0.0,0.0,16836593830010.156,-5.150491614627211,0.02049461307381517,0.030583866475044963,3821849072357.124,9782663445826.309,345326603445753.94,38387580605.321304,-0.05525678781288082,0.30149011466197795,-0.14931428970848454,0.008435576039026185,103914747277112.88,453063199795223.94,462845863241050.3,449241350722866.8,33797.85738780275,38387580605.321304,1.0,207.6537480865231,2.068410249132451e-07,2.068410249132451e-07,0.051645262715281914,10170.35980986367,207.6537480865231
2077.0,1521.2194747316307,10235631922.084724,532.2745017879695,0.00014502239601265585,2.326109984868352,0.23126348063022015,887618128301037.1,0.48474430658522183,0.48474430658522183,5000008973413.8955,2.486830607678013,46091.97606174075,45103.715243200466,44714.968374028496,988.2608185402829,388.74686917196624,0.5623205456375924,0.02144105987594231,0.021441059875942307,0.021441059875942307,0.008618954493567381,388.74686917196624,-141722398.63547042,-0.013845984274765261,3.71280787129362,1.2431235902909745,0.0,0.0,17084234779523.484,-5.127443906127083,0.02094265388756056,0.031248929159406913,3979069863707.072,10115473981596.5,351839910074587.75,38002934767.98041,-0.054745374847683784,0.3008495036042434,-0.14977781126773074,0.008618954493567381,105846047609627.2,461665027547922.06,471780501529518.6,457685957684214.94,34374.02915158045,38002934767.98041,1.0,211.88976771222536,2.0140171908205773e-07,2.0140171908205773e-07,0.051590069324835675,10340.939222448045,211.88976771222536
2078.0,1539.7522353147208,10253321734.376486,531.6755773351277,0.00014364076744789584,2.334796611768797,0.23122047188778944,904702363080560.6,0.4836204841253965,0.4836204841253965,5038011908181.876,2.5043854717446816,46896.797348484986,45877.0340484383,45473.11519077216,1019.7633000466891,403.9188576661405,0.5697950706148526,0.021744838831294574,0.021744838831294577,0.02174483883129458,0.008804380362507117,403.9188576661405,-140595651.58838376,-0.013712205198536425,3.6679850778986554,1.2405343777972333,0.0,0.0,17336419768367.578,-5.104629648379066,0.021395604543040125,0.03192112524559432,4141510002232.7607,10455961208288.207,358443824238926.0,37609031120.586914,-0.0542202271319225,0.3001487286319548,-0.15021652305710578,0.008804380362507117,107806656076423.64,470391990317582.44,480847951525870.7,466250480315349.7,34958.80003815401,37609031120.586914,1.0,216.17059193088022,1.9611940511093109e-07,1.9611940511093109e-07,0.05153412243571376,10514.315152618145,216.17059193088022
2079.0,1558.4824903548815,10270495088.871637,531.0779475783606,0.0001422833755940779,2.3433954329371667,0.2311835579055159,922038782848928.2,0.4825084890301118,0.4825084890301118,5075620939302.463,2.521730116003044,47714.37837219062,46662.41571847268,46242.84298702726,1051.9626537179436,419.57273144542006,0.5772955741227742,0.022047078671175967,0.022047078671175967,0.022047078671175963,0.008991663311578614,419.57273144542006,-139475466.81324208,-0.013580208705261693,3.6226279808970254,1.237950558187506,0.0,0.0,17593722140567.703,-5.082065745267371,0.021852999246711136,0.03259975862616271,4309219677734.645,10804177268686.514,365139291368265.1,37206182886.61188,-0.05368165035205391,0.29938759331637227,-0.15063019804178218,0.008991663311578614,109797600425460.52,479246111471460.4,490050288740146.9,474936891793725.7,35552.25801762016,37206182886.61188,1.0,220.49331806583788,1.9098929970212114e-07,1.9098929970212114e-07,0.05147766825058131,10690.584969407097,220.49331806583788
2080.0,1577.4120011335974,10287166189.424896,530.4814857856363,0.00014094969190747678,2.351902226210331,0.2311536968719231,939632504989496.0,0.481408196825479,0.481408196825479,5112827122189.075,2.538859978778297,48544.92377533656,47460.06010850748,47024.348380135896,1084.863666829076,435.7117283715799,0.5848170110694294,0.022347623241716682,0.022347623241716682,0.022347623241716682,0.009180597904330848,435.7117283715799,-138362037.3759984,-0.013449966183907206,3.5767610401908247,1.2353721202293442,0.0,0.0,17856723181809.28,-5.05976913388094,0.022314335872239743,0.03328407990168669,4482238960440.001,11160172833539.586,371927313055112.5,36794735240.303276,-0.05313001080582564,0.29856597030763077,-0.1510186278421053,0.009180597904330848,111819973680758.88,488229525696311.44,499389698529851.06,483747286735871.4,36154.49640907426,36794735240.303276,1.0,224.85483276078773,1.8600672971794216e-07,1.8600672971794216e-07,0.05142093363819411,10869.851971061642,224.85483276078773
2081.0,1596.5425409232123,10303348902.561583,529.8860905091425,0.00013963920154553075,2.360312769425158,0.23113184697553468,957489228171305.2,0.4803194843476007,0.4803194843476007,5149621857429.379,2.5557706632664177,49388.64851395401,48270.1774696866,47817.8394049804,1118.471044267411,452.33806470619663,0.5923541101579877,0.022646318089700388,0.022646318089700388,0.022646318089700388,0.009370963365325566,452.33806470619663,-137255534.32725522,-0.013321448746934236,3.530411879085367,1.232799052713693,0.0,0.0,18126013071833.734,-5.037756778474957,0.02277907541641888,0.033973285653242535,4660596902577.421,11523997406499.535,378808947267206.5,36375065359.96459,-0.0525657284527771,0.2976838058884716,-0.15138162420626355,0.009370963365325566,113874935888964.27,497344480058748.25,508868477465247.75,492683883156170.75,36765.61386492778,36375065359.96459,1.0,229.25180799763652,1.8116713589167104e-07,1.8116713589167104e-07,0.05136412766440146,11052.225540052621,229.25180799763652
2082.0,1615.8758950331644,10319056762.116539,529.2916805112917,0.0001383514029597666,2.3686228404185177,0.23111896640487423,975615241243139.0,0.47924222972878483,0.47924222972878483,5185996922789.344,2.572457959627094,50245.777962101216,49092.988524573724,48623.53567367557,1152.789437527488,469.4528508981517,0.5999013757812789,0.022943011020687153,0.022943011020687156,0.022943011020687156,0.009562523386881712,469.4528508981517,-136156108.35426044,-0.01319462732816032,3.4836112823806635,1.2302313444548452,0.0,0.0,18402191833917.39,-5.0160456631482875,0.023246641621746722,0.034666517962751886,4844310615555.46,11895699640614.547,385785308633225.4,35947582560.03565,-0.0519892730993233,0.2967411244114123,-0.15171902047058064,0.009562523386881712,115963715958231.3,506593335207012.1,518489034847626.75,501749024591456.7,37385.71436582514,35947582560.03565,1.0,233.6806975810367,1.7646607548155575e-07,1.7646607548155575e-07,0.0513097556936859,11237.821307850429,233.6806975810367
2083.0,1635.4138608560895,10334302974.049217,528.6981907090035,0.00013708580750225458,2.3768359565482746,0.23111466635919786,994017433077056.4,0.47817631238390274,0.47817631238390274,5221944505349.38,2.588917865265244,51116.54803450907,49928.724558921036,49441.654448551686,1187.8234755880305,487.07011036935324,0.6074598558216237,0.023237552637281462,0.023237552637281462,0.02323755263728146,0.009755308485690645,487.07011036935324,-135063783.4525728,-0.013069462332557461,3.4363339729515525,1.2276689842903912,0.0,0.0,18685148356205.906,-4.994623551115251,0.02371710169248753,0.035363873385790945,5033530090160.487,12275327676414.861,392858144945669.8,35512116396.49959,-0.05140116236924512,0.2957380326386125,-0.15203067301166234,0.009755308485690645,118086891663911.53,515978566699741.9,528253894376156.75,510945036609581.4,38014.96297642791,35512116396.49959,1.0,238.14197800316768,1.7189883463036153e-07,1.7189883463036153e-07,0.051269348029887585,11426.691472123774,238.14197800316768
2084.0,1655.158247913771,10349100421.412788,528.1055689319037,0.0001358419390450992,2.384992702350493,0.23111176846987982,1012702581433262.2,0.477121612996891,0.477121612996891,5257456621745.88,2.6051466041004483,52001.194205460895,50777.61666882749,50272.342016002236,1223.5775366334083,505.2746528252539,0.6150635236835534,0.02352979686964409,0.02352979686964409,0.02352979686964409,0.009950735894531326,505.2746528252539,-133978044.15514822,-0.012945863765892268,3.388264085914763,1.2251119610811707,0.0,0.0,18971074214352.766,-4.9733381428085774,0.0241938653584719,0.03607040113145277,5229138122483.035,12662926800004.027,400032183585537.56,35065485279.398285,-0.05080157569810739,0.2946745997457421,-0.15231643080389218,0.009950735894531326,120241332357679.0,525502654065699.6,538165580865703.6,520273515943216.56,38653.812147561315,35065485279.398285,1.0,242.6569319981831,1.6745899639247055e-07,1.6745899639247055e-07,0.051230860311803905,11618.52986844092,242.6569319981831
2085.0,1675.1108779029994,10363461669.456585,527.5137733311077,0.00013461933361249014,2.3930963821218962,0.23110906603401135,1031673655647615.0,0.476078013507396,0.476078013507396,5292522107025.278,2.6211404766326396,52899.89468918468,51639.84044018562,51115.75164061793,1260.0542489990596,524.0887995676844,0.6227146909693663,0.023819598439704943,0.02381959843970495,0.02381959843970495,0.010148923681798282,524.0887995676844,-132898933.38890201,-0.012823797455688438,3.3393552832197795,1.222560263711225,0.0,0.0,19259457338743.594,-4.9521778811423225,0.024677209659369814,0.03678650471320266,5431374185711.212,13058523910937.658,407309309929501.3,34607280478.34552,-0.050188611231973684,0.2935502471107259,-0.15257597861489808,0.010148923681798282,122426822903505.1,535167507018717.7,548226030929655.4,529736132833006.44,39302.438019328234,34607280478.34552,1.0,247.22727507771575,1.6314243580162625e-07,1.6314243580162625e-07,0.05119205919210423,11813.313621289693,247.22727507771575
2086.0,1695.2735847412569,10377398970.842588,526.9227703080184,0.00013341753902485707,2.4011431610164253,0.2311065591809664,1050933112986358.6,0.4750453970975581,0.4750453970975581,5327129387503.624,2.636894947640119,53812.821522942315,52515.56679706059,51972.04530654378,1297.25472588173,543.5214905167988,0.6304093148218652,0.024106796283273578,0.024106796283273585,0.024106796283273578,0.010349721495288535,543.5214905167988,-131826588.7410981,-0.012703239907369053,3.289616740034017,1.2200138810877466,0.0,0.0,19550463788999.594,-4.93115819488181,0.025166764507963624,0.03751162874056668,5640339356319.858,13462129857285.75,414690874389076.3,34137665372.495556,-0.04956095868856311,0.2923643293244531,-0.15280898316125374,0.010349721495288535,124643775087635.47,544974988833031.75,558437118690317.5,539334649476711.8,39960.964742151154,34137665372.495556,1.0,251.85069926485386,1.5894553034936852e-07,1.5894553034936852e-07,0.051153093748470324,12011.080564392627,251.85069926485386
2087.0,1715.648214612303,10390924270.958014,526.3325328587852,0.00013223611455469043,2.4091292041880235,0.23110424804011895,1070483576775358.2,0.47402364817893566,0.47402364817893566,5361267052876.119,2.652404911838613,54740.151039065,53404.97207913066,52841.39124640286,1335.178959934338,563.5808327278013,0.6381431597108076,0.024391218047270197,0.024391218047270194,0.024391218047270187,0.010552965590783161,563.5808327278013,-130761132.2129906,-0.01258416756808245,3.2390602502932992,1.2174728021410341,0.0,0.0,19844258589038.5,-4.910294533081734,0.025662127595284967,0.038245170570068154,5856125753438.039,13873743460854.191,422178278546861.44,33656829769.86798,-0.04891799523750891,0.2911162521971829,-0.15301512310113427,0.010552965590783161,126892616266574.33,554927020566873.8,568800764027728.0,549070894813435.8,40629.521257009204,33656829769.86798,1.0,256.524709334683,1.548647487414869e-07,1.548647487414869e-07,0.051114096582877355,12211.869989393657,256.524709334683
2088.0,1736.2366260115843,10404049213.30725,525.7430392510028,0.00013107463059360594,2.417050676790634,0.2311021327408429,1090327835364396.8,0.4730126523795661,0.4730126523795661,5394923882645.987,2.667664999332677,55682.063845296376,54308.23779525865,53723.963787027096,1373.826050037729,584.2740082315537,0.6459117958805932,0.0246726855142202,0.024672685514220204,0.02467268551422021,0.01075847849149993,584.2740082315537,-129702671.54260375,-0.012466556903316852,3.1877002859180097,1.214937015824441,0.0,0.0,20141005521701.0,-4.889602358644606,0.026162863629264788,0.03898647925672749,6078815535697.369,14293353835116.04,429772974116025.7,33164990651.96456,-0.04825949536288576,0.28980547669089457,-0.15319409028837885,0.01075847849149993,129173789058140.67,565025578709863.8,579318932544979.8,558946763174166.4,41308.241176553325,33164990651.96456,1.0,261.2466179081981,1.5089665226215846e-07,1.5089665226215846e-07,0.05107518778154452,12415.722610473773,261.2466179081981
2089.0,1757.040689791527,10416785144.96769,525.1542719659785,0.0001299326683302502,2.4249037439781977,0.23110021341251225,1110468840886097.8,0.4720122965311636,0.4720122965311636,5428088873297.952,2.6826697515021465,56638.74480368707,55225.55047257089,54619.94329450067,1413.19433111618,605.6071780702201,0.65371059796086,0.024951017823830447,0.024951017823830447,0.024951017823830444,0.010966068656409493,605.6071780702201,-128651301.31514828,-0.012350384454007794,3.135554059141142,1.2124065111143303,0.0,0.0,20440867174494.92,-4.869097143250116,0.02666850362868045,0.0397348545900188,6308479856207.671,14720941715323.572,437476462666027.44,32662392944.50459,-0.04758547066196042,0.2884315228927988,-0.15334559105244336,0.010966068656409493,131487751263104.7,575272693785339.8,589993635500663.4,568964213929132.1,41997.26274256225,32662392944.50459,1.0,266.0135408213928,1.4703789513304925e-07,1.4703789513304925e-07,0.05103647736301409,12622.680551938422,266.0135408213928
2090.0,1778.0622892066774,10429143122.095034,524.5662168532685,0.00012880981943865668,2.432684570904659,0.2310984901845009,1130909708060592.8,0.4710224686564513,0.4710224686564513,5460751266242.457,2.6974137253041066,57610.38301185195,56157.10156162991,55529.51617886722,1453.2814502220367,627.5853827626918,0.6615347437862165,0.02522603347252628,0.02522603347252628,0.02522603347252628,0.011175530170016785,627.5853827626918,-127607103.93019602,-0.012235626880970636,3.0826415876949382,1.209881277010024,0.0,0.0,20744005118455.17,-4.848794367172993,0.027178544184184195,0.04048954608330613,6545177778166.906,15156480241051.45,445290295805583.5,32149310312.19278,-0.04689608161523613,0.2869939740341612,-0.1534693475053373,0.011175530170016785,133834975924514.47,585670449508264.9,600826929749316.2,579125271730098.0,42696.72882925519,32149310312.19278,1.0,270.8223928046634,1.4328522420738492e-07,1.4328522420738492e-07,0.050998066854573976,12832.78734961203,270.8223928046634
2091.0,1799.3033199586828,10441133915.464727,523.9788624548866,0.00012770568577667987,2.440389322723958,0.23109696318618286,1151653713179048.0,0.47004305795662676,0.47004305795662676,5492900576554.649,2.711891558105105,58597.171788554784,57103.08737503127,56452.87493556996,1494.0844135235136,650.2124394613054,0.669379213466726,0.02549755163806965,0.02549755163806965,0.02549755163806965,0.011386642462796423,650.2124394613054,-126570150.47011146,-0.012122261001043574,3.028985762477829,1.2073613025337573,0.0,0.0,21050580153109.453,-4.828709514693953,0.027692446931741443,0.041249752279344354,6788955153916.491,15599935442607.584,453216075644253.9,31626045974.067047,-0.04619158922720283,0.2854924805580493,-0.15356509887651965,0.011386642462796423,136215951471014.25,596220982269184.6,611820917711792.2,589432027115268.1,43406.786974830364,31626045974.067047,1.0,275.6698835088068,1.3963547822536794e-07,1.3963547822536794e-07,0.05096005035630924,13046.087960739596,275.6698835088068
2092.0,1820.7656902411327,10452768016.037258,523.3921994651328,0.000126619879094148,2.4480141645900386,0.23109563254693202,1172704293332157.5,0.4690739547989594,0.4690739547989594,5524526622528.717,2.726098010833995,59599.30866454141,58063.70904626573,57390.21821016874,1535.599618275684,673.4908360969855,0.6772387887470878,0.025765393134321513,0.025765393134321513,0.025765393134321513,0.011599170069558275,673.4908360969855,-125540501.4904657,-0.012010263816996034,2.974612417262926,1.204846576730631,0.0,0.0,21360752579473.97,-4.808858074692898,0.02820963799891496,0.04201462001661094,7039843470648.762,16051266575351.092,461255455427961.2,31092933535.27319,-0.04547232875925833,0.2839267642388115,-0.15363260287653785,0.011599170069558275,138631181912689.72,606926480811299.6,622977747386650.6,599886637340650.9,44127.589430883345,31092933535.27319,1.0,280.5525139149755,1.3608558673983235e-07,1.3608558673983235e-07,0.05092251529506875,13262.628779285402,280.5525139149755
2093.0,1842.4513207842442,10464055640.535887,522.8062202988283,0.00012555202075038968,2.4555552616568432,0.23109449839612245,1194065045911631.5,0.46811505070451864,0.46811505070451864,5555619556063.99,2.7400279993124426,60616.995378951535,59039.17250108696,58341.750878235696,1577.8228778645723,697.4216228512662,0.685108052689339,0.02602938116613498,0.02602938116613498,0.02602938116613498,0.011812862431945943,697.4216228512662,-124518207.7503252,-0.011899612542957422,2.9195503999839323,1.2023370886685611,0.0,0.0,21674682479387.406,-4.7892555392560165,0.02872950761771531,0.04278324394244892,7297858666428.484,16510426384885.344,469410140285591.1,30550337830.78067,-0.044738695706957515,0.28229662235517655,-0.1536716370899703,0.011812862431945943,141081187070550.56,617789186022570.2,634299612407455.6,610491327356141.8,44859.29322347828,30550337830.78067,1.0,285.46657316684906,1.3263256881095621e-07,1.3263256881095621e-07,0.05088554298294068,13482.457654757414,285.46657316684906
2094.0,1864.3621448993808,10475006737.026377,522.2209187461963,0.00012450174144080194,2.4630087790783133,0.23109356086312796,1215739728391019.0,0.46716623833603105,0.46716623833603105,5586169893894.7705,2.7536766192256725,61650.43788130784,60029.68843669242,59307.68413535272,1620.7494446154133,722.0043013396967,0.6929813897114458,0.02628934197897754,0.02628934197897754,0.02628934197897754,0.012027453750674147,722.0043013396967,-123503310.89126973,-0.011790284626234961,2.8638316451247636,1.1998328274382353,0.0,0.0,21992529988748.47,-4.7699174029364535,0.02925140984550123,0.043554666185561586,7562999920695.345,16977361351378.213,477681888047401.75,29998655776.39123,-0.04399113856532198,0.280601931917897,-0.15368200039799276,0.012027453750674147,143566502827850.38,628811390795947.5,645788752147325.8,621248390875252.1,45602.06022196842,29998655776.39123,1.0,290.4081358641116,1.292735315224685e-07,1.292735315224685e-07,0.05084920904570378,13705.623913384303,290.4081358641116
2095.0,1886.5001085234233,10485630990.489065,521.6362896970044,0.00012346868093214168,2.4703708820083925,0.2310928200773226,1237732258379767.5,0.466227411485865,0.466227411485865,5616168549671.162,2.767039167761266,62699.84633889376,61035.472305765885,60288.2355938257,1664.3740331278782,747.2367119401849,0.7008529860119896,0.026545105455791834,0.02654510545579183,0.02654510545579183,0.012242662892764985,747.2367119401849,-122495844.0721964,-0.011682257766204589,2.8074912467382656,1.1973337821530623,0.0,0.0,22314455557424.188,-4.750859162093472,0.02977466241851756,0.044327876223316354,7835248423951.153,17452011941530.953,486072510109123.8,29438317222.32554,-0.04323015535776534,0.27884265395189195,-0.1536635144306438,0.012242662892764985,146087681395400.94,639995439928475.9,657447451870006.8,632160191504524.8,46356.05721296251,29438317222.32554,1.0,295.37305985695286,1.260056683626265e-07,1.260056683626265e-07,0.05081358375928269,13932.178380863199,295.37305985695286
2096.0,1908.8671702629629,10495937828.374434,521.0523289200669,0.00012245248780623288,2.477637735601022,0.23109227616808026,1260046713937191.8,0.4652984650641425,0.4652984650641425,5645606866893.487,2.780111163594226,63765.43514922465,62056.74430341737,61283.62938366589,1708.690845807282,773.1149197514817,0.708716830409359,0.026796505690090285,0.026796505690090285,0.026796505690090292,0.01245819335883058,773.1149197514817,-121495832.56497535,-0.011575509930758813,2.750567531621121,1.1948399419491262,0.0,0.0,22640620191494.312,-4.732096314260891,0.030298546749302435,0.04510181095945909,8114566131900.241,17934312885505.758,494583872322884.25,28869785804.640617,-0.04245629225081991,0.2770188378318872,-0.15361602504861802,0.01245819335883058,148645291585213.5,651343730039998.0,669278042925503.8,643229163908097.8,47121.455977553494,28869785804.640617,1.0,300.35698458177933,1.2282625750213542e-07,1.2282625750213542e-07,0.05077873231678143,14162.173406112395,300.35698458177933
2097.0,1931.4653014383434,10505936426.134096,520.4690328869968,0.00012145281921179507,2.484805505010145,0.23109192926477493,1282687334128686.0,0.4643792950869753,0.4643792950869753,5674476652698.128,2.792888366147867,64847.42295725708,63093.729355616844,62294.09625589622,1753.6936016402303,799.6330997206287,0.7165667156222996,0.027043381551124145,0.027043381551124145,0.027043381551124145,0.012673733315297241,799.6330997206287,-120503294.31492317,-0.011470019370683092,2.6931021321743316,1.1923512959851383,0.0,0.0,22971185675099.83,-4.713644357510603,0.030822308078780614,0.045875355027150344,8400894509897.472,18424193489750.395,503217895899955.3,28293559789.709713,-0.0416701433225547,0.275130625669617,-0.15353940385417028,0.012673733315297241,151239919087968.44,662858709497821.1,681282902987571.5,654457814987923.8,47898.43337031557,28293559789.709713,1.0,305.3553299786335,1.1973265999443702e-07,1.1973265999443702e-07,0.050744715039992894,14395.66288558065,305.3553299786335
2098.0,1954.2964861275175,10515635712.719784,519.8863986313299,0.00012046934062410955,2.4918703553897035,0.23109177949678053,1305658519803785.8,0.46346979866482535,0.46346979866482535,5702770212487.838,2.805366794644192,65946.03267694378,64146.65710803301,63319.87368650003,1799.3755689107725,826.7834215329767,0.7243962400172316,0.027285577249590548,0.027285577249590555,0.027285577249590555,0.012888955696327932,826.7834215329767,-119518240.46935663,-0.011365764632259613,2.6351400584809173,1.1898678334423909,0.0,0.0,23306314770015.36,-4.695518789787357,0.03134515579346642,0.046647341331575,8694153274156.825,18921577993033.598,511976558312271.56,27710172906.980434,-0.04087235096550983,0.273178256749736,-0.15343354973046985,0.012888955696327932,153872166750393.94,674542878336822.2,693464456329855.9,665848725062665.5,48687.171398775376,27710172906.980434,1.0,310.3632960308812,1.1672231791901958e-07,1.1672231791901958e-07,0.05070633804372049,14632.702287724662,310.3632960308812
2099.0,1977.3627212097454,10525044376.0436,519.3044236359176,0.00011950172561224961,2.498850493437262,0.23109354603047005,1328964834573801.0,0.4625698739909878,0.4625698739909878,5730480385394.818,2.8175427472258265,67061.49151672013,65215.76191436761,64361.13549887438,1845.729602352509,854.6264154932301,0.7322220358035222,0.027522942908186326,0.027522942908186323,0.027522942908186316,0.013104599109267605,854.6264154932301,-118540844.90159522,-0.01126274062762243,2.576506293595693,1.1873895435247095,0.0,0.0,23647164447216.484,-4.677651576540989,0.03186886190365279,0.047420386228164246,8994980948005.322,19426385970937.465,520860159313611.3,27117843075.250286,-0.04006360663363469,0.2711620720106996,-0.1532983904085009,0.013104599109267605,156543647904596.6,686398788166213.2,705825174137150.8,677403807218207.9,49487.69246989193,27117843075.250286,1.0,315.3918694966726,1.137932937577343e-07,1.137932937577343e-07,0.050656396083057054,14873.443028982447,315.3918694966726
2100.0,2000.666016409107,10534170868.393435,518.7231057429201,0.00011854965561361307,2.5057968237624633,0.23110133164956512,1352611999021017.5,0.4616794203301947,0.4616794203301947,5757598228470.068,2.829412820302053,68194.04602842995,66301.29742642921,65417.95938994916,1892.7486020007311,883.3380364800564,0.7400963612440518,0.0277553351389599,0.0277553351389599,0.02775533513895991,0.0133230882466553,883.3380364800564,-117571496.8822287,-0.011160963530123517,2.5166773854593907,1.1849164154584066,0.0,0.0,23996265405135.406,-4.659850672439124,0.03239924923825188,0.04820308023236619,9305233810832.066,19938537184388.5,529866496768110.0,26511109599.05087,-0.03924317230474771,0.26908204109173905,-0.1531337615164784,0.0133230882466553,159257465307237.12,698429195886179.2,718367733070567.8,689123962075347.1,50299.78186113473,26511109599.05087,1.0,320.47696844972796,1.1094439779418823e-07,1.1094439779418823e-07,0.05060872420732676,15118.177528814424,320.47696844972796
2101.0,2024.2083943378414,10543023411.79797,518.1424430818618,0.00011761281971550375,2.5127065094528565,0.2311148882696029,1376608264426153.0,0.4607983380073391,0.4607983380073391,5784109338069.119,2.84097328011282,69343.98281466393,67403.5575440581,66490.62428759526,1940.4252706058387,912.9332564628457,0.7480159149190294,0.02798260486121809,0.02798260486121809,0.02798260486121809,0.013544288902942698,912.9332564628457,-116610123.5138898,-0.011060406390011376,2.4556594601192643,1.182448438492234,0.0,0.0,24353531807233.594,-4.642127625887292,0.0329359867033725,0.04899492678730333,9625076696296.742,20457949056841.77,538997850279330.6,25890075179.440567,-0.03840720450638484,0.2669370259601579,-0.1529392158717991,0.013544288902942698,162014358249848.9,710637285225476.2,731095234282317.9,701012208529179.5,51123.65108439154,25890075179.440567,1.0,325.61657919487783,1.0817303439504552e-07,1.0817303439504552e-07,0.05056392561174228,15366.973203203725,325.61657919487783
2102.0,2047.9918905395007,10551610003.336288,517.562434012125,0.0001166909144435194,2.519573992748391,0.23113375190972776,1400961796233386.5,0.4599265283963177,0.4599265283963177,5809999413248.56,2.852218705059305,70511.58888869433,68522.83981626593,67579.42311770601,1988.749072428396,943.4166985599168,0.7559742952961941,0.028204570394346446,0.028204570394346446,0.028204570394346446,0.013767915939992447,943.4166985599168,-115656631.82375206,-0.010961041185864799,2.3934891385516517,1.1799856018973365,0.0,0.0,24718761704920.844,-4.624504336224084,0.033478380813936726,0.049794895368167946,9954565073839.314,20984504606761.227,548256775660222.9,25255163937.218365,-0.03755363943531283,0.2647259412646568,-0.15271431624417584,0.013767915939992447,164814941328259.5,723026282062321.8,744010786669083.0,713071716988482.4,51959.53750061563,25255163937.218365,1.0,330.8064682778072,1.0547664890249304e-07,1.0547664890249304e-07,0.05052189740340407,15619.885617090384,330.8064682778072
2103.0,2072.0185535319274,10559938420.387594,516.983077076983,0.00011578364355651152,2.526393715889016,0.23115745858908404,1425680557938307.2,0.4590638939089908,0.4590638939089908,5835254577185.778,2.863142778473381,71697.1499644435,69659.44292525767,68684.65207756292,2037.7070391858276,974.7908476947395,0.7639648338409887,0.028421032637927453,0.028421032637927453,0.028421032637927453,0.01399366412879096,974.7908476947395,-114710932.04254769,-0.010862841001144524,2.3302065519610196,1.1775278949672054,0.0,0.0,25091765678044.906,-4.607002729495658,0.034025690415865895,0.05060188623763717,10293731324413.871,21518060852592.67,557645874892935.56,24606837695.492073,-0.036681600989880825,0.2624478181099357,-0.15245865199919484,0.01399366412879096,167659821471875.62,735599427689225.2,757117488541817.9,725305696364811.2,52807.68245923802,24606837695.492073,1.0,336.0421199967645,1.0285279674041851e-07,1.0285279674041851e-07,0.05048253596714192,15876.969618324896,336.0421199967645
2104.0,2096.2904448500367,10568016225.817007,516.4043709668598,0.00011489071784789216,2.5331601211146793,0.23118554432681604,1450772323616352.2,0.4582103379842588,0.4582103379842588,5859861414881.2705,2.873738815621105,72900.95069180227,70813.66631878693,69806.61045622158,2087.284373015349,1007.0558625653475,0.7719805922296882,0.028631785363672422,0.028631785363672422,0.028631785363672422,0.014221207782574234,1007.0558625653475,-113772937.61664896,-0.010765779989881994,2.2658555512351373,1.1750753070176323,0.0,0.0,25472364460455.562,-4.589644748693147,0.034577125926116836,0.051414729454931196,10642582695894.734,22058455121920.49,567167795148546.0,23945598230.81047,-0.03579089449745341,0.26010180845275177,-0.15217184078892956,0.014221207782574234,170549596822090.75,748359974666531.5,770418429788451.9,737717391970636.8,53668.33122028998,23945598230.81047,1.0,341.3187300794114,1.0029913787996113e-07,1.0029913787996113e-07,0.05044574199901053,16138.279235931594,341.3187300794114
2105.0,2120.8096390884043,10575850773.09386,515.8263144899605,0.00011401185495307068,2.5398676506653315,0.23121754514206813,1476244688076807.8,0.45736576507725296,0.45736576507725296,5883807013112.081,2.884000064686945,74123.27485285142,71985.81005043718,70945.60066827276,2137.4648024142416,1040.209382164421,0.780014360168104,0.02883662124558729,0.028836621245587293,0.028836621245587293,0.014450200413603648,1040.209382164421,-112842565.03392458,-0.010669833326412718,2.2004839117165824,1.1726278273866613,0.0,0.0,25860387297464.72,-4.5724523482994535,0.035131848631057117,0.052232183971096524,11001099198543.078,22605508783073.574,576825229570015.2,23271989478.90842,-0.03488172777149022,0.25768718983199085,-0.15185353034244187,0.014450200413603648,173484856105145.5,761311184873703.9,783916693656777.4,750310085675160.8,54541.73304312526,23271989478.90842,1.0,346.63120002030865,9.781343113289816e-08,9.781343113289816e-08,0.050411422808514406,16403.867625147497,346.63120002030865
2106.0,2145.578223943678,10583449211.33934,515.2489065487974,0.00011314677916281206,2.54651074678092,0.2312529970539846,1502105075374272.5,0.45653008064864065,0.45653008064864065,5907079002590.989,2.893919883171609,75364.40553064003,73176.17472902543,72101.92840125573,2188.2308016145957,1074.2463277696859,0.7880586538568132,0.029035335530178796,0.0290353355301788,0.029035335530178796,0.014680274443801784,1074.2463277696859,-111919733.57025874,-0.010574977149259191,2.1341435334777716,1.1701854454345437,0.0,0.0,26255670720483.72,-4.555447491170087,0.035688970114583496,0.05305293691454105,11369231450418.264,23159029551576.445,586620919016404.5,22586599696.270275,-0.03395455802856065,0.25520337041419555,-0.15150340035277785,0.014680274443801784,176466178257910.94,774456328724733.9,797615358276310.4,763087097274315.5,55428.14136509353,22586599696.270275,1.0,351.9741321497895,9.539352858416122e-08,9.539352858416122e-08,0.05037949312629175,16673.7870361622,351.9741321497895
2107.0,2170.5983002567696,10590818490.300667,514.6721461214266,0.00011229522124231522,2.553083851701394,0.2312914360817099,1528360746094756.2,0.45570319115404284,0.45570319115404284,5929665602287.26,2.9034918458580274,76624.62525728693,74385.06152115439,73275.90281976042,2239.56373613254,1109.1587013939768,0.7961057151441431,0.029227728404708365,0.029227728404708376,0.029227728404708372,0.014911040990112548,1109.1587013939768,-111004365.0136759,-0.01048118850448966,2.06689063696857,1.167748150543692,0.0,0.0,26658057558564.688,-4.538652146645642,0.036247551864686645,0.05387560313708162,11746898483401.205,23718813026839.348,596557654308953.1,21890063575.43605,-0.03301000847510473,0.2526498943367567,-0.15112116445716367,0.014911040990112548,179494132168040.3,787798684960394.6,811517497987233.9,776051786476993.4,56327.81402639422,21890063575.43605,1.0,357.3418255069374,9.30373703091964e-08,9.30373703091964e-08,0.050349875103162356,16948.088793366205,357.3418255069374
2108.0,2195.8719820548695,10597965365.249416,514.0960322464483,0.00011145691825581835,2.559581407666702,0.23133239824438825,1555018803653321.0,0.45488500403356286,0.45488500403356286,5951555665862.696,2.9127098154268176,77904.21614536189,75612.77217515944,74467.83679337932,2291.4439702024483,1144.9353817801184,0.8041475114081397,0.029413606651619878,0.029413606651619878,0.029413606651619868,0.015142089740180912,1144.9353817801184,-110096383.39562854,-0.010388445291266292,1.998785953707882,1.1653159321186333,0.0,0.0,27067396082717.188,-4.522088289280196,0.03680660509431255,0.05469872507157647,12133985521554.312,24284643832615.164,606638278713231.0,21183064309.943157,-0.0320488234461581,0.25002644733105256,-0.15070657230703224,0.015142089740180912,182569276448049.28,801341540682834.5,825626184515449.8,789207555161280.2,57241.01351589519,21183064309.943157,1.0,362.728272590921,9.074297943450044e-08,9.074297943450044e-08,0.05032249787968057,17226.823277484134,362.728272590921
2109.0,2221.401396593246,10604896401.80186,513.5205640110195,0.00011063161339654446,2.5659978569167947,0.231375419561164,1582086199736038.2,0.4540754277014257,0.4540754277014257,5972738730172.64,2.9215679929173435,79203.4600048605,76859.60904836471,75678.04712922622,2343.8509564957876,1181.5619191384992,0.8121757362087075,0.02959278491560787,0.029592784915607875,0.029592784915607875,0.01537298893096098,1181.5619191384992,-109195714.74406241,-0.010296726210876435,1.929894911557535,1.1628887795859626,0.0,0.0,27483539221942.188,-4.50577789784064,0.037365090805001944,0.055520772941162644,12530341744777.97,24856296574902.027,616865690500576.8,20466335603.432224,-0.03107184486134345,0.24733286260748005,-0.15025941172433238,0.01537298893096098,185692159195546.0,815088191440900.8,839944488015802.8,802557849696122.8,58168.00722313196,20466335603.432224,1.0,368.12715706620565,8.85084575544556e-08,8.85084575544556e-08,0.05029729693501772,17510.039906094262,368.12715706620565
2110.0,2247.188684396834,10611617980.65957,512.9457405412697,0.00010981905582180761,2.572327641691618,0.23142003605118158,1609569738957980.5,0.45327437153572586,0.45327437153572586,5993205065776.072,2.930060957540318,80522.63844711696,78125.87512726705,76906.85479731894,2396.7633198499148,1219.0203299481154,0.8201818107508031,0.029765086764065526,0.029765086764065526,0.029765086764065522,0.0156032854411209,1219.0203299481154,-108302286.8647814,-0.010206010719776195,1.860287814021789,1.1604666823942982,0.0,0.0,27906343814278.97,-4.489742954383063,0.0379219201174561,0.056340145353557136,12935778052066.984,25433536740304.68,627242845493127.5,19740663616.475506,-0.030080000450617428,0.2445691269837186,-0.14977951094032355,0.0156032854411209,188863317710077.06,829041941255271.4,854475477995576.0,816106163203204.5,59109.06768754041,19740663616.475506,1.0,373.53185249794814,8.633198049498041e-08,8.633198049498041e-08,0.05027421332939652,17797.787109778536,373.53185249794814
2111.0,2273.2359993016407,10618136302.268772,512.3715609946427,0.00010901900049310712,2.578565204231123,0.23146578373358526,1637476082772259.5,0.4524817458682835,0.4524817458682835,6012945729392.548,2.9381837010880045,81862.03297640367,79411.87403458892,78154.58514131758,2450.158941814744,1257.2888932713477,0.8281568861991471,0.029930345640463023,0.029930345640463023,0.029930345640463023,0.015832505007043637,1257.2888932713477,-107416029.15330869,-0.010116278986770698,1.7900400129410803,1.1580496300142349,0.0,0.0,28335669869909.0,-4.474005443296241,0.03847595489044142,0.057155170309718395,13350064840083.824,26016121606411.574,637772759530644.9,19006888843.923347,-0.02907429845859006,0.2417353872367801,-0.14926674091276287,0.015832505007043637,192083278147134.97,843206102517863.5,869222224124275.1,829856037677779.9,60064.47283920929,19006888843.923347,1.0,378.9354221942931,8.421179440396848e-08,8.421179440396848e-08,0.05025319290189301,18090.112302108293,378.9354221942931
2112.0,2299.5455084959044,10624457391.397236,511.7980245537726,0.00010823120802104264,2.5847049867752574,0.23151219862751937,1665811752642168.5,0.45169746197460725,0.45169746197460725,6031952618236.472,2.9459316598274974,83221.92506958636,80717.91001955283,79421.56806938785,2504.0150500335326,1296.3419501649767,0.8360918468841726,0.03008840576494463,0.030088405764944634,0.030088405764944634,0.016060152571479556,1296.3419501649767,-106536872.43717752,-0.01002751185424696,1.7192320738876152,1.155637611938298,0.0,0.0,28771379831107.97,-4.458587350249622,0.03902600864755945,0.057964106653266234,13772929814208.594,26603801206498.684,648458510815841.6,18265907914.94247,-0.028055825892783284,0.2388319566584803,-0.14872101771705748,0.016060152571479556,195352555095324.8,857583995725375.1,884187796931873.8,843811065911166.5,61034.50622719868,18265907914.94247,1.0,384.33062023211136,8.214621214428136e-08,8.214621214428136e-08,0.050234185456641045,18387.06184218917,384.33062023211136
2113.0,2326.119392561066,10630587101.627693,511.2251304215895,0.00010745544451488998,2.590741431563971,0.23155881675212828,1694583132473276.5,0.4509214320639626,0.4509214320639626,6050218526151.414,2.9533007454535545,84602.59624394948,82044.28792906471,80708.13822116108,2558.308314884768,1336.1497079036399,0.8439773144380978,0.03023912301116564,0.03023912301116564,0.030239123011165638,0.016285712773311794,1336.1497079036399,-105664748.84750979,-0.009939690803279437,1.6479499335160148,1.1532306176808989,0.0,0.0,29213337818211.406,-4.443510660877916,0.039570847834902834,0.05876514599211158,14204055850684.043,27196319374200.895,659303242104720.9,17518675307.363564,-0.027025748685792012,0.23585932179294844,-0.14814230500659353,0.016285712773311794,198671651065539.06,872178949020944.0,899375268395144.9,857974893170260.0,62019.45723240179,17518675307.363564,1.0,389.7098937421266,8.013360996434053e-08,8.013360996434053e-08,0.050217143954639276,18688.68098875928,389.7098937421266
2114.0,2352.9598455125133,10636531119.76707,510.6528778174075,0.0001066914814366825,2.5966689808372116,0.23160517412655632,1723796470291488.0,0.45015356926954475,0.45015356926954475,6067737201458.777,2.9602873759506543,86004.32811311958,83391.31315821785,82014.63510735429,2613.014954901739,1376.6780508635584,0.8518036528987928,0.030382365774253812,0.030382365774253812,0.030382365774253812,0.016508650586321807,1376.6780508635584,-104799591.71756619,-0.009852797922323119,1.576285048074557,1.1508286367782876,0.0,0.0,29661408853225.312,-4.42879736033744,0.040109193381630215,0.05955641504874554,14643078929910.514,27793414884229.098,670310162713340.8,16766204967.468557,-0.02598531286340883,0.23281814933368733,-0.14753061653706545,0.016508650586321807,202041055882374.12,886994297525625.4,914787712409854.4,872351218595714.9,63019.62126238952,16766204967.468557,1.0,395.0653865280989,7.817242441988521e-08,7.817242441988521e-08,0.0502020237198193,18995.013844964767,395.0653865280989
2115.0,2380.0690748400975,10642294970.17093,510.0812659737975,0.00010593909545964932,2.6024820768349293,0.23165080676994784,1753457879144713.2,0.449393787638755,0.449393787638755,6084503406426.246,2.966888506809351,87427.40243086971,84759.29157891062,83341.40321886771,2668.110851959095,1417.8883600429112,0.8595609748177584,0.030518015836840332,0.030518015836840332,0.030518015836840332,0.016728412114238377,1417.8883600429112,-103941335.50844483,-0.009766815879448922,1.5043345322379946,1.1484316587885095,0.0,0.0,30115458054119.062,-4.414469429455576,0.04063972274295957,0.06033597870057672,15089586162348.584,28394822699662.75,681482550314552.9,16009571825.89085,-0.024935846210343327,0.22970929315652577,-0.14688601874922036,0.016728412114238377,205461245968590.4,902033382445491.9,930428205145154.5,886943796283143.2,64035.29992587747,16009571825.89085,1.0,400.3889440929177,7.626114953099064e-08,7.626114953099064e-08,0.050188781663629944,19306.103292990232,400.3889440929177
2116.0,2407.449301548452,10647884018.98283,509.51029413408725,0.00010519806833086623,2.6081751617970714,0.23169525070144714,1783573337198832.2,0.4486420021235795,0.4486420021235795,6100512978252.137,2.973101662815765,88872.10112246968,86148.52944556583,84688.79210224816,2723.571676903857,1459.7373433176635,0.8672391484067987,0.030645969235617094,0.03064596923561709,0.03064596923561709,0.016944425548668467,1459.7373433176635,-103089915.75563811,-0.009681727897472542,1.4322012873830712,1.1460396732913576,0.0,0.0,30575349793673.53,-4.400548846071651,0.04116107210706199,0.06110184323971113,15543113929824.602,29000275333058.848,692823752498930.8,15249913199.89284,-0.023878760146149813,0.2265338014635725,-0.14620863340400392,0.016944425548668467,208932683513556.78,917299549942312.1,946299825275371.0,901756436012487.5,65066.80118451504,15249913199.89284,1.0,405.67212014192404,7.439833413857029e-08,7.439833413857029e-08,0.050177375529972146,19621.990917733125,405.67212014192404
2117.0,2435.1027601970404,10653303478.288393,508.9399615503629,0.00010446818673798093,2.613742677963588,0.2317380419401986,1814148686992505.8,0.44789812857106914,0.44789812857106914,6115762891452.029,2.978924970505475,90338.70630313792,87559.33327702084,86057.15639837441,2779.3730261170904,1502.1768786464238,0.8748278057560666,0.030766137128316922,0.030766137128316922,0.03076613712831693,0.017156102295729298,1502.1768786464238,-102245269.03963739,-0.009597517732224087,1.3599941183901834,1.1436526698883296,0.0,0.0,31040946817264.562,-4.387057581252051,0.04167183917523187,0.06185196045155683,16003146166288.348,29609504326594.137,704337188073895.1,14488430071.897898,-0.02281555164609356,0.22329292401200185,-0.14549864026364873,0.017156102295729298,212455815516515.16,932796149756698.8,962405654083292.8,916793003590410.4,66114.43947967369,14488430071.897898,1.0,410.9061846306155,7.25825794580851e-08,7.25825794580851e-08,0.05016711149781261,19942.71691870072,410.9061846306155
2118.0,2463.0316989400285,10658558410.184072,508.3702674818717,0.00010374924217987905,2.6191824719529033,0.23177886139846657,1845189633809770.2,0.44716208371391974,0.44716208371391974,6130251321523.927,2.984357191299915,91827.50028306132,88992.00971369295,87446.83615859969,2835.490569368358,1545.1735550932717,0.8823206748920488,0.030878446659528616,0.03087844665952862,0.03087844665952862,0.01736305944842057,1545.1735550932717,-101407349.19228482,-0.009514171174911592,1.287780533721595,1.1412706382025803,0.0,0.0,31512195738714.875,-4.374004643287539,0.0421711151395896,0.06258500854641624,16469322590833.414,30222241855138.74,716026051862539.4,13725884038.169641,-0.021747805109066754,0.21998811940017748,-0.14475627981178535,0.01736305944842057,216031159119691.9,948526533573064.8,978748775428203.5,932057210982231.4,67178.5080408612,13725884038.169641,1.0,416.08539504693664,7.081257741905673e-08,7.081257741905673e-08,0.05014345101914297,20268.328117738492,416.08539504693664
2119.0,2491.238379565878,10663653730.760782,507.8012111937443,0.00010304103084116174,2.6245670085004447,0.23182062634415532,1876701829548485.0,0.44643378516115106,0.44643378516115106,6143977205562.097,2.989397755300496,93338.76684786369,90446.86659867322,88857.73187230062,2891.900249190474,1589.134726372614,0.8898069581892301,0.030982841822884688,0.03098284182288469,0.030982841822884688,0.01756981514267212,1589.134726372614,-100576468.71129228,-0.009431708047792808,1.2145780596852842,1.1388935678788787,0.0,0.0,31991007366222.062,-4.361115025190943,0.042669709071442075,0.06331686462852837,16945982453564.842,30838222881268.03,727886893665929.1,12951839857.463173,-0.020676876972704754,0.21662096003055034,-0.14398182973658905,0.01756981514267212,219661190321070.56,964494066440564.5,995332289321832.5,947548083986999.8,68258.67681414288,12951839857.463173,1.0,421.2762816260266,6.908794575450267e-08,6.908794575450267e-08,0.05011492573043097,20599.05505815774,421.2762816260266
2120.0,2519.725077536727,10668594214.002632,507.23279195597456,0.00010234335347031116,2.6299235766302265,0.23186448299491189,1908692836914707.0,0.4457131513888847,0.4457131513888847,6156929045419.56,2.9940466567651014,94872.8205731334,91924.24148224907,90290.00249299197,2948.5790908843323,1634.2389892570886,0.8973206430749522,0.031079281432466733,0.031079281432466733,0.03107928143246673,0.017778106872632357,1634.2389892570886,-99752716.63573363,-0.009350127545839849,1.1399894181266765,1.136521448583561,0.0,0.0,32478213573161.094,-4.348285454715877,0.04317177234178993,0.06405362059382058,17435032625085.686,31457193828537.73,739919900914385.5,12162084510.250488,-0.019596954625599402,0.21319085596831325,-0.14317502119270406,0.017778106872632357,223347497264631.78,980702430804103.1,1012159624632640.9,963267398179017.4,69354.95774534508,12162084510.250488,1.0,426.5044596483207,6.740774826680626e-08,6.740774826680626e-08,0.05008793481564866,20935.04474764689,426.5044596483207
2121.0,2548.4940820275347,10673384495.601212,506.6650090426028,0.00010165601526142356,2.6352470468221436,0.2319102201104387,1941171050487868.0,0.4450001017312179,0.4450001017312179,6169091129929.811,2.998301309928946,96429.99068352273,93424.4921842184,91744.0122724912,3005.4984993043336,1680.4799117271907,0.9048546739187837,0.03116767385333671,0.031167673853336707,0.031167673853336707,0.017987573412907066,1680.4799117271907,-98936019.60878056,-0.009269413994179142,1.0640652278972496,1.134154270004488,0.0,0.0,32973816178530.594,-4.335536058898866,0.04367643713593039,0.06479399940847341,17936408234998.29,32078841084027.582,752128196926137.5,11357177305.746874,-0.018502169224939018,0.20969637853736786,-0.14233536860292514,0.017987573412907066,227090921227317.38,997155526388453.2,1029234367472480.8,979219118153454.9,70467.63819256298,11357177305.746874,1.0,431.7646147009555,6.577068422069428e-08,6.577068422069428e-08,0.050062546238025085,21276.374079928224,431.7646147009555
2122.0,2577.5476959649654,10678029076.685892,506.09786173106323,0.00010097882573939467,2.6405322895560928,0.2319576264504382,1974144866666398.5,0.4442945563711945,0.4442945563711945,6180448307235.558,3.002156545143548,98010.60867880314,94947.9852756685,93220.1374418792,3062.6234031346366,1727.8478337892946,0.9124017654946789,0.031247876576007763,0.031247876576007763,0.03124787657600777,0.018197835675741035,1727.8478337892946,-98126302.26061492,-0.009189551887891102,0.9868605484233075,1.1317920218509971,0.0,0.0,33477836838976.938,-4.322887028079914,0.044182793969105294,0.06553666425196059,18450009409290.82,32702781749610.348,764515014631424.5,10537725630.698263,-0.01738962258339123,0.20613625256435425,-0.1414624205267356,0.018197835675741035,230892323505616.8,1013857347546332.1,1046560129295942.6,995407338137041.2,71597.01562347727,10537725630.698263,1.0,437.05117237718343,6.417549262785251e-08,6.417549262785251e-08,0.05003879041943926,21623.12181840192,437.05117237718343
2123.0,2606.8882360660596,10682532327.470808,505.5313493016626,0.00010031159864844585,2.6457741753119692,0.23200649077461266,2007622703505375.5,0.4435964363318702,0.4435964363318702,6190986032866.256,3.0056059305279197,99615.00865513347,96495.09412537634,94718.76447607718,3119.914529757125,1776.3296492991713,0.9199544018154343,0.03131972352236849,0.031319723522368496,0.031319723522368496,0.018408496985257938,1776.3296492991713,-97323488.50302176,-0.00911052599885406,0.9084350667184685,1.129434693853861,0.0,0.0,33990310390432.78,-4.310358587627769,0.044689892442674295,0.06628021972204146,18975698902883.28,33328587823076.37,777083682792817.6,9704386967.62814,-0.01625809181617084,0.20250936184460686,-0.1405557618138738,0.018408496985257938,234752580740970.34,1030811962436671.2,1064140550259747.6,1011836263533788.0,72743.39631947548,9704386967.62814,1.0,442.3582948358924,6.262095332519e-08,6.262095332519e-08,0.05001667741878557,21975.36815660171,442.3582948358924
2124.0,2636.5180328766223,10686898490.819206,504.96547103716176,9.965415184388337e-05,2.6509675745696684,0.2320566018426646,2041613013895808.2,0.4429056634674719,0.4429056634674719,6200690419833.884,3.008642515464514,101243.5275260266,98066.19779447254,96240.28921031531,3177.329731554076,1825.908584157214,0.9275048355696068,0.031383040567578825,0.031383040567578825,0.03138304056757882,0.01861914324428035,1825.908584157214,-96527502.23782599,-0.009032321428031703,0.8288532801714603,1.1270822757652406,0.0,0.0,34511280935136.03,-4.2979709819005025,0.04519674173774679,0.06702321264742805,19513299692403.562,33955800312980.246,789837619193005.8,8857870868.974928,-0.015107313282097277,0.19881475486492048,-0.13961501584088976,0.01861914324428035,238672582324716.9,1048023501210126.4,1081979301523106.5,1028510201517722.6,73907.09473581427,8857870868.974928,1.0,447.6798781135779,6.110588676126207e-08,6.110588676126207e-08,0.049996206285015665,22333.19447450103,447.6798781135779
2125.0,2666.4394308093742,10691131685.725979,504.40022622244334,9.900630718698721e-05,2.656107357809088,0.23210774841429638,2076124294830944.2,0.4422221604546509,0.4422221604546509,6209548290702.858,3.011259254431576,102896.50518431689,99661.6804024937,97785.11642984282,3234.8247818231875,1876.56397265088,0.9350450881917993,0.03143765452508515,0.03143765452508515,0.03143765452508515,0.018829343084244495,1876.56397265088,-95738267.74696113,-0.008954923628411004,0.748184675524017,1.1247347573586415,0.0,0.0,35040799468962.625,-4.285744464949942,0.045702311061665224,0.06776413282339533,20062592548299.645,34583937722721.508,802780327703439.5,7998940891.269428,-0.013937587292909514,0.19505165076698894,-0.13863984682753988,0.018829343084244495,242653228952057.06,1065496149203796.2,1100080086926517.8,1045433556655496.6,75088.43322688219,7998940891.269428,1.0,453.0095502466571,5.962915313095506e-08,5.962915313095506e-08,0.04997737006620051,22696.683202960638,453.0095502466571
2126.0,2696.654788181871,10695235910.71923,503.83561414424395,9.836789044292927e-05,2.661188395510123,0.23215971924921033,2111165094299907.0,0.44154585078382674,0.44154585078382674,6217547231594.128,3.01344925430222,104574.2846283077,101281.93075172645,99353.65971814806,3292.3538765812427,1928.271033578381,0.9425669505972298,0.031483398507418714,0.03148339850741872,0.03148339850741872,0.01903864805169615,1928.271033578381,-94955709.91132319,-0.008878318412420847,0.6665039039660158,1.1223921284288694,0.0,0.0,35578922366572.94,-4.273699294918171,0.046205530173861864,0.06850141385472541,20623313603927.188,35212501411607.375,815915397482352.2,7128416488.331893,-0.01274956042948875,0.1912194455366722,-0.137629962230116,0.01903864805169615,246695431796563.7,1083234142882843.1,1118446644294450.5,1062610829278915.9,76287.74197160124,7128416488.331893,1.0,458.3406702627105,5.818965120133042e-08,5.818965120133042e-08,0.04996015840877033,23065.91774654683,458.3406702627105
2127.0,2727.1664772541335,10699215047.181849,503.2716340909407,9.773873118162393e-05,2.6662055581526682,0.23221230310710894,2146744016666480.0,0.44087665875062343,0.44087665875062343,6224675648082.46,3.0152059243581033,106277.21206501976,102927.3420892307,100946.34144146772,3349.869975789048,1981.000647762985,0.9500619846113965,0.031520115278707336,0.031520115278707336,0.03152011527870733,0.0192465928639797,1981.000647762985,-94179754.33911389,-0.008802491951399804,0.58389095199479,1.120054378791985,0.0,0.0,36125710337178.375,-4.261855730430045,0.04670529006750046,0.06923343421657013,21195151939022.72,35840979251064.875,829246503304681.8,6247174859.495992,-0.011544106185795093,0.1873177184044561,-0.13658511520878233,0.0192465928639797,250800112003826.38,1101241767247530.8,1137082746498595.8,1080046615308508.1,77505.35900510791,6247174859.495992,1.0,463.6663280996483,5.6786317010826174e-08,5.6786317010826174e-08,0.04994455882121973,23440.982436359816,463.6663280996483
2128.0,2757.976884266028,10703072862.594063,502.7082853523807,9.711866268141846e-05,2.671153716216621,0.2322652887476945,2182869727003658.5,0.44021450944739515,0.44021450944739515,6230922822941.956,3.0165230728892847,108005.63699765083,104598.31193814822,102563.59279953937,3407.3250595026,2034.7191386088627,0.9575215251253087,0.031547659494630925,0.031547659494630925,0.031547659494630925,0.019452695754899434,2034.7191386088627,-93410327.4477915,-0.008727430771236663,0.500431307518926,1.1177214982852617,0.0,0.0,36681227630576.97,-4.250234028039017,0.04720044385487854,0.06995851860193025,21777747195445.285,36468848378398.984,842777406451954.9,5356152747.098281,-0.010322260035517094,0.18334623844206788,-0.1355051071658155,0.019452695754899434,254968200330942.8,1119523353978342.9,1155992202356741.8,1097745606782897.6,78741.6303029534,5356152747.098281,1.0,468.9793455117964,5.541812253724877e-08,5.541812253724877e-08,0.049930557198848424,23821.962496585973,468.9793455117964
2129.0,2789.088409474397,10706813013.69805,502.1455672197438,9.65075218355325e-05,2.676027740181877,0.23231846493066952,2219550954634235.5,0.43955932875484127,0.43955932875484127,6236278975689.055,3.017394974660514,109759.91230104717,106295.24195936779,104205.85390193932,3464.67034167938,2089.388057428476,0.9649366830063155,0.03156589932558032,0.03156589932558032,0.03156589932558032,0.019656458924352995,2089.388057428476,-92647356.52361485,-0.008653121746413611,0.4162161205803935,1.115393476767139,0.0,0.0,37245541367351.25,-4.2388544402021955,0.04768980788829025,0.07067493960048576,22370687243940.492,37095577502466.45,856511955830026.8,4456348176.341073,-0.009085184604509699,0.1793049713394612,-0.13438979035137485,0.019656458924352995,259200636830774.8,1138083279904742.0,1175178857407208.5,1115712592660801.6,79996.90988665116,4456348176.341073,1.0,474.2722780215666,5.4084074383267003e-08,5.4084074383267003e-08,0.049918137940842655,24208.94401528816,474.2722780215666
2130.0,2820.5034671899225,10710439049.585707,501.5834789854337,9.590514906116028e-05,2.6808225005283317,0.2323716204157363,2256796496001587.0,0.43891104333370956,0.43891104333370956,6240735323865.3955,3.0178164226736808,111540.39428709616,108018.53782124704,105873.57384587648,3521.8564658491246,2144.963975370558,0.9722983487939129,0.03157471773664475,0.031574717736644754,0.031574717736644754,0.01985736910196027,2144.963975370558,-91890769.7716946,-0.008579552093641675,0.3313423579960495,1.1130703041171799,0.0,0.0,37818720920349.75,-4.227737213493311,0.04817216313849415,0.07138091973945238,22973505921763.418,37720629018866.375,870454089117563.0,3548822129.862695,-0.007834151478686735,0.17519408634542735,-0.13323907053310563,0.01985736910196027,263498370520508.5,1156925965559834.8,1194646594578701.2,1133952459638071.5,81271.55993210504,3548822129.862695,1.0,479.53741797462095,5.2783212503056935e-08,5.2783212503056935e-08,0.04990728384375687,24602.013913771436,479.53741797462095
2131.0,2852.2244858136955,10713954414.710714,501.0220199429899,9.531138821115122e-05,2.685532867735881,0.23242454396259732,2294615216921937.0,0.43826958061658694,0.43826958061658694,6244284145995.258,3.017782771645747,113347.4427608568,109768.60906447128,107567.21078058521,3578.833696385515,2201.398283886074,0.9795971972090829,0.031574013574670816,0.031574013574670816,0.03157401357467081,0.020054898232272477,2201.398283886074,-91140496.3633828,-0.008506709365707495,0.2459129511650932,1.1107519702360265,0.0,0.0,38400837304660.09,-4.216902586891767,0.048646256847108216,0.07207463390860713,23585680862177.793,38343461080905.055,884607833823915.1,2634700148.7697906,-0.006570532183070623,0.1710139633540013,-0.13205290972551678,0.020054898232272477,267862358996853.84,1176055873682946.8,1214399334763851.8,1152470192820769.0,82565.9508695791,2634700148.7697906,1.0,484.7667987552444,5.1514608980396514e-08,5.1514608980396514e-08,0.04989797587384248,25001.259911006102,484.7667987552444
2132.0,2884.2539078735394,10717362451.82608,500.4611893870174,9.472608648818833e-05,2.6901537122844217,0.23247702433095485,2333016054226597.0,0.4376348687997763,0.4376348687997763,6246918846144.027,3.0172899772911252,115181.4210676074,111545.86895442476,109287.2319486442,3635.5521131826376,2258.6370057805666,0.9868236925046779,0.03156370254408215,0.03156370254408215,0.03156370254408215,0.020248504287535714,2258.6370057805666,-90396466.48448998,-0.008434581445837707,0.1600369362451599,1.108438465045356,0.0,0.0,38991962550297.25,-4.206370790058139,0.0491108044654216,0.07275421218604539,24206631438057.53,38963529709480.56,898977308177450.0,1715173851.419161,-0.005295794193304285,0.16676520011765608,-0.13083132897468652,0.020248504287535714,272293567972956.97,1195477507588464.5,1234441037297945.0,1171270876150407.0,83880.46146785654,1715173851.419161,1.0,489.9522002169746,5.027736686147535e-08,5.027736686147535e-08,0.04989019287531926,25406.770480787665,489.9522002169746
2133.0,2916.594190060062,10720666404.848385,499.90098661313056,9.414909436138587e-05,2.6946799046538485,0.23252885028051143,2372008016776894.0,0.43700683683525915,0.43700683683525915,6248634019995.446,3.0163346336511663,117042.69613060236,113350.73431643426,111034.11369742424,3691.96181416811,2316.620619010015,0.993968094683141,0.031543718115040906,0.031543718115040906,0.031543718115040906,0.020437632212799327,2316.620619010015,-89658611.38599321,-0.008363156542716917,0.07382958586188544,1.106129778487838,0.0,0.0,39592169041480.31,-4.196162041546965,0.049564491889373286,0.0734177430772972,24835716842999.74,39580290989135.15,913566721788922.2,791502360.8333845,-0.004011499682257342,0.16244861956704226,-0.1295744111934415,0.020437632212799327,276792970719169.75,1215195409351091.8,1254775700340226.8,1190359692508092.0,85215.47889744659,791502360.8333845,1.0,495.08515538139534,4.907061904206474e-08,4.907061904206474e-08,0.04988391124670821,25818.634799977644,495.08515538139534
2134.0,2949.2478032624044,10723869421.649956,499.34141091790775,9.358026548523073e-05,2.6991063153240584,0.23257981057096933,2411600185818374.5,0.4363854144227425,0.4363854144227425,6249425522356.279,3.0149140096887748,118931.6384790901,115183.62535093357,112808.34145545313,3748.0131281565405,2375.2838954804333,1.0010204666064197,0.03151401238632978,0.031514012386329775,0.031514012386329775,0.020621715007177292,2375.2838954804333,-88926863.43789403,-0.008292423186202122,-0.012587468516940497,1.1038259005270876,0.0,0.0,40201528811872.47,-4.186296546930444,0.050005977998194284,0.07406327717724814,25472234334480.207,40193203376980.52,928380376047471.0,-134986368.72479972,-0.0027193057237778363,0.15806527721574481,-0.12828230404172966,0.020621715007177292,281361547393709.94,1235214157775661.0,1275407361152641.8,1209741923441181.0,86571.39876891862,-134986368.72479972,1.0,500.1569584553379,4.78935272068937e-08,4.78935272068937e-08,0.04987910460357026,26236.942686534516,500.1569584553379
2135.0,2982.217232603736,10726974556.78022,498.7824615988549,9.301945662079475e-05,2.7034278147749466,0.23262969396203104,2451801714630247.0,0.4357705320017897,0.4357705320017897,6249290535987.555,3.0130260857964517,120848.62226599139,117044.96542655962,114610.40966935399,3803.6568394317696,2434.5557572056273,1.007970682021245,0.031474556913522835,0.031474556913522835,0.03147455691352284,0.020800174944160244,2434.5557572056273,-88201156.18633865,-0.008222370223726239,-0.09908612444171948,1.1015268211476263,0.0,0.0,40820112788360.03,-4.176794496819678,0.05043389750219007,0.07468883126150339,26115417664607.566,40801730139307.66,943422664213933.2,-1062894335.8162836,-0.0014209652399392561,0.1536164686272085,-0.1269552228464681,0.020800174944160244,286000284251384.75,1255538366129925.5,1296340096269233.2,1229422948465318.0,87948.62514310917,-1062894335.8162836,1.0,505.15867421350805,4.674528081825228e-08,4.674528081825228e-08,0.04987574343834922,26661.78452624482,505.15867421350805
2136.0,3015.5049774764498,10729984774.11755,498.2241379543767,9.246652755914748e-05,2.7076392734864094,0.2326782892133989,2492621827418607.0,0.4351621207440342,0.4351621207440342,6248227641651.738,3.0106695905482126,122794.02527452417,118935.18084973535,116440.82169747486,3858.844424788824,2494.3591522604847,1.0148084345210924,0.031425343506427186,0.031425343506427186,0.031425343506427186,0.020972424932971672,2494.3591522604847,-87481424.41381606,-0.008152986817356473,-0.18553170750330789,1.099232530354835,0.0,0.0,41447989977824.97,-4.167676064777896,0.050846864103167744,0.07529239281115097,26764435724935.76,41405341923672.48,958698071179956.0,-1990752396.6265244,-0.00011832829042198898,0.14910373691963338,-0.12559345355469548,0.020972424932971672,290710172719685.7,1276172679624577.5,1317578021548250.0,1249408243899641.8,89347.570510304,-1990752396.6265244,1.0,510.0811487898194,4.562509615053879e-08,4.562509615053879e-08,0.04987379478398024,27093.25118717087,510.0811487898194
2137.0,3049.11355157708,10732902949.452847,497.66643928375305,9.192134104690091e-05,2.7117355619383425,0.23272538508477533,2534069817396432.0,0.4345601125454748,0.4345601125454748,6246236889255.111,3.0078440378473266,124768.2289129857,120854.70060961951,118300.08965658351,3913.5283033661863,2554.6109530360004,1.0215232474640015,0.031366384996099526,0.03136638499609953,0.03136638499609953,0.0211378700220177,2554.6109530360004,-86767604.2020833,-0.008084262441458732,-0.2717828824696441,1.0969430181749111,0.0,0.0,42085226592563.03,-4.158961405124609,0.051243473969003084,0.07587192497217221,27418391432544.637,42003519469966.13,974211172863475.2,-2917019300.8692393,0.001186656524584872,0.14452888028326832,-0.1241973557133958,0.0211378700220177,295492208332206.25,1297121772628226.0,1339125292098192.0,1269703381195681.5,90768.65573569166,-2917019300.8692393,1.0,514.9150219163391,4.4532215367423044e-08,4.4532215367423044e-08,0.0498732218856599,27531.433920891846,514.9150219163391
2138.0,3083.045482940928,10735731873.006186,497.1093648871192,9.138376271382095e-05,2.7157115506106413,0.23277077033586266,2576155043988995.0,0.4339644400188523,0.4339644400188523,6243319869954.242,3.0045497645204584,126771.61819683833,122803.95609749532,120188.73421814045,3967.662099343005,2615.2218793548745,1.028104484863104,0.031297715969692955,0.03129771596969296,0.031297715969692955,0.021295909044482437,2615.2218793548745,-86059632.99737887,-0.008016186880911802,-0.35769157751235575,1.0946582746548272,0.0,0.0,42731885110798.375,-4.15067065063297,0.05162230952172331,0.07642537194792853,28076320885173.266,42595756461235.336,989966635212261.8,-3840080869.40526,0.0024919406810811227,0.1398939594831424,-0.12276736546888867,0.021295909044482437,300347389509697.9,1318390345607132.8,1360986102068368.2,1290314024721959.8,92212.30996849164,-3840080869.40526,1.0,519.6507406438379,4.346590563839451e-08,4.346590563839451e-08,0.04987398388405828,27976.424249648808,519.6507406438379
2139.0,3117.3033139763893,10738474251.87784,496.55291406545183,9.085366100244151e-05,2.7195621099832032,0.23281423372636337,2618886929099793.5,0.43337503648610665,0.43337503648610665,6239479789084.837,3.0007879683500778,128804.58171719834,124783.38079979709,122107.28435075698,4021.200917401244,2676.0964490401134,1.034541363264112,0.031219393470258237,0.031219393470258237,0.03121939347025823,0.02144593640505423,2676.0964490401134,-85357449.6774338,-0.007948750229811029,-0.4431029225190198,1.0923782898622854,0.0,0.0,43388023269363.0,-4.142823910124615,0.05198194353627761,0.07695066482025381,28737192813558.977,43181562513140.81,1005969212787987.4,-4758249324.402315,0.0037953744479454553,0.13520130531887292,-0.12130399857820133,0.02144593640505423,305276716179342.4,1339983121780888.8,1383164684294029.5,1311245928967329.8,93678.97051222833,-4758249324.402315,1.0,524.2785745723886,4.242545829162097e-08,4.242545829162097e-08,0.049876035512677275,28428.313838528647,524.2785745723886
2140.0,3151.889601499,10741132712.434973,495.99708612055537,9.033090709962034e-05,2.7232821105359224,0.23285556401597984,2662274952369156.5,0.4327918359709127,0.4327918359709127,6234721539760.435,2.996560746501844,130867.51159478688,126793.40996406309,124056.27700552164,4074.1016307237787,2737.132958541445,1.0408229646211855,0.03113149765801821,0.03113149765801821,0.03113149765801821,0.021587344005632687,2737.132958541445,-84660994.61975938,-0.007881942890599205,-0.5278552025039345,1.090103053885675,0.0,0.0,44053692986135.97,-4.135441265968226,0.052320943544801324,0.07744572779157632,29399908359273.434,43760466299551.84,1022223746903851.4,-5669762783.043998,0.0050947057549465624,0.13045352601178503,-0.1198078534243518,0.021587344005632687,310281188223051.6,1361904843486176.5,1405665309785728.5,1332504935126903.0,95169.08265367827,-5669762783.043998,1.0,528.7886326142894,4.141018800022942e-08,4.141018800022942e-08,0.04987932681176832,28887.194351843373,528.7886326142894
2141.0,3186.8069167651656,10743709802.635323,495.4418803550526,8.981537486997669e-05,2.7268664227486963,0.23289454996441442,2706328645355292.5,0.4322147731912954,0.4322147731912954,6229051776977.391,2.9918711342815087,132960.80341837025,128834.48023717345,126036.25674096009,4126.323181196796,2798.2234962133593,1.0469382501795783,0.031034132429337374,0.031034132429337377,0.031034132429337377,0.021719523306664993,2798.2234962133593,-83970209.77067298,-0.007815755573561373,-0.6117798271450586,1.0878325568340297,0.0,0.0,44728939210338.94,-4.12854277148925,0.05263787653875018,0.07790848483734591,30063301206231.953,44332018810665.39,1038735163289447.0,-6572784925.952909,0.006387579247423869,0.12565351448817577,-0.11827961402698196,0.021719523306664993,315361803745868.25,1384160268241547.2,1428492287052212.5,1354096967035315.2,96683.0994480748,-6572784925.952909,1.0,533.1708813048755,4.0419431999316555e-08,4.0419431999316555e-08,0.04988345216111423,29353.15729288529,533.1708813048755
2142.0,3222.0578455056075,10746207994.289194,494.8872960723763,8.930694079115376e-05,2.730312089874506,0.23293101189937415,2751057584565631.5,0.43164378355232214,0.43164378355232214,6222478992051.4375,2.9867231441409032,135084.8561666948,130907.02927529675,128047.75203904742,4177.826891398055,2859.277236249323,1.0528793675837669,0.030927425989502575,0.030927425989502582,0.03092742598950258,0.02184204509168319,2859.277236249323,-83285044.9925573,-0.00775017988083025,-0.6947445715493308,1.0855667888369847,0.0,0.0,45413783951495.78,-4.122140145183052,0.05293173585081001,0.07833748261661744,30726387894071.586,44895796739098.15,1055508234204713.0,-7465869668.772439,0.007671535554235635,0.12080445552616045,-0.11672005303928587,0.02184204509168319,320519542408058.94,1406754164506843.5,1451649961245941.8,1376027776612772.0,98221.45958515196,-7465869668.772439,1.0,537.4178533614078,3.94525610908724e-08,3.94525610908724e-08,0.04986679265096061,29826.292453895465,537.4178533614078
2143.0,3257.6449879584957,10748629685.261074,494.3333325767621,8.880548389085045e-05,2.7337484587269754,0.2329667407911465,2796471368517127.5,0.43107880313887204,0.43107880313887204,6215013122382.665,2.9811218048415142,137240.07189577373,133011.49511458803,130089.84988549293,4228.5767811856995,2921.6452290951015,1.0588400306280188,0.030811531375450396,0.030811531375450396,0.03081153137545039,0.021965358908101397,2921.6452290951015,-82605835.4667537,-0.007685243411076478,-0.779282469372307,1.0833057400447326,0.0,0.0,46107373187897.56,-4.115739422274096,0.053227356932585956,0.07876898520902542,31403682639253.0,45451405916658.33,1072533112190756.0,-8376218683.4987335,0.008944303160795046,0.11590973837427627,-0.11513001050470967,0.021965358908101397,325754510039610.3,1429691304869619.2,1475142710786277.5,1398287622230366.2,99783.24154766015,-8376218683.4987335,1.0,541.6870569895193,3.8509672140218264e-08,3.8509672140218264e-08,0.04983825146491627,30306.60833783279,541.6870569895193
2144.0,3293.5709589022836,10750977201.612137,493.7799891732432,8.831088568556846e-05,2.7372447241224065,0.23300280100330029,2842578741705025.0,0.4305197687084816,0.4305197687084816,6206636903699.166,2.9750730726013797,139426.84287434816,135148.30373214962,132162.17704329637,4278.5391421985305,2986.126688853234,1.0649262293698836,0.030686624282630862,0.030686624282630862,0.030686624282630862,0.022095184374429422,2986.126688853234,-81932751.72912697,-0.007620958559640602,-0.866837140204729,1.0810494006279825,0.0,0.0,46809410385947.94,-4.109076299719126,0.053538323427314904,0.07922281399906039,32103779952986.66,45998476773981.55,1089805267751455.8,-9319346331.851706,0.010221734020705467,0.11096713553749032,-0.11350890061538757,0.022095184374429422,331067284556450.44,1452976332260893.0,1498974809034874.8,1420872552307906.2,101368.01960551424,-9319346331.851706,1.0,546.0654812814284,3.759052927367251e-08,3.759052927367251e-08,0.049811126641456704,30794.157437782123,546.0654812814284
2145.0,3329.838387688201,10753252799.684988,493.2272651676459,8.782303012102354e-05,2.740788260913492,0.23303909560869804,2889388152090973.0,0.42996661768426553,0.42996661768426553,6197317557367.314,2.9685758863108798,141645.55984418537,137317.90000072686,134265.2449003953,4327.659843458504,3052.6551003315467,1.0711202762728615,0.030552739162590537,0.030552739162590537,0.030552739162590537,0.022230569359969737,3052.6551003315467,-81265723.86113833,-0.007557315481648398,-0.9572337896012438,1.0787977607779156,0.0,0.0,47520262672066.5,-4.102199271336512,0.05386236591950211,0.07969564676375274,32825972004112.863,46536420327754.45,1107329042744402.6,-10293376927.982647,0.011522365013950915,0.10597133241289393,-0.11185533529327843,0.022230569359969737,336459077881163.9,1476614092629679.2,1523150512957433.8,1443788120625566.5,102976.19365712683,-10293376927.982647,1.0,550.539217073422,3.669446162273287e-08,3.669446162273287e-08,0.049785778172291906,31289.051243268477,550.539217073422
2146.0,3366.4499182725,10755458668.131905,492.67515986658515,8.734180351416988e-05,2.744366443952923,0.23307552768020215,2936908414763039.5,0.4294192881479119,0.4294192881479119,6187024180439.332,2.961621047536911,143896.62181432827,139520.76184608866,136399.6074808203,4375.8599682396225,3121.1543652683613,1.0774040682719048,0.03040974772768364,0.03040974772768365,0.03040974772768365,0.02237053700087619,3121.1543652683613,-80604673.56078482,-0.007494303687820772,-1.050285400598639,1.0765508107061432,0.0,0.0,48240360039370.375,-4.095157018270787,0.05419715756925603,0.08018407932956861,33569446772503.33,47064381025934.25,1125109139093703.8,-11296301215.881021,0.012855281513989835,0.1009175438220269,-0.11016803846715109,0.02237053700087619,341931201515674.25,1500609787381881.5,1547674168407815.5,1467040340609378.0,104608.19699185566,-11296301215.881021,1.0,555.0938860862013,3.582080767705375e-08,3.582080767705375e-08,0.049762429172902634,31791.41048896464,555.0938860862013
2147.0,3403.408209248297,10757596929.88784,492.1236725774619,8.686709449679005e-05,2.7479666480933926,0.23311200029067522,2985148774802410.0,0.42887771883275144,0.42887771883275144,6175727879223.451,2.9541954244061066,146180.43699743622,141757.39014484055,138565.85217092503,4423.046852595662,3191.537973915516,1.083759069286168,0.030257447189552714,0.030257447189552714,0.030257447189552703,0.02251408530204008,3191.537973915516,-79949518.00145753,-0.007431912398514739,-1.1457920751086765,1.0743085406446642,0.0,0.0,48970165653658.625,-4.087998318353644,0.05454031347896604,0.08068462493432704,34333279109814.01,47581355242233.17,1143150542767335.8,-12325969309.478916,0.014224250911849128,0.09580152631654495,-0.10844585187901926,0.02251408530204008,347485043133899.6,1524968865011049.5,1572550220253282.8,1490635585901235.5,106264.48919937869,-12325969309.478916,1.0,559.7146162231435,3.4968920526722205e-08,3.4968920526722205e-08,0.04974122403325998,32301.362971546336,559.7146162231435
2148.0,3440.7159338771953,10759669644.089487,491.5728026084596,8.639879396060287e-05,2.7515762481875914,0.2331484165129796,3034118940456068.5,0.42834184911689904,0.42834184911689904,6163401909913.973,2.9462843107037795,148497.42330727648,144028.30279505474,140764.59461481686,4469.120512221714,3263.708180237876,1.0901662958603755,0.030095609827343873,0.030095609827343883,0.030095609827343883,0.022660186344637928,3263.708180237876,-79300172.0526942,-0.007370130745255311,-1.2435403951759514,1.0720709408458229,0.0,0.0,49710159520148.06,-4.080771995769898,0.05488938909044416,0.08119371214088111,35116421834072.016,48086260311129.64,1161458482073852.5,-13380083841.173729,0.015630007199725054,0.09061959157283137,-0.1066877411986476,0.022660186344637928,353122053565754.94,1549696957473679.5,1597783217784809.5,1514580535639607.5,107945.55227928082,-13380083841.173729,1.0,564.386020738358,3.4138170488509364e-08,3.4138170488509364e-08,0.049722260445681954,32819.04233553605,564.386020738358
2149.0,3478.375780120476,10761678807.941622,491.0225492685428,8.593679500384444e-05,2.7551826190882123,0.23318467941997786,3083829099976216.5,0.4278116190164683,0.4278116190164683,6150021826072.799,2.937872765212812,150848.0086151061,146334.03112103898,142996.47592900635,4513.977494067134,3337.5551920326316,1.0966063060697577,0.029924011165335992,0.029924011165335995,0.029924011165335985,0.022807785492302883,3337.5551920326316,-78656549.59721482,-0.0073089478882393255,-1.343302807576037,1.0698380015822657,0.0,0.0,50460829559676.75,-4.073526892806437,0.05524187854253482,0.08170768265664308,35917696980433.1,48577975937427.7,1180038405058223.5,-14456193356.939518,0.017071511796722456,0.08536862080278411,-0.10489280243210047,0.022807785492302883,358843739557298.5,1574799841595955.0,1623377817533382.8,1538882144615522.0,109651.88853131443,-14456193356.939518,1.0,569.092181518732,3.332794631832398e-08,3.332794631832398e-08,0.049705606940863234,33344.587397691925,569.092181518732
2150.0,3516.3904506700856,10763626358.532,490.4729118674539,8.548099287927806e-05,2.758773135647946,0.23322069208453244,3134289929535893.0,0.4272869691788571,0.4272869691788571,6135565632715.859,2.928946388097943,153232.63087454153,148675.11757688556,145262.16119038442,4557.513297655966,3412.9563865011633,1.103059191829856,0.029742446316068344,0.029742446316068337,0.029742446316068333,0.02295580082347131,3412.9563865011633,-78018564.3482367,-0.007248353087469796,-1.4448370355402413,1.0676097131468998,0.0,0.0,51222666742570.0,-4.066311853597421,0.05559521352502528,0.08222278983626197,36735787322264.05,49055370260009.85,1198895967389986.5,-15551685999.524178,0.01854664760265399,0.08004608010229647,-0.10306026860846014,0.02295580082347131,364651659696159.4,1600283414408409.5,1649338784668419.5,1563547627086145.8,111384.01942386806,-15551685999.524178,1.0,573.8166367390984,3.2537655660508824e-08,3.2537655660508824e-08,0.04969131237282487,33878.14176651636,573.8166367390984
2151.0,3554.762662979177,10765514174.59598,489.9238897157121,8.503128494359069e-05,2.7623351727194843,0.23325635757950583,3185512596278463.0,0.4267678408761034,0.4267678408761034,6120013946716.335,2.919491787222344,155651.73817487186,151052.1141654661,147562.33860365808,4599.624009405754,3489.775561808025,1.1095045747572638,0.029550739769048765,0.029550739769048772,0.02955073976904878,0.023103122926073322,3489.775561808025,-77386130.38956161,-0.007188335748251973,-1.547885521674156,1.0653860658528505,0.0,0.0,51996162390742.875,-4.0591757142823175,0.055946762946622486,0.08273519832550236,37569228276802.945,49517317471069.63,1218037025855623.5,-16663783524.23502,0.020052599371386384,0.07465003665272044,-0.10118951672684294,0.023103122926073322,370547422018589.1,1626153676151015.5,1675670993622085.2,1588584447874212.5,113142.4849850551,-16663783524.23502,1.0,578.5423731613902,3.176672508640376e-08,3.176672508640376e-08,0.0496794109199179,34419.85361860299,578.5423731613902
2152.0,3593.4951492924206,10767344078.232141,489.3754821246115,8.458757060813519e-05,2.7658561051555206,0.23329157897776043,3237508758669206.0,0.42625417599831195,0.42625417599831195,6103350163192.1,2.909496874348734,158105.78875483407,153465.58124388303,149897.71900830205,4640.207510951037,3567.862235580976,1.1159216057303527,0.02934875153841681,0.029348751538416804,0.029348751538416797,0.02324861514003608,3567.862235580976,-76759162.56119205,-0.007128885452483367,-1.6521749064019564,1.063167050033419,0.0,0.0,52781806581005.125,-4.052167296486028,0.05629383361373208,0.08324098512707712,38416400314230.914,49962710864806.95,1237467634656621.0,-17789535694.65085,0.021586060586360298,0.06917917568393792,-0.0992800749437069,0.02324861514003608,376532682447925.75,1652416717418777.5,1702379428283584.5,1614000317104546.8,114927.84345569061,-17789535694.65085,1.0,583.2518233567453,3.101459991328929e-08,3.101459991328929e-08,0.04966992457816288,34969.87555261144,583.2518233567453
2153.0,3632.5906566759168,10769117836.570024,488.8276884062196,8.41497512909781e-05,2.7693233078087456,0.23332625935215884,3290290565250211.0,0.42574591704714904,0.42574591704714904,6085560627497.449,2.8989510686260394,160595.2509930789,155916.08652948498,152269.0355275511,4679.164463593927,3647.051001933867,1.122288968300178,0.029136381273164685,0.029136381273164688,0.029136381273164695,0.023391114304579345,3647.051001933867,-76137576.75840114,-0.007069991982059232,-1.7574155465217456,1.0609526560420408,0.0,0.0,53580087044756.56,-4.045335402410207,0.056633672048662875,0.08373614226942538,39275521995806.586,50390473485133.98,1257194042887287.8,-18925815108.31279,0.023143344497081803,0.06363281810061085,-0.09733162997818408,0.023391114304579345,382609143569777.75,1679078708452872.0,1729469181938005.8,1639803186457065.5,116740.67105274663,-18925815108.31279,1.0,587.9268681337637,3.028074390750022e-08,3.028074390750022e-08,0.0496628642436272,35528.364474804475,587.9268681337637
2154.0,3672.0519470467943,10770837163.391218,488.2805078733757,8.371773037021508e-05,2.772724155531851,0.23336030177556344,3343870652294967.5,0.42524300712940677,0.42524300712940677,6066634812389.137,2.8878454501114588,163120.6033826358,158404.20420112423,154677.04324181908,4716.399181511584,3727.1609593051453,1.1285848861009833,0.028913571208710014,0.028913571208710017,0.028913571208710014,0.02352943205076051,3727.1609593051453,-75521290.18198851,-0.007011645337901523,-1.863301078699128,1.058742874252244,0.0,0.0,54391488219092.0,-4.038728810588969,0.05696346753655224,0.08421658120194342,40144643774424.73,50799567581612.89,1277222692223866.5,-20069312505.039513,0.024720442353230718,0.058010938665774094,-0.09534403471079213,0.02352943205076051,388778553448588.75,1706145889446880.2,1756945457028493.0,1666001245672455.2,118581.5617531563,-20069312505.039513,1.0,592.5488444561499,2.9564638928137445e-08,2.9564638928137445e-08,0.0496582299940771,36095.48148866277,592.5488444561499
2155.0,3711.8817972024904,10772503720.704908,487.7339398396905,8.329141313851633e-05,2.7760460231775297,0.23339360932083678,3398262140514059.5,0.4247453899506344,0.4247453899506344,6046565499884.098,2.876172886876335,165682.33449159804,160930.51403572946,157122.51881361447,4751.82045586859,3807.995222115001,1.134787134406802,0.028680308437527245,0.028680308437527245,0.02868030843752724,0.023662356669472626,3807.995222115001,-74910221.56078658,-0.0069538357565667895,-1.9695080329518864,1.056537695057606,0.0,0.0,55216490250403.44,-4.032396271786349,0.05728035646606422,0.08467813900498478,41021642698660.36,51189003540966.08,1297560214224379.5,-21216532612.9324,0.02631305270193015,0.05231418462820844,-0.09331731594839057,0.023662356669472626,395042704301809.44,1733624561224849.0,1784813564765815.0,1692602918526188.8,120451.12704212392,-21216532612.9324,1.0,597.0985591284052,2.8865784542050045e-08,2.8865784542050045e-08,0.04965601091148919,36671.39177149056,597.0985591284052
2156.0,3752.082998849638,10774119120.27905,487.1879836195435,8.287070675886622e-05,2.7792762855984723,0.23342608506084125,3453478630764463.0,0.42425300980883657,0.42425300980883657,6025348967271.165,2.863928148597567,168280.94290932312,163495.6005458948,159606.2600159972,4785.342363428333,3889.340529897611,1.1408730559756373,0.028436626754622343,0.02843662675462234,0.02843662675462234,0.023788655577957497,3889.340529897611,-74304291.35823862,-0.006896553725527599,-2.07569550138687,1.0543371088717133,0.0,0.0,56055567833832.0,-4.026386504748744,0.05758142801242039,0.08511658647935672,41904218168446.1,51557848654894.54,1318213426844306.8,-22363790589.369484,0.027916594998851445,0.04654389467202909,-0.09125168232565739,0.023788655577957497,401403430910278.3,1761521075923031.0,1813078924577925.5,1719616857754585.0,122349.99558926027,-22363790589.369484,1.0,601.5563085188309,2.8183697626687618e-08,2.8183697626687618e-08,0.04965618463911503,37256.2644267369,601.5563085188309
2157.0,3792.658358632683,10775684925.128279,486.6426385280834,8.245552022146237e-05,2.7824023176473704,0.23345763206843942,3509534198598295.0,0.4237658115882388,0.4237658115882388,6002985176681.796,2.8511080136266083,170916.937175752,166100.0520987202,162129.0851306039,4816.8850770318195,3970.966968116296,1.146819581315371,0.028182608210903456,0.028182608210903452,0.02818260821090346,0.02390707840209577,3970.966968116296,-73703421.96969233,-0.006839789997740207,-2.181504867635735,1.052141106128119,0.0,0.0,56909188818526.125,-4.020748191657963,0.05786373119827137,0.08552763816177456,42789888896513.12,51905235910647.15,1339189329888332.2,-23507209116.276352,0.029526214907029624,0.04070211805869396,-0.08914753231068208,0.02390707840209577,407862608678355.6,1789841827463200.8,1841747063373848.0,1747051938566687.8,124278.81282659069,-23507209116.276352,1.0,605.9019045744967,2.7517911969671417e-08,2.7517911969671417e-08,0.0496587167850715,37850.27230401322,605.9019045744967
2158.0,3833.61069816206,10777202650.959616,486.0979038812257,8.204576430174023e-05,2.7854114941769175,0.2334881534164937,3566443387416821.0,0.4232837407531174,0.4232837407531174,5979477967565.52,2.837711373240908,173590.83569042356,168744.46000440523,164691.8321891253,4846.375686018332,4052.627815279944,1.1526032534958464,0.02791838443972471,0.027918384439724716,0.027918384439724723,0.0240163606862954,4052.627815279944,-73107537.9141171,-0.00678353560583808,-2.286559602595365,1.0499496772803019,0.0,0.0,57777812535312.31,-4.015529973205861,0.058124283356114415,0.08590696429661637,43675991234187.69,52230372890902.99,1360495099183043.0,-24642716210.667934,0.031136785404117195,0.03479163382323129,-0.0870054622795162,0.0240163606862954,414422151276994.4,1818593241694225.0,1870823614585127.8,1774917250460037.2,126238.24040850738,-24642716210.667934,1.0,610.1147073627104,2.6867977869622617e-08,2.6867977869622617e-08,0.04966356024029506,38453.59178061793,610.1147073627104
2159.0,3874.9428540421286,10778673767.577122,485.55377899565286,8.164135151949057e-05,2.788291190039804,0.2335175521778666,3624221199952133.5,0.4228067433416953,0.4228067433416953,5954835251354.852,2.8237393349473985,176303.16659716368,171429.4175678895,167295.3580366739,4873.749029274171,4134.059531215602,1.1582002576193922,0.027644137784605054,0.027644137784605054,0.027644137784605047,0.02411522823717482,4134.059531215602,-72516566.0222547,-0.006727781876132921,-2.390465132208216,1.047762812801624,0.0,0.0,58661887819151.5,-4.010780443219602,0.05836008000600901,0.08625020478121892,44559679022715.78,52532550811591.97,1382138079292954.2,-25766043812.840477,0.032742906018379585,0.02881596987796972,-0.08482627462170603,0.02411522823717482,421084007814364.94,1847781766130035.0,1900314316941627.2,1803222087107319.2,128228.95553723001,-25766043812.840477,1.0,614.1736643476598,2.623346174036662e-08,2.623346174036662e-08,0.04967065445417007,39066.402499443866,614.1736643476598
2160.0,3916.657677898642,10780099700.246483,485.0102631888123,8.12421960990384e-05,2.7910287800887223,0.23354573142542062,3682883087771285.0,0.4223347659601014,0.4223347659601014,5929069207542.011,2.8091953256759425,179054.46764003055,174155.519099617,169940.5371982359,4898.948540413546,4214.981901381089,1.163586455047411,0.02736010223583109,0.02736010223583109,0.02736010223583109,0.024202402101136507,4214.981901381089,-71930435.62206265,-0.006672520442498133,-2.4928087831144508,1.04558050318529,0.0,0.0,59561850708459.81,-4.006548143004581,0.058568106137907194,0.08655298506811715,45437925131622.63,52811153692035.01,1404125774624840.8,-26872727215.62389,0.03433890151758459,0.022779421868495422,-0.08261098583597301,0.024202402101136507,427850159485588.3,1877413859242051.8,1930225012934086.8,1831975934110429.0,130251.650139445,-26872727215.62389,1.0,618.0573565790972,2.5613945719043893e-08,2.5613945719043893e-08,0.04967992469866522,39688.887058790904,618.0573565790972
2161.0,3958.7580364059577,10781481831.020607,484.467355778916,8.084821393045241e-05,2.7936116391763637,0.23357259423201815,3742444938479745.0,0.42186775577639374,0.42186775577639374,5902196480326.387,2.794085195113701,181845.28598588347,176923.35888321116,172628.26053131968,4921.927102672309,4295.098351891482,1.1687374224632805,0.02706656417287822,0.027066564172878227,0.027066564172878227,0.024276604169191238,4295.098351891482,-71349078.72190763,-0.006617743260172383,-2.593159812065481,1.043402738944306,0.0,0.0,60478121810049.875,-4.0028815550861845,0.058745348902060956,0.08681093403026896,46307524843364.56,53065667631069.4,1426465838781090.5,-27958105398.716797,0.03591882082394759,0.016687071618031592,-0.08036083457232411,0.024276604169191238,434722615658024.4,1907495979282479.5,1960561646913548.8,1861188454439115.0,132307.02988125864,-27958105398.716797,1.0,621.7440519318822,2.5009027278231352e-08,2.5009027278231352e-08,0.04969128134478673,40321.23065006104,621.7440519318822
2162.0,4001.246811313832,10782821500.02724,483.9250560849397,8.045932253175565e-05,2.796027142155421,0.23359804367052175,3802923060289795.0,0.4214056605146461,0.4214056605146461,5874238374927.67,2.778417319090509,184676.17800879563,179733.53009889481,175359.43364943974,4942.64790990081,4374.096449455081,1.173628495831939,0.026763862904209595,0.02676386290420959,0.02676386290420958,0.02433656339497878,4374.096449455081,-70772430.19117507,-0.006563442619447635,-2.69106952500712,1.0412295106114366,0.0,0.0,61411103323519.31,-3.9998290966561223,0.05888881166188875,0.08701970372622625,47165101238377.06,53295690149943.164,1449166062035280.5,-29017322332.31487,0.03747643662355679,0.01054480498802127,-0.07807728957398856,0.02433656339497878,441703409352498.8,1938034572626156.2,1991330262776099.5,1890869471387779.2,134395.81300975996,-29017322332.31487,1.0,625.2117654909807,2.4418318841142246e-08,2.4418318841142246e-08,0.04970461917208158,40963.620639679786,625.2117654909807
2163.0,4044.1268994738693,10784120006.719593,483.38336342662143,8.007544101210846e-05,2.7982626638785852,0.23362198281379384,3864334163613314.5,0.4209484284490959,0.4209484284490959,5845221052595.355,2.762202702720672,187547.70903149014,182586.62370220324,178134.9751025644,4961.085329286896,4451.648599638851,1.1782348192938672,0.026452390993770572,0.026452390993770575,0.026452390993770582,0.024381022603821408,4451.648599638851,-70200427.93781027,-0.006509611159192251,-2.7860714917129266,1.0390608087391666,0.0,0.0,62361175723399.06,-3.9974391126698436,0.058995529367617205,0.08717499101058757,48007112726250.59,53500939554605.875,1472234356815330.8,-30045329313.932472,0.039005245970066646,0.004359328974476841,-0.07576205746971154,0.024381022603821408,448794592084730.6,1969036061626311.8,2022537001180917.8,1921028948900061.5,136518.7290106175,-30045329313.932472,1.0,628.438327125892,2.384144739896258e-08,2.384144739896258e-08,0.04971981673019554,41616.246091946894,628.438327125892
2164.0,4087.401212865608,10785378611.090954,482.84227712446096,7.969649003593581e-05,2.8003055791985485,0.23364431473469696,3926695339336713.5,0.4204960083983543,0.4204960083983543,5815175723281.423,2.7454550828773345,190460.4530189882,185483.22725802302,180955.81430223756,4977.225760965152,4527.412955785458,1.1825313990059267,0.026132594363140263,0.02613259436314027,0.026132594363140266,0.024408745861896394,4527.412955785458,-69633013.0819917,-0.006456241880130738,-2.877681861773461,1.036896623899657,0.0,0.0,63328694101707.06,-3.9957598686182414,0.05906258518761531,0.08727256090679769,48829862856904.55,53681264264884.45,1495678741092521.2,-31036888401.49588,0.04049847208886634,-0.0018618121482647885,-0.07341709036411535,0.024408745861896394,455998228035378.4,2000506831984804.0,2054188096249688.8,1951676969127899.5,138676.5170723322,-31036888401.49588,1.0,631.4014562416413,2.3278054129117516e-08,2.3278054129117516e-08,0.04973673577092441,42279.29722990537,631.4014562416413
2165.0,4131.072678622255,10786598534.854261,482.301796499719,7.932239178797242e-05,2.8021432629680025,0.23366494250609351,3990024033438420.5,0.42004834971967725,0.42004834971967725,5784138834879.927,2.7281910294883156,193414.99221974568,188423.9237303529,183822.88918089264,4991.068489392797,4601.034549460263,1.1864931619135501,0.025804972159150244,0.025804972159150247,0.02580497215915024,0.024418526365286016,4601.034549460263,-69070130.12488288,-0.00640332815777834,-2.9653997876190696,1.0347369466847065,0.0,0.0,64313984178037.625,-3.994839543037753,0.05908712831353646,0.08730827163214405,49629512530021.914,53836652055041.62,1519507319589414.2,-31986577004.388996,0.04194906753559094,-0.008110221832278528,-0.0710445931710902,0.024418526365286016,463316387521879.7,2032453219641315.5,2086289871696357.0,1982823707111293.8,140869.92434913537,-31986577004.388996,1.0,634.0788436304313,2.27277940131144e-08,2.27277940131144e-08,0.0497552207687908,42952.96483175728,634.0788436304313
2166.0,4175.144239056016,10787780962.587553,481.7619208744158,7.895306993919917e-05,2.803763090039639,0.23368376920084608,4054338017616458.0,0.41960540230329624,0.41960540230329624,5752152257875.538,2.7104300450785277,196411.9167497022,191409.29022844764,186737.14357694786,5002.626521254571,4672.146651499792,1.190095019408264,0.025470076378459647,0.02547007637845964,0.025470076378459636,0.024409194798870885,4672.146651499792,-68511727.11121279,-0.006350863754910685,-3.0487079600704146,1.0325817677057083,0.0,0.0,65317337989072.625,-3.9947262198180264,0.05906639283621251,0.08727810114005208,50402094701466.64,53967239148925.664,1543728262736658.2,-32888793692.136753,0.043349718832979944,-0.014376637612217646,-0.06864703063252961,0.024409194798870885,470751139750718.44,2064881497188843.2,2118848736337768.8,2014479402487376.8,143099.7040160871,-32888793692.136753,1.0,636.4482402791235,2.219033545256518e-08,2.219033545256518e-08,0.04977509854803697,43637.43956086074,636.4482402791235
2167.0,4219.61885168309,10788927042.846209,481.22264957133126,7.858844961364586e-05,2.8051524352661503,0.233700697891817,4119655355605530.5,0.4191671165668097,0.4191671165668097,5719263464183.401,2.6921946619338817,199451.82411489566,194439.896710211,189699.52433966153,5011.927404684662,4740.372370549468,1.1933119357914588,0.025128511242882914,0.025128511242882914,0.02512851124288292,0.02437962810489668,4740.372370549468,-67957755.78425802,-0.006298842833432509,-3.127073261667408,1.0304310775936114,0.0,0.0,66339009274503.25,-3.995467880374211,0.058997717568500585,0.08717817501777159,51143531661782.14,54073319113184.37,1568349783328180.5,-33737765277.764797,0.04469285269229517,-0.020650919022288744,-0.06622713396220932,0.02437962810489668,478304544835056.25,2097797859825019.0,2151871178938203.2,2046654328163236.8,145366.6131117369,-33737765277.764797,1.0,638.4875529132048,2.1665359881988086e-08,2.1665359881988086e-08,0.04979617803341374,44332.911227924626,638.4875529132048
2168.0,4264.499489248251,10790037889.242903,480.68398191400263,7.82284573560356e-05,2.806298673500228,0.23371563165186884,4185994364880034.0,0.4187334434496325,0.4187334434496325,5685525698905.637,2.673510536219386,202535.31866859007,197516.3046438316,192710.97815042024,5019.014024758479,4805.326493411359,1.1961190014298637,0.024780932322086138,0.024780932322086134,0.024780932322086134,0.02432875859072239,4805.326493411359,-67408171.73165001,-0.006247259965495801,-3.199947542720051,1.0282848669988789,0.0,0.0,67379208581771.0,-3.9971123957583754,0.05887856667000957,0.08700479554965912,51849654934091.3,54155351493785.5,1593380110846321.2,-34527555229.53907,0.045970643913992644,-0.02692203728913545,-0.06378790705225641,0.02432875859072239,485978645069774.44,2131208410850186.8,2185363762343972.2,2079358755916095.5,147671.41016574527,-34527555229.53907,1.0,640.1749459782534,2.1152561377034905e-08,2.1152561377034905e-08,0.04981825014167374,45039.56798467496,640.1749459782534
2169.0,4309.78913974911,10791114581.49611,480.14591722672526,7.787302110024708e-05,2.807189179594564,0.23372847355386406,4253373573461805.0,0.4183043344075042,0.4183043344075042,5650998143676.098,2.654406538347292,205663.01099925302,200639.06562873535,195772.44806016173,5023.945370517657,4866.617568573618,1.1984915104504827,0.024428045403535898,0.024428045403535898,0.024428045403535905,0.024255583294924523,4866.617568573618,-66862934.52030875,-0.006196110143706646,-3.2667685246506344,1.0261431265914465,0.0,0.0,68438098117774.625,-3.9997075187914706,0.058706550907100086,0.08675447172779394,52516227806799.92,54213970144432.97,1618827463453246.2,-35252073460.729996,0.04717502505386686,-0.03317806702061621,-0.06133263217750111,0.024255583294924523,493775455463955.06,2165119146724001.2,2219333116868434.2,2112602918917201.2,150014.852611157,-35252073460.729996,1.0,641.488949675795,2.0651646256879412e-08,2.0651646256879412e-08,0.04984108782954633,45757.59544900474,641.488949675795
2170.0,4355.490806459924,10792158166.448055,479.6084548345502,7.752207013857197e-05,2.8078113284018498,0.23373912667066515,4321811671579579.5,0.41787974140705547,0.41787974140705547,5615746070215.367,2.634914838858138,208835.5172461717,203808.71997691639,198884.86974594588,5026.797269255302,4923.850230970511,1.2004050427829531,0.024070605113256673,0.024070605113256673,0.024070605113256673,0.024159173520780623,4923.850230970511,-66322007.818715654,-0.006145388790251925,-3.3269608347511124,1.0240058470606836,0.0,0.0,69515786381618.0,-4.003300876303694,0.058479449360098634,0.08642394996297253,53138970480535.54,54249991200472.39,1644700017672091.5,-35905087542.21206,0.04829769793363932,-0.0394061801143859,-0.05886487513108305,0.024159173520780623,501696953539576.0,2199535941692203.0,2253785932892675.5,2146396971211667.5,152397.69398351948,-35905087542.21206,1.0,642.4085735824445,2.0162332679636243e-08,2.0162332679636243e-08,0.04986444631283882,46487.175762426385,642.4085735824445
2171.0,4401.607507955091,10793169659.052917,479.07159406328435,7.717553509174484e-05,2.8081524947747774,0.23374749407513457,4391327457961197.5,0.417459616920431,0.417459616920431,5579840982673.155,2.6150709890478865,212053.4583400607,207025.7952556435,202049.16749329754,5027.663084417194,4976.627762345961,1.2018355503156757,0.02370941329499354,0.023709413294993542,0.023709413294993542,0.02403868443640382,4976.627762345961,-65785359.50468051,-0.006095091764772005,-3.3799371759601375,1.021873019115352,0.0,0.0,70612322618588.44,-4.007939961576492,0.058195231368626366,0.08601024522055434,53713587768952.836,54264420658672.07,1671005875810852.0,-36480235377.07796,0.04933014706790967,-0.04559264211302458,-0.05638848972303478,0.02403868443640382,509745068414708.2,2234464531994512.8,2288728952653185.0,2180750944225560.0,154820.68091177213,-36480235377.07796,1.0,642.9134252903539,1.9684350229850204e-08,1.9684350229850204e-08,0.04988540540323294,47228.48658152544,642.9134252903539
2172.0,4448.142278132188,10794150043.336111,478.5353342394897,7.683334787972423e-05,2.8082165510546595,0.23375361430232533,4461939780579786.0,0.4170439139199695,0.4170439139199695,5543360747296.077,2.5949139955478997,215317.4591666356,210290.80479235796,205265.939746123,5026.654374277638,5024.865046234951,1.2027880028956024,0.023345317159754696,0.023345317159754696,0.023345317159754693,0.02389483958272224,5024.865046234951,-65252998.210790746,-0.006045218748008363,-3.4255820149934078,1.0197446334835651,0.0,0.0,71727208673054.69,-4.013608965963047,0.057855572481933404,0.08551575940760903,54239147256575.1,54258461531944.625,1697750165675008.0,-36976246255.5925,0.050263655071939244,-0.05172281123406722,-0.05390762157222659,0.02389483958272224,517921186731033.3,2269910499662616.5,2324168961194561.0,2215671352406041.2,157284.28443730343,-36976246255.5925,1.0,643.0082588221934,1.9217482669327212e-08,1.9217482669327212e-08,0.0498726594023986,47981.65530881959,643.0082588221934
2173.0,4495.098166234717,10795100273.32546,477.9996746904813,7.649544169320373e-05,2.808201264895114,0.23375911464185922,4533666989252841.0,0.41663258587293955,0.41663258587293955,5506384501040.484,2.5744863880414015,218628.1406720013,213604.23932285493,208532.06891462643,5023.901349146366,5072.17040822848,1.2036037714181516,0.022979207222383672,0.022979207222383672,0.022979207222383672,0.023745644863171843,5072.17040822848,-64725358.687221356,-0.005995808936315006,-3.4695104305659896,1.0176206809127486,0.0,0.0,72854193148791.0,-4.019549757305996,0.05750309533590614,0.08500251812729198,54754588160220.57,54233518827330.08,1724903702063332.5,-37453712997.30845,0.05109259523759527,-0.057782197301321246,-0.05142643984232847,0.023745644863171843,526220892074075.06,2305879182297628.5,2360112701124958.5,2251124594137407.5,159785.7971107082,-37453712997.30845,1.0,642.9856268195687,1.8762012465300864e-08,1.8762012465300864e-08,0.04984793708581492,48746.27180391825,642.9856268195687
2174.0,4542.478236874349,10796021273.955015,477.46461474432806,7.6161750965833e-05,2.8081680489620213,0.23376449576406994,4606521182401632.0,0.4162255867363309,0.4162255867363309,5468930788043.176,2.553832844595835,221986.03674175002,216966.49077851244,211846.8090197418,5019.545963237575,5119.681758770618,1.2043890159477124,0.022611989640939086,0.022611989640939086,0.022611989640939086,0.023596647299775807,5119.681758770618,-64202573.26385235,-0.00594687354115711,-3.5134925059187596,1.0155011521695994,0.0,0.0,73991281133315.69,-4.025526498730113,0.05715093857571163,0.0844896475104262,55272193183567.02,54191125004707.875,1752459257623138.8,-37931739839.78045,0.05185196454262327,-0.06376901580057706,-0.048945913909653894,0.023596647299775807,534643399373478.9,2342374850180185.0,2396565975184893.0,2287102656996617.5,162324.54653001466,-37931739839.78045,1.0,642.936451543948,1.831784222220384e-08,1.831784222220384e-08,0.04982144658435006,49522.26248972717,642.936451543948
2175.0,4590.285570052857,10796913941.942299,476.9301537298503,7.583221134712875e-05,2.8081172058870427,0.2337697557516081,4680512463534948.0,0.4158228709517005,0.4158228709517005,5430999048203.3955,2.532982386658177,225391.6560428604,220377.9829181665,215210.58455293122,5013.673124693909,5167.398365235268,1.2051442009006994,0.022244271206474965,0.022244271206474965,0.022244271206474965,0.023447888472389235,5167.398365235268,-63684630.391189404,-0.005898410484110326,-3.55752790158434,1.0133860380400455,0.0,0.0,75138533401737.25,-4.031537662184099,0.056799202818592076,0.083977294413346,55791955453178.51,54132197260349.08,1780420381057863.0,-38410322599.46469,0.052573159851143136,-0.06968541029433006,-0.046466007844679934,0.023447888472389235,543189779755232.06,2379402116266273.5,2433534313526623.0,2323610160813095.0,164900.8587668317,-38410322599.46469,1.0,642.8611870536128,1.7884709261375072e-08,1.7884709261375072e-08,0.04979364500966188,50309.72578609954,642.8611870536128
2176.0,4638.523261183621,10797779146.6397,476.39629097662026,7.550675967605694e-05,2.808049038301839,0.23377489268712437,4755650996936685.0,0.4154243934400726,0.4154243934400726,5392588725603.931,2.51195008506283,228845.51184264992,223839.19592676422,218623.87631038448,5006.315915885679,5215.319616379746,1.205869794285777,0.0218763998278801,0.021876399827880096,0.021876399827880096,0.023299402925330805,5215.319616379746,-63171508.6570779,-0.005850416812492137,-3.601616377147537,1.0112753293292067,0.0,0.0,76296146027253.19,-4.037581989609624,0.056447972062984575,0.08346558158682182,56313869396806.18,54057093598040.81,1808791086860884.8,-38889458211.3597,0.05327356519318406,-0.07553346353602615,-0.043986686305567645,0.023299402925330805,551861245720921.6,2416966201978613.0,2471023295576654.0,2360652332581806.5,167515.1030870812,-38889458211.3597,1.0,642.7602904096572,1.7462348400391597e-08,1.7462348400391597e-08,0.049764806675673734,51108.77322330329,642.7602904096572
2177.0,4687.194421112735,10798617730.860764,475.8630258149602,7.518533395526735e-05,2.80796384883807,0.2337799046532693,4831947142963938.0,0.415030109596893,0.415030109596893,5353699267392.571,2.4907433112747337,232348.12399868012,227350.6452339077,222087.20016434553,4997.478764772406,5263.4450695621745,1.2065662675810596,0.021508582375301614,0.021508582375301614,0.021508582375301618,0.02315122116388509,5263.4450695621745,-62663180.781918906,-0.00580288906818484,-3.645757828247137,1.0091690168613543,0.0,0.0,77464383321822.94,-4.043658369121313,0.05609732077394791,0.08295461797888382,56837931253585.766,53965862798871.45,1837575679873708.0,-39369145126.53396,0.05396280540626226,-0.0813151993980783,-0.04150791447383866,0.02315122116388509,560659097618216.75,2455072708745511.0,2509038571544382.5,2398234777491925.0,170167.6756852133,-39369145126.53396,1.0,642.6342214939646,1.705049575780073e-08,1.705049575780073e-08,0.049735103409106474,51919.52447913223,642.6342214939646
2178.0,4736.302176139736,10799430511.68206,475.3303575759424,7.486787332596278e-05,2.8078619401273968,0.23378478973269357,4909411526285761.0,0.4146399752870361,0.4146399752870361,5314330122266.037,2.469365198127252,235900.0199728264,230912.86957340897,225601.0950990223,4987.150399417457,5311.774474386668,1.2072340956128498,0.021140949458130325,0.021140949458130325,0.021140949458130325,0.023003371289784323,5311.774474386668,-62159615.86105207,-0.005755823494008522,-3.689952307762822,1.0070670914798703,0.0,0.0,78643540835856.88,-4.0497657669714,0.05574731775199038,0.08244450436071271,57364139329865.32,53858384189816.26,1866778656416834.5,-39849383539.105446,0.054646209468512875,-0.0870325848266506,-0.03902965797000248,0.023003371289784323,569584693464433.0,2493727489211133.0,2547585873400949.0,2436363349881267.5,172858.99051783196,-39849383539.105446,1.0,642.4834428298429,1.6648890801934746e-08,1.6648890801934746e-08,0.049704648869941304,52742.10458119033,642.4834428298429
2179.0,4785.849668037856,10800218281.221334,474.7982855913874,7.455431804338556e-05,2.8077436148014803,0.2337895460080478,4988055067121618.0,0.41425394683986433,0.41425394683986433,5274480738726.932,2.4478165551729383,239501.73530729325,234526.4242111328,229166.11642763676,4975.311096160436,5360.30778349605,1.207873756435954,0.020773591012928787,0.020773591012928787,0.020773591012928787,0.02285587989296432,5360.30778349605,-61660780.6452483,-0.005709216150979074,-3.73420003828428,1.004969544047209,0.0,0.0,79833925119240.69,-4.0559031903145115,0.055398028236751884,0.08193533638548711,57892494116287.055,53734445855515.3,1896404648246857.0,-40330175519.21529,0.055326728533658456,-0.09268753178784005,-0.0365518827582263,0.02285587989296432,578639431831402.6,2532936574194546.5,2586671020050061.5,2475044080078259.5,175589.47410759213,-40330175519.21529,1.0,642.308419405383,1.6257277448349164e-08,1.6257277448349164e-08,0.049673523063522795,53576.64232004462,642.308419405383
2180.0,4835.840054073991,10800981807.392605,474.2668091938643,7.424460945290418e-05,2.8076091754919803,0.2337941715619826,5067888992240859.0,0.4138719810443399,0.4138719810443399,5234150563207.717,2.4260969282042364,243153.8138066068,238191.877064479,232782.83190802851,4961.936742127812,5409.045156450475,1.2084857312156168,0.020406575839580724,0.020406575839580724,0.020406575839580724,0.02270877253713499,5409.045156450475,-61166640.29151583,-0.005663062986519526,-3.77850141982074,1.002876365444857,0.0,0.0,81035842813811.19,-4.062069666629401,0.0550495150608965,0.08142720626572342,58422998330186.664,53593788481155.43,1926458390474049.5,-40811525094.69094,0.05600599816609786,-0.09828189918641306,-0.034074555045057915,0.02270877253713499,587824742037897.0,2572706130842133.5,2626299919323289.0,2514283132511946.5,178359.56256823873,-40811525094.69094,1.0,642.1096184996131,1.5875404639175318e-08,1.5875404639175318e-08,0.049641785949804174,54423.269339789775,642.1096184996131
2181.0,4886.276507028152,10801721834.63886,473.7359277166889,7.393868996668383e-05,2.807458924830558,0.2337986644771486,5148924835054670.0,0.413494035144188,0.413494035144188,5193339038113.025,2.404205184826328,246856.8075613816,241909.80644119938,236451.81948122493,4947.001120182207,5457.986959974464,1.2090705041111174,0.020039962312775682,0.020039962312775685,0.020039962312775685,0.02256207402365529,5457.986959974464,-60677158.82015953,-0.0056173598754950885,-3.8228570349569067,1.0007875465732916,0.0,0.0,82249594928327.38,-4.06826423254808,0.05470183927179206,0.08092020367629704,58955656918730.35,53436130015855.05,1956944702896639.0,-41293438305.19679,0.056684926626875395,-0.10381749474744895,-0.031597641174936124,0.02256207402365529,597142078433794.4,2613042438249164.0,2666478568265019.0,2554086781330433.5,181169.6998733227,-41293438305.19679,1.0,641.8875095115158,1.5503026637693716e-08,1.5503026637693716e-08,0.049609485048724755,55282.11960790221,641.8875095115158
2182.0,4937.162215212525,10802439084.642996,473.20564049392334,7.363650304092522e-05,2.8072931654488738,0.2338030228361964,5231174429982997.0,0.4131200668331104,0.4131200668331104,5152045599807.828,2.3821398375710636,250611.2768892714,245680.79968658558,240173.6659202042,4930.477202685811,5507.133766381392,1.2096285621610556,0.019673804243311305,0.019673804243311305,0.0196738042433113,0.02241580853451645,5507.133766381392,-60192299.40732811,-0.0055721026460495305,-3.8672676526837786,0.9987030783519446,0.0,0.0,83475473980536.38,-4.074485927738826,0.05435506046898131,0.0804144162438899,59490477042315.54,53261179640234.47,1987868478859567.2,-41775923242.12682,0.05736402068323802,-0.10929607685634239,-0.029121107523955105,0.02241580853451645,606592916978836.2,2653951872880719.0,2707213052520953.5,2594461395838403.5,184020.3368224097,-41775923242.12682,1.0,641.6425637919561,1.5139903164426364e-08,1.5139903164426364e-08,0.04957665973589398,56153.3290977945,641.6425637919561
2183.0,4988.500382490179,10803134257.017614,472.67594686037546,7.333799315365588e-05,2.807112199978588,0.23380724472177664,5314649903963533.0,0.4127500342500503,0.4127500342500503,5110269676565.701,2.3598992216754775,254417.79023481702,249505.45234166362,243948.96599049633,4912.337893153394,5556.4863511672875,1.2101603951703714,0.019308154074522507,0.019308154074522507,0.019308154074522507,0.022269999709499087,5556.4863511672875,-59712024.58383075,-0.005527287096801781,-3.9117342315881034,0.9966229517191603,0.0,0.0,84713762715126.44,-4.080733791584162,0.05400923698579552,0.07990992980958533,60027468048946.13,53068645775571.17,2019234678344476.2,-42258990081.61791,0.05804356605749429,-0.1147193563554356,-0.02664492039264356,0.022269999709499087,616178753111479.9,2695440899504902.0,2748509545280473.0,2635413431455956.0,186911.930399532,-42258990081.61791,1.0,641.3752544785942,1.4785799443260553e-08,1.4785799443260553e-08,0.04954334371016933,57037.03559096434,641.3752544785942
2184.0,5040.294228293294,10803808029.974274,472.14684615159723,7.304310578305903e-05,2.8069163310513616,0.23381132821653997,5399363666678659.0,0.4123838959745061,0.4123838959745061,5068010686484.083,2.3374815923878756,258276.92405110766,253384.36759019093,247778.32189987812,4892.556460916716,5606.045690312809,1.2106664955991318,0.018943064615205733,0.018943064615205733,0.018943064615205733,0.02212467068757651,5606.045690312809,-59236296.379171066,-0.005482909009010975,-3.9562579227799897,0.994547157632157,0.0,0.0,85964733678250.44,-4.08700686139293,0.05366442598627852,0.07940682856816228,60566641445404.195,52858240779554.53,2051048323449337.2,-42742651114.77979,0.058723727375059404,-0.12008899829709675,-0.024169045898127184,0.02212467068757651,625901100346116.4,2737516065240858.0,2790374306020412.5,2676949423795453.5,189844.94335320222,-42742651114.77979,1.0,641.0860563338244,1.4440486195100613e-08,1.4440486195100613e-08,0.049509566448197706,57933.37854667589,641.0860563338244
2185.0,5092.546987640973,10804461060.972816,471.61833770388483,7.275178738632583e-05,2.8067058612988554,0.233815271403137,5485328400356909.0,0.41202161102189494,0.41202161102189494,5025268035369.303,2.3148851777221027,262189.26267572306,257318.1558700936,251662.3429125117,4871.106805629467,5655.812957581898,1.2111473584531105,0.01857858996939198,0.01857858996939198,0.01857858996939198,0.02197984412898257,5655.812957581898,-58765076.43235282,-0.005438964155706042,-4.0008400727688676,0.992475687066987,0.0,0.0,87228649248598.81,-4.09330417145369,0.05332068351629371,0.0789051951406663,61108010868339.125,52629683805263.26,2083314495227131.2,-43226920777.41088,0.059404603531762634,-0.12540662365389785,-0.021693449865825845,0.02197984412898257,635761489284289.8,2780183995379760.0,2832813679185023.5,2719075984511421.0,192819.84390247345,-43226920777.41088,1.0,640.7754455857975,1.4103739599811422e-08,1.4103739599811422e-08,0.04947535409436865,58842.49901003825,640.7754455857975
2186.0,5145.261911156678,10805093987.351286,471.0904208542771,7.246398537901668e-05,2.8064810933527298,0.2338190723642183,5572557049605508.0,0.4116631388389652,0.4116631388389652,4982041114591.892,2.2921082065520064,266155.39820760145,261307.4345796137,255601.6450576462,4847.963627987745,5705.789521967517,1.2116034811762038,0.018214786025892774,0.01821478602589277,0.01821478602589277,0.02183554222690556,5705.789521967517,-58298326.081502736,-0.005395448308894695,-4.045482226403853,0.9904085310184988,0.0,0.0,88505761903120.19,-4.0996247525488885,0.052978064530033286,0.07840511061114497,61651592056903.19,52382702647668.11,2116038331305799.8,-43711815680.45277,0.06008625837332765,-0.13067381098698785,-0.019218097720716996,0.02183554222690556,645761466863671.0,2823451390226373.5,2875834092874041.5,2761799798169470.5,195837.1055154992,-43711815680.45277,1.0,640.4438997725712,1.3775341238168639e-08,1.3775341238168639e-08,0.04944073003320382,59764.539542147024,640.4438997725712
2187.0,5198.442265085197,10805707426.937063,470.56309494055506,7.217964811491794e-05,2.806242329844645,0.23382272918243455,5661062811508628.0,0.411308439299257,0.411308439299257,4938329298911.438,2.269148923061371,270175.9303882477,265352.82783894835,259596.85089358984,4823.102549299352,5755.976945358503,1.2120353635447034,0.017851710707051018,0.017851710707051015,0.017851710707051018,0.02169178671369578,5755.976945358503,-57836006.43914884,-0.005352357245484184,-4.090186129941541,0.9883456805002968,0.0,0.0,89796314594834.5,-4.1059676317207625,0.05263662290351201,0.07790665454441459,62197402827738.89,52117035037843.09,2149225023964639.8,-44197354641.86427,0.06076873770392385,-0.13589209807398026,-0.016742954378131357,0.02169178671369578,655902595745697.4,2867325022538076.0,2919442057575919.5,2805127619710337.0,198897.20673048514,-44197354641.86427,1.0,640.091897589438,1.3455078020610726e-08,1.3455078020610726e-08,0.04940571528046367,60699.6441631047,640.091897589438
2188.0,5252.091331309196,10806301978.63971,470.03635930124096,7.189872486638077e-05,2.8059898734062623,0.2338262399404364,5750859126103462.0,0.4109574726986103,0.4109574726986103,4894131944269.574,2.2460055936485475,274251.4664889153,269454.966285209,263648.5893047486,4796.500203706341,5806.376980460404,1.2124435075634672,0.01748942408627086,0.01748942408627086,0.017489424086270862,0.02154859886425159,5806.376980460404,-57378078.45713055,-0.005309686752280938,-4.134953734275348,0.986287126544702,0.0,0.0,91100541175540.12,-4.112331832174166,0.05229641144136454,0.07740990499406242,62745463052677.33,51832429641857.61,2182879818483586.2,-44683558720.283356,0.06145207872505146,-0.14106298349777577,-0.01426798413401166,0.02154859886425159,666186453785886.4,2911811735322150.0,2963644164964007.5,2849066272269472.5,202000.63100201887,-44683558720.283356,1.0,639.7199187394692,1.3142742106889727e-08,1.3142742106889727e-08,0.04937032876837666,61647.95830272971,639.7199187394692
2189.0,5306.212407365362,10806878223.02607,469.51021327559766,7.16211658051294e-05,2.805724026669242,0.23382960272087439,5841959667279002.0,0.41061019975072094,0.41061019975072094,4849448385549.291,2.222676509662486,278382.6212044185,273614.48688805755,267757.49531907716,4768.134316360908,5856.99156898038,1.2128284173639987,0.017127988434520954,0.017127988434520958,0.017127988434520958,0.02140599949803323,5856.99156898038,-56924502.98353512,-0.0052674326302897395,-4.1797871983437345,0.9842328602027143,0.0,0.0,92418666827021.75,-4.11871637325326,0.05195748188037708,0.07691493850568365,63295794639261.36,51528646907943.99,2217008011660817.8,-45170451250.664055,0.06213631528369226,-0.1461879281977758,-0.01179315055454689,0.02140599949803323,676614633554922.1,2956918439855001.0,3008447086762945.5,2893622645215740.0,205147.86656308096,-45170451250.664055,1.0,639.3284437873111,1.2838130819217192e-08,1.2838130819217192e-08,0.04933458756687026,62609.62875599619,639.3284437873111
2190.0,5360.808806460087,10807436722.878141,468.9846562036275,7.134692198352626e-05,2.805445092265244,0.23383281560639924,5934378334106024.0,0.41026658158274265,0.41026658158274265,4804277934298.627,2.199159987839146,282570.01655369427,277832.0327786976,271924.20993862295,4737.983774996647,5907.822840074659,1.2131905991044811,0.016767468228874635,0.016767468228874635,0.01676746822887463,0.02126400898049231,5907.822840074659,-56475240.813175105,-0.005225590698451493,-4.224688892726101,0.9821828725439724,0.0,0.0,93750908481473.62,-4.125120270457451,0.05161988489162961,0.07642183011809,63848421514081.11,51205459842299.57,2251614950438223.0,-45658057881.98345,0.06282148080099706,-0.1512683569849396,-0.009318416365085513,0.02126400898049231,687188741892076.0,3002652113844380.0,3053857573686679.5,2938803692330299.0,208339.40629712914,-45658057881.98345,1.0,638.9179540162753,1.2541046550650065e-08,1.2541046550650065e-08,0.04929850706428218,63584.80364149382,638.9179540162753
2191.0,5415.883857484738,10807978023.734228,468.45968742607164,7.107594531628167e-05,2.80515337282593,0.23383587667966146,6028129242587498.0,0.409926579730936,0.409926579730936,4758619876416.644,2.175454369472278,286814.2817869584,282108.2530878865,276149.37997883564,4706.028699071899,5958.873109050847,1.2135305608717835,0.016407930141245444,0.016407930141245444,0.016407930141245444,0.02112264722434211,5958.873109050847,-56030252.73262181,-0.005184156796912415,-4.269661403429783,0.9801371546567152,0.0,0.0,95097475221315.25,-4.131542535477516,0.0512836700822602,0.07593065336396654,64403369608842.414,50862654758631.664,2286706030599023.5,-46146406617.055336,0.06350760991782442,-0.1563056600221168,-0.006843743338227286,0.02112264722434211,697910399480065.1,3049019799687931.0,3099882454446562.5,2984616430079088.5,211575.74761693965,-46146406617.055336,1.0,638.4889312887552,1.225129666996153e-08,1.225129666996153e-08,0.04926210112085894,64573.63236189599,638.4889312887552
2192.0,5471.440905030469,10808502654.413834,467.935306284409,7.080818856259649e-05,2.8048491709829606,0.2338387840233118,6123226717808813.0,0.4095901561363626,0.4095901561363626,4712473469799.588,2.1515580188901713,291116.0532991483,286443.80279030476,280433.6579139904,4672.250508843512,6010.1448763143735,1.2138488125854592,0.01604944301729163,0.016049443017291627,0.016049443017291627,0.02098193369089638,6010.1448763143735,-55589499.56052225,-0.005143126789890859,-4.314707535868717,0.978095697647744,0.0,0.0,96458568653797.0,-4.137982176241521,0.050948885997385784,0.07544148027075737,64960666849055.61,50500032026921.484,2322286695515667.5,-46635527854.4564,0.0641947394310346,-0.16130119427105408,-0.004369092180992314,0.02098193369089638,708781240434678.4,3096028602799401.5,3146528634826323.0,3031067935950346.0,214857.39234817348,-46635527854.4564,1.0,638.0418579099932,1.1968693423936264e-08,1.1968693423936264e-08,0.04922538220274175,65576.2655658169,638.0418579099932
2193.0,5527.483309402635,10809011127.526804,467.411512120856,7.054360530872647e-05,2.8045327893679954,0.23384153572000083,6219685286462610.0,0.40925727314062527,0.40925727314062527,4665837941945.132,2.1274693215539164,295475.9745492845,290839.34255356627,284777.70172701875,4636.631995718229,6061.640826547528,1.2141458659037638,0.01569207785096873,0.01569207785096873,0.015692077850968735,0.02084188739159698,6061.640826547528,-55152942.18375462,-0.005102496568191997,-4.359830319033142,0.9760584926423821,0.0,0.0,97834383258625.75,-4.144438196964744,0.05061558012248113,0.0749543813622251,65520343145223.01,50117406835965.15,2358362434933968.5,-47125454432.55797,0.0648829088383531,-0.1662562849074373,-0.0018944224209668176,0.02084188739159698,719802911904886.9,3143685689984077.5,3193803096820043.0,3078165346838855.0,218184.84661636036,-47125454432.55797,1.0,637.5772164952284,1.169305383783158e-08,1.169305383783158e-08,0.049188361501000255,66592.85511065839,637.5772164952284
2194.0,5584.0144466347065,10809503939.967148,466.8883042783651,7.028214995095678e-05,2.8042045306126955,0.23384412985237912,6317519669721236.0,0.4089278934816521,0.4089278934816521,4618712487512.574,2.1031866819509415,299894.6959853474,295295.53859067947,289182.17476257024,4599.157394667925,6113.3638281092135,1.214422234131726,0.015335907757743857,0.015335907757743857,0.015335907757743857,0.020702526889792204,6113.3638281092135,-54720541.589870006,-0.005062262051410688,-4.405033009848948,0.9740255307844382,0.0,0.0,99225106708362.5,-4.150909598200425,0.050283798886347486,0.07446942566087589,66082430386399.19,49714609978191.98,2394938783783785.5,-47616221675.647545,0.06557216066779614,-0.17117222670529028,0.0005803077086735772,0.020702526889792204,730977073680486.1,3191998287850670.5,3241712897828862.5,3125915857464271.5,221558.62073639838,-47616221675.647545,1.0,637.0954898402609,1.1424199614610118e-08,1.1424199614610118e-08,0.04915104903861267,67623.55402617187,637.0954898402609
2195.0,5641.037708501804,10809981573.392008,466.3656821006243,7.002377767897622e-05,2.803864697348722,0.23384656450309735,6416744776429598.0,0.40860198028952605,0.40860198028952605,4571096265836.927,2.078708521379091,304372.8749742707,299813.0625150851,293647.7455824414,4559.812459185635,6165.316932643745,1.2146784321312734,0.014981007948132978,0.014981007948132978,0.014981007948132978,0.020563870302794218,6165.316932643745,-54292258.8961958,-0.005022419189856187,-4.450319097724456,0.9719968032361661,0.0,0.0,100630920162152.75,-4.157395376889653,0.04995358766476099,0.07398668069138525,66646962436000.62,49291488661920.01,2432021321009183.5,-48107867442.11592,0.06626254068910725,-0.17605028539201203,0.0030551413853603508,0.020563870302794218,742305397805112.6,3240973681250296.0,3290265169912215.5,3174326718814296.0,224979.22910390788,-48107867442.11592,1.0,636.5971607954363,1.1161957033449176e-08,1.1161957033449176e-08,0.04911345376719267,68668.51647853351,636.5971607954363
2196.0,5698.5565025337355,10810444494.686203,465.8436449320562,6.976844445964071e-05,2.8035135922077346,0.23384883775480614,6517375696591751.0,0.4082794970823573,0.4082794970823573,4522988398394.811,2.0540332756730644,308911.17573665077,304392.591197561,298175.0878226733,4518.584539089765,6217.503374887712,1.2149149762334452,0.014627455702482887,0.014627455702482884,0.014627455702482884,0.02042593530422803,6217.503374887712,-53868055.375926666,-0.0049829639662277644,-4.495692309282641,0.969972301178228,0.0,0.0,102051998533705.38,-4.16389452640936,0.049624990784811085,0.07350621248504319,67213975129747.76,48847907354377.14,2469615668412313.5,-48600432174.68763,0.06695409806115432,-0.1808916989752927,0.005530123314643465,0.02042593530422803,753789568192880.5,3290619211734941.5,3339467119089318.5,3223405236605194.0,228447.1900879039,-48600432174.68763,1.0,636.0827121430799,1.090615684795514e-08,1.090615684795514e-08,0.04907558365483666,69727.8977347694,636.0827121430799
2197.0,5756.574252027605,10810893156.412775,465.32219211781745,6.951610702111565e-05,2.8031515178213944,0.23385094769015613,6619427695125456.0,0.40796040776219983,0.40796040776219983,4474387966220.123,2.029159392900991,313510.2692857929,309034.80662439985,302764.8800517352,4475.462661393008,6269.926572664663,1.2151323841527109,0.014275330347514771,0.014275330347514768,0.014275330347514771,0.02028873912667422,6269.926572664663,-53447892.481490105,-0.004943892397066753,-4.541156613276836,0.9679520158096542,0.0,0.0,103488510734641.5,-4.170406036617915,0.049298051529958475,0.07302808558526153,67783506275631.01,48383748657834.57,2507727489506251.5,-49093958952.673164,0.06764688544514871,-0.18569767904310974,0.008005299849110532,0.02028873912667422,765431280247187.2,3340942276029069.5,3389326024686904.5,3273158769753439.0,231963.02592434047,-49093958952.673164,1.0,635.5526264784023,1.0656634184447957e-08,1.0656634184447957e-08,0.04903744576602609,70801.85412739472,635.5526264784023
2198.0,5815.094396059998,10811327997.249943,464.8013230037975,6.926672283738752e-05,2.8027787768213623,0.23385289239179788,6722916205860098.0,0.4076446766110107,0.4076446766110107,4425294007267.45,2.0040853310456144,318170.8333707273,313740.3957563222,307417.8056292642,4430.437614405131,6322.590127057958,1.2153311749034117,0.01392471323492703,0.013924713234927031,0.013924713234927034,0.02015229856460252,6322.590127057958,-53031731.86544337,-0.004905200534007751,-4.586716225687817,0.965935938347807,0.0,0.0,104940619894351.88,-4.176928893897964,0.048972812145784084,0.07255236305410684,68355595655797.77,47898914220687.44,2546362488372444.0,-49588493546.219284,0.06834095910020936,-0.19046941203796786,0.010480719108804626,0.02015229856460252,777232240480361.8,3391950324508603.5,3439849238729290.5,3323594728852805.5,235527.26261012125,-49588493546.219284,1.0,635.0073860938826,1.041322844062852e-08,1.041322844062852e-08,0.048999046334357255,71890.54301914296,635.0073860938826
2199.0,5874.1203894986575,10811749442.414875,464.2810369366181,6.902025011313489e-05,2.802395671839298,0.23385466994238208,6827856825754450.0,0.4073322682866519,0.4073322682866519,4375705513721.231,1.9788095556772483,322893.5524228415,318510.0503876254,312134.55256487266,4383.502035216082,6375.497822752751,1.215511868718336,0.013575687722236456,0.013575687722236454,0.013575687722236452,0.020016629977590336,6375.497822752751,-52619535.3991332,-0.004866884464849407,-4.632375615000079,0.9639240600283404,0.0,0.0,106408483557489.25,-4.183462081196384,0.048649313846440445,0.07207910647987648,68930285030264.305,47393325685071.945,2585526408518744.5,-50084084472.53337,0.06903637897040675,-0.1952080605065086,0.012956431103229407,0.020016629977590336,789194166132934.2,3443650859681943.0,3491044185367014.5,3374720574651678.5,239140.42979720127,-50084084472.53337,1.0,634.4474728671416,1.0175783184896903e-08,1.0175783184896903e-08,0.048960390828778566,72994.1227676714,634.4474728671416
2200.0,5933.655703013762,10812157904.074661,463.7613332636324,6.877664776894983e-05,2.802002505506864,0.2338562784245593,6934265309311939.0,0.407023147818934,0.407023147818934,4325621429248.6978,1.9533305376215817,327679.11750580004,323344.4670051031,316915.8133765639,4334.650500696915,6428.653628539252,1.21567498696946,0.013228339155973797,0.013228339155973797,0.0132283391559738,0.01988174929381981,6428.653628539252,-52211265.18932753,-0.00482894031446315,-4.678139507656022,0.9619163721051637,0.0,0.0,107892253860184.12,-4.1900045780611626,0.04832759682177412,0.07160837598567371,69507618142368.93,46866925672511.336,2625225031734287.5,-50580783054.067,0.06973320876833049,-0.19991476432557947,0.015432487855028088,0.01988174929381981,801318784791378.1,3496051434668034.5,3542918360340545.5,3426543816525665.5,242803.0606864285,-50580783054.067,1.0,633.8733681523278,9.944146056550173e-09,9.944146056550173e-09,0.04892148401384411,74112.7526901354,633.8733681523278
2201.0,5993.7038230886965,10812553781.744854,463.24221133292383,6.853587542690032e-05,2.801599580455718,0.23385771592098023,7042157563172123.0,0.40671728060570195,0.40671728060570195,4275040646194.631,1.92764675062322,332528.2262684304,328244.34664627555,321762.2849483062,4283.879622154858,6482.061697969332,1.2158210520908477,0.01288275485731769,0.012882754857317692,0.012882754857317692,0.019747672013844513,6482.061697969332,-51806883.59300948,-0.004791364245556543,-4.724012893685698,0.9599128658504028,0.0,0.0,109392077685985.12,-4.196555360675174,0.04800770024510681,0.07114023023896732,70087640725881.77,46319678809070.23,2665464176937476.0,-51078643478.632744,0.07043151605796404,-0.20459064190581858,0.017908943525421085,0.019747672013844513,813607834003197.5,3549159651666555.5,3595479330475626.0,3479072010940673.5,246515.69192077973,-51078643478.632744,1.0,633.2855526750008,9.718168667054939e-09,9.718168667054939e-09,0.04888233000451714,75246.59302752648,633.2855526750008
2202.0,6054.268252030414,10812937462.675978,462.723670493306,6.829789339642518e-05,2.801187199317523,0.23385898051429543,7151549640858108.0,0.4064146324089616,0.4064146324089616,4223962002715.998,1.901756669004619,337441.5829002763,333210.39475649386,326674.6683863338,4231.188143782422,6535.726370160048,1.215950587503747,0.012539024110234984,0.012539024110234987,0.012539024110234985,0.019614413214618584,6535.726370160048,-51406353.23050603,-0.0047541524593062824,-4.770001032511297,0.9579135325543616,0.0,0.0,110908096802470.75,-4.203113401886756,0.04768966228166405,0.07067472646212025,70670400513702.86,45751572791535.38,2706249699013559.0,-51577722861.4445,0.0711313723383917,-0.20923679137377632,0.020385854541484966,0.019614413214618584,826063060888281.6,3602983160415543.5,3648734733207079.0,3532312759901840.5,250278.86347766023,-51577722861.4445,1.0,632.6845064305476,9.497706502559453e-09,9.497706502559453e-09,0.04884293231591741,76395.80490867356,632.6845064305476
2203.0,6115.35250797931,10813309322.228334,462.20571009432103,6.806266266055273e-05,2.8007656647239387,0.23386007028715558,7262457737660579.0,0.4061151693510473,0.4061151693510473,4172384279854.5537,1.8756587653194283,342419.898089526,338243.3210444797,331653.6688737422,4176.577045046323,6589.652170737463,1.216064117543878,0.012197238152189259,0.01219723815218926,0.012197238152189257,0.019481987553779105,6589.652170737463,-51009636.99710914,-0.004717301195874549,-4.816109458924433,0.9559183635254856,0.0,0.0,112440447979384.25,-4.209677671237032,0.047373520097619415,0.07021192044384283,71255947248077.6,45162619496204.28,2747587487638223.5,-52078081309.05962,0.07183285312917662,-0.2138542917335649,0.02286327972535399,0.019481987553779105,838686221745442.2,3657529656631743.5,3702692276127947.5,3586273709383666.0,254093.11855993583,-52078081309.05962,1.0,632.0707085861064,9.282618827784352e-09,9.282618827784352e-09,0.04880329390843752,77560.55031380638,632.0707085861064
2204.0,6176.960124918602,10813669724.235449,461.6883294862394,6.783014486243514e-05,2.8003352793066263,0.23386098332221125,7374898185639963.0,0.4058188579108298,0.4058188579108298,4120306198545.494,1.8493515079988903,347463.8889830417,343343.83933587174,336699.9955229565,4120.049647169962,6643.843812915272,1.216162167390933,0.011857490167477648,0.011857490167477648,0.011857490167477646,0.01935040927417374,6643.843812915272,-50616698.07333199,-0.0046808067348210695,-4.862343989235318,0.9539273500903233,0.0,0.0,113989263089076.62,-4.216247134983939,0.04705930986975149,0.06975186655156795,71844332692270.88,44552856131948.76,2789483466083732.5,-52579781985.21217,0.07253603805785999,-0.2184442040089945,0.02534128042542352,0.01935040927417374,851479081653072.9,3712806880429076.5,3757359736561025.0,3640962547736805.5,257959.00348537375,-52579781985.21217,1.0,631.4446373860196,9.072768591407506e-09,9.072768591407506e-09,0.048763417228603556,78740.99203758274,631.4446373860196
2205.0,6239.094652683319,10814019021.356512,461.1715280200589,6.760030229219001e-05,2.799896345697245,0.2338617177021131,7488887448729040.0,0.4055256649199638,0.4055256649199638,4067726416560.2817,1.8228333589898031,352574.27914822963,348512.6674243575,341814.3612256545,4061.611723872144,6698.306198703041,1.2162452630002993,0.011519875283257852,0.01151987528325785,0.01151987528325785,0.019219692208625006,6698.306198703041,-50227499.933931224,-0.004644665395422125,-4.908710727592685,0.9519404835934875,0.0,0.0,115554669189984.75,-4.222820756122874,0.046747066795680636,0.06929461774470214,72435610643644.92,43922346439317.98,2831943590004165.0,-53082891178.524055,0.07324101094982485,-0.2230075723671256,0.02781992064963324,0.019219692208625006,864443414062888.8,3768822614710698.0,3812744961150016.0,3696387004067053.5,261877.06757417237,-53082891178.524055,1.0,630.8067700608038,8.868022333038245e-09,8.868022333038245e-09,0.04872330424595184,79937.29365148212,630.8067700608038
2206.0,6301.759656968737,10814357555.418158,460.6553050475035,6.737309787404186e-05,2.799449166527457,0.23386227150951172,7604442117919025.0,0.40523555755917523,0.40523555755917523,4014643525381.758,1.7961027713824367,357751.7985364921,353750.5269199577,346997.48249971814,4001.271616534387,6753.044420239549,1.2163139310370228,0.011184490568329708,0.01118449056832971,0.011184490568329711,0.019089849784923556,6753.044420239549,-49842006.35581399,-0.004608873536906719,-4.955216072473775,0.9499577553976196,0.0,0.0,117136788593769.5,-4.229397494403929,0.046436825104676616,0.06884022558874059,73029836948092.0,43271181937548.87,2874973846196235.0,-53587478372.08625,0.07394785992065026,-0.22754542522413868,0.03029926720090661,0.019089849784923556,877581000385672.0,3825584683529999.0,3868855865467548.0,3752554846581907.0,265847.863034252,-53587478372.08625,1.0,630.1575827396487,8.668250091858426e-09,8.668250091858426e-09,0.048682956486305606,81149.61946546612,630.1575827396487
2207.0,6364.958719338447,10814685657.745836,460.1396599210233,6.714849515375543e-05,2.7989940444289214,0.2338626428270578,7721578906512794.0,0.4049485033545876,0.4049485033545876,3961056047009.6714,1.7691581870267714,362997.18344802724,359058.1430940475,352250.0793328007,3939.040353979719,6808.063761246828,1.2163686988120004,0.010851435034739596,0.010851435034739598,0.010851435034739596,0.018960895031041262,6808.063761246828,-49460181.42493756,-0.004573427558619102,-5.001866723343161,0.9479791568833511,0.0,0.0,118735738916706.75,-4.235976306345633,0.0461286180690178,0.06838874027021935,73627069515775.25,42599483221466.55,2918580251332286.5,-54093616314.89545,0.07465667747102082,-0.2320587763343956,0.032779389814821806,0.018960895031041262,890893629567986.1,3883100950416047.5,3925700433637514.5,3809473880900272.5,269871.94484399114,-54093616314.89545,1.0,629.4975503664178,8.473325316991572e-09,8.473325316991572e-09,0.04864237506161939,82378.13448880955,629.4975503664178
2208.0,6428.69543723181,10815003649.485176,459.6245919937927,6.692645828635364e-05,2.7985312820333004,0.23386282973740188,7840314645429501.0,0.40466447017408697,0.40466447017408697,3906962430694.776,1.74199803413544,368311.17649773066,364436.2447206737,357572.8750220722,3874.931777056938,6863.369698601451,1.216410094220443,0.010520809642280336,0.010520809642280334,0.010520809642280332,0.0188328405805574,6863.369698601451,-49081989.54230155,-0.004538323900116112,-5.048669687480444,0.9460046794492658,0.0,0.0,120351633115816.5,-4.242556145245162,0.045822478015878576,0.0679402106124729,74227368338140.67,41907401310376.86,2962768850661851.0,-54601381095.14619,0.07536756058421866,-0.23654862586353906,0.03526036129958787,0.0188328405805574,904383097658766.6,3941379316658759.0,3983286717969136.0,3867151948320618.0,273949.87063207204,-54601381095.14619,1.0,628.8271466191741,8.283124779648256e-09,8.283124779648256e-09,0.04860441398943438,83623.00439000016,628.8271466191741
2209.0,6492.973423971103,10815311841.913546,459.11010061971064,6.670695202411298e-05,2.798037621930487,0.23386272790907434,7960666278545318.0,0.404383426223725,0.404383426223725,3852361049599.63,1.7146207248717404,373694.52658198966,369885.56391375355,362967.205921882,3808.9626682361413,6918.357991871558,1.2163974022684902,0.010192717305963654,0.010192717305963654,0.010192717305963656,0.018704049757088427,6918.357991871558,-48707366.14550447,-0.0045035563335995964,-5.094661289990461,0.9440343145118628,0.0,0.0,121985720123442.5,-4.249225701256525,0.04551449220439141,0.06748890409949182,74824199116085.67,41195119051180.95,3007551172455228.5,-55100350580.17238,0.07608061082621212,-0.24101596144645404,0.03774225767839897,0.018704049757088427,918052347977974.5,4000427719549288.5,4041622838600469.0,3925603520433203.0,278082.7050034559,-55100350580.17238,1.0,628.1127684187451,8.097508929612278e-09,8.097508929612278e-09,0.048583134613114476,84884.50091842604,628.1127684187451
2210.0,6557.796308768042,10815610536.742186,458.596185153399,6.648994170482922e-05,2.797372738438055,0.2338617296511263,8082651998668760.0,0.4041053400441602,0.4041053400441602,3797260699019.4575,1.6870246529211095,379148.0048975953,375406.851852778,368437.4998294685,3741.15304481733,6969.352023309507,1.2160850176949365,0.009867262906546964,0.009867262906546966,0.009867262906546966,0.01856479706993375,6969.352023309507,-48336104.21053511,-0.00446910546994369,-5.133974756918661,0.9420680535055196,0.0,0.0,123644912105571.38,-4.256519469469815,0.04518139134648946,0.06700071332703228,75377797177571.77,40462854291091.42,3052966393314099.5,-55527071476.297874,0.07678932891980537,-0.24545962739894361,0.040224611199044774,0.01856479706993375,931910111972447.4,4060254302464118.5,4100717156755210.0,3984876505286546.5,282274.06885101245,-55527071476.297874,1.0,627.1518943751071,7.916248816287482e-09,7.916248816287482e-09,0.0485636242791907,86163.43097845606,627.1518943751071
2211.0,6623.167736729916,10815900026.409143,458.0828449502022,6.627539324034686e-05,2.796519779467844,0.23385977266483002,8206296910774331.0,0.40383018050713637,0.40383018050713637,3741733627543.1597,1.659211084623726,384672.48455709993,381000.94471764105,373985.12968594127,3671.539839458902,7015.815031699777,1.215443693950269,0.009544586594713684,0.009544586594713684,0.009544586594713682,0.01841416702233949,7015.815031699777,-47968151.12038807,-0.004434966207459796,-5.16571737030257,0.9401058878824539,0.0,0.0,125329762473622.88,-4.264501430779186,0.04482096593389484,0.0664723799101784,75882353986643.28,39711007846565.76,3099026320495743.0,-55871882641.87774,0.07745020363439613,-0.24986561934502527,0.04270365300597034,0.01841416702233949,945959453551055.9,4120868128033442.5,4160579135880008.0,4044985774046799.0,286525.05227756005,-55871882641.87774,1.0,625.9213701774692,7.739226021487573e-09,7.739226021487573e-09,0.04854253464167302,87460.0774083812,625.9213701774692
2212.0,6689.09136886522,10816180594.3633,457.57007936618606,6.606327310534534e-05,2.795486445152751,0.2338569020046348,8331626673247954.0,0.4035579168119982,0.4035579168119982,3685861744901.2817,1.6312003493598528,390268.85092505167,386668.6035456791,379610.74836172553,3600.247379372506,7057.855183953596,1.214487409656596,0.009225044147999165,0.009225044147999165,0.009225044147999165,0.018252982319315242,7057.855183953596,-47603490.52635765,-0.004401136807124461,-5.190012852035226,0.9381478091126871,0.0,0.0,127039369022650.25,-4.2731418087392345,0.044435163557294044,0.0659067369366294,76339036278505.3,38940925839676.23,3145736373494379.5,-56136116294.679535,0.07803306286995422,-0.25421836342775933,0.04517514968035502,0.018252982319315242,960202036347445.9,4182277446120331.0,4221218371960007.5,4105938409841825.5,290836.1547821914,-56136116294.679535,1.0,624.4338606529803,7.566347622854904e-09,7.566347622854904e-09,0.048519574523722575,88774.59357953412,624.4338606529803
2213.0,6755.570882088775,10816452515.339758,457.05788775813755,6.585354832637607e-05,2.794280435625673,0.23385316272499002,8458666042270604.0,0.4032885184822436,0.4032885184822436,3629725628606.602,1.6030258481169894,395937.98119256087,392410.521527571,385314.9277875849,3527.4596649898567,7095.593739986154,1.2132303530191872,0.008909121712358048,0.008909121712358048,0.008909121712358048,0.01808206801480376,7095.593739986154,-47242110.30223496,-0.004367615929089208,-5.20699802626823,0.9361938086840074,0.0,0.0,128772721146009.25,-4.28241069248213,0.04402593819767686,0.06530662761970518,76749152756702.28,38154599966139.08,3193101294492910.0,-56321246898.59815,0.07852203616836868,-0.2585029918627748,0.04763498077457892,0.01808206801480376,974639325373069.8,4244489772622682.0,4282644372588820.5,4167740619865980.0,295207.81327930704,-56321246898.59815,1.0,622.7022509638009,7.397524452936623e-09,7.397524452936623e-09,0.0484945923193445,90107.11450827787,622.7022509638009
2214.0,6822.609969226436,10816716055.626863,456.5462694835634,6.564618647114336e-05,2.7929094510195074,0.23384859988034498,8587438763416613.0,0.403021955362112,0.403021955362112,3573404381708.004,1.574727690265111,401680.7429436743,398227.35171336634,391098.18766726507,3453.391230308004,7129.164046101271,1.2116868867989448,0.008597353223856826,0.008597353223856827,0.008597353223856827,0.017902246079854047,7129.164046101271,-46884000.35316648,-0.004334402429726108,-5.216822415063106,0.9342438781019319,0.0,0.0,130528783620901.38,-4.292278125500294,0.04359523758619821,0.06467488713148273,77114143200661.39,37354352367233.59,3241125385904511.0,-56428886776.36721,0.07890926237371423,-0.2627053520639518,0.05007914506075181,0.017902246079854047,989272659962562.6,4307512189067735.5,4344866541434969.0,4230398045867074.0,299640.4240655347,-56428886776.36721,1.0,620.739598558938,7.232669899277756e-09,7.232669899277756e-09,0.0484675193694295,91457.76360173034,620.739598558938
2215.0,6890.212339019191,10816971473.325073,456.0352239006895,6.544115563802407e-05,2.791381191467152,0.233843258525149,8717967547037514.0,0.402758197613209,0.402758197613209,3516975494931.6367,1.5463491383496188,407497.9939023557,404119.7233303057,396961.0127858697,3378.2705720499907,7158.710544436036,1.209871514679901,0.008290275345157869,0.008290275345157869,0.008290275345157867,0.017714331004292237,7158.710544436036,-46529151.34951638,-0.004301495244233421,-5.21964785422809,0.9322980088896706,0.0,0.0,132306543187665.12,-4.302714155429987,0.04314499298618468,0.06401432793569184,77435567744956.0,36542656407038.33,3289812653435566.0,-56460781939.98768,0.07919140235965733,-0.26681201462322,0.05250376648636577,0.017714331004292237,1004103297891416.8,4371351519071938.0,4407894175478976.5,4293915951326982.5,304134.35604857863,-56460781939.98768,1.0,618.5590872017366,7.071699228132274e-09,7.071699228132274e-09,0.04843833829795874,92826.65673729111,618.5590872017366
2216.0,6958.381716126925,10817219018.597963,455.5247503684602,6.523842444581901e-05,2.7897033571015033,0.23383718371385154,8850274090225179.0,0.4024972157111664,0.4024972157111664,3460514712991.649,1.5179346091696382,413390.5823330386,410088.2517520442,402903.8639556602,3302.330580994423,7184.387796383994,1.2077988491055482,0.007988403031237844,0.007988403031237844,0.007988403031237844,0.017519126104417065,7184.387796383994,-46177553.975409,-0.0042688933168512425,-5.215648123537157,0.9303561925880894,0.0,0.0,134105034389423.75,-4.313688862259945,0.0426771106144721,0.06332772747366755,77715096308028.05,35722033166430.54,3339166896435832.0,-56418808076.24091,0.07936770525762607,-0.2708102802207237,0.054905099851428364,0.017519126104417065,1019132443411941.8,4436014436155802.0,4471736469322232.5,4358299339847774.0,308689.95910083986,-56418808076.24091,1.0,616.1739832140781,6.914529197138382e-09,6.914529197138382e-09,0.048407065014989925,94213.90485482036,616.1739832140781
2217.0,7027.121841131563,10817458933.915564,455.0148482465376,6.50379620237312e-05,2.787883648055459,0.23383042050090175,8984379124614603.0,0.4022389804423371,0.4022389804423371,3404095904915.408,1.4895285378969634,419359.34780120995,416133.54491313215,408927.18539122056,3225.802888077759,7206.359521911629,1.2054835806476316,0.007692216484481217,0.007692216484481216,0.007692216484481216,0.01731742035700572,7206.359521911629,-45829198.46845093,-0.004236595558016348,-5.205008588722969,0.9284184207556726,0.0,0.0,135923353804543.38,-4.325172374498049,0.042193464273155734,0.06261781757573026,77954498191310.44,34894990270687.38,3389191768665201.0,-56304966659.18852,0.0794389350656378,-0.2746881855267538,0.05727953621802241,0.01731742035700572,1034361266266003.6,4501507533122515.0,4536402523393203.0,4423553034931204.5,313307.56967694126,-56304966659.18852,1.0,613.597594055378,6.761077830308563e-09,6.761077830308563e-09,0.04837373821516611,95619.61571427931,613.597594055378
2218.0,7096.4364705398,10817691454.290302,454.5055168953003,6.483973800156495e-05,2.7859297644619163,0.23382301394074914,9120302478419146.0,0.40198346290052506,0.40198346290052506,3347790938256.2197,1.4611747212830781,425405.12212990335,422256.20771644707,415031.41005779937,3148.9144134562735,7224.797658647724,1.2029404489612365,0.007402154439726532,0.007402154439726534,0.007402154439726536,0.0171099856594632,7224.797658647724,-45484074.32848809,-0.0042046008171594765,-5.187925854436994,0.9264846849684872,0.0,0.0,137760667735582.38,-4.337134878516788,0.04169588895372334,0.061887275250670504,78155631890930.08,34063984540737.49,3439890822266813.5,-56121381181.03478,0.07940677379054681,-0.2784345081494291,0.05962360806166152,0.0171099856594632,1049790915577497.0,4567837369735240.0,4601901354275978.0,4489681737844310.5,317987.5148780058,-56121381181.03478,1.0,610.8432293323575,6.6112642864992414e-09,6.6112642864992414e-09,0.0483384129999771,97043.89517979359,610.8432293323575
2219.0,7166.329376785303,10817916807.505737,453.99675567584296,6.464372250014044e-05,2.783849406453773,0.23381500908784295,9258063146154728.0,0.40173063448374974,0.40173063448374974,3291669557075.185,1.4329159272870247,431528.7304596453,428456.84528978396,421216.9638443284,3071.885169861358,7239.881445455547,1.2001842153705795,0.0071186110055507165,0.007118611005550715,0.007118611005550713,0.01689757445830723,7239.881445455547,-45142170.128257826,-0.004172907864935426,-5.164607428386075,0.9245549768201453,0.0,0.0,139616216161621.62,-4.349546623942433,0.04118617527742796,0.06113871465591025,78320435173142.48,33231398209770.8,3491267542001002.5,-55870293503.7067,0.07927348855495861,-0.2820387706788455,0.06193399417326524,0.01689757445830723,1065422530777094.5,4635010507951239.0,4668241906161010.0,4556690072778097.0,322730.1156151132,-55870293503.7067,1.0,607.9241643144406,6.465008783520736e-09,6.465008783520736e-09,0.04830115678274205,98486.84822921526,607.9241643144406
2220.0,7236.804348230402,10818135214.338318,453.4885639499755,6.444988612191844e-05,2.7816502741639253,0.2338064509966325,9397679362316350.0,0.4014804668910444,0.4014804668910444,3235799263571.4785,1.4047936533126177,437730.9923591121,434736.06556436524,427484.2690289666,2994.926794746834,7251.796535398673,1.197229637120954,0.006841934537479155,0.006841934537479155,0.006841934537479157,0.0166809177103458,7251.796535398673,-44803473.388649486,-0.004141515381437193,-5.135271397431081,0.9226292879217688,0.0,0.0,141489314510187.5,-4.362377926666393,0.04066606468932299,0.060374680129938185,78450915466813.0,32399523022616.11,3543325373616116.5,-55554060339.73352,0.0790417449559572,-0.2854912438774729,0.06420752432060929,0.0166809177103458,1081257250741822.6,4703033539824751.0,4735433062847367.0,4624582624357939.0,327535.6892304143,-55554060339.73352,1.0,604.8536060095906,6.322232556704811e-09,6.322232556704811e-09,0.048262046471957865,99948.57979855234,604.8536060095906
2221.0,7307.865189167354,10818346888.772375,452.98094108022207,6.42581999418301e-05,2.77934006772527,0.23379738472156722,9539168676826538.0,0.401232932119288,0.401232932119288,3180245203231.745,1.3768479677717527,444012.72295576,441094.48143559584,433833.7472927311,2918.241520164193,7260.734142864717,1.1940914433237888,0.006572427701480431,0.006572427701480431,0.006572427701480431,0.016460723152177673,7260.734142864717,-44467970.497497335,-0.004110421948444601,-5.1001461167623106,0.9207076099019514,0.0,0.0,143379354112617.75,-4.375599170355283,0.04013724535080854,0.059597640209253844,78549140624663.88,31570549070354.664,3596067748473506.5,-55175149874.56005,0.0787145014951216,-0.28878294906692903,0.06644118367846243,0.016460723152177673,1097296221795271.6,4771913110893442.0,4803483659963797.0,4693363970268778.0,332404.55177173327,-55175149874.56005,1.0,601.6446618365848,6.182857839737073e-09,6.182857839737073e-09,0.04822116638569951,101429.19552099782,601.6446618365848
2222.0,7379.515719819019,10818552038.208557,452.4738864298205,6.40686354983067e-05,2.7769264872707065,0.2337878553170964,9682548030939156.0,0.40098800246007094,0.40098800246007094,3125070053357.185,1.3491173987773133,450374.734067894,447532.7126488912,440265.8224196139,2842.021419002775,7266.890229277321,1.1907843126137683,0.006310348258955263,0.006310348258955264,0.006310348258955264,0.016237673859114097,7266.890229277321,-44135646.65964517,-0.004079626044573114,-5.0594699134566525,0.9187899344067235,0.0,0.0,145285801824149.25,-4.389180806953512,0.039601348688932614,0.05880998257203496,78617230101386.02,30746556615184.848,3649498105573216.0,-54736138544.48134,0.07829494899240391,-0.29190565976231986,0.06863211703715892,0.016237673859114097,1113540604918065.0,4841655940592666.0,4872402497207851.0,4763038710491281.0,337337.0200267147,-54736138544.48134,1.0,598.3103109121562,6.0468078604510964e-09,6.0468078604510964e-09,0.04817860659932882,102928.80239289915,598.3103109121562
2223.0,7451.759776339093,10818750863.665895,451.9673993627215,6.388116478450461e-05,2.7744172329331303,0.23377790783766936,9827833832763306.0,0.40074565049659316,0.40074565049659316,3070333914812.7036,1.321638849873798,456817.8353264695,454051.38748863694,446780.92275723955,2766.447837832597,7270.464731397379,1.1873228525294757,0.006055910308001716,0.006055910308001716,0.0060559103080017156,0.01601242707705486,7270.464731397379,-43806485.8708259,-0.004049126042632821,-5.013490805834361,0.9168762530995151,0.0,0.0,147208199079255.38,-4.403093356463865,0.03905994656679235,0.05801400985992622,78657346592057.83,29929509934838.06,3703619911593745.0,-54239707985.60152,0.07778647500863461,-0.2948519026067847,0.07077763279999445,0.01601242707705486,1129991582355586.0,4912268840541389.0,4942198350476227.0,4833611493949331.0,342333.41337326873,-54239707985.60152,1.0,594.8633779551966,5.914006846975293e-09,5.914006846975293e-09,0.04813446156467083,104447.50938397081,594.8633779551966
2224.0,7524.601210811807,10818943559.977694,451.4614792435875,6.369576023972052e-05,2.7718200048454387,0.23376758733773545,9975042031842562.0,0.4005058491005953,0.4005058491005953,3016094206827.102,1.2944475316286732,463342.83527875156,460651.1443127767,453379.48347703385,2691.690965974893,7271.660835742832,1.1837215806221089,0.005809285826887872,0.0058092858268878715,0.0058092858268878715,0.015785613311763445,7271.660835742832,-43480470.91053578,-0.004018920208751457,-4.962466240103532,0.9149665576611202,0.0,0.0,149146160537072.25,-4.417307406178131,0.03851454904168494,0.05721193633288102,78671688169201.92,29121252641784.207,3758436679268540.0,-53688642169.97482,0.07719264222464597,-0.29761495766053914,0.0728752067805288,0.015785613311763445,1146650363721328.5,4983758731159070.0,5012879983800854.0,4905087042989868.0,347394.055476179,-53688642169.97482,1.0,591.3165097953869,5.784380041141989e-09,5.784380041141989e-09,0.048088828912826065,105985.4280008549,591.3165097953869
2225.0,7598.043891251131,10819130315.981447,450.95612543779225,6.351239474099247e-05,2.7691425031405297,0.233756938871744,1.0124188192379634e+16,0.40026857142932193,0.40026857142932193,2962405564657.1274,1.2675769028406079,469950.5424681741,467332.6329562107,460061.94865403837,2617.909511963454,7270.68430217233,1.1799949072903786,0.005570606426400163,0.005570606426400163,0.005570606426400164,0.015557835660180822,7270.68430217233,-43157583.35054435,-0.003989006702950444,-4.906662845823926,0.9130608397896597,0.0,0.0,151099372408721.75,-4.4317936094679835,0.03796660267816676,0.05640588531278612,78662480951563.06,28323504165380.0,3813951984265721.0,-53085824745.553444,0.07651717466689795,-0.3001888581004695,0.07492248581160663,0.015557835660180822,1163518191646685.2,5056132656863970.0,5084456161029349.0,4977470175912406.0,352519.27584530093,-53085824745.553444,1.0,587.6821544601289,5.657853716953145e-09,5.657853716953145e-09,0.04804180839285421,107542.67280873748,587.6821544601289
2226.0,7672.09170159952,10819311314.702948,450.4513373114198,6.333104159488221e-05,2.7663924279513004,0.2337460074941444,1.0275287564788356e+16,0.400033790922517,0.400033790922517,2909319739911.574,1.241058617848698,476641.76648606884,474096.5160158528,466828.77317665034,2545.2504702160677,7267.742839202483,1.1761571203338714,0.005339965251010917,0.005339965251010917,0.005339965251010917,0.015329669368334832,7267.742839202483,-42837803.576508954,-0.003959383580939606,-4.846356211752756,0.9111590912005464,0.0,0.0,153067590524320.38,-4.446522684212863,0.037417489382973845,0.05559788737128479,78631972332534.75,27537857211161.7,3870169480655873.0,-52434236596.89751,0.07576394840646153,-0.3025683893881394,0.07691729117865191,0.015329669368334832,1180596347003155.8,5129397799991563.0,5156935657202725.0,5050765827659029.0,357709.4112632188,-52434236596.89751,1.0,583.972542801601,5.534355202440131e-09,5.534355202440131e-09,0.04799350092014132,109119.36191343155,583.972542801601
2227.0,7746.748541726027,10819486733.534748,449.9471142312641,6.31516745294343e-05,2.763577479410648,0.23373483825938593,1.0428355155312676e+16,0.39980148129945065,0.39980148129945065,2856885503314.677,1.2149224779334755,483417.3189917662,480943.4700248385,473680.4244916662,2473.8489669276687,7263.045533172322,1.1722223712118842,0.005117418987154252,0.005117418987154253,0.005117418987154253,0.015101661600265036,7263.045533172322,-42521110.82075241,-0.0039300487969507105,-4.781830683657532,0.9092613036264483,0.0,0.0,155050638179368.88,-4.461465410422944,0.03686852574621913,0.054789879242828854,78582424791216.75,26765776078442.555,3927092915012054.0,-51736953643.84206,0.07493698487407538,-0.3047490879658931,0.07885762189054628,0.015101661600265036,1197886153710636.2,5203561493513907.0,5230327269592350.0,5124979068722690.0,362964.8070864693,-51736953643.84206,1.0,580.1996726151135,5.413812903664146e-09,5.413812903664146e-09,0.04794400771993779,110715.61740519687,580.1996726151135
2228.0,7822.018327424045,10819656744.409203,449.4434555648274,6.297426768630788e-05,2.760705357651469,0.23372347622191794,1.0583405793492044e+16,0.39957161655597745,0.39957161655597745,2805148549670.8345,1.1891963856308068,490278.0146981899,487874.186520815,480617.38418787473,2403.8281773749127,7256.802332940268,1.168204662989994,0.004902989947152097,0.004902989947152097,0.004902989947152096,0.014874331402304389,7256.802332940268,-42207483.20384165,-0.003901000207391177,-4.713379185698816,0.9073674688172529,0.0,0.0,157048403790936.5,-4.476592630105011,0.03632096274724306,0.05398370325831092,78516110304441.61,26008595751735.355,3984726139168507.0,-50997144895.50415,0.07404044577358199,-0.3067272395425611,0.08074165780215989,0.014874331402304389,1215388983140141.2,5278631232613089.0,5304639828364825.0,5200115122308648.0,368285.8184227996,-50997144895.50415,1.0,576.3752951906462,5.2961563294736456e-09,5.2961563294736456e-09,0.047893429557412714,112331.56576507514,576.3752951906462
2229.0,7897.904990408468,10819821513.966177,448.9403606803202,6.2798795613077e-05,2.757783762806662,0.2337119664361898,1.074045419728298e+16,0.39934417096162544,0.39934417096162544,2754151404775.33,1.1639063012354776,497224.6723204928,494889.3730121492,487640.1494207462,2335.299308343615,7249.223591402948,1.1641178399524579,0.004696668203218939,0.004696668203218939,0.004696668203218939,0.014648169847092241,7249.223591402948,-41896897.78502279,-0.0038722355753227963,-4.641303067000617,0.9054775785400311,0.0,0.0,159060838389290.5,-4.491875241714317,0.035775986068172894,0.053181107660679405,78435305373812.77,25267521697966.58,4043073121658682.5,-50218070777.17048,0.07307862904110846,-0.308499877032081,0.08256776260336465,0.014648169847092241,1233106258117588.5,5354614685150084.0,5379882206848051.0,5276179379776271.0,373672.8111863862,-50218070777.17048,1.0,572.5109042315355,5.181316116991004e-09,5.181316116991004e-09,0.04784186604886753,113967.33823436001,572.5109042315355
2230.0,7974.412478312313,10819981203.715658,448.4378289466605,6.262523325569525e-05,2.7548203950091232,0.2337003539566508,1.089951503567227e+16,0.3991191190567162,0.3991191190567162,2703933333998.1597,1.1390762010194948,504258.11548568826,501989.7538456782,494749.2341809116,2268.3616400101123,7240.519664766556,1.1599755788549166,0.004498413749524459,0.004498413749524459,0.004498413749524459,0.01442364034185534,7240.519664766556,-41589330.61789155,-0.0038437525754304895,-4.5659119750408,0.9035916245790017,0.0,0.0,161087952968507.0,-4.507284199996806,0.03523471659334132,0.05238374718499239,78342286677907.73,24543630308139.04,4102137957854446.5,-49403081747.761696,0.07205596555499177,-0.310064778210138,0.08433448669012088,0.01442364034185534,1251039456535733.8,5431519701068088.0,5456063331376227.0,5353177414390180.0,379126.16303305066,-49403081747.761696,1.0,568.6177270676736,5.069224055933154e-09,5.069224055933154e-09,0.047789415050149664,115623.07114786097,568.6177270676736
2231.0,8051.544754682899,10820135970.195364,447.93585973347206,6.245355595112091e-05,2.7518229543917507,0.23368868383775032,1.1060602988640776e+16,0.3988964356495146,0.3988964356495146,2654530252250.398,1.1147280368234234,511379.1736015879,509176.0709798441,501945.170409662,2203.102621743849,7230.900570182098,1.1557913817888081,0.004308158672610065,0.004308158672610065,0.004308158672610065,0.01420117908578688,7230.900570182098,-41284756.81182418,-0.003815548799529435,-4.487523757508427,0.9017095987354954,0.0,0.0,163129815718645.12,-4.522790512655682,0.03469821137182527,0.051593184314130625,78239327356333.48,23837869923562.332,4161924878832703.0,-48555617225.72319,0.07097701644421707,-0.311420463155699,0.0860405699339897,0.01420117908578688,1269190114582723.0,5509354320771759.0,5533192190695321.0,5431114993415426.0,384646.2641779128,-48555617225.72319,1.0,564.7067180852682,4.95981311212543e-09,4.95981311212543e-09,0.047736172118946874,117298.9062317492,564.7067180852682
2232.0,8129.30579897746,10820285965.123547,447.43445241108503,6.228373942009877e-05,2.748799141087441,0.23367700113393766,1.1223732804359422e+16,0.39867609581340924,0.39867609581340924,2605974635024.675,1.0908816967487103,518588.68268367904,516449.08466749394,509228.5089654171,2139.5980161850603,7220.57570207685,1.1515785706263142,0.004125809312136764,0.004125809312136764,0.004125809312136764,0.013981195661767282,7220.57570207685,-40983150.597259976,-0.0037876217624338944,-4.406464394289412,0.8998314928279196,0.0,0.0,165186549161669.0,-4.538365237455598,0.03416746488036193,0.05081089097349656,78128693929294.23,23151062385533.39,4222438259001682.0,-47679204841.34636,0.0698464709222951,-0.3125661915460677,0.08768494436718574,0.013981195661767282,1287559829597611.2,5588126782528587.0,5611277844914121.0,5509998088599293.0,390233.518098472,-47679204841.34636,1.0,560.7885542910914,4.853017449331058e-09,4.853017449331058e-09,0.04768223004788452,118994.99086694515,560.7885542910914
2233.0,8207.699606558235,10820431335.547108,446.9336063505336,6.2115759760095e-05,2.745756655229092,0.23366535089966217,1.1388919353521092e+16,0.398458074884122,0.398458074884122,2558295430183.3286,1.0675549667133084,525887.4861389116,523809.5740531914,516599.82044591213,2077.9120857201924,7209.753607279241,1.1473502830126854,0.003951248395310396,0.003951248395310396,0.003951248395310396,0.013764073748195963,7209.753607279241,-40684485.393860884,-0.0037599689080974863,-4.323067961260555,0.8979572986917222,0.0,0.0,167258327213140.25,-4.553979479416335,0.033643410569293764,0.05003825064169298,78012643853778.1,22483905044838.816,4283682622525707.0,-46777460033.72346,0.06866914461743721,-0.31350195987582413,0.08926673680104588,0.013764073748195963,1306150262565249.5,5667845528944735.0,5690329433989574.0,5589832885090957.0,395888.3421267156,-46777460033.72346,1.0,556.8736329262472,4.748772449062422e-09,4.748772449062422e-09,0.0476276784653058,120711.47831919653,556.8736329262472
2234.0,8286.73018868708,10820572223.985172,446.43332092355655,6.194959343838116e-05,2.7427031969496007,0.2336537781893732,1.1556177680734232e+16,0.3982423484569473,0.3982423484569473,2511517970149.605,1.0447634926476834,533276.4355056839,531258.3376904809,524059.6958716399,2018.0978152030677,7198.64181884102,1.1431194698712042,0.0037843371295590614,0.0037843371295590614,0.0037843371295590614,0.013550171937320365,7198.64181884102,-40388733.88062913,-0.0037325876159397904,-4.237676627590512,0.8960870081793569,0.0,0.0,169345372191526.25,-4.5696043878854695,0.033126922669327485,0.04927656084673926,77893423715369.23,21836973164471.477,4345662648593833.5,-45854086010.737045,0.06744997839433994,-0.31422849867173785,0.09078527139655503,0.013550171937320365,1324963140264949.5,5748519212574152.0,5770356185738623.0,5670625788858783.0,401611.16793445736,-45854086010.737045,1.0,552.9720710426453,4.647014728102642e-09,4.647014728102642e-09,0.04757260350043202,122448.52793718252,552.9720710426453
2235.0,8366.401572519497,10820708768.568285,445.9335955025959,6.178521728526399e-05,2.739646466381864,0.23364232805752008,1.1725523052925758e+16,0.3980288923840202,0.3980288923840202,2465663884138.868,1.022520743112223,540756.3911496202,538796.1939851244,531608.747236812,1960.1971644958821,7187.4467483123835,1.1388988943850744,0.003624917239218577,0.003624917239218577,0.003624917239218577,0.013339824647148162,7187.4467483123835,-40095868.067093424,-0.00370547520727689,-4.1506406882718165,0.8942206131602469,0.0,0.0,171447951796646.5,-4.585211153583867,0.032618818227555746,0.04852703600333397,77773268053081.42,21210722645983.28,4408383175583751.0,-44912874090.75915,0.06619403767655721,-0.31474726977746326,0.09224007220633601,0.013339824647148162,1344000257089222.2,5830156700726054.0,5851367423372036.0,5752383432672973.0,407402.4419166615,-44912874090.75915,1.0,549.0937069546356,4.547682153510931e-09,4.547682153510931e-09,0.04751708750949635,124206.30532015051,549.0937069546356
2236.0,8446.717801098233,10820841103.173319,445.4344294607959,6.162260848745775e-05,2.7365941636587787,0.2336310455585522,1.1896971004722404e+16,0.39781768277161356,0.39781768277161356,2420751010048.109,1.0008379721149114,548328.2229150451,546423.9815708876,539247.6079347668,1904.2413441574968,7176.3736361208075,1.13470113241993,0.003472812933162715,0.003472812933162715,0.003472812933162715,0.013133343114791194,7176.3736361208075,-39805859.36477389,-0.0036786289517827253,-4.062318633635769,0.8923581055207502,0.0,0.0,173566376078305.5,-4.6007710056485465,0.03211985934510975,0.04779081055215162,77654398813465.4,20605493007221.45,4471849204177869.0,-43957704445.03281,0.06490651228617876,-0.31506046378355274,0.09363086570828452,0.013133343114791194,1363263476550546.0,5912767079541881.0,5933372572549102.0,5835112680728415.0,413262.625478019,-43957704445.03281,1.0,545.2481034784746,4.450713854958995e-09,4.450713854958995e-09,0.047461208859140847,125984.98245674779,545.2481034784746
2237.0,8527.682933346234,10820969357.554262,444.9358221720026,6.146174458159522e-05,2.733553988913244,0.23361997574691878,1.207053738080071e+16,0.39760869597746307,0.39760869597746307,2376793305603.076,0.9797241819025875,555992.8107323352,554142.5596249305,546976.9330652872,1850.2511074047022,7165.626559643344,1.130538574350566,0.0033278327915204757,0.0033278327915204752,0.0033278327915204752,0.012931016459904061,7165.626559643344,-39518678.6582215,-0.003652046073916011,-3.973077257636571,0.8904994771641241,0.0,0.0,175700994415440.5,-4.616255208695482,0.03163075559049555,0.04706894236435866,77539025429577.6,20021510537007.12,4536065899492969.0,-42992547260.081055,0.06359271682200679,-0.31517099768006074,0.09495758335181059,0.012931016459904061,1382754732495511.5,5996359657418059.0,6016381167955066.0,5918820631988481.0,419192.19522845076,-42992547260.081055,1.0,541.444552873448,4.3560502343050045e-09,4.3560502343050045e-09,0.04740504176331162,127784.73783683642,541.444552873448
2238.0,8609.301044059168,10821093657.468994,444.43777301076295,6.130260344787467e-05,2.730533642278155,0.23360916367706927,1.224623837521615e+16,0.3974019086081212,0.3974019086081212,2333800758342.995,0.9591860854915821,563751.045181629,561952.808130301,554797.399631755,1798.2370513280011,7155.408498545992,1.1264234282558465,0.0031897715608645047,0.0031897715608645047,0.0031897715608645055,0.012733112807733947,7155.408498545992,-39234296.375008516,-0.0036257237592549627,-3.883291806732886,0.8886447200104902,0.0,0.0,177852192525231.5,-4.631635059922678,0.031152166564442973,0.04636241637688421,77429345520215.78,19458891550751.18,4601038592288627.0,-42021464339.938545,0.062258091600134235,-0.3150825128107786,0.0962203641384402,0.012733112807733947,1402476030046846.5,6080943967855690.0,6100402859406442.0,6003514622335474.0,425191.64309356787,-42021464339.938545,1.0,537.6920834005126,4.263632972363011e-09,4.263632972363011e-09,0.04734865616957151,129605.75653818705,537.6920834005126
2239.0,8691.576223897411,10821214124.80218,443.9402813523242,6.11451633038392e-05,2.72754082388641,0.23359865440345295,1.2424090567741382e+16,0.3971972975163383,0.3971972975163383,2291779294003.0566,0.9392280686948671,571603.8280136114,569855.6280933442,562709.7066363534,1748.1999202671998,7145.921456990814,1.1223677244465387,0.003058411848539214,0.0030584118485392133,0.0030584118485392133,0.012539880462179605,7145.921456990814,-38952682.55412751,-0.003599659160689568,-3.793346171244814,0.8867938259967986,0.0,0.0,180020389520410.0,-4.646881886271712,0.030684704593979983,0.045672148426507464,77327546205115.95,18917645670173.465,4666772779322050.0,-41048611168.53865,0.060908204182613224,-0.31479937320994617,0.0974195572593384,0.012539880462179605,1422429446294548.2,6166529771821713.0,6185447417491887.0,6089202225616598.0,431261.4763463395,-41048611168.53865,1.0,533.9994674171548,4.173405032870937e-09,4.173405032870937e-09,0.04729211769065578,131448.23029001392,533.9994674171548
2240.0,8774.512579377422,10821330877.684376,443.4433465726324,6.0989402698285594e-05,2.724583233870906,0.23358849298051917,1.2604110957261792e+16,0.39699483979847183,0.39699483979847183,2250730682834.518,0.9198521513933995,579552.0726283381,577851.9417240848,570714.575081703,1700.1309042533821,7137.3666423818,1.1183833212919654,0.0029335257081267684,0.002933525708126768,0.002933525708126769,0.012351549120154693,7137.3666423818,-38673806.91233265,-0.0035738494044281863,-3.7036331211219036,0.8849467870767938,0.0,0.0,182206035031602.0,-4.661967041663804,0.030228937535362044,0.04499898925341228,77235806032560.64,18397679050302.582,4733274122918369.0,-40078239453.21101,0.05954875152122813,-0.314326664404154,0.0985557248131421,0.012351549120154693,1442617130757781.2,6253127059708711.0,6271524738759013.0,6175891253676151.0,437402.21756635065,-40078239453.21101,1.0,530.3752309307188,4.085310663698878e-09,4.085310663698878e-09,0.047235487577001356,133312.35751535237,530.3752309307188
2241.0,8858.114232862708,10821444030.60752,442.94696804833274,6.083530050529954e-05,2.721668572364541,0.2335787244627173,1.2786316992293394e+16,0.3967945127919221,0.3967945127919221,2210652443381.307,0.901057947789371,587596.7045132989,585942.6925877868,578812.7478873511,1654.0119255121222,7129.944700435732,1.114481912312994,0.00281487610942632,0.00281487610942632,0.0028148761094263204,0.012168331119459285,7129.944700435732,-38397638.9080317,-0.0035482915957821617,-3.6145545881282444,0.883103595220979,0.0,0.0,184409606409944.25,-4.67686190432409,0.029785391667483063,0.044343728647594394,77156297517091.97,17898797477886.805,4800548449825826.0,-39114700171.00541,0.058185562744514224,-0.3136701927640886,0.09962964462834217,0.012168331119459285,1463041305639283.8,6340746052982202.0,6358644850460089.0,6263589755465110.0,443614.40453306324,-39114700171.00541,1.0,526.827664536759,3.999295395372437e-09,3.999295395372437e-09,0.047178822725668645,135198.34335428782,526.827664536759
2242.0,8942.385322554166,10821553694.53683,442.4511451567679,6.068283591841436e-05,2.718804539500211,0.23356939390449663,1.2970726598703338e+16,0.3965962940725962,0.3965962940725962,2171537743210.3018,0.8828426253686317,595738.6616420784,594128.8457358703,587004.9897293487,1609.8159062081513,7123.8560065215925,1.1106750345108252,0.0027022182877486866,0.0027022182877486866,0.0027022182877486866,0.01199042271327223,7123.8560065215925,-38124147.80240987,-0.0035229828246988717,-3.5265219965309513,0.8812642424165819,0.0,0.0,186631606023190.0,-4.691537874205581,0.02935455465937764,0.04370709971423592,77091190286722.14,17420709267350.977,4868601749423664.0,-38162447140.42492,0.056824602617264394,-0.3128364854928142,0.10064231321533612,0.01199042271327223,1483704265893523.8,6429397205603910.0,6446817914871261.0,6352306015317188.0,449898.5900593495,-38162447140.42492,1.0,523.3648356738685,3.915306037014121e-09,3.915306037014121e-09,0.0471221757211433,137106.39966999926,523.3648356738685
2243.0,9027.33000247994,10821659977.019333,441.95587727597757,6.053198844489024e-05,2.715998835410814,0.2335605463603065,1.3157358204726528e+16,0.3964001614523972,0.3964001614523972,2133375296069.877,0.8652008622886773,603978.89483517,602411.3878242645,595292.0868108497,1567.5070109054714,7119.301013414718,1.1069740779033939,0.00259530096880828,0.0025953009688082806,0.0025953009688082806,0.01181800536528297,7119.301013414718,-37853302.7175353,-0.003497920171019958,-3.4399566444730167,0.8794287206675189,0.0,0.0,188872558656443.75,-4.705966370521832,0.0289368785974643,0.04308978323699808,77042654841223.23,16963027883612.947,4937440171348194.0,-37226041142.17537,0.0554719757029226,-0.3118327913394445,0.10159494887419095,0.01181800536528297,1504608379129096.5,6519091205318514.0,6536054233202128.0,6442048550477291.0,456255.34177134064,-37226041142.17537,1.0,519.9946021319579,3.833290669828799e-09,3.833290669828799e-09,0.047065594903227925,139036.74503950906,519.9946021319579
2244.0,9112.95244248469,10821762982.288984,441.46116378469765,6.038273790011146e-05,2.713259160229248,0.2335522268845963,1.3346230763382972e+16,0.39620609297674086,0.39620609297674086,2096149254927.7017,0.8481248028972348,612318.3680846051,610791.3272269736,603674.846571116,1527.0408576314671,7116.480655857591,1.1033902962438755,0.0024938674670306046,0.0024938674670306046,0.002493867467030604,0.011651247060377899,7116.480655857591,-37585072.691263534,-0.0034731007094477746,-3.3552901383194325,0.8775970219943611,0.0,0.0,191133009026124.5,-4.7201188293950205,0.02853278306016027,0.04249241212095489,77012866925735.31,16525274225559.033,5007070022597863.0,-36310154613.70452,0.05413393126054654,-0.3106670821293636,0.1024889949851176,0.011651247060377899,1525756085364421.8,6609838974888021.0,6626364249113580.0,6532826107962285.0,462685.2418402149,-36310154613.70452,1.0,516.7246267570125,3.753198638278656e-09,3.753198638278656e-09,0.047009124457191964,140989.60473090113,516.7246267570125
2245.0,9199.256828218422,10821862811.368639,440.9670040623594,6.023506440209847e-05,2.7105932140884086,0.23354448053181528,1.3537363772409096e+16,0.3960140669220981,0.3960140669220981,2059839100313.997,0.8316040110746256,620758.0588441812,619269.6941521976,612154.0973395864,1488.3646919836708,7115.596812611159,1.099934818898844,0.0023976566566931527,0.0023976566566931523,0.0023976566566931523,0.011490303626681856,7115.596812611159,-37319426.728823096,-0.0034485215142090048,-3.2729648823906636,0.8757691384342992,0.0,0.0,193413519413052.0,-4.733966701623715,0.02814265822954687,0.04191557589977468,77004012527089.92,16106878509932.227,5077497764172245.0,-35419576943.65906,0.052816868909466935,-0.30934805520463476,0.1033261235096713,0.011490303626681856,1547149896653961.8,6701651673353298.0,6717758551863230.0,6624647660826207.0,469188.8866709904,-35419576943.65906,1.0,513.562393301948,3.674980539108286e-09,3.674980539108286e-09,0.04695280452113204,142965.21066859597,513.562393301948
2246.0,9286.247361124671,10821959562.168842,440.473397489089,6.008894836613262e-05,2.7080086971211945,0.23353735235641288,1.3730777291822148e+16,0.39582406179356316,0.39582406179356316,2024419523370.338,0.8156254210806257,629298.9582871033,627847.5407676838,620730.6879406655,1451.4175194195645,7116.852827018292,1.09661866386701,0.002306403816987391,0.002306403816987391,0.0023064038169873916,0.011335320065626682,7116.852827018292,-37056333.85102651,-0.0034241796634102376,-3.193434626639272,0.8739450620411093,0.0,0.0,195714667417405.25,-4.74748145057202,0.02776686803171946,0.041359825294531416,77018293503898.97,15707181702981.938,5148730007291509.0,-34559220393.91995,0.05152734509642298,-0.30788513687092106,0.1041082387317651,0.011335320065626682,1568792396599620.2,6794540697395027.0,6810247879098009.0,6717522403891129.0,475766.8865526278,-34559220393.91995,1.0,510.51522338025524,3.5985882083929375e-09,3.5985882083929375e-09,0.0468966713054324,144963.80138803777,510.51522338025524
2247.0,9373.928258428248,10822053329.583609,439.9803434457061,5.99443704994906e-05,2.705513309460502,0.2335308874128384,1.3926491959239554e+16,0.39563605632244747,0.39563605632244747,1989860302976.418,0.8001732855734219,637942.0715328972,636525.9413411544,629405.4872536676,1416.1301917428132,7120.454087486838,1.0934527519231547,0.0022198413538395806,0.0022198413538395806,0.0022198413538395806,0.011186431887574143,7120.454087486838,-36795763.139112175,-0.003400072243085863,-3.117165074985789,0.8721247848851182,0.0,0.0,198037043834916.5,-4.760634550179357,0.027405753299452607,0.040825676814370104,77057933865634.16,15325436456674.186,5220773509232874.0,-33734126678.6117,0.050272080401832286,-0.30628848695016175,0.10483748126872582,0.011186431887574143,1590686239758872.0,6888517682857381.0,6903843119314055.0,6811459748991746.0,482419.86527280865,-33734126678.6117,1.0,507.59029448663654,3.523974706791957e-09,3.523974706791957e-09,0.04684075721895642,146985.62198085894,507.59029448663654
2248.0,9462.303753122325,10822144205.583252,439.4878413137237,5.980131179628627e-05,2.7031147512392284,0.23352513075554113,1.412452900307447e+16,0.3954500294638992,0.3954500294638992,1956126176297.8062,0.7852291204543687,646688.4178453988,645305.9924005335,638179.383730797,1382.4254448652416,7126.608669736589,1.0904479218759628,0.00213769940317028,0.00213769940317028,0.00213769940317028,0.011043766451363108,7126.608669736589,-36537683.77628125,-0.0033761963509441224,-3.044634557212783,0.8703082990531686,0.0,0.0,200381250649792.75,-4.773397483087384,0.027059634952762757,0.040313617392053525,77125186720649.19,14960807517799.225,5293635168807695.0,-32949474231.458847,0.04905796772398548,-0.30456900454143987,0.10551623238384175,0.011043766451363108,1612834150957239.8,6983594506485584.0,6998555314003383.0,6906469319764935.0,489148.45969957195,-32949474231.458847,1.0,504.7946590568488,3.451094303196423e-09,3.451094303196423e-09,0.04678509099649819,149030.92403122503,504.7946590568488
2249.0,9551.378093955147,10822232279.30437,438.99589047534704,5.96597535324174e-05,2.700820722590271,0.23352012743897044,1.4324910253724262e+16,0.39526596039454726,0.39526596039454726,1923176702066.3474,0.7707716461774836,655539.0308035661,654188.8129173574,647053.2848742139,1350.2178862086205,7135.528043143529,1.087614946932759,0.00205970632222083,0.00205970632222083,0.00205970632222083,0.010907444306977088,7135.528043143529,-36282065.08605114,-0.003352549099822433,-2.9763347675181753,0.8684955966485849,0.0,0.0,202747899135633.75,-4.7857417388779595,0.02672881719486786,0.03982410905017264,77222341918389.45,14612371592221.049,5367322021487584.0,-32210586195.051067,0.04789208138238011,-0.30273833509598014,0.10614711863316285,0.010907444306977088,1635238924508060.2,7079783287914034.0,7094395659506255.0,7002560945995644.0,495953.319330583,-32210586195.051067,1.0,502.13526454733625,3.379902456964354e-09,3.379902456964354e-09,0.046729697821679794,151099.96554363085,502.13526454733625
2250.0,9641.155545415982,10822317637.137064,438.50449031347307,5.951967726061475e-05,2.6986389236465276,0.2335159225175757,1.4527658152859896e+16,0.3950838285101704,0.3950838285101704,1890966115871.2964,0.7567767251468539,664494.9584466865,663175.5445150431,656028.1166709819,1319.4139316433022,7147.427844061294,1.0849645521688958,0.001985589077647097,0.001985589077647097,0.001985589077647097,0.010777580541345136,7147.427844061294,-36028876.567604505,-0.0033291276208684247,-2.912771573058096,0.8666866697911391,0.0,0.0,205137608050795.0,-4.797638812413102,0.026413590722977998,0.0393575935966044,77351734416949.1,14279116663107.666,5441841234169394.0,-31522939168.0581,0.046781687184127424,-0.30080887891606556,0.10673301688072515,0.010777580541345136,1657903423336784.8,7177096391923128.0,7191375508586236.0,7099744657506179.0,502835.1058090898,-31522939168.0581,1.0,499.6189745241118,3.310355798939969e-09,3.310355798939969e-09,0.04667459943937602,153193.0108618921,499.6189745241118
2251.0,9731.640387720796,10822400362.80948,438.0136402116891,5.938106480559151e-05,2.696577054540895,0.2335125610458062,1.4732795760910692e+16,0.39490361342339103,0.39490361342339103,1859443176703.2383,0.7432172948082401,673557.2633953942,672267.3517017177,665104.8229821104,1289.911693676466,7162.5287196073605,1.0825074331045137,0.001915073541296306,0.0019150735412963057,0.0019150735412963057,0.010654286128095873,7162.5287196073605,-35778087.92836763,-0.0033059290664681795,-2.8544658960624294,0.8648815106170163,0.0,0.0,207551001909427.0,-4.809060202265048,0.026114235955256193,0.03891449735056596,77515753413712.02,13959940781636.377,5517200099547431.0,-30892172749.173325,0.04573425350043105,-0.2987938011919068,0.10727705971789749,0.010654286128095873,1680830578000496.0,7275546430961638.0,7289506371743275.0,7198030677547927.0,509794.49240364024,-30892172749.173325,1.0,497.2525907595921,3.2424121114544113e-09,3.2424121114544113e-09,0.046619814251242175,155310.3305784702,497.2525907595921
2252.0,9822.836916797118,10822480537.469746,437.5233395542729,5.924389825929046e-05,2.694642815406271,0.23351008807811133,1.494034676282012e+16,0.394725294961393,0.394725294961393,1828551003954.065,0.7300632960230159,682727.0229495856,681465.422124845,674284.3648787695,1261.600824740531,7181.057246075482,1.080254275396777,0.001847884706965364,0.0018478847069653644,0.0018478847069653649,0.010537669282888292,7181.057246075482,-35529669.11410943,-0.003282950612948492,-2.801954673388936,0.8630801112787806,0.0,0.0,209988709303362.0,-4.819977409221239,0.025831026277182367,0.03849523590336823,77716852284108.0,13653650371810.176,5593406030035257.0,-30324099919.624157,0.044757463403556186,-0.2967070436951804,0.10778264132420168,0.010537669282888292,1704023385585374.0,7375146267904739.0,7388799918276550.0,7297429415620631.0,516832.16344623466,-30324099919.624157,1.0,495.04287634584443,3.1760303075059336e-09,3.1760303075059336e-09,0.046565357387754025,157452.2014325348,495.04287634584443
2253.0,9914.749444268562,10822558239.765406,437.0335877261913,5.910815997622683e-05,2.6928439063755523,0.23350854866894036,1.5150335472123482e+16,0.39454885316366334,0.39454885316366334,1798226904034.4407,0.7172815962930197,692005.3291640151,690770.9668420767,683567.7199151941,1234.3623219383965,7203.246926882681,1.0782157756613382,0.0017837468440157567,0.0017837468440157567,0.0017837468440157563,0.010427836826745902,7203.246926882681,-35283590.336907215,-0.003260189463085027,-2.7557918976926556,0.8612824639453409,0.0,0.0,212451361243479.25,-4.830361934845889,0.025564231312483865,0.038100218920790074,77957559381599.0,13358958118150.352,5670466551150008.0,-29824718309.452393,0.0438592279185258,-0.2945633382531248,0.1082534238087525,0.010427836826745902,1727484908455827.5,7475909018987433.0,7489267977105584.0,7397951459605835.0,523948.8137208604,-29824718309.452393,1.0,492.9965798428561,3.111170409316305e-09,3.111170409316305e-09,0.046511240749560256,159618.9061943337,492.9965798428561
2254.0,10007.382297438664,10822633545.920397,436.54438411309934,5.897383256892464e-05,2.691188027581636,0.23350798787274268,1.5362786833366962e+16,0.39437426827975824,0.39437426827975824,1768402185724.9883,0.7048359073837512,701393.2889018739,700185.2205993447,692955.8813235579,1208.068302529157,7229.339275786799,1.0764026634428663,0.0017223836065220293,0.0017223836065220293,0.0017223836065220293,0.010324895560632695,7229.339275786799,-35039822.101383954,-0.00323764284845367,-2.716549744732838,0.8594885608019169,0.0,0.0,214939589481552.0,-4.840185280076141,0.02531412022570545,0.03772985499678605,78240489760970.08,13074480536715.166,5748389294236923.0,-29400222396.507107,0.04304770044801125,-0.2923782221327933,0.10869334407341635,0.010324895560632695,1751218272818248.2,7577848056816141.0,7590922537352856.0,7499607567055171.0,531145.1477911109,-29400222396.507107,1.0,491.1204604911648,3.0477935264591464e-09,3.0477935264591464e-09,0.04646209363336884,161810.73353244708,491.1204604911648
2255.0,10100.739819274322,10822706529.809677,436.0557281013401,5.884089890344456e-05,2.68962241756007,0.23350798631321917,1.5577726422848514e+16,0.3942015207670919,0.3942015207670919,1739001963328.4812,0.692686696870467,710892.0238661397,709709.4421032926,702451.4992556545,1182.5817628471993,7257.9428476380635,1.0747322065179512,0.001663518119693911,0.0016635181196939105,0.0016635181196939105,0.010226639829010092,7257.9428476380635,-34798298.4350216,-0.0032153046319027875,-2.681464280526487,0.8576983940500051,0.0,0.0,217454643981184.75,-4.849647371875006,0.025075344712356284,0.03737623242372812,78550585450117.9,12798735366800.223,5827199141602733.0,-29020700978.30542,0.042331292433579665,-0.2901680554713739,0.10910662124091426,0.010226639829010092,1775227286266036.5,7680977013318887.0,7693775748685687.0,7602426427868770.0,538423.4641817649,-29020700978.30542,1.0,489.3531830288239,2.9858498872800015e-09,2.9858498872800015e-09,0.04641924763084271,164028.03507388965,489.3531830288239
2256.0,10194.826368388472,10822777263.03154,435.5676190779434,5.870934209500084e-05,2.6880750340141977,0.23350798630997144,1.5795181066829698e+16,0.39403059128874945,0.39403059128874945,1709981262350.1758,0.680791093106889,720502.6790815223,719344.9227305966,712057.8008439897,1157.756350925642,7287.121886606861,1.0730924888103088,0.0016068730686768836,0.0016068730686768836,0.001606873068676884,0.010130219393146362,7287.121886606861,-34558944.08365446,-0.0031931678203986477,-2.6466099603714945,0.8559119559073453,0.0,0.0,219997874474577.75,-4.8590208905657635,0.024840986329396686,0.03702910943501836,78866897067308.23,12530139110928.402,5906926995781025.0,-28643670103.221416,0.041695847738233344,-0.2879426688057357,0.10949587264477229,0.010130219393146362,1799515981157547.5,7785309874005881.0,7797840013116810.0,7706442976938572.0,545786.617632603,-28643670103.221416,1.0,487.61272875127065,2.925288359068151e-09,2.925288359068151e-09,0.04637708240398064,166271.18321138673,487.61272875127065
2257.0,10289.646319022435,10822845814.97773,435.0800564306251,5.8579145503665854e-05,2.686545486451495,0.23350798630678893,1.6015178941304276e+16,0.3938614607113218,0.3938614607113218,1681337592246.9543,0.6691127893779304,730226.42426386,729092.9542163415,721776.0825455496,1133.4700475184738,7316.871670791852,1.0714827753312042,0.001552217243659901,0.0015522172436599005,0.0015522172436599005,0.010035581373374155,7316.871670791852,-34321729.710850045,-0.003171229665246845,-2.6119779804362886,0.8541292386078858,0.0,0.0,222569730158593.5,-4.868307710261146,0.024610918963538952,0.036688301566874526,79189373940958.7,12267371560187.924,5987583630040101.0,-28269034954.37887,0.04110680470338124,-0.28570299345051525,0.10986147527179539,0.010035581373374155,1824087624289021.2,7890860628270081.0,7903127999830269.0,7811671254329122.0,553235.6029459357,-28269034954.37887,1.0,485.89841953594697,2.8660739801229965e-09,2.8660739801229965e-09,0.04633544853441207,168540.47959961396,485.89841953594697
2258.0,10385.2040610276,10822912252.90138,434.59303954778676,5.8450292730159805e-05,2.6850335859497827,0.23350798630367134,1.623774867146287e+16,0.3936941101027644,0.3936941101027644,1653068557292.5754,0.6576309235668583,740064.4415105553,738954.7868721541,731607.5938834822,1109.6546384012513,7347.192988671925,1.069902647610632,0.0014994027224660604,0.0014994027224660602,0.0014994027224660607,0.009942682717803486,7347.192988671925,-34086627.98965578,-0.0031494876049205627,-2.577570618661598,0.852350234401751,0.0,0.0,225170508371525.5,-4.877508856940397,0.024385040251946433,0.036353659412667994,79518025021528.5,12009694782441.754,6069179416639424.0,-27896820631.431202,0.04054496445747616,-0.28344991542176423,0.11020379728956603,0.009942682717803486,1848945375517812.2,7997642817178765.0,8009652511961206.0,7918124792157236.0,560771.3778712761,-27896820631.431202,1.0,484.2098122634607,2.808173176039746e-09,2.808173176039746e-09,0.04629426689139504,170836.2160122061,484.2098122634607
2259.0,10481.503999846542,10822976641.982876,434.1065678185141,5.8322767611724037e-05,2.683539143586884,0.2335079863006185,1.6462919179834396e+16,0.39352852073027794,0.39352852073027794,1625171736661.1443,0.6463332216522942,750017.9232555983,748931.6516133248,741553.5649503984,1086.271642273452,7378.086662926308,1.0683516913535167,0.0014483275780374405,0.0014483275780374407,0.001448327578037441,0.00985148197039432,7378.086662926308,-33853612.83400057,-0.0031279391939811356,-2.5433901218567065,0.8505749355552061,0.0,0.0,227800427610538.5,-4.886625308372741,0.02416325158503929,0.03602503901584653,79852859615376.81,11756692611173.95,6151724566643315.0,-27527051880.305115,0.03999971101685247,-0.28118430104709824,0.11052320438484674,0.00985148197039432,1874092345593978.0,8105669771852671.0,8117426464463845.0,8025816912237293.0,568394.885264786,-27527051880.305115,1.0,482.54647070784364,2.7515535082356285e-09,2.7515535082356285e-09,0.046253488735282344,173158.67968561244,482.54647070784364
2260.0,10578.550556493668,10823039045.393686,433.6206406325771,5.8196554218075854e-05,2.6820619704406194,0.2335079862976302,1.6690719607444934e+16,0.3933646740582112,0.3933646740582112,1597644684780.839,0.6352121672464323,760088.0712274343,759024.7723020996,751615.2187644248,1063.2989253347384,7409.553537674797,1.0668294963438272,0.001398915422547892,0.001398915422547892,0.0013989154225478918,0.00976193901445646,7409.553537674797,-33622659.04004225,-0.003106582069881023,-2.509438699348023,0.848803334350625,0.0,0.0,230459666640063.5,-4.895658012870428,0.023945457537036363,0.03570230103239802,80193887247189.25,11508125785823.02,6235229232414930.0,-27159753025.065598,0.039465181126649415,-0.2789069974446156,0.11082005977067906,0.00976193901445646,1899531627384557.0,8214954747046676.0,8226462872832499.0,8134760859799487.0,576107.0625600913,-27159753025.065598,1.0,480.907965375783,2.6961835469865206e-09,2.6961835469865206e-09,0.046213082170911246,175508.15620433362,480.907965375783
2261.0,10676.348167535203,10823099524.358236,433.13525738042847,5.807163684744323e-05,2.680601877588812,0.23350798629470618,1.6921179274084998e+16,0.3932025517459865,0.3932025517459865,1570484931755.7734,0.6242628802760244,770276.0959434885,769235.3726241266,761793.7781526591,1040.7233193618908,7441.594471467572,1.0653356563504741,0.001351104266175026,0.001351104266175026,0.001351104266175026,0.009674014919623017,7441.594471467572,-33393742.08450671,-0.0030854139342756173,-2.475718518841638,0.8470354230864557,0.0,0.0,233148385859845.0,-4.904607903644129,0.023731565427373313,0.035385310086481936,80541117584607.56,11263852062774.205,6319703564714763.0,-26794947923.71981,0.03893814318831822,-0.2766188329745888,0.11109472418985959,0.009674014919623017,1925266313268344.8,8325510995567715.0,8336774847630490.0,8244969877983108.0,583908.8470443955,-26794947923.71981,1.0,479.2938733496478,2.642032790133614e-09,2.642032790133614e-09,0.046173024757891534,177884.93110826355,479.2938733496478
2262.0,10774.901285068741,10823158138.213875,432.6504174532036,5.7948000022677425e-05,2.679158676109284,0.23350798629184621,1.7154327659944844e+16,0.39304213564604656,0.39304213564604656,1543689983832.0537,0.6134819421607887,780583.2164975682,779564.6799470321,772090.4696137009,1018.5365505360528,7474.210333331257,1.0638697690349386,0.0013048404436700133,0.001304840443670013,0.001304840443670013,0.009587671845059854,7474.210333331257,-33166838.00910321,-0.003064432542290902,-2.442231703366172,0.8452711940771876,0.0,0.0,235866738902127.25,-4.9134759030871855,0.023521485136203113,0.035073934502038884,80894560395916.44,11023782156002.568,6405157744740287.0,-26432659935.691517,0.03841682264415493,-0.27432061766954896,0.11134755591607766,0.009587671845059854,1951299504896612.0,8437351810032815.0,8448375592188818.0,8356457249636899.0,591801.1788190797,-26432659935.691517,1.0,477.703778134201,2.589071606991289e-09,2.589071606991289e-09,0.046133299469967914,180289.29079462116,477.703778134201
2263.0,10874.214376702173,10823214944.468998,432.1661202427191,5.782562848744204e-05,2.6777321770798563,0.23350798628905012,1.7390194398846972e+16,0.3928834078018232,0.3928834078018232,1517257323896.3623,0.6028667451517449,791010.6605059422,790013.9275112941,782506.5255108865,996.7329946480739,7507.402000407706,1.0624314358606108,0.0012600752991249811,0.001260075299124981,0.0012600752991249811,0.009502872973464608,7507.402000407706,-32941923.35134632,-0.00304363569608129,-2.408980328693279,0.8435106396533173,0.0,0.0,238614878850690.75,-4.922262926264994,0.023315128946241437,0.03476804607309447,81254225524949.12,10787855443320.371,6491602002318549.0,-26072911894.444935,0.037900251489285025,-0.2720131436457377,0.11157891075334668,0.009502872973464608,1977634318735388.0,8550490546578886.0,8561278402022206.0,8469236321053937.0,599785.0024807982,-26072911894.444935,1.0,476.13726950691523,2.5372711960699324e-09,2.5372711960699324e-09,0.04609389247781559,182721.5230300883,476.13726950691523
2264.0,10974.291925532001,10823269998.859385,431.6823651414725,5.770450720247653e-05,2.676322191578351,0.23350798628631764,1.7628809277697662e+16,0.3927263504457272,0.3927263504457272,1491184412001.9175,0.5924151319479202,801559.6641382937,800584.3556983048,793043.1853419128,975.3084399889067,7541.170356392014,1.0610202620038054,0.001216763372240542,0.001216763372240542,0.0012167633722405423,0.009419582462130769,7541.170356392014,-32718975.10092254,-0.0030230212407498513,-2.3759664209166775,0.8417537521613161,0.0,0.0,241392961503948.25,-4.930969883202013,0.023112411418696466,0.03446751988427477,81620122874625.42,10556026578166.281,6579046626437292.0,-25715726081.804783,0.03738790803328044,-0.26969718549749216,0.11178914203401509,0.009419582462130769,2004273889273714.8,8664940638585633.0,8675496665163799.0,8583320515711007.0,607861.2680946358,-25715726081.804783,1.0,474.59394337180186,2.4866035507162515e-09,2.4866035507162515e-09,0.0460547919254819,185181.91724727702,474.59394337180186
2265.0,11075.13843012127,10823323355.4028,431.1991515426413,5.758462134193289e-05,2.6749285306825907,0.23350798628364858,1.787020223920161e+16,0.39257094599715947,0.39257094599715947,1465468685920.1128,0.582125196073048,812231.4721930358,811277.2127867755,803701.696496434,954.2594062601994,7575.516290341559,1.0596358562664236,0.0011748614021119944,0.0011748614021119944,0.0011748614021119944,0.009337765403664308,7575.516290341559,-32497970.67028441,-0.003002587061585112,-2.343191954022915,0.8400005239635956,0.0,0.0,244201147017808.5,-4.939597679796106,0.022913249305149375,0.03417223418435256,81992262394488.17,10328258118888.824,6667501971528738.0,-25361124202.168137,0.03687951739456767,-0.26737350067538546,0.1119786006154598,0.009337765403664308,2031221370937969.5,8780715604861195.0,8791043862980084.0,8698723342466707.0,616030.9317747996,-25361124202.168137,1.0,473.0734016166688,2.437041429490093e-09,2.437041429490093e-09,0.04601598724878908,187670.76472163442,473.0734016166688
2266.0,11176.758404476734,10823375066.451916,430.71647884008235,5.7465956289783464e-05,2.6735510054703973,0.23350798628104266,1.811440338621942e+16,0.3924171770605433,0.3924171770605433,1440107561717.9446,0.5719951712881332,823027.3381947667,822093.7554244705,814483.3147288443,933.5827702961955,7610.440695626242,1.0582778309902228,0.0011343277762120537,0.0011343277762120537,0.0011343277762120537,0.009257387792340976,7610.440695626242,-32278887.87321143,-0.002982331082035854,-2.310658847367678,0.8382509474384757,0.0,0.0,247039600664511.25,-4.948147218413587,0.022717561469817626,0.03388207027496126,82370654069752.05,10104516478492.947,6756978461390829.0,-25009127355.675846,0.03637494100386812,-0.26504282984855465,0.11214763487547015,0.009257387792340976,2058479939286453.0,8897829054747034.0,8907933571225526.0,8815458400677282.0,624294.9560470033,-25009127355.675846,1.0,471.57525197371467,2.3885583295161164e-09,2.3885583295161164e-09,0.04597746878998499,190188.35868184114,471.57525197371467
2267.0,11279.156378025627,10823425182.745615,430.234346428331,5.734849763629881e-05,2.672189427019592,0.23350798627849975,1.8361442986883932e+16,0.39226502642337696,0.39226502642337696,1415098434362.2688,0.5620233703210074,833948.5245018095,833035.2489407198,825389.3044718204,913.2755610897004,7645.9444688994045,1.0569458019726814,0.0010951222218844741,0.0010951222218844741,0.0010951222218844741,0.009178416493926181,7645.9444688994045,-32061704.90798169,-0.0029622512621137265,-2.278368963016163,0.8365050149801511,0.0,0.0,249908493113188.25,-4.956619398237754,0.022525268820015598,0.033596912411255286,82755307910560.36,9884769706684.395,6847486591787607.0,-24659756009.895153,0.035874115397572556,-0.2627058972514476,0.11229659070628153,0.009178416493926181,2086052791801581.2,9016294691499748.0,9026179461206434.0,8933539383589188.0,632654.3100887941,-24659756009.895153,1.0,470.099107883393,2.341128461862117e-09,2.341128461862117e-09,0.04593922757465929,192734.9943830263,470.099107883393
2268.0,11382.336895591825,10823473753.458693,429.7527537026001,5.723223117459363e-05,2.670843606407997,0.23350798627601954,1.861135147999712e+16,0.3921144770543069,0.3921144770543069,1390438678352.3735,0.5522081509178404,844996.3024172898,844102.9675690397,836420.9390600132,893.3348482500885,7682.028509026527,1.055639388384419,0.001057205630006328,0.001057205630006328,0.001057205630006328,0.009100819217767066,7682.028509026527,-31846400.343311723,-0.002942345597053354,-2.246324102927376,0.8347627189986575,0.0,0.0,252808000455314.75,-4.965015115482708,0.022336294241955046,0.033316647710295744,83146233940770.03,9668986283084.836,6939036932304297.0,-24313029969.796097,0.03537701830549739,-0.2603634110151221,0.11242581150719516,0.009100819217767066,2113943148455026.5,9136126314700094.0,9145795300983180.0,9052980080759324.0,641109.9699010123,-24313029969.796097,1.0,468.64458836145667,2.294726728412248e-09,2.294726728412248e-09,0.04590125517796828,195310.96915900093,468.64458836145667
2269.0,11486.30451737137,10823520826.250055,429.2717000587799,5.7117142897239684e-05,2.6695133547134344,0.2335079862736019,1.8864159480452436e+16,0.3919655121012216,0.3919655121012216,1366125648382.5774,0.5425478970366318,856171.9523002864,855298.194618255,847579.5009023137,873.7576820314524,7718.693715941247,1.0543582126881492,0.0010205399507469477,0.0010205399507469477,0.0010205399507469477,0.009024564490500684,7718.693715941247,-31632953.10604844,-0.002922612116135972,-2.2145260059751917,0.8330240519198396,0.0,0.0,255738304097686.25,-4.973335263533221,0.02215056254028236,0.03304116606479823,83543442185935.52,9457134468563.398,7031640127775890.0,-23968968345.944843,0.03488364985239499,-0.2580160634831831,0.11253563817570947,0.009024564490500684,2142154252142930.0,9257337822104756.0,9266794956573318.0,9173794379918820.0,649662.9184398298,-23968968345.944843,1.0,467.21131786911303,2.249328699929373e-09,2.249328699929373e-09,0.045863543640437765,197916.5824624838,467.21131786911303
2270.0,11591.063818907582,10823566447.30942,428.7911848934365,5.700321899294386e-05,2.668198483013727,0.2335079862712465,1.9119897784550124e+16,0.39181811488936497,0.39181811488936497,1342156680036.6326,0.5330410084380697,867476.7636752748,866622.2226134395,858866.2816240245,854.541061835249,7755.940989414978,1.0531019005591318,0.0009850881287180296,0.0009850881287180298,0.0009850881287180298,0.00894962163100974,7755.940989414978,-31421342.470045622,-0.002903048881624089,-2.182976344804506,0.8312890061853179,0.0,0.0,258699590590058.25,-4.981580733043729,0.021968000380477415,0.03277036006095446,83946942660343.78,9249181964728.166,7125306899466124.0,-23627589520.89621,0.03439402212789569,-0.2556645315124258,0.11262640909708568,0.00894962163100974,2170689369045070.5,9379943211171538.0,9389192393136266.0,9295996268511194.0,658314.1457257253,-23627589520.89621,1.0,465.7989261862065,2.204910595122881e-09,2.204910595122881e-09,0.04582608541153821,200552.13589829925,465.7989261862065
2271.0,11696.619391065475,10823610661.40258,428.3112076038117,5.68904458432903e-05,2.666898802386695,0.2335079862689532,1.9378597375140184e+16,0.39167226891946977,0.39167226891946977,1318529090515.7363,0.5236858949391054,878912.0353389796,878076.3534185333,870282.5821907978,835.6819204461568,7793.7712277355495,1.0518700808071062,0.0009508140597071816,0.0009508140597071816,0.0009508140597071814,0.008875960726413805,7793.7712277355495,-31211548.04590174,-0.0028836539877772345,-2.1516767225243765,0.829557574252455,0.0,0.0,261692051423968.0,-4.9897524120146,0.021788536233605993,0.03250412489958421,84356745353051.17,9045095743682.406,7220048046095300.0,-23288911113.806602,0.033908153389508755,-0.2533094767582467,0.11269846013226982,0.008875960726413805,2199551788937986.2,9503956580386338.0,9513001676130020.0,9419599835033286.0,667064.6489384798,-23288911113.806602,1.0,464.4070482873674,2.1614492606049096e-09,2.1614492606049096e-09,0.04578887330919135,203217.93325231795,464.4070482873674
2272.0,11802.975840005658,10823653511.915285,427.8317675878218,5.677881001954501e-05,2.6656141239101614,0.2335079862667217,1.964028942656415e+16,0.3915279578659109,0.3915279578659109,1295240179401.9297,0.5144809732614261,890479.0754642637,889661.898347291,881829.713020996,817.1771169725608,7832.185326295141,1.0506623852996853,0.0009176825592971,0.0009176825592970999,0.0009176825592970999,0.008803552608968476,7832.185326295141,-31003549.77136881,-0.0028644255599311603,-2.120628669241425,0.8278297485943246,0.0,0.0,264715882822431.25,-4.997851185855378,0.021612100323125882,0.03224235832018196,84772860212925.77,8844841971976.865,7315874444772103.0,-22952949943.303185,0.03342606483015614,-0.250951545944888,0.1127521246040953,0.008803552608968476,2228744825478846.2,9629392130463876.0,9638236972435854.0,9544619270250950.0,675915.432503302,-22952949943.303185,1.0,463.03532422105525,2.118922151654679e-09,2.118922151654679e-09,0.0457519004886755,205914.28051769387,463.03532422105525
2273.0,11910.137787157784,10823695040.895748,427.35286424405734,5.6668298279521654e-05,2.664344258661948,0.23350798626455185,1.9905005309386584e+16,0.3913851655748779,0.3913851655748779,1272287229458.6265,0.5054246653300501,902179.2017009621,901380.1782663476,893508.9940902579,799.023434614589,7871.184176089613,1.0494784488871678,0.0008856593380872844,0.0008856593380872844,0.0008856593380872846,0.008732368833790537,7871.184176089613,-30797327.90231517,-0.0028453617536296034,-2.089833638436326,0.8261055216996765,0.0,0.0,267771285530988.5,-5.005877937440484,0.02143862457354684,0.03198496052756905,85195297132718.23,8648385986797.414,7412797051860825.0,-22619721988.64038,0.03294777876477223,-0.24859137112058446,0.11278773328169299,0.008732368833790537,2258271816469647.0,9756264165463192.0,9764912551449988.0,9671068868330472.0,684867.5081709764,-22619721988.64038,1.0,461.6833989914211,2.0773073137314013e-09,2.0773073137314013e-09,0.04571516041724899,208641.4859192815,461.6833989914211
2274.0,12018.1098691932,10823735289.09588,426.8744969717818,5.65588975645072e-05,2.663089017719877,0.2335079862624434,2.0172776594917572e+16,0.3912438760625666,0.3912438760625666,1249667507469.986,0.4965153973884132,914013.7412736606,913232.5236925395,905321.7550304068,781.2175811209504,7910.768662132765,1.048317909328761,0.0008547109806383641,0.0008547109806383641,0.0008547109806383641,0.008662381657353353,7910.768662132765,-30592863.00416656,-0.0028264607538015666,-2.059293003187506,0.824384886072906,0.0,0.0,270858464615368.75,-5.013833547160339,0.021268042560833367,0.031731834120994784,85624065932200.22,8455692301240.954,7510826903801704.0,-22289242349.188847,0.03247331760166352,-0.24622956989768868,0.112805614363038,0.008662381657353353,2288136124107126.0,9884587093841030.0,9893042786142272.0,9798963027908830.0,693921.8950936754,-22289242349.188847,1.0,460.35092244292997,2.0365833646886285e-09,2.0365833646886285e-09,0.04567864685259737,211399.85993673137,460.35092244292997
2275.0,12126.896737997251,10823774296.01122,426.39666517093127,5.645059499624617e-05,2.661848212161771,0.23350798626039615,2.044363505953294e+16,0.3911040735133902,0.3911040735133902,1227378265120.797,0.4877515995793593,925984.0310765639,925220.2748858093,917269.3352240196,763.7561907546342,7950.939661789659,1.0471804072201867,0.0008248049265673394,0.0008248049265673394,0.0008248049265673394,0.008593564016710468,7950.939661789659,-30390135.943771526,-0.0028077207739790827,-2.0290080522455067,0.8226678342340202,0.0,0.0,273977629268428.5,-5.021718892969413,0.02110028946443787,0.031482884025525903,86059176340415.06,8266724625909.452,7609975117895322.0,-21961525202.29471,0.03200270324739633,-0.24386674567785546,0.11280609345556536,0.008593564016710468,2318341135221722.5,1.0014375429457458e+16,1.0022642154083368e+16,9928316253117044.0,703079.6198974465,-21961525202.29471,1.0,459.0375491476811,1.9967294776501322e-09,1.9967294776501322e-09,0.04564235382383597,214189.7153265731,459.0375491476811
2276.0,12236.503060640944,10823812099.919657,425.9193682421134,5.6343377873982226e-05,2.660621653065449,0.23350798625840977,2.071761268880137e+16,0.39096574227820863,0.39096574227820863,1205416739918.5024,0.4791317057981875,938091.4177655661,937344.7819384501,929353.0838954176,746.6358271161043,7991.698043032405,1.0460655859226389,0.0007959094529342474,0.0007959094529342474,0.0007959094529342474,0.008525889509413381,7991.698043032405,-30189127.881652053,-0.0027891400555517904,-1.9989799859606205,0.8209543587186058,0.0,0.0,277128992627373.0,-5.029534850432221,0.020935302020895108,0.031238017425630482,86500637977078.39,8081445899772.812,7710252893057360.0,-21636583759.53779,0.0315359567507346,-0.24150348786237288,0.11278949355478968,0.008525889509413381,2348890261507510.5,1.0145643792541948e+16,1.015372523844172e+16,1.005914315456487e+16,712341.7167519557,-21636583759.53779,1.0,457.74293829535316,1.9577253645126318e-09,1.9577253645126318e-09,0.045606275614475056,217011.36714346192,457.74293829535316
2277.0,12346.933519351993,10823848737.918951,425.4426055866069,5.6237233671555796e-05,2.6594091515087364,0.2335079862564842,2.099474168142874e+16,0.39082886687257695,0.39082886687257695,1183780156158.9646,0.4706541537106859,950337.2578476816,949607.4048612176,941574.3601985947,729.8529864640742,8033.044662622848,1.044973091493098,0.0007679936574485579,0.0007679936574485579,0.0007679936574485579,0.008459332374095012,8033.044662622848,-29989820.264607497,-0.002770716867055322,-1.9692099120680204,0.8192444520777962,0.0,0.0,280312771601534.5,-5.0372822927676815,0.020773018478924765,0.030997143700881025,86948460333176.88,7899818326405.547,7811671510547996.0,-21314430221.434933,0.031073098077949467,-0.23914037204773045,0.11275613502086586,0.008459332374095012,2379786939744408.5,1.027840691062558e+16,1.0286306728951986e+16,1.0191458450292404e+16,721709.2274378834,-21314430221.434933,1.0,456.46675358573697,1.9195512600440104e-09,1.9195512600440104e-09,0.04557040674693269,219865.13276071136,456.46675358573697
2278.0,12458.192811485405,10823884245.963102,424.9663766063606,5.613215003455662e-05,2.658210518569453,0.23350798625461913,2.1275054453030276e+16,0.3906934319750121,0.3906934319750121,1162465725937.5298,0.46231738487714347,962722.917767999,962009.5136666645,953934.5333024397,713.4041013345159,8074.980364224806,1.0439025726159359,0.0007410274422348747,0.0007410274422348747,0.0007410274422348747,0.008393867471691949,8074.980364224806,-29792194.8186454,-0.0027524495034910185,-1.9396988413309544,0.8175381068782399,0.0,0.0,283529186710526.25,-5.044962090892266,0.020613378555959905,0.030760174363662185,87402652750794.28,7721803413440.131,7914242334678888.0,-20995075730.595,0.03061414595990073,-0.23677796020652145,0.11270633555303108,0.008393867471691949,2411034632013554.5,1.0412679619443236e+16,1.0420401422856676e+16,1.0325276966692442e+16,731183.2014122471,-20995075730.595,1.0,455.2086631237645,1.882187906548349e-09,1.882187906548349e-09,0.045534741968306536,222751.3318901926,455.2086631237645
2279.0,12570.285649493415,10823918658.8976,424.49068070399284,5.602811477753009e-05,2.6570255653254224,0.23350798625281435,2.1558583639740804e+16,0.39055942242527775,0.39055942242527775,1141470650206.9348,0.45411984494991864,975249.7739942955,974552.4884499486,966434.9824734986,697.2855443469216,8117.505976450026,1.0428536805358402,0.0007149814980126314,0.0007149814980126314,0.0007149814980126314,0.008329470267282507,8117.505976450026,-29596233.54221617,-0.002734336285674795,-1.910447683046433,0.8158353157020679,0.0,0.0,286778461932402.5,-5.052575113461971,0.02045632339607739,0.030527022998854236,87863224402210.22,7547362014036.215,8017976813499793.0,-20678530323.373974,0.03015911777788955,-0.2344168008537757,0.1126404101618691,0.008329470267282507,2442636825906483.0,1.0548476863808486e+16,1.0556024225822522e+16,1.0460613639406276e+16,740764.695871838,-20678530323.373974,1.0,453.9683393170101,1.845616539071287e-09,1.845616539071287e-09,0.045499276237285224,225670.28660166057,453.9683393170101
2280.0,12683.216760894897,10823952010.493586,424.0155172827907,5.5925115881236055e-05,2.655854102854465,0.23350798625106958,2.184536210167321e+16,0.3904268232226875,0.3904268232226875,1120792119883.5608,0.4460599839268842,987919.2130994707,987237.7194673353,979077.0971564951,681.4936321355389,8160.62231084018,1.0418260689919965,0.0006898272886073745,0.0006898272886073745,0.0006898272886073745,0.008266116812517302,8160.62231084018,-29401918.699731503,-0.0027163755596132525,-1.8814572404137635,0.8141360711468612,0.0,0.0,290060824561324.5,-5.060122226913349,0.020301795529257816,0.03029760520538749,88330184268297.38,7376454369692.042,8122886479466623.0,-20364802880.034267,0.029708029470038075,-0.2320574291988255,0.11255867113934119,0.008266116812517302,2474597034728645.0,1.0685813698463566e+16,1.0693190152833258e+16,1.0597483514195268e+16,750454.775814939,-20364802880.034267,1.0,452.7454587755845,1.8098188711209875e-09,1.8098188711209875e-09,0.04546400471201095,228622.32134155597,452.7454587755845
2281.0,12796.990888244189,10823984333.480963,423.5408857467091,5.582314148995916e-05,2.654695942234403,0.2335079862493847,2.2135422926234532e+16,0.3902956195244255,0.3902956195244255,1100427317003.5266,0.4381362564512044,1000732.6318419223,1000066.6072125523,991862.2770527642,666.0246293699669,8204.33015978818,1.0408193941535422,0.000665537035745601,0.000665537035745601,0.000665537035745601,0.008203783728621634,8204.33015978818,-29209232.815347854,-0.0026985656959052757,-1.8527282057690226,0.8124403658256184,0.0,0.0,293376505074209.75,-5.067604295503656,0.020149738831941932,0.030071838539625806,88803541116252.62,7209040154012.986,8228982950092211.0,-20053901073.442196,0.029260895448095438,-0.229700367282806,0.11246142802652885,0.008203783728621634,2506918797697663.0,1.0824705288906126e+16,1.0831914329060138e+16,1.0735901747789874e+16,760254.5141014439,-20053901073.442196,1.0,451.53970221438647,1.774777080881605e-09,1.774777080881605e-09,0.04542892273886934,231607.76295132027,451.53970221438647
2282.0,12911.612789099441,10824015659.58049,423.06678550036986,5.5722179908869594e-05,2.6535508945430593,0.23350798624775942,2.242879943130874e+16,0.390165796643885,0.390165796643885,1080373415930.0845,0.4303471221524119,1013691.4372440138,1013040.5624911697,1004791.9321967685,650.8747528441842,8248.630294401142,1.0398333145562502,0.0006420837041040398,0.0006420837041040398,0.0006420837041040398,0.008142448189949001,8248.630294401142,-29018158.666998405,-0.0026809050891675327,-1.8242611556861714,0.8107481923667244,0.0,0.0,296725737005871.5,-5.075022181350165,0.020000098488830442,0.02984964246050481,89283303476687.98,7045078517211.03,8336277928581215.0,-19745831316.311523,0.02881772851909806,-0.227346124101895,0.11234898757903547,0.008142448189949001,2539605680136745.5,1.0965166912194648e+16,1.0972211990711858e+16,1.087588360871796e+16,770164.9915115059,-19745831316.311523,1.0,450.35075435764793,1.7404737978975332e-09,1.7404737978975332e-09,0.045394025842020014,234626.94068526264,450.35075435764793
2283.0,13027.087235990162,10824046019.534883,422.59321594906197,5.562221960143311e-05,2.652418770858255,0.23350798624619357,2.2725525168314612e+16,0.3900373400490247,0.3900373400490247,1060627584613.773,0.4226910460262482,1026797.0466687183,1026161.0064930972,1017867.4830307901,636.0401756210756,8293.523462307045,1.038867491040429,0.0006194409865947784,0.0006194409865947784,0.0006194409865947784,0.008082087908066339,8293.523462307045,-28828679.280658383,-0.0026633921574824543,-1.7960565459462405,0.8090595434139176,0.0,0.0,300108756832047.0,-5.082376744468795,0.01985282095589258,0.02963093827637764,89769479620103.73,6884528131195.571,8444783204449906.0,-19440598707.008976,0.028378539808803633,-0.2249951957163959,0.11222165372999547,0.008082087908066339,2572661273663508.5,1.1107213957733518e+16,1.1114098485864714e+16,1.1017444478113414e+16,780187.2968027887,-19440598707.008976,1.0,449.17830384572454,1.7068920902081183e-09,1.7068920902081183e-09,0.04535930971375435,237680.1862280014,449.17830384572454
2284.0,13143.41901638451,10824075443.138958,422.1201764987397,5.552324918686932e-05,2.651299382257813,0.23350798624468685,2.302563392514666e+16,0.38991023536074154,0.38991023536074154,1041186985906.7639,0.41516649885209944,1040050.8878946042,1039429.3708633804,1031090.3604779724,621.5170312239179,8339.010385407888,1.0379215866900324,0.0005975832898735054,0.0005975832898735054,0.0005975832898735054,0.008022681116352584,8339.010385407888,-28640777.924866535,-0.0026460253418707485,-1.7681147063763658,0.8073744116262589,0.0,0.0,303525803859957.5,-5.089668842312116,0.01970785393423624,0.029415649107907393,90262077532774.25,6727347235163.438,8554510654132295.0,-19138206973.94127,0.02794333868520276,-0.22264806534576778,0.11207972755064056,0.008022681116352584,2606089196374623.5,1.1250861928039692e+16,1.1257589275274856e+16,1.1160599850506918e+16,790322.5267664528,-19138206973.94127,1.0,448.0220431440887,1.674015451922385e-09,1.674015451922385e-09,0.045324770205450005,240767.8337115196,448.0220431440887
2285.0,13260.612932655804,10824103959.268852,421.647666556022,5.542525743765729e-05,2.650192539819553,0.23350798624323912,2.3329159729006616e+16,0.38978446835126174,0.38978446835126174,1022048778932.8226,0.40777195764763013,1053454.399189222,1052847.0977713533,1044462.0060137728,607.3014178686457,8385.091757580578,1.036995266772946,0.0005764857200615877,0.0005764857200615876,0.0005764857200615876,0.007964206555092359,8385.091757580578,-28454438.105265565,-0.0026288031057665126,-1.7404358355588727,0.8056927896780982,0.0,0.0,306977120125806.5,-5.096899331806773,0.019565146296497082,0.029203699780366743,90761104892060.55,6573493681621.596,8665472241573098.0,-18838658418.526188,0.027512132681181405,-0.22030520344970814,0.11192350720837434,0.007964206555092359,2639893093026468.0,1.1396126439491626e+16,1.1402699933173246e+16,1.1305365334599566e+16,800571.7862819228,-18838658418.526188,1.0,446.8816684544704,1.6418277911621352e-09,1.6418277911621352e-09,0.04529040331919165,243890.21973185,446.8816684544704
2286.0,13378.673802048514,10824131595.910336,421.1756855281926,5.532823327708734e-05,2.6490980546212994,0.2335079862418501,2.3636136849132424e+16,0.3896600249425476,0.3896600249425476,1003210120514.2964,0.40050590616062426,1067009.0293810125,1066415.6399782805,1057983.8717359526,593.3894027320164,8431.768242327891,1.0360881986824513,0.0005561240686747049,0.0005561240686747048,0.0005561240686747049,0.007906643457047967,8431.768242327891,-28269643.559723943,-0.0026117239345468616,-1.7130199954121046,0.8040146702590438,0.0,0.0,310462950298832.0,-5.104069066228961,0.01942464811475808,0.02899501686664574,91266569041174.69,6422924982789.981,8777680018808598.0,-18541953856.76634,0.02708492741582242,-0.2179670677953904,0.11175328792230704,0.007906643457047967,2674076635212074.5,1.1543023223061848e+16,1.1549446148044638e+16,1.1451756654020672e+16,810936.1883705345,-18541953856.76634,1.0,445.7568796281092,1.6103134184936546e-09,1.6103134184936546e-09,0.04525620519996787,247047.6833654181,445.7568796281092
2287.0,13497.606456643716,10824158380.18626,420.70423282319837,5.5232165776858294e-05,2.648015737740873,0.23350798624051955,2.3946599799431256e+16,0.389536891204722,0.389536891204722,984668166657.53,0.3933668353982832,1080716.237929834,1080136.4609035826,1071657.420433202,579.7770262515329,8479.040470380649,1.0352000518798274,0.0005364747987520985,0.0005364747987520985,0.0005364747987520986,0.007849971533492676,8479.040470380649,-28086378.253226098,-0.002594786335040932,-1.6858671056426215,0.8023400460739306,0.0,0.0,313983541591520.0,-5.1111788975949555,0.01928631058208663,0.02878952857219863,91778476963409.16,6275598357339.999,8891146126536188.0,-18248092559.421936,0.026661726514074537,-0.2156341035109604,0.11156936191620395,0.007849971533492676,2708643521534645.5,1.1691568125034242e+16,1.1697843723391582e+16,1.1599789648070834e+16,821416.8542481352,-18248092559.421936,1.0,444.64738008105815,1.5794570356398258e-09,1.5794570356398258e-09,0.04522217212838009,250240.56618506683,444.64738008105815
2288.0,13617.415743323993,10824184338.383156,420.2333078496489,5.513704415471885e-05,2.6469454002560964,0.2335079862392473,2.4260583341022776e+16,0.3894150533545091,0.3894150533545091,966420074098.1082,0.38635324419435124,1094577.494996181,1094011.0346897277,1085484.1256524746,566.4603064533707,8526.909037253068,1.0343304978381025,0.0005175150311813665,0.0005175150311813665,0.0005175150311813665,0.007794170960689975,8526.909037253068,-27904626.373166386,-0.002577988835076934,-1.658976938070529,0.8006689098427878,0.0,0.0,317539143675529.5,-5.118229675984231,0.019150085994893096,0.02858716471024947,92296835255852.45,6131470777428.298,9005882794673241.0,-17957072190.801865,0.026242531524636105,-0.2133067431253913,0.11137201836880087,0.007794170960689975,2743597477777807.0,1.1841777107706902e+16,1.184790857848433e+16,1.1749480272451048e+16,832014.9133766951,-17957072190.801865,1.0,443.55287671151274,1.5492437246121607e-09,1.5492437246121607e-09,0.0451883005138638,253469.2122757794,443.55287671151274
2289.0,13738.10652373767,10824209495.977015,419.76291001681597,5.504285777215267e-05,2.645886853244791,0.23350798623803312,2.4578122484698304e+16,0.38929449775369124,0.38929449775369124,948463001907.3063,0.37946363981450776,1108594.281509183,1108040.8462658783,1099465.471765126,553.435243304822,8575.374500752207,1.033479209986912,0.0004992225312143987,0.0004992225312143987,0.0004992225312143987,0.007739222366802997,8575.374500752207,-27724372.32475463,-0.0025613299830402232,-1.6323491108272776,0.7990012543008076,0.0,0.0,321130008603019.5,-5.125222249540887,0.01901592772296734,0.02838785665863308,92821650102601.19,5990499015988.404,9121902342906076.0,-17668888746.166256,0.025827341835981087,-0.21098540659479845,0.11116154336144195,0.007739222366802997,2778942257072850.0,1.1993666250081528e+16,1.1999656749097516e+16,1.1900844599978926e+16,842731.5035150024,-17668888746.166256,1.0,442.4730798191089,1.5196589371802574e-09,1.5196589371802574e-09,0.04515458688835072,256733.96825012367,442.4730798191089
2290.0,13859.683674262615,10824233877.658266,419.2930387346324,5.494959613210574e-05,2.6448399077847786,0.2335079862368768,2.4899252493301324e+16,0.3891752109075827,0.3891752109075827,930794113161.14,0.3726965386005082,1122768.0892334618,1122227.3914103738,1113602.9540319305,540.6978230879729,8624.437378443281,1.0326458636584759,0.0004815756951706019,0.000481575695170602,0.000481575695170602,0.007685106819219951,8624.437378443281,-27545600.72657055,-0.002544808347445816,-1.605983082427463,0.7973370721983133,0.0,0.0,324756390732998.5,-5.132157464550285,0.018883790179028415,0.028191537315851667,93352927247488.0,5852639694244.912,9239217181229614.0,-17383536487.757393,0.025416154590482944,-0.20867050131531079,0.11093821982299494,0.007685106819219951,2814681640063131.5,1.2147251748540232e+16,1.2153104388234476e+16,1.2053898821292744e+16,853567.7707684973,-17383536487.757393,1.0,441.40770302616136,1.4906884846761852e-09,1.4906884846761852e-09,0.045121027900355326,260035.18326343337,441.40770302616136
2291.0,13982.152085969381,10824257507.356005,418.8236934136915,5.485724887675557e-05,2.643804374953881,0.23350798623577806,2.5224008884034324e+16,0.3890571794635188,0.3890571794635188,913410576673.3826,0.36605046665357066,1137100.4208349092,1136572.1768121177,1127898.078667046,528.2440227914752,8674.098145071513,1.0318301360346567,0.00046455353732400813,0.0004645535373240082,0.0004645535373240081,0.0076318058122809345,8674.098145071513,-27368296.406267647,-0.0025284225165253652,-1.5798781457137705,0.7956763563007285,0.0,0.0,328418546662404.0,-5.139036165471142,0.01875362879003717,0.027998141059690784,93890671966333.12,5717849329416.5625,9357839810478350.0,-17101007879.449965,0.0250089645966224,-0.20636242212259656,0.11070232747200057,0.0076318058122809345,2850819435065836.5,1.2302549917510522e+16,1.2308267766839938e+16,1.2208659245544186e+16,864524.869638301,-17101007879.449965,1.0,440.356463200792,1.462318528122724e-09,1.462318528122724e-09,0.04508762030944835,263373.2090287451,440.356463200792
2292.0,14105.516664583773,10824280408.261456,418.3548734652466,5.476580578532107e-05,2.6427800658299216,0.23350798623473673,2.555242743069673e+16,0.3889403902093613,0.3889403902093613,896309568793.9326,0.3595239605575211,1151592.7899454571,1151076.7201309397,1142352.3629009977,516.0698145174606,8724.357229942058,1.0310317060951033,0.00044813567697128714,0.00044813567697128714,0.0004481356769712871,0.007579301255392973,8724.357229942058,-27192444.396415606,-0.002512171097827567,-1.5540334216763123,0.7940190993885448,0.0,0.0,332116735161581.5,-5.145859194966946,0.018625399969400602,0.027807603707104556,94434889038736.0,5586084382576.472,9477782822849196.0,-16821293520.03442,0.024605764239265686,-0.2040615512781362,0.1104541427560124,0.007579301255392973,2887359478231254.5,1.2459577190119186e+16,1.2465163274501762e+16,1.236514230108045e+16,875603.9630694926,-16821293520.03442,1.0,439.3190803819202,1.4345355686722994e-09,1.4345355686722994e-09,0.04505436098109605,266748.39983150514,439.3190803819202
2293.0,14229.782330448976,10824302602.850716,417.88657830120985,5.467525677191247e-05,2.6417667914907206,0.23350798623375255,2.5884544165858308e+16,0.38882483007201957,0.38882483007201957,879488275273.8982,0.35311556814221456,1166246.7212269057,1165742.550057005,1156967.3350427463,504.17116990081655,8775.215014258547,1.030250254566446,0.0004323023256780713,0.00043230232567807123,0.00043230232567807123,0.007527575461519731,8775.215014258547,-27018029.930474084,-0.002496052717831313,-1.5284478531453138,0.7923652942572911,0.0,0.0,335851217113915.0,-5.152627393936822,0.01849906109003141,0.027619862475317336,94985582719413.47,5457301306639.699,9599058902416708.0,-16544382075.12241,0.02420654338801451,-0.20176825844233573,0.110193938788085,0.007527575461519731,2924305633699746.0,1.2618350118835868e+16,1.2623807420142508e+16,1.2523364536116454e+16,886806.2224986833,-16544382075.12241,1.0,438.2952777060618,1.4073264383448006e-09,1.4073264383448006e-09,0.045021246881808086,270161.11254406295,438.2952777060618
2294.0,14354.95401848688,10824324112.906809,417.4188073341518,5.458559188342025e-05,2.6407643630141004,0.23350798623282532,2.6220395382972224e+16,0.38871048611598724,0.38871048611598724,862943893198.7758,0.346823849287755,1181063.7504338452,1180571.206369307,1171744.5345408851,492.54406453825425,8826.671828421771,1.0294854638725606,0.0004170342747013663,0.0004170342747013663,0.0004170342747013664,0.007476611136033931,8826.671828421771,-26845038.438891537,-0.002480066021570973,-1.5031201983588471,0.7907149337175012,0.0,0.0,339622255459295.0,-5.1593416015456635,0.018374570458245643,0.02743485594411932,95542756709101.02,5331456594450.553,9721680825641150.0,-16270260207.692934,0.023811289303621478,-0.1994829006345692,0.109921985280368,0.007476611136033931,2961661793756517.0,1.2778885376106768e+16,1.278421683270122e+16,1.2683342619397668e+16,898132.8279009238,-16270260207.692934,1.0,437.28478133592625,1.3806782910530887e-09,1.3806782910530887e-09,0.04498827507463421,273611.70663996134,437.28478133592625
2295.0,14481.036678159122,10824344959.541042,416.95155997730024,5.4496801297442496e-05,2.639772591477884,0.23350798623195482,2.656001763843152e+16,0.3885973455418941,0.3885973455418941,846673632991.0828,0.3406473767700413,1196045.4244757637,1195564.239993339,1186685.51204405,481.1844824248514,8878.727949288923,1.028737018085855,0.0004023128825861764,0.0004023128825861764,0.0004023128825861764,0.0074263913659197356,8878.727949288923,-26673455.545322545,-0.002464209672273186,-1.4780490244040083,0.7890680105946846,0.0,0.0,343430115141250.0,-5.166002655253767,0.018251887288457502,0.02725252401929923,96106414125021.73,5208506826944.806,9845661461869992.0,-15998912507.262083,0.023419986542479218,-0.1972058221802394,0.10963854847476477,0.0074263913659197356,2999431878984402.5,1.2941199754979416e+16,1.294640826180636e+16,1.2845093340854394e+16,909584.9678360078,-15998912507.262083,1.0,436.28732039074845,1.354578593905461e-09,1.354578593905461e-09,0.04495544271489882,277100.54420804227,436.28732039074845
2296.0,14608.035273427357,10824365163.213722,416.4848356445402,5.4408875320249725e-05,2.6387912879598914,0.2335079862311408,2.690344775357277e+16,0.3884853956850735,0.3884853956850735,830674720483.8207,0.3345847371481651,1211193.3014783494,1210723.2130579534,1201791.8294605592,470.0884203959862,8931.383597394362,1.0280046028795875,0.00038812006293480086,0.00038812006293480086,0.00038812006293480086,0.0073768996093137975,8931.383597394362,-26503267.062958367,-0.00244848235100465,-1.4532327005324557,0.7874245177292929,0.0,0.0,347275063057429.5,-5.172611390845847,0.01813097167865796,0.027072807897193463,96676557470933.98,5088408721364.4795,9971013773833058.0,-15730321417.686512,0.023032616859177048,-0.1949373546449412,0.10934389107061453,0.0073768996093137975,3037619838414706.5,1.3105310169718696e+16,1.311039857844006e+16,1.3008633612247764e+16,921163.8394941854,-15730321417.686512,1.0,435.30262687833954,1.3290151187749401e-09,1.3290151187749401e-09,0.04492274704621413,280627.9899663738,435.30262687833954
2297.0,14735.954782712923,10824384743.754223,416.0186337504127,5.432180438478651e-05,2.6378202635379466,0.23350798623038305,2.7250722816630196e+16,0.3883746240141446,0.3883746240141446,814944399066.1342,0.3286345316941938,1226508.950844049,1226049.698951476,1217065.0600173431,459.2518925729081,8984.638934132918,1.027287905481204,0.0003744382723475958,0.00037443827234759586,0.00037443827234759586,0.007328119685373788,8984.638934132918,-26334458.990965188,-0.0024328827563303707,-1.4286693913504356,0.7857844479766903,0.0,0.0,351157368013237.0,-5.179168642459446,0.018011784586645097,0.026895650030310136,97253188606768.56,4971119179506.439,1.009775081813179e+16,-15464467163.602285,0.022649159107128083,-0.1926778167558101,0.1090382721493571,0.007328119685373788,3076229649676256.5,1.3271233656414814e+16,1.3276204775594322e+16,1.3173980467808046e+16,932870.648741333,-15464467163.602285,1.0,434.33043562882125,1.3039759341256613e-09,1.3039759341256613e-09,0.04489018539677603,284194.4112760101,434.33043562882125
2298.0,14864.800198856237,10824403720.380436,415.5529537101139,5.423557904870915e-05,2.6368593292898703,0.23350798622968136,2.760188018464343e+16,0.38826501812960956,0.38826501812960956,799479931902.5319,0.3227953773658718,1241993.9533119549,1241545.2823771443,1232506.7883182382,448.670934810536,9038.494058906248,1.0265866146266676,0.000361250498534305,0.000361250498534305,0.00036125049853430496,0.00728003576446326,9038.494058906248,-26167017.511024848,-0.002417409603981879,-1.4043570498822844,0.7841477942071222,0.0,0.0,355077300678504.0,-5.185675242612864,0.017894287806983322,0.0267209940939922,97836308717861.27,4856595335989.733,1.0225885745723232e+16,-15201327675.488293,0.022269589137269494,-0.19042751431013857,0.10872194709614039,0.00728003576446326,3115265319142847.5,1.343898737358394e+16,1.344384396891993e+16,1.334115106486608e+16,944706.6101636342,-15201327675.488293,1.0,433.37048423000124,1.2794493970870382e-09,1.2794493970870382e-09,0.04485775517580115,287800.178154604,433.37048423000124
2299.0,14994.576529075252,10824422111.71762,415.0877949394947,5.41501899924585e-05,2.6359082962934846,0.23350798622903554,2.7956957485321936e+16,0.3881565657624659,0.3881565657624659,784278604227.0436,0.3170659078227747,1257649.901017001,1257211.5594078545,1248118.6104016213,438.3416091464031,9092.949006233112,1.02590042051579,0.00034854024859536613,0.00034854024859536613,0.00034854024859536613,0.007232632358642871,9092.949006233112,-26000928.983973965,-0.002402061626535011,-1.3802934105085325,0.7825145493056836,0.0,0.0,359035133546827.0,-5.192132022232444,0.017778443948669564,0.026548784954092186,98425918283790.45,4744794606530.208,1.035543180239856e+16,-14940878513.366686,0.021893879694830573,-0.18818674007133573,0.1083951675183303,0.007232632358642871,3154730882079020.5,1.3608588602761372e+16,1.3613333397367902e+16,1.351016268447758e+16,956672.9471117565,-14940878513.366686,1.0,432.42251296437337,1.2554241457669618e-09,1.2554241457669618e-09,0.04482545387025638,291445.6632898648,432.42251296437337
2300.0,15125.2887949236,10824439935.816683,414.6231568550599,5.4065628017367593e-05,2.634966975626612,0.23350798622844532,2.8315992618868764e+16,0.38804925477283275,0.38804925477283275,769337725713.6769,0.31144477448645747,1273478.397548562,1273050.1375403118,1263902.1337974875,428.2600082501421,9148.003742824363,1.0252290147685408,0.00033629153747290885,0.00033629153747290885,0.00033629153747290885,0.007185894312457656,9148.003742824363,-25836179.94653661,-0.002386837573096785,-1.3564759817776781,0.780884706172289,0.0,0.0,363031140897566.5,-5.198539810679441,0.01766421641348126,0.026378968635621725,99022017046828.53,4635674736216.0205,1.0486402329257002e+16,-14683092789.130442,0.021522000314173485,-0.185955773652309,0.108058181160884,0.007185894312457656,3194630402784443.0,1.3780054749088272e+16,1.3784690423824488e+16,1.3681032732041444e+16,968770.8917446012,-14683092789.130442,1.0,431.486264747702,1.2318890917954824e-09,1.2318890917954824e-09,0.04479327904171959,295131.24205288634,431.486264747702
2301.0,15256.942032248025,10824457210.171871,414.15903887396746,5.398188404380286e-05,2.6340351783670743,0.23350798622791044,2.8679023759766332e+16,0.38794307314859233,0.38794307314859233,754654632924.5464,0.3059306476451362,1289481.058008454,1289062.6357485808,1279858.9775839576,418.42225987331625,9203.65816462306,1.0245720903823232,0.00032448887657144087,0.00032448887657144087,0.00032448887657144087,0.007139806794010702,9203.65816462306,-25672757.108146686,-0.0023717362090010102,-1.3329020390916373,0.779258257721641,0.0,0.0,367065598760210.0,-5.204899435776283,0.01755156937498681,0.026211492292348093,99624603980011.3,4529193847782.127,1.0618810763175026e+16,-14427941087.498262,0.02115391721170321,-0.18373488138634,0.10771123181854732,0.007139806794010702,3234967974736843.5,1.3953403341891882e+16,1.3957932535739664e+16,1.385377873791187e+16,981001.6850726153,-14427941087.498262,1.0,430.5614850691629,1.2088334130909404e-09,1.2088334130909404e-09,0.044761228323464186,298857.2925113423,430.5614850691629
2302.0,15389.541291145415,10824473951.737953,413.6954404140277,5.389894910933878e-05,2.6331127155926923,0.2335079862274308,2.9046089358526544e+16,0.38783800900404486,0.38783800900404486,740226691837.0481,0.30052221760344866,1305659.5090683957,1305250.684537096,1295990.7724432852,408.8245312999304,9259.912093810832,1.023929341690214,0.0003131172625485122,0.0003131172625485122,0.0003131172625485122,0.007094355286314091,9259.912093810832,-25510647.347856153,-0.00235675631551224,-1.309568617265034,0.7776351968831997,0.0,0.0,371138784881035.0,-5.211211723832374,0.017440467758198963,0.026046304177313018,100233677254838.6,4425310489887.574,1.07526706372714e+16,-14175391385.59885,0.020789593176844832,-0.1815243161855262,0.1073545592448373,0.007094355286314091,3275747720733690.0,1.4128652035259928e+16,1.4133077345749814e+16,1.402841835800509e+16,993366.5770007212,-14175391385.59885,1.0,429.64792193301315,1.186246546840787e-09,1.186246546840787e-09,0.044729299417659574,302624.195442564,429.64792193301315
2303.0,15523.091635919034,10824490176.946838,413.23236089370266,5.3816814366964835e-05,2.6321993983812892,0.23350798622700603,2.941722814340758e+16,0.3877340505785787,0.3877340505785787,726051300451.4492,0.29521819587784026,1322015.3890269287,1321615.9259931303,1312299.1607173493,399.4630337984943,9316.765275780905,1.0233004643201604,0.0003021621662759309,0.0003021621662759309,0.0003021621662759309,0.007049525578908113,9316.765275780905,-25349837.711325668,-0.0023418966895377476,-1.2864725029584512,0.7760155166011518,0.0,0.0,375250978691803.0,-5.217477499669386,0.017330877219843166,0.025883353614230664,100849234208609.8,4323983685405.184,1.0887995581367968e+16,-13925408971.185966,0.020428987461088503,-0.17932431738685797,0.10698839905777184,0.007049525578908113,3316973793032561.0,1.4305818608609138e+16,1.4310142592294542e+16,1.4204969374400528e+16,1005866.826370851,-13925408971.185966,1.0,428.7453258017694,1.1641181826897213e-09,1.1641181826897213e-09,0.04469749009277324,306432.33434649836,428.7453258017694
2304.0,15657.598145034413,10824505901.723701,412.7697997321052,5.373547108332454e-05,2.6312950378106863,0.233507986226636,2.9792479122099384e+16,0.3876311862353532,0.3876311862353532,712125891480.2633,0.29001731643812645,1338550.347865859,1338160.013838782,1328785.7964627035,390.33402707712906,9374.217376078457,1.022685155155107,0.0002916095219723822,0.0002916095219723822,0.0002916095219723822,0.007005303759739931,9374.217376078457,-25190315.407894,-0.002327156143347169,-1.2636102269845397,0.7743992098343802,0.0,0.0,379402461280468.0,-5.223697586646063,0.017222764129233403,0.025722590969757597,101471271311402.12,4225172979739.963,1.1024799322446756e+16,-13677956359.472576,0.02007205566510303,-0.1771351105859987,0.10661298264230819,0.007005303759739931,3358650373490407.0,1.4484920967248566e+16,1.4489146140228304e+16,1.4383449695937164e+16,1018503.7010041409,-13677956359.472576,1.0,427.853449540851,1.1424382561280099e-09,1.1424382561280099e-09,0.04466579818107519,310282.0954585625,427.853449540851
2305.0,15793.065911074546,10824521141.502611,412.3077563489987,5.365491063698542e-05,2.6303994449587065,0.23350798622632046,3.0171881583379852e+16,0.3875294044599968,0.3875294044599968,698447935120.7908,0.28491833699578234,1355266.04730622,1354884.6134824762,1345452.345505167,381.4338237438571,9432.267977309168,1.0220831122940655,0.0002814457165085851,0.0002814457165085851,0.0002814457165085851,0.006961676207293621,9432.267977309168,-25032067.807723433,-0.0023125335042995347,-1.2409780564881052,0.772786269556433,0.0,0.0,383593515363662.5,-5.229872806682572,0.017116095549726373,0.025563967626591966,102099784132701.16,4128838489199.5615,1.1163095685103308e+16,-13432993208.596317,0.019718749623911402,-0.17495690745883183,0.10622853704945263,0.006961676207293621,3400781673701648.0,1.4665977142937658e+16,1.4670105981426856e+16,1.4563877358804956e+16,1031278.4777427758,-13432993208.596317,1.0,426.9720483646796,1.1211969420732273e-09,1.1211969420732273e-09,0.044634221576286714,314173.8677623911,426.9720483646796
2306.0,15929.500040694511,10824535911.241665,411.8462301647958,5.357512451673988e-05,2.6295124309031706,0.23350798622605923,3.0555475098743516e+16,0.3874286938593177,0.3874286938593177,685014941912.1945,0.2799200403395174,1372164.1608637886,1371791.4020700136,1362300.485493997,372.75879377495687,9490.916576016496,1.0214940350141015,0.00027165757888640834,0.0002716575788864083,0.0002716575788864083,0.006918629582963444,9490.916576016496,-24875082.439018693,-0.002298027614577456,-1.2185719869991953,0.7711766887554936,0.0,0.0,387824425260866.0,-5.23600398027031,0.01701083922097646,0.02540743595773387,102734767307689.34,4034940949448.1465,1.1302898591996508e+16,-13190476233.7059,0.01936901729013214,-0.17278990557083893,0.10583528489200399,0.006918629582963444,3443371935135218.0,1.4849005294439416e+16,1.4853040235388864e+16,1.4746270527131726e+16,1044192.4424915111,-13190476233.7059,1.0,426.1008797841976,1.1003846486390316e-09,1.1003846486390316e-09,0.04460275823135307,318108.04300248605,426.1008797841976
2307.0,16066.905654575628,10824550225.43767,411.3852206005581,5.349610431993577e-05,2.628633806721901,0.233507986225852,3.0943299524004384e+16,0.3873290431600287,0.3873290431600287,671824465678.4885,0.2750212357186917,1389246.373904183,1388882.068535188,1379331.9059556595,364.305368995055,9550.162579528556,1.0209176237332447,0.00026223236989365086,0.00026223236989365086,0.0002622323698936509,0.006876150823662677,9550.162579528556,-24719346.985312525,-0.002283637330927812,-1.1963877343598244,0.7695704604343494,0.0,0.0,392095476870153.5,-5.242091926543691,0.01690696354068677,0.02525294929996913,103376214503202.23,3943441764083.576,1.1444222064295112e+16,-12950359119.675499,0.01902280261528213,-0.17063428817436965,0.10543344423689383,0.006876150823662677,3486425429270592.0,1.5034023708068906e+16,1.503796714983299e+16,1.4930647493565704e+16,1057246.890258887,-12950359119.675499,1.0,425.2397035557894,1.079992011083937e-09,1.079992011083937e-09,0.044571406156329374,322085.0156967723,425.2397035557894
2308.0,16205.287887379025,10824564098.140366,410.9247270779951,5.34178417508366e-05,2.6277633834927197,0.2335079862256986,3.1335395000874536e+16,0.3872304412074851,0.3872304412074851,658874106558.813,0.2702207602751353,1406514.3836975603,1406158.3136499869,1396548.3083472117,356.07004757350165,9610.005302775231,1.0203535799743002,0.0002531577719364914,0.00025315777193649135,0.00025315777193649135,0.006834227134660529,9610.005302775231,-24564849.282824993,-0.0022693615244095766,-1.1744207265237163,0.767967577610362,0.0,0.0,396406957645386.0,-5.248137463238431,0.016804437548797346,0.02510046193094928,104024118383359.3,3854303053387.258,1.1587080222121048e+16,-12712592432.440544,0.018680045429142967,-0.16849022399386324,0.10502322849408702,0.006834227134660529,3529946457732840.0,1.5221050798237248e+16,1.5224905101290634e+16,1.5117026679853888e+16,1070443.1251981484,-12712592432.440544,1.0,424.388281631575,1.0600098859358804e-09,1.0600098859358804e-09,0.044540163416330714,326105.1831490634,424.388281631575
2309.0,16344.651887698463,10824577542.96621,410.46474901946357,5.334032861901031e-05,2.6269009722934484,0.23350798622559882,3.173180195851992e+16,0.3871328769644365,0.3871328769644365,646161514126.3724,0.2655174805239334,1423969.8994729077,1423621.850074365,1413951.4061092888,348.0493985425363,9670.443965076125,1.0198016063295638,0.00024442187905191615,0.00024442187905191615,0.0002444218790519162,0.006792845982639965,9670.443965076125,-24411577.317882188,-0.0022551990801474545,-1.1526660952294248,0.7663680333154369,0.0,0.0,400759156574680.5,-5.2541414067529075,0.016703230910437017,0.024949929044409402,104678470574876.12,3767487703306.435,1.1731487284989428e+16,-12477123528.95898,0.0183406813171878,-0.16635786699907906,0.10460484630200602,0.006792845982639965,3573939352426672.5,1.541010510799098e+16,1.5413872595694286e+16,1.5305426637416102e+16,1083782.4606478547,-12477123528.95898,1.0,423.54637811105744,1.0404293452846289e-09,1.0404293452846289e-09,0.04450902812964341,330168.9454614339,423.54637811105744
2310.0,16485.002818012854,10824590573.111729,410.00528584796695,5.326355683774645e-05,2.62604638420191,0.2335079862255524,3.21325611150946e+16,0.3870363395097907,0.3870363395097907,633684390597.4135,0.26091029388374354,1441614.6424719894,1441274.4024056455,1431542.9247187448,340.24006634381493,9731.477686900467,1.0192614064264303,0.00023601318710275642,0.00023601318710275642,0.00023601318710275642,0.006751995088969568,9731.477686900467,-24259519.224400014,-0.002241148897091834,-1.1311186675468268,0.7647718205959921,0.0,0.0,405152364160155.5,-5.260104572161247,0.016603313900180994,0.02480130672730141,105339261632069.92,3682959414740.1685,1.1877457572245702e+16,-12243896465.79808,0.018004641496069534,-0.1642373561663926,0.10417850140944324,0.006751995088969568,3618408475669615.5,1.560120530954739e+16,1.5604888268962132e+16,1.5495866047915318e+16,1097266.219172233,-12243896465.79808,1.0,422.7137591940999,1.0212416712379966e-09,1.0212416712379966e-09,0.044476432229971996,334276.7055465117,422.7137591940999
2311.0,16626.345854638123,10824603201.366486,409.54633698715475,5.3187518422500896e-05,2.625199441190589,0.23350875227126372,3.2537713479254756e+16,0.38694081803739194,0.38694081803739194,621440494131.6154,0.2563981302572108,1459450.3460029329,1459117.7072275218,1449324.6013417107,332.6387754110183,9793.105885811083,1.0187327008662657,0.00022792058415829782,0.00022792058415829777,0.00022792058415829777,0.00671166269678066,9793.105885811083,-24108675.33091829,-0.0022272110009422643,-1.109773903542209,0.7631789325129296,0.0,0.0,409598889393358.5,-5.266027732211993,0.01650465805531054,0.024654552932092844,106006485322871.62,3600682753212.736,1.202499348218385e+16,-12012862149.075977,0.01767185268717097,-0.16212881522821135,0.10374439255392581,0.00671166269678066,3663370237318834.0,1.579437020482556e+16,1.5797970887578772e+16,1.5688363719502686e+16,1110894.622046361,-12012862149.075977,1.0,421.89020371869896,1.00243985368615e-09,1.00243985368615e-09,0.044438375757792636,338429.97929534956,421.89020371869896
2312.0,16768.68618767838,10824615440.125608,409.0879018613214,5.31122054893678e-05,2.6243600377225547,0.2335130890602202,3.2947312368648116e+16,0.38684630185481067,0.38684630185481067,609427631982.5394,0.25197995366205156,1477478.9171593823,1477153.6747889968,1467298.3431534015,325.2423703855986,9855.331635595247,1.0182153174095385,0.00022013334106378527,0.0002201333410637853,0.00022013334106378536,0.006671839094197851,9855.331635595247,-23959076.37534292,-0.0022133882268490918,-1.0886334402239624,0.7615893621416039,0.0,0.0,414143216080125.5,-5.271911385433867,0.016407239899517645,0.024509633017066323,106680174990222.67,3520623584259.0024,1.2174065847624098e+16,-11784038345.685362,0.017342243430893814,-0.1600323544898385,0.1033027138701441,0.006671839094197851,3708874452944937.5,1.5989620475559256e+16,1.5993141099143514e+16,1.5882940300569034e+16,1124664.9744707078,-11784038345.685362,1.0,421.075562735447,9.840207381150178e-10,9.840207381150178e-10,0.0444008764118371,342633.3686826938,421.075562735447
2313.0,16912.02902097671,10824627301.401962,408.6299798954057,5.303761025357799e-05,2.6235280833955112,0.23352115657444528,3.336145558472824e+16,0.38675278038214694,0.38675278038214694,597643593636.8541,0.24765476109113488,1495702.8694173226,1495384.821517851,1485466.659061538,318.04789947151954,9918.162456312968,1.017709106678066,0.00021264109735606823,0.0002126410973560683,0.00021264109735606826,0.006632515131620634,9918.162456312968,-23810706.444192793,-0.002199679100370405,-1.0677005725148871,0.7600031025717924,0.0,0.0,418786590792706.5,-5.2777559721697145,0.016311037320659416,0.024366514359529634,107360412104345.3,3442749975772.957,1.2324690803734356e+16,-11557460766.967154,0.017015785330386217,-0.15794808477779337,0.10285365842076205,0.006632515131620634,3754932149265530.5,1.618698336510423e+16,1.6190426115080004e+16,1.6079622952999886e+16,1138578.7667847106,-11557460766.967154,1.0,420.269703290162,9.65975416108818e-10,9.65975416108818e-10,0.04436446345341771,346887.89227682754,420.269703290162
2314.0,17056.379572065332,10824638796.83794,408.1725705149904,5.296372502802356e-05,2.6227034862107583,0.23353284239602964,3.3780242175520948e+16,0.3866602431508462,0.3866602431508462,586086132869.887,0.24342156332223108,1514124.7405748446,1513813.6881494918,1503832.0823954123,311.0524253529137,9981.605754079665,1.017213917590728,0.00020543381731865848,0.00020543381731865848,0.00020543381731865843,0.006593681793352871,9981.605754079665,-23663545.853903018,-0.002186081798943309,-1.046978347402641,0.7584201469076655,0.0,0.0,423525935948468.0,-5.283561937624419,0.016216028524308923,0.024225164799630106,108047276900351.56,3367030151325.687,1.2476888949526406e+16,-11333162438.7439,0.016692485122738847,-0.15587612106795504,0.10239741914235427,0.006593681793352871,3801550153500563.5,1.638648637992732e+16,1.6389853410078644e+16,1.627843910302697e+16,1152637.9017072713,-11333162438.7439,1.0,419.4724920992968,9.48294732114166e-10,9.48294732114166e-10,0.044329050487782906,351194.18068814086,419.4724920992968
2315.0,17201.74307211513,10824649937.716879,407.71567314630107,5.289054222180793e-05,2.6218861541695944,0.2335480341070641,3.4203768111469416e+16,0.3865686798025272,0.3865686798025272,574752970431.1431,0.2392793693575787,1532747.0346341592,1532442.7816566594,1522397.1131586202,304.252977499712,10045.66849803914,1.0167295996895604,0.0001985017557527567,0.00019850175575275672,0.00019850175575275672,0.006555330233719519,10045.66849803914,-23517575.89126495,-0.0021725945898094555,-1.0264696627069467,0.7568404882677559,0.0,0.0,428358355943736.5,-5.2893297258967955,0.016122192122368872,0.02408555277251545,108740844881623.8,3293431973942.4326,1.2630680649042136e+16,-11111174770.489017,0.016372367311997094,-0.153816581824336,0.10193418870678807,0.006555330233719519,3848735167090678.0,1.658815666101444e+16,1.6591450092988382e+16,1.6479415816132814e+16,1166844.2602501546,-11111174770.489017,1.0,418.68379708128384,9.30969869379952e-10,9.30969869379952e-10,0.04429455783565017,355552.8529084654,418.68379708128384
2316.0,17348.124765884768,10824660734.974134,407.2592872162057,5.2818054338820954e-05,2.6210759952733187,0.23356661928963934,3.463212646741315e+16,0.3864780800878228,0.3864780800878228,563641795660.654,0.23522717859604164,1551572.2243227726,1551274.577783696,1541164.2205362185,297.64653907668566,10110.357247477265,1.0162560031244283,0.00019183543918273088,0.00019183543918273088,0.00019183543918273085,0.006517451773058719,10110.357247477265,-23372778.73803335,-0.0021592158230434554,-1.0061772749200935,0.75526411978493,0.0,0.0,433281123823219.5,-5.295059780007781,0.01602950712361595,0.023947647294602636,109441187113328.31,3221922804444.3438,1.2786086053620888e+16,-10891527640.25081,0.01605546522434058,-0.1517695885733932,0.10146415943973548,0.006517451773058719,3896493770564535.0,1.6792021011298752e+16,1.6795242934103196e+16,1.6682579824185422e+16,1181199.703775422,-10891527640.25081,1.0,417.9034873344722,9.139923288057299e-10,9.139923288057299e-10,0.04426091199311055,359964.5167607967,417.9034873344722
2317.0,17495.529911669073,10824671199.207813,406.80341215221347,5.274625397633864e-05,2.6202729175232298,0.2335884855258462,3.5065407591236372e+16,0.3863884338652326,0.3863884338652326,552750268020.4032,0.23126397698563878,1570602.753427103,1570311.5233831392,1560135.8452064372,291.2300439637933,10175.678176702026,1.0157929786379365,0.00018542565478655911,0.00018542565478655917,0.00018542565478655917,0.006480037893869081,10175.678176702026,-23229137.40196359,-0.0021459439251756284,-0.9861038059925772,0.7536910346063568,0.0,0.0,438291668712593.5,-5.3007525419208035,0.015937952924606757,0.023811417950373115,110148370491753.89,3152469469238.899,1.2943125122621628e+16,-10674249468.157059,0.015741816108121445,-0.14973526550748598,0.1009875232444485,0.006480037893869081,3944832427836231.0,1.6998105920949614e+16,1.7001258390418852e+16,1.688795755045786e+16,1195706.0759100795,-10674249468.157059,1.0,417.13143311548197,8.973539095989941e-10,8.973539095989941e-10,0.04422804514031675,364429.7692963577,417.13143311548197
2318.0,17643.96378124698,10824681340.689169,406.34804738247476,5.267513382364686e-05,2.619476828920627,0.23361352039777536,3.5503699259948964e+16,0.38629973109998733,0.38629973109998733,542076018552.24615,0.22738873535227339,1589841.038950895,1589556.0385718606,1579314.4014740016,285.0003790342346,10241.637097859026,1.015340377550575,0.0001792634433580233,0.0001792634433580233,0.00017926344335802324,0.006443080237083457,10241.637097859026,-23086635.65367931,-0.0021327773933536845,-0.9662517491497132,0.7521212258934781,0.0,0.0,443387563983859.5,-5.306408452557829,0.015847509300889073,0.023676834879609587,110862457991304.56,3085038285021.2197,1.3101817642738552e+16,-10459367279.429173,0.015431458466643799,-0.14771373911434743,0.10050447153014812,0.006443080237083457,3993757489978756.0,1.7206437590708612e+16,1.7209522628993634e+16,1.7095575132717308e+16,1210365.2043307545,-10459367279.429173,1.0,416.36750581797025,8.81046691563003e-10,8.81046691563003e-10,0.04419589469265639,368949.19714324706,416.36750581797025
2319.0,17793.431659828973,10824691169.372688,405.8931923357801,5.2604686660688744e-05,2.618687637466809,0.23364161148751764,3.5947086823932824e+16,0.3862119618629264,0.3862119618629264,531616651272.81696,0.22360040890902627,1609289.473109993,1609010.5187209512,1598702.2792391127,278.9543890417356,10308.239481838438,1.014898051746098,0.00017334009431047178,0.00017334009431047178,0.00017334009431047178,0.006406570598452492,10308.239481838438,-22945257.968843002,-0.002119714789994579,-0.9466234738175661,0.7505546868219805,0.0,0.0,448566516118288.5,-5.312027951813266,0.0157581563984589,0.02354386876498671,111583508890835.44,3019595111717.829,1.3262183246024044e+16,-10246906757.753906,0.015124430620771193,-0.14570513782971217,0.10001519514443347,0.006406570598452492,4043275198511571.0,1.7417041953426448e+16,1.7420061548538166e+16,1.7305458444535614e+16,1225178.902428919,-10246906757.753906,1.0,415.61157795180316,8.650630188572629e-10,8.650630188572629e-10,0.04416440288965484,373523.3768101937,415.61157795180316
2320.0,17943.938846003686,10824700694.90585,405.4388464415592,5.253490535673518e-05,2.617905251163075,0.23367264637716373,3.639565334005111e+16,0.38612511632938556,0.38612511632938556,521369744515.06305,0.21989793739783495,1628950.4251742337,1628677.336291553,1618301.8458141356,273.08888268077555,10375.49047741744,1.0144658536571356,0.00016764714165660736,0.00016764714165660736,0.00016764714165660736,0.006370500925027976,10375.49047741744,-22804989.47515881,-0.002106754737883047,-0.9272212297295226,0.7489914105817631,0.0,0.0,453826354229888.5,-5.317611478566616,0.015669874725459776,0.023412490820011178,112311578980889.58,2956105418125.6533,1.3424241426716694e+16,-10036892289.78462,0.014820769946511657,-0.14370959171049533,0.09951988430916697,0.006370500925027976,4093391688235000.0,1.7629944693932582e+16,1.7632900799350706e+16,1.7517633114951692e+16,1240148.9708656978,-10036892289.78462,1.0,414.8635231226265,8.49395485089961e-10,8.49395485089961e-10,0.04413351641786867,378152.87494843785,414.8635231226265
2321.0,18095.490651684377,10824709926.638597,404.98500912988027,5.246578286907807e-05,2.617129578010724,0.23370651264880446,3.6849479694281e+16,0.38603918477809784,0.38603918477809784,511332852225.27844,0.21628024556290265,1648826.2431665484,1648558.8425274994,1638115.4475987281,267.40063904898443,10443.39492877128,1.0140436362510334,0.00016217636040013846,0.00016217636040013843,0.00016217636040013843,0.006334863311739554,10443.39492877128,-22665815.903783813,-0.0020938959156776445,-0.9080471502784065,0.7474313903769102,0.0,0.0,459165020212512.0,-5.323159470694629,0.015582645144091578,0.023282672777262592,113046720753277.67,2894534351903.0464,1.358801155696137e+16,-9829347001.474558,0.01452051248080597,-0.1417272321261469,0.09901872855933791,0.006334863311739554,4144112989640612.0,1.784517126735526e+16,1.7848065801707162e+16,1.7732124546601982e+16,1255277.199024294,-9829347001.474558,1.0,414.1232160118295,8.340369196163651e-10,8.340369196163651e-10,0.04410318606442187,382838.24857443414,414.1232160118295
2322.0,18248.092402054346,10824718873.632513,404.53167983144994,5.2397312241745744e-05,2.616360526011055,0.23374309788453052,3.730864471449351e+16,0.38595415759010504,0.38595415759010504,501503505223.8039,0.21274624379201146,1668919.2554285128,1668657.3690144073,1658145.4116229324,261.88641410552304,10511.957391474849,1.0136312530159204,0.0001569197630464638,0.0001569197630464638,0.00015691976304646382,0.0062996499980602595,10511.957391474849,-22527723.544765845,-0.0020811370537890087,-0.8891032551734499,0.7458746194256605,0.0,0.0,464580559474063.0,-5.328672365083188,0.015496448862730161,0.023154386876937938,113788983574318.6,2834846809515.995,1.3753512901498494e+16,-9624292786.884148,0.014223692726078416,-0.13975819146601556,0.09851191668444795,0.0062996499980602595,4195445030923414.5,1.8062746915996228e+16,1.8065581762805744e+16,1.7948957932421908e+16,1270565.3663671683,-9624292786.884148,1.0,413.39053235689624,8.18980374930277e-10,8.18980374930277e-10,0.04407336639857995,387580.0452557642,413.39053235689624
2323.0,18401.749435512324,10824727544.669708,404.0788579776118,5.232948660424028e-05,2.6155980031653665,0.23378228966643272,3.7773225273967576e+16,0.385870025247681,0.385870025247681,491879212436.91974,0.20929482883746903,1689231.7720610874,1688975.229114169,1678394.046967061,256.5429469183723,10581.182147108078,1.0132285579469988,0.00015186959608589162,0.00015186959608589162,0.00015186959608589162,0.0062648533647575635,10581.182147108078,-22390699.206160434,-0.0020684769305982227,-0.8703914524558568,0.7443210909603779,0.0,0.0,470071112223034.0,-5.334150597638998,0.015411267428244724,0.02302760585568031,114538413842968.19,2777007503898.0435,1.3920764631394214e+16,-9421750330.043987,0.013930343560122516,-0.1378026028607456,0.09799963667200078,0.0062648533647575635,4247393639619792.5,1.8282696684856976e+16,1.8285473692360876e+16,1.816815827101401e+16,1286015.2437045912,-9421750330.043987,1.0,412.6653489321345,8.042191150468846e-10,8.042191150468846e-10,0.04404401547876513,392378.8032624697,412.6653489321345
2324.0,18556.467103616847,10824735948.261452,403.6265430003461,5.226229917029627e-05,2.614841917474958,0.23382397557660178,3.824329638619061e+16,0.3857867783332663,0.3857867783332663,482457462106.87573,0.20592488457005423,1709766.0862484886,1709514.7192828872,1698863.6460663187,251.3669656015119,10651.073216568568,1.0128354055330637,0.00014701833638135428,0.00014701833638135428,0.00014701833638135428,0.006230465930727121,10651.073216568568,-22254730.17651228,-0.0020559143689862095,-0.8519135399226491,0.7427707982275221,0.0,0.0,475634905273579.5,-5.339594603301314,0.015327082718506135,0.02290230293568174,115295055134954.5,2720981028752.086,1.4089785836875958e+16,-9221739120.411367,0.013640496199950208,-0.1358605999159055,0.09748207565271222,0.006230465930727121,4299964543892640.5,1.850504543590355e+16,1.8507766416932304e+16,1.83897503807686e+16,1301628.594380531,-9221739120.411367,1.0,411.9475435297852,7.897466047856479e-10,7.897466047856479e-10,0.044015094582962044,397235.05168578756,411.9475435297852
2325.0,18712.250771030373,10824744092.656507,403.174734332269,5.219574323666045e-05,2.6140921769411283,0.23386804319712848,3.8718931291464184e+16,0.3857044075284142,0.3857044075284142,473235722986.46436,0.20263528274220807,1730524.4754727036,1730278.1202798025,1719556.485907615,246.35519290114604,10721.634372187427,1.0124516507432382,0.00014235868743425463,0.00014235868743425463,0.00014235868743425463,0.006196480349906775,10721.634372187427,-22119804.190414038,-0.0020434482331476165,-0.8336712060029854,0.7412237344876194,0.0,0.0,481270244337352.0,-5.3450048160536365,0.015243876935086331,0.02277845181406124,116058948333958.81,2666731919051.935,1.4260595539333866e+16,-9024277462.398642,0.013354180191494756,-0.1339323164562048,0.09695941984708947,0.006196480349906775,4353163373483770.0,1.8729817861151596e+16,1.873248459307065e+16,1.8613758912817636e+16,1317407.1753814702,-9024277462.398642,1.0,411.2369949414966,7.755564998707796e-10,7.755564998707796e-10,0.043986567960477174,402149.3105261445,411.2369949414966
2326.0,18869.10581546269,10824751985.849236,402.72343140663133,5.2129812181892075e-05,2.613348689565176,0.23391438011010354,3.920020153580154e+16,0.38562290361274726,0.38562290361274726,464211445524.06573,0.1994248837492139,1751509.202625535,1751267.6982741142,1740474.8291253778,241.50435142090018,10792.869148736452,1.0120771490139318,0.00013788357552382938,0.0001378835755238294,0.0001378835755238294,0.00616288940826859,10792.869148736452,-21985909.39688143,-0.002031077425665062,-0.8156660301282957,0.7396798930152331,0.0,0.0,486975506771745.5,-5.350381668935327,0.015161632596131125,0.022656026652493,116830131750795.86,2614224707634.621,1.4433212702543644e+16,-8829382479.421032,0.013071423409901844,-0.13201788627880026,0.09643185451305651,0.00616288940826859,4406995660351900.0,1.8957038494646336e+16,1.8959652719353972e+16,1.8840208362895544e+16,1333352.7383732765,-8829382479.421032,1.0,410.53358294016476,7.616426377750314e-10,7.616426377750314e-10,0.043958402603305746,407122.09075210115,410.53358294016476
2327.0,19027.037627613892,10824759635.587442,402.27263365731886,5.20644994651834e-05,2.6126113633484005,0.23396287389761777,3.968717704257328e+16,0.38554225746292553,0.38554225746292553,455382063044.6447,0.19629253738388663,1772722.5170246128,1772485.705856121,1761620.9250027128,236.81116849179122,10864.780853408065,1.0117117562360152,0.0001335861457264399,0.0001335861457264399,0.00013358614572643989,0.006129686020886873,10864.780853408065,-21853034.33030635,-0.0020188008848217183,-0.7978994826332259,0.7381392670989346,0.0,0.0,492749134755869.5,-5.355725594053314,0.015080332529420981,0.022535002067104237,117608641231474.9,2563423977946.2383,1.4607656243162382e+16,-8637070112.864246,0.012792252062236859,-0.13011744291432412,0.09589956389432926,0.006129686020886873,4461466839013197.5,1.9186731723407056e+16,1.9189295147385e+16,1.906912308217558e+16,1349467.0306708983,-8637070112.864246,1.0,409.83718826213226,7.479990292397145e-10,7.479990292397145e-10,0.043930568035485784,412153.8943318145,409.83718826213226
2328.0,19186.05161111667,10824767049.37998,401.82234051885087,5.199979862520002e-05,2.6118801062921007,0.2340134121417619,4.017992617732915e+16,0.3854624600516251,0.3854624600516251,446744992931.78046,0.19323708358389993,1794166.6553393258,1793934.3829586254,1782997.0103837824,232.2723807005435,10937.372574842953,1.0113553287422117,0.0001294597578264626,0.0001294597578264626,0.0001294597578264626,0.0060968632290801066,10937.372574842953,-21721167.88377065,-0.0020066175821321524,-0.7803729242214948,0.7366018500412741,0.0,0.0,498589628867158.5,-5.361037022593714,0.014999959865593215,0.022415353118606318,118394510254952.27,2514294413088.2856,1.478394504054531e+16,-8447355116.341138,0.012516690688334735,-0.12823111939438733,0.09536273116926824,0.0060968632290801066,4516582246600075.0,1.9418921797400336e+16,1.942143609181342e+16,1.9300527287145384e+16,1365751.7961453132,-8447355116.341138,1.0,409.1476925897398,7.346198504103877e-10,7.346198504103877e-10,0.043903036118959626,417245.21423846943,409.1476925897398
2329.0,19346.153182478152,10824774234.504112,401.3725514263796,5.193570327894057e-05,2.6111548263975752,0.2340658824246267,4.067851580619631e+16,0.38538350244652764,0.38538350244652764,438297637815.43933,0.1902573531727576,1815843.842432223,1815615.9576941298,1804605.3105028549,227.88473809326698,11010.647191274784,1.0110077232947037,0.00012549798213266395,0.00012549798213266395,0.00012549798213266395,0.006064414197624995,11010.647191274784,-21590299.284522288,-0.0019945265200730857,-0.7630876050276937,0.7350676351587512,0.0,0.0,504495542033083.5,-5.366316384833472,0.014920498031543938,0.022297055302684443,119187770021326.36,2466800841348.7144,1.4962097945927882e+16,-8260251045.573229,0.012244762157658007,-0.12635904802442033,0.09482153839995837,0.006064414197624995,4572347122652715.0,1.9653632838601924e+16,1.965609963944327e+16,1.9534445068580596e+16,1382208.7760718367,-8260251045.573229,1.0,408.46497853422613,7.214994355334882e-10,7.214994355334882e-10,0.0438757808746284,422396.53443101817,408.46497853422613
2330.0,19507.34777102119,10824781198.012665,400.9232658156894,5.187220712061565e-05,2.610435431666124,0.23412017232830293,4.118301134822939e+16,0.3853053758093207,0.3853053758093207,430037386769.8661,0.187352168596337,1837756.292121035,1837532.6471129623,1826448.0397351063,223.64500807268047,11084.60737785589,1.0106687970729535,0.00012169459521456023,0.00012169459521456023,0.00012169459521456023,0.006032332212040673,11084.60737785589,-21460418.071432512,-0.001982526729997319,-0.7460446633033686,0.733536615781786,0.0,0.0,510465473833904.5,-5.3715641101519225,0.014841930743979437,0.022180084540603606,119988449531166.89,2420908278414.542,1.5142133791014824e+16,-8075770244.203994,0.011976487661192374,-0.12450136016081378,0.0942761664812854,0.006032332212040673,4628766608656844.0,1.9890888849202836e+16,1.9893309757481252e+16,1.9770900399671668e+16,1398839.709923632,-8075770244.203994,1.0,407.78892961897265,7.086322701644055e-10,7.086322701644055e-10,0.04384877831732048,427608.32981147413,407.78892961897265
2331.0,19669.640818825,10824787946.740936,400.4744831231963,5.1809303920545284e-05,2.609721830099045,0.2341761694348813,4.16934768220633e+16,0.3852280713947082,0.3852280713947082,421961616525.6621,0.18452034465733835,1859906.2078660883,1859686.6578870811,1848527.4022738584,219.54997900706078,11159.255613222746,1.0103384076617308,0.000118043575573069,0.000118043575573069,0.000118043575573069,0.006000610675941262,11159.255613222746,-21331514.074268714,-0.001970617270215541,-0.7292451237527694,0.7320087852546908,0.0,0.0,516498065133765.0,-5.3767806270423275,0.014764242003142858,0.02206441717006591,120796575656614.72,2376581966462.857,1.5324071396014302e+16,-7893923825.818581,0.011711886698035252,-0.12265818599141338,0.09372679508979742,0.006000610675941262,4685845747340095.0,2.0130713719011012e+16,2.0133090300977476e+16,2.0009917143354396e+16,1415646.3361139544,-7893923825.818581,1.0,407.11943026308245,6.960129848422604e-10,6.960129848422604e-10,0.043822006303602556,432881.06615990406,407.11943026308245
2332.0,19833.037780665385,10824794487.313417,400.02620278594736,5.174698752407481e-05,2.6090139296976376,0.2342337613264526,4.2209974887197064e+16,0.38515158054943155,0.38515158054943155,414067692699.8435,0.1817606892501057,1882295.7833875732,1882080.1869240047,1870845.5927386486,215.59646356857834,11234.594185356085,1.0100164130393559,0.00011453909925918695,0.00011453909925918697,0.00011453909925918697,0.005969243108455145,11234.594185356085,-21203577.39463156,-0.001958797224232017,-0.7126898955426788,0.7304841369356397,0.0,0.0,522591993018891.5,-5.3819663631233565,0.014687416086685334,0.021950029936278592,121612173204845.92,2333787410321.415,1.550792957715333e+16,-7714721652.434365,0.01145097705665932,-0.12082965431850454,0.09317360263215572,0.005969243108455145,4743589481738598.0,2.0373131232096772e+16,2.0375465019507092e+16,2.025151905889193e+16,1432630.3926904583,-7714721652.434365,1.0,406.45636576529745,6.836363491908589e-10,6.836363491908589e-10,0.04379544439137728,438215.20004819037,406.45636576529745
2333.0,19997.544123954354,10824800826.150282,399.57842424161976,5.1685251850508815e-05,2.6083116384632,0.2342928355851076,4.273256688021595e+16,0.385075894711301,0.385075894711301,406352971047.4091,0.17907200409826812,1904927.2032167946,1904715.4219149768,1893404.7967181911,211.7813018179218,11310.625196785775,1.0097026715661486,0.00011117553545368713,0.00011117553545368712,0.0001111755354536871,0.005938223141709125,11310.625196785775,-21076598.38841801,-0.001947065699121382,-0.6963797700071316,0.7289626641966414,0.0,0.0,528745966022828.5,-5.387121745150477,0.01461143754369243,0.021836899983243785,122435264974442.86,2292490410881.822,1.5693727153707556e+16,-7538172309.687541,0.011193774791007374,-0.11901589234350103,0.09261676619299548,0.005938223141709125,4802002654044424.0,2.0618165072726424e+16,2.0620457563137304e+16,2.049572980775198e+16,1449793.6179846418,-7538172309.687541,1.0,405.79962228824155,6.714972664091432e-10,6.714972664091432e-10,0.043769073710316686,443611.17873354926,405.79962228824155
2334.0,20163.165328679173,10824806969.473696,399.13114692851985,5.162409089206265e-05,2.607614864397033,0.23435327979293705,4.326131284623878e+16,0.38500100540823723,0.38500100540823723,398814798737.72156,0.17645308549756228,1927802.6431852414,1927594.5418211902,1916207.191252003,208.10136405132255,11387.350569187072,1.0093970419730875,0.00010794744202004196,0.00010794744202004196,0.00010794744202004199,0.005907544518375898,11387.350569187072,-20950567.64968389,-0.0019354218240348457,-0.6803154180672748,0.7274443604235088,0.0,0.0,534958719619944.5,-5.392247199027276,0.014536291188862793,0.021725004845269957,123265871805176.48,2252657095939.7393,1.5881482954576472e+16,-7364283078.935047,0.010940294191646723,-0.11721702545261932,0.09205646148203019,0.005907544518375898,4861090004243823.0,2.0865838830625476e+16,2.0868091487721412e+16,2.0742572958820296e+16,1467137.7512192843,-7364283078.935047,1.0,405.14908684299087,6.595907681179157e-10,6.595907681179157e-10,0.04374287684228473,449069.4400327187,405.14908684299087
2335.0,20329.906887340876,10824812923.31392,398.68437028558304,5.156349871283129e-05,2.6069235155004336,0.23441498153203166,4.379627156585873e+16,0.3849269042573231,0.3849269042573231,391450515658.7865,0.17390272506607563,1950924.2708550503,1950719.717301625,1939254.945254214,204.55355342534838,11464.77204741106,1.0090993833506654,0.00010484956104200638,0.00010484956104200638,0.00010484956104200638,0.005877201089283063,11464.77204741106,-20825475.995790143,-0.0019238647488251104,-0.6644973873833653,0.7259292190158316,0.0,0.0,541229011969545.0,-5.397343149816704,0.01446196209682371,0.021614322438680666,124104012621663.4,2214253948628.495,1.6071215824432826e+16,-7193059906.455788,0.01069054775224746,-0.11543317700288455,0.09149286278024688,0.005877201089283063,4920856168555418.0,2.1116176005609904e+16,2.1118390259558532e+16,2.0992071992988244e+16,1484664.5330765464,-7193059906.455788,1.0,404.5046472739571,6.479120095327106e-10,6.479120095327106e-10,0.04371683771095136,454590.41217766766,404.5046472739571
2336.0,20497.77430489231,10824818693.515228,398.23809375237255,5.150346944777528e-05,2.6062374997747018,0.23447782838448222,4.433750057782827e+16,0.38485358296386524,0.38485358296386524,384257455752.3307,0.1714197105040161,1974294.2458941957,1974093.1110858214,1962550.2198828317,201.13480837417998,11542.891202989706,1.0088095551379643,0.00010187681435655617,0.00010187681435655615,0.00010187681435655615,0.005847186811082435,11542.891202989706,-20701314.453726828,-0.0019123936427802033,-0.648926099257263,0.7244172333869467,0.0,0.0,547555619894096.5,-5.402410021752183,0.014388435596594529,0.021504831053736573,124949704471335.45,2177247833605.4268,1.6262944629473174e+16,-7024507369.949939,0.010444546131646679,-0.11366446810787033,0.09092614288505045,0.005847186811082435,4981305677676924.0,2.136920001162143e+16,2.137137725945504e+16,2.1244250307150096e+16,1502375.7062292174,-7024507369.949939,1.0,403.8661922440968,6.364562649354991e-10,6.364562649354991e-10,0.04369094147985231,460174.51365361444,403.8661922440968
2337.0,20666.773098675527,10824824285.741644,397.79231676907904,5.144399730172328e-05,2.6055567252211365,0.23454170793237955,4.488505619772237e+16,0.38478103332046537,0.38478103332046537,377232948382.38074,0.16900282636498098,1997914.720399468,1997716.8782946346,1986095.1688574832,197.8421048335323,11621.709437151449,1.00852741711192,9.902429909219309e-05,9.902429909219309e-05,9.902429909219312e-05,0.005817495743977697,11621.709437151449,-20578074.247518085,-0.0019010076934572813,-0.6336018452982731,0.7229083969639102,0.0,0.0,553937335076005.0,-5.4074482382487,0.014315697266180427,0.021396509346746195,125802962557109.86,2141606021144.2646,1.6456688262794394e+16,-6858628642.475467,0.010202298111768805,-0.11191101742263114,0.09035647305422705,0.005817495743977697,5042442954848243.0,2.1624934180199744e+16,2.162707578622089e+16,2.1499131217642636e+16,1520273.0158374014,-6858628642.475467,1.0,403.2336112204222,6.252189234204613e-10,6.252189234204613e-10,0.04366517445824747,465822.15302008187,403.2336112204222
2338.0,20836.90879835869,10824829705.482502,397.3470387765199,5.138507654839104e-05,2.6048810998410366,0.23460650775781433,4.5438993532798376e+16,0.38470924720610183,0.38470924720610183,370374319739.9053,0.16665085484056336,2021787.8391701279,2021593.1667118429,2009891.9387284608,194.67245828494285,11701.227983382101,1.0082528293767956,9.628728322198683e-05,9.628728322198682e-05,9.628728322198682e-05,0.005788122049509277,11701.227983382101,-20455746.786619127,-0.0018897061056081842,-0.6185247838678004,0.7214027031874682,0.0,0.0,560372960458443.0,-5.412458221913661,0.014243732927308295,0.021289336332383058,126663800265137.69,2107296209282.1526,1.6652465649419378e+16,-6695425453.98931,0.009963810551639196,-0.11017294092732971,0.08978402294860512,0.005788122049509277,5104272313738281.0,2.1883401763422796e+16,2.188550905963208e+16,2.175673796315766e+16,1538358.2100127938,-6695425453.98931,1.0,402.6067944598247,6.141954848913271e-10,6.141954848913271e-10,0.043639524014153386,471533.72871566715,402.6067944598247
2339.0,21008.1869458725,10824834958.05783,396.90225921613825,5.132670152941639e-05,2.604210531635701,0.2346721154428773,4.599936649325682e+16,0.3846382165852205,0.3846382165852205,363678894285.91595,0.16436257656001724,2045915.7399348984,2045724.1170092646,2033942.6690997023,191.6229256338262,11781.447909562257,1.0079856523538548,9.366120114014258e-05,9.366120114014258e-05,9.366120114014261e-05,0.0057590599883947605,11781.447909562257,-20334323.655224066,-0.0018784881001892345,-0.6036949363148555,0.7199001455120286,0.0,0.0,566861306836657.0,-5.417440394557744,0.014172528640287063,0.0211832913761818,127532229187966.88,2074286544166.358,1.685029575099357e+16,-6534898050.623544,0.009729088337727614,-0.10845035170910969,0.08920896057330288,0.0057590599883947605,5166797956162339.0,2.2144625936343876e+16,2.2146700222888044e+16,2.2017093707155908e+16,1556633.040252543,-6534898050.623544,1.0,401.9856329951999,6.033815562898693e-10,6.033815562898693e-10,0.043613978493970196,477309.6288471593,401.9856329951999
2340.0,21180.613095345947,10824840048.623575,396.4579775300027,5.1268866653410045e-05,2.6035449286064285,0.2347384185696593,4.656622780009347e+16,0.3845679335068352,0.3845679335068352,357143996235.2924,0.16213677140658372,2070300.5535347534,2070111.862927819,2058249.4928081085,188.69060693444857,11862.370119710366,1.0077257467712328,9.114164927033677e-05,9.114164927033677e-05,9.114164927033677e-05,0.005730303918423555,11862.370119710366,-20213796.602410194,-0.0018673529134484038,-0.5891121830138933,0.7184007174056328,0.0,0.0,573401189626930.0,-5.422395177205573,0.014102070698995162,0.021078354187218706,128408259143436.4,2042545638743.1082,1.7050197570172096e+16,-6377045151.820854,0.00949813433083461,-0.10674335974180278,0.08863145221745859,0.005730303918423555,5230023969636277.0,2.2408629798951812e+16,2.2410672344590556e+16,2.2280221539808372e+16,1575099.2618445298,-6377045151.820854,1.0,401.3700186218714,5.927728480370022e-10,5.927728480370022e-10,0.043588527148214595,483150.23096357874,401.3700186218714
2341.0,21354.19281304164,10824844982.176662,396.0141931608062,5.1211566395021916e-05,2.602884198754518,0.234805304720251,4.71396289897204e+16,0.3844983901036378,0.3844983901036378,350766951083.47156,0.15997221935197609,2094944.4040638239,2094758.531416849,2082814.5360614904,185.87264697485261,11943.995355358715,1.0074729736540082,8.872438171356356e-05,8.872438171356355e-05,8.872438171356355e-05,0.005701848292404403,11943.995355358715,-20094157.533050384,-0.001856299796083532,-0.5747762592161535,0.7169044123499272,0.0,0.0,579991425801376.0,-5.427322990106234,0.014032345625997311,0.020974504810979733,129291898189596.14,2012042589929.6274,1.7252190154716422e+16,-6221863905.450252,0.009270949309716982,-0.10505207166309646,0.0880516623923478,0.005701848292404403,5293954324773416.0,2.267543637767943e+16,2.2677448420269364e+16,2.2546144479489836e+16,1593758.634245804,-6221863905.450252,1.0,400.75984388430976,5.823651706696123e-10,5.823651706696123e-10,0.04356316006284722,489055.90181568643,400.75984388430976
2342.0,21528.931677290562,10824849763.559898,395.57090555186534,5.1154795294022503e-05,2.602228250081269,0.23487266147674318,4.771962041552178e+16,0.3844295785911174,0.3844295785911174,344545087178.0213,0.1578677013104246,2119849.4089705385,2119666.242733804,2107639.9185372167,183.166236734697,12026.324196587131,1.007227194314472,8.64053059427688e-05,8.64053059427688e-05,8.640530594276881e-05,0.005673687656164388,12026.324196587131,-19975398.499431204,-0.0018453280124658307,-0.5606867507239895,0.7154112238401346,0.0,0.0,586630830977352.0,-5.4322242527437465,0.013963340167777338,0.020871723622396754,130183152635920.89,1982746994409.7412,1.7456292601317464e+16,-6069349841.005746,0.00904753191163699,-0.10337659054882324,0.08746975376779884,0.005673687656164388,5358592872529530.0,2.2945068626482916e+16,2.2947051373477324e+16,2.281488547384699e+16,1612612.9214357545,-6069349841.005746,1.0,400.155002063145,5.721544316577967e-10,5.721544316577967e-10,0.043537868095782306,495026.9971014623,400.155002063145
2343.0,21704.835278426264,10824854397.466724,395.12811414712047,5.109854795439934e-05,2.6015769905879798,0.23494037642122667,4.830625124649913e+16,0.3843614912666893,0.3843614912666893,338475737337.01556,0.1558220000135909,2145017.6791209853,2144837.1105062566,2132727.753443519,180.56861472900133,12109.357062737728,1.0069882703425892,8.418047855111255e-05,8.418047855111255e-05,8.418047855111255e-05,0.005645816646598164,12109.357062737728,-19857511.69351949,-0.0018344368399233735,-0.546843089397101,0.7139211453850262,0.0,0.0,593318216651103.0,-5.437099383847301,0.013895041290092891,0.02076999131906032,131082027051071.23,1954628963193.7048,1.7662524059161388e+16,-5919496820.984498,0.00882787857000221,-0.10171701568406284,0.08688588710682436,0.005645816646598164,5423943341301016.0,2.3217549427513476e+16,2.3219504056476664e+16,2.3086467400462404e+16,1631663.8922455017,-5919496820.984498,1.0,399.5553871624631,5.621366323885523e-10,5.621366323885523e-10,0.043512642818152036,501063.8611980175,399.5553871624631
2344.0,21881.909218718603,10824858888.445827,394.6858183911336,5.1042819043467946e-05,2.60093032827595,0.23500833713579214,4.889956946315023e+16,0.38429412050883227,0.38429412050883227,332556240516.03107,0.1538339009075791,2170451.318826332,2170273.241758081,2158080.1475452487,178.07706825086802,12193.094212832206,1.0067560635966617,8.204610106029141e-05,8.204610106029141e-05,8.204610106029141e-05,0.005618229989766128,12193.094212832206,-19740489.439824738,-0.0018236255680797115,-0.5332445484996212,0.7124341705068934,0.0,0.0,600052387565858.0,-5.44194880140143,0.013827436173441177,0.020669288914592743,131988524267434.08,1927659135083.783,1.7870903733252786e+16,-5772296990.541407,0.0086119834492492,-0.10007344233077688,0.0863002211983923,0.005618229989766128,5490009333880881.0,2.3492901591401104e+16,2.349482925053619e+16,2.3360913067133668e+16,1650913.3206648747,-5772296990.541407,1.0,398.96089389739024,5.523078653032106e-10,5.523078653032106e-10,0.04348747645997664,507166.8268803739,398.96089389739024
2345.0,22060.159112306897,10824863240.905596,394.2440177290892,5.098760329099723e-05,2.6002881711464783,0.23507643120253036,4.949962185071609e+16,0.384227458776236,0.384227458776236,326783943525.4897,0.15190219307319575,2196152.4258360025,2195976.736901476,2183699.2011557645,175.6889345263983,12277.535745711573,1.0065304361941791,7.99985157949678e-05,7.99985157949678e-05,7.99985157949678e-05,0.005590922499040305,12277.535745711573,-19624324.188809376,-0.001812893498243182,-0.5198902378950429,0.7109502927415193,0.0,0.0,606832139205333.0,-5.446772922655951,0.013760512208640496,0.02056959773219058,132902645382657.69,1901808689188.679,1.8081450887509004e+16,-5627740725.495715,0.008399838377116702,-0.09844596149172316,0.08571291278826557,0.005590922499040305,5556794324276942.0,2.377114785716861e+16,2.3773049665857796e+16,2.3638245211785948e+16,1670362.9861282508,-5627740725.495715,1.0,398.37141768195494,5.42664311177059e-10,5.42664311177059e-10,0.04346236185985353,513336.21502751356,398.37141768195494
2346.0,22239.590585132457,10824867459.118456,393.8027116067923,5.0932895488348905e-05,2.5996504272008627,0.23514454620353212,5.010645398992142e+16,0.38416149860695636,0.38416149860695636,321156202799.99396,0.15002567017053933,2222123.0912981723,2221949.689696377,2209587.0080964603,173.40160179520777,12362.681599916896,1.0063112505028684,7.803420182898415e-05,7.803420182898415e-05,7.803420182898415e-05,0.005563889073296803,12362.681599916896,-19509008.510802668,-0.0018022399428428127,-0.5067790990968593,0.7094695056381514,0.0,0.0,613656255404016.0,-5.451572164135831,0.013694256992523579,0.020470899398327802,133824389758382.89,1877049356631.961,1.829418484763812e+16,-5485816578.774959,0.008191432774436683,-0.09683465967041913,0.08512411650784465,0.005563889073296803,5624301654396159.0,2.4052310891792664e+16,2.4054187941149296e+16,2.391848650203428e+16,1690014.673780398,-5485816578.774959,1.0,397.786854617229,5.332022365306012e-10,5.332022365306012e-10,0.04343729241842875,519572.3343160624,397.786854617229
2347.0,22420.209274870795,10824871547.225058,393.36189947066845,5.087869048763088e-05,2.5990170044404044,0.2352125697208882,5.072011024532544e+16,0.38409623261758075,0.38409623261758075,315670386221.219,0.1482031314089372,2248365.399689081,2248194.187178751,2235745.6556254225,171.2125103301871,12448.531553328405,1.006098369131937,7.614977100869082e-05,7.61497710086908e-05,7.61497710086908e-05,0.005537124695153674,12448.531553328405,-19394535.090377726,-0.0017916642249070835,-0.4939099001813981,0.7079918027594725,0.0,0.0,620523506066459.0,-5.4563469416508505,0.013628658323727949,0.0203731758366007,134753755016358.0,1853353431602.2185,1.8509125003812664e+16,-5346511225.3663845,0.007986753582567934,-0.09523961862694767,0.08453398480095214,0.005537124695153674,5692534530599003.0,2.4336413289428028e+16,2.4338266642859628e+16,2.4201659534411668e+16,1709870.1747234548,-5346511225.3663845,1.0,397.2071014797449,5.239179911628372e-10,5.239179911628372e-10,0.04341226205527593,525875.4809019676,397.2071014797449
2348.0,22602.020830863225,10824875509.238338,392.921580767763,5.082498320086411e-05,2.5983878108664005,0.23528038933668927,5.1340633751391896e+16,0.3840316535024011,0.3840316535024011,310323874995.8526,0.1464333825431863,2274881.428712474,2274712.3095590635,2262177.2243364854,169.1191534104114,12535.085222578264,1.005891654923496,7.434196405837668e-05,7.434196405837669e-05,7.43419640583767e-05,0.005510624429252813,12535.085222578264,-19280896.721154537,-0.001781165677582114,-0.48128123056792044,0.7065171776815732,0.0,0.0,627432644988025.0,-5.461097670305134,0.013563704198604754,0.020276409261744788,135690737032102.86,1830693781895.484,1.872629081314957e+16,-5209809405.830772,0.007785785188585356,-0.09366091512941879,0.0839426678485026,0.005510624429252813,5761496020127215.0,2.4623477570308884e+16,2.4625308264090784e+16,2.4487786833276784e+16,1729931.2862460061,-5209809405.830772,1.0,396.6320557101751,5.148080057977994e-10,5.148080057977994e-10,0.04338726516894176,532245.9380904794,396.6320557101751
2349.0,22785.030914047773,10824879349.047476,392.4817549457399,5.0771768599162836e-05,2.5977627544801503,0.2353478926330261,5.196806639637992e+16,0.3839677540325962,0.3839677540325962,305114065590.02185,0.14471523689699972,2301673.249170416,2301506.1300921547,2288883.788029902,167.11907826140086,12622.342062252772,1.0056909709441906,7.260764677246652e-05,7.260764677246652e-05,7.260764677246651e-05,0.005484383420585267,12622.342062252772,-19168086.300995097,-0.0017707436436861326,-0.46889149567404453,0.7050456239939243,0.0,0.0,634382407770206.0,-5.465824764506492,0.013499382807218518,0.020180582173783046,136635329926293.36,1809043859103.687,1.894570180200625e+16,-5075693868.465948,0.007588509348322186,-0.0920986207009166,0.08335031349100468,0.005484383420585267,5831189047408199.0,2.491352617934074e+16,2.491533522319984e+16,2.477689084941445e+16,1750199.8120351667,-5075693868.465948,1.0,396.0616154022892,5.058687898363413e-10,5.058687898363413e-10,0.043362296599957384,538683.9759947355,396.0616154022892
2350.0,22969.24519688979,10824883070.42168,392.04242145288157,5.071904171192794e-05,2.5971417432829536,0.23541496719198954,5.260244880415013e+16,0.38390452705542283,0.38390452705542283,300038371721.5559,0.1430475164145133,2328742.92480666,2328577.714919683,2315867.413555786,165.20988697726312,12710.301363897077,1.0054961804770115,7.094380629883368e-05,7.094380629883369e-05,7.094380629883369e-05,0.005458396892858471,12710.301363897077,-19056096.827559073,-0.001760397475297324,-0.456738911449916,0.7035771352993487,0.0,0.0,641371509824082.0,-5.470528637975621,0.01343568252944971,0.020085677352324582,137587526054007.06,1788377708606.4548,1.916737756810218e+16,-4944145310.157022,0.007394905107373888,-0.09055280136178395,0.08275706714884744,0.005458396892858471,5901616390239094.0,2.520658148439528e+16,2.5208369862103884e+16,2.506899395834127e+16,1770677.562372553,-4944145310.157022,1.0,395.49567929217017,4.970969292058502e-10,4.970969292058502e-10,0.04333735159652141,545189.8511832331,395.49567929217017
2351.0,23154.669363311976,10824886677.013922,391.60357973808823,5.066679762605312e-05,2.5965246852761084,0.23548150059567027,5.324382031397421e+16,0.38384196549341476,0.38384196549341476,295094226411.39886,0.14142905274065373,2356092.51212361,2355929.12288617,2343130.160631335,163.38923743956246,12798.96225483526,1.0053071470132908,6.934754751726423e-05,6.934754751726423e-05,6.934754751726422e-05,0.005432660146904453,12798.96225483526,-18944921.394191556,-0.0017501265333724095,-0.44482149879645516,0.702111705213993,0.0,0.0,648398644455908.0,-5.4752097037551355,0.013372591931194444,0.019991677851003087,138547315991970.27,1768669979526.984,1.93913377824743e+16,-4815142315.971111,0.007204948720147221,-0.08902351736710852,0.08216307174032524,0.005432660146904453,5972780675853329.0,2.5502665774319596e+16,2.550443444429913e+16,2.5364118458327628e+16,1791366.3543148942,-4815142315.971111,1.0,394.93414674768866,4.884890843012063e-10,4.884890843012063e-10,0.04331242578268424,551763.8063164407,394.93414674768866
2352.0,23341.309108623827,10824890172.364492,391.1652292508766,5.061503148514373e-05,2.5959114884609145,0.23554738042615905,5.389221895843011e+16,0.3837800623435906,0.3837800623435906,290279084095.42773,0.13985868833113047,2383724.0601738477,2383562.4053295995,2370674.0816327813,161.6548442481205,12888.323696818248,1.0051237342449004,6.781608951680878e-05,6.781608951680876e-05,6.781608951680876e-05,0.0054071685591282215,12888.323696818248,-18834553.186116483,-0.0017399301873935254,-0.4331370778740834,0.7006493273673007,0.0,0.0,655462481029165.0,-5.479868374218374,0.013310099760660443,0.01989856699205672,139514688523940.27,1749895934816.5923,1.9617602191273736e+16,-4688661297.565839,0.007018613567037084,-0.08751082293928958,0.08156846759735896,0.0054071685591282215,6044684376872177.0,2.5801801256669852e+16,2.580355115260467e+16,2.566228656814591e+16,1812268.0118599893,-4688661297.565839,1.0,394.3769177582441,4.80041988010871e-10,4.80041988010871e-10,0.04328751512881568,558406.0697727919,394.3769177582441
2353.0,23529.170139450554,10824893559.904495,390.7273694413799,5.056373848874796e-05,2.5953020608386694,0.23561249426554667,5.454768143945928e+16,0.3837188106766699,0.3837188106766699,285590422797.8619,0.13833527759277148,2411639.61032712,2411479.6058474407,2398501.2213629307,160.00447967929708,12978.384484509806,1.0049458060566225,6.634676217546191e-05,6.634676217546191e-05,6.634676217546192e-05,0.005381917579995022,12978.384484509806,-18724985.47691159,-0.0017298078150411666,-0.42168326230398384,0.6991899954019841,0.0,0.0,662561663197860.0,-5.484505061078148,0.013248194944751712,0.01980632836103613,140489630624334.62,1732031461636.2927,1.9846190617410868e+16,-4564676430.433912,0.006835870069820418,-0.08601476599558244,0.08097339237887571,0.005381917579995022,6117329807143788.0,2.610401005517899e+16,2.6105742086640628e+16,2.5963520424554656e+16,1833384.3660986505,-4564676430.433912,1.0,393.8238929247509,4.717524438225061e-10,4.717524438225061e-10,0.04326261592422975,565116.8552642802,393.8238929247509
2354.0,23718.258173661667,10824896842.959204,390.28999976034663,5.051291389160026e-05,2.5946963104106744,0.23567672969592388,5.521024310265714e+16,0.3836582036362977,0.3836582036362977,281025746367.428,0.13685768805488355,2439841.1960136406,2439682.7600389533,2426613.616795131,158.43597468765776,13069.143243822016,1.0047732265187237,6.493700284531634e-05,6.493700284531633e-05,6.493700284531633e-05,0.0053569027325558296,13069.143243822016,-18616211.62524257,-0.0017197588018911276,-0.41045745326888,0.6977337029739963,0.0,0.0,669694807206287.0,-5.489120175395185,0.013186866585547019,0.019714945801648898,141472127440230.56,1715053082207.5908,2.0077122962055428e+16,-4443159590.059374,0.006656685605330677,-0.08453538787052466,0.08037798098181019,0.0053569027325558296,6190719117472001.0,2.640931420696766e+16,2.6411029260049868e+16,2.6267842079527428e+16,1854717.2553532566,-4443159590.059374,1.0,393.27497344988825,4.636173240029825e-10,4.636173240029825e-10,0.0432377247517135,571896.3614418743,393.27497344988825
2355.0,23908.578940298758,10824900024.751337,389.8531196591403,5.046255300287666e-05,2.5940941451782265,0.23573997429938134,5.587993790986342e+16,0.3835982344382769,0.3835982344382769,276582586777.3686,0.13542480157228498,2468330.842444395,2468173.895224428,2455013.296794319,156.94721996728438,13160.598430108474,1.0046058598796948,6.358435314605518e-05,6.35843531460552e-05,6.358435314605521e-05,0.005332119611009741,13160.598430108474,-18508225.07183629,-0.0017097825411335795,-0.39945683351433336,0.6962804437525043,0.0,0.0,676860500250556.0,-5.493714127586508,0.01312610395686109,0.019624403410724356,142462162271823.62,1698937965308.5103,2.0310419205996784e+16,-4324080286.996398,0.006481024417495571,-0.08307272303316617,0.07978236544969565,0.005332119611009741,6264854291236899.0,2.671773565950551e+16,2.6719434597470824e+16,2.6575273497233684e+16,1876268.5253033869,-4324080286.996398,1.0,392.7300611285858,4.556335678480976e-10,4.556335678480976e-10,0.04321283846390456,578744.7714909322,392.7300611285858
2356.0,24100.138179502945,10824903108.404205,389.41672858973834,5.041265118546183e-05,2.5934954731426254,0.23580211565801,5.655679841011398e+16,0.38353889636980854,0.38353889636980854,272258506490.3722,0.13403551556062054,2497110.5663091983,2496955.030142109,2483702.2818158832,155.5361670893351,13252.74832622586,1.0044435705591994,6.228645586936188e-05,6.228645586936188e-05,6.228645586936186e-05,0.005307563879302867,13252.74832622586,-18401019.336674064,-0.0016998784333125288,-0.3886783612581648,0.6948302114198609,0.0,0.0,684057298897831.0,-5.498287327433558,0.013065896500898955,0.019534685533314722,143459716551460.94,1683663938594.6194,2.054609941087014e+16,-4207405600.952961,0.006308847527790705,-0.08162679879903018,0.07918667487881306,0.005307563879302867,6339737139909230.0,2.702929626733083e+16,2.7030979931269424e+16,2.6885836550779372e+16,1898040.029099071,-4207405600.952961,1.0,392.18905833877085,4.4779817999766565e-10,4.4779817999766565e-10,0.043187954161311826,585662.2527168122,392.18905833877085
2357.0,24292.941642441852,10824906096.944798,388.9808260047318,5.036320385522772e-05,2.5929002023051693,0.23586304135390043,5.7240855709011816e+16,0.383480182788741,0.383480182788741,268051100889.41922,0.1326887442645432,2526182.375453093,2526028.1746233604,2512682.5835828893,154.20082973281598,13345.591040470808,1.0042862231411884,6.104105199655615e-05,6.104105199655615e-05,6.104105199655615e-05,0.005283231269762334,13345.591040470808,-18294588.016388014,-0.0016900458860840783,-0.3781187640081677,0.6933829996715777,0.0,0.0,691283727559230.0,-5.502840184090175,0.013006233824985669,0.01944577675790482,144464769821324.3,1669209501928.7063,2.0784183720253012e+16,-4093100113.8812456,0.006140112644190071,-0.08019763503675005,0.07859103532187181,0.005283231269762334,6415369298460412.0,2.734401778853475e+16,2.734568699803668e+16,2.7199553018713424e+16,1920033.6274620527,-4093100113.8812456,1.0,391.6518680323475,4.401082288120294e-10,4.401082288120294e-10,0.04316306917188317,592648.9561208364,391.6518680323475
2358.0,24486.99509123598,10824908993.306728,388.5454113573244,5.031420648032344e-05,2.5923082406671587,0.2359226389691435,5.793213943657105e+16,0.38342208712282616,0.38342208712282616,263958000775.53796,0.13138342005931014,2555548.268531672,2555395.3292466463,2541956.204742245,152.93928502584936,13439.124504401101,1.0041336823672147,5.984597783149009e-05,5.98459778314901e-05,5.98459778314901e-05,0.005259117581764962,13439.124504401101,-18188924.781844493,-0.0016802843139920244,-0.3677745322948626,0.6919388022162971,0.0,0.0,698538277012835.0,-5.507373106090395,0.012947105698386752,0.01935766191175503,145477299709860.3,1655553841906.2178,2.1024692360636228e+16,-3981125842.1478343,0.005974774068659362,-0.07878524386932947,0.07799556968919552,0.005259117581764962,6491752220669940.0,2.7661921881016028e+16,2.7663577434857936e+16,2.751644458130617e+16,1942251.1887754658,-3981125842.1478343,1.0,391.11839372642794,4.3256084480635045e-10,4.3256084480635045e-10,0.0431381810319722,599705.0159667789,391.11839372642794
2359.0,24682.304298884508,10824911800.333141,388.1104841013319,5.026565458047631e-05,2.5917194962298913,0.23598079608582992,5.863067771358388e+16,0.3833646028689835,0.3833646028689835,259976874933.39014,0.1301184947863186,2585210.234645808,2585058.484970793,2571525.1385002458,151.7496750150762,13533.34647054735,1.0039858131299162,5.869916225048018e-05,5.8699162250480183e-05,5.869916225048017e-05,0.005235218680439354,13533.34647054735,-18084023.375900324,-0.0016705931382594527,-0.35764191332000506,0.6904976127757657,0.0,0.0,705819402973301.0,-5.511886501356089,0.01288850204919878,0.019270326056345155,146497281907024.88,1642676847767.4177,2.1267645642272936e+16,-3871442167.7914453,0.00581278260326354,-0.07738962936998955,0.07740039764739078,0.005235218680439354,6568887174331689.0,2.7983030098511652e+16,2.7984672775359416e+16,2.7836532816604624e+16,1964694.5891622338,-3871442167.7914453,1.0,390.58853949479106,4.2515321913933067e-10,4.2515321913933067e-10,0.04311328746864551,606830.549338012,390.58853949479106
2360.0,24878.875049190792,10824914520.77948,387.67604369118163,5.021754372630383e-05,2.5911338769946664,0.23603740028605044,5.933649711655718e+16,0.3833077235925727,0.3833077235925727,256105432765.5987,0.12889294112307392,2615170.2529563066,2615019.622748025,2601391.3682380016,150.63020828114816,13628.254510023438,1.003842480466697,5.7598624070791944e-05,5.7598624070791944e-05,5.759862407079194e-05,0.005211530495401033,13628.254510023438,-17979877.61131819,-0.0016609717865950866,-0.3477169045269894,0.6890594250848066,0.0,0.0,713125524705062.0,-5.516380777204335,0.012830412961325921,0.01918375448294507,147524690138431.16,1630559128890.6382,2.151306395990916e+16,-3764005768.9346995,0.005654085454933079,-0.07601078725256899,0.07680563551547707,0.005211530495401033,6646775236360782.0,2.8307363886408376e+16,2.8308994445537268e+16,2.8159839196269944e+16,1987365.7125525319,-3764005768.9346995,1.0,390.06220995958887,4.1788260215327367e-10,4.1788260215327367e-10,0.043088386383164146,614025.6556854696,390.06220995958887
2361.0,25076.713136687107,10824917157.316206,387.24208958191133,5.016986953863633e-05,2.5905512909627832,0.23609233915189584,6.004962264126225e+16,0.3832514429266728,0.3832514429266728,252341426996.664,0.12770575398806247,2645430.2922788216,2645280.713117103,2631556.867107062,149.5791617186004,13723.846010040943,1.0037035495535838,5.654246953895362e-05,5.6542469538953605e-05,5.6542469538953605e-05,0.005188049019519467,13723.846010040943,-17876481.36882914,-0.0016514196930132634,-0.3379952470946416,0.6876242328912917,0.0,0.0,720455023676075.0,-5.520856340354765,0.012772828671527292,0.01909793270828708,148559496138457.75,1619182034064.6528,2.176096779339822e+16,-3658770549.3661165,0.005498626138955309,-0.074648704556458,0.07621139615846009,0.005188049019519467,6725417287802299.0,2.8634944577338976e+16,2.863656375937304e+16,2.848638508120052e+16,2010266.450740521,-3658770549.3661165,1.0,389.5393102832803,4.1074630196265373e-10,4.1074630196265373e-10,0.043063475835610765,621290.4163665411,389.5393102832803
2362.0,25275.824366559187,10824919712.53141,386.8086212291691,5.0122627687850195e-05,2.589971646135541,0.2361455002654569,6.077007766493832e+16,0.38319575457137,0.38319575457137,248682656447.29788,0.12655595198097186,2675992.310659482,2675843.715776983,2662023.597605649,148.59488249872402,13820.118171334381,1.0035688856992648,5.552888993993548e-05,5.5528889939935466e-05,5.552888993993548e-05,0.005164770307716361,13820.118171334381,-17773828.59533075,-0.0016419362976664825,-0.32847241935834454,0.6861920299561156,0.0,0.0,727806242249501.0,-5.525313596936564,0.012715739566542594,0.019012846470353617,149601669622391.1,1608527672741.7263,2.201137770820184e+16,-3555687567.3350277,0.005346344381237829,-0.07330335932605042,0.0756177888783313,0.005164770307716361,6804814008743333.0,2.896579338656756e+16,2.8967401914240304e+16,2.8816191716945172e+16,2033398.7034306116,-3555687567.3350277,1.0,389.0197461607982,4.0374168308855983e-10,4.0374168308855983e-10,0.04303855403051493,628624.8941750373,389.0197461607982
2363.0,25476.214554569902,10824922188.933363,386.3756380892119,5.0075813893211416e-05,2.5893948505142377,0.23619677120882432,6.149788390718782e+16,0.38314065229305216,0.38314065229305216,245126968879.96286,0.12544257885867904,2706858.2549314685,2706710.579141234,2692793.5111357314,147.67579023438594,13917.06800550258,1.0034383543393135,5.455615932801208e-05,5.4556159328012065e-05,5.455615932801208e-05,0.005141690475794457,13917.06800550258,-17671913.302210763,-0.001632521046689581,-0.3191436301620008,0.6847628100531676,0.0,0.0,735177482410732.0,-5.529752952495416,0.012659136180286468,0.018928481724264423,150651178257659.47,1598578938476.4731,2.226431435577944e+16,-3454704963.5973854,0.005197176019396859,-0.07197472028470753,0.07502491930247944,0.005141690475794457,6884965873129515.0,2.9299931407166616e+16,2.9301529986105096e+16,2.9149280228908956e+16,2056764.3782733984,-3454704963.5973854,1.0,388.50342381194537,3.968661651366056e-10,3.968661651366056e-10,0.04301361930346226,636029.1328623331,388.50342381194537
2364.0,25677.88952698282,10824924588.95297,385.9431396189059,5.002942392222933e-05,2.588820812100173,0.2362460395640889,6.223306138959856e+16,0.38308612992371105,0.38308612992371105,241672263916.36548,0.12436470504740445,2738030.060252903,2737883.239873537,2723868.547541265,146.82037936610413,14014.69233227198,1.003311821030594,5.362263237991726e-05,5.3622632379917246e-05,5.362263237991726e-05,0.005118805699296117,14014.69233227198,-17570729.563786395,-0.0016231733920546328,-0.31000381214401435,0.683336566969305,0.0,0.0,742567004527539.0,-5.53417481200018,0.012603009191112902,0.018844824638265867,151707987634221.6,1589319534759.544,2.251979847386766e+16,-3355767888.746898,0.005051052902723684,-0.07066274650323506,0.07443288926950148,0.005118805699296117,6965873143487395.0,2.963737960498927e+16,2.963896892452403e+16,2.9485671617355052e+16,2080365.390891454,-3355767888.746898,1.0,387.9902499740197,3.9011722151605437e-10,3.9011722151605437e-10,0.042988670108540905,643503.1566498111,387.9902499740197
2365.0,25880.85512048486,10824926914.946157,385.51112527572474,4.9983453590020286e-05,2.5882494388946453,0.23629319291334136,6.29756283941261e+16,0.3830321813602519,0.3830321813602519,238316496027.6186,0.12332142919140537,2769509.6496262187,2769363.6224044296,2755250.634627743,146.0272217890372,14112.987776686248,1.003189151445845,5.272674237071008e-05,5.272674237071008e-05,5.2726742370710095e-05,0.005096112212390876,14112.987776686248,-17470271.515850767,-0.0016138927914357806,-0.3010476149600709,0.6819132945043257,0.0,0.0,749973026141026.0,-5.538579579849472,0.012547349419154252,0.018761861589829953,152772061234157.1,1580734003458.961,2.2777850886650704e+16,-3258818429.8616185,0.004907902791080296,-0.06936738706288187,0.07384179671240249,0.005096112212390876,7047535865553636.0,2.9978158813438496e+16,2.9979739547441956e+16,2.982538675220434e+16,2104203.6648950437,-3258818429.8616185,1.0,387.48013189466093,3.834923781981021e-10,3.834923781981021e-10,0.04296370500664359,651046.9697326996,387.48013189466093
2366.0,26085.117182108846,10824929169.196188,385.0795945177498,4.993789875868116e-05,2.5876806388989544,0.23633811883867248,6.372560142026712e+16,0.38297880056381056,0.38297880056381056,235057677597.75696,0.12231187973856046,2801298.9333992987,2801153.638429558,2786941.6876633298,145.29496974095468,14211.950766227932,1.003070211368449,5.1866999272599326e-05,5.1866999272599326e-05,5.1866999272599326e-05,0.005073606306791418,14211.950766227932,-17370533.35431821,-0.0016046787080832296,-0.29226939844679,0.6804929864709423,0.0,0.0,757393720785674.0,-5.542967659877989,0.012492147823724209,0.018679579161845483,153843360400520.84,1572807756086.338,2.3038492504823244e+16,-3163795536.5100803,0.0047676492527714675,-0.06808858071287435,0.07325173553917573,0.005073606306791418,7129953862812387.0,3.032228972803615e+16,3.0323862535792236e+16,3.016844636763563e+16,2128281.1318879034,-3163795536.5100803,1.0,386.9729773249231,3.769892125113843e-10,3.769892125113843e-10,0.04293872265447796,658660.5557754264,386.9729773249231
2367.0,26290.68156915539,10824931353.9159,384.64854680366864,4.989275533667253e-05,2.5871143201143987,0.23638070492217303,6.448299514105279e+16,0.382925981559077,0.382925981559077,231893882061.2469,0.1213352165631762,2833399.8087484944,2833255.1863895226,2818943.608861647,144.62235897168387,14311.577527875714,1.0029548666873762,5.1041987976826755e-05,5.1041987976826755e-05,5.1041987976826755e-05,0.005051284330697109,14311.577527875714,-17271509.333961017,-0.0015955306107057281,-0.28366322572849095,0.6790756366947535,0.0,0.0,764827216836398.0,-5.547339455362697,0.012437395500783599,0.018597964138902134,154921844305500.0,1565527108109.861,2.3301744325545604e+16,-3070634946.141265,0.004630211561447166,-0.06682625552250969,0.07266279551075658,0.005051284330697109,7213126730941678.0,3.066979290079278e+16,3.067135842790089e+16,3.051487105648728e+16,2152599.7314630765,-3070634946.141265,1.0,386.4686945125635,3.70605351972938e-10,3.70605351972938e-10,0.042913721794278104,666343.8773985705,386.4686945125635
2368.0,26497.554149114138,10824933471.24988,384.21798159277506,4.984801927821124e-05,2.5865503905422775,0.23642083874593375,6.524782235788919e+16,0.38287371843362683,0.38287371843362683,228823247115.10562,0.1203906326263226,2865814.159143676,2865670.150931461,2851258.2868463583,144.0082122150154,14411.864085102321,1.0028429833923143,5.025036663858412e-05,5.025036663858412e-05,5.025036663858412e-05,0.00502914268776463,14411.864085102321,-17173193.76723103,-0.0015864479733609079,-0.27522285627141874,0.6776612390142189,0.0,0.0,772271596381031.0,-5.551695369028858,0.012383083680474694,0.018517003503673357,156007469917928.16,1558879316541.1758,2.3567627432291784e+16,-2979269108.9054756,0.004495504592080434,-0.06558032852783484,0.072075062116345,0.00502914268776463,7297053832169951.0,3.1020688734379664e+16,3.102224761369621e+16,3.0864681264461736e+16,2177161.411188848,-2979269108.9054756,1.0,385.9671921955548,3.6433847315296906e-10,3.6433847315296906e-10,0.04288870124416477,674096.8756575102,385.9671921955548
2369.0,26705.740799584735,10824935523.276567,383.78789834496797,4.980368658267233e-05,2.5859887581838894,0.2364584078920454,6.602009395427022e+16,0.38282200533725946,0.38282200533725946,225843978006.20013,0.11947735567398661,2898543.853795449,2898400.4023524644,2883887.5960976477,143.45144298461585,14512.806254816676,1.0027344275689734,4.949086514484706e-05,4.949086514484706e-05,4.949086514484706e-05,0.005007177836104863,14512.806254816676,-17075581.0231593,-0.0015774302753528773,-0.2669417388877077,0.6762497872806313,0.0,0.0,779724894116733.0,-5.556035803055841,0.012329203724718463,0.018436684433392414,157100191970195.4,1552852621029.4512,2.3836162994590336e+16,-2889627111.930765,0.004363438716075314,-0.06435070537294726,0.07148861644609426,0.005007177836104863,7381734289543755.0,3.137499747610429e+16,3.1376550328725316e+16,3.1217897284134092e+16,2201968.12658478,-2889627111.930765,1.0,385.4683795958078,3.581863005718771e-10,3.581863005718771e-10,0.042863659889085914,681919.4695128679,385.4683795958078
2370.0,26915.247408197356,10824937512.010298,383.35829652075086,4.975975329400009e-05,2.585429331040534,0.2364932999425987,6.679981884838696e+16,0.38277083648134297,0.38277083648134297,222954350894.26938,0.11859464997330789,2931590.7470846167,2931447.7960249004,2916833.3963806457,142.95105971612983,14614.399644254809,1.0026290653945764,4.8762283704944355e-05,4.876228370494435e-05,4.876228370494435e-05,0.004985386287305616,14614.399644254809,-16978665.526328426,-0.001568477001136547,-0.25881300469350926,0.6748412753580904,0.0,0.0,787185096268901.0,-5.560361159082774,0.012275747124867897,0.018356994296409468,158199962924603.84,1547436288702.758,2.4107372267657656e+16,-2801634603.1028657,0.004233919695550576,-0.0631372799459574,0.07090353506116451,0.004985386287305616,7467166981107596.0,3.1732739211689856e+16,3.173428664797856e+16,3.1574539248765252e+16,2227021.841087809,-2801634603.1028657,1.0,384.97216641311456,3.521466056281155e-10,3.521466056281155e-10,0.0428385966722884,689811.555292837,384.97216641311456
2371.0,27126.079872532504,10824939439.403275,382.92917558123116,4.971621550012801e-05,2.584872017113509,0.23652540247968448,6.7587003944655864e+16,0.3827202061381664,0.3827202061381664,220152716291.1665,0.11774181808714256,2964956.677973895,2964814.1718036165,2950097.532155794,142.5061702784063,14716.639647822145,1.0025267631335195,4.8063491563656815e-05,4.806349156365682e-05,4.8063491563656835e-05,0.004963764605479276,14716.639647822145,-16882441.755912043,-0.0015595876402281924,-0.2508294600231287,0.6734356971234753,0.0,0.0,794650139531178.0,-5.56467183821404,0.012222705499429054,0.0182779206488477,159306732939195.84,1542620663005.039,2.438127659192276e+16,-2715213714.368593,0.004106848576854722,-0.061939934009661204,0.07031988986114232,0.004963764605479276,7553350533996765.0,3.2093933858858724e+16,3.209547647952173e+16,3.1934627125919524e+16,2252324.526008321,-2715213714.368593,1.0,384.47846281929714,3.4621720555555836e-10,3.4621720555555836e-10,0.04281351058729865,697773.0061474731,384.47846281929714
2372.0,27338.24410004041,10824941307.34749,382.5005349881195,4.9673069332407745e-05,2.5843167244041148,0.23655460308539344,6.838165408418704e+16,0.3826701086402986,0.3826701086402986,217437502576.7979,0.11691820268717729,2998643.469401943,2998501.353415065,2983681.8319711727,142.11598687766406,14819.521443892138,1.0024273871332239,4.739342583665276e-05,4.739342583665275e-05,4.739342583665274e-05,0.004942309406335212,14819.521443892138,-16786904.244776558,-0.0015507616871217908,-0.24298357930475614,0.6720330464664193,0.0,0.0,802117910025476.0,-5.568968241024594,0.012170070591831283,0.018199451231332042,160420449833109.94,1538397216786.4795,2.46578973924428e+16,-2630282984.6231995,0.003982121583355565,-0.06075853682697422,0.06973774794882884,0.004942309406335212,7640283318444180.0,3.2458601160720092e+16,3.2460139557936884e+16,3.229818071088698e+16,2277878.1604761323,-2630282984.6231995,1.0,383.987179452573,3.403959624091254e-10,3.403959624091254e-10,0.04278840067037981,705803.6714950403,383.987179452573
2373.0,27551.74600796015,10824943117.676579,382.07237420372917,4.9630310965046455e-05,2.5837633609136494,0.23658078934181637,6.918377199421251e+16,0.38262053837995363,0.38262053837995363,214807219592.1747,0.11612318840579752,3032652.927659728,3032511.1478283484,3017588.1078367853,141.77983137944955,14923.039991563339,1.002330803820153,4.675109046812679e-05,4.6751090468126785e-05,4.67510904681268e-05,0.004921017356275862,14923.039991563339,-16692047.578640522,-0.001541998641210711,-0.23526749789870394,0.6706333172892821,0.0,0.0,809586242280960.0,-5.573250767565077,0.01211783426826507,0.018121573965815596,161541059051485.9,1534758609916.318,2.4937256178208284e+16,-2546757282.191564,0.003859630007566394,-0.059592944781189115,0.0691571714924015,0.004921017356275862,7727963441702212.0,3.282676067896198e+16,3.28282954375719e+16,3.2665219619910496e+16,2303684.7313762805,-2546757282.191564,1.0,383.4982274121228,3.346807820775017e-10,3.346807820775017e-10,0.04276326599338187,713903.3764605047,383.4982274121228
2374.0,27766.59152323804,10824944872.16762,381.64469269097515,4.9587936614552997e-05,2.583211834643412,0.236603848831044,6.999335823649347e+16,0.38257148980836325,0.38257148980836325,212260462309.98315,0.1153562037268887,3066986.8417491396,3066845.344608065,3051818.1545806862,141.49714107444547,15027.190027379054,1.0022368796960186,4.6135555310614865e-05,4.613555531061486e-05,4.613555531061487e-05,0.004899885171516365,15027.190027379054,-16597866.395287601,-0.0015332980067143745,-0.2276730049040163,0.6692365035071238,0.0,0.0,817052918230903.0,-5.577519817366791,0.012065988515563508,0.01804427695247124,162668503629965.28,1531698751700.1968,2.5219374541335996e+16,-2464547726.9667244,0.0037392601026492727,-0.058443000991119064,0.06857821758495555,0.004899885171516365,7816388741880251.0,3.3198431786846212e+16,3.319996348559791e+16,3.303576328321625e+16,2329746.2332744417,-2464547726.9667244,1.0,383.0115182528687,3.2906961332187426e-10,3.2906961332187426e-10,0.04273810565701086,722071.9213062443,383.0115182528687
2375.0,27982.78658244563,10824946572.542885,381.21748991337364,4.954594253919218e-05,2.582662053594703,0.23662366913516708,7.0810411154724376e+16,0.3825229574351558,0.3825229574351558,209795914583.01642,0.11461672291573183,3101646.9827238466,3101505.7152489307,3086373.7491869186,141.2674749156421,15131.966062012332,1.0021454813341608,4.554595532712169e-05,4.554595532712169e-05,4.5545955327121696e-05,0.004878909617226941,15131.966062012332,-16504355.383829191,-0.00152465929260953,-0.22019153593576585,0.6678425990476784,0.0,0.0,824515666226603.0,-5.581775789446525,0.012014525439150603,0.01796754846667936,163802724158815.66,1529212868399.868,2.5504274156148228e+16,-2383561612.230822,0.0036208929733578966,-0.05730853492120047,0.06800093810143425,0.004878909617226941,7905556781699041.0,3.357363366200608e+16,3.3575162874874484e+16,3.3409830937847268e+16,2356064.668331848,-2383561612.230822,1.0,382.5269639804559,3.23560446839664e-10,3.23560446839664e-10,0.04271291878444794,730309.0808550706,382.5269639804559
2376.0,28200.337131697306,10824948220.471516,380.7907653350415,4.9504325038447484e-05,2.5821139257688186,0.2366401378362764,7.163492682095098e+16,0.3824749358277414,0.3824749358277414,207412352970.78558,0.11390426798812955,3136635.103012324,3136494.0124920676,3121256.6501151486,141.09052025605584,15237.362376919165,1.0020564753761008,4.498148991591564e-05,4.498148991591564e-05,4.498148991591564e-05,0.0048580875066974805,15237.362376919165,-16411509.284013098,-0.0015160820125658062,-0.21281416587636948,0.6664515978513273,0.0,0.0,831972160067567.0,-5.586019082311151,0.01196343726103255,0.017891376956080007,164943658746710.75,1527297576171.192,2.57919767781362e+16,-2303702326.1945357,0.0035044044664703177,-0.05618936198663157,0.06742537955295819,0.0048580875066974805,7995464842162666.0,3.3952385279045572e+16,3.3953912576621744e+16,3.3787441620298864e+16,2382642.0462095058,-2303702326.1945357,1.0,382.0444770464334,3.1815131435229514e-10,3.1815131435229514e-10,0.04268770451529624,738614.6039056431,382.0444770464334
2377.0,28419.24912656727,10824949817.57118,380.3645184206953,4.9463080452491664e-05,2.5815673591670594,0.23665314251646272,7.246689898101854e+16,0.38242741961070403,0.38242741961070403,205108650644.59103,0.1132184107188783,3171952.935722924,3171811.9696228057,3156468.596601842,140.96610011816443,15343.373020963585,1.0019697285282865,4.4441422358631756e-05,4.444142235863177e-05,4.444142235863177e-05,0.004837415700524086,15343.373020963585,-16319322.885575144,-0.0015075656848852485,-0.2055316016070466,0.6650634938710734,0.0,0.0,839420018047175.0,-5.590250093962101,0.011912716317846073,0.017815751037707828,166091242984206.34,1525950959757.8447,2.6082504242805236e+16,-2224869273.3213115,0.0033896650607621124,-0.055085283153628595,0.06685158293856579,0.004837415700524086,8086109916149030.0,3.4334705401938476e+16,3.4336231352898236e+16,3.4168614158954268e+16,2409480.383961487,-2224869273.3213115,1.0,381.56397034364454,3.1284028771611574e-10,3.1284028771611574e-10,0.04266246199984436,746988.2126403548,381.56397034364454
2378.0,28639.5285320061,10824951365.409647,379.9387486356508,4.942220516166547e-05,2.5810222617907246,0.23666257075781674,7.330631899906571e+16,0.38238040346519986,0.38238040346519986,202883781371.2697,0.1125587746896817,3207602.193930906,3207461.2997498773,3192011.307942861,140.89418102855163,15449.991807016379,1.0018851075589992,4.392507939268065e-05,4.392507939268065e-05,4.392507939268064e-05,0.004816891105816676,15449.991807016379,-16227791.027630523,-0.0014991098324455537,-0.1983341747198357,0.663678281072514,0.0,0.0,846856802013246.0,-5.5944692218996295,0.011862355058957719,0.017740659495200872,167245409906929.8,1525172657303.294,2.6375878464399292e+16,-2146957795.4408808,0.0032765397565896904,-0.05399608453489244,0.0662795835943804,0.004816891105816676,8177488701919818.0,3.4720612576226036e+16,3.4722137748883336e+16,3.4553367166319108e+16,2436581.7059170827,-2146957795.4408808,1.0,381.08535720180674,3.076254780556192e-10,3.076254780556192e-10,0.042637190393604696,755429.6020257786,381.08535720180674
2379.0,28861.181322257016,10824952865.506329,379.51345544582256,4.938169558596404e-05,2.5804785416411122,0.23666831014242928,7.415317580107896e+16,0.3823338821283617,0.3823338821283617,200736823575.82883,0.1119250373765715,3243584.569947292,3243443.6950658383,3227886.482757307,140.87488145393766,15557.21230853102,1.0018024792954443,4.3431850909386597e-05,4.34318509093866e-05,4.34318509093866e-05,0.0047965106754274105,15557.21230853102,-16136908.598102251,-0.0014907139826467466,-0.1912118342166592,0.6622959534338153,0.0,0.0,854280016442945.0,-5.598676863126997,0.011812346044610456,0.01766609127608043,168406089958523.2,1524963951672.6667,2.6672121434502016e+16,-2069859092.7223458,0.003164887965125177,-0.052921536980376944,0.0657094110402195,0.0047965106754274105,8269597596550841.0,3.511012512101138e+16,3.5111650084963052e+16,3.4941719031052856e+16,2463948.0435515456,-2069859092.7223458,1.0,380.608551383293,3.025050349181761e-10,3.025050349181761e-10,0.04261188885210787,763938.4392057615,380.608551383293
2380.0,29084.21348077144,10824954319.333776,379.08863831772254,4.9341548184531074e-05,2.5799361067195217,0.23667024825239108,7.50074558175219e+16,0.38228785039271,0.38228785039271,198666964483.10648,0.11131693227688656,3279901.73456936,3279760.826088482,3264095.7982323826,140.9084808779249,15665.027856099427,1.0017217106210243,4.2961189779798604e-05,4.2961189779798604e-05,4.29611897797986e-05,0.004776271407199499,15665.027856099427,-16046670.533184063,-0.0014823776673610627,-0.18415413919925142,0.6609165049456857,0.0,0.0,861687107531469.0,-5.6028734141543355,0.011762681944121,0.017592035489103153,169573210953367.4,1525327868710.254,2.6971255220511204e+16,-1993460144.54813,0.0030545633973100153,-0.05186139566346176,0.0651410888236651,0.004776271407199499,8362432689283659.0,3.5503261120748228e+16,3.550478644861694e+16,3.533368790979486e+16,2491581.435345138,-1993460144.54813,1.0,380.1334670791111,2.974771454495319e-10,2.974771454495319e-10,0.04281110040267477,772514.3628872447,380.1334670791111
2381.0,29308.631000124125,10824955728.319117,378.66429671846004,4.930175945516045e-05,2.5794195713612935,0.2365583391647796,7.586914292505338e+16,0.38224230310556995,0.38224230310556995,196673504338.55835,0.11073425107583298,3316555.3363126083,3316414.340883047,3300639.451127138,140.9954295614163,15774.889755908984,1.001678282784232,4.251261181071592e-05,4.251261181071592e-05,4.251261181071592e-05,0.0047566100415874675,15774.889755908984,-15955925.207849283,-0.0014739945001444265,-0.1809910047765995,0.6595399296113501,0.0,0.0,865143881905974.0,-5.606966413818791,0.011714433678573832,0.017520089118503446,170762483226829.5,1526269282897.668,2.7277217759183464e+16,-1959219613.9306831,0.002945413952590443,-0.05081539966263827,0.06457463436161605,0.0047566100415874675,8452058174411311.0,3.5900038416821604e+16,3.5901564686104504e+16,3.5729275933594776e+16,2519845.6643867525,-1959219613.9306831,1.0,379.6816177842944,2.9247702015681263e-10,2.9247702015681263e-10,0.04320710791631077,780793.7867403856,379.6816177842944
2382.0,29534.439881928058,10824957093.845465,378.24043011574105,4.926232593380531e-05,2.5789504194624207,0.2362243377806524,7.673428680695934e+16,0.3821972351684946,0.3821972351684946,194714284724.62766,0.11017684585262305,3353495.455345834,3353354.321156119,3337466.4612822835,141.13418971494693,15887.85987383551,1.001703160919809,4.208569583416724e-05,4.208569583416724e-05,4.208569583416724e-05,0.004737900726326448,15887.85987383551,-15863688.418184588,-0.0014654735608332246,-0.1851846429276868,0.6581662214465238,0.0,0.0,860867953164089.0,-5.6108751725648585,0.011668518823955587,0.017451620629606035,171985401447298.4,1527771548138.9463,2.759363461166895e+16,-2004615814.1313026,0.002863432901180579,-0.0497917114634931,0.0640122248880911,0.004737900726326448,8534296633860023.0,3.629991664697627e+16,3.630144441852442e+16,3.612793124552898e+16,2549075.6566007384,-2004615814.1313026,1.0,379.2716835545383,2.8745183823414905e-10,2.8745183823414905e-10,0.04355140737510199,788390.8046815449,379.2716835545383
2383.0,29761.646136748583,10824958417.253271,377.8170379778673,4.922324419409448e-05,2.5785238633651852,0.23567083291807017,7.759515476012344e+16,0.3821526415366942,0.3821526415366942,192709668910.49634,0.10963317564322633,3390622.6489927843,3390481.3570852,3374478.122340075,141.29190758455428,16003.234745124519,1.0017894477709164,4.167137491001139e-05,4.167137491001139e-05,4.167137491001139e-05,0.004720047998990478,16003.234745124519,-15770253.447134849,-0.0014568419424133361,-0.19615520408265724,0.656795374479386,0.0,0.0,849206659745450.0,-5.614617750989763,0.011624703503636868,0.017386281495027522,173234350657515.66,1529479024297.1921,2.7919863218504416e+16,-2123371927.5225937,0.0028465884119547647,-0.04880587332792978,0.06345796785309304,0.004720047998990478,8608722135757794.0,3.670181970491973e+16,3.6703349183944024e+16,3.652858535426221e+16,2579212.0525843846,-2123371927.5225937,1.0,378.89935272171806,2.824198480066122e-10,2.824198480066122e-10,0.043847707284098814,795266.069755691,378.89935272171806
2384.0,29990.2557840172,10824959699.841644,377.3941197737355,4.918451084685589e-05,2.5781351154118677,0.23490041339509377,7.84443614198689e+16,0.3821085172184717,0.3821085172184717,190586296982.97375,0.10907514945401514,3427842.0571775367,3427700.664708582,3411580.332034506,141.3924689543457,16120.332674076128,1.001930255890365,4.124824498791737e-05,4.124824498791737e-05,4.124824498791737e-05,0.0047029581200161924,16120.332674076128,-15675888.836424029,-0.0014481244522927274,-0.21329939694731342,0.6554273827505545,0.0,0.0,830487710479789.0,-5.618212220030562,0.01158275802786557,0.01732372938953164,174501951544914.56,1530567778291.903,2.825529575457922e+16,-2308957375.9551935,0.0029119580237307045,-0.04787171857528876,0.06291560141801344,0.0047029581200161924,8674923852466680.0,3.710472155859082e+16,3.710625212636911e+16,3.69302196070459e+16,2610198.701709029,-2308957375.9551935,1.0,378.56034209794745,2.77397246477639e-10,2.77397246477639e-10,0.04409935086871486,801381.6303254766,378.56034209794745
2385.0,30220.27485194507,10824960942.869621,376.971674972837,4.9146122539647225e-05,2.5777793879447493,0.23391566802978384,7.927484913034869e+16,0.3820648572746637,0.3820648572746637,188277339607.01855,0.10846740427174262,3465063.004822577,3464921.6653482313,3448683.1749865725,141.33947434582623,16238.490361659164,1.0021187036508463,4.0789871396021914e-05,4.078987139602193e-05,4.078987139602193e-05,0.004686538955283182,16238.490361659164,-15580840.64413984,-0.0014393438208571926,-0.23598840171076466,0.654062240313059,0.0,0.0,805022215216026.0,-5.621676653769702,0.01154245660980957,0.017263627770695344,175781023936125.25,1529994289479.2917,2.859935354531035e+16,-2554565231.489254,0.003064891042420843,-0.04700136787155064,0.06238848503475684,0.004686538955283182,8732507128250895.0,3.750764169749737e+16,3.750917169178685e+16,3.733186067356125e+16,2641982.1462865127,-2554565231.489254,1.0,378.25039301724655,2.723983656457871e-10,2.723983656457871e-10,0.04430933070863996,806701.02870006,378.25039301724655
2386.0,30451.70937743581,10824962147.557404,376.5497030452569,4.910807595629343e-05,2.577451893306111,0.2327191856402012,8.007987134556472e+16,0.3820216568180876,0.3820216568180876,185722774375.5293,0.10777249453603047,3502198.603025257,3502057.5733575276,3485700.513535087,141.02966772935272,16357.059822440682,1.0023479117307494,4.026889497572439e-05,4.026889497572439e-05,4.026889497572438e-05,0.004670699861384254,16357.059822440682,-15485334.609333431,-0.001430520901435911,-0.26356635616486235,0.6526999412323163,0.0,0.0,773107251437868.0,-5.6250291254386635,0.011503577087663142,0.017205645468089337,177064553423252.4,1526640814852.841,2.895148173074438e+16,-2853095828.8542676,0.0033040681988995863,-0.046205221036716364,0.06187958894490667,0.004670699861384254,8781094385994340.0,3.790964067016197e+16,3.7911167310976824e+16,3.773257611673872e+16,2674511.1286395704,-2853095828.8542676,1.0,377.9652678623384,2.6743585142326023e-10,2.6743585142326023e-10,0.04448030501051714,811189.3848955166,377.9652678623384
2387.0,30684.56540599792,10824963315.08756,376.1282034616738,4.907036781643091e-05,2.5771478438382336,0.23131355504440657,8.08529785970026e+16,0.3819789110129947,0.3819789110129947,182869678546.67502,0.10695382372284645,3539165.353468575,3539024.9921863605,3522549.5865959404,140.36128221449627,16475.405590420167,1.0026110000741337,3.965943045778705e-05,3.965943045778705e-05,3.965943045778705e-05,0.004655351580391607,16475.405590420167,-15389578.208668595,-0.0014216748602943522,-0.2953493626328064,0.6513404795861035,0.0,0.0,735028036745102.0,-5.628287705120635,0.011465900669564655,0.017149456305978972,178345661117486.8,1519405730830.5742,2.9311144154032544e+16,-3197146015.634622,0.0036242932312062675,-0.04549194575468102,0.06139148293315587,0.004655351580391607,8820325896445361.0,3.830981571159539e+16,3.831133511732622e+16,3.81314700504779e+16,2707736.1189002288,-3197146015.634622,1.0,377.7007470706605,2.625208332250388e-10,2.625208332250388e-10,0.044614615154165316,814813.4676957116,377.7007470706605
2388.0,30918.848991656956,10824964446.606186,375.7071756933584,4.9032994875058584e-05,2.5768624518833985,0.22970136506046074,8.15880066337477e+16,0.3819366150745289,0.3819366150745289,179672532531.0404,0.10597733004195853,3575882.7591713984,3575743.519477238,3559150.6172675802,139.23969416045819,16592.902209657805,1.0029010853240465,3.893855127194459e-05,3.893855127194459e-05,3.893855127194459e-05,0.004640406147497859,16592.902209657805,-15293762.59444389,-0.0014128233556682719,-0.3306249704224165,0.649983849464533,0.0,0.0,691059770737461.0,-5.631470458354601,0.011429211709621523,0.01709473877195289,179617576485558.97,1507264738843.2788,2.9677818457925788e+16,-3579003549.9828806,0.004018032019169732,-0.04486846441670293,0.060926324636401304,0.004640406147497859,8849860434112232.0,3.8707296468523576e+16,3.870880373326242e+16,3.852767889203802e+16,2741608.862025436,-3579003549.9828806,1.0,377.45262661467837,2.576630829394783e-10,2.576630829394783e-10,0.0447143039627762,817541.7552421446,377.45262661467837
2389.0,31154.566196866883,10824965543.224024,375.28661921217343,4.899595392209549e-05,2.576590929783886,0.2278852045064245,8.227906640448515e+16,0.3818947642681909,0.3818947642681909,176093528981.05753,0.104812485079614,3612272.943599253,3612135.361973796,3595426.429970704,137.58162545728922,16708.932003092083,1.003211278728912,3.8087272918032456e-05,3.8087272918032456e-05,3.8087272918032456e-05,0.004625776813070965,16708.932003092083,-15198064.408052951,-0.0014039827052905775,-0.36865209503843405,0.648630044970026,0.0,0.0,641469202406199.0,-5.634595445227604,0.011393297518859202,0.017041175737198322,180873613197544.97,1489316354955.909,3.005099137477512e+16,-3990646226.228397,0.004476261388133181,-0.044339940195623505,0.06048584768126073,0.004625776813070965,8869375842854714.0,3.910124083082738e+16,3.910273014718233e+16,3.892036721762983e+16,2776081.9426890267,-3990646226.228397,1.0,377.21671595244834,2.5287116257139715e-10,2.5287116257139715e-10,0.044781134126917976,819344.4872816777,377.21671595244834
2390.0,31391.723092421435,10824966606.017557,374.8665334905729,4.89592417819447e-05,2.576328489881978,0.22586766220035853,8.292053560689134e+16,0.3818533539093084,0.3818533539093084,172102882754.82913,0.1034329134126093,3648260.279283163,3648124.9607841405,3631302.077672818,135.3184990224638,16822.883111322495,1.0035346845221869,3.7091240389529484e-05,3.709124038952949e-05,3.709124038952949e-05,0.004611377979691389,16822.883111322495,-15102647.467336882,-0.001395168042268267,-0.4086613415177839,0.6472790602172878,0.0,0.0,586515971646615.0,-5.637680719748783,0.011357948212512348,0.016988454230569605,182107147897002.75,1464818233094.59,3.043015419483468e+16,-4423745375.100347,0.0049889386015423195,-0.043909763332117845,0.06007134989810102,0.004611377979691389,8878569532335750.0,3.949083087506743e+16,3.949229569330053e+16,3.930872372717043e+16,2811108.3666455536,-4423745375.100347,1.0,376.9888364450933,2.481525603307888e-10,2.481525603307888e-10,0.04481660626799133,820193.7110272642,376.9888364450933
2391.0,31630.32575736451,10824967636.030067,374.4469180016011,4.892285531306381e-05,2.576070344519955,0.2236513269603237,8.350705157853795e+16,0.3818123793625117,0.3818123793625117,167679137379.7288,0.10181680245865989,3683771.0263874372,3683638.627182446,3666704.479390307,132.39920499110647,16934.147792139433,1.0038643987757974,3.59412145984943e-05,3.59412145984943e-05,3.5941214598494296e-05,0.004597125154236989,16934.147792139433,-15007664.329985373,-0.0013863934595086938,-0.4498557049326764,0.6459308893332814,0.0,0.0,526453766480824.0,-5.640744329410427,0.011322956593843747,0.016936265266749406,183311601793659.38,1433217109064.8381,3.081479839595193e+16,-4869673446.779714,0.00554526355379578,-0.04357953851509209,0.05968368183870785,0.004597125154236989,8877158924334621.0,3.987526892208021e+16,3.987670213918927e+16,3.969195732028655e+16,2846641.1570033017,-4869673446.779714,1.0,376.7648202383951,2.4351381531760836e-10,2.4351381531760836e-10,0.04482197621056572,820063.322387005,376.7648202383951
2392.0,31870.380278900797,10824968634.272654,374.0277722188923,4.8886791407541544e-05,2.5758117060400973,0.2212387876043806,8.403350534501878e+16,0.38177183604121473,0.38177183604121473,162809463932.94907,0.09994719509378136,3718732.981094642,3718604.1887473552,3701562.0677763126,128.79234728648905,17042.120971042703,1.0041935087281888,3.46333947452656e-05,3.46333947452656e-05,3.46333947452656e-05,0.0045829349148298285,17042.120971042703,-14913257.7380851,-0.0013776721431661815,-0.4914116263413656,0.6445855264572027,0.0,0.0,461531331259766.0,-5.643804314899107,0.011288118074045173,0.016884303727862204,184480424973017.47,1394173119710.5947,3.120441141573036e+16,-5319515441.662196,0.0061338287346868955,-0.043349074154436146,0.059323235807187645,0.0045829349148298285,8864881865761645.0,4.025377370646502e+16,4.0255167879584744e+16,4.006929328149201e+16,2882632.963659117,-5319515441.662196,1.0,376.5405096061631,2.3896063123353984e-10,2.3896063123353984e-10,0.04479827111886836,818929.1041171955,376.5405096061631
2393.0,32111.89275230517,10824969601.725233,373.60909561667006,4.885104699068053e-05,2.5755477867846874,0.21863263295059016,8.449503667627854e+16,0.38173171940710177,0.38173171940710177,157489948491.28687,0.09781221516394464,3753075.133208564,3752950.645265978,3735804.4462332283,124.48794258606846,17146.19903274937,1.0045150925879527,3.316958445210814e-05,3.3169584452108136e-05,3.3169584452108136e-05,0.0045687248923397955,17146.19903274937,-14819561.951148342,-0.001369016495786415,-0.5324803872436827,0.6432429657404545,0.0,0.0,391993355567316.0,-5.6468787099494016,0.011253230627522703,0.016832268297522712,185607083314642.53,1347578194275.507,3.1598472545269496e+16,-5764084005.427746,0.0067427094652581935,-0.04321637427428417,0.05898993559928636,0.0045687248923397955,8841497023195171.0,4.062557665177931e+16,4.062692422997358e+16,4.0439969568464664e+16,2919035.6839647363,-5764084005.427746,1.0,376.31175675327654,2.344979797495326e-10,2.344979797495326e-10,0.04474630422963011,816768.7622684921,376.31175675327654
2394.0,32354.869280832463,10824970539.337496,373.1908876697463,4.8815619020586166e-05,2.5752737990960055,0.21583545181701302,8.488703003184586e+16,0.38169202496961924,0.38169202496961924,151725864485.85913,0.09540525260966559,3786727.3319915645,3786607.8334933,3769362.0546496455,119.49849826468801,17245.77884365409,1.0048222198140915,3.15571964358574e-05,3.15571964358574e-05,3.1557196435857404e-05,0.004554413766092107,17245.77884365409,-14726703.976584956,-0.001360438249976637,-0.5721898299596853,0.6419032013466208,0.0,0.0,318081268768078.0,-5.649985541345868,0.01121809478168434,0.016779861446021838,186685047910485.4,1293567723210.3206,3.19964489217264e+16,-6193938052.222124,0.00735952336256685,-0.04317763369733609,0.058683227133745575,0.004554413766092107,8806784271952664.0,4.098991824158955e+16,4.099121180931276e+16,4.0803233193679064e+16,2955800.092522435,-6193938052.222124,1.0,376.0744240764472,2.3013019428881586e-10,2.3013019428881586e-10,0.04466668797566742,813561.9621272108,376.0744240764472
2395.0,32599.315975626076,10824971448.029842,372.77314785352104,4.8780504487761384e-05,2.5749849553163333,0.21284983302171,8.520511130061394e+16,0.38165274828547335,0.38165274828547335,145531926433.637,0.09272512201737107,3819619.9589297334,3819506.0995476227,3802165.8425523518,113.85938211046997,17340.256995271222,1.0051079518739956,2.9809086593623736e-05,2.9809086593623736e-05,2.9809086593623736e-05,0.004539921273414115,17340.256995271222,-14634804.707731621,-0.0013519485735359767,-0.609646395327944,0.6405662274514426,0.0,0.0,240033961069635.0,-5.65314282908244,0.011182513640384584,0.01672678946541173,187707786875310.72,1232524560436.1572,3.2397791595172508e+16,-6599404822.819307,0.007971474983507002,-0.04322723714438932,0.05840207015033153,0.004539921273414115,8760545091131029.0,4.134604447317885e+16,4.134727699773928e+16,4.115833668630354e+16,2992875.4778442346,-6599404822.819307,1.0,375.8243848807468,2.2586105506418263e-10,2.2586105506418263e-10,0.04455984534206703,809290.3647081174,375.8243848807468
2396.0,32845.23895562679,10824972328.69428,372.3558756439813,4.874570041470728e-05,2.57467646778795,0.20967836538274184,8.544514526168357e+16,0.3816138849581324,0.3816138849581324,138932521610.8177,0.08977620130962166,3851683.605841566,3851575.9774383423,3834146.9481795486,107.6284032235236,17429.029258793595,1.0053653434800622,2.794320983693767e-05,2.794320983693767e-05,2.794320983693767e-05,0.004525168232663432,17429.029258793595,-14543979.980338259,-0.0013435581670528454,-0.6439374727505364,0.6392320382427915,0.0,0.0,158088448545403.0,-5.656368586687646,0.011146292940147129,0.01667276255319783,188668759442443.66,1165074486676.1934,3.280193164347748e+16,-6970605323.933884,0.008565394421831875,-0.04335776283686529,0.05814493114252312,0.004525168232663432,8702602974713761.0,4.169320337763368e+16,4.169436845212036e+16,4.150453461819124e+16,3030209.2834480326,-6970605323.933884,1.0,375.55752454976755,2.2169386624866562e-10,2.2169386624866562e-10,0.04442601932906198,803937.6647315159,375.55752454976755
2397.0,33092.644347480695,10824973182.195307,371.9390705177008,4.87112038555295e-05,2.574343548853138,0.20632363771816928,8.560323371022898e+16,0.3815754306373349,0.3815754306373349,131961916286.8838,0.08656855338570353,3882848.7564965202,3882747.8719522404,3865236.381711251,100.88454428019362,17511.49024098917,1.0055874443057515,2.598209474716223e-05,2.5982094747162227e-05,2.5982094747162227e-05,0.00451007657939541,17511.49024098917,-14454341.558943303,-0.0013352773550254617,-0.6741340609655075,0.6379006279206444,0.0,0.0,72480496713837.0,-5.659680821718422,0.011109241138361647,0.016617494943458322,189561412238982.6,1092072486331.091,3.3208276307133176e+16,-7297483131.156035,0.009127774683378848,-0.043559991162746524,0.05790977768831206,0.00451007657939541,8632803867736735.0,4.20306415871089e+16,4.2031733659595224e+16,4.184108017486991e+16,3067746.750795971,-7297483131.156035,1.0,375.2697421670315,2.1763152617165636e-10,2.1763152617165636e-10,0.044265280414803154,797489.6309152796,375.2697421670315
2398.0,33341.538285446935,10824974009.370758,371.5227319518391,4.867701189555027e-05,2.573981410854178,0.20278823884605313,8.567571420694282e+16,0.38153738101860246,0.38153738101860246,124664433155.72777,0.08311803138503873,3913045.4696757854,3912951.743859117,3895364.710627444,93.72581666853846,17587.033231673056,1.0057673011815216,2.3952140958971296e-05,2.3952140958971292e-05,2.39521409589713e-05,0.004494569415345763,17587.033231673056,-14365998.064938687,-0.001327116171595664,-0.6992937410318736,0.6365719906970592,0.0,0.0,-16554785069592.0,-5.66309753641937,0.011071169532662739,0.016560705084230687,190379177634800.66,1014579529443.9774,3.3616205113937436e+16,-7569836571.585677,0.009644810500417786,-0.04382291894710556,0.057694074339973055,0.004494569415345763,8551016635624691.0,4.235760092719693e+16,4.235861550672637e+16,4.216722174956213e+16,3105430.5612962395,-7569836571.585677,1.0,374.956952585788,2.136765914271768e-10,2.136765914271768e-10,0.04407753191788677,789934.1493312047,374.956952585788
2399.0,33591.92691130491,10824974811.032618,371.1068594241411,4.8643121650925974e-05,2.5735852661333514,0.19907475758445406,8.565915942187322e+16,0.381499731842758,0.381499731842758,117094596584.14209,0.0794463670719638,3942203.0613750806,3942116.7951254793,3924461.744892572,86.26624960105546,17655.05023290731,1.0058979607707699,2.1882751410315454e-05,2.1882751410315454e-05,2.1882751410315458e-05,0.004478571069923194,17655.05023290731,-14279055.858415753,-0.0013190844420130012,-0.7184639659562766,0.6352461207961487,0.0,0.0,-108782368038448.0,-5.666636728535191,0.011031892410781508,0.016502115860129618,191115474058737.2,933829978973.678,3.4025065961174336e+16,-7777354334.11129,0.010102440068774367,-0.044133779856533106,0.0574947802328442,0.004478571069923194,8457133574148875.0,4.2673315009381944e+16,4.267424883936092e+16,4.248219953532321e+16,3143200.47437862,-7777354334.11129,1.0,374.61508894381694,2.0983133576501901e-10,2.0983133576501901e-10,0.043862513155161986,781261.2705139524,374.61508894381694
2400.0,33843.8163742613,10824975587.967836,370.6914524129362,4.8609530268270233e-05,2.5731503270329386,0.1951857827514329,8.555037705383477e+16,0.38146247889544893,0.38146247889544893,109317242250.03079,0.07558124119153822,3970249.7836064068,3970171.1515358756,3952456.219376023,78.63207053122568,17714.932159852386,1.0059724727253996,1.9805320777525393e-05,1.9805320777525396e-05,1.9805320777525396e-05,0.004462007173922288,17714.932159852386,-14193619.88616475,-0.0013111918609720677,-0.730685674208088,0.6339230124540561,0.0,0.0,-203966738372651.0,-5.6703163922556,0.01099122723016499,0.016441454859164595,191763708172908.4,851190243931.883,3.4434171120246268e+16,-7909654585.780373,0.010486390559488884,-0.04447807146169943,0.05730834857400904,0.004462007173922288,8351070967010827.0,4.297700579543001e+16,4.297785698567394e+16,4.2785242087257096e+16,3180992.9584063445,-7909654585.780373,1.0,374.2401056191238,2.0609780461485634e-10,2.0609780461485634e-10,0.04361980027555523,771463.2609696782,374.2401056191238
2401.0,34097.212830856224,10824976340.939083,370.2765103971378,4.857623492428235e-05,2.5726718058952214,0.1911239031650504,8.534641031546211e+16,0.3814256180066756,0.3814256180066756,101407587664.25043,0.07155633427897046,3997112.4969897526,3997041.5398041555,3979275.470601356,70.95718559687425,17766.06920279949,1.0059838933200795,1.7752111217863524e-05,1.7752111217863524e-05,1.775211121786352e-05,0.0044448047451791,17766.06920279949,-14109794.508537587,-0.001303448068997215,-0.7349972371457887,0.6326026599189297,0.0,0.0,-301871333718340.0,-5.674154519261501,0.010948994826717406,0.016378454682821397,192317278791790.94,768109855305.7872,3.484279312551104e+16,-7956327702.758755,0.01078222792603359,-0.04483958948354433,0.05713072817420305,0.0044448047451791,8232769697827871.0,4.32678801021307e+16,4.326864821198602e+16,4.307556282333891e+16,3218740.810891082,-7956327702.758755,1.0,373.8279816215864,2.0247786607324638e-10,2.0247786607324638e-10,0.0433488046259749,760534.659710274,373.8279816215864
2402.0,34352.12244486953,10824977070.685509,369.86203285624265,4.8543232825381024e-05,2.5721449150624793,0.1868917076433673,8.504453898174378e+16,0.38138914505032445,0.38138914505032445,93451259961.49167,0.06741135618577293,4022716.334024686,4022652.9559007604,4004845.1045614383,63.37812392536743,17807.851339322166,1.0059252895636002,1.5755056698705448e-05,1.5755056698705444e-05,1.5755056698705444e-05,0.004426892285898075,17807.851339322166,-14027684.31833526,-0.0012958627280904656,-0.7304387531746562,0.6312850574508978,0.0,0.0,-402257974883489.0,-5.678169099831708,0.01090501965201518,0.016312853298464436,192769582426338.66,686066738275.1671,3.525016050523379e+16,-7906982754.655766,0.01097541136386064,-0.045200469755916406,0.056957367190239534,0.004426892285898075,8102195923290889.0,4.3545126010951016e+16,4.35458120776893e+16,4.335235642852468e+16,3256372.7641227716,-7906982754.655766,1.0,373.37472441463785,1.989732591678397e-10,1.989732591678397e-10,0.04304876847008887,748472.3404386671,373.37472441463785
2403.0,34608.55138722625,10824977777.923464,369.44801927033,4.851052120734332e-05,2.571564866876995,0.18249178500444435,8.464228100686029e+16,0.3813530559437058,0.3813530559437058,85544277206.8359,0.0631920524397378,4046984.349581295,4046928.3209144413,4029088.651929768,56.02866685391554,17839.668984673626,1.0057897437850103,1.3844547449191965e-05,1.3844547449191965e-05,1.3844547449191968e-05,0.004408199891378997,17839.668984673626,-13947394.965506887,-0.0012884455979162658,-0.7160567043617811,0.629970199322044,0.0,0.0,-504886286191860.0,-5.682378123949468,0.010859130038464948,0.01624439443329717,193114020324602.44,606509073620.3126,3.5655453307929176e+16,-7751297912.449392,0.011051352707141242,-0.04554123845075023,0.05678321925075854,0.004408199891378997,7959341814494169.0,4.3807909142747944e+16,4.380851565182156e+16,4.361479512242334e+16,3293813.071897954,-7751297912.449392,1.0,372.87637415999023,1.9558564020585244e-10,1.9558564020585244e-10,0.042718757834756094,735275.5800318137,372.87637415999023
2404.0,34866.50583590186,10824978463.3472,369.03446912006115,4.8478097334948714e-05,2.5709268736810484,0.17792672406634236,8.413739472066843e+16,0.3813173466470973,0.3813173466470973,77792979294.38652,0.05895018544220834,4069837.154735802,4069788.1202951963,4051927.2065277044,49.03444060574631,17860.91376749185,1.005570358691332,1.2048256168846498e-05,1.2048256168846498e-05,1.2048256168846498e-05,0.004388659369863298,17860.91376749185,-13869034.002305271,-0.0012812066138759611,-0.6909089943244433,0.628658079816382,0.0,0.0,-609513098145290.0,-5.686799582402289,0.010811158491148332,0.016172828008037543,193344006868800.78,530796763519.48126,3.605779837179143e+16,-7479074983.694972,0.01099548102752071,-0.045840871131152275,0.05660275214519371,0.004388659369863298,7804226373921554.0,4.4055368752581784e+16,4.4055899549345304e+16,4.3862024745712984e+16,3330981.0725149442,-7479074983.694972,1.0,372.3290083771506,1.9231662801827134e-10,1.9231662801827134e-10,0.04235765220000154,720946.1340127602,372.3290083771506
2405.0,35125.99197582708,10824979127.629562,368.62138188667876,4.844595850162817e-05,2.5702261478169213,0.173199113647122,8.352788162252314e+16,0.3812820131632917,0.3812820131632917,70313904310.69154,0.05474348840191289,4091192.529580134,4091150.021773526,4073279.0423569926,42.50780660777795,17870.979416533308,1.0052602628927807,1.0390077294196758e-05,1.0390077294196758e-05,1.0390077294196758e-05,0.004368204373201201,17870.979416533308,-13792711.764710017,-0.0012741559685325993,-0.6540703896083412,0.6273486932298312,0.0,0.0,-715891825916329.0,-5.69145146766867,0.010760942007122631,0.01609791061148802,193452979174270.6,460146119290.5103,3.645626427818939e+16,-7080298315.510829,0.01079331270965855,-0.04607686122329963,0.05640995926461234,0.004368204373201201,7636896336335985.0,4.428661359369965e+16,4.428707373981894e+16,4.409316061452538e+16,3367790.7225833633,-7080298315.510829,1.0,371.7287470081735,1.8916784893133224e-10,1.8916784893133224e-10,0.04196413067479776,705488.3197736291,371.7287470081735
2406.0,35387.01599879236,10824979771.42264,368.20875705200615,4.8414102029118255e-05,2.5694579016268935,0.1683115425648441,8.28119897966068e+16,0.38124705153714894,0.38124705153714894,63233605995.18072,0.050635589796604666,4110965.0100364885,4110928.4666014654,4093059.203858973,36.54343502324564,17869.26274249206,1.0048526168903533,8.889259561691402e-06,8.8892595616914e-06,8.8892595616914e-06,0.004346770538010532,17869.26274249206,-13718542.307466943,-0.0012673041979887252,-0.604638390578931,0.6260420338701913,0.0,0.0,-823771816765652.0,-5.696351774690406,0.010708322419463179,0.016019406011987147,193434407717712.8,395581944904.9317,3.684985592211362e+16,-6545198347.042469,0.01043052730698298,-0.046225298530346945,0.05619837399367272,0.004346770538010532,7457427162895029.0,4.450071749272635e+16,4.4501113074671256e+16,4.430728308500864e+16,3404150.095448237,-6545198347.042469,1.0,371.07175787660475,1.861409823355645e-10,1.861409823355645e-10,0.0415366542089739,688909.1084107364,371.07175787660475
2407.0,35649.58410335169,10824980395.358406,367.7965940984467,4.8382525267119966e-05,2.5686173474532477,0.1632665996375694,8.198821797984115e+16,0.38121245785515406,0.38121245785515406,56688407648.138245,0.04669590603373395,4129065.4429818327,4129034.227990361,4111179.063293423,31.214991471575207,17855.164696937856,1.0043406195195852,7.559819988959313e-06,7.559819988959313e-06,7.559819988959315e-06,0.00432429563695531,17855.164696937856,-13646644.412122447,-0.001260662275007346,-0.5417395622309866,0.6247380960571179,0.0,0.0,-932897658739828.0,-5.701518501310013,0.01065314676662521,0.015937085706643317,193281807800247.8,337901670721.0815,3.723750862271495e+16,-5864320140.540476,0.009893049522880466,-0.04626095845129036,0.05596108726556894,0.00432429563695531,7265924139244289.0,4.469671456975949e+16,4.469705247143021e+16,4.450343276195924e+16,3439960.837128338,-5864320140.540476,1.0,370.3542625280259,1.832378077860965e-10,1.832378077860965e-10,0.04107344327689755,671218.2261650849,370.3542625280259
2408.0,35913.702494726516,10824981000.049341,367.38489250898306,4.835122559296256e-05,2.5676996976382624,0.15806687368335867,8.105532032110133e+16,0.3811782282449787,0.3811782282449787,50824087507.59777,0.04299949984369541,4145400.5031020804,4145373.929700817,4127545.8382128575,26.57340126327759,17828.09148795961,1.0037175148430484,6.410333873263203e-06,6.410333873263203e-06,6.410333873263203e-06,0.004300719739713882,17828.09148795961,-13577142.690052088,-0.0012542417109083334,-0.46453636043562574,0.623436874122098,0.0,0.0,-1043008441933733.0,-5.706969648331864,0.010595267685521659,0.01585072950599864,192988751624304.16,287656563781.66705,3.761808168531051e+16,-5028597275.547721,0.009167137715519396,-0.04615740261600776,0.055690768506801276,0.004300719739713882,7062523590176399.0,4.487359402711122e+16,4.4873881683675e+16,4.468060527548691e+16,3475117.571581793,-5028597275.547721,1.0,369.57254243791243,1.804602546604278e-10,1.804602546604278e-10,0.04057245032454482,652428.2666310646,369.57254243791243
2409.0,36179.37738470879,10824981586.089043,366.9736517671768,4.832020041127191e-05,2.5667001645242213,0.1527149535202726,8.00123118791676e+16,0.38114435887504783,0.38114435887504783,45795490232.05005,0.03962690177906502,4159872.163811303,4159849.5166348876,4142062.0609057257,22.64717641590965,17787.455729161902,1.002976599482957,5.444200091754781e-06,5.44420009175478e-06,5.44420009175478e-06,0.004275985383132579,17787.455729161902,-13510168.805866145,-0.0012480546685850976,-0.3722344952297064,0.6221383624084251,0.0,0.0,-1153836962166603.0,-5.712723219099173,0.010534543827231624,0.01576012615254785,192548880731551.62,245155267679.13202,3.799035131199236e+16,-4029431556.568722,0.008239479388666492,-0.04588709170585282,0.05537969021630822,0.004275985383132579,6847394225750157.0,4.503029441847406e+16,4.5030539573741736e+16,4.483774553774251e+16,3509507.2457964234,-4029431556.568722,1.0,368.72294557078504,1.778104555297972e-10,1.778104555297972e-10,0.04003132609019988,632554.8151093024,368.72294557078504
2410.0,36446.61499156369,10824982154.052788,366.56287135716735,4.828944715364363e-05,2.5656139604534043,0.14721342796637205,7.8858474917001e+16,0.3811108459541106,0.3811108459541106,41766058675.48132,0.03666389200592792,4172377.1132377386,4172357.667943183,4154624.9903480564,19.445294555737558,17732.67759512679,1.002111230383822,4.660483467336472e-06,4.660483467336472e-06,4.660483467336473e-06,0.004250037749967955,17732.67759512679,-13445862.850916985,-0.0012421140893874786,-0.26409088005339854,0.6208425552711746,0.0,0.0,-1265108855074782.0,-5.71879721848612,0.01047084029391565,0.01566507397103467,191955918510819.2,210494966546.1589,3.835300274067413e+16,-2858779063.6261344,0.007097294207821181,-0.04542151129908514,0.05501975644444426,0.004250037749967955,6620738636625318.0,4.5165697295810264e+16,4.516590779077681e+16,4.497374137729945e+16,3543008.403604164,-2858779063.6261344,1.0,367.8018932727341,1.7529080457692585e-10,1.7529080457692585e-10,0.04219726426934889,611616.5867438928,367.8018932727341
2411.0,36715.42153993242,10824982704.498117,366.1525507636719,4.825896327832071e-05,2.556035049046503,0.1401643835342272,7.75933660619262e+16,0.38107768573081646,0.38107768573081646,38907279611.85519,0.034201239353480455,4182806.104629765,4182789.141528189,4165672.560832659,16.96310157549721,17116.580695530676,0.9890838614540445,4.055435789079846e-06,4.055435789079847e-06,4.055435789079847e-06,0.004092145244805982,17116.580695530676,-13372891.673096392,-0.0012353730290524658,1.3651841398087203,0.6195494470771791,0.0,0.0,-1438857325368133.0,-5.756767361514899,0.01008327670062037,0.015086723557061199,185286689989265.94,183625281169.40207,3.877285414279142e+16,14778094701.884537,0.005728445173326098,-0.04473131166441145,0.05460253546213784,0.004092145244805982,6320479280824487.0,4.5278620113605176e+16,4.5278803738886344e+16,4.509333342361591e+16,3581793.6343381037,14778094701.884537,1.0,359.7783693261171,1.7245166193410082e-10,1.7245166193410082e-10,0.04608427274434046,583878.9264945552,359.7783693261171
2412.0,36985.803260733934,10824983237.96537,365.7426894719841,4.822874626987563e-05,2.53106971732942,0.13041662146883737,7.615450873655808e+16,0.38104487449329466,0.38104487449329466,53685374313.73972,0.03233439432906316,4190014.941839473,4189999.7538994267,4174414.1848710473,15.187940046186842,15585.569028379372,0.9548470034258946,3.624793767327029e-06,3.624793767327029e-06,3.6247937673270284e-06,0.0037197064305014935,15585.569028379372,-13284313.299718006,-0.0012271901958358028,5.641298517174174,0.6182590322050043,0.0,0.0,-1722189332553510.0,-5.852505414111036,0.009168680642905214,0.01372144836103828,168713523486358.94,164409196419.19556,3.929470203845166e+16,61066961888.769325,-0.0061231768284859605,-0.04048013293882648,0.053270726636976636,0.0037197064305014935,5893261541102298.0,4.535667710304032e+16,4.535684151223674e+16,4.518796357955396e+16,3630001.1902685747,61066961888.769325,1.0,339.67979704004773,1.6903433854247287e-10,1.6903433854247287e-10,0.04826031811597131,544412.9946024726,339.67979704004773
2413.0,37257.76639106691,10824983754.978226,365.3332869679739,4.819879363889698e-05,2.4929816627522516,0.11834280268690658,7.443231940400458e+16,0.38101240856873914,0.38101240856873914,114752336202.50905,0.035650881494425676,4191959.7598272962,4191941.2879305696,4178446.694741819,18.471896726575082,13494.593188750789,0.9045503823179007,4.406506213059664e-06,4.406506213059665e-06,4.406506213059665e-06,0.0032191751415041043,13494.593188750789,-13187476.215269446,-0.0012182444347045556,11.898519142206364,0.6169713050449246,0.0,0.0,-2090395544545446.0,-5.99745896787239,0.007938554886534499,0.011884168222906277,146078752048267.1,199957981988.81073,3.987878119576765e+16,128801276422.68135,-0.04180195456759462,-0.026951228264530037,0.04954097238813075,0.0032191751415041043,5352836395855013.0,4.537769634367092e+16,4.5377896301652904e+16,4.523161759162266e+16,3683957.602008231,128801276422.68135,1.0,311.1584953652716,1.6534445759058307e-10,1.6534445759058307e-10,0.04879398685511549,494489.09273358807,311.1584953652716
2414.0,37531.31717411096,10824984256.044205,364.9243427380868,4.816910292168036e-05,2.444034582765094,0.10431558810513908,7.234192385945914e+16,0.38098028432299735,0.38098028432299735,243553612625.1904,0.05454823583779929,4186804.0985339787,4186760.907072334,4175560.928000741,43.19146164426555,11199.979071592825,0.8436160674184494,1.0316093284467064e-05,1.0316093284467064e-05,1.0316093284467062e-05,0.0026750940214125113,11199.979071592825,-13089224.829405747,-0.0012091680246183534,19.41794487276563,0.615686259998898,0.0,0.0,-2519088027458884.0,-6.18307460428773,0.0066001217962637915,0.009883829077381168,121239597118016.92,467546892294.71173,4.048527694727432e+16,210198947532.42224,-0.10416469792492455,-5.068863982977956e-05,0.042320640206450086,0.0026750940214125113,4715104358487030.0,4.532162090287937e+16,4.532208844977167e+16,4.520038130576135e+16,3739984.8341275034,210198947532.42224,1.0,277.99346244711205,1.6165406953425685e-10,1.6165406953425685e-10,0.04777523992755639,435576.0938732376,277.99346244711205
2415.0,37806.46185902746,10824984741.655176,364.5158562693431,4.8139671679923514e-05,2.386492174818045,0.08870763864023899,6.982283583200026e+16,0.38094849816016324,0.38094849816016324,453752560157.6127,0.10059551324916832,4172891.5005581216,4172745.0981716877,4163762.575725427,146.40238643369554,8982.522446260744,0.7771141983211352,3.50841584100891e-05,3.50841584100891e-05,3.50841584100891e-05,0.002152665028639417,8982.522446260744,-12995869.665836181,-0.0012005439246327353,27.50914194686375,0.6144038914805426,0.0,0.0,-2983993784063064.5,-6.400807351679822,0.005313696831016235,0.00795994758539631,97235668422347.69,1584803599286.659,4.107437655096564e+16,297786041830.8265,-0.18989848923610486,0.042621115573303114,0.030933787900615434,0.002152665028639417,3998289799136961.0,4.516990201852495e+16,4.517148682212424e+16,4.50726663501026e+16,3794405.029774225,297786041830.8265,1.0,243.4961926054061,1.5819916841153773e-10,1.5819916841153773e-10,0.04527722934392786,369357.54595120193,243.4961926054061
2416.0,38083.206700860304,10824985212.287836,364.10782704933735,4.8110497500425816e-05,2.3226181363612004,0.07189161520891046,6.683884204793719e+16,0.38091704652217506,0.38091704652217506,751538601988.4392,0.18382328154474453,4148718.725889678,4148232.6894144583,4141214.661073695,486.0364752199865,7018.028340763355,0.7093614381544484,0.00011715339297092447,0.00011715339297092447,0.00011715339297092447,0.0016918116379228431,7018.028340763355,-12913317.972211532,-0.001192917839513827,35.567716948663104,0.6131241939151122,0.0,0.0,-3461084644254846.0,-6.642111320710146,0.0041778724447278925,0.006260258620426673,75970053008180.25,5261337656888.857,4.160578790649346e+16,385020010004.11755,-0.29246762787161046,0.10187948302794542,0.015100820777736727,0.0016918116379228431,3222799560538874.5,4.490455752004051e+16,4.49098188576974e+16,4.482858746703233e+16,3843496.0501622865,385020010004.11755,1.0,210.19294560880147,1.5518649470448286e-10,1.5518649470448286e-10,0.04133371705048505,297718.6109114086,210.19294560880147
2417.0,38361.55796043611,10824985668.404179,363.70025456623745,4.808157799479178e-05,2.254676164844657,0.05424017872785762,6.3377757403682344e+16,0.3808859258884168,0.3808859258884168,1136558611992.5566,0.3113257585431817,4112908.974741267,4111526.8951641168,4106141.942592614,1382.0795771503758,5384.952571502959,0.6437360782439073,0.000336034564741934,0.000336034564741934,0.000336034564741934,0.001309720867407341,5384.952571502959,-12847297.600391526,-0.001186818901561232,43.10652958281653,0.6118471617394711,0.0,0.0,-3926857958689267.0,-6.898420878286787,0.0032354399471440365,0.004849232274473203,58292034411555.76,14960991615246.926,4.203800989931937e+16,466627564948.62964,-0.4041375712049811,0.17718876930974783,-0.005114111955226479,0.001309720867407341,2410917781678967.5,4.4507219715409896e+16,4.452218070702514e+16,4.444892768099834e+16,3883424.0697444384,466627564948.62964,1.0,179.75300726047558,1.5280566869371646e-10,1.5280566869371646e-10,0.035938404327572115,222717.87284817587,179.75300726047558
2418.0,38641.521904263944,10824986110.451954,363.2931383087847,4.805291079913871e-05,2.184929957718511,0.03612599011378467,5.945089944499308e+16,0.38085513277532423,0.38085513277532423,1603186176941.1863,0.4867601049958536,4064185.736997463,4060847.191176235,4056756.39131702,3338.5458212277026,4090.7998592148056,0.5826670731667637,0.0008214550311605965,0.0008214550311605965,0.0008214550311605965,0.0010073759653167088,4090.7998592148056,-12803594.332164088,-0.0011827815945003115,49.763829924911185,0.6105727894020713,0.0,0.0,-4358641235643788.0,-7.1611352145502,0.0024892344066630434,0.0037315270371185427,44282851656639.08,36139712143897.29,4.232788288063842e+16,538692767740.0569,-0.5173082590422826,0.26695783578285814,-0.029372782940303155,0.0010073759653167088,1586448708855520.0,4.395861444115058e+16,4.399475415329447e+16,4.391433158949394e+16,3910202.0500302687,538692767740.0569,1.0,153.0840550390047,1.5124296688654424e-10,1.5124296688654424e-10,0.029059338561087777,146554.34128675147,153.0840550390047
2419.0,38923.10480443489,10824986538.865088,362.8864777662922,4.802449357380833e-05,2.1156432124328597,0.017921710283395724,5.50922582093493e+16,0.38082466373599505,0.38082466373599505,2141878944681.2432,0.7104331385964182,4001349.0550378556,3994347.303387369,3991245.6607592227,7001.751650486342,3101.6426281463428,0.527740308857573,0.0017498477523901258,0.0017498477523901252,0.0017498477523901252,0.0007765079980691773,3101.6426281463428,-12788256.218208391,-0.0011813646300893356,55.29457243838507,0.6093010713629274,0.0,0.0,-4734915092357705.0,-7.42161497327757,0.0019191602701815746,0.0028773587721128147,33575239698054.293,75793867364991.06,4.243086982244506e+16,598563002317.8188,-0.6253078756168728,0.3688451155842195,-0.05713642482303097,0.0007765079980691773,774310728577224.9,4.323875579072033e+16,4.331454965808533e+16,4.320518055102228e+16,3919715.7123572356,598563002317.8188,1.0,130.50982653438035,1.5069513216582e-10,1.5069513216582e-10,0.020656511114874654,71529.94840198712,130.50982653438035
2420.0,39206.31293852121,10824986954.064135,362.4802724286451,4.799632400308242e-05,2.049079626437799,1.533949425813752e-10,5.035734311699159e+16,0.3807945153598028,0.3807945153598028,2740441946999.062,0.9797344713053545,3923255.8418358644,3910199.628158441,3907833.6550366683,13056.213677423733,2365.9731217722706,0.4798682671982352,0.0033279026919932272,0.0033279026919932272,0.0033279026919932285,0.0006050773225832862,2365.9731217722706,-12807765.857957188,-0.0011831668631386793,59.55179368573556,0.608032002093593,0.0,0.0,-5035734305210208.0,-7.671192829193231,0.0014956968532070514,0.002242706154662155,25611628176851.223,141333342727585.62,4.230224832793574e+16,644647389739.2063,-0.7227732697522138,0.48003605916426906,-0.08773361296695222,0.0006050773225832862,6488950.954322151,4.232785996260155e+16,4.246919330532914e+16,4.2302248334424696e+16,3907833.6544372262,644647389739.2063,1.0,111.96431474681532,1.5138392415349896e-10,1.5138392415349896e-10,0.020656511114874654,0.0005994419191319154,111.96431474681532
