"t, Time, (yr)","A, Total factor productivity, ($)","L, Population, (persons)","theta1, Marginal abatement cost at mu=1, ($/tCO2)","sigma, Carbon intensity of GDP, (tCO2/$)","f, Control: log10(marginal_abatement_cost), (log10($/tCO2))","s, Savings rate, (dimensionless)","K, Capital stock, ($)","gini, Background Gini index, (dimensionless)","Gini, Gini index, (dimensionless)","Ecum, Cumulative CO2 emissions, (tCO2)","delta_T, Global mean temperature change, (°C)","y_gross, Per-capita gross income, ($/person/yr)","y_damaged, Per-capita income after climate damage, ($/person/yr)","y_net, Per-capita net income after abatement, ($/person/yr)","climate_damage, Per-capita climate damage, ($/person/yr)","tax_amount, Per-capita tax amount, ($/person/yr)","mu, Abatement fraction, (dimensionless)","Omega, Climate damage as fraction of gross output, (dimensionless)","Omega_base, Base damage from temperature before income adjustment, (dimensionless)","Omega_calc, Climate damage from previous timestep (lagged), (dimensionless)","lambda_abate, Abatement cost as fraction of damaged output, (dimensionless)","abateCost_amount, Abatement expenditure per capita, ($/person/yr)","U, Mean utility per capita, (dimensionless)","aggregate_utility, Aggregate utility from integration, (dimensionless)","e, CO2 emissions, (tCO2/yr)","emission_ratio, Ratio of CO2e to industrial CO2, (dimensionless)","E_extra, Extra emission pulse, (tCO2/yr)","consumption_extra, Extra consumption pulse, ($/person/yr)","dK_dt, Net capital accumulation, ($/yr)","log_deltaU_norm, Log normalized utility-loss (log deltaU), (dimensionless)","max_average_tax_rate, Maximum average tax rate across income bins, (dimensionless)","max_marginal_tax_rate, Maximum marginal tax rate across income bins, (dimensionless)",AbateCost,Climate_damage,Consumption,E,H1,H2,H3,Lambda,Savings,Y_damaged,Y_gross,Y_net,consumption,dEcum_dt,mac_over_wmac,marginal_abatement_cost,mu_dollar_cost,mu_dollar_numeraire,r_consumption,savings,welfare_adjusted_mac
2020.0,739.6190000000007,7752000000.0,6035.6,0.0002913549999999999,1.8592609983078048,0.4774211585522106,295000000000000.0,0.57313,0.57313,2327128215854.4233,1.1696599999999997,17503.727145280773,17420.70314539412,17406.865977687034,83.02399988665066,13.837167707085705,0.06296335230968648,0.004743218355585198,0.004743218355585198,0.004743218355585198,0.0007942944433183875,13.837167707085705,-235845801.5662852,-0.030423865011130702,7.403350111862283,1.4,0.0,0.0,34922268256429.273,-7.137659051323453,0.0007942944433184662,0.0007942944433184662,107265724065.32838,643602047121.3159,70515756802600.62,57390770067.15642,-0.07022,0.21036,-0.08308,0.0007942944433183875,64422268256429.28,135045290783095.22,135688892830216.55,134938025059029.89,9096.459855856632,57390770067.15642,1.0,72.32042977046027,1.6722904888644705e-06,1.6722904888644705e-06,1.0548092015837094,8310.406121830401,72.32042977046027
2021.0,749.4392757472212,7832251487.344443,4937.569188788617,0.0002869469393703804,1.8607536583193311,0.20457682442931463,329922268256429.25,0.5710759862923859,0.5710759862923859,2384518985921.5796,1.1959649384052309,18284.9573228078,18194.282923264687,18178.17415941713,90.67439954311536,16.108763847558485,0.07153610500306067,0.004958961508212674,0.004958961508212675,0.004958961508212675,0.0008853750332177429,16.108763847558485,-189270314.3392873,-0.0241655052375572,7.4906867279861356,1.3970840409436769,0.0,0.0,-3865390406619.301,-7.029056385458615,0.000885375033217839,0.000885375033217839,126167889604.32034,710184700685.6295,113249195178277.5,58668942266.500694,-0.07498456858018428,0.21612613051943694,-0.08521515070312902,0.0008853750332177429,29126836419023.625,142502199486905.44,143212384187591.06,142376031597301.12,14459.341015960546,58668942266.500694,1.0,72.56942104539394,8.356568541963874e-07,8.356568541963874e-07,0.02646532576290661,3718.833143456582,72.56942104539394
2022.0,759.3749267602893,7910820339.096546,4059.769804874857,0.0002826406030102666,1.863570818355113,0.2089769769604768,326056877849809.94,0.5690435894947019,0.5690435894947019,2443187928188.08,1.224256647935329,18406.779366046925,18311.13121255503,18292.960250446104,95.64815349189587,18.170962108924755,0.08117426795653103,0.005196354646828011,0.005196354646828011,0.00519635464682801,0.0009923451423069828,18.170962108924755,-190496984.14319026,-0.02408056004024305,7.3214183075457715,1.3941741553282239,0.0,0.0,-2364144202083.8047,-6.9149432076294595,0.0009923451423071716,0.0009923451423071716,143747216632.23462,756655358040.7181,114470778428616.5,57918424858.3669,-0.07842701707652974,0.22199043963116072,-0.08739492308602324,0.0009923451423069828,30241543582897.195,144856069228145.9,145612724586186.66,144712322011513.7,14470.152717649711,57918424858.3669,1.0,73.04169088070691,8.32128766476455e-07,8.32128766476455e-07,0.029483944753596836,3822.807532796393,73.04169088070691
2023.0,769.427109958828,7987717781.36314,3358.004875731523,0.00027843312404643265,1.8675730473801393,0.2129088173381719,323692733647726.1,0.567032582105645,0.567032582105645,2501106353046.447,1.2539428726998663,18555.83728683283,18454.681693952924,18434.13985488129,101.1555928799044,20.54183907163396,0.0919247226302542,0.005451416247957947,0.005451416247957947,0.005451416247957947,0.001113096362879287,20.54183907163396,-191484074.0331705,-0.023972313403452877,7.156969180720309,1.391270330503709,0.0,0.0,-1019151183702.5547,-6.800052824554637,0.0011130963628793733,0.0011130963628793733,164082413214.39066,808002327931.1431,115896584521900.16,57167849985.5076,-0.0798612685272887,0.22753835709052359,-0.08951316325487514,0.001113096362879287,31350122181070.06,147410789116184.6,148218791444115.75,147246706702970.22,14509.348939732055,57167849985.5076,1.0,73.71791568296523,8.261540532518226e-07,8.261540532518226e-07,0.03289425797978929,3924.7909151492354,73.71791568296523
2024.0,779.596991501509,8062956561.399988,2796.9470921655156,0.00027432172967518736,1.8726464660835092,0.21609788936865212,322673582464023.56,0.565042739018188,0.565042739018188,2558274203031.9546,1.284135713151034,18730.565164885084,18623.48067504109,18600.234757958387,107.08448984399251,23.24591708270088,0.10380693883059892,0.005717098704781634,0.005717098704781634,0.005717098704781634,0.0012482047522864356,23.24591708270088,-192221904.16789356,-0.023840126472728717,6.99598321751468,1.388372553846548,0.0,0.0,141465639830.3086,-6.685424530953936,0.0012482047522865969,0.0012482047522865969,187430819667.72314,863417590011.7898,117564060999028.02,56408308787.10419,-0.08018340327335428,0.23277872134833621,-0.09157050139352557,0.0012482047522864356,32408823886232.664,150160315704928.44,151023733294940.25,149972884885260.7,14580.763285002138,56408308787.10419,1.0,74.58413650804846,8.175779466139215e-07,8.175779466139215e-07,0.035303693283817994,4019.4714729562497,74.58413650804846
2025.0,789.885746834912,8136550834.027715,2348.3588011236193,0.00027030373767847766,1.8786468349036372,0.21893847260310512,322815048103853.9,0.5630738374943813,0.5630738374943813,2614682511819.0586,1.3143468863550583,18928.5918142324,18815.22337988546,18788.925618920024,113.36843434693802,26.29776096543962,0.11679560184269512,0.0059892693265061765,0.0059892693265061765,0.0059892693265061765,0.0013976852910262767,26.29776096543962,-192771153.2790837,-0.023691998883961878,6.837227342857695,1.3854808127594485,0.0,0.0,1189162665689.3984,-6.5722385242562,0.0013976852910263515,0.0013976852910263515,213973068916.4092,922428029037.9948,119406380939033.61,55631447838.96587,-0.07988404062344404,0.2377183151272698,-0.09356709704945959,0.0013976852910262767,33470667476074.785,153091021484024.8,154013449513062.8,152877048415108.4,14675.306942060322,55631447838.96587,1.0,75.62176942183275,8.072672653420099e-07,8.072672653420099e-07,0.03780099182678098,4113.618676859702,75.62176942183275
2026.0,800.2945607424174,8208516052.191165,1989.6692190028818,0.0002663765530827186,1.8853854223270807,0.22131119351556455,324004210769543.25,0.5611256571404205,0.5611256571404205,2670313959658.0244,1.3443068500344904,19148.539982929455,19028.566206099837,18998.868695187306,119.97377682961624,29.697510912529136,0.1308060520628727,0.0062654268647411495,0.0062654268647411495,0.0062654268647411495,0.0015606804312460094,29.697510912529136,-193125881.94729367,-0.023527502500983843,6.680313313594193,1.3825950946713572,0.0,0.0,2113616958987.6836,-6.46185253080752,0.0015606804312461309,0.0015606804312461309,243772495035.6177,984806672947.9054,121438480621975.22,54835459068.30428,-0.07922961684139854,0.24236203567837653,-0.09550267291498908,0.0015606804312460094,34514038035942.008,156196291152952.84,157181097825900.75,155952518657917.22,14794.206388809907,54835459068.30428,1.0,76.8042800177524,7.952231778943717e-07,7.952231778943717e-07,0.03988299644238902,4204.6623063774,76.8042800177524
2027.0,810.8246273931094,8278868861.719479,1702.8371767166157,0.0002625376649539717,1.892890855622137,0.22333316281945673,326117827728530.94,0.5591979798819762,0.5591979798819762,2725149418726.3286,1.3738648137562903,19388.668816722082,19261.789790788378,19228.333884864736,126.87902593370355,33.45590592364198,0.14573826089418354,0.006543978193297861,0.006543978193297861,0.006543978193297861,0.0017369053596276757,33.45590592364198,-193312062.23423034,-0.023350057292015183,6.524881959933994,1.379715387037404,0.0,0.0,2940367624452.1797,-6.3547811963217065,0.0017369053596277828,0.0017369053596277828,276977057791.85583,1050414817007.8364,123636704264846.92,54018642084.49271,-0.07836653922927603,0.2467142762278891,-0.09737686033538055,0.0017369053596276757,35552150397305.266,159465831719944.06,160516246536951.9,159188854662152.2,14934.009262609365,54018642084.49271,1.0,78.1431395089565,7.818411366735232e-07,7.818411366735232e-07,0.04178831331973676,4294.3246222553735,78.1431395089565
2028.0,821.477150390716,8347627000.319342,1473.4420946140226,0.00025878464332340217,1.9009618802096855,0.2250156751936394,329058195352983.1,0.5572905899397829,0.5572905899397829,2779168060810.8213,1.4029351916434196,19647.549466334476,19513.477662914003,19475.931757736253,134.07180342047266,37.54590517775199,0.16139608823615254,0.006823843535816054,0.006823843535816053,0.006823843535816053,0.001924101168758309,37.54590517775199,-193341421.85948768,-0.023161243530897026,6.371444818684164,1.3768416773388468,0.0,0.0,3676737007797.047,-6.252333522845895,0.0019241011687584075,0.0019241011687584075,313419211813.2323,1119181406214.2446,125995257254160.7,53186444799.49271,-0.07737481430645674,0.250778961935296,-0.09918920585907358,0.001924101168758309,36582556543095.36,162891233009069.3,164010414415283.53,162577813797256.06,15093.541823243986,53186444799.49271,1.0,79.6089471344818,7.673258984368414e-07,7.673258984368414e-07,0.0434020458618245,4382.3899344922675,79.6089471344818
2029.0,832.2533428225427,8414809200.811381,1289.9573849759238,0.0002551151362372384,1.9095272759847404,0.22642872935909075,332734932360780.2,0.5554032738054854,0.5554032738054854,2832354505610.314,1.431467984616159,19923.78220553339,19782.239039430046,19740.298316611406,141.5431661033427,41.940722818638584,0.1775599219697665,0.007104231748931296,0.0071042317489312945,0.007104231748931296,0.002120120110521471,41.940722818638584,-193233160.12628108,-0.02296346304651197,6.220729299571318,1.3739739530830188,0.0,0.0,4338774081278.426,-6.155221538309091,0.0021201201105216505,0.0021201201105216505,352923180262.9598,1191058736438.3818,128498576584026.66,52346250145.78967,-0.0763021740708545,0.25456101409154275,-0.10093954453682057,0.002120120110521471,37612267317356.445,166463767081646.06,167654825818084.44,166110843901383.1,15270.527651611688,52346250145.78967,1.0,81.19462418420484,7.519599220034872e-07,7.519599220034872e-07,0.04473867522547481,4469.770664999719,81.19462418420484
2030.0,843.1544273084459,8480435098.599607,1143.169671633005,0.00025152686692572995,1.9185885337552204,0.22764416197047457,337073706442058.6,0.5535358202177394,0.5535358202177394,2884700755756.1035,1.4594343536579149,20216.18239832371,20066.895354318007,20020.28014162123,149.28704400570408,46.61521269677548,0.1939986241062854,0.007384531909352116,0.007384531909352117,0.0073845319093521185,0.00232299077030592,46.61521269677548,-193005787.8966084,-0.022758948762956734,6.073647987489088,1.3711122018032729,0.0,0.0,4942211429365.941,-6.063737177199515,0.002322990770306177,0.002322990770306177,395317285882.42084,1266019087752.157,131131104323229.61,51507177569.641335,-0.07517969496594554,0.2580667150643816,-0.10262809776751437,0.00232299077030592,38649582073571.805,170176003682683.84,171442022770435.97,169780686396801.4,15462.780246367733,51507177569.641335,1.0,82.9064909322185,7.360006806064409e-07,7.360006806064409e-07,0.0460784376501675,4557.499895253499,82.9064909322185
2031.0,854.1816360498018,8544525143.345851,1025.7145634169328,0.00024801763108586787,1.9279463002143593,0.22860747596519532,342015917871424.56,0.5516880201385631,0.5516880201385631,2936207933325.7446,1.4868191535213044,20523.7987038019,20366.499008129893,20314.996432769756,157.29969567200604,51.50257536013426,0.21041411097924304,0.007664258354028162,0.007664258354028162,0.007664258354028161,0.002528788837962552,51.50257536013426,-192660697.11248258,-0.02254785302639309,5.93171820171174,1.3682564110589277,0.0,0.0,5480550604462.145,-5.978749082350379,0.0025287888379627033,0.0025287888379627033,440065050111.7317,1344051204710.1062,133899855415177.84,50683715317.768196,-0.07403032234535992,0.26130402273858855,-0.10425555979496272,0.002528788837962552,39682142391604.6,174022062856894.22,175366114061604.3,173581997806782.44,15670.836374032317,50683715317.768196,1.0,84.71226623654943,7.19496855197454e-07,7.19496855197454e-07,0.04712724834175952,4644.1600587374405,84.71226623654943
2032.0,865.3362108784883,8607100514.805265,931.7055908540553,0.00024458529427287534,1.937615028747152,0.2294036908169962,347496468475886.7,0.5498596667299385,0.5498596667299385,2986891648643.5127,1.5136172623951742,20845.529624400337,20679.953039955184,20623.386645922976,165.5765844451534,56.566394032207185,0.2265740691865127,0.007943026031410633,0.007943026031410633,0.007943026031410633,0.002735325071721235,56.566394032207185,-192217471.25278884,-0.022332430174615864,5.7959594425016,1.365406568435214,0.0,0.0,5971242981192.031,-5.900135770116181,0.0027353250717214728,0.0027353250717214728,486872639195.28796,1425134305217.5774,136786671988370.98,49886405501.345955,-0.07287587577940617,0.26428361351484825,-0.10582337255673152,0.002735325071721235,40720889828780.7,177994434456346.97,179419568761564.56,177507561817151.7,15892.305632202293,49886405501.345955,1.0,86.61937160605042,7.026956459327864e-07,7.026956459327864e-07,0.047973614671555254,4731.081013720683,86.61937160605042
2033.0,876.6194033058837,8668183042.76501,856.4376096488695,0.00024122778939571657,1.9475915748149484,0.23008663057474965,353467711457078.75,0.5480505553306578,0.5480505553306578,3036778054144.859,1.5398330111985286,21180.56698196941,21006.45098458707,20944.678819143835,174.11599738233798,61.77216544323527,0.24227572541069806,0.008220554130140114,0.008220554130140115,0.008220554130140115,0.002940628356906122,61.77216544323527,-191690230.0505653,-0.02211423421781126,5.667296011718247,1.3625626615432198,0.0,0.0,6425988083775.445,-5.827659874745694,0.0029406283569063385,0.0029406283569063385,535452437009.9267,1509269335983.699,139779550546778.77,49125159187.10589,-0.0717350692933868,0.2670180052018355,-0.10733351239657729,0.002940628356906122,41772759229483.33,182087762213272.0,183597031549255.72,181552309776262.1,16125.588241176703,49125159187.10589,1.0,88.63220927735667,6.857674268354567e-07,6.857674268354567e-07,0.04880650186478763,4819.090577967131,88.63220927735667
2034.0,888.0324745718599,8727795131.016027,796.1497265995536,0.00023794311431209384,1.9577562109152515,0.23062698946770085,359893699540854.2,0.546260483433415,0.546260483433415,3085903213331.965,1.5654787517863864,21528.301050112794,21345.38241411483,21278.31782594507,182.91863599796474,67.06458816976104,0.2573214043235047,0.008496659145195594,0.008496659145195594,0.008496659145195592,0.0031418780356642366,67.06458816976104,-191081549.68616402,-0.02189345038669803,5.546709151688608,1.359724678019838,0.0,0.0,6841013719751.523,-5.761361557878448,0.003141878035664347,0.003141878035664347,585325986091.6355,1596476380635.1296,142882415043657.97,48410541127.269875,-0.07062450022600912,0.26952137740627713,-0.10878845168789399,0.0031418780356642366,42830383673836.945,186298124703586.53,187894601084221.7,185712798717494.9,16370.963444810444,48410541127.269875,1.0,90.73110725648037,6.687485173362852e-07,6.687485173362852e-07,0.04957032256931604,4907.354381134624,90.73110725648037
2035.0,899.5766956937855,8785959685.277266,747.8358026942864,0.00023472932951861789,1.9680263623880578,0.23102110705443035,366734713260605.7,0.544489250662137,0.544489250662137,3134313754459.235,1.5905738710424466,21888.048396251557,21696.06283414798,21623.66342019054,191.98556210357845,72.39941395743986,0.27157361180564416,0.008771250804455321,0.00877125080445532,0.00877125080445532,0.003336983973123852,72.39941395743986,-190397434.4240924,-0.02167064740157454,5.4347570978655995,1.356892605527711,0.0,0.0,7216989388324.047,-5.701017065474035,0.003336983973123986,0.003336983973123986,636098332267.7668,1686777408797.335,146094174343414.16,47749556761.12163,-0.06956000492526754,0.271809657747245,-0.11019118778649124,0.003336983973123852,43890460714384.62,190620733390066.56,192307510798863.88,189984635057798.78,16628.140758285732,47749556761.12163,1.0,92.90227782762625,6.517085434404012e-07,6.517085434404012e-07,0.05005372366472005,4995.522661904808,92.90227782762625
2036.0,911.2533475155293,8842700044.982775,709.0929853682185,0.00023158455593203574,1.9784851900518303,0.23136857211873862,373951702648929.75,0.5427366587495546,0.5427366587495546,3182063311220.3564,1.6151444078094013,22259.13703583118,22057.817981839155,21980.032272476266,201.3190539920247,77.78570936288757,0.28501239693349506,0.00904433328515636,0.009044333285156362,0.009044333285156364,0.0035264462435464295,77.78570936288757,-189656608.36586335,-0.021447816549366262,5.331172507206886,1.354066431755178,0.0,0.0,7574280732246.422,-5.645698825589784,0.003526446243546588,0.003526446243546588,687835695682.223,1780204007791.1665,149393381367409.3,47141959369.28926,-0.06855475951700567,0.27389975042017944,-0.11154505218822508,0.0035264462435464295,44969450997139.4,195050668060230.94,196830872068022.12,194362832364548.72,16894.54359046964,47141959369.28926,1.0,95.16673945919065,6.348399049063447e-07,6.348399049063447e-07,0.05050770046169828,5085.488682006628,95.16673945919065
2037.0,923.0637207564556,8898039918.834373,678.0006380440997,0.0002285069727575973,1.9890826948540203,0.23166126286770686,381525983381176.2,0.541002511515008,0.541002511515008,3229205270589.6455,1.6392218419412456,22641.261117970313,22430.335213786388,22347.124732470835,210.92590418392558,83.21048131555443,0.29761709287389065,0.009315996272686165,0.009315996272686165,0.009315996272686164,0.0037097297263935076,83.21048131555443,-188862497.88602102,-0.02122517988329745,5.23582052527722,1.3512461444162212,0.0,0.0,7912226313121.031,-5.594938516680686,0.003709729726393718,0.003709729726393718,740410184411.2251,1876827115344.804,152780783289457.75,46588540041.769066,-0.06761590536635481,0.27580803669186044,-0.1128533292531697,0.0037097297263935076,46064824651238.65,199586018125107.62,201462845240452.4,198845607940696.4,17170.161595484475,46588540041.769066,1.0,97.5175305060044,6.181686552703695e-07,6.181686552703695e-07,0.05096895952224889,5176.963136986359,97.5175305060044
2038.0,935.0091160604229,8952003324.016354,653.0235666817786,0.00022549481544081854,1.9997453394634428,0.2318738635775555,389438209694297.25,0.5392866148424884,0.5392866148424884,3275793810631.4146,1.6628404155581944,23034.105026174508,22813.29116727137,22724.631940732408,220.81385890313757,88.6592265389616,0.3093928713691773,0.009586387604476868,0.009586387604476866,0.009586387604476866,0.0038862970664291867,88.6592265389616,-188016320.0328779,-0.02100270891639075,5.148404966967372,1.3484317312504124,0.0,0.0,8226506490006.578,-5.548352183238389,0.0038862970664294005,0.0038862970664294005,793677690681.5032,1976726398889.7656,156260653211048.44,46088538377.67422,-0.06674789474724835,0.2775506002030847,-0.11411931076052131,0.0038862970664291867,47170327459436.305,204224658361166.22,206201384760056.0,203430980670484.72,17455.383734256862,46088538377.67422,1.0,99.94137943304698,6.016976240553177e-07,6.016976240553177e-07,0.05143231716287455,5269.248206475547,99.94137943304698
2039.0,947.0908440447746,9004614528.963562,632.934667294611,0.00022254637369907782,2.0104011175220617,0.2319821297735741,397664716184303.8,0.5375887766589076,0.5375887766589076,3321882349009.089,1.6860359414967796,23437.28050826583,23206.289690605998,23112.169559514197,230.99081765983388,94.12013109180099,0.32036967169324165,0.009855700518597637,0.009855700518597637,0.009855700518597639,0.004055802644310745,94.12013109180099,-187119613.60731634,-0.02078041353191095,5.068460993698102,1.3456231800228604,0.0,0.0,8512762550610.484,-5.505575334919605,0.004055802644310824,0.004055802644310824,847515499897.1863,2079983272756.913,159836943642430.03,45639537503.33903,-0.06595271490610559,0.27914292034121874,-0.11534621499957912,0.004055802644310745,48279234169040.87,208963693311368.1,211043676584125.0,208116177811470.9,17750.559241410127,45639537503.33903,1.0,102.42385496782029,5.854326565233428e-07,5.854326565233428e-07,0.051732058224167154,5361.610318104072,102.42385496782029
2040.0,959.3102253493188,9055897999.570053,616.7530969386451,0.00021965998962964294,2.021090333288544,0.2320399969935294,406177478734914.3,0.5359088069125989,0.5359088069125989,3367521886512.4277,1.7088447194881637,23850.32870394156,23608.86413613157,23509.240849752532,241.46456780998702,99.62328637903785,0.3306449328321138,0.01012416100454339,0.01012416100454339,0.01012416100454339,0.004219740763663932,99.62328637903785,-186183699.00843528,-0.020559385608945102,4.99503531229136,1.3428204785241562,0.0,0.0,8782938004309.25,-5.465867993803254,0.004219740763664048,0.004219740763664048,902178319830.5234,2186678496597.5088,163496601304883.84,45234530292.36111,-0.06522994610810852,0.2805995528784184,-0.11653710122373791,0.004219740763663932,49400685877800.68,213799465502515.06,215986143999112.6,212897287182684.53,18054.156673655794,45234530292.36111,1.0,104.97607562705201,5.694690889719625e-07,5.694690889719625e-07,0.05191182161310581,5455.084176096736,104.97607562705201
2041.0,971.6685906852944,9105878348.722523,603.6948528485327,0.00021683405589088595,2.0318364412349723,0.23208835859954566,414960416739223.56,0.5342465175520426,0.5342465175520426,3412756416804.789,1.7313024862913227,24273.00875154777,24020.7632908768,23915.562754606748,252.24546067097404,105.20053627005082,0.34031951616755873,0.010392014572766535,0.010392014572766534,0.010392014572766534,0.004379566752152563,105.20053627005082,-185217121.14410663,-0.02034039046547234,4.927216452946929,1.3400236145703215,0.0,0.0,9046351952786.594,-5.428611684651908,0.004379566752152675,0.004379566752152675,957943285495.4542,2296916478887.3613,167229811457979.4,44866633618.35883,-0.06457494843393202,0.2819332239857141,-0.11769463213482917,0.004379566752152563,50542393626708.95,218730148370183.8,221027064849071.16,217772205084688.38,18365.039049905638,44866633618.35883,1.0,107.60598845763207,5.538690643030705e-07,5.538690643030705e-07,0.05207227200272957,5550.523704701109,107.60598845763207
2042.0,984.1672808843301,9154580289.040443,593.1332695929102,0.0002140670139535893,2.0426029262086525,0.23212590895881346,424006768692010.1,0.5326017225048162,0.5326017225048162,3457623050423.148,1.7534425796198687,24705.2485828198,24441.902922032976,24331.038744802598,263.3456607868275,110.86417723037967,0.3494673854847383,0.010659502571043136,0.010659502571043136,0.010659502571043138,0.004535824300752048,110.86417723037967,-184222372.03497776,-0.020123519180395698,4.864341803870754,1.337232576002755,0.0,0.0,9303152016226.586,-5.393476237668821,0.004535824300752167,0.004535824300752167,1014915011633.92,2410818995443.422,171036618819621.6,44531007596.87064,-0.06398082294599663,0.2831549065826685,-0.11882108442411034,0.004535824300752048,51703828885427.6,223755362716683.1,226166181712126.5,222740447705049.2,18683.17426025319,44531007596.87064,1.0,110.30696263531401,5.386360498808008e-07,5.386360498808008e-07,0.052214967135181256,5647.864484549411,110.30696263531401
2043.0,996.807646947382,9202028588.703463,584.5674438528433,0.00021135735241938956,2.053353273056888,0.2321513424385234,433309920708236.7,0.5309742376567661,0.5309742376567661,3502154058020.0186,1.7752949751716582,25146.982366319404,24872.205120219198,24755.580266469966,274.77724610020675,116.62485374923057,0.35815758685049953,0.010926847686831387,0.010926847686831383,0.010926847686831383,0.004688963169350171,116.62485374923057,-183201796.1223856,-0.019908848832233216,4.8057972418173245,1.3344473506881798,0.0,0.0,9553445275707.875,-5.360194718588792,0.004688963169350413,0.004688963169350413,1073185238353.7799,2528508074139.3096,174917119995468.34,44223083610.71527,-0.06344070492791036,0.2842742841574859,-0.11991845919728834,0.004688963169350171,52884437346531.55,228874742580353.7,231403250654493.0,227801557341999.9,19008.539074764343,44223083610.71527,1.0,113.0715311188448,5.237717261961629e-07,5.237717261961629e-07,0.05234143650090606,5747.041191705622,113.0715311188448
2044.0,1009.5910500936434,9248248030.24593,577.5969958693671,0.0002087036054035407,2.064050966626985,0.23216335340586605,442863365983944.56,0.5293638808313977,0.5293638808313977,3546377141630.734,1.7968863351314737,25598.14992407644,25311.597800031042,25189.107326212303,286.5521240453959,122.4904738187423,0.3664513074509942,0.011194251338292154,0.011194251338292152,0.011194251338292154,0.00483930231455369,122.4904738187423,-182157592.43080533,-0.019696443243635776,4.751037074129622,1.3316679265185902,0.0,0.0,9797303446084.219,-5.328560174231753,0.004839302314553873,0.004839302314553873,1132822283218.0742,2650105116765.6196,178871472168817.56,43938769262.44466,-0.06294791924108938,0.2852998419022797,-0.12098849894337071,0.00483930231455369,54083640044478.68,234087934496514.28,236738039613279.9,232955112213296.25,19341.119700058585,43938769262.44466,1.0,115.89133524463509,5.092761713502416e-07,5.092761713502416e-07,0.05246326022675052,5847.9876261537165,115.89133524463509
2045.0,1022.518861809461,9293263372.198286,571.901895886534,0.00020610435097930403,2.074686880385008,0.2321553297911963,452660669430028.75,0.5277704717694842,0.5277704717694842,3590315910893.1787,1.8182401236237666,26058.696198574104,25760.01423423995,25631.53565968415,298.6819643341553,128.47857455579825,0.3744150868522266,0.01146189210918767,0.011461892109187669,0.01146189210918767,0.004987519548223923,128.47857455579825,-181091239.2875683,-0.019486291524817925,4.699483224037701,1.3288942914111996,0.0,0.0,10033474580733.422,-5.29831761962906,0.004987519548224184,0.004987519548224184,1193985231031.6465,2775730159082.8403,182901069995600.66,43673535314.20988,-0.06249619527178582,0.2862389969044502,-0.12203271500692689,0.004987519548223923,55299541523736.3,239394596750368.6,242170326909451.44,238200611519336.94,19681.038045555368,43673535314.20988,1.0,118.76456445127556,4.951432930904312e-07,4.951432930904312e-07,0.05259233786119788,5950.497614128782,118.76456445127556
2046.0,1035.5924638971946,9337099313.455645,567.2263391220289,0.00020355820968139714,2.0853188399163303,0.2321138792089435,462694144010762.2,0.5261938321088875,0.5261938321088875,3633989446207.3887,1.8393768147220528,26528.54852736561,26217.370626872005,26082.73192435835,311.1779004936035,134.63870251365327,0.382143548254787,0.011729925599683937,0.011729925599683935,0.011729925599683938,0.005135476948845996,134.63870251365327,-180003495.44518286,-0.019278310040654785,4.650348282150887,1.326126433308388,0.0,0.0,10258916942278.383,-5.269009308092678,0.005135476948846085,0.005135476948846085,1257134936804.7908,2905498961061.394,187008727000619.4,43420763752.600685,-0.06207921164761625,0.2870980393451383,-0.12305236720722193,0.005135476948845996,56528331343354.61,244794193280778.78,247699692241840.2,243537058343974.0,20028.567837028586,43420763752.600685,1.0,121.7079198775834,4.813614942204207e-07,4.813614942204207e-07,0.05268635250408504,6054.164087329768,121.7079198775834
2047.0,1048.8132485240646,9379780460.254797,563.3658567871391,0.00020106384306604736,2.0959328564814115,0.2320463474855825,472953060953040.56,0.5246337853645937,0.5246337853645937,3677410209959.9893,1.8603138987325323,27007.58644196764,26683.536403020153,26542.549693031564,324.0500389474851,140.98670998858975,0.3896852419376856,0.011998481968901043,0.011998481968901045,0.011998481968901048,0.005283659101970917,140.98670998858975,-178897492.1055726,-0.019072673701012503,4.603186605152381,1.3233643401776487,0.0,0.0,10475715769583.477,-5.240488745438777,0.00528365910197115,0.00528365910197115,1322424387506.584,3039518223464.427,191192267111151.9,43176879773.91492,-0.0616893050477271,0.2878817399996396,-0.12404835760125124,0.005283659101970917,57771021864887.54,250285713363546.0,253325231587010.44,248963288976039.44,20383.44798380902,43176879773.91492,1.0,124.71906790868842,4.6793854332742323e-07,4.6793854332742323e-07,0.052746231221727724,6159.101709222544,124.71906790868842
2048.0,1062.1826182709801,9421331295.642363,560.1570137299491,0.00019861995232530683,2.106508848260106,0.23196149505622712,483428776722624.06,0.5230901569089574,0.5230901569089574,3720587089733.9043,1.8810653221967015,27495.730169147588,27158.422004748598,27010.88899165576,337.3081643989898,147.53301309283734,0.3970767136282658,0.012267656189668191,0.012267656189668191,0.01226765618966819,0.005432311680960015,147.53301309283734,-177776222.1725883,-0.01886954365513236,4.557653986188706,1.3206080000115372,0.0,0.0,10686343483111.29,-5.21266818782338,0.005432311680960145,0.005432311680960145,1389957393391.963,3177891965527.8813,195449312624834.5,42939168134.78882,-0.06131998319851062,0.28859401050983835,-0.1250213927164056,0.005432311680960015,59029221155373.69,255868491173600.16,259046383139128.03,254478533780208.2,20745.402798353505,42939168134.78882,1.0,127.7935245789948,4.5488022354526054e-07,4.5488022354526054e-07,0.05277570854315128,6265.486193302258,127.7935245789948
2049.0,1075.7019861813094,9461776151.318565,557.4691736056269,0.00019622527695339158,2.1170267334322688,0.23186808235599107,494115120205735.4,0.5215627739521547,0.5215627739521547,3763526257868.6934,1.9016420324666892,27992.946419237247,27641.984504464646,27487.699173383182,350.96191477260146,154.28533108146317,0.40434648549376373,0.012537512468905889,0.012537512468905889,0.012537512468905889,0.005581557686516447,154.28533108146317,-176642384.47789055,-0.018669051312662284,4.51347755660133,1.3178574008276185,0.0,0.0,10893308420971.766,-5.185490095219653,0.005581557686516581,0.005581557686516581,1459813266124.8772,3320723075216.4995,199777636051790.72,42705514304.56206,-0.06096594298139247,0.28923810190665955,-0.12597203034560034,0.005581557686516447,60304820441545.305,261542269759460.94,264862992834677.4,260082456493336.03,21114.179077672463,42705514304.56206,1.0,130.92625134856863,4.421893252730045e-07,4.421893252730045e-07,0.05277822428735268,6373.520095710719,130.92625134856863
2050.0,1089.3727758096488,9501139181.743296,555.1979166524047,0.00019387859346290558,2.127466430177755,0.23177486981998818,505008428626707.1,0.520051465522841,0.520051465522841,3806231772173.2554,1.9220525252892675,28499.24807327378,28134.22716039713,27972.978520472017,365.0209128766459,161.24863992511368,0.41151590617077316,0.012808089249868935,0.012808089249868938,0.012808089249868938,0.00573140463414235,161.24863992511368,-175498407.0756806,-0.018471301569069287,4.470448336721548,1.3151125306684146,0.0,0.0,11099160769422.57,-5.158922071961178,0.005731404634142567,0.005731404634142567,1532045770795.314,3468114497488.0063,204175158618827.0,42474351851.984245,-0.06062291764523042,0.2898167450333763,-0.12690071237491207,0.00573140463414235,61600003632093.29,267307208021715.6,270775322519203.62,265775162250920.28,21489.54506541229,42474351851.984245,1.0,134.11162666354332,4.2986609630483127e-07,4.2986609630483127e-07,0.05275694106449014,6483.433455059728,134.11162666354332
2051.0,1103.1964212705273,9539444340.393452,553.2597784203012,0.0001915787141489072,2.1378078566764187,0.2316906178833322,516107589396129.7,0.5185560624490136,0.5185560624490136,3848706124025.2397,1.9423033206214346,29014.693984246827,28635.199086355376,28466.773945493474,379.49489789145196,168.42514086190363,0.4185999998797429,0.013079403770292881,0.013079403770292878,0.013079403770292874,0.005881752047680294,168.42514086190363,-174346469.31677327,-0.018276375761062662,4.42841399091826,1.3123733776013529,0.0,0.0,11306497817355.617,-5.132952485305801,0.0058817520476803775,0.0058817520476803775,1606682256775.0564,3620170455898.8022,208639948846628.9,42244608782.58437,-0.06028755910326532,0.2903322763604934,-0.1278077945322606,0.005881752047680294,62917256756968.586,273163887860372.53,276784058316271.3,271557205603597.5,21871.289500916948,42244608782.58437,1.0,137.3434197091594,4.1790864225344085e-07,4.1790864225344085e-07,0.05273673139107493,6595.484444576526,137.3434197091594
2052.0,1117.1743672870812,9576715358.063293,551.5880443573649,0.0001893244858988654,2.1480689843344694,0.23161273263757576,527414087213485.3,0.5170763973390744,0.5170763973390744,3890950732807.824,1.9623993827102586,29539.38889383901,29144.99503370853,28969.155767288223,394.393860130481,175.83926642030593,0.4256315744065712,0.013351456306285982,0.013351456306285982,0.013351456306285986,0.006033257724591605,175.83926642030593,-173187317.8784933,-0.018084208562456128,4.387094072199255,1.3096399297187142,0.0,0.0,11514763218191.46,-5.107443921488116,0.006033257724591734,0.006033257724591734,1683962603277.927,3776997737437.444,213173187007176.97,42013951178.49904,-0.05995733899883382,0.2907867493878198,-0.12869357303414833,0.006033257724591605,64256171939539.99,279113321549994.88,282890319287432.3,277429358946716.97,22259.53043782301,42013951178.49904,1.0,140.62708816916808,4.063048013467832e-07,4.063048013467832e-07,0.05273329234026103,6709.625329465213,140.62708816916808
2053.0,1131.3080692396888,9612975723.102285,550.1293883588103,0.0001871147890466398,2.15828661189471,0.2315304954195032,538928850431676.75,0.5156123045630927,0.5156123045630927,3932964683986.323,1.9823444931833933,30073.429800033595,29663.702350623087,29480.172773803228,409.7274494105086,183.5295768198581,0.43265188850074693,0.013624234154032239,0.013624234154032237,0.013624234154032237,0.006187008440502474,183.5295768198581,-172020813.20533538,-0.017894647626325335,4.346140973113024,1.3069121751375818,0.0,0.0,11721047991293.914,-5.082202089442723,0.006187008440502684,0.006187008440502684,1764265366440.532,3938700024271.839,217778252152969.78,41779347663.715645,-0.05962938916791703,0.29118168638928393,-0.12955821945183493,0.006187008440502474,65613933034461.586,285156450553871.94,289095150578143.75,283392185187431.4,22654.613766432016,41779347663.715645,1.0,143.9748424287565,3.9503698161270645e-07,3.9503698161270645e-07,0.05272069159815995,6825.559007371212,143.9748424287565
2054.0,1145.5989932145667,9648248663.48793,548.8411859084696,0.00018494853626869955,2.1684510579176166,0.23144550881694392,550649898422970.7,0.5141636202342651,0.5141636202342651,3974744031650.039,2.002141112993905,30616.866881063394,30191.362579282017,29999.85776996035,425.5043017813777,191.50480932166772,0.43967090505614215,0.013897708848992421,0.013897708848992418,0.013897708848992421,0.006343033005508754,191.50480932166772,-170848211.20393744,-0.017707691536857036,4.305438810385711,1.304190101999788,0.0,0.0,11926007185192.602,-5.057218302247201,0.00634303300550898,0.00634303300550898,1847686020589.2915,4105371310970.5425,222455090606358.25,41539944248.033005,-0.05930021456998408,0.2915179516883949,-0.13040174565639015,0.006343033005508754,66990997027489.68,291293773654437.25,295399144965407.75,289446087633847.94,23056.525423955925,41539944248.033005,1.0,147.38424394328106,3.8409814475853346e-07,3.8409814475853346e-07,0.05269986848962804,6943.332346004421,147.38424394328106
2055.0,1160.0486160522987,9682557130.634256,547.689366432091,0.00018282467152087653,2.1785524018816327,0.23135944297319327,562575905608163.3,0.5127301821905706,0.5127301821905706,4016283975898.0723,2.0217901194504257,31169.763582418524,30728.030943774356,30528.258853203137,441.7326386441689,199.77209057121843,0.44669522291131203,0.01417183154040124,0.01417183154040124,0.014171831540401244,0.0065012981449009246,199.77209057121843,-169670671.84413576,-0.017523332891816512,4.264900193287514,1.3014736984718644,0.0,0.0,12130319779271.898,-5.032493918243595,0.006501298144901191,0.006501298144901191,1934304680062.0635,4277101510137.983,227203700104842.12,41295139777.959435,-0.058967342594373424,0.29179621207176953,-0.13122411890383873,0.0065012981449009246,68387910340088.234,297525915124992.5,301803016635130.44,295591610444930.4,23465.2578899846,41295139777.959435,1.0,150.85246178256267,3.7348089765219605e-07,3.7348089765219605e-07,0.05267181684366351,7063.000963218534,150.85246178256267
2056.0,1174.6584253963313,9715923784.839758,546.6466966508264,0.00018074216901402173,2.1885807232652,0.23127396803154673,574706225387435.2,0.5113118299766183,0.5113118299766183,4057579115676.0317,2.0412912675217982,31732.196774371656,31273.776374369598,31065.439286888555,458.42040000206043,208.33708748104345,0.45372869599707083,0.014446538424730218,0.014446538424730218,0.014446538424730218,0.00666171827115148,208.33708748104345,-168489259.3878293,-0.01734155836532307,4.224461471186086,1.298762952744989,0.0,0.0,12334669823788.945,-5.008037687252849,0.006661718271151584,0.006661718271151584,2024187263521.3115,4453977667835.774,232024148091443.47,41044545686.03605,-0.058629025856354974,0.29201699364049194,-0.13202527546705,0.00666171827115148,69805292362532.47,303853627717497.25,308307605385333.0,301829440453975.94,23880.811874366736,41044545686.03605,1.0,154.3763339327111,3.631775349771784e-07,3.631775349771784e-07,0.05263744569461326,7184.62741252182,154.3763339327111
2057.0,1189.4299197414146,9748370982.281912,545.691408439693,0.00017870003222700325,2.1985261015467636,0.23119075413529983,587040895211224.2,0.5099084048256862,0.5099084048256862,4098623661362.068,2.0606435170706097,32304.256604526763,31828.681264343486,31611.47727630589,475.57534018327874,217.20398803759682,0.46077283358267745,0.01472175465931127,0.01472175465931127,0.01472175465931127,0.006824159198858249,217.20398803759682,-167304949.9984954,-0.017162349514865553,4.184079612705183,1.2960578530349367,0.0,0.0,12539747549889.117,-4.983864318386815,0.0068241591988583705,0.0068241591988583705,2117385054221.6162,4636084846131.523,236916570716392.84,40787960284.05254,-0.058284052296640076,0.2921807289003379,-0.1328051320302926,0.006824159198858249,71243837071011.53,310277792841626.0,314913877687757.5,308160407787404.4,24303.19600546584,40787960284.05254,1.0,157.9523535881224,3.5318012619685673e-07,3.5318012619685673e-07,0.052597587442997584,7308.2812708400525,157.9523535881224
2058.0,1204.3646084819825,9779920763.468763,544.8061020540763,0.0001766972929555557,2.2083786162047665,0.23111147142774802,599580642761113.4,0.5085197496419501,0.5085197496419501,4139411621646.1206,2.079845274147611,32886.04638279575,32392.841279061784,32166.465813200528,493.2051037339653,226.37546586125788,0.46782713487654204,0.014997397315354525,0.014997397315354523,0.014997397315354523,0.0069884411778223165,226.37546586125788,-166118638.61949942,-0.01698568348733534,4.143729596547924,1.2933583875820254,0.0,0.0,12746250489758.89,-4.9599933169621195,0.00698844117782238,0.00698844117782238,2213934118916.43,4823506834656.572,241881172128057.75,40525347119.47909,-0.05793162385049874,0.2922877973163128,-0.13356359562721343,0.0069884411778223165,72704314765870.23,316799421012844.4,321622927847501.0,314585486893928.0,24732.4265684814,40525347119.47909,1.0,161.57665618632316,3.4348058973745613e-07,3.4348058973745613e-07,0.052553004939128956,7434.039244719127,161.57665618632316
2059.0,1219.4640119604724,9810594843.061306,543.9768694620732,0.00017473301039555217,2.218128346717651,0.23103779005218666,612326893250872.2,0.5071457089828979,0.5071457089828979,4179936968765.5996,2.098894577112588,33477.682499064555,32966.36520867436,32730.51257845775,511.31729039019325,235.85263021661103,0.47488936722738406,0.015273377731701721,0.015273377731701725,0.015273377731701728,0.007154341363498324,235.85263021661103,-164931145.2402011,-0.01681153364078134,4.103402242900409,1.2906645446510674,0.0,0.0,12954884597669.602,-4.936448042687862,0.007154341363498462,0.007154341363498462,2313854597725.5293,5016326772270.11,246918223990213.97,40256816883.20495,-0.05757127564447495,0.29233856033915273,-0.1343005723489235,0.007154341363498324,74187573922756.83,323419652510696.3,328435979282966.44,321105797912970.8,25168.52728505557,40256816883.20495,1.0,165.2450073388008,3.340707561948707e-07,3.340707561948707e-07,0.05250776436003379,7561.9852934021765,165.2450073388008
2060.0,1234.7296615155963,9840414600.983875,543.1925936107673,0.00017280627025933337,2.2277765809133814,0.23096950234021624,625281777848541.9,0.5057861290419299,0.5057861290419299,4220193785648.8047,2.117789245808291,34079.294373239696,33549.37485881484,33303.72959369791,529.9195144248607,245.64526511692395,0.48196357067453394,0.015549603481255557,0.015549603481255557,0.015549603481255553,0.007321902901340726,245.64526511692395,-163743046.04710877,-0.016639852352434138,4.063041446026841,1.2879763125313173,0.0,0.0,13165726553626.14,-4.9132128560196096,0.007321902901340938,0.007321902901340938,2417251253519.1333,5214627727092.685,252028602622563.4,39982012369.88517,-0.05720281986986765,0.29233339177933415,-0.13501597501986876,0.007321902901340726,75693904338480.33,330139758214562.9,335354385941655.5,327722506961043.75,25611.583743368374,39982012369.88517,1.0,168.95715223944097,3.249413826707135e-07,3.249413826707135e-07,0.0524734888735201,7692.145850329539,168.95715223944097
2061.0,1250.1630995305404,9869401074.74304,542.444388319156,0.00017091618392378616,2.2373644291986556,0.23089993192144115,638447504402168.0,0.5044408576311424,0.5044408576311424,4260175798018.69,2.1365270049184275,34691.01402368062,34141.99472687707,33886.19353964353,549.0192968035515,255.8011872335408,0.4890809592239039,0.01582598007739936,0.015825980077399365,0.015825980077399365,0.0074922742294307254,255.8011872335408,-162554292.96695882,-0.016470532683381812,4.022377321405793,1.2852936795364205,0.0,0.0,13376599619272.836,-4.890125007521015,0.007492274229430995,0.007492274229430995,2524604512203.253,5418491637927.639,257215084879618.88,39698455058.904366,-0.05682592784157065,0.2922725824784115,-0.1357096987511491,0.0074922742294307254,77221350059489.64,336961039451311.75,342379531089239.4,334436434939108.5,26061.87375826306,39698455058.904366,1.0,172.72867008132593,3.160800528577096e-07,3.160800528577096e-07,0.05243559195128977,7824.31978138047,172.72867008132593
2062.0,1265.7658794810905,9897574952.878813,541.7251505760918,0.00016906188760892104,2.2468916374606005,0.23082960264546482,651824104021440.9,0.5031097441642922,0.5031097441642922,4299874253077.594,2.1551054232430022,35312.93943682142,34744.31600668735,34477.98305734254,568.6234301340668,266.3329493448138,0.49624414881192697,0.016102410028805286,0.016102410028805286,0.016102410028805282,0.007665511368638019,266.3329493448138,-161365575.68420973,-0.016303546722550948,3.981358758755849,1.282616634004364,0.0,0.0,13587827143972.047,-4.8671790001529995,0.007665511368638245,0.007665511368638245,2636050328561.571,5627993019714.975,262478183988017.47,39405796729.08657,-0.05643885855395588,0.2921559120028261,-0.1363815106022664,0.007665511368638019,78770237546116.14,343884471862695.2,349512464882410.1,341248421534133.6,26519.443928199096,39405796729.08657,1.0,176.55972245518643,3.0747929666107114e-07,3.0747929666107114e-07,0.052392777185975126,7958.539129143447,176.55972245518643
2063.0,1281.5395659837068,9924956569.475285,541.0292026852485,0.00016724254158575,2.256352233600612,0.23076001060433313,665411931165412.9,0.5017926396399398,0.5017926396399398,4339280049806.6807,2.173521296463163,35945.175606564975,35356.43735878846,35079.1901017318,588.7382477765144,277.24725705665986,0.5034509954947765,0.01637878346236228,0.016378783462362278,0.016378783462362278,0.007841493028362068,277.24725705665986,-160177619.77584532,-0.01613887362172242,3.9399733487168676,1.2799451642974244,0.0,0.0,13800082546501.68,-4.844392408132215,0.007841493028362234,0.007841493028362234,2751666985293.499,5843201539970.885,267818162589012.44,39104064370.905014,-0.056040428858106055,0.2919830953960943,-0.13703116188739958,0.007841493028362068,80341275663042.98,350911105237348.94,356754306777319.8,348159438252055.44,26984.31582186475,39104064370.905014,1.0,180.4480667671827,2.9913219346299966e-07,2.9913219346299966e-07,0.05234570631007651,8094.874279867048,180.4480667671827
2064.0,1297.4857348435114,9951565899.661053,540.3520062261792,0.000165457329412319,2.265740245520085,0.23069265189009205,679212013711914.5,0.5004893966247711,0.5004893966247711,4378384114177.5854,2.191770897716061,36587.840100847425,35978.47030196916,35689.92029630658,609.3697988782617,288.55000566257723,0.510698607031707,0.01665498146921627,0.016654981469216262,0.016654981469216266,0.008020074317800677,288.55000566257723,-158991086.81248695,-0.015976489370170592,3.898216617330034,1.2772792588021176,0.0,0.0,14014044781836.484,-4.821784088251604,0.00802007431780094,0.00802007431780094,2871524396698.707,6064183710800.223,273235347629317.6,38793359558.513626,-0.055630000537897926,0.2917538611516092,-0.13765840788595396,0.008020074317800677,81935246153027.92,358042118179044.2,364106301889844.44,355170593782345.5,27456.5179374056,38793359558.513626,1.0,184.39122328680358,2.9103177840643814e-07,2.9103177840643814e-07,0.05229498373821517,8233.402358900987,184.39122328680358
2065.0,1313.6059731022074,9977422556.032927,539.6899334190591,0.00016370545719679596,2.2750497011204143,0.23062902259478743,693226058493751.0,0.49919986923709386,0.49919986923709386,4417177473736.099,2.209850220424444,37241.062990738596,36610.53903950219,36310.29281556257,630.5239512364016,300.24622393961624,0.5179834272128325,0.01693087953459344,0.016930879534593442,0.01693087953459345,0.008201087222880148,300.24622393961624,-157806579.6521963,-0.015816367279821913,3.8560912881688694,1.2746189059291477,0.0,0.0,14230399375425.383,-4.799373920340021,0.008201087222880377,0.008201087222880377,2995683447098.8403,6291003893185.078,278730129329353.84,38473852196.69814,-0.0552072840581245,0.29146796597690744,-0.13826301168756794,0.008201087222880148,83553005224800.47,365278818001253.2,371569821894438.3,362283134554154.3,27936.08547337884,38473852196.69814,1.0,188.38646686216484,2.8317108316485916e-07,2.8317108316485916e-07,0.0522411628153443,8374.207342183729,188.38646686216484
2066.0,1329.9018790859168,10002545785.939575,539.0400843730642,0.0001619861528865637,2.284274628302995,0.2305706188104652,707456457869176.4,0.4979239131305081,0.4979239131305081,4455651325932.797,2.227755133179481,37904.986809492315,37252.780347279106,36940.44033674391,652.2064622132068,312.3400105351943,0.5253013043502902,0.0172063498001239,0.017206349800123893,0.01720634980012389,0.008384340916932586,312.3400105351943,-156624647.1405631,-0.01565847840064156,3.8136066786733216,1.2719640941133588,0.0,0.0,14449839515547.016,-4.777182599617454,0.008384340916932853,0.008384340916932853,3124195256159.1304,6523725000173.2705,284302960518585.4,38145775412.99485,-0.054772225952799666,0.291125207875581,-0.1388447476717703,0.008384340916932586,85195485302464.66,372622641077209.25,379146366077382.56,369498445821050.06,28423.060149169793,38145775412.99485,1.0,192.43081902279442,2.755431698677731e-07,2.755431698677731e-07,0.05218475091804686,8517.380187574112,192.43081902279442
2067.0,1346.3750624529548,10026954469.564756,538.4001410102345,0.0001602986655823095,2.293409054969223,0.23051893662917136,721906297384723.4,0.4966613854777485,0.4966613854777485,4493797101345.792,2.245481484042823,38579.76654170183,37905.34350946397,37580.50904562402,674.4230322378554,324.83446383994766,0.5326475469370142,0.01748126265898614,0.017481262658986144,0.01748126265898615,0.008569621952082957,324.83446383994766,-155445788.34072423,-0.015502791880880228,3.7707782076958605,1.2693148118136819,0.0,0.0,14673067174850.75,-4.755231470500429,0.008569621952083217,0.008569621952083217,3257100379068.6343,6762409037474.78,289954356230215.5,37809421403.39339,-0.05432494325125051,0.29072543782636073,-0.13940340468571047,0.008569621952082957,86863696913323.1,380075153522607.2,386837562560082.0,376818053143538.56,28917.490062443816,37809421403.39339,1.0,196.52104053866796,2.6814115933012954e-07,2.6814115933012954e-07,0.052126213748964645,8663.018983180205,196.52104053866796
2068.0,1363.0271442414892,10050667118.75277,537.7682503046077,0.00015864226487614767,2.3024470090204936,0.23047547214295172,736579364559574.1,0.4954121449546964,0.4954121449546964,4531606522749.186,2.2630251752936665,39265.5696420394,38568.390292746975,38230.65868655854,697.1793492924228,337.73160618843343,0.5400169689618862,0.017755487966892827,0.017755487966892827,0.017755487966892823,0.008756694371347563,337.73160618843343,-154270456.38119662,-0.015349275282767569,3.7276269950837118,1.2666710475130867,0.0,0.0,14900794246979.766,-4.733542393548259,0.008756694371347629,0.008756694371347629,3394427949281.6475,7007117561806.806,295684893486316.7,37465138070.46305,-0.05386568455215965,0.29026857029219055,-0.1399387889727504,0.008756694371347563,88558730702937.19,387638052138535.5,394645169700342.4,384243624189253.9,29419.429575437924,37465138070.46305,1.0,200.65362450739696,2.6095825448730086e-07,2.6095825448730086e-07,0.05206597902680077,8811.229111120618,200.65362450739696
2069.0,1379.8597569171493,10073701876.521624,537.1429309534897,0.0001570162402128489,2.311382518358202,0.23044172144385222,751480158806553.9,0.4941760517245605,0.4941760517245605,4569071660819.648,2.280382220542094,39962.57608267383,39242.09495339604,38891.06265020212,720.481129277798,351.0323031939167,0.547403926937664,0.01802889602980749,0.01802889602980749,0.01802889602980749,0.008945299775937117,351.0323031939167,-153099061.98141697,-0.015197894861097573,3.6841795373448623,1.2640327897185313,0.0,0.0,15133743692384.172,-4.712137638921527,0.008945299775937388,0.008945299775937388,3536194771404.266,7257912104004.172,301495211226221.56,37113326318.7935,-0.05339480635289427,0.28975459275288085,-0.1404507268957672,0.008945299775937117,90281759573039.56,395313165570665.4,402571077674669.56,391776970799261.1,29928.939224308837,37113326318.7935,1.0,204.8247900443958,2.5398775975189535e-07,2.5398775975189535e-07,0.052005159969017445,8962.123425893282,204.8247900443958
2070.0,1396.8745444205238,10096076517.212223,536.5229987783903,0.00015541990027329242,2.320211798293237,0.2304187712822237,766613902498938.0,0.49295296742222383,0.49295296742222383,4606184987138.442,2.2975487910412378,40670.97842823338,39926.64427307923,39561.90510883192,744.3341551541417,364.7391642473144,0.5548040968225634,0.018301358460494587,0.018301358460494587,0.018301358460494587,0.009135232146049445,364.7391642473144,-151931942.0239711,-0.015048612375802722,3.64045316480166,1.2614000269609105,0.0,0.0,15372480247962.047,-4.691031578752356,0.009135232146049721,0.009135232146049721,3682434511064.9233,7514854584810.7295,307386150647600.4,36754293709.164955,-0.052912758240215796,0.28918357442208875,-0.14093906749152496,0.009135232146049445,92033870497855.83,403102455656521.1,410617310241331.9,399420021145456.2,30446.09954407094,36754293709.164955,1.0,209.03152947919747,2.4722292761464754e-07,2.4722292761464754e-07,0.051958272924342186,9115.80556476098,209.03152947919747
2071.0,1414.073162214569,10117808447.224546,535.9075070968607,0.00015385257237929026,2.3289725488433546,0.2303996244587437,781986382746900.0,0.4917427551387557,0.4917427551387557,4642939280847.607,2.314521255173559,41390.97923055061,40622.23496421164,40243.32224567018,768.744266338972,378.9127185414604,0.562246411870219,0.0185727489571342,0.018572748957134195,0.018572748957134195,0.009327717169557118,378.9127185414604,-150768722.02020937,-0.014901322040897828,3.596193105841115,1.2587727477950084,0.0,0.0,15614150430067.25,-4.670082883411874,0.00932771716955727,0.00932771716955727,3833766304419.605,7778007231719.888,313361437056864.0,36385592984.12991,-0.05241998263780273,0.28855564501226355,-0.14140367737414367,0.009327717169557118,93812788704757.27,411007992066040.8,418785999297760.75,407174225761621.25,30971.27591329556,36385592984.12991,1.0,213.29100905735407,2.4065392039840555e-07,2.4065392039840555e-07,0.05191641536759373,9272.046332374615,213.29100905735407
2072.0,1431.4572773319433,10138914706.294422,535.2956990608017,0.0001523136019189705,2.3376765126143435,0.23038136709738435,797600533176967.2,0.49054527940608617,0.49054527940608617,4679324873831.737,2.331296173743067,42122.73681659881,41329.02047120787,40935.43757702484,793.7163453909371,393.58289418303315,0.5697400169366764,0.01884294339294133,0.01884294339294133,0.018842943392941333,0.009523160474060237,393.58289418303315,-149609453.55166525,-0.014755963324041475,3.551299350656333,1.2561509407994476,0.0,0.0,15857638942875.672,-4.649247919914897,0.009523160474060322,0.009523160474060322,3990503393978.2764,8047422326910.436,319423217797722.06,36006321212.823326,-0.05191518522196336,0.2878704338142723,-0.1418442970281955,0.009523160474060237,95617692260572.4,419031413452272.7,427078835779183.1,415040910058294.44,31504.675505300216,36006321212.823326,1.0,217.6088293440174,2.3427345683321383e-07,2.3427345683321383e-07,0.051873646711719124,9430.762071724621,217.6088293440174
2073.0,1449.0285684222117,10159411969.267029,534.6869695597493,0.00015080235179193953,2.346318593058448,0.2303641280151611,813458172119842.9,0.48936040618184234,0.48936040618184234,4715331195044.561,2.347869537687565,42866.39331006063,42047.13905007344,41638.38255042121,819.2542599871862,408.75649965222954,0.5772804770638094,0.019111807565926228,0.019111807565926228,0.019111807565926228,0.009721386731340894,408.75649965222954,-148454457.9847099,-0.014612504979008192,3.505781635782638,1.2535345945766383,0.0,0.0,16103157635293.828,-4.628546505245564,0.009721386731341042,0.009721386731341042,4152725675082.5547,8323141534786.821,325572507216390.5,35616679912.20667,-0.051397081290726884,0.2871273971935028,-0.14226062256601588,0.009721386731340894,97448974847278.12,427174207738751.2,435497349273538.06,423021482063668.6,32046.392862231725,35616679912.20667,1.0,221.98242582563648,2.2807587258943469e-07,2.2807587258943469e-07,0.05183019021953794,9591.98968818948,221.98242582563648
2074.0,1466.7887257989837,10179316548.325655,534.0808347695987,0.00014931820187347462,2.3548936936279095,0.23034803602908935,829561329755136.8,0.4881880028343438,0.4881880028343438,4750947874956.768,2.364236776752614,43622.09577385949,42776.73458346008,42352.29514940067,845.3611903994113,424.43943405940445,0.5848630535856993,0.01937919706521743,0.019379197065217426,0.019379197065217426,0.009922202762609115,424.43943405940445,-147304028.46509004,-0.014470915386683731,3.45965330741348,1.2509236977527312,0.0,0.0,16350917760011.75,-4.607998594876272,0.009922202762609245,0.009922202762609245,4320503354882.871,8605199154745.002,331810368138341.2,35216906163.62362,-0.05086508616803193,0.2863260476298485,-0.14265236372603357,0.009922202762609115,99307050735525.44,435437922228749.5,444043121383494.5,431117418873866.6,32596.527140411898,35216906163.62362,1.0,226.4090037004792,2.2205563275311338e-07,2.2205563275311338e-07,0.05178624757957184,9755.76800898877,226.4090037004792
2075.0,1484.7394514869222,10198644395.636581,533.4769078124336,0.00014786054849702987,2.3633967177749704,0.23033321995618447,845912247515148.5,0.4870279381277564,0.4870279381277564,4786164781120.392,2.380393070434233,44389.996174029344,43517.95637954734,43077.319786625725,872.0397944820088,440.63659292161014,0.592482712308165,0.019644962145597144,0.019644962145597147,0.01964496214559715,0.010125397182683456,440.63659292161014,-146158432.42457947,-0.01433116272659848,3.4129312896307313,1.2483182389775662,0.0,0.0,16601130045289.64,-4.587624250465953,0.010125397182683571,0.010125397182683571,4493895918912.377,8893623762766.016,338137911224110.75,34807272569.68519,-0.050319025201608074,0.28546595936764174,-0.14301924558546014,0.010125397182683456,101192354796804.52,443824161939827.7,452717785702593.7,439330266020915.25,33155.182013089965,34807272569.68519,1.0,230.88553106311946,2.162073373919293e-07,2.162073373919293e-07,0.05174200299709386,9922.13777353576,230.88553106311946
2076.0,1502.8824592686635,10217411106.373217,532.8748793010624,0.00014642880395436777,2.3718225689518735,0.230319808613462,862513377560438.1,0.48588008220740175,0.48588008220740175,4820972053690.077,2.396333529373713,45170.25134809956,44270.959042288996,43813.60727291967,899.2923058105666,457.35176936932993,0.6001341299679483,0.019908950669330346,0.019908950669330346,0.019908950669330343,0.01033074004411003,457.35176936932993,-145017913.6492784,-0.014193215105030075,3.365636072189568,1.2457182069246233,0.0,0.0,16854004930503.438,-4.567443615088663,0.010330740044110276,0.010330740044110276,4672951047873.634,9188439193264.863,344556294874056.5,34388087384.00002,-0.0497589731411984,0.28454677389879435,-0.14336101025310902,0.01033074004411003,103105342686547.25,452334588608477.4,461523027801742.25,447661637560603.75,33722.46563115542,34388087384.00002,1.0,235.408732482509,2.105257249493473e-07,2.105257249493473e-07,0.05169762590547777,10091.141641764245,235.408732482509
2077.0,1521.2194747316307,10235631922.084724,532.2745017879695,0.00014502239601265585,2.380166150610861,0.2303079308179372,879367382490941.5,0.48474430658522183,0.48474430658522183,4855360141074.077,2.412053304942326,45963.02298041501,45035.90238549808,44561.314834282224,927.1205949169315,474.5875512158524,0.6078116994158282,0.020171009972777047,0.020171009972777043,0.020171009972777043,0.010537982500128018,474.5875512158524,-143882694.0391436,-0.014057040653122523,3.3177917144920386,1.2431235902909745,0.0,0.0,17109752886572.625,-4.547476894004327,0.010537982500128162,0.010537982500128162,4857703489048.998,9489665156953.926,351066725472179.94,33959694783.68292,-0.049185165272535664,0.283568205318899,-0.14367741855155416,0.010537982500128018,105046491135666.77,460970920096895.7,470460585253849.6,456113216607846.7,34298.49062027204,33959694783.68292,1.0,239.9750830304018,2.0500567407865896e-07,2.0500567407865896e-07,0.0516532728572876,10262.82421401019,239.9750830304018
2078.0,1539.7522353147208,10253321734.376486,531.6755773351277,0.00014364076744789584,2.3884223662041753,0.23029771538662566,896477135377514.1,0.4836204841253965,0.4836204841253965,4889319835857.76,2.4275476590388916,46768.47758552774,45812.95137478524,45320.60616043494,955.526210742499,492.3452143503038,0.615509533891529,0.020430988137150337,0.02043098813715034,0.020430988137150344,0.010746856501833742,492.3452143503038,-142752975.158195,-0.01392260760525876,3.269425862807978,1.2405343777972333,0.0,0.0,17368584776296.562,-4.5277443395885895,0.010746856501833824,0.010746856501833824,5048173887114.22,9797317664372.47,357670457845856.4,33522475258.061634,-0.048597948377355454,0.2825300455888286,-0.14396825169617677,0.010746856501833742,107016298314047.98,469734930047018.6,479532247711391.06,464686756159904.4,34883.37410174974,33522475258.061634,1.0,244.58080281904384,1.996422043577457e-07,1.996422043577457e-07,0.05160908891133498,10437.232058685198,244.58080281904384
2079.0,1558.4824903548815,10270495088.871637,531.0779475783606,0.0001422833755940779,2.396586119184059,0.23028929113654265,913845720153810.8,0.4825084890301118,0.4825084890301118,4922842311115.821,2.442812011874367,47586.78650007146,46602.27608793364,46091.651474978935,984.5104121378216,510.62461295470774,0.623221470696156,0.02068873493141512,0.02068873493141512,0.020688734931415115,0.010957074542694272,510.62461295470774,-141628939.63461012,-0.013789884363809193,3.2205697781856686,1.237950558187506,0.0,0.0,17630712228879.14,-4.5082662394306805,0.010957074542694345,0.010957074542694345,5244367579608.307,10111409352804.488,364368795867494.1,33076846090.224327,-0.047997753820987935,0.28143216972806606,-0.14423331297718583,0.010957074542694272,109015284244260.22,478628447691362.6,488739857044167.06,473384080111754.3,35477.237729493456,33076846090.224327,1.0,249.22185210897408,1.9443047616927232e-07,1.9443047616927232e-07,0.05156520869568193,10614.413745485479,249.22185210897408
2080.0,1577.4120011335974,10287166189.424896,530.4814857856363,0.00014094969190747678,2.4046523130027544,0.2302827868847036,931476432382689.9,0.481408196825479,0.481408196825479,4955919157206.046,2.457841977619362,48418.125883121626,47404.051688032254,46874.62762093912,1014.0741950893746,529.4240670931323,0.6309410745173459,0.020944102577148217,0.02094410257714822,0.02094410257714822,0.011168329462158443,529.4240670931323,-140510752.44637913,-0.013658839553969952,3.171258372827426,1.2353721202293442,0.0,0.0,17896348013833.297,-4.489062906870375,0.011168329462158622,0.011168329462158622,5446273362868.288,10431949773291.68,371163093151905.0,32623261910.88091,-0.04738508295194969,0.2802745409605196,-0.14447242944941896,0.011168329462158443,111043991252102.3,487653357766875.56,498085307540167.25,482207084404007.3,36080.207738206554,32623261910.88091,1.0,253.89392704948833,1.8936578993836857e-07,1.8936578993836857e-07,0.05152175725011121,10794.419882732565,253.89392704948833
2081.0,1596.5425409232123,10303348902.561583,529.8860905091425,0.00013963920154553075,2.4126158511125038,0.23027833144812404,949372780396523.1,0.4803194843476007,0.4803194843476007,4988542419116.927,2.4726333934099802,49262.676724810924,48218.458405814614,47669.71815753943,1044.2183189963127,548.7402482751861,0.6386616406211791,0.021196946419080737,0.021196946419080737,0.021196946419080733,0.011380294319177447,548.7402482751861,-139398562.11489528,-0.013529442071037553,3.1215302529866307,1.232799052713693,0.0,0.0,18165706405593.89,-4.4701546734259345,0.011380294319177642,0.011380294319177642,5653862234857.509,10758945671065.36,378054753818657.6,32162215306.42258,-0.04676049936504519,0.27905721582883347,-0.14468545363361118,0.011380294319177447,113102984445246.2,496811600498761.3,507570546169826.6,491157738263903.8,36692.41499961891,32162215306.42258,1.0,258.59245611576955,1.8444358486459552e-07,1.8444358486459552e-07,0.05147885070889102,10977.303157920522,258.59245611576955
2082.0,1615.8758950331644,10319056762.116539,529.2916805112917,0.0001383514029597666,2.4204716369655506,0.23027605364381923,967538486802117.0,0.47924222972878483,0.47924222972878483,5020704634423.35,2.487182344775674,50120.624862845194,49045.68152886554,48477.113465210045,1074.943333979654,568.5680636554977,0.6463761980913368,0.021447125548039958,0.02144712554803996,0.02144712554803996,0.011592622345779216,568.5680636554977,-138292501.82127014,-0.01340166112168037,3.0714277666778536,1.2302313444548452,0.0,0.0,18439003533616.08,-4.451561882693982,0.011592622345779291,0.011592622345779291,5867086121987.77,11092401279394.846,385045233297238.7,31694237465.089603,-0.04612462499936902,0.27778034928907686,-0.14487226523183716,0.011592622345779216,115192852213827.77,506105171633054.2,517197572912449.0,500238085511066.44,37313.99508439783,31694237465.089603,1.0,263.3125973078203,1.7965943725065304e-07,1.7965943725065304e-07,0.05143457354375691,11163.11838081222,263.3125973078203
2083.0,1635.4138608560895,10334302974.049217,528.6981907090035,0.00013708580750225458,2.428223681368619,0.23027675641400994,985977490335733.1,0.47817631238390274,0.47817631238390274,5052398871888.439,2.501485189201059,50992.16100648785,49885.91139604382,49296.9907881469,1106.2496104440318,588.92060789692,0.6540860860156497,0.021694503402263757,0.021694503402263757,0.021694503402263754,0.011805349274296793,588.92060789692,-137192778.45746318,-0.013275474775799793,3.0209221874973724,1.2276689842903912,0.0,0.0,18716753390336.312,-4.433270605259011,0.011805349274296884,0.011805349274296884,6086083989668.014,11432318639252.545,392135536089713.7,31219125146.625362,-0.04547813838393358,0.2764441997940963,-0.14503277285896654,0.011805349274296793,117314502423909.61,515536122503291.4,526968441142543.9,509450038513623.3,37945.039648481106,31219125146.625362,1.0,268.0548573515116,1.7500939528463897e-07,1.7500939528463897e-07,0.05137998802256427,11351.951139665794,268.0548573515116
2084.0,1655.158247913771,10349100421.412788,528.1055689319037,0.0001358419390450992,2.4359195867784265,0.2302841715400398,1004694243726069.5,0.477121612996891,0.477121612996891,5083617997035.064,2.5155385787804976,51877.48534771286,50739.347875550025,50129.43652805317,1138.137472162837,609.9113474968535,0.6618343056892089,0.02193894836140153,0.02193894836140153,0.02193894836140153,0.012020480613838437,609.9113474968535,-136099972.78884143,-0.013150898845975444,2.969619100333078,1.2251119610811707,0.0,0.0,19000754000542.797,-4.415102804420584,0.012020480613838536,0.012020480613838536,6312033783404.128,11778698992786.102,399324394324510.94,30732886282.692524,-0.04482128743006161,0.2750489773095159,-0.14516687548142135,0.012020480613838437,119470178373149.75,525106606481064.8,536885305473850.94,518794572697660.7,38585.42076742144,30732886282.692524,1.0,272.84725367379144,1.7049107078071684e-07,1.7049107078071684e-07,0.05132643823262284,11544.015760631733,272.84725367379144
2085.0,1675.1108779029994,10363461669.456585,527.5137733311077,0.00013461933361249014,2.4435630462161093,0.23029832597206615,1023694997726612.2,0.476078013507396,0.476078013507396,5114350883317.757,2.529339269320845,52776.82738421252,51606.219904703255,50974.6546362074,1170.6074795092613,631.5652684958511,0.6696236390171588,0.02218033060205193,0.02218033060205193,0.02218033060205193,0.012238161788677955,631.5652684958511,-135014156.11912936,-0.013027901335038075,2.9174722187522897,1.222560263711225,0.0,0.0,19291090316246.953,-4.397045679228644,0.012238161788678092,0.012238161788678092,6545202451816.81,12131545743873.414,406613289347214.6,30235111510.743813,-0.04415169841278034,0.273594075537923,-0.14527426511851727,0.012238161788677955,121660590088908.19,534819081887939.6,546950627631813.06,528273879436122.8,39235.27700648462,30235111510.743813,1.0,277.691794001708,1.661002447888942e-07,1.661002447888942e-07,0.05127583906537847,11739.377629722785,277.691794001708
2086.0,1695.2735847412569,10377398970.842588,526.9227703080184,0.00013341753902485707,2.451149349035648,0.23031859323147924,1042986088042859.2,0.4750453970975581,0.4750453970975581,5144585994828.501,2.542882971193369,53690.41928288328,52486.760513892186,51832.87223854232,1203.6587689911003,653.8882753498706,0.6774488175957574,0.02241850194257715,0.022418501942577145,0.022418501942577145,0.012458156475037159,653.8882753498706,-133935309.05534194,-0.012906443072263138,2.8645057498925377,1.2200138810877466,0.0,0.0,19587550290381.234,-4.379118075456753,0.01245815647503723,0.01245815647503723,6785659515661.782,12490847270573.9,414004235929397.25,29726119020.907497,-0.04346779934385465,0.27207882204067607,-0.1453546156309589,0.012458156475037159,123886159094667.19,544676054539726.2,557166901810300.06,537890395024064.44,39894.79802141425,29726119020.907497,1.0,282.5851586732443,1.6183255424008446e-07,1.6183255424008446e-07,0.051228046580504394,11938.07421712806,282.5851586732443
2087.0,1715.648214612303,10390924270.958014,526.3325328587852,0.00013223611455469043,2.4586737845910225,0.23034434683966934,1062573638333240.5,0.47402364817893566,0.47402364817893566,5174312113849.408,2.5561647087554675,54618.491329518816,53381.20216214946,52704.31726840835,1237.2891673693591,676.8848937411125,0.6853043383155272,0.02265330178940076,0.022653301789400768,0.02265330178940077,0.012680210754434177,676.8848937411125,-132863412.32873052,-0.012786486443758953,2.8107463803045465,1.2174728021410341,0.0,0.0,19889927514507.53,-4.361338849147188,0.012680210754434262,0.012680210754434262,7033459671019.361,12856578039411.705,421499278140744.3,29206252782.613895,-0.042768919843947165,0.2705026277812021,-0.1454076208131896,0.012680210754434177,126147291347831.6,554680029159595.2,567536607199006.9,547646569488575.9,40564.175731586125,29206252782.613895,1.0,287.5237900846648,1.5768383302474006e-07,1.5768383302474006e-07,0.05118292360139365,12140.141536822226,287.5237900846648
2088.0,1736.2366260115843,10404049213.30725,525.7430392510028,0.00013107463059360594,2.4661316422362116,0.23037496031802662,1082463565847748.0,0.4730126523795661,0.4730126523795661,5203518366632.022,2.569179220547233,55561.272076939444,54289.776588289766,53589.218445191764,1271.495488649676,700.5581430980002,0.6931844619920272,0.022884564033900278,0.02288456403390028,0.022884564033900275,0.012904052790836307,700.5581430980002,-131798447.22151701,-0.01266799536597163,2.7562234397209817,1.214937015824441,0.0,0.0,20198019796980.047,-4.343726859161199,0.012904052790836396,0.012904052790836396,7288641397574.736,13228701638409.377,429100489624692.8,28675884309.72808,-0.04205490503343613,0.26886499002526987,-0.14543299553137132,0.012904052790836307,128444376381754.86,564833507404022.5,578062209042431.9,557544866006447.7,41243.60437240665,28675884309.72808,1.0,292.50388738070035,1.536501011657775e-07,1.536501011657775e-07,0.05114034245249255,12345.614072785113,292.50388738070035
2089.0,1757.040689791527,10416785144.96769,525.1542719659785,0.0001299326683302502,2.473518211325194,0.23040980718794143,1102661585644728.0,0.4720122965311636,0.4720122965311636,5232194250941.751,2.581921187125337,56518.98846707002,55212.71476137882,54487.80535647654,1306.2737056911978,724.9094049022788,0.7010832123123691,0.023112121096298097,0.0231121210962981,0.023112121096298097,0.013129392532774922,724.9094049022788,-130740395.63279814,-0.01255093522745435,2.700969061108241,1.2124065111143303,0.0,0.0,20511628106368.594,-4.326300962843021,0.013129392532775008,0.013129392532775008,7551225520433.426,13607172532705.965,436809974748394.3,28135414392.76965,-0.0413259028267557,0.2671654955184588,-0.14543047694161784,0.013129392532774922,130777786670841.4,575138986939669.1,588746159472375.1,567587761419235.8,41933.2806301967,28135414392.76965,1.0,297.52140162890936,1.4972755399618443e-07,1.4972755399618443e-07,0.051100185934519926,12554.524726279842,297.52140162890936
2090.0,1778.0622892066774,10429143122.095034,524.5662168532685,0.00012880981943865668,2.4808287812119505,0.23044826097080395,1123173213751096.6,0.4710224686564513,0.4710224686564513,5260329665334.5205,2.5943853639050682,57491.86593326265,56150.24688091237,55400.308593602706,1341.619052350282,749.9382873096616,0.7089943751557891,0.02333580638881424,0.02333580638881424,0.023335806388814235,0.013355921460152912,749.9382873096616,-129689239.95533302,-0.01243527281551782,2.6450183371106135,1.209881277010024,0.0,0.0,20830555724928.03,-4.309080013440473,0.013355921460153186,0.013355921460153186,7821213731091.287,13991937112290.6,444629870230876.3,27585274798.292397,-0.040582247231813307,0.265403823926388,-0.1453998257859407,0.013355921460152912,133147877100037.7,585598961062005.4,599590898174295.9,577777747330914.0,42633.40382096107,27585274798.292397,1.0,302.57203153128467,1.4591255173752194e-07,1.4591255173752194e-07,0.05106234735099191,12766.904772641628,302.57203153128467
2091.0,1799.3033199586828,10441133915.464727,523.9788624548866,0.00012770568577667987,2.4880586412504604,0.23048969518800444,1144003769476024.8,0.47004305795662676,0.47004305795662676,5287914940132.8125,2.606566661844246,58480.12848662836,57102.60239862207,56326.95991196252,1377.5260880062963,775.6424866595461,0.7169114983414313,0.02355545590706545,0.023555455907065447,0.023555455907065447,0.0135833123899492,775.6424866595461,-128644962.87438875,-0.012320976238399568,2.5884094727860587,1.2073613025337573,0.0,0.0,21154607522728.28,-4.2920828585118755,0.013583312389949365,0.013583312389949365,8098587073736.384,14382934356919.988,452562347021483.25,27025929933.41669,-0.039824394793543286,0.26357975152368923,-0.14534082776339746,0.0135833123899492,135554984470330.77,596215918565550.4,610598852922470.4,588117331491814.0,43344.176090987334,27025929933.41669,1.0,307.65121972755367,1.422016096870758e-07,1.422016096870758e-07,0.05102673003592262,12982.783820975186,307.65121972755367
2092.0,1820.7656902411327,10452768016.037258,523.3921994651328,0.000126619879094148,2.495203080794703,0.23053348336093313,1165158376998753.0,0.4690739547989594,0.4690739547989594,5314940870066.2295,2.6184601996772994,59483.998788664845,58070.01004600766,57267.99239949587,1413.988742657185,802.0176465117828,0.7248278918522926,0.023770909344558586,0.023770909344558583,0.02377090934455859,0.013811219351888539,802.0176465117828,-127607547.14841908,-0.012208014848567959,2.5311839344049076,1.204846576730631,0.0,0.0,21483589300399.844,-4.275328338879028,0.01381121935188867,0.01381121935188867,8383304403755.839,14780096304283.76,460609612295840.06,26457878472.254967,-0.03905289044520398,0.261693155117692,-0.14525329497385256,0.013811219351888539,137999427000275.16,606992343699871.1,621772440004154.9,598609039296115.2,44065.80262655264,26457878472.254967,1.0,312.75414974580127,1.3859138908847146e-07,1.3859138908847146e-07,0.05099324663022564,13202.189772943228,312.75414974580127
2093.0,1842.4513207842442,10464055640.535887,522.8062202988283,0.00012555202075038968,2.502257389198658,0.23057899901098028,1186641966299152.8,0.46811505070451864,0.46811505070451864,5341398748538.484,2.6300613408163,60503.69821158905,59052.69785856719,58223.640643647515,1451.0003530218587,829.0572149196722,0.7327366285807241,0.02398201094993446,0.023982010949934456,0.023982010949934462,0.014039277543344195,829.0572149196722,-126576975.40231568,-0.012096359169955006,2.473386594000033,1.2023370886685611,0.0,0.0,21817307169601.516,-4.258835287872598,0.014039277543344442,0.014039277543344442,8675300826107.169,15183348428457.943,468773911490177.44,25881654940.17189,-0.03826834962085031,0.2597440161925194,-0.1451370674316185,0.014039277543344195,140481503799516.8,617930716115801.5,633114064544259.5,609255415289694.2,44798.49186526024,25881654940.17189,1.0,317.8757436569545,1.35078688691102e-07,1.35078688691102e-07,0.05096181824181878,13425.14877838727,317.8757436569545
2094.0,1864.3621448993808,10475006737.026377,522.2209187461963,0.00012450174144080194,2.5092168558163044,0.23062561565953615,1208459273468754.2,0.46716623833603105,0.46716623833603105,5367280403478.656,2.6413657221697084,61539.446887247585,60050.893191558855,59194.140890833325,1488.553695688731,856.7523007255245,0.7406305456378945,0.024188610248903522,0.02418861024890352,0.024188610248903526,0.01426710337167733,856.7523007255245,-125553229.94811888,-0.01198598083038185,2.415065869298276,1.1998328274382353,0.0,0.0,22155566952278.562,-4.2426225307216665,0.01426710337167747,0.01426710337167747,8974486122062.717,15592609990764.969,477057530324813.6,25297831251.2619,-0.03747144934624596,0.25773242525887025,-0.14499201464606135,0.01426710337167733,143001494299154.03,629033510746030.4,644626120736795.4,620059024623967.6,45542.455704447566,25297831251.2619,1.0,323.0106604903206,1.3166043696974928e-07,1.3166043696974928e-07,0.05093237356219227,13651.68518638576,323.0106604903206
2095.0,1886.5001085234233,10485630990.489065,521.6362896970044,0.00012346868093214168,2.5160767700016216,0.23067270682799096,1230614840421032.8,0.466227411485865,0.466227411485865,5392578234729.918,2.6523692788802213,62591.46374513983,61064.82272428591,60179.73119453967,1526.6410208539219,885.0915297462367,0.7485022462670106,0.024390562698295475,0.024390562698295478,0.024390562698295485,0.014494294591544431,885.0915297462367,-124536292.63951069,-0.011876852499622642,2.356273858617419,1.1973337821530623,0.0,0.0,22498173586532.156,-4.226708883999584,0.01449429459154461,0.01449429459154461,9280743173726.514,16007794399617.746,485462796784131.25,24707018193.998055,-0.03666292427234549,0.25565858639423666,-0.144818037266044,0.014494294591544431,145559657628635.44,640303197586493.2,656310991986111.0,631022454412766.8,46297.909703714315,24707018193.998055,1.0,328.1532954677166,1.2833368496067929e-07,1.2833368496067929e-07,0.05090484797761796,13881.821490825352,328.1532954677166
2096.0,1908.8671702629629,10495937828.374434,521.0523289200669,0.00012245248780623288,2.5228324211085895,0.23071964603773498,1253113014007565.0,0.4652984650641425,0.4652984650641425,5417285252923.916,2.663068267182558,63659.96653985855,62094.71245108354,61180.65154928373,1565.2540887750065,914.0609017998152,0.7563441023977694,0.024587730309204223,0.024587730309204223,0.02458773030920422,0.014720430544225267,914.0609017998152,-123526144.76186053,-0.011768947833124859,2.297066470274557,1.1948399419491262,0.0,0.0,22844930530709.22,-4.211113155073005,0.014720430544225338,0.014720430544225338,9593926396638.729,16428809601391.344,493992083029256.25,24109866859.64526,-0.035843565413226364,0.25352282195770953,-0.1446150687848502,0.014720430544225267,148156231931465.75,651742241357360.8,668171050958752.0,642148314960722.0,47065.073279474986,24109866859.64526,1.0,333.2977801137445,1.2509559966527447e-07,1.2509559966527447e-07,0.0508791826944468,14115.578269808744,333.2977801137445
2097.0,1931.4653014383434,10505936426.134096,520.4690328869968,0.00012145281921179507,2.529479098491188,0.2307658068101584,1275957944538274.2,0.4643792950869753,0.4643792950869753,5441395119783.562,2.6734592865837405,64745.17186809219,63140.787657832574,62197.144008224124,1604.3842102596136,943.6436496084516,0.7641482578773835,0.02477998225919126,0.02477998225919126,0.02477998225919126,0.014945072505622967,943.6436496084516,-122522766.95722409,-0.011662241421187543,2.23750354601776,1.1923512959851383,0.0,0.0,23195639159457.938,-4.195854141521406,0.014945072505623158,0.014945072505623158,9913860191711.55,16855558516080.86,502647807224224.56,23507070007.712193,-0.03501422034566462,0.251325577462869,-0.14438307730198488,0.014945072505622967,150791433613285.38,663353101029221.4,680208659545302.2,653439240837509.9,47844.16988987868,23507070007.712193,1.0,338.43798329942314,1.2194345797202538e-07,1.2194345797202538e-07,0.05085532388758396,14352.97411834545,338.43798329942314
2098.0,1954.2964861275175,10515635712.719784,519.8863986313299,0.00012046934062410955,2.536012091503396,0.2308105626666515,1299153583697732.2,0.46346979866482535,0.46346979866482535,5464902189791.273,2.683539302014257,65847.29517520522,64203.272883158046,63229.45278245967,1644.0222920471704,973.8201006983741,0.7719066324115083,0.02496719550397306,0.024967195503973055,0.024967195503973055,0.015167764149198518,973.8201006983741,-121526139.18251936,-0.011556708743297424,2.177648977961283,1.1898678334423909,0.0,0.0,23550098146676.14,-4.180950630506211,0.015167764149198626,0.015167764149198626,10240337428668.2,17287939526758.658,511432435258512.9,22899363362.417404,-0.034175794178523344,0.24906742659155712,-0.14412206733798533,0.015167764149198518,153465456516449.4,675138229203630.4,692426168730389.1,664897891774962.2,48635.42720863569,22899363362.417404,1.0,343.56751327566553,1.1887464104990212e-07,1.1887464104990212e-07,0.05082788694585072,14594.02557382399,343.56751327566553
2099.0,1977.3627212097454,10525044376.0436,519.3044236359176,0.00011950172561224961,2.542451228769486,0.23085478659689998,1322703681844408.5,0.4625698739909878,0.4625698739909878,5487801553153.69,2.6933056662902155,66966.5507513123,65282.39186363572,64277.73207790872,1684.158887676584,1004.6597857270045,0.7796384585745149,0.025149255393650097,0.025149255393650094,0.0251492553936501,0.015389445102219526,1004.6597857270045,-120536444.68100989,-0.011452345507954993,2.1173062787977415,1.1873895435247095,0.0,0.0,23908893135493.484,-4.166328863796135,0.015389445102219734,0.015389445102219734,10574088827603.178,17725847029104.277,520346721191496.1,22284742542.021973,-0.033329250905048666,0.2467490763305878,-0.1438320816981034,0.015389445102219526,156179261319934.38,687100071339033.6,704825918368137.9,676525982511430.5,49438.90995613039,22284742542.021973,1.0,348.6994230231181,1.1588721751219244e-07,1.1588721751219244e-07,0.050788436161512296,14838.822121778328,348.6994230231181
2100.0,2000.666016409107,10534170868.393435,518.7231057429201,0.00011854965561361307,2.5488532594363242,0.230901831429761,1346612574979902.0,0.4616794203301947,0.4616794203301947,5510086295695.713,2.702756143054437,68103.16370725725,66378.37914930603,65341.9951931475,1724.784557951223,1036.3839561585194,0.7874056763444516,0.02532605629549373,0.02532605629549373,0.025326056295493737,0.015613276031151094,1036.3839561585194,-119554177.54601504,-0.01134917774162213,2.055861686615267,1.1849164154584066,0.0,0.0,24273955203280.67,-4.151775793655232,0.015613276031151258,0.015613276031151258,10917445679435.414,18169175244624.62,529388529545087.3,21656798288.588737,-0.032473863600281844,0.244370807001427,-0.14351305831882857,0.015613276031151094,158935212701270.88,699241187925793.8,717410363170418.4,688323742246358.2,50254.4088337751,21656798288.588737,1.0,353.87775173395846,1.1298019326792675e-07,1.1298019326792675e-07,0.05074996035574042,15087.586359372399,353.87775173395846
2101.0,2024.2083943378414,10543023411.79797,518.1424430818618,0.00011761281971550375,2.5552155967813186,0.23095163870259325,1370886530183182.8,0.4607983380073391,0.4607983380073391,5531743093984.302,2.711888163094676,69257.39033764988,67491.50087263144,66422.49696140752,1765.8894650184404,1069.0039112239226,0.7952048453950332,0.025497487797464167,0.025497487797464167,0.025497487797464167,0.015839089328318904,1069.0039112239226,-118579323.17892897,-0.011247183900420352,1.99332312368216,1.182448438492234,0.0,0.0,24645380121551.375,-4.137302073234402,0.015839089328319123,0.015839089328319123,11270533263337.414,18617813972336.81,538559907394329.3,21015652360.259274,-0.031605198291282145,0.24193159000501954,-0.14316460185295662,0.015839089328318904,161734033139869.66,711564473797536.4,730182287769873.1,700293940534199.0,51082.11244145243,21015652360.259274,1.0,359.10015847176675,1.1015115158327832e-07,1.1015115158327832e-07,0.05071317677806331,15340.384519955089,359.10015847176675
2102.0,2047.9918905395007,10551610003.336288,517.562434012125,0.0001166909144435194,2.5615326363907247,0.23100397052416655,1395531910304734.0,0.4599265283963177,0.4599265283963177,5552758746344.561,2.7206972033335757,70429.49020323697,68622.02973736833,67519.51214825206,1807.460465868648,1102.5175891162633,0.8030289107944847,0.025663404074811498,0.025663404074811495,0.025663404074811495,0.016066525477836224,1102.5175891162633,-117611834.52201091,-0.01114634017792768,1.9297344218414474,1.1799856018973365,0.0,0.0,25023176042712.875,-4.122929769529587,0.01606652547783649,0.01606652547783649,11633335622173.371,19071617932294.496,547863192730696.25,20361805029.284584,-0.030720876159895875,0.23943045023121456,-0.14278632736507763,0.016066525477836224,164576367073186.25,724072895426055.9,743144513358350.4,712439559803882.5,51922.23675415114,20361805029.284584,1.0,364.36163011181395,1.0739768189462863e-07,1.0739768189462863e-07,0.05067810505106496,15597.275394100925,364.36163011181395
2103.0,2072.0185535319274,10559938420.387594,516.983077076983,0.00011578364355651152,2.5677987738507975,0.23105858900325063,1420555086347447.0,0.4590638939089908,0.4590638939089908,5573120551373.845,2.7291777025100283,71619.72482633809,69770.24278533108,68633.32243390514,1849.4820410070065,1136.9203514259466,0.81087055304666,0.025823640700820737,0.02582364070082074,0.025823640700820747,0.016295204173561794,1136.9203514259466,-116651660.24563435,-0.011046623152690008,1.865143444518055,1.1775278949672054,0.0,0.0,25407359656475.312,-4.108680968251502,0.016295204173562006,0.016295204173562006,12005808899943.42,19530416462646.754,557300790197424.6,19695799919.300266,-0.029819894557722004,0.23686654140093655,-0.14237787994502188,0.016295204173561794,167462868291220.03,736769467388588.0,756299883851234.9,724763658488644.6,52775.00379372187,19695799919.300266,1.0,369.6568631608728,1.0471745653705455e-07,1.0471745653705455e-07,0.050644752199700216,15858.318640183268,369.6568631608728
2104.0,2096.2904448500367,10568016225.817007,516.4043709668598,0.00011489071784789216,2.574008404747793,0.2311152562486152,1445962446003922.2,0.4582103379842588,0.4582103379842588,5592816351293.145,2.737323671971818,72828.35784704039,70936.42086980076,69764.2160801474,1891.9369772396267,1172.204789653366,0.8187221865241525,0.025978026048770943,0.025978026048770943,0.02597802604877094,0.016524724186534202,1172.204789653366,-115698746.28254674,-0.010948009901792344,1.7996022585128502,1.1750753070176323,0.0,0.0,25797954197415.375,-4.094577762488453,0.01652472418653439,0.01652472418653439,12387879237037.186,19994020673691.555,566875168718593.9,19018225867.980732,-0.02890204018678249,0.23423915126284997,-0.1419389366575017,0.016524724186534202,170394198797807.56,749657246753438.6,769651267427130.1,737269367516401.4,53640.64140380037,19018225867.980732,1.0,374.98025903584147,1.0210822971661129e-07,1.0210822971661129e-07,0.05061311919060474,16123.574676347027,374.98025903584147
2105.0,2120.8096390884043,10575850773.09386,515.8263144899605,0.00011401185495307068,2.5801559246679675,0.23117373436903013,1471760400201337.5,0.45736576507725296,0.45736576507725296,5611834577161.125,2.745129044486963,74055.65514810097,72120.84837228707,70912.48784366767,1934.8067758138884,1208.3605286194002,0.8265759585824436,0.026126387943561438,0.026126387943561435,0.026126387943561435,0.01675466326161134,1208.3605286194002,-114753036.72420566,-0.010850478054791595,1.7331673020360026,1.1726278273866613,0.0,0.0,26194988235625.875,-4.080642246203353,0.016754663261611458,0.016754663261611458,12779440630775.59,20462227735778.55,576588861127702.1,18329718751.13846,-0.02796756530781712,0.23154770702278152,-0.14146920856873552,0.01675466326161134,173371028255759.6,762739330014237.4,783201557750016.0,749959889383461.6,54519.383215448564,18329718751.13846,1.0,380.3259201561996,9.956783538154454e-08,9.956783538154454e-08,0.05058320434942676,16393.10462821911,380.3259201561996
2106.0,2145.578223943678,10583449211.33934,515.2489065487974,0.00011314677916281206,2.586235729197575,0.23123378547326515,1497955388436963.5,0.45653008064864065,0.45653008064864065,5630164295912.264,2.75258787843866,75301.88496067825,73323.81305225843,72078.43902428546,1978.0719084198195,1245.3740279729689,0.8344237493956019,0.026268557678904646,0.02626855767890465,0.026268557678904656,0.016984578080866876,1245.3740279729689,-113814474.35676055,-0.010754005814552142,1.665899548954479,1.1701854454345437,0.0,0.0,26598494902993.938,-4.066896510381795,0.016984578080867063,0.016984578080867063,13180352774173.016,20934823579138.242,586444464899454.4,17630963267.552845,-0.027017009581302792,0.22879178099156244,-0.14096844284725313,0.016984578080866876,176394033746690.28,776018851420317.6,796953674999455.9,762838498646144.6,55411.468717696014,17630963267.552845,1.0,385.68764692291256,9.709418457536731e-08,9.709418457536731e-08,0.050555005042548284,16666.970306589446,385.68764692291256
2107.0,2170.5983002567696,10590818490.300667,514.6721461214266,0.00011229522124231522,2.5922422139228725,0.23129517167008992,1524553883339957.5,0.45570319115404284,0.45570319115404284,5647795259179.816,2.759694482384109,76567.3179576594,74545.60596713249,73262.37758408165,2021.7119905269026,1283.2283830508343,0.8422571725539066,0.026404372576363192,0.026404372576363192,0.02640437257636319,0.017214004318599485,1283.2283830508343,-112883001.00333072,-0.010658571960865136,1.5978646689421028,1.167748150543692,0.0,0.0,27008511356689.625,-4.053362640615337,0.017214004318599763,0.017214004318599763,13590438886493.402,21411584731334.887,596444643470195.6,16922694680.830175,-0.0260511025308984,0.22597109643720958,-0.14043642493607286,0.017214004318599485,179463899690685.34,789498982047374.5,810910566778709.4,775908543160881.0,56317.14338381254,16922694680.830175,1.0,391.0589356575758,9.46852626004358e-08,9.46852626004358e-08,0.05052851839444039,16945.234200269115,391.0589356575758
2108.0,2195.8719820548695,10597965365.249416,514.0960322464483,0.00011145691825581835,2.598169774430115,0.23135765506827433,1551562394696647.0,0.45488500403356286,0.45488500403356286,5664717953860.646,2.76644349594831,77852.22733830089,75786.52142679442,74464.61830036213,2065.7059115064535,1321.9031264322891,0.8500675764634645,0.02653367773962441,0.026533677739624412,0.026533677739624412,0.017442456805583487,1321.9031264322891,-111958557.76466087,-0.010564155845590083,1.5291331830477584,1.1653159321186333,0.0,0.0,27425078365879.125,-4.040062715442739,0.01744245680558365,0.01744245680558365,14009483550144.32,21892279704936.37,606592127848211.8,16205700512.79374,-0.025070710626194398,0.22308553362700664,-0.1398729807932776,0.017442456805583487,182581317835543.84,803182929233900.1,825075208938836.5,789173445683755.6,57236.65882483624,16205700512.79374,1.0,396.4329775763585,9.233912616362936e-08,9.233912616362936e-08,0.050503741469352326,17227.959475525888,396.4329775763585
2109.0,2221.401396593246,10604896401.80186,513.5205640110195,0.00011063161339654446,2.6040128063055588,0.23142099777658803,1578987473062526.0,0.4540754277014257,0.4540754277014257,5680923654373.44,2.7728299469586806,79156.8889061427,77046.85696215153,75685.4829305146,2110.031943991165,1361.3740316369358,0.8578460465874397,0.0266563273664413,0.026656327366441298,0.026656327366441294,0.017669429816010492,1361.3740316369358,-111041085.20844851,-0.010470737384061735,1.459780614086282,1.1628887795859626,0.0,0.0,27848239955454.344,-4.027018805071399,0.017669429816010607,0.017669429816010607,14437230569613.033,22376670170518.89,616889718336743.5,15480822181.743721,-0.024076809043835638,0.22013513604433435,-0.1392779791977604,0.017669429816010492,185746987261706.94,817073936168063.5,839450606338582.4,802636705598450.4,58170.27295353199,15480822181.743721,1.0,401.80265887366323,9.005390059028423e-08,9.005390059028423e-08,0.05048067115569399,17515.20997698261,401.80265887366323
2110.0,2247.188684396834,10611617980.65957,512.9457405412697,0.00010981905582180761,2.6097657051354584,0.2314849619038009,1606835713017980.2,0.45327437153572586,0.45327437153572586,5696404476555.185,2.778849295828481,80481.58114114107,78326.9132958438,76925.30037531473,2154.6678452972724,1401.612920529054,0.8655834085678275,0.026772185818747983,0.026772185818747983,0.02677218581874799,0.01789439748806528,1401.612920529054,-110130523.53460519,-0.010378297045306937,1.3898876311806632,1.1604666823942982,0.0,0.0,28278043067613.78,-4.014252970268564,0.017894397488065428,0.017894397488065428,14873380869410.883,22864512049505.55,627340286260916.5,14748956578.133062,-0.023070467060125825,0.21712011676417003,-0.13865133411659697,0.01789439748806528,188961614369411.8,831175281499739.2,854039793549244.8,816301900630328.2,59118.25014849657,14748956578.133062,1.0,407.16056199025036,8.782777714675572e-08,8.782777714675572e-08,0.05045930388558273,17807.050226818174,407.16056199025036
2111.0,2273.2359993016407,10618136302.268772,512.3715609946427,0.00010901900049310712,2.6154228665060697,0.2315493095586826,1635113756085594.0,0.4524817458682835,0.4524817458682835,5711153433133.317,2.7844974732680217,81826.58526636322,79626.9943080834,78184.4068319715,2199.5909582798226,1442.5874761119017,0.8732702322658322,0.026881128561330996,0.026881128561331,0.026881128561331,0.01811681438747282,1442.5874761119017,-109226812.73105048,-0.010286815842410315,1.3195401877274646,1.1580496300142349,0.0,0.0,28714537217418.125,-4.0017872613047825,0.018116814387473035,0.018116814387473035,15317590449302.068,23355556604253.14,637946775627929.8,14011057569.611542,-0.022052840952980882,0.2140408649701137,-0.1379930071301502,0.01811681438747282,192225912825977.53,845490278903209.2,868845835507462.4,830172688453907.2,60080.86141177335,14011057569.611542,1.0,412.4989681399229,8.565901048771557e-08,8.565901048771557e-08,0.05043963526318351,18103.54542019815,412.4989681399229
2112.0,2299.5455084959044,10624457391.397236,511.7980245537726,0.00010823120802104264,2.620978686003649,0.23161380285000296,1663828293303012.0,0.45169746197460725,0.45169746197460725,5725164490702.929,2.78977091467117,83192.18530921832,80947.40699332244,79463.14593080696,2244.778315895883,1484.2610625154762,0.8808968367577832,0.02698304302924887,0.02698304302924887,0.026983043029248865,0.018336116222202357,1484.2610625154762,-108329892.72768329,-0.010196275323707302,1.2488296520121496,1.155637611938298,0.0,0.0,29157774127074.156,-3.9896437168840584,0.018336116222202437,0.018336116222202437,15769468416405.666,23849551570368.254,648712204670863.9,13268137426.916521,-0.02102517101791184,0.21089795259464378,-0.13730300991063263,0.018336116222202357,195540603457375.38,860022276544644.9,883871828115013.1,844252808128239.2,61058.38451534802,13268137426.916521,1.0,417.80986116761505,8.354591623162079e-08,8.354591623162079e-08,0.050421659643090866,18404.76141545894,417.80986116761505
2113.0,2326.119392561066,10630587101.627693,511.2251304215895,0.00010745544451488998,2.6264275592144513,0.2316782038865317,1692986067430086.2,0.4509214320639626,0.4509214320639626,5738432628129.846,2.794666593010065,84578.66815696943,82288.46140498064,80761.86885088147,2290.206751988799,1526.5925540991775,0.8884532963221674,0.027077829456221836,0.02707782945622184,0.02707782945622184,0.01855172071557019,1526.5925540991775,-107439703.55235074,-0.010106657565121704,1.177852929662844,1.1532306176808989,0.0,0.0,29607807328603.03,-3.977844363024442,0.01855172071557032,0.01855172071557032,16228575115047.594,24346242357752.78,659639667237916.2,12521268161.68822,-0.0199887808124491,0.20769214106308703,-0.13658140674945302,0.01855172071557019,198906414071611.62,874774656424575.5,899120898782328.1,858546081309527.9,62051.10413298962,12521268161.68822,1.0,423.0849328098952,8.148686866134017e-08,8.148686866134017e-08,0.0504053696818656,18710.764717891852,423.0849328098952
2114.0,2352.9598455125133,10636531119.76707,510.6528778174075,0.0001066914814366825,2.631763881724732,0.2317422747770386,1722593874758689.2,0.45015356926954475,0.45015356926954475,5750953896291.534,2.799182051230037,85986.32360611035,83650.47058631199,82080.93441060859,2335.853019798368,1569.536175703399,0.8959294474517356,0.02716540168060376,0.027165401680603756,0.027165401680603753,0.018763028644099792,1569.536175703399,-106556185.49054097,-0.010017945163768246,1.1067125770975683,1.1508286367782876,0.0,0.0,30064691727317.28,-3.9664112118690875,0.018763028644100066,0.018763028644100066,16694420376469.4,24845373336287.23,670732333994811.9,11771582766.9359,-0.018945077579212526,0.2044243881205227,-0.1358283171282562,0.018763028644099792,202324079203186.22,889750833574467.5,914596206910754.6,873056413197998.1,63059.31195446925,11771582766.9359,1.0,428.3155894264079,7.948029854382227e-08,7.948029854382227e-08,0.05039075587609254,19021.62245613934,428.3155894264079
2115.0,2380.0690748400975,10642294970.17093,510.0812659737975,0.00010593909545964932,2.6369820491207476,0.23180577763029342,1752658566486006.5,0.449393787638755,0.449393787638755,5762725479058.47,2.8033154346688103,87415.444405077,85033.7504859581,83420.70912976898,2381.6939191189044,1613.0413561891223,0.903314896922737,0.027245687936817,0.027245687936817004,0.02724568793681701,0.018969425045593975,1613.0413561891223,-105679279.24936998,-0.009930121232833355,1.035516905090312,1.1484316587885095,0.0,0.0,30528483120132.562,-3.9553662604172737,0.01896942504559407,0.01896942504559407,17166461911649.193,25346689215925.81,681993453411099.4,11020276350.569595,-0.01789555326044853,0.20109585471953872,-0.13504391832813473,0.018969425045593975,205794339768733.22,904954255091481.8,930300944307407.5,887787793179832.6,64083.30677947236,11020276350.569595,1.0,433.4929602676064,7.752469106134412e-08,7.752469106134412e-08,0.05037780609500109,19337.402350296616,433.4929602676064
2116.0,2407.449301548452,10647884018.98283,509.51029413408725,0.00010519806833086623,2.6420764569887525,0.23186847455506593,1783187049606139.0,0.4486420021235795,0.4486420021235795,5773745755409.039,2.807065523762602,88866.32628967584,86438.61985699175,84781.56725949205,2427.7064326840896,1657.052597499703,0.9105990309511608,0.027318631635233154,0.02731863163523315,0.027318631635233147,0.019170280601902383,1657.052597499703,-104808926.1257953,-0.009843169397689165,0.9643800715546994,1.1460396732913576,0.0,0.0,30999237663693.75,-3.9447314891704317,0.019170280601902512,0.019170280601902512,17644103871531.08,25849936527358.734,693426352502355.6,10268607152.132801,-0.016841785772842333,0.19770791194543055,-0.13422844807104845,0.019170280601902383,209317942624307.66,920388398998194.4,946238335525553.1,902744295126663.2,65123.39458864591,10268607152.132801,1.0,438.6079073402541,7.561858384646148e-08,7.561858384646148e-08,0.05036650511274998,19658.172670846143,438.6079073402541
2117.0,2435.1027601970404,10653303478.288393,508.9399615503629,0.00010446818673798093,2.6470415009150035,0.23193012766012586,1814186287269832.8,0.44789812857106914,0.44789812857106914,5784014362561.172,2.81043176715455,90339.26801053177,87865.40013838261,86163.89077682095,2473.8678721491565,1701.5093615616677,0.9177710254633997,0.02738419213072163,0.027384192130721626,0.027384192130721633,0.01936495319980214,1701.5093615616677,-103945068.17863527,-0.009757073793164442,0.8934221626202515,1.1436526698883296,0.0,0.0,31477011287885.53,-3.9345288606915907,0.01936495319980236,0.01936495319980236,18126695599865.176,26354865207192.516,705034437300698.9,9517897432.622265,-0.015785440352996456,0.1942621479540847,-0.13338220718703483,0.01936495319980214,212895640014868.8,936056772915432.9,962411638122625.5,917930077315567.8,66179.88858925972,9517897432.622265,1.0,443.65103692755343,7.376056511284569e-08,7.376056511284569e-08,0.050356164431473616,19984.002187561222,443.65103692755343
2118.0,2463.0316989400285,10658558410.184072,508.3702674818717,0.00010374924217987905,2.6518753475312953,0.2319906093970737,1845663298557718.2,0.44716208371391974,0.44716208371391974,5793532259993.794,2.8134143152369155,91834.57135180048,89314.41531789192,87568.04469915059,2520.156033908554,1746.3706187413318,0.9248248764899102,0.02744234547852707,0.02744234547852707,0.027442345478527076,0.019553065566466177,1746.3706187413318,-103087670.31350797,-0.009671821117479587,0.82271433344362,1.1412706382025803,0.0,0.0,31961901108886.72,-3.924766067719634,0.0195530655664663,0.0195530655664663,18613793245683.785,26861230290192.156,716820888326847.6,8768948777.90448,-0.01472827086221383,0.19076037489642914,-0.13250556230033317,0.019553065566466177,216528230964658.56,951962912537190.1,978824142827382.2,933349119291506.2,67253.08064568446,8768948777.90448,1.0,448.61660820520007,7.194931774971498e-08,7.194931774971498e-08,0.05033203589644253,20314.964053466134,448.61660820520007
2119.0,2491.238379565878,10663653730.760782,507.8012111937443,0.00010304103084116174,2.656658564630732,0.23205219938788388,1877625199666605.0,0.44643378516115106,0.44643378516115106,5802301208771.698,2.8160140541094623,93352.5417676437,90785.9923854998,88993.84721714004,2566.5493821439068,1792.1451683597631,0.931865042496052,0.027493085175249954,0.027493085175249947,0.027493085175249947,0.019740326908030823,1792.1451683597631,-102237175.60190481,-0.009587443308196286,0.7511124113490115,1.1388935678788787,0.0,0.0,32454917676942.125,-3.9151393625428303,0.01974032690803096,0.01974032690803096,19110815510644.5,27368793894080.652,728782133248207.8,8009602667.502614,-0.01367175273489735,0.1872045169557863,-0.13159891802517576,0.019740326908030823,220217437643602.62,968110386402455.0,995479180296535.5,948999570891810.4,68342.62923841338,8009602667.502614,1.0,453.5848752686748,7.01845511979341e-08,7.01845511979341e-08,0.05030308520823756,20651.217978726654,453.5848752686748
2120.0,2519.725077536727,10668594214.002632,507.23279195597456,0.00010234335347031116,2.661421043261441,0.23211568457605256,1910080117343547.0,0.4457131513888847,0.4457131513888847,5810310811439.201,2.8182324785943536,94893.50201602669,92280.47471487308,90441.42682104424,2613.027301153606,1839.0478938288338,0.9389307783503594,0.027536419729901916,0.027536419729901923,0.02753641972990193,0.019928895029106625,1839.0478938288338,-101393722.40650705,-0.009503944041045896,0.6781630971043269,1.136521448583561,0.0,0.0,32956439163172.03,-3.905536396198338,0.019928895029106886,0.019928895029106886,19620055719376.023,27877327946118.273,740918431991608.2,7235046893.917327,-0.012609055313917874,0.1835939763125121,-0.13066204135332352,0.019928895029106625,223964450897526.72,984502938608511.1,1012380266554629.4,964882882889135.0,69448.5531204426,7235046893.917327,1.0,458.5862651222216,6.846533342102877e-08,6.846533342102877e-08,0.050275842688447314,20992.873700601645,458.5862651222216
2121.0,2548.4940820275347,10673384495.601212,506.6650090426028,0.00010165601526142356,2.66615667086908,0.2321807969718749,1943036556506719.0,0.4450001017312179,0.4450001017312179,5817545858333.118,2.8200680497985067,96457.78270937299,93798.2196469596,91911.15891398003,2659.563062413396,1887.0607329795587,0.9460135327910262,0.027572301453648928,0.02757230145364892,0.027572301453648914,0.02011830011360697,1887.0607329795587,-100557230.72299546,-0.009421306874538043,0.6039348824197851,1.134154270004488,0.0,0.0,33466434884022.78,-3.8959809202266458,0.020118300113607157,0.020118300113607157,20141324769641.88,28386539155436.816,753233047990519.0,6446029210.372075,-0.011533369103401211,0.17992719499106788,-0.1296944509582241,0.02011830011360697,227770090534694.7,1001144463294855.5,1029531002450292.2,981003138525213.6,70571.15278672351,6446029210.372075,1.0,463.61413744914915,6.679031948386059e-08,6.679031948386059e-08,0.05025037967341128,21340.00612725653,463.61413744914915
2122.0,2577.5476959649654,10678029076.685892,506.09786173106323,0.00010097882573939467,2.6708593348993066,0.23224726858564626,1976502991390741.8,0.4442945563711945,0.4442945563711945,5823991887543.49,2.8215162288586417,98045.71623587132,95339.59300019435,93403.43145823848,2706.1232356769824,1936.1615419558595,0.9531045005885455,0.0276006269276139,0.027600626927613902,0.02760062692761391,0.02030805335986606,1936.1615419558595,-99727615.35501783,-0.009339515245632764,0.5285015282184715,1.1317920218509971,0.0,0.0,33984895002109.844,-3.8864967454976687,0.020308053359866185,0.020308053359866185,20674389242165.66,28896062595654.13,765729362832124.2,5643354685.389769,-0.010441393541249473,0.17620281038955474,-0.1286957094242065,0.02030805335986606,231635194141184.0,1018038946215474.0,1046935008811128.1,997364556973308.2,71710.73962553596,5643354685.389769,1.0,468.6615611900794,6.515820391961171e-08,6.515820391961171e-08,0.050226725559899155,21692.691832702516,468.6615611900794
2123.0,2606.8882360660596,10682532327.470808,505.5313493016626,0.00010031159864844585,2.6755229227977777,0.23231483142766182,2010487886392851.5,0.4435964363318702,0.4435964363318702,5829635242228.88,2.8225710377174082,99657.63709826671,96904.96684748233,94918.64300234617,2752.6702507843834,1986.3238451361537,0.960194621487311,0.02762126748068623,0.027621267480686225,0.02762126748068622,0.02049764743495973,1986.3238451361537,-98904789.07546462,-0.009258552751684607,0.4519422781088249,1.129434693853861,0.0,0.0,34511823032679.75,-3.8771077108386445,0.020497647434959854,0.020497647434959854,21218968688493.082,29405488940871.35,778410860680258.8,4827887996.048325,-0.009331807261184504,0.1724196614497223,-0.1276654257807571,0.02049764743495973,235560611671964.9,1035190441040716.9,1064595929981588.2,1013971472352223.8,72867.6344539137,4827887996.048325,1.0,473.7213113273353,6.356772335754872e-08,6.356772335754872e-08,0.05020488698276693,22051.008548432463,473.7213113273353
2124.0,2636.5180328766223,10686898490.819206,504.96547103716176,9.965415184388337e-05,2.6801413220101526,0.23238321750821683,2044999709425531.2,0.4429056634674719,0.4429056634674719,5834463130224.928,2.823225937139022,101293.88213968258,98494.71824199264,96457.2016578723,2799.1638976899458,2037.516584120344,0.9672745799885787,0.02763408646763034,0.02763408646763034,0.027634086467630346,0.020686556807181778,2037.516584120344,-98088664.47376643,-0.009178403309251178,0.3743420659126953,1.1270822757652406,0.0,0.0,35047231414388.625,-3.8678376652692736,0.02068655680718201,0.02068655680718201,21774732907854.81,29914380433778.29,791281120469217.6,4000555659.252527,-0.00820442241124129,0.16857679511992088,-0.12660325813019627,0.020686556807181778,239547202356941.72,1052603055734014.1,1082517436167792.4,1030828322826159.2,74042.16678477703,4000555659.252527,1.0,478.78586674797896,6.201765717618307e-08,6.201765717618307e-08,0.05018485822654006,22415.034873095272,478.78586674797896
2125.0,2666.4394308093742,10691131685.725979,504.40022622244334,9.900630718698721e-05,2.684708419982088,0.2324521588376066,2080046940839920.0,0.4422221604546509,0.4422221604546509,5838463685884.181,2.8234743272032317,102954.79070264503,100109.22846971816,98019.52460137883,2845.5622329268626,2089.7038683393325,0.9743348060149135,0.027638949227194697,0.027638949227194697,0.027638949227194697,0.02087423807258132,2089.7038683393325,-97279154.97433466,-0.009099051235540827,0.2957917172407709,1.1247347573586415,0.0,0.0,35591138794160.97,-3.858710457749479,0.020874238072581486,0.020874238072581486,22341299240586.79,30422280552149.55,804343812407445.2,3162348200.568105,-0.0070597177436504035,0.16467347309021987,-0.12550891636456488,0.02087423807258132,243595832878153.0,1070280944526185.1,1100703225078334.6,1047939645285598.2,75234.67449955242,3162348200.568105,1.0,483.8474092608525,6.050682701957016e-08,6.050682701957016e-08,0.05016662677438055,22784.850101826396,483.8474092608525
2126.0,2696.654788181871,10695235910.71923,503.83561414424395,9.836789044292927e-05,2.689218104159242,0.2325213874261263,2115638079634081.0,0.44154585078382674,0.44154585078382674,5841626034084.749,2.8233098392898524,104640.70474714575,101748.88259033058,99606.03786066682,2891.8221568151616,2142.8447296637537,0.9813654764962195,0.027635728981403294,0.0276357289814033,0.0276357289814033,0.02106013034355812,2142.8447296637537,-96476175.39938305,-0.009020481287625497,0.21638814467691234,1.1223921284288694,0.0,0.0,36143568261639.03,-3.849749931057037,0.021060130343558248,0.021060130343558248,22918229903795.22,30928720178983.055,817602696826816.0,2314322255.6024213,-0.0058985814179209044,0.16070917877940458,-0.12438216496754977,0.02106013034355812,247707376225047.2,1088228302955658.4,1119157023134641.5,1065310073051863.1,76445.50374128531,2314322255.6024213,1.0,488.8978238435628,5.903409574454914e-08,5.903409574454914e-08,0.05015017616140294,23160.534119381515,488.8978238435628
2127.0,2727.1664772541335,10699215047.181849,503.2716340909407,9.773873118162393e-05,2.693664261987272,0.23259063528407126,2151781647895720.0,0.44087665875062343,0.44087665875062343,5843940356340.352,2.8227265131278685,106351.96894207473,103414.06913145952,101217.17624810265,2937.899810615216,2196.8928833568643,0.9883565179170393,0.027624310483761357,0.027624310483761357,0.02762431048376135,0.021243655740537427,2196.8928833568643,-95679642.28641815,-0.008942678679182168,0.13623453588230916,1.120054378791985,0.0,0.0,36704546099544.91,-3.840979917918511,0.021243655740537548,0.021243655740537548,23505029394658.48,31433221860847.023,831061624257840.2,1457602596.2578375,-0.0047221698945079,0.15668362455311272,-0.12322282589705894,0.021243655740537427,251882710889116.94,1106449364541615.6,1137882586402462.5,1082944335146957.1,77675.00892289665,1457602596.2578375,1.0,493.9287001953223,5.759836610761156e-08,5.759836610761156e-08,0.05013548733518647,23542.167325206003,493.9287001953223
2128.0,2757.976884266028,10703072862.594063,502.7082853523807,9.711866268141846e-05,2.698040780911836,0.23265963442173668,2188486193995265.0,0.44021450944739515,0.44021450944739515,5845397958936.609,2.8217189107065037,108088.93073783796,105105.17985997967,102853.38336221092,2983.750877858288,2251.7964977687416,0.9952976098642737,0.027604592417471166,0.027604592417471166,0.027604592417471166,0.021424220012453886,2251.7964977687416,-94889474.07569031,-0.008865629085579477,0.05544053377435866,1.1177214982852617,0.0,0.0,37274100803091.5,-3.832424238352544,0.02142422001245403,0.02142422001245403,24101141987352.97,31935303049546.254,844724536087445.4,593384072.5280678,-0.0035318310687821475,0.15259675915139465,-0.12203078154370224,0.021424220012453886,256122720202618.0,1124948398277416.5,1156883701326962.8,1100847256290063.4,78923.5527901202,593384072.5280678,1.0,498.93133567105014,5.6198579354588156e-08,5.6198579354588156e-08,0.050122539191026494,23929.830572090726,498.93133567105014
2129.0,2789.088409474397,10706813013.69805,502.1455672197438,9.65075218355325e-05,2.7023415483785924,0.2327281168494178,2225760294798356.5,0.43955932875484127,0.43955932875484127,5845991343009.138,2.8202821957090976,109851.94042426687,106822.60958685908,104515.11161159415,3029.3308374077915,2307.4979752649224,1.0021781896135717,0.027576489097124738,0.027576489097124738,0.027576489097124738,0.021601213302963367,2307.4979752649224,-94105591.23043013,-0.008789318643188557,-0.025877592167835396,1.115393476767139,0.0,0.0,37852262227050.28,-3.824106697649032,0.021601213302963496,0.021601213302963496,24705949350648.37,32434478832754.55,858595465424234.5,-277066540.58575076,-0.00232906292626926,0.1484487753026942,-0.12080597775999638,0.021601213302963367,260428291706885.9,1143729706481768.8,1176164185314523.2,1119023757131120.4,80191.50650392113,-277066540.58575076,1.0,503.89673967094353,5.48337137977054e-08,5.48337137977054e-08,0.050111308652554865,24323.60510767303,503.89673967094353
2130.0,2820.5034671899225,10710439049.585707,501.5834789854337,9.590514906116028e-05,2.7065604518331976,0.23279581457740994,2263612557025407.0,0.43891104333370956,0.43891104333370956,5845714276468.552,2.8184121943159215,111641.35117580362,108566.75598071363,106202.82223371339,3074.5951950899953,2363.9337470002324,1.0089874577914983,0.027539931778937144,0.02753993177893714,0.02753993177893714,0.021774011074072935,2363.9337470002324,-93327916.32388727,-0.008713733946088542,-0.1075967844943764,1.1130703041171799,0.0,0.0,38439060778644.91,-3.816051084665172,0.021774011074073174,0.021774011074073174,25318768314504.746,32930264439160.47,872678537946987.4,-1152408802.258427,-0.0011154918088453474,0.14424011749977506,-0.11954842695462313,0.021774011074072935,264800316481185.62,1162797622742677.8,1195727887181838.2,1137478854428173.0,81479.24972139622,-1152408802.258427,1.0,508.81563955792035,5.3502783422347025e-08,5.3502783422347025e-08,0.050101770503725884,24723.572512317172,508.81563955792035
2131.0,2852.2244858136955,10713954414.710714,501.0220199429899,9.531138821115122e-05,2.7106913787213105,0.2328624596160083,2302051617804052.0,0.43826958061658694,0.43826958061658694,5844561867666.293,2.8161054461230677,113457.51908472127,110338.01937569944,107916.98529142635,3119.499709021821,2421.0340842731025,1.0157143851491695,0.027494869746732438,0.027494869746732434,0.02749486974673244,0.021941975195598852,2421.0340842731025,-92556374.11138922,-0.008638862041853136,-0.1895870473538707,1.1107519702360265,0.0,0.0,39034526608111.06,-3.8082811702627297,0.02194197519559904,0.02194197519559904,25938848815362.918,33422177679163.13,886977972596832.2,-2031226982.9689722,0.00010713852583202929,0.13997148991152428,-0.11825821124554364,0.021941975195598852,269239688388516.28,1182156509800711.2,1215578687479874.5,1156217660985348.5,82787.17066212022,-2031226982.9689722,1.0,513.6784881728299,5.220483654331422e-08,5.220483654331422e-08,0.05009389708693068,25129.81462930613,513.6784881728299
2132.0,2884.2539078735394,10717362451.82608,500.4611893870174,9.472608648818833e-05,2.7147282164885875,0.23292778397550815,2341086144412163.0,0.4376348687997763,0.4376348687997763,5842530640683.324,2.813359249990473,115300.80318242064,112136.80256529087,109658.07963597353,3164.0006171297655,2478.7229293173327,1.0223477204812232,0.027441271264380618,0.027441271264380618,0.027441271264380625,0.02210445520661349,2478.7229293173327,-91790891.59697507,-0.008564690427292142,-0.2717113081712711,1.108438465045356,0.0,0.0,39638688767835.25,-3.8008207057905996,0.02210445520661375,0.02210445520661375,26565372051145.934,33909741411581.094,901498082020885.1,-2912028571.9313254,0.0013369719421034356,0.13564386440288997,-0.11693548566521826,0.02210445520661349,273747303209051.56,1201810757281082.8,1235720498692664.0,1175245385229936.8,84115.66615135642,-2912028571.9313254,1.0,518.4754730140294,5.093895451844469e-08,5.093895451844469e-08,0.050087657931469964,25542.41348461711,518.4754730140294
2133.0,2916.594190060062,10720666404.848385,499.90098661313056,9.414909436138587e-05,2.7186648525806882,0.23299151966620474,2380724833179998.0,0.43700683683525915,0.43700683683525915,5839618612111.393,2.8101717074505825,117171.56544841037,113963.51057682798,111426.59282832667,3208.054871582401,2536.917748501314,1.0288759997219985,0.027379124442908288,0.02737912444290829,0.02737912444290829,0.02226078975332251,2536.917748501314,-91031398.09941632,-0.00849120704457772,-0.3538252926077984,1.106129778487838,0.0,0.0,40251574321835.25,-3.7936934215611524,0.022260789753322574,0.022260789753322574,27197448878221.637,34392486086683.65,916243272701526.8,-3793242927.646074,0.0025720417772558987,0.1312584886334763,-0.11558048141060687,0.02226078975332251,278324057639835.1,1221764779219583.2,1256157265306266.8,1194567330341361.8,85465.14163402742,-3793242927.646074,1.0,523.1965271439482,4.9704250521231035e-08,4.9704250521231035e-08,0.05008301934875403,25961.45119429926,523.1965271439482
2134.0,2949.2478032624044,10723869421.649956,499.34141091790775,9.358026548523073e-05,2.7224951744432686,0.23305339869839328,2420976407501833.0,0.4363854144227425,0.4363854144227425,5835825369183.746,2.8065417650979803,119070.170806307,115818.55042360647,113223.02101260412,3251.6203827005274,2595.5294110023533,1.035287556248296,0.02730843804692261,0.02730843804692261,0.027308438046922606,0.022410308206321023,2595.5294110023533,-90277825.3198367,-0.008418400277942467,-0.43577741401297293,1.1038259005270876,0.0,0.0,40873207393586.875,-3.7869230252938686,0.022410308206321172,0.022410308206321172,27834118483641.258,34869952392855.914,931218044720125.5,-4673220084.779413,0.003810271017720782,0.12681689420354245,-0.1141935091300324,0.022410308206321023,282970848143770.25,1242023011347537.0,1276892963740392.8,1214188892863895.8,86836.01115471714,-4673220084.779413,1.0,527.8313418803594,4.849986837092292e-08,4.849986837092292e-08,0.05007994401531746,26387.009857886987,527.8313418803594
2135.0,2982.217232603736,10726974556.78022,498.7824615988549,9.301945662079475e-05,2.7262130695219873,0.23311315308236913,2461849614895420.0,0.4357705320017897,0.4357705320017897,5831152149098.967,2.8024692567063516,120996.98710601885,117702.3308323594,115047.86873625572,3294.6562736594447,2654.4620961036735,1.0415705324154303,0.027229242251896997,0.027229242251896997,0.027229242251896997,0.022552332458771442,2654.4620961036735,-89530107.41172071,-0.008346258951004153,-0.5174086786130534,1.1015268211476263,0.0,0.0,41503608143882.19,-3.780533200513952,0.02255233245877153,0.02255233245877153,28474347366841.598,35341694020881.195,946426991112181.5,-5550229730.939498,0.00504947164617386,0.12232090481434503,-0.11277496223838353,0.022552332458771442,287688569633424.2,1262589908112447.2,1297931602133328.5,1234115560745605.8,88228.69729974064,-5550229730.939498,1.0,532.3693813244631,4.732498141707804e-08,4.732498141707804e-08,0.05007839055623298,26819.17143651509,532.3693813244631
2136.0,3015.5049774764498,10729984774.11755,498.2241379543767,9.246652755914748e-05,2.7298124252625025,0.2331705148284274,2503353223039302.0,0.4351621207440342,0.4351621207440342,5825601919368.027,2.7979549454426453,122952.38509115463,119615.26194459444,116901.64871227712,3337.123146560187,2713.613232317318,1.0477128923500993,0.02714158935661236,0.02714158935661236,0.02714158935661236,0.022686178905617062,2713.613232317318,-88788181.05332191,-0.008274772324700152,-0.5985526077083174,1.099232530354835,0.0,0.0,42142791672643.53,-3.774547604901662,0.022686178905617194,0.022686178905617194,29117028665608.73,35807280551946.055,961874796775398.2,-6422460367.2186,0.0062873436363708336,0.11777264440793368,-0.1113253202515133,0.022686178905617062,292478113976573.75,1283469939417580.8,1319277219969526.8,1254352910751972.0,89643.63109774349,-6422460367.2186,1.0,536.7998987712795,4.617879147488281e-08,4.617879147488281e-08,0.050078313137079444,27258.017614533623,536.7998987712795
2137.0,3049.11355157708,10732902949.452847,497.66643928375305,9.192134104690091e-05,2.733287129110471,0.2332252159468635,2545496014711945.5,0.4345601125454748,0.4345601125454748,5819179459000.809,2.7930005663363926,124936.73835061362,121557.75499061594,118784.88151904951,3378.9833599976837,2772.873471566422,1.0537024360202032,0.027045554451046606,0.027045554451046606,0.027045554451046606,0.02281116060246821,2772.873471566422,-88051985.52205457,-0.008203930095775568,-0.6790351781773108,1.0969430181749111,0.0,0.0,42790766840107.19,-3.768989868593177,0.02281116060246835,0.02281116060246835,29760981861434.8,36266300470671.23,977566236894911.6,-7288018666.641499,0.007521473868497771,0.11317454524966988,-0.10984515213006188,0.02281116060246821,297340368311301.75,1304667587067648.2,1340933887538319.5,1274906605206213.5,91081.25187554659,-7288018666.641499,1.0,541.1119550404792,4.5060527807370994e-08,4.5060527807370994e-08,0.050079661070108195,27703.629643502914,541.1119550404792
2138.0,3083.045482940928,10735731873.006186,497.1093648871192,9.138376271382095e-05,2.7366310685115507,0.23327698844797254,2588286781552052.5,0.4339644400188523,0.4339644400188523,5811891440334.167,2.7876088690413545,126950.42325324862,123530.22193528042,120698.09523362096,3420.2013179682,2832.1267016594707,1.0595268145979018,0.02694123603783005,0.026941236037830052,0.026941236037830052,0.022926589601233532,2832.1267016594707,-87321462.77021842,-0.008133722395748222,-0.7586747826062711,1.0946582746548272,0.0,0.0,43447535003857.875,-3.763883592436548,0.022926589601233616,0.022926589601233616,30404952899397.46,36718364301408.97,993506174851657.4,-8144929044.872183,0.008749335124988067,0.10852935591489635,-0.10833511962229564,0.022926589601233532,302276213159063.1,1326187340910118.0,1362905705211526.8,1295782388010720.5,92542.00706611527,-8144929044.872183,1.0,545.2944387574335,4.39694461507162e-08,4.39694461507162e-08,0.05008237843905716,28156.088167505684,545.2944387574335
2139.0,3117.3033139763893,10738474251.87784,496.55291406545183,9.085366100244151e-05,2.7398381309113997,0.23332556434204985,2631734316555910.5,0.43337503648610665,0.43337503648610665,5803746511289.295,2.781783660856258,128993.8188644463,125533.07509468035,122641.8249944256,3460.743769765952,2891.250100254758,1.0651735471280155,0.026828756604242332,0.026828756604242332,0.02682875660424233,0.02303177945791658,2891.250100254758,-86596557.50127657,-0.008064139790262421,-0.8372822103774762,1.0923782898622854,0.0,0.0,44113088669088.06,-3.7592523462086023,0.02303177945791679,0.02303177945791679,31047614757324.94,37163107863978.33,1009699559581268.1,-8991133457.693893,0.009968285264409873,0.10384014913934964,-0.10679598059491399,0.02303177945791658,307286520324679.1,1348033694663272.2,1385196802527250.5,1316986079905947.2,94026.35196566232,-8991133457.693893,1.0,549.3360886050477,4.290482777893575e-08,4.290482777893575e-08,0.050086403746425034,28615.473028763266,549.3360886050477
2140.0,3151.889601499,10741132712.434973,495.99708612055537,9.033090709962034e-05,2.742902203755675,0.23337067563939065,2675847405224998.5,0.4327918359709127,0.4327918359709127,5794755377831.601,2.775529849928852,131067.30684343562,127566.72672305505,124616.61248961312,3500.580120380568,2950.114233441928,1.0706300385093508,0.026708263141182343,0.026708263141182343,0.026708263141182343,0.023126047906258267,2950.114233441928,-85877217.24583483,-0.007995173278737638,-0.9146606510609392,1.090103053885675,0.0,0.0,44787410050262.31,-3.7551196667999385,0.023126047906258496,0.023126047906258496,31687568498243.113,37600195643519.27,1026151422352253.9,-9824491439.887724,0.011175566636604163,0.09911032949109233,-0.10522859234013289,0.023126047906258267,312372150572762.2,1370211141423259.2,1407811337066778.5,1338523572925016.0,95534.74943701999,-9824491439.887724,1.0,553.2255175568368,4.186597860456189e-08,4.186597860456189e-08,0.05009166958667444,29081.86305259314,553.2255175568368
2141.0,3186.8069167651656,10743709802.635323,495.4418803550526,8.981537486997669e-05,2.745817174490035,0.23341205435029022,2720634815275261.0,0.4322147731912954,0.4322147731912954,5784930886391.713,2.7688534885403793,133171.27132010998,129631.5885693084,126623.00536735287,3539.6827508015754,3008.5832019555264,1.0758835987916295,0.02657992760535472,0.026579927605354724,0.026579927605354724,0.023208719689082318,3008.5832019555264,-85163392.43643291,-0.007926814294215505,-0.9906057214586086,1.0878325568340297,0.0,0.0,45470469543162.44,-3.7515090563763023,0.023208719689082447,0.023208719689082447,32323344838893.555,38029324268006.05,1042866872933685.6,-10642780400.18149,0.012368305783260002,0.09434364081995338,-0.10363391484671226,0.023208719689082318,317533951070688.6,1392724168843267.8,1430753493111273.8,1360400824004374.2,97067.66955655122,-10642780400.18149,1.0,556.9512390906982,4.085222831207889e-08,4.085222831207889e-08,0.050097735046190195,29555.33581080166,556.9512390906982
2142.0,3222.0578455056075,10746207994.289194,494.8872960723763,8.930694079115376e-05,2.748578902012719,0.23344947646384073,2766105284818423.5,0.43164378355232214,0.43164378355232214,5774288105991.531,2.7617618163489364,135306.0987501408,131728.0714025885,128661.53394421539,3578.0273475523063,3066.537458373117,1.0809245305243003,0.026443947320952396,0.0264439473209524,0.026443947320952396,0.023279301258432136,3066.537458373117,-84455046.32711445,-0.007859055619619124,-1.064945875138568,1.0855667888369847,0.0,0.0,46162228165308.19,-3.7484365163781272,0.02327930125843225,0.02327930125843225,32953649349956.453,38450226086051.95,1059850847981687.5,-11444129876.899382,0.013543513457624761,0.08954417343871784,-0.10201301402195714,0.023279301258432136,322772756647150.56,1415577253978794.5,1454027480064846.2,1382623604628838.0,98625.56620390364,-11444129876.899382,1.0,560.5042397390449,3.986294346440459e-08,3.986294346440459e-08,0.050081830343458034,30035.967740311757,560.5042397390449
2143.0,3257.6449879584957,10748629685.261074,494.3333325767621,8.880548389085045e-05,2.751304210134562,0.23348546654296573,2812267512983731.5,0.43107880313887204,0.43107880313887204,5762843976114.632,2.754263303456331,137472.177806671,133856.58456439813,130731.31721515319,3615.593242272872,3125.267349244947,1.0859321638998578,0.02630054531730435,0.02630054531730435,0.026300545317304348,0.023347879070837844,3125.267349244947,-83752748.11020206,-0.007791946560876219,-1.1400118459293056,1.0833057400447326,0.0,0.0,46862944264210.66,-3.7454600068551738,0.023347879070837907,0.023347879070837907,33592341404471.426,38862672853723.52,1077092821449493.9,-12253565168.705008,0.014698357782222692,0.08471628294954733,-0.10036704225584447,0.023347879070837844,328089695562583.9,1438774858416549.0,1477637531270272.8,1405182517012077.8,100207.4546233967,-12253565168.705008,1.0,564.0326052463711,3.88983518790426e-08,3.88983518790426e-08,0.050053120678992036,30523.86259175649,564.0326052463711
2144.0,3293.5709589022836,10750977201.612137,493.7799891732432,8.831088568556846e-05,2.7540581439330047,0.2335215465702934,2859130457247942.0,0.4305197687084816,0.4305197687084816,5750590410945.927,2.7463675736545268,139669.90376749664,136017.54020821129,132831.99187847954,3652.363559285352,3185.548329731745,1.0910079401636186,0.026149968323636186,0.02614996832363619,0.02614996832363619,0.023420128939660355,3185.548329731745,-83056805.6992306,-0.007725512215464098,-1.2171687005058598,1.0810494006279825,0.0,0.0,47572937129035.06,-3.7423334470362373,0.0234201289396605,0.0234201289396605,34247757467579.613,39266477357875.78,1094587733476432.9,-13085752949.65437,0.015847011459316412,0.07985912298394925,-0.09869583626198689,0.023420128939660355,333485982853829.25,1462321473797841.8,1501587951155717.5,1428073716330262.0,101812.85970100436,-13085752949.65437,1.0,567.6205941350487,3.79582856611301e-08,3.79582856611301e-08,0.05002550115285076,31019.132177475196,567.6205941350487
2145.0,3329.838387688201,10753252799.684988,493.2272651676459,8.782303012102354e-05,2.756832031521396,0.23355762248835077,2906703394376977.0,0.42996661768426553,0.42996661768426553,5737504657996.272,2.7380779484539963,141899.67942297366,138211.37405064853,134964.05441547485,3688.305372325134,3247.3196351736906,1.0961389172770104,0.02599234464322543,0.02599234464322543,0.025992344643225425,0.023495314025195113,3247.3196351736906,-82367147.1801182,-0.0076597424718343006,-1.2962834745996794,1.0787977607779156,0.0,0.0,48292444395243.56,-3.739089969377491,0.023495314025195224,0.023495314025195224,34919248958403.523,39661280071048.43,1112339812167100.8,-13939263902.424387,0.017006548253262838,0.07496889351324076,-0.09699847030052551,0.023495314025195113,338962783832941.25,1486221844958445.5,1525883125029493.8,1451302596000042.0,103442.17074480814,-13939263902.424387,1.0,571.2576533510025,3.704205638924736e-08,3.704205638924736e-08,0.049999242612053685,31521.883670666706,571.2576533510025
2146.0,3366.4499182725,10755458668.131905,492.67515986658515,8.734180351416988e-05,2.7596172010130835,0.23359360023966505,2954995838772220.5,0.4294192881479119,0.4294192881479119,5723565394093.848,2.7293902273187154,144161.9138936787,140438.5486071563,137128.03484302675,3723.365286522394,3310.513764129551,1.1013119059344956,0.02582766270201175,0.025827662702011745,0.025827662702011745,0.023572685683258748,3310.513764129551,-81683688.6010293,-0.00759462623784289,-1.3772148477693569,1.0765508107061432,0.0,0.0,49021756485565.25,-3.7357628510689658,0.023572685683258876,0.023572685683258876,35606093960377.16,40046501445548.71,1130353570633538.5,-14812577372.32089,0.018185524072848583,0.07004219095466425,-0.09527410262506673,0.023572685683258748,344521340362787.3,1510481004956703.0,1550527506402251.8,1474874910996325.8,105095.80349025391,-14812577372.32089,1.0,574.9329523688981,3.614898528572957e-08,3.614898528572957e-08,0.04997450129589831,32032.23135277285,574.9329523688981
2147.0,3403.408209248297,10757596929.88784,492.1236725774619,8.686709449679005e-05,2.7624049805214153,0.23362938576676343,3004017595257786.0,0.42887771883275144,0.42887771883275144,5708752816721.526,2.7202964783583274,146457.02341945146,142699.5447525002,139324.48869942856,3757.478666951281,3375.056053071644,1.1065134635689988,0.025655844828894953,0.025655844828894946,0.025655844828894953,0.023651484375268202,3375.056053071644,-81006340.21625601,-0.007530152016682836,-1.4598127821225444,1.0743085406446642,0.0,0.0,49761190990011.44,-3.7323854378176087,0.023651484375268317,0.023651484375268317,36307492634722.89,40421440971714.16,1148633741375375.8,-15704077503.17251,0.01938772043733937,0.06507601562347712,-0.09352197937705106,0.023651484375268202,350162950515790.0,1535104184525888.5,1575525625497602.5,1498796691891165.8,106774.1939823127,-15704077503.17251,1.0,578.6353746134091,3.5278409000612783e-08,3.5278409000612783e-08,0.049951367782495426,32550.294717115867,578.6353746134091
2148.0,3440.7159338771953,10759669644.089487,491.5728026084596,8.639879396060287e-05,2.7651866981597393,0.23366488501217303,3053778786247797.5,0.42834184911689904,0.42834184911689904,5693048739218.354,2.7107871584074723,148785.43177118755,144994.85680120552,141553.9925457596,3790.5749699820362,3440.864255445907,1.111729889974382,0.02547678845205384,0.02547678845205384,0.025476788452053846,0.023730940057849686,3440.864255445907,-80335010.17001724,-0.007466308244337869,-1.5439181701158105,1.0720709408458229,0.0,0.0,50511078387430.25,-3.7289911013863013,0.023730940057849814,0.023730940057849814,37022562678753.9,40785334438161.13,1167185239582069.0,-16612049467.953274,0.0206142150675402,0.060067779761005066,-0.09174143864136822,0.023730940057849686,355888957012210.0,1560096759273033.0,1600882093711194.2,1523074196594279.0,108477.79515454068,-16612049467.953274,1.0,582.3535109867261,3.4429682582417594e-08,3.4429682582417594e-08,0.04992989400416925,33076.19739121891,582.3535109867261
2149.0,3478.375780120476,10761678807.941622,491.0225492685428,8.593679500384444e-05,2.7679536820414046,0.233700003918421,3104289864635228.0,0.4278116190164683,0.4278116190164683,5676436689750.4,2.700852308963751,151147.57045278774,147324.9895578407,143817.14142533208,3822.580894947053,3507.848132508601,1.116947224600182,0.025290389276492336,0.025290389276492336,0.025290389276492336,0.023810272398705302,3507.848132508601,-79669606.56541191,-0.007403083476773106,-1.629362493759525,1.0698380015822657,0.0,0.0,51271754080546.06,-3.7256132157411197,0.02381027239870548,0.02381027239870548,37750334909095.41,41137387808794.22,1186013142551670.8,-17534675819.546795,0.021864526147389637,0.0550153161033181,-0.08993191465662367,0.023810272398705302,361700740544068.9,1585464218004834.8,1626601605813629.0,1547713883095739.5,110207.07491069588,-17534675819.546795,1.0,586.0756556019932,3.360218077689841e-08,3.360218077689841e-08,0.04991010812104557,33610.066514636215,586.0756556019932
2150.0,3516.3904506700856,10763626358.532,490.4729118674539,8.548099287927806e-05,2.7706972602797584,0.23373464842803449,3155561618715774.0,0.4272869691788571,0.4272869691788571,5658902013930.854,2.690482241326217,153543.87878639495,149690.4564653162,146114.54740323484,3853.4223210787395,3575.9090620813668,1.1221512455750708,0.02509655449332168,0.02509655449332168,0.02509655449332168,0.023888691012909812,3575.9090620813668,-79010038.63809915,-0.00734046649394052,-1.7159674974072079,1.0676097131468998,0.0,0.0,52043553916860.94,-3.7222851434334414,0.023888691012909913,0.023888691012909913,38489749036332.44,41476798065718.68,1205122678005993.8,-18470032985.476414,0.02313724368706367,0.049916886951018126,-0.08809294217220606,0.023888691012909812,367599715788438.4,1611212142830764.2,1652688940896483.0,1572722393794432.0,111962.51503571837,-18470032985.476414,1.0,589.7898038253456,3.279529842463655e-08,3.279529842463655e-08,0.04989202266897119,34152.03236751648,589.7898038253456
2151.0,3554.762662979177,10765514174.59598,489.9238897157121,8.503128494359069e-05,2.773408760988149,0.2337687244835407,3207605172632635.0,0.4267678408761034,0.4267678408761034,5640431980945.377,2.679667939792247,155974.80393227984,152091.7783607435,148446.8386899383,3883.0255715363332,3644.939670805197,1.1273274705161405,0.024895210467597326,0.024895210467597323,0.024895210467597323,0.02396539582935138,3644.939670805197,-78356217.43810974,-0.007278446358188031,-1.8035448762609718,1.0653860658528505,0.0,0.0,52826811605107.94,-3.7190402275908387,0.023965395829351532,0.023965395829351532,39239649691600.55,41802766830693.055,1224519217222122.2,-19416087929.907444,0.02443037694850992,0.04477119369689598,-0.08622416094314406,0.02396539582935138,373587328868371.44,1637346195782094.5,1679148962612787.5,1598106546090493.8,113744.6105557775,-19416087929.907444,1.0,593.483652730968,3.200845037991228e-08,3.200845037991228e-08,0.04987563897865144,34702.228134160796,593.483652730968
2152.0,3593.4951492924206,10767344078.232141,489.3754821246115,8.458757060813519e-05,2.7760795122799244,0.2338021380274667,3260431984237743.0,0.42625417599831195,0.42625417599831195,5621015893015.47,2.668401309602677,158440.80087129623,154529.48256283,150814.65906752754,3911.318308466221,3714.823495302484,1.1324611591811207,0.024686307358692542,0.024686307358692542,0.02468630735869255,0.024039577650123024,3714.823495302484,-77708056.24098638,-0.007217012447673636,-1.8918959827375008,1.063167050033419,0.0,0.0,53621857132549.31,-3.71591178696276,0.0240395776501231,0.0240395776501231,39998782763822.83,42114510026744.72,1244208270665018.5,-20370695006.359806,0.02574154473990679,0.03957738676469411,-0.08432532035262004,0.024039577650123024,379665055556323.6,1663872108985164.5,1705986619011909.5,1623873326221342.0,115553.86933165614,-20370695006.359806,1.0,597.1446040739703,3.124107117881937e-08,3.124107117881937e-08,0.04986094952434539,35260.7897358714,597.1446040739703
2153.0,3632.5906566759168,10769117836.570024,488.8276884062196,8.41497512909781e-05,2.7787008422684334,0.2338347950023397,3314053841370292.5,0.42574591704714904,0.42574591704714904,5600645198009.11,2.6566753397415304,160942.3323646273,157004.10213531827,153218.66745762754,3938.230229309028,3785.434677690743,1.137537318020026,0.024469822025361625,0.02446982202536162,0.02446982202536162,0.024110418939424668,3785.434677690743,-77065470.8093054,-0.007156154476052314,-1.980811552886995,1.0609526560420408,0.0,0.0,54429015679285.875,-3.712933112612799,0.024110418939424783,0.024110418939424783,40765792106690.08,42411265406971.11,1264195484797112.8,-21331593025.079308,0.027068078815503813,0.03433507590876128,-0.08239628415089098,0.024110418939424668,385834399816315.2,1690795676720118.0,1733206942127089.0,1650029884613428.0,117390.81176214154,-21331593025.079308,1.0,600.7597698848818,3.049261457944236e-08,3.049261457944236e-08,0.04984793912085794,35827.85569548599,600.7597698848818
2154.0,3672.0519470467943,10770837163.391218,488.2805078733757,8.371773037021508e-05,2.7812640790670233,0.23386660135068682,3368482857049578.5,0.42524300712940677,0.42524300712940677,5579313604984.031,2.644484219356353,163479.8688981384,159516.1752387814,155659.53753775413,3963.6936593569894,3856.637701027259,1.1425407066814242,0.02424575995853471,0.024245759958534712,0.02424575995853472,0.024177094863603758,3856.637701027259,-76428379.57081859,-0.007095862504596158,-2.0700714551247277,1.058742874252244,0.0,0.0,55248606745462.5,-3.7101374654829677,0.024177094863603976,0.024177094863603976,41539216675960.07,42692298970500.39,1284486639297512.2,-22296402559.732754,0.02840707929079373,0.029044340820928608,-0.08043703529823484,0.024177094863603758,392096892450420.3,1718122748423892.8,1760815047394393.2,1676583531747932.5,119255.97052597992,-22296402559.732754,1.0,604.3159807870397,2.9762553040199326e-08,2.9762553040199326e-08,0.049836585478472584,36403.56701177422,604.3159807870397
2155.0,3711.8817972024904,10772503720.704908,487.7339398396905,8.329141313851633e-05,2.7837605507890433,0.23389746301503528,3423731463795041.0,0.4247453899506344,0.4247453899506344,5557017202424.299,2.631823429203824,166053.88861447832,162066.244521246,158137.9573508086,3987.6440932323153,3928.2871704373883,1.147455846526506,0.02401415664820891,0.02401415664820891,0.024014156648208905,0.024238774595177415,3928.2871704373883,-75796703.74945314,-0.007036126950113814,-2.159444463610466,1.056537695057606,0.0,0.0,56080943330760.25,-3.7075580744056116,0.024238774595177537,0.024238774595177537,42317488159534.125,42956910831192.07,1305087644235995.5,-23262623518.89936,0.029755443635718946,0.02370574198743073,-0.07844768089838342,0.024238774595177415,398454089710264.4,1745859222105794.0,1788816132936986.0,1703541733946259.8,121149.89032007463,-23262623518.89936,1.0,607.7997971340519,2.905037717184758e-08,2.905037717184758e-08,0.049826859399557666,36988.06703073398,607.7997971340519
2156.0,3752.082998849638,10774119120.27905,487.1879836195435,8.287070675886622e-05,2.78618158554784,0.23392728593791218,3479812407125801.0,0.42425300980883657,0.42425300980883657,5533754578905.399,2.6186898199048074,168664.8772337145,164654.8565196223,160654.6288737702,4010.02071409223,4000.2276458520864,1.152267031201397,0.023775078604750945,0.023775078604750942,0.023775078604750942,0.024294622888182897,4000.2276458520864,-75170367.46897407,-0.006976938590505128,-2.248688058688752,1.0543371088717133,0.0,0.0,56926331075070.625,-3.705228134332808,0.02429462288818296,0.02429462288818296,43098929164643.82,43204440848416.15,1326004536922571.8,-24227633008.661663,0.031109881202726036,0.018320331735124068,-0.0764284572077145,0.024294622888182897,404907571787650.75,1774011037874866.2,1817215478723282.2,1730912108710222.5,123073.1275679666,-24227633008.661663,1.0,611.1975230587473,2.8355595182112953e-08,2.8355595182112953e-08,0.04981872477586724,37581.501305803606,611.1975230587473
2157.0,3792.658358632683,10775684925.128279,486.6426385280834,8.245552022146237e-05,2.7885185114567625,0.23395597606184468,3536738738200871.5,0.4237658115882388,0.4237658115882388,5509526945896.737,2.6050816834591326,171313.32796197128,167282.5610560962,163210.26752366844,4030.7669058751094,4072.293532427769,1.1569583393146832,0.023528624152172634,0.02352862415217263,0.023528624152172637,0.024343801928416044,4072.293532427769,-74549297.84009264,-0.006918288568947294,-2.337548256878596,1.052141106128119,0.0,0.0,57785067308510.125,-3.7031808046603185,0.02434380192841612,0.02434380192841612,43881752028079.3,43434274184344.375,1347243478252350.2,-25188683513.406574,0.03246691992754547,0.012889665402614029,-0.07437973470425759,0.024343801928416044,411458941128597.25,1802584171409026.8,1846018445593370.8,1758702419380947.5,125026.2500818538,-25188683513.406574,1.0,614.4952235175595,2.767773232294757e-08,2.767773232294757e-08,0.04981213847648891,38184.01744181464,614.4952235175595
2158.0,3833.61069816206,10777202650.959616,486.0979038812257,8.204576430174023e-05,2.790762656629158,0.23398343932936,3594523805509381.5,0.4232837407531174,0.4232837407531174,5484338262383.331,2.590998821509963,173999.7413867788,169949.91062054067,165805.6015857166,4049.8307662381376,4144.309034824091,1.1615136492628073,0.02327492405425988,0.023274924054259884,0.023274924054259887,0.02438547345916166,4144.309034824091,-73933425.03684348,-0.006860168397247346,-2.425759472969913,1.0499496772803019,0.0,0.0,58657439981187.56,-3.7014492075831553,0.024385473459161866,0.024385473459161866,44664058316502.086,43645846869839.47,1368810748421412.8,-26142901422.681744,0.03382290889561053,0.0074158125682004935,-0.07230202319931882,0.02438547345916166,418109820532125.8,1831584627270040.8,1875230474139880.0,1786920568953538.8,127009.83666661703,-26142901422.681744,1.0,617.6787444049675,2.7016330345563536e-08,2.7016330345563536e-08,0.04980705017867271,38795.76491909955,617.6787444049675
2159.0,3874.9428540421286,10778673767.577122,485.55377899565286,8.164135151949057e-05,2.7929053491783766,0.23400958168298516,3653181245490569.0,0.4228067433416953,0.4228067433416953,5458195360960.649,2.5764426122014896,176724.6253574375,172657.4597339875,168441.37155242596,4067.1656234500124,4216.088181561546,1.1659166562409824,0.023014142003265792,0.023014142003265792,0.02301414200326579,0.024418801180425408,4216.088181561546,-73322682.36530438,-0.0068025699586403,-2.513044416846349,1.047762812801624,0.0,0.0,59543726456010.125,-3.7000664264528913,0.024418801180425498,0.024418801180425498,45443839084389.36,43838651413872.1,1390712741921778.0,-27087285932.617886,0.035174018836657384,0.0019013682628030793,-0.0701959769732572,0.024418801180425408,424861851005067.06,1861018432011234.0,1904857083425106.2,1815574592926845.0,129024.47665733448,-27087285932.617886,1.0,620.733735801526,2.6370946965737585e-08,2.6370946965737585e-08,0.04980340217253154,39416.89489509148,620.733735801526
2160.0,3916.657677898642,10780099700.246483,485.0102631888123,8.12421960990384e-05,2.7949379172177644,0.23403430906524741,3712724971946579.0,0.4223347659601014,0.4223347659601014,5431108075028.031,2.5614160765551177,179488.49484845437,175405.76429049444,171118.32936483872,4082.730557959937,4287.434925655714,1.1701508914713246,0.02274647498385379,0.02274647498385379,0.02274647498385379,0.02444295341717033,4287.434925655714,-72717006.32620564,-0.0067454855101704665,-2.599114027704427,1.04558050318529,0.0,0.0,60444192155351.5,-3.6990655041258593,0.0244429534171704,0.0244429534171704,46218975956887.47,44012242464051.07,1412955961742567.2,-28018708350.96292,0.036516241707614784,-0.0036505359077506046,-0.0680623999156486,0.02444295341717033,431716689350009.44,1890891627049464.2,1934903869513515.2,1844672651092576.8,131070.76938353924,-28018708350.96292,1.0,623.6456784059382,2.574115534043705e-08,2.574115534043705e-08,0.049801129159451785,40047.55998129947,623.6456784059382
2161.0,3958.7580364059577,10781481831.020607,484.467355778916,8.084821393045241e-05,2.79685168886067,0.23405752741867394,3773169164101930.5,0.42186775577639374,0.42186775577639374,5403089366677.068,2.5459239447735573,182291.87180400811,178195.38087614137,173837.23754851884,4096.490927866739,4358.143327622542,1.1741997436732707,0.02247215351582487,0.022472153515824878,0.022472153515824878,0.024457106049520807,4358.143327622542,-72116336.6721067,-0.006688907684712942,-2.6836674483799507,1.043402738944306,0.0,0.0,61359089057157.94,-3.698479441301878,0.024457106049520894,0.024457106049520894,46987243103746.125,44166242509736.0,1435547012716818.0,-28933911835.209873,0.03784539002448703,-0.009236220810471586,-0.0659022506487642,0.024457106049520807,438676005467351.0,1921210261287915.0,1965376503797651.2,1874223018184169.0,133149.32355461986,-28933911835.209873,1.0,626.399913186733,2.5126543556017653e-08,2.5126543556017653e-08,0.049800158057403454,40687.91399389898,626.399913186733
2162.0,4001.246811313832,10782821500.02724,483.9250560849397,8.045932253175565e-05,2.798637992220442,0.23407914268579175,3834528253159088.5,0.4214056605146461,0.4214056605146461,5374155454841.858,2.5299727225894215,185135.28496133618,181026.86606472597,176598.86823797063,4108.418896610204,4427.997826755348,1.1780464827937294,0.022191441774420322,0.02219144177442032,0.022191441774420312,0.024460445695237976,4427.997826755348,-71520616.45932393,-0.006632829492646544,-2.76639204251785,1.0412295106114366,0.0,0.0,62288654039176.625,-3.698341194859575,0.024460445695238087,0.024460445695238087,47746310168411.46,44300347609486.695,1458492593961782.0,-29829511593.565742,0.03915709632765286,-0.014851449086152851,-0.06371664761197109,0.024460445695237976,445741479355085.44,1951980383485278.8,1996280731094765.5,1904234073316867.5,135260.75656154536,-29829511593.565742,1.0,628.9816742721647,2.4526714127811048e-08,2.4526714127811048e-08,0.04980040782313089,41338.111676425266,628.9816742721647
2163.0,4044.1268994738693,10784120006.719593,483.38336342662143,8.007544101210846e-05,2.8002881554104286,0.23409906080912818,3896816907198265.0,0.4209484284490959,0.4209484284490959,5344325943248.293,2.513570757605456,188019.26965094593,183900.77569029309,179404.00208400784,4118.493960652844,4496.773606285251,1.1816742860060931,0.021904637584747286,0.02190463758474728,0.021904637584747283,0.02445217313198427,4496.773606285251,-70929792.09449597,-0.006577244323162165,-2.846963457334766,1.0390608087391666,0.0,0.0,63233107072363.125,-3.6986836761979536,0.024452173131984334,0.024452173131984334,48493746213229.39,44414333118630.16,1481799490367522.8,-30701995578.643436,0.04044681301217311,-0.02049141479038368,-0.06150687408334278,0.02445217313198427,452914797792189.7,1983208034372941.8,2027622367491572.0,1934714288159712.5,137405.69369074272,-30701995578.643436,1.0,631.3761250781873,2.394128351068152e-08,2.394128351068152e-08,0.04980178929910539,41998.308393265106,631.3761250781873
2164.0,4087.401212865608,10785378611.090954,482.84227712446096,7.969649003593581e-05,2.8017935065439774,0.23411718773121026,3960050014270628.0,0.4204960083983543,0.4204960083983543,5313623947669.649,2.496728305472411,190944.36757157996,186817.66409700306,182253.4270393619,4126.703474576917,4564.2370576411595,1.1850662659779931,0.021612072286080527,0.021612072286080523,0.021612072286080527,0.02443150694396451,4564.2370576411595,-70343813.37549548,-0.006522145945174206,-2.9250457347190504,1.036896623899657,0.0,0.0,64192649266450.25,-3.6995397495963034,0.024431506943964676,0.024431506943964676,49227024737431.67,44508059389016.6,1505474563094846.8,-31547725703.70167,0.04170981267015228,-0.026150733465145258,-0.05927438311345526,0.02443150694396451,460197650693513.1,2014899238525791.2,2059407297914807.8,1965672213788359.8,139584.76724653118,-31547725703.70167,1.0,633.5683976536246,2.336988162001121e-08,2.336988162001121e-08,0.049804205092096154,42668.659792830724,633.5683976536246
2165.0,4131.072678622255,10786598534.854261,482.301796499719,7.932239178797242e-05,2.8031453737344365,0.2341334293945652,4024242663537078.0,0.42004834971967725,0.42004834971967725,5282076221965.947,2.4794575956871956,193911.1265379302,189778.08336711559,185147.93701859663,4133.04317081461,4630.146348518962,1.1882055013976565,0.021314110461867493,0.021314110461867493,0.021314110461867496,0.02439768737448039,4630.146348518962,-69762633.52628227,-0.006467528507792456,-3.0002914733918886,1.0347369466847065,0.0,0.0,65167460772453.75,-3.7009422306060262,0.02439768737448056,0.02439768737448056,49943529819095.445,44581477410798.28,1529524739049922.0,-32362939611.024677,0.042941189045343206,-0.031823432735020606,-0.05702080234504713,0.02439768737448039,467591727126161.56,2047059995995178.8,2091641473405977.0,1997116466176083.5,141798.61557910364,-32362939611.024677,1.0,635.5436351991104,2.2812151362518598e-08,2.2812151362518598e-08,0.049807549489498504,43349.321439493,635.5436351991104
2166.0,4175.144239056016,10787780962.587553,481.7619208744158,7.895306993919917e-05,2.8043350850951545,0.2341476917417201,4089410124309532.0,0.41960540230329624,0.41960540230329624,5249713282354.923,2.461772896751598,196920.10019917984,192782.58252805978,188088.33042921504,4137.517671120059,4694.252098844729,1.1910750697378638,0.02101114953189168,0.021011149531891676,0.021011149531891676,0.024349980362782377,4694.252098844729,-69186209.22522154,-0.006413386540305373,-3.0723420448127454,1.0325817677057083,0.0,0.0,66157698548610.69,-3.7029238844889436,0.024349980362782575,0.024349980362782575,50640563425503.83,44634634364878.56,1553956999309599.2,-33143753021.58825,0.04413585867408996,-0.03750294352542867,-0.054747938690952104,0.024349980362782377,475098710979563.94,2079696273714667.0,2124330908079545.8,2029055710289163.2,144047.8820156604,-33143753021.58825,1.0,637.2870376920262,2.2267748176304287e-08,2.2267748176304287e-08,0.04981170841908744,44040.44841355464,637.2870376920262
2167.0,4219.61885168309,10788927042.846209,481.22264957133126,7.858844961364586e-05,2.8053539687394795,0.23415988071520216,4155567822858142.5,0.4191671165668097,0.4191671165668097,5216569529333.335,2.44369058040128,199971.84772657036,195831.7067397079,191075.4085717373,4140.14098686245,4756.2981679706,1.193658082224882,0.020703619204056323,0.020703619204056323,0.020703619204056327,0.02428768174038585,4756.2981679706,-68614500.62634513,-0.006359714951621738,-3.140827865452152,1.0304310775936114,0.0,0.0,67163493998005.06,-3.7055174247173266,0.02428768174038598,0.02428768174038598,51315353928257.88,44667679054356.27,1578778366478685.5,-33886162694.501656,0.04528856327197376,-0.043182092003484406,-0.052457782841477014,0.02428768174038585,482720276283819.25,2112813996690762.8,2157481675745119.0,2061498642762504.8,146333.21369297078,-33886162694.501656,1.0,638.7839105236716,2.173633957953388e-08,2.173633957953388e-08,0.04981655945740182,44742.194878766524,638.7839105236716
2168.0,4264.499489248251,10790037889.242903,480.68398191400263,7.82284573560356e-05,2.8061933527807588,0.23416990225753856,4222731316856147.5,0.4187334434496325,0.4187334434496325,5182683366638.833,2.4252291845907155,203066.93346832276,198925.99646306128,194109.97390749084,4140.937005261465,4816.022555570451,1.1959377209673625,0.020391980784539823,0.020391980784539826,0.020391980784539826,0.02421012155877144,4816.022555570451,-68047471.37300977,-0.006306509029115597,-3.2053687279726732,1.0282848669988789,0.0,0.0,68184950487908.56,-3.708755511551241,0.024210121558771558,0.024210121558771558,51965065850053.6,44680867183739.24,1603995890968254.2,-34586050023.81947,0.046393872916956416,-0.04885309234505609,-0.05015251357121123,0.02421012155877144,490458082173523.3,2146419038991831.0,2191099906175570.2,2094453973141777.5,148655.26029036037,-34586050023.81947,1.0,640.0197160273555,2.121760472720517e-08,2.121760472720517e-08,0.049821971891598205,45454.71361713049,640.0197160273555
2169.0,4309.78913974911,10791114581.49611,480.14591722672526,7.787302110024708e-05,2.8068445653323417,0.23417766231125633,4290916267344056.0,0.4183043344075042,0.4183043344075042,5148097316615.014,2.4064094748997245,206205.92657041264,202065.98661161223,197192.82819390707,4139.939958800404,4873.158417705165,1.1978972781870942,0.02007672634659581,0.02007672634659581,0.020076726346595807,0.024116668517160114,4873.158417705165,-67485088.60339661,-0.006253764436818748,-3.2655741937536193,1.0261431265914465,0.0,0.0,69222140762702.875,-3.712670750708943,0.02411666851716021,0.02411666851716021,52586810859238.73,44674566455929.45,1629616636192619.5,-35239185299.17209,0.04744619007450629,-0.05450754043429547,-0.04783450181412426,0.024116668517160114,498313767497108.5,2180517214548966.8,2225191781004896.2,2127930403689728.0,151014.67266291272,-35239185299.17209,1.0,640.980127747167,2.071123397549821e-08,2.071123397549821e-08,0.04982780683899568,46178.15553099436,640.980127747167
2170.0,4355.490806459924,10792158166.448055,479.6084548345502,7.752207013857197e-05,2.8072989345075747,0.23418306681888276,4360138408106759.0,0.41787974140705547,0.41787974140705547,5112858131315.842,2.387254504009572,209389.4005618761,205252.20568663653,200324.77048823223,4137.1948752395765,4927.435198404307,1.1995201974797176,0.019758377759990793,0.019758377759990793,0.019758377759990793,0.024006734455887604,4927.435198404307,-66927322.947305806,-0.006201477212906073,-3.3210440490647724,1.0240058470606836,0.0,0.0,70275104264073.5,-3.7172956921460183,0.024006734455887746,0.024006734455887746,53177660016102.63,44649261459003.836,1655647662691658.2,-35841232655.2481,0.04843975450653146,-0.060136408604312845,-0.04550631447475108,0.024006734455887604,506288945074749.4,2215114267782510.5,2259763529241514.0,2161936607766407.8,153412.10137550917,-35841232655.2481,1.0,641.6510872670541,2.0216928453272802e-08,2.0216928453272802e-08,0.04983391742816279,46912.669112723044,641.6510872670541
2171.0,4401.607507955091,10793169659.052917,479.07159406328435,7.717553509174484e-05,2.8075477884198077,0.23418602172294498,4430413512370832.5,0.417459616920431,0.417459616920431,5077016898660.594,2.367789668880655,212617.932903551,208485.17489763148,203506.59502176428,4132.758005919519,4978.5798758672245,1.2007901170191886,0.019437485584972953,0.019437485584972953,0.019437485584972953,0.02387977887785912,4978.5798758672245,-66374148.51371801,-0.006149643766420904,-3.371368827039398,1.021873019115352,0.0,0.0,71343844374044.81,-3.722662828958473,0.023879778877859192,0.023879778877859192,53734657261381.57,44605558317698.586,1682096011194947.8,-36387755733.478455,0.04936864910302725,-0.06573004152971107,-0.04317071794229153,0.02387977887785912,514385195611128.06,2250215864067457.0,2294821422385155.5,2196481206806075.8,155848.19513923483,-36387755733.478455,1.0,642.0188633887954,1.9734399640350348e-08,1.9734399640350348e-08,0.04983850772912968,47658.399882529455,642.0188633887954
2172.0,4448.142278132188,10794150043.336111,478.5353342394897,7.683334787972423e-05,2.807592473427194,0.23418653320401878,4501757356744877.5,0.4170439139199695,0.4170439139199695,5040629142927.115,2.3480427652492137,215892.10449938144,211765.407268987,206738.9005315099,4126.697230394448,5026.50673747711,1.201708240004163,0.01911462783673162,0.019114627836731617,0.019114627836731617,0.023736203199101257,5026.50673747711,-65825577.17245688,-0.006098264051192714,-3.4164238455503604,1.0197446334835651,0.0,0.0,72428072999201.62,-3.7287666572877853,0.023736203199101524,0.023736203199101524,54256867918167.8,44544189088297.234,1708966903457768.2,-36877391600.501945,0.050226806672670675,-0.07127815338333555,-0.04083068127357533,0.023736203199101257,522603808673689.4,2285827580049625.5,2330371769137922.5,2231570712131457.5,158323.43413762513,-36877391600.501945,1.0,642.0849247706449,1.9263399068614413e-08,1.9263399068614413e-08,0.04982213199685526,48415.46639388477,642.0849247706449
2173.0,4495.098166234717,10795100273.32546,477.9996746904813,7.649544169320373e-05,2.8075526962418396,0.234185800984994,4574185429744079.0,0.41663258587293955,0.41663258587293955,5003751751326.613,2.3280440390470956,219212.49553803683,215093.40317039864,210020.0198278204,4119.092367638205,5073.383342578249,1.202480893507446,0.01879040862852399,0.01879040862852399,0.018790408628523995,0.02358688489650738,5073.383342578249,-65282022.79053261,-0.006047375303390517,-3.4595865060534927,1.0176206809127486,0.0,0.0,73524501222210.94,-3.735153431534513,0.02358688489650751,0.02358688489650751,54767681908151.29,44466015143744.01,1736244129250503.8,-37346583237.09113,0.05101001009796709,-0.07677046937800429,-0.038489213982121726,0.02358688489650738,530943044196618.94,2321954855355274.0,2366420870499017.5,2267187173447122.5,160836.31326155795,-37346583237.09113,1.0,642.0261186781388,1.8804030317526163e-08,1.8804030317526163e-08,0.04979800261148348,49183.70656626244,642.0261186781388
2174.0,4542.478236874349,10796021273.955015,477.46461474432806,7.6161750965833e-05,2.807466652651586,0.23418422870130923,4647709930966290.0,0.4162255867363309,0.4162255867363309,4966405168089.522,2.3078253615696047,222579.64242719355,218469.6107854032,213349.71000752156,4110.031641790361,5119.900777881657,1.203173930551452,0.018465442737579947,0.01846544273757994,0.01846544273757994,0.02343529957999878,5119.900777881657,-64743612.881862745,-0.005996988264376082,-3.5019328076351717,1.0155011521695994,0.0,0.0,74632099910780.75,-3.741678159389396,0.023435299579998903,0.023435299579998903,55274557718549.195,44371989041397.0,1763924915025926.2,-37806941091.19033,0.051738846697976446,-0.08220440005826654,-0.03614739593370635,0.02343529957999878,539403093007409.75,2358602565751885.0,2402974554793282.0,2303328008033336.0,163386.57272576215,-37806941091.19033,1.0,641.8989313373345,1.8356136388745456e-08,1.8356136388745456e-08,0.04977237590582839,49963.13728175943,641.8989313373345
2175.0,4590.285570052857,10796913941.942299,476.9301537298503,7.583221134712875e-05,2.8073355780665095,0.23418185242906012,4722342030877071.0,0.4158228709517005,0.4158228709517005,4928598226998.332,2.2874093561254965,225994.07043732726,221894.49698231343,216728.43495910792,4099.573455013818,5166.062023205523,1.2037893531507944,0.018140181497154417,0.018140181497154417,0.018140181497154424,0.023281613980797797,5166.062023205523,-64210337.51680869,-0.0059471009829367635,-3.5434668874149895,1.0133860380400455,0.0,0.0,75750924359983.31,-3.7483359953111233,0.023281613980797866,0.023281613980797866,55777527083286.34,44262741792455.25,1792013133577636.8,-38258507039.54179,0.05243202009726848,-0.08757978532192456,-0.033805690977750304,0.023281613980797797,547985127447690.44,2395775788108613.0,2440038529901068.5,2339998261025327.0,165974.56858633296,-38258507039.54179,1.0,641.7052288054964,1.791944671858011e-08,1.791944671858011e-08,0.0497455057806524,50753.866372774966,641.7052288054964
2176.0,4638.523261183621,10797779146.6397,476.39629097662026,7.550675967605694e-05,2.807160707896685,0.2341787082443423,4798092955237054.0,0.4154243934400726,0.4154243934400726,4890339719958.79,2.266810300211781,229456.30934753089,225368.56054137557,220156.68966790373,4087.7488061553,5211.870873471857,1.2043291829957945,0.017814933125085967,0.017814933125085964,0.017814933125085964,0.023125989095160438,5211.870873471857,-63682176.6888392,-0.005897710614747781,-3.584193729447826,1.0112753293292067,0.0,0.0,76881105476050.56,-3.755122239854842,0.023125989095160615,0.023125989095160615,56276630632553.25,44138608815805.02,1820512911689563.0,-38701332309.34851,0.053099914154426976,-0.09289647804614247,-0.03146455600880094,0.023125989095160438,556690400999756.06,2433479943321872.0,2477618552137677.0,2377203312689319.0,168600.6804701235,-38701332309.34851,1.0,641.446895996431,1.749369074638299e-08,1.749369074638299e-08,0.04971754857997879,51556.00919778024,641.446895996431
2177.0,4687.194421112735,10798617730.860764,475.8630258149602,7.518533395526735e-05,2.806943277552188,0.2341748322232514,4874974060713105.0,0.415030109596893,0.415030109596893,4851638387649.441,2.246037838329084,232966.89456255452,228892.32075512843,223634.98879440987,4074.5738074260807,5257.331960718547,1.2047954601283009,0.017489926262171152,0.017489926262171152,0.017489926262171156,0.022968581660469507,5257.331960718547,-63159104.37643005,-0.005848813797337338,-3.6241191989858117,1.0091690168613543,0.0,0.0,78022813513867.62,-3.7620322740506533,0.022968581660469667,0.022968581660469667,56771918128036.28,43999764962572.125,1849428535650984.2,-39135477840.9211,0.0537483113673566,-0.09815434562253064,-0.029124440550939726,0.022968581660469507,565520219585178.1,2471720673364199.0,2515720438326771.0,2414948755236162.5,171265.30281423024,-39135477840.9211,1.0,641.1258347850967,1.7078600563009196e-08,1.7078600563009196e-08,0.04968860623230609,52369.68598017964,641.1258347850967
2178.0,4736.302176139736,10799430511.68206,475.3303575759424,7.486787332596278e-05,2.806684522443094,0.23417026044188308,4952996874226973.0,0.4146399752870361,0.4146399752870361,4812502909808.5205,2.2250990355740408,236526.36770559158,232466.3110390617,227163.86027619048,4060.056666529878,5302.450762871227,1.2051902416471878,0.01716534484469613,0.01716534484469613,0.01716534484469613,0.022809544915005975,5302.450762871227,-62641090.85537356,-0.005800406862900119,-3.663250068207492,1.0070670914798703,0.0,0.0,79176238132333.56,-3.7690615234379425,0.022809544915006086,0.022809544915006086,57263448555243.35,43846299843680.92,1878764398263141.2,-39561014558.52138,0.05438045224506723,-0.1033532715229081,-0.026785786327572832,0.022809544915005975,574475925555030.9,2510503772373415.0,2554350072217096.0,2453240323818172.0,173968.83995233141,-39561014558.52138,1.0,640.7439621581561,1.6673912345081285e-08,1.6673912345081285e-08,0.04965875003176601,53195.02032385906,640.7439621581561
2179.0,4785.849668037856,10800218281.221334,474.7982855913874,7.455431804338556e-05,2.806385677979478,0.23416502897633296,5032173112359307.0,0.41425394683986433,0.41425394683986433,4772941895249.999,2.2039995123189002,240135.27692299138,236091.07534480133,230743.84173970952,4044.2015781900623,5347.233605091812,1.2055156004445158,0.01684134721899686,0.016841347218996862,0.016841347218996862,0.022649028970207354,5347.233605091812,-62128103.993814714,-0.005752485956866143,-3.7015940372355347,1.004969544047209,0.0,0.0,80341577545793.88,-3.7762054383933297,0.022649028970207485,0.022649028970207485,57751290135673.65,43678259817712.484,1908524969054728.2,-39978023590.61111,0.054998175897661775,-0.10849315687624855,-0.024449026821537618,0.022649028970207354,583558888781724.6,2549835147972127.0,2593513407789839.0,2492083857836453.0,176711.70335262004,-39978023590.61111,1.0,640.303208412251,1.627936710383997e-08,1.627936710383997e-08,0.04962803376918368,54032.138387089464,640.303208412251
2180.0,4835.840054073991,10800981807.392605,474.2668091938643,7.424460945290418e-05,2.806047979571416,0.23415917390269672,5112514689905101.0,0.4138719810443399,0.4138719810443399,4732963871659.388,2.182744069965984,243794.17703248153,239767.1661423255,234375.47848537052,4027.010890156015,5391.6876569549895,1.205773623973251,0.016518076597126778,0.016518076597126778,0.016518076597126775,0.022487180975206966,5391.6876569549895,-61620109.98997751,-0.005705047104866185,-3.739159752593273,1.002876365444857,0.0,0.0,81519032738347.62,-3.783459483406242,0.022487180975207077,0.022487180975207077,58235520293914.1,43495671362747.016,1938714777490566.2,-40386596462.69457,0.05560255180011789,-0.11357392204622656,-0.022114586828260795,0.022487180975206966,592770501728857.9,2589720799513338.0,2633216470876085.0,2531485279219424.0,179494.3100601869,-40386596462.69457,1.0,639.8055154016208,1.5894711062280584e-08,1.5894711062280584e-08,0.04959650100364765,54881.16842518363,639.8055154016208
2181.0,4886.276507028152,10801721834.63886,473.7359277166889,7.393868996668383e-05,2.805672662628983,0.23415273129707004,5194033722643449.0,0.413494035144188,0.413494035144188,4692577275196.693,2.161337034830107,247503.62958807018,243495.14328217064,238059.32235489276,4008.4863058995393,5435.820927277856,1.2059664130474017,0.016195666756770467,0.016195666756770467,0.016195666756770467,0.02232414517187572,5435.820927277856,-61117073.80470405,-0.005658086251463575,-3.7759568243154624,1.0007875465732916,0.0,0.0,82708804489644.81,-3.790819131264578,0.022324145171875975,0.022324145171875975,58716225599364.07,43298554054285.92,1969338403466186.2,-40786835275.861946,0.0561942297658186,-0.11859550820378359,-0.01978288200346755,0.02232414517187572,602112176753989.8,2630166805819540.5,2673465359873826.5,2571450580220176.0,182317.08181476497,-40786835275.861946,1.0,639.2528348365537,1.5519695829930457e-08,1.5519695829930457e-08,0.04956418910896332,55742.24054012779,639.2528348365537
2182.0,4937.162215212525,10802439084.642996,473.20564049392334,7.363650304092522e-05,2.8052609625622553,0.2341457372355485,5276742527133094.0,0.4131200668331104,0.4131200668331104,4651790439920.831,2.1397824458918784,251264.2029022448,247275.57335275566,241795.93109511927,3988.6295494891615,5479.642257636388,1.2060960806753533,0.01587424513089495,0.015874245130894953,0.015874245130894953,0.022160062893957184,5479.642257636388,-60618959.42605543,-0.005611599283372288,-3.811995842405653,0.9987030783519446,0.0,0.0,83911091956166.56,-3.798279859932166,0.022160062893957444,0.022160062893957444,59193501693752.7,43086927739563.7,2000400471900085.2,-41178852878.49943,0.0567736338639214,-0.12355787889195045,-0.01745431840624273,0.022160062893957184,611585344669476.0,2671179318263314.0,2714266246002877.5,2611985816569561.0,185180.4445482967,-41178852878.49943,1.0,638.6471266340182,1.515407846641275e-08,1.515407846641275e-08,0.049531131543081974,56615.48654682258,638.6471266340182
2183.0,4988.500382490179,10803134257.017614,472.67594686037546,7.333799315365588e-05,2.804814114781308,0.23413822779422777,5360653619089261.0,0.4127500342500503,0.4127500342500503,4610611587042.332,2.1180841560584445,255076.47204791644,251109.0293177959,245585.86800263321,3967.4427301205237,5523.161315162716,1.2061647509271414,0.015553934466269534,0.015553934466269534,0.01555393446626953,0.02199507253947755,5523.161315162716,-60125730.04072085,-0.005565582044087228,-3.8472883930403197,0.9966229517191603,0.0,0.0,85126092107709.5,-3.805837150899302,0.021995072539477634,0.021995072539477634,59667453210868.8,42860816470520.516,2031905649642017.2,-41562773035.480125,0.05734106991310914,-0.12846102158175576,-0.015129292037847897,0.02199507253947755,621191454016635.6,2712764556869521.5,2755625373340042.0,2653097103658653.0,188084.82809718951,-41562773035.480125,1.0,637.9903573216916,1.4797621482995942e-08,1.4797621482995942e-08,0.04949735913659503,57501.039905443686,637.9903573216916
2184.0,5040.294228293294,10803808029.974274,472.14684615159723,7.304310578305903e-05,2.8043333546962157,0.2341302390492035,5445779711196970.0,0.4123838959745061,0.4123838959745061,4569048814006.852,2.096245885496143,258941.01885243048,254996.09031359624,249429.70172862295,3944.928538834245,5566.388584973288,1.2061745578363376,0.015234853698797119,0.015234853698797119,0.015234853698797119,0.02182930953226655,5566.388584973288,-59637348.15300336,-0.0055200303437033,-3.881847074756317,0.994547157632157,0.0,0.0,86353999628981.0,-3.813486488337034,0.021829309532266805,0.021829309532266805,60138193692291.54,42620250625532.09,2063858643701106.5,-41938730597.384445,0.05789678511489417,-0.13330494921895808,-0.012808188376469213,0.02182930953226655,630931970748678.0,2754928808142076.0,2797549058767608.0,2694790614449784.5,191030.66603692895,-41938730597.384445,1.0,637.2844984964737,1.4450092808829988e-08,1.4450092808829988e-08,0.04946290083806093,58399.035691694015,637.2844984964737
2185.0,5092.546987640973,10804461060.972816,471.61833770388483,7.275178738632583e-05,2.8038199177170546,0.23412180707657135,5532133710825951.0,0.41202161102189494,0.41202161102189494,4527110083409.467,2.074271248391496,262858.4318903409,258937.34153895537,253328.00617651237,3921.09035138548,5609.3353624430065,1.2061276443371753,0.01491711840166983,0.014917118401669833,0.014917118401669833,0.02166290628112871,5609.3353624430065,-59153775.673679166,-0.005474939965987813,-3.9156855147670417,0.992475687066987,0.0,0.0,87595007069336.0,-3.8212233586876594,0.02166290628112888,0.02166290628112888,60605845501453.305,42365268018100.64,2096264200236077.8,-42306871671.3158,0.0584410011832308,-0.13808970176186466,-0.010491381907936456,0.02166290628112871,640808378151931.1,2797678423889462.5,2840043691907563.0,2737072578388009.0,194018.39558736247,-42306871671.3158,1.0,636.5315253384423,1.4111265736488194e-08,1.4111265736488194e-08,0.049427784156997,59309.6105891499,636.5315253384423
2186.0,5145.261911156678,10805093987.351286,471.0904208542771,7.246398537901668e-05,2.8032750392539008,0.23411296795242695,5619728717895287.0,0.4116631388389652,0.4116631388389652,4484803211738.151,2.0521637649669935,266829.306478511,262933.37419995765,257281.36045449218,3895.932278553388,5652.013745465456,1.2060261612374792,0.014600841001950235,0.014600841001950235,0.014600841001950231,0.02149599214121509,5652.013745465456,-58674973.99097817,-0.005430306673839632,-3.948818385501587,0.9904085310184988,0.0,0.0,88849305120213.62,-3.829043250489518,0.021495992141215226,0.021495992141215226,61070539737555.62,42095914438125.01,2129127103994650.0,-42667353794.32541,0.05897393279816501,-0.1428153477108099,-0.008179235652371539,0.02149599214121509,650822176909742.4,2841019820641948.0,2883115735080073.0,2779949280904392.5,197048.45755965283,-42667353794.32541,1.0,635.7334151810869,1.378091885493211e-08,1.378091885493211e-08,0.049392035437055615,60232.90289483933,635.7334151810869
2187.0,5198.442265085197,10805707426.937063,470.56309494055506,7.217964811491794e-05,2.8026999547168283,0.23410375775286593,5708578023015501.0,0.411308439299257,0.411308439299257,4442135857943.826,2.029926865300223,270854.2446753617,266984.78548840916,261290.34886161127,3869.4591869525484,5694.4366267978885,1.2058722662279207,0.014286130873047139,0.014286130873047137,0.014286130873047137,0.021328693379964552,5694.4366267978885,-58200904.03046631,-0.005386126213761802,-3.9812614214326802,0.9883456805002968,0.0,0.0,90117082953644.75,-3.8369416543254946,0.02132869337996468,0.02132869337996468,61532416150412.38,41812243874683.0,2162452178025694.0,-43020346110.15312,0.059495797934008096,-0.14748198563005627,-0.005872100686672454,0.021328693379964552,660974885255194.9,2884959479431301.5,2926771723305984.5,2823427063280889.0,200121.2963285508,-43020346110.15312,1.0,634.8921461385373,1.3458835974505986e-08,1.3458835974505986e-08,0.04935568003256874,61169.05253306047,634.8921461385373
2188.0,5252.091331309196,10806301978.63971,470.03635930124096,7.189872486638077e-05,2.8020958995159138,0.23409421255398402,5798695105969146.0,0.4109574726986103,0.4109574726986103,4399115511833.673,2.0075638885719194,274933.85528513166,271092.178581885,265355.560895318,3841.676703246635,5736.617686567015,1.2056681229280801,0.013973094362141988,0.013973094362141987,0.01397309436214199,0.0211611331487907,5736.617686567015,-57731526.307626426,-0.005342394319698036,-4.013031436243723,0.986287126544702,0.0,0.0,91398528585185.12,-3.844914062834223,0.021161133148790756,0.021161133148790756,61991623057048.69,41514318559588.19,2196244283564025.0,-43366029549.8239,0.060006823689945865,-0.15208974566300318,-0.0035703156627027656,0.0211611331487907,671268039182099.8,2929503945803173.5,2971018264362762.0,2867512322746124.5,203237.3598207078,-43366029549.8239,1.0,634.0096957904005,1.3144806046658657e-08,1.3144806046658657e-08,0.04931874242888101,62118.20107461022,634.0096957904005
2189.0,5306.212407365362,10806878223.02607,469.51021327559766,7.16211658051294e-05,2.8014641090612318,0.23408436843187677,5890093634554331.0,0.41061019975072094,0.41061019975072094,4355749482283.849,1.9850780797496592,279068.75386748754,275256.16265848576,269477.59127348714,3812.5912090017882,5778.571384998621,1.205415899969714,0.013661834785029896,0.013661834785029895,0.013661834785029898,0.020993431461035723,5778.571384998621,-57266800.975304976,-0.005299106716432445,-4.044146340375827,0.9842328602027143,0.0,0.0,92693829241299.75,-3.852955970750857,0.020993431461035827,0.020993431461035827,62448317260743.195,41202208909862.06,2230508320030235.2,-43704597016.53809,0.06050724963245406,-0.15663879104167328,-0.0012742063210299313,0.020993431461035723,681703192696732.8,2974659829987711.5,3015862038897573.5,2912211512726968.0,206397.0995136895,-43704597016.53809,1.0,633.0880399246805,1.2838623080043782e-08,1.2838623080043782e-08,0.049281246328934936,63080.49175979767,633.0880399246805
2190.0,5360.808806460087,10807436722.878141,468.9846562036275,7.134692198352626e-05,2.8008058187628584,0.23407426146263988,5982787463795631.0,0.41026658158274265,0.41026658158274265,4312044885267.311,1.9624725848172844,283259.5627525297,279477.35292226565,273657.0399668381,3782.2098302640206,5820.312955427581,1.2051177701176288,0.013352452406234757,0.013352452406234755,0.013352452406234758,0.020825705176356287,5820.312955427581,-56806687.86729735,-0.005256259122669108,-4.0746251589919265,0.9821828725439724,0.0,0.0,94003171720481.25,-3.861062874959078,0.0208257051763564,0.0208257051763564,62902663973131.445,40875993413226.08,2265249225111692.5,-44036253575.25253,0.060997329762525844,-0.16112931959150817,0.001015914999965434,0.020825705176356287,692281918100044.4,3020433807184868.5,3061309800598094.5,2957531143211737.0,209600.97044254834,-44036253575.25253,1.0,632.1291513391884,1.2540086054066103e-08,1.2540086054066103e-08,0.049243214718723394,64056.06952428975,632.1291513391884
2191.0,5415.883857484738,10807978023.734228,468.45968742607164,7.107594531628167e-05,2.8001222640308687,0.23406392772236898,6076790635516112.0,0.409926579730936,0.409926579730936,4268008631692.0586,1.939750445163534,287506.9110610907,283756.3706368982,277894.5122392576,3750.5404241924616,5861.858397640678,1.2047759094284711,0.013045044414238547,0.013045044414238548,0.013045044414238552,0.02065806799150832,5861.858397640678,-56351146.538849376,-0.005213847253862169,-4.104488050391807,0.9801371546567152,0.0,0.0,95326742742514.38,-3.869230274544318,0.02065806799150849,0.02065806799150849,63354836739942.38,40535758481798.98,2300471974904113.0,-44361216647.3144,0.06147733372431112,-0.16556156523255694,0.003299749859806111,0.02065806799150832,703005806294125.6,3066832617938180.5,3107368376419979.5,3003477781198238.5,212849.43121204502,-44361216647.3144,1.0,631.1349987017143,1.2248998830607937e-08,1.2248998830607937e-08,0.0492046699187112,65045.08102721257,631.1349987017143
2192.0,5471.440905030469,10808502654.413834,467.935306284409,7.080818856259649e-05,2.7994146802753384,0.23405340328715973,6172117378258626.0,0.4095901561363626,0.4095901561363626,4223647415044.744,1.9169145914682328,291811.4347301397,288093.84316603135,282190.6186944285,3717.5915641082925,5903.224471602887,1.2043924964477388,0.01273970489726091,0.01273970489726091,0.012739704897260909,0.020490630437391195,5903.224471602887,-55900136.3045757,-0.005171866824841638,-4.133756324911415,0.978095697647744,0.0,0.0,96664729283102.38,-3.8774536708428196,0.0204906304373913,0.0204906304373913,63805017370920.51,40181598288690.95,2336181584100447.0,-44679716210.505005,0.06194754759685023,-0.16993579947818394,0.0055770142166742444,0.020490630437391195,713876467108965.0,3113863068580332.5,3154044666869024.0,3050058051209412.0,216142.94401328827,-44679716210.505005,1.0,630.107545469161,1.1965170064473446e-08,1.1965170064473446e-08,0.04916563362540605,66047.67468114018,630.107545469161
2193.0,5527.483309402635,10809011127.526804,467.411512120856,7.054360530872647e-05,2.7986843029063433,0.23404272423310774,6268782107541728.0,0.40925727314062527,0.40925727314062527,4178967698834.2393,1.8939678372719635,296173.77654307114,292490.4040192878,286545.97532767116,3683.372523783387,5944.4286916166,1.203969711445248,0.012436524822607755,0.012436524822607755,0.012436524822607755,0.020323499882152048,5944.4286916166,-55453616.27413849,-0.00513031355226542,-4.162452464339109,0.9760584926423821,0.0,0.0,98017318892633.0,-3.8857285674835866,0.020323499882152207,0.020323499882152207,64253395874473.43,39813614596401.12,2372383106218012.5,-44991995004.842804,0.06240827445834033,-0.17425233293246375,0.007847438933436717,0.020323499882152048,724895529646805.9,3161532031739292.5,3201345646335693.0,3097278635864818.5,219481.97464395012,-44991995004.842804,1.0,629.0487488657327,1.1688413112965953e-08,1.1688413112965953e-08,0.049126126945473025,67064.00068372104,629.0487488657327
2194.0,5584.0144466347065,10809503939.967148,466.8883042783651,7.028214995095678e-05,2.797932367333958,0.2340319266363087,6366799426434361.0,0.4089278934816521,0.4089278934816521,4133975703829.3965,1.8709128723306112,300594.58616463275,296946.6929031332,290961.2035821706,3647.893261499539,5985.489320962603,1.2035097356892677,0.012135592021280195,0.012135592021280195,0.012135592021280195,0.02015678054011912,5985.489320962603,-55011545.38593779,-0.005089183156919685,-4.190600141881732,0.9740255307844382,0.0,0.0,99384699998650.5,-3.8940504704216097,0.020156780540119268,0.020156780540119268,64700170397576.55,39431916582758.875,2409081633856970.0,-45298308744.497475,0.06285983482805967,-0.17851151678746885,0.010110770289185767,0.02015678054011912,736064642642086.6,3209846446896633.5,3249278363479392.0,3145146276499056.5,222866.99253141598,-45298308744.497475,1.0,627.9605589201881,1.1418545944933937e-08,1.1418545944933937e-08,0.04908617042399599,68094.21105075463,627.9605589201881
2195.0,5641.037708501804,10809981573.392008,466.3656821006243,7.002377767897622e-05,2.7971601089682583,0.23402104657285822,6466184126433012.0,0.40860198028952605,0.40860198028952605,4088677395084.899,1.8477522558093393,305074.52018025116,301463.3557759985,295436.9304089267,3611.164404252642,6026.425367071855,1.2030147507595057,0.011836991178807757,0.011836991178807757,0.011836991178807757,0.019990573486317102,6026.425367071855,-54573882.43900803,-0.005048471365884445,-4.21822424271426,0.9719968032361661,0.0,0.0,100767062192064.0,-3.9024148879615437,0.019990573486317165,0.019990573486317165,65145547171468.92,39036620668460.19,2446282298984629.0,-45598926336.17661,0.06330256704438621,-0.18271374432169363,0.012366770496556493,0.019990573486317102,747385474835365.4,3258813320991463.0,3297849941659923.5,3193667773819994.5,226298.47075835697,-45598926336.17661,1.0,626.8449175620995,1.115539104956447e-08,1.115539104956447e-08,0.04904578406781024,69138.4596505697,626.8449175620995
2196.0,5698.5565025337355,10810444494.686203,465.8436449320562,6.976844445964071e-05,2.7963687632193195,0.23401012011885203,6566951188625076.0,0.4082794970823573,0.4082794970823573,4043078468748.722,1.8244884093444647,309614.2421395052,306041.0449071103,299973.78832983394,3573.197232394917,6067.256577276335,1.202486937899055,0.011540803832870565,0.011540803832870565,0.011540803832870565,0.019824976676307816,6067.256577276335,-54140586.12328047,-0.005008173914577971,-4.245350885146556,0.969972301178228,0.0,0.0,102164596497294.0,-3.910817330771464,0.019824976676308004,0.019824976676308004,65589740463665.61,38627850349371.61,2483990273240616.0,-45894130104.34379,0.0637368276114985,-0.1868594524008971,0.01461521822509899,0.019824976676307816,758859715359801.6,3308439729064083.5,3347067579413455.0,3242849988600417.5,229776.88609026241,-45894130104.34379,1.0,625.7037577769503,1.0898775345161653e-08,1.0898775345161653e-08,0.0490049873646643,70196.90223957153,625.7037577769503
2197.0,5756.574252027605,10810893156.412775,465.32219211781745,6.951610702111565e-05,2.7955595654972174,0.23399918335038564,6669115785122370.0,0.40796040776219983,0.40796040776219983,3997184338644.3784,1.8011236099872237,314214.422603509,310680.4189385384,304572.4155033504,3534.0036649705726,6108.003435188052,1.2019284774054289,0.011247108378057969,0.011247108378057967,0.011247108378057967,0.019660084971098203,6108.003435188052,-53711615.04834618,-0.004968286548691463,-4.272007442442603,0.9679520158096542,0.0,0.0,103577495626669.75,-3.919253311886494,0.01966008497109828,0.01966008497109828,66032972536820.234,38205736036368.03,2522210768258372.5,-46184216023.64718,0.06416299153303057,-0.19094912298268316,0.016855909130998784,0.019660084971098203,770489074138906.8,3358732814934099.0,3396938550970467.0,3292699842397279.0,233302.71900451207,-46184216023.64718,1.0,624.5390028198696,1.0648530088114224e-08,1.0648530088114224e-08,0.048963799298689104,71269.69649883833,624.5390028198696
2198.0,5815.094396059998,10811327997.249943,464.8013230037975,6.926672283738752e-05,2.794733751212028,0.23398827234355482,6772693280749040.0,0.4076446766110107,0.4076446766110107,3951000122620.7314,1.7776599830352877,318875.7391959686,315382.14294998226,309233.4557922273,3493.5962459863763,6148.687157754981,1.2013415480607417,0.010955980077993161,0.010955980077993163,0.010955980077993165,0.019495990166856488,6148.687157754981,-53286927.77083668,-0.004928805026023739,-4.298222565327849,0.965935938347807,0.0,0.0,105005954219401.0,-3.9277183467021755,0.019495990166856547,0.019495990166856547,66475473614967.6,37770414905319.805,2560949035998554.5,-46469493958.94045,0.06458145264303781,-0.1949832846261777,0.01908865639345584,0.019495990166856488,782275282294305.0,3409699791907827.0,3447470206813146.5,3343224318292859.5,236876.453720577,-46469493958.94045,1.0,623.352565487704,1.040449078222956e-08,1.040449078222956e-08,0.04892223836258269,72357.0020716503,623.352565487704
2199.0,5874.1203894986575,10811749442.414875,464.2810369366181,6.902025011313489e-05,2.7938925557738257,0.23397742317445516,6877699234968441.0,0.4073322682866519,0.4073322682866519,3904530628661.791,1.7540994947533002,323598.8766576791,320146.8885258202,313957.5588327774,3451.988131858876,6189.329693042834,1.2007283266010746,0.010667491084990948,0.010667491084990946,0.010667491084990944,0.01933278102917954,6189.329693042834,-52866482.82052669,-0.004889725118224587,-4.324026205221312,0.9639240600283404,0.0,0.0,106450169065417.75,-3.936207952957655,0.01933278102917968,0.01933278102917968,66917481857677.695,37322030759847.97,2600210369089954.5,-46750287913.288826,0.06499262394024938,-0.19896251400820128,0.02131329125804926,0.01933278102917954,794220092562261.8,3461347943509894.0,3498669974269742.0,3394430461652216.0,240498.57823094173,-46750287913.288826,1.0,622.1463474490797,1.0166497088588631e-08,1.0166497088588631e-08,0.04888032256686525,73458.98060183566,622.1463474490797
2200.0,5933.655703013762,10812157904.074661,463.7613332636324,6.877664776894983e-05,2.7930372145926863,0.23396667191918236,6984149404033859.0,0.407023147818934,0.407023147818934,3857780340748.502,1.7304439449810771,328384.52690424176,324975.33382395306,318745.38010516064,3409.1930802887236,6229.953718792419,1.200090987225054,0.010381710467384042,0.010381710467384042,0.010381710467384044,0.01917054333165893,6229.953718792419,-52450238.72525123,-0.004851042612454344,-4.3494496382309,0.9619163721051637,0.0,0.0,107910339314358.75,-3.944717650708664,0.01917054333165913,0.01917054333165913,67359243342660.78,36860733909560.37,2640000101173550.0,-47026936284.3729,0.06539693792916304,-0.2028874374473765,0.02352966358743174,0.01917054333165893,806325279717744.8,3513684624233955.5,3550545358143516.0,3446325380891295.0,244169.58433234142,-47026936284.3729,1.0,620.9222386320516,9.934392736056326e-09,9.934392736056326e-09,0.04883806944644076,74575.7957728192,620.9222386320516
2201.0,5993.7038230886965,10812553781.744854,463.24221133292383,6.853587542690032e-05,2.792168963078685,0.23395605465383196,7092059743348218.0,0.40671728060570195,0.40671728060570195,3810753404464.129,1.7066949596265746,333233.3890867762,329868.1636459499,323597.5810041481,3365.225440826251,6270.582641801794,1.1994317011416133,0.010098704244639553,0.010098704244639555,0.010098704244639555,0.01900935989849587,6270.582641801794,-52038154.03472181,-0.004812753312966574,-4.37452548995054,0.9599128658504028,0.0,0.0,109386666669909.62,-3.9532429622902803,0.019009359898495948,0.019009359898495948,67801012057357.625,36386681066629.875,2680323607245157.0,-47299792129.70397,0.06579484697021162,-0.2067587324376531,0.02573764241971594,0.01900935989849587,818592641004731.6,3566717260307246.0,3603103941373876.0,3498916248249888.5,247889.96765689383,-47299792129.70397,1.0,619.68211666887,9.708025432564936e-09,9.708025432564936e-09,0.04879549606475653,75707.61334725429,619.68211666887
2202.0,6054.268252030414,10812937462.675978,462.723670493306,6.829789339642518e-05,2.791289036641898,0.23394560745449972,7201446410018128.0,0.4064146324089616,0.4064146324089616,3763453612334.425,1.6828539830397407,338146.16965541657,334826.0695080066,328514.82890982303,3320.1001474099535,6311.240598183579,1.1987526361569145,0.009818535430382839,0.009818535430382839,0.009818535430382837,0.01884931065092188,6311.240598183579,-51630187.34331749,-0.004774853042619936,-4.399287761099877,0.9579135325543616,0.0,0.0,110879355569672.88,-3.9617794122696157,0.01884931065092199,0.01884931065092199,68243049900060.766,35900035263765.125,2721186303992129.5,-47569223441.08878,0.06618682364049527,-0.21057712919277594,0.027937116534932666,0.01884931065092188,831023996571485.9,3620453350463675.5,3656353385727440.5,3552210300563615.0,251660.22770270344,-47569223441.08878,1.0,618.4278463973636,9.487246777272746e-09,9.487246777272746e-09,0.04875261901572592,76854.60120711959,618.4278463973636
2203.0,6115.35250797931,10813309322.228334,462.20571009432103,6.806266266055273e-05,2.7903986706924,0.2339353663972812,7312325765587801.0,0.4061151693510473,0.4061151693510473,3715884388893.336,1.6589222702627793,343123.5824253755,339849.749712196,333497.7972576484,3273.8327131795236,6351.952454547669,1.1980559563003623,0.009541264083448811,0.009541264083448813,0.009541264083448813,0.018690472657187072,6351.952454547669,-51226297.311920926,-0.0047373376443248325,-4.423771854047998,0.9559183635254856,0.0,0.0,112388613350657.12,-3.9703225273883627,0.018690472657187263,0.018690472657187263,68685626691111.46,35400965796840.23,2762593650119307.0,-47835613428.788536,0.06657336110618275,-0.21434341220326728,0.03012799502995971,0.018690472657187072,843621189909437.1,3674900466719855.5,3710301432516695.5,3606214840028744.0,255480.8678634942,-47835613428.788536,1.0,617.1612794183776,9.271912173686872e-09,9.271912173686872e-09,0.04870945442361285,78016.92939415418,617.1612794183776
2204.0,6176.960124918602,10813669724.235449,461.6883294862394,6.783014486243514e-05,2.7894991006402674,0.23392536755827212,7424714378938458.0,0.4058188579108298,0.4058188579108298,3668048775464.5474,1.6349008791518702,348166.3486453654,344939.9094174779,338547.1656073174,3226.439227887446,6392.743810160512,1.1973438214896468,0.009266947367086954,0.009266947367086952,0.00926694736708695,0.01853292018588498,6392.743810160512,-50826442.68886312,-0.004700202982429877,-4.448014600264529,0.9539273500903233,0.0,0.0,113914650400433.0,-3.9788678364952186,0.018532920185885038,0.018532920185885038,69129020194726.3,34889648195692.074,2804551146659294.0,-48099360815.83778,0.06695497350747229,-0.21805842180754165,0.03231020790233925,0.01853292018588498,856386088294279.0,3730066255148299.0,3764955903343991.5,3660937234953573.0,259352.39545681447,-48099360815.83778,1.0,615.8842537086873,9.061880743827277e-09,9.061880743827277e-09,0.04866601794107406,79194.77015050294,615.8842537086873
2205.0,6239.094652683319,10814019021.356512,461.1715280200589,6.760030229219001e-05,2.788591561895574,0.2339156470135681,7538629029338891.0,0.4055256649199638,0.4055256649199638,3619949414648.7095,1.610790662365048,353275.19706817355,350097.2607099159,343663.6197097835,3177.936358257674,6433.641000132386,1.196618387234701,0.008995639616455747,0.008995639616455747,0.008995639616455749,0.018376724762388764,6433.641000132386,-50430582.33003522,-0.004663444944052743,-4.472054288742281,0.9519404835934875,0.0,0.0,115457680293957.25,-3.987410870468267,0.01837672476238883,0.01837672476238883,69573516152010.75,34366264226858.93,2847064337261983.5,-48360880142.99799,0.0673321963568983,-0.2217230557788199,0.03448370664342169,0.018376724762388764,869320583227846.4,3785958436641840.5,3820324700868699.0,3716384920489830.0,263275.3217503447,-48360880142.99799,1.0,614.5985932887488,8.857015243498132e-09,8.857015243498132e-09,0.04862232474541561,80388.29795943883,614.5985932887488
2206.0,6301.759656968737,10814357555.418158,460.6553050475035,6.737309787404186e-05,2.7876772898683972,0.23390624083926478,7654086709632848.0,0.40523555755917523,0.40523555755917523,3571588534505.7114,1.5865922592106325,358450.86402317614,355322.5226715099,348847.8515718247,3128.3413516662927,6474.671099685183,1.1958818043804904,0.008727392414554277,0.008727392414554273,0.008727392414554273,0.018221955228182693,6474.671099685183,-50038675.21822281,-0.004627059440359698,-4.495930695438027,0.9499577553976196,0.0,0.0,117017919915948.62,-3.99594716212719,0.01822195522818293,0.01822195522818293,70019408325728.055,33831001932319.42,2890138808457921.0,-48620602084.846634,0.06770558695171763,-0.22533827092955983,0.03664846484129397,0.018221955228182693,882426590879233.6,3842584807662882.5,3876415809595201.5,3772565399337154.5,267250.1619858054,-48620602084.846634,1.0,613.3061079446506,8.657181978723816e-09,8.657181978723816e-09,0.04857838953329874,81597.68958601932,613.3061079446506
2207.0,6364.958719338447,10814685657.745836,460.1396599210233,6.714849515375543e-05,2.7867575199688113,0.2338971851114578,7771104629548797.0,0.4049485033545876,0.4049485033545876,3522967932420.8647,1.5623060873503107,363694.0934905917,360616.42144704366,354100.5595174903,3077.6720435480424,6515.861929553344,1.1951362188884673,0.00846225467675256,0.008462254676752557,0.008462254676752561,0.018068677802877582,6515.861929553344,-49650680.48171146,-0.004591042407797586,-4.519685113778112,0.9479791568833511,0.0,0.0,118595589568709.88,-4.004472246135412,0.018068677802877686,0.018068677802877686,70466998557392.67,33284055708604.332,2933780189889989.0,-48878973777.50351,0.06807572480109704,-0.22890508473517363,0.03880447879397196,0.018068677802877582,895706052523589.8,3899953240970971.0,3933237296679575.0,3829486242413578.5,271277.4353999571,-48878973777.50351,1.0,612.0085930035581,8.462250723397654e-09,8.462250723397654e-09,0.048534226513860634,82823.12411753321,612.0085930035581
2208.0,6428.69543723181,10815003649.485176,459.6245919937927,6.692645828635364e-05,2.7858334876068915,0.2338885159062428,7889700219117507.0,0.40466447017408697,0.40466447017408697,3474088958643.3613,1.5379323343507108,369005.6371772534,365979.69030829,359422.4482457177,3025.9468689633777,6557.242062572337,1.194383771656605,0.008200272744098624,0.008200272744098624,0.008200272744098626,0.017916956148710653,6557.242062572337,-49266557.412212454,-0.004555389809282004,-4.543360386279132,0.9460046794492658,0.0,0.0,120190913065138.5,-4.012981658891958,0.017916956148710805,0.017916956148710805,70916596837277.53,32725626430987.17,2977994154507444.0,-49136459158.535194,0.06844321206881697,-0.23242457697885513,0.04095176813335746,0.017916956148710653,909160934976889.1,3958071686321611.0,3990797312752598.0,3887155089484333.5,275357.6652421384,-49136459158.535194,1.0,610.7078291619858,8.272094638185011e-09,8.272094638185011e-09,0.04849187419533596,84064.78300357927,610.7078291619858
2209.0,6492.973423971103,10815311841.913546,459.11010061971064,6.670695202411298e-05,2.784889332530132,0.23388016937821612,8009891132182646.0,0.404383426223725,0.404383426223725,3424952499484.826,1.5134709490770084,374386.25459370564,371413.069714911,364814.6509769891,2973.1848787946255,6598.418737921852,1.1935972323781827,0.007941490485598111,0.007941490485598111,0.007941490485598111,0.017765714984092136,6598.418737921852,-48886234.01323011,-0.004520094725681132,-4.566308292061892,0.9440343145118628,0.0,0.0,121804791238680.5,-4.0215354820431894,0.017765714984092296,0.017765714984092296,71363956314150.44,32155921627825.805,3022790310358042.5,-49386048144.965004,0.06880867403222773,-0.23589789141939846,0.04309037646048363,0.017765714984092136,922793904456945.1,4016948171129138.0,4049104092756964.0,3945584214814987.5,279491.7386148361,-49386048144.965004,1.0,609.3815940642148,8.086574574297581e-09,8.086574574297581e-09,0.04846137098286096,85322.91236215302,609.3815940642148
2210.0,6557.796308768042,10815610536.742186,458.596185153399,6.648994170482922e-05,2.783823911357462,0.23387156900363523,8131695923421326.0,0.4041053400441602,0.4041053400441602,3375566451339.8613,1.4889216329218595,379836.7225693246,376917.31673571694,370280.4453408657,2919.405833607629,6636.8713948512495,1.1926030646532895,0.007685949409683007,0.007685949409683009,0.007685949409683009,0.017608295241857575,6636.8713948512495,-48509484.83748878,-0.0044851360607609785,-4.584374741728166,0.9420680535055196,0.0,0.0,123441392202390.75,-4.030515734686728,0.017608295241857808,0.017608295241857808,71781816189155.98,31575156494993.277,3068198101633732.5,-49582811761.009895,0.06916804760937426,-0.23932471677550052,0.04521998170239791,0.017608295241857575,936610984544523.4,4076590902367412.0,4108166058862405.5,4004809086178256.0,283682.37661763263,-49582811761.009895,1.0,607.8884773995945,7.905480416190885e-09,7.905480416190885e-09,0.048432192165944965,86598.06872323305,607.8884773995945
2211.0,6623.167736729916,10815900026.409143,458.0828449502022,6.627539324034686e-05,2.78262514965209,0.2338626365958098,8255137315623717.0,0.40383018050713637,0.40383018050713637,3325983639578.8516,1.4642858949514068,385357.881006268,382493.2423718723,375820.99459442013,2864.63863439573,6672.247777452179,1.1913810860138678,0.00743370974252668,0.007433709742526678,0.007433709742526677,0.01744409322391428,6672.247777452179,-48136251.95246499,-0.004450508217987489,-4.596938330847341,0.9401058878824539,0.0,0.0,125101007315050.25,-4.039968071440913,0.017444093223914492,0.017444093223914492,72166364912353.38,30983645081413.43,3114227566481477.0,-49720025414.01296,0.06949082245900207,-0.24269562989094356,0.04733792430069913,0.01744409322391428,950614738877422.0,4137008670271252.5,4167992315352666.0,4064842305358899.5,287930.50591050944,-49720025414.01296,1.0,606.2128663408591,7.72869099990658e-09,7.72869099990658e-09,0.048402008049938994,87890.48868391068,606.2128663408591
2212.0,6689.09136886522,10816180594.3633,457.57007936618606,6.606327310534534e-05,2.7812987505484887,0.23385339626597798,8380238322938767.0,0.4035579168119982,0.4035579168119982,3276263614164.8384,1.439578622624456,390950.5784769091,388141.61249646347,381436.9733118618,2808.9659804455937,6704.639184601643,1.189941764945441,0.00718496437935697,0.007184964379356969,0.007184964379356971,0.017273693334446928,6704.639184601643,-47766516.04209434,-0.004416209180807058,-4.604100231916304,0.9381478091126871,0.0,0.0,126783064130209.75,-4.049870889898704,0.01727369333444717,0.01727369333444717,72518588240696.08,30382283327922.312,3160884292284345.0,-49798779582.956696,0.0697558730811846,-0.24600010610198977,0.04944122171305178,0.017273693334446928,964806896424086.6,4198209776949128.0,4228592060277050.5,4125691188708431.5,292236.6416414677,-49798779582.956696,1.0,604.3642276968785,7.556106120060964e-09,7.556106120060964e-09,0.04837064820155579,89200.33167039408,604.3642276968785
2213.0,6755.570882088775,10816452515.339758,457.05788775813755,6.585354832637607e-05,2.779850417181131,0.23384387212537822,8507021387068977.0,0.4032885184822436,0.4032885184822436,3226464834581.882,1.414823866512884,396615.6601701277,393863.1530294767,387129.009452999,2752.507140650992,6734.143576477683,1.188295645278419,0.006939986029473237,0.006939986029473238,0.006939986029473239,0.017097673455058388,6734.143576477683,-47400261.543315135,-0.004382237288620523,-4.605969661111515,0.9361938086840074,0.0,0.0,128486933523980.75,-4.060202508770753,0.017097673455058526,0.017097673455058526,72839544226451.11,29772362784985.066,3208173475828001.5,-49820252126.508255,0.06995218670562715,-0.2492281365083233,0.051526978901982275,0.017097673455058388,979189072230878.6,4260202092285331.0,4289974455070316.5,4187362548058880.0,296601.2628704476,-49820252126.508255,1.0,602.3520839187765,7.38762913721296e-09,7.38762913721296e-09,0.048338028318426485,90527.74658255142,602.3520839187765
2214.0,6822.609969226436,10816716055.626863,456.5462694835634,6.564618647114336e-05,2.7782858526844874,0.23383408828524868,8635508320592958.0,0.403021955362112,0.403021955362112,3176644582455.3735,1.3900503412312544,402353.967164936,399658.56739594217,392897.70234811254,2695.3997689938146,6760.865047829635,1.186453328094193,0.006699075910661758,0.006699075910661758,0.0066990759106617575,0.01691660231852765,6760.865047829635,-47037474.35567491,-0.004348591024648926,-4.60266369487586,0.9342438781019319,0.0,0.0,130211981040571.0,-4.070941220997462,0.016916602318527763,0.016916602318527763,73130357512785.3,29155373957608.332,3256100072107867.0,-49785706287.01457,0.07007440565659792,-0.25237023128417724,0.05359239198691945,0.01691660231852765,993762813099866.9,4322993242720518.5,4352148616678127.0,4249862885207733.5,301024.82633017265,-49785706287.01457,1.0,600.1859887714066,7.223166053460795e-09,7.223166053460795e-09,0.048304114818943145,91872.87601793991,600.1859887714066
2215.0,6890.212339019191,10816971473.325073,456.0352239006895,6.544115563802407e-05,2.7766107601930305,0.23382406885682774,8765720301633529.0,0.402758197613209,0.402758197613209,3126858876168.359,1.3652889155491272,408166.3364238044,405528.54681167024,398743.63349189627,2637.7896121341378,6784.913319773939,1.1844254544711563,0.006462535924068188,0.0064625359240681884,0.0064625359240681884,0.016731037489513385,6784.913319773939,-46678140.57169359,-0.0043152688982126906,-4.5943070998255235,0.9322980088896706,0.0,0.0,131957594916819.25,-4.082065322837684,0.016731037489513545,0.016731037489513545,73392213828978.02,28532894987088.176,3304668883571658.0,-49696488838.50754,0.07012035759002437,-0.255417422491653,0.05563475175466308,0.016731037489513385,1008529625080172.2,4386590722480808.5,4415123617467897.0,4313198508651830.0,305507.77467806544,-49696488838.50754,1.0,597.8755042879712,7.062624996095758e-09,7.062624996095758e-09,0.04826890506669734,93235.85881383084,597.8755042879712
2216.0,6958.381716126925,10817219018.597963,455.5247503684602,6.523842444581901e-05,2.774830842841233,0.23381383795135371,8897677896550348.0,0.4024972157111664,0.4024972157111664,3077162387329.8516,1.3405712046266614,414053.6011770535,411473.77656939294,404667.3733224286,2579.8246076605683,6806.403246964321,1.1822226890931877,0.006230653713255376,0.006230653713255375,0.006230653713255374,0.016541523748394828,6806.403246964321,-46322245.7748539,-0.00428226937951542,-4.581032172359584,0.9303561925880894,0.0,0.0,133723201151101.5,-4.09355312974311,0.016541523748395015,0.016541523748395015,73626354651309.38,27906527810632.93,3353884616103320.5,-49554028339.657234,0.0700896866464093,-0.2583612664393902,0.057651447037240046,0.016541523748394828,1023490990806136.4,4451001961560766.5,4478908489371399.5,4377375606909457.0,310050.54167221836,-49554028339.657234,1.0,595.4301790452738,6.905915925794963e-09,6.905915925794963e-09,0.04823241615601814,94616.83165021028,595.4301790452738
2217.0,7027.121841131563,10817458933.915564,455.0148482465376,6.50379620237312e-05,2.7729518037635668,0.23380341968006482,9031401097701450.0,0.4022389804423371,0.4022389804423371,3027608358990.1943,1.3159287731011986,420016.5915159,417494.9400836721,410669.4857441422,2521.6514322278977,6825.454339529909,1.1798557047392544,0.006003694813880795,0.006003694813880795,0.0060036948138807965,0.016348591765356454,6825.454339529909,-45969774.652412295,-0.004249590863551608,-4.562978586262598,0.9284184207556726,0.0,0.0,135508271361280.88,-4.105382984927397,0.016348591765356524,0.016348591765356524,73834072023180.56,27277860813774.65,3403751916318055.5,-49359833473.23174,0.06998309432461537,-0.26119384562060943,0.05963996796398068,0.016348591765356454,1038648381131425.9,4516234369472662.0,4543512230286436.0,4442400297449481.5,314653.55561890814,-49359833473.23174,1.0,592.8595277883912,6.75295046877615e-09,6.75295046877615e-09,0.04819467839496494,96015.93012523408,592.8595277883912
2218.0,7096.4364705398,10817691454.290302,454.5055168953003,6.483973800156495e-05,2.770979346094504,0.2337928381541995,9166909369062730.0,0.40198346290052506,0.40198346290052506,2978248525516.9624,1.2913926769389985,426056.1350927641,423592.7216686372,416750.5313681528,2463.413424126911,6842.190300484344,1.1773351676690018,0.0057818987246611485,0.005781898724661149,0.005781898724661149,0.01615275700094953,6842.190300484344,-45620710.78540354,-0.0042172316504100645,-4.540293247661016,0.9264846849684872,0.0,0.0,137312326614792.25,-4.117533263863294,0.016152757000949647,0.016152757000949647,74016703542177.48,26648446346561.7,3454275398231143.5,-49115491465.19454,0.0698019180555765,-0.26390777025985424,0.06159790909361643,0.01615275700094953,1054003263521065.2,4582295365294387.0,4608943811640949.0,4508278661752209.0,319317.2418373216,-49115491465.19454,1.0,590.1730124252231,6.603641818542096e-09,6.603641818542096e-09,0.04815573137515705,97433.28953083119,590.1730124252231
2219.0,7166.329376785303,10817916807.505737,453.99675567584296,6.464372250014044e-05,2.7689191729685163,0.23378211748499586,9304221695677522.0,0.40173063448374974,0.40173063448374974,2929133034051.768,1.266993193350794,432173.0578722712,429767.80858771165,422911.07000777515,2405.249284559564,6856.738579936498,1.1746717239156443,0.005565477164174439,0.00556547716417444,0.005565477164174439,0.015954518795786216,6856.738579936498,-45275036.54064411,-0.0041851899350188355,-4.513130157300173,0.9245549768201453,0.0,0.0,139134938993968.25,-4.12998237647896,0.015954518795786354,0.015954518795786354,74175627528568.06,26019786661678.055,3505459663755625.5,-48822666583.11855,0.06954789683440543,-0.26649617949554455,0.0635229724317827,0.015954518795786216,1069557108561720.4,4649192399845914.0,4675212186507593.0,4575016772317346.0,324042.02455351216,-48822666583.11855,1.0,587.3800244035841,6.4579046775815054e-09,6.4579046775815054e-09,0.04811562147577764,98869.045454263,587.3800244035841
2220.0,7236.804348230402,10818135214.338318,453.4885639499755,6.444988612191844e-05,2.766776987520076,0.23377128178369236,9443356634671490.0,0.4014804668910444,0.4014804668910444,2880310367468.6494,1.242759655291209,438368.18490120367,436020.8926734624,429151.66272577684,2347.292227741319,6869.229947685549,1.171875986494103,0.005354613561361292,0.005354613561361292,0.005354613561361291,0.015754359626133647,6869.229947685549,-44932733.02335153,-0.004153463802504321,-4.481650280454584,0.9226292879217688,0.0,0.0,140975731873146.0,-4.142708768026716,0.015754359626133918,0.015754359626133918,74312258392444.39,25393324707271.004,3557309319485272.5,-48483098717.33494,0.06922304048983875,-0.26895274222462967,0.06541297033923835,0.015754359626133647,1085311395340294.9,4716932973218012.0,4742326297925282.0,4642620714825567.0,328828.3284507692,-48483098717.33494,1.0,584.4898684762014,6.31565522265626e-09,6.31565522265626e-09,0.04807440017238229,100323.33427500768,584.4898684762014
2221.0,7307.865189167354,10818346888.772375,452.98094108022207,6.42581999418301e-05,2.7645584928836566,0.2337603551615272,9584332366544636.0,0.401232932119288,0.401232932119288,2831827268751.3145,1.2187203442876895,444642.341079403,442352.6716822319,435472.8735964016,2289.6693971711043,6879.798085830305,1.1689585235291868,0.005149463255372303,0.005149463255372302,0.005149463255372302,0.015552744509639747,6879.798085830305,-44593780.06732132,-0.004122051227031938,-4.446021424985857,0.9207076099019514,0.0,0.0,142834379448707.25,-4.1556909191617315,0.015552744509639838,0.015552744509639838,74428042217224.42,24770437799203.336,3609828991113226.0,-48098602050.41107,0.06882955639703675,-0.2712716576355877,0.067265828336237,0.015552744509639747,1101267616103170.9,4785524649433621.0,4810295087232825.0,4711096607216397.0,333676.5800012959,-48098602050.41107,1.0,581.5117478522242,6.1768110844420295e-09,6.1768110844420295e-09,0.0480321228068028,101796.29359510569,581.5117478522242
2222.0,7379.515719819019,10818552038.208557,452.4738864298205,6.40686354983067e-05,2.7622693921937285,0.23374936172973879,9727166745993344.0,0.40098800246007094,0.40098800246007094,2783728666700.9033,1.1949024159583876,450996.3519212181,448763.8504743742,441875.2712714151,2232.501446843899,6888.579202959104,1.165929847305646,0.004950154113960286,0.004950154113960286,0.0049501541139602865,0.015350120549320992,6888.579202959104,-44258156.24955284,-0.004090950072915815,-4.4064181281823975,0.9187899344067235,0.0,0.0,144710605822514.5,-4.16890734553036,0.015350120549321167,0.015350120549321167,74524452576534.3,24152433078056.617,3663023336225478.0,-47671063821.84681,0.06836980805638532,-0.2734476554564201,0.06907958780872057,0.015350120549320992,1117427280421848.9,4854975069223861.0,4879127502301918.0,4780450616647327.0,338587.2086475666,-47671063821.84681,1.0,578.4547507276117,6.0412913361553254e-09,6.0412913361553254e-09,0.04798884763052769,103288.06262384847,578.4547507276117
2223.0,7451.759776339093,10818750863.665895,451.9673993627215,6.388116478450461e-05,2.7599153885847647,0.2337383255995653,9871877351815858.0,0.40074565049659316,0.40074565049659316,2736057602879.0566,1.1713318439924876,457431.04430133867,455255.1420701898,448359.4303988226,2175.9022311488284,6895.711671367246,1.1628004042392424,0.004756787407099166,0.004756787407099166,0.004756787407099166,0.015146916605950354,6895.711671367246,-43925838.92163063,-0.004060158097285781,-4.363021553091606,0.9168762530995151,0.0,0.0,146604183806464.88,-4.182336597038171,0.015146916605950467,0.015146916605950467,74602986600195.39,23540544142493.938,3716897055871960.0,-47202443195.70273,0.06784629137864677,-0.27547599594494254,0.07085240862230638,0.015146916605950354,1133791918988051.0,4925291961460206.0,4948832505602700.0,4850688974860011.0,343560.64787062694,-47202443195.70273,1.0,575.3278381811198,5.9090164879160175e-09,5.9090164879160175e-09,0.047944635018907666,104798.78252819563,575.3278381811198
2224.0,7524.601210811807,10818943559.977694,451.4614792435875,6.369576023972052e-05,2.7575021851912362,0.23372727088224513,1.0018481535622322e+16,0.4005058491005953,0.4005058491005953,2688855159683.354,1.1480333746856255,463947.2471812016,461827.26860924537,454925.93292064435,2119.9785719562155,6901.335688601024,1.1595805657654126,0.004569438842102291,0.004569438842102292,0.004569438842102292,0.014943543090003815,6901.335688601024,-43596804.25313574,-0.004029672953874401,-4.3160193951036,0.9149665576611202,0.0,0.0,148514933542838.5,-4.195957256896929,0.014943543090003897,0.014943543090003897,74665161303434.27,22935928518356.406,3771454905133578.5,-46694770239.39492,0.0672616208401107,-0.277352469649476,0.07258257165037908,0.014943543090003815,1150363087105070.5,4996483153542084.0,5019419082060440.0,4921817992238649.0,348597.33616554283,-46694770239.39492,1.0,572.1398334174424,5.779908484774493e-09,5.779908484774493e-09,0.04789954679990238,106328.59675510152,572.1398334174424
2225.0,7598.043891251131,10819130315.981447,450.95612543779225,6.351239474099247e-05,2.7550354851476175,0.2337162216890165,1.016699646916516e+16,0.40026857142932193,0.40026857142932193,2642160389443.959,1.1250304876205783,470545.7923135021,468480.96222853643,461575.36926406535,2064.8300849656803,6905.5929644710795,1.156280620139865,0.004388159704528786,0.004388159704528785,0.004388159704528784,0.014740391864850984,6905.5929644710795,-43271027.28400231,-0.003999492197638533,-4.265605799582097,0.9130608397896597,0.0,0.0,150442720995133.75,-4.209747940511031,0.01474039186485121,0.01474039186485121,74712510191737.25,22339665769602.74,3826701702803530.5,-46150145022.28495,0.06661852117338501,-0.279073396968927,0.07426848122296352,0.014740391864850984,1167142367911649.8,5068556580906918.0,5090896246676521.0,4993844070715180.0,353697.7179349554,-46150145022.28495,1.0,568.8994123345233,5.653890707008256e-09,5.653890707008256e-09,0.04785364566629968,107877.65132910995,568.8994123345233
2226.0,7672.09170159952,10819311314.702948,450.4513373114198,6.333104159488221e-05,2.752520991588378,0.23370520213111778,1.0317439190160294e+16,0.400033790922517,0.400033790922517,2596010244421.674,1.102345360018263,477227.51492311753,475216.9658683566,468308.3394338364,2010.549054760909,6908.626434520137,1.1529107651433252,0.004212978069977404,0.004212978069977404,0.004212978069977405,0.014537836253165144,6908.626434520137,-42948481.98365979,-0.00396961329001549,-4.211981291363843,0.9111590912005464,0.0,0.0,152387456342365.0,-4.223687294242929,0.014537836253165293,0.014537836253165293,74746580152059.61,21752756136940.02,3882642340247860.5,-45570736842.96996,0.06591982219901313,-0.2806356275421872,0.07590866750343457,0.014537836253165144,1184131375358394.5,5141520295758315.0,5163273051895255.0,5066773715606255.0,358862.2443067636,-45570736842.96996,1.0,565.6150953879769,5.530887971696384e-09,5.530887971696384e-09,0.04780699465394633,109446.09512707285,565.6150953879769
2227.0,7746.748541726027,10819486733.534748,449.9471142312641,6.31516745294343e-05,2.7499644076479917,0.23369423631978722,1.046982664650266e+16,0.39980148129945065,0.39980148129945065,2550439507578.704,1.079998833353479,483993.2543632112,482036.0340112475,475125.45401046774,1957.220351963705,6910.580000779774,1.149481101680869,0.004043900063315583,0.004043900063315583,0.004043900063315583,0.014336231138725467,6910.580000779774,-42629141.31533874,-0.003940033604663584,-4.155352716971791,0.9092613036264483,0.0,0.0,154349092298063.25,-4.237753994085043,0.01433623113872562,0.01433623113872562,74768928639467.31,21176119632675.516,3939281789482600.5,-44958783594.43386,0.0651684554773407,-0.2820365394977524,0.07750178880051212,0.014336231138725467,1201331756948329.2,5215382475070397.0,5236558594703073.0,5140613546430930.0,364091.37387939927,-44958783594.43386,1.0,562.2952407221127,5.410826534834697e-09,5.410826534834697e-09,0.04775965667604276,111034.08013106845,562.2952407221127
2228.0,7822.018327424045,10819656744.409203,449.4434555648274,6.297426768630788e-05,2.74737143646093,0.23368334836626317,1.0624175738800724e+16,0.39957161655597745,0.39957161655597745,2505480723984.27,1.0580103814199098,490843.8547456159,488938.93335768086,482027.3350571727,1904.9213879350693,6911.5983005081935,1.146001628264555,0.003880911148255714,0.0038809111482557145,0.0038809111482557145,0.014135913155952438,6911.5983005081935,-42312977.30424293,-0.003910750433566864,-4.095933200404486,0.9073674688172529,0.0,0.0,156327622369133.75,-4.251926744259458,0.01413591315595264,0.01413591315595264,74781121166740.66,20610595542541.01,3996625110491727.0,-44316591276.40597,0.06436745205509783,-0.2832740385954574,0.07904663382338953,0.014135913155952438,1218745196249206.2,5290151427907673.0,5310762023450214.0,5215370306740933.0,369385.57339694595,-44316591276.40597,1.0,558.9480385340001,5.293634093425021e-09,5.293634093425021e-09,0.04771169410734721,112641.76166022675,558.9480385340001
2229.0,7897.904990408468,10819821513.966177,448.9403606803202,6.2798795613077e-05,2.7447477811616654,0.23367256238178388,1.0780503361169858e+16,0.39934417096162544,0.39934417096162544,2461164132707.8643,1.0363980793534502,497780.16554478917,495926.44344130566,489014.6169378338,1853.7221034835327,6911.826503471842,1.1424822363667348,0.0037239774338030324,0.003723977433803033,0.0037239774338030324,0.013937200959702157,6911.826503471842,-41999961.10850348,-0.0038817609934036455,-4.033942113383814,0.9054775785400311,0.0,0.0,158323079066471.88,-4.266184275762624,0.0139372009597023,0.0139372009597023,74784729103066.25,20056942296185.76,4054677457804445.0,-43646533664.484375,0.06351994091079619,-0.28434655729322633,0.08054212388825034,0.013937200959702157,1236373415183457.8,5365835602090969.0,5385892544387155.0,5291050872987903.0,374745.31835582363,-43646533664.484375,1.0,555.5815066346025,5.179239787095737e-09,5.179239787095737e-09,0.04766316841437157,114269.29858201012,555.5815066346025
2230.0,7974.412478312313,10819981203.715658,448.4378289466605,6.262523325569525e-05,2.7420991448846697,0.2336619024775877,1.093882644023633e+16,0.3991191190567162,0.3991191190567162,2417517599043.38,1.015178573300434,504803.04217482224,502999.35718633904,496087.9470481227,1803.6849884831663,6911.410138216321,1.1389327066301582,0.0035730469862313517,0.0035730469862313517,0.0035730469862313512,0.013740395568052285,6911.410138216321,-41690063.09197829,-0.0038530624320919915,-3.969605060959195,0.9035916245790017,0.0,0.0,160335532077721.5,-4.280505344870275,0.0137403955680524,0.0137403955680524,74781327786670.44,19515837672811.953,4113444086349222.0,-42951052145.75304,0.06262914788571394,-0.28525305377276067,0.08198731508484079,0.013740395568052285,1254218176101354.2,5442443590237247.0,5461959427910059.0,5367662262450576.0,380171.0935446576,-42951052145.75304,1.0,552.2034871689788,5.067574198904689e-09,5.067574198904689e-09,0.047614139828685786,115916.85350346514,552.2034871689788
2231.0,8051.544754682899,10820135970.195364,447.93585973347206,6.245355595112091e-05,2.739431230764415,0.23365139276491284,1.1099161972314052e+16,0.3988964356495146,0.3988964356495146,2374566546897.627,0.9943670505133386,511913.3465391374,510158.48140970076,503247.9864620306,1754.865129436649,6910.49494767014,1.1353627059200255,0.00342805113658525,0.00342805113658525,0.00342805113658525,0.013545780771054993,6910.49494767014,-41383252.89807351,-0.003824651835435882,-3.9031538833841224,0.9017095987354954,0.0,0.0,162365086411836.5,-4.2948687316158995,0.01354578077105506,0.01354578077105506,74772494955139.02,18987879309859.03,4172930356602965.0,-42232655730.81226,0.061698394988509986,-0.28599301095911045,0.0833814004121836,0.013545780771054993,1272281283643241.8,5519984135201346.0,5538972014511205.0,5445211640246207.0,385663.39351903915,-42232655730.81226,1.0,548.8216444560574,4.958569355051629e-09,4.958569355051629e-09,0.047564667060978394,117584.59294299145,548.8216444560574
2232.0,8129.30579897746,10820285965.123547,447.43445241108503,6.228373942009877e-05,2.7367497419353732,0.23364105735499766,1.1261527058725888e+16,0.39867609581340924,0.39867609581340924,2332333891166.8145,0.9739772097073898,519111.9475526375,517404.6372706486,510495.4104963116,1707.3102819888793,6909.226774337016,1.1317817852023162,0.0032889057746369045,0.0032889057746369045,0.0032889057746369045,0.013353623598705545,6909.226774337016,-41079499.52385686,-0.003796526233804378,-3.8348266751976903,0.8998314928279196,0.0,0.0,164411880524791.25,-4.309253238255384,0.013353623598705733,0.013353623598705733,74759809496214.64,18473585482315.395,4233141739055844.0,-41493921252.32296,0.06073110001770675,-0.2865664355701126,0.08472371189294163,0.013353623598705545,1290564586397380.0,5598466134949439.0,5616939720431754.0,5523706325453224.0,391222.7230130798,-41493921252.32296,1.0,545.4434639074074,4.852158723290466e-09,4.852158723290466e-09,0.04751480705379607,119272.68748323181,545.4434639074074
2233.0,8207.699606558235,10820431335.547108,446.9336063505336,6.2115759760095e-05,2.734060381532018,0.2336309203590805,1.142593893925068e+16,0.398458074884122,0.398458074884122,2290839969914.4917,0.9540212315372811,526399.721636211,524738.6606709254,517830.90919566446,1661.060965285682,6907.751475260899,1.1281993782321527,0.0031555126209462984,0.003155512620946298,0.003155512620946298,0.013164174841679702,6907.751475260899,-40778771.39381376,-0.003768682608783625,-3.764867822462759,0.8979572986917222,0.0,0.0,166476084435643.25,-4.323637687729286,0.013164174841679976,0.013164174841679976,74744850521084.78,17973396119031.32,4294083818014905.5,-40737493760.36904,0.05973077647751662,-0.2869738572327226,0.08601372267636855,0.013164174841679702,1309069978360711.2,5677898646896702.0,5695872043015733.0,5603153796375617.0,396849.5972899019,-40737493760.36904,1.0,542.0762519838048,4.748277209885504e-09,4.748277209885504e-09,0.04746461477098696,120981.31190576253,542.0762519838048
2234.0,8286.73018868708,10820572223.985172,446.43332092355655,6.194959343838116e-05,2.73136885268882,0.2336210058883996,1.1592415023686324e+16,0.3982423484569473,0.3982423484569473,2250102476154.1226,0.9345097490650931,533777.55318363,532161.4026087032,525255.1877418113,1616.1505749267983,6906.214866891956,1.1246248010355306,0.0030277604692957373,0.0030277604692957373,0.003027760469295738,0.012977669618722943,6906.214866891956,-40481036.4326696,-0.003741117899748245,-3.6935280591314505,0.8960870081793569,0.0,0.0,168557897842110.75,-4.338000922133466,0.012977669618723153,0.012977669618723153,74729196761564.56,17487674020830.58,4355762294772416.5,-39966087125.14764,0.05870103377991208,-0.28721632770432304,0.08725104914021803,0.012977669618722943,1327799400210743.2,5758290891744725.0,5775778565765555.0,5683561694983160.0,402544.54243346915,-39966087125.14764,1.0,538.7271371481598,4.646861155001865e-09,4.646861155001865e-09,0.047414143021833555,122710.64530834212,538.7271371481598
2235.0,8366.401572519497,10820708768.568285,445.9335955025959,6.178521728526399e-05,2.728680858540251,0.2336113380541933,1.1760972921528434e+16,0.3980288923840202,0.3980288923840202,2210136389028.975,0.9154518180946363,541246.3350009923,539673.7294898824,532768.9667899399,1572.6055111099172,6904.762699942435,1.1210672521675669,0.0029055263923533706,0.002905526392353371,0.002905526392353371,0.012794327984927202,6904.762699942435,-40186262.13677106,-0.0037138290103050434,-3.6210645435309576,0.8942206131602469,0.0,0.0,170657548244677.0,-4.352321801207933,0.0127943279849273,0.0127943279849273,74714426292150.33,17016706243565.89,4418182990167447.5,-39182484857.737144,0.057645577735618306,-0.2872954202381595,0.08843545300242425,0.012794327984927202,1346754840397520.5,5839652256857119.0,5856668963100685.0,5764937830564968.0,408308.09558439197,-39182484857.737144,1.0,535.4030717735402,4.547848326460613e-09,4.547848326460613e-09,0.04736344231793055,124460.87120554793,535.4030717735402
2236.0,8446.717801098233,10820841103.173319,445.4344294607959,6.162260848745775e-05,2.7260021022207845,0.23360194096769982,1.1931630469773112e+16,0.39781768277161356,0.39781768277161356,2170953904171.238,0.8968548872472144,548806.9687190031,547276.5234005835,540372.9827362854,1530.4453184195806,6903.540664298135,1.1175358137303453,0.002788676903997533,0.0027886769039975334,0.002788676903997533,0.012614355575499503,6903.540664298135,-39894415.643580854,-0.0036868128145677533,-3.5477409559853856,0.8923581055207502,0.0,0.0,172775289088106.25,-4.366579200853239,0.012614355575499614,0.012614355575499614,74702116577665.7,16560705607713.775,4481351846571746.5,-38389541159.938065,0.05656821134227361,-0.28721322913314284,0.08956684345381465,0.012614355575499503,1365938336065417.5,5921992299214829.0,5938553004822543.0,5847290182637164.0,414140.8051225838,-38389541159.938065,1.0,532.1108349655337,4.45117791182347e-09,4.45117791182347e-09,0.04731256076065771,126232.17761370163,532.1108349655337
2237.0,8527.682933346234,10820969357.554262,444.9358221720026,6.146174458159522e-05,2.7233382868648923,0.23359283874015754,1.2104405758861218e+16,0.39760869597746307,0.39760869597746307,2132564363011.3,0.8787247676511538,556460.3651784823,554970.6823448899,548067.9879208449,1489.6828335924051,6902.6944240449375,1.114039453133614,0.002677069072322152,0.002677069072322152,0.0026770690723221515,0.012437944280010122,6902.6944240449375,-39605463.79890352,-0.0036600661632272733,-3.4738276186161627,0.8904994771641241,0.0,0.0,174911397928941.5,-4.380752011682613,0.012437944280010327,0.012437944280010327,74693844847150.94,16119812294778.021,4545274929332819.0,-37590182214.47119,0.0554728358812394,-0.2869723695093615,0.09064527932357347,0.012437944280010122,1385351973815063.2,6005320747995033.0,6021440560289811.0,5930626903147882.0,420043.2307998084,-37590182214.47119,1.0,528.8570362590756,4.356790508802263e-09,4.356790508802263e-09,0.0472615439572599,128024.75712103654,528.8570362590756
2238.0,8609.301044059168,10821093657.468994,444.43777301076295,6.130260344787467e-05,2.7206951156070454,0.23358405548280478,1.227931715679016e+16,0.3974019086081212,0.3974019086081212,2094974180796.8289,0.8610656021133375,564207.4447896312,562757.1204521349,555854.750769454,1450.3243374963104,6902.369682680869,1.1105870255818973,0.0025705515779521023,0.0025705515779521028,0.0025705515779521028,0.012265272942500153,6902.369682680869,-39319373.22151492,-0.0036335858893870388,-3.399601638393215,0.8886447200104902,0.0,0.0,177066174637264.0,-4.3948191376174615,0.01226527294250035,0.01226527294250035,74691188794764.22,15694095489754.244,4609958427709068.0,-36787407727.138016,0.05436345233651599,-0.28657597735178414,0.09167097128964166,0.012265272942500153,1404997890316280.0,6089647506820111.0,6105341602309866.0,6014956318025348.0,426015.94382534124,-36787407727.138016,1.0,525.6481201510468,4.26462811401349e-09,4.26462811401349e-09,0.0472104349632525,129838.80694411277,525.6481201510468
2239.0,8691.576223897411,10821214124.80218,443.9402813523242,6.11451633038392e-05,2.718078291581717,0.23357561530687973,1.2456383331427424e+16,0.3971972975163383,0.3971972975163383,2058186773069.691,0.8438798336360548,572049.1378656758,570636.768158173,563734.0558795612,1412.3697075028203,6902.712278611746,1.1071872772720783,0.0024689657129322736,0.002468965712932273,0.0024689657129322727,0.012096508083226782,6902.712278611746,-39036110.3649252,-0.0036073688141383866,-3.325347074542299,0.8867938259967986,0.0,0.0,179239939640450.75,-4.408759494532929,0.012096508083226931,0.012096508083226931,74695727608758.86,15283555028272.242,4675408655332736.0,-35984292732.90673,0.05324416315051544,-0.2860277098657978,0.09264428414671781,0.012096508083226782,1424878272783193.2,6174982655724688.0,6190266210752961.0,6100286928115929.0,432059.52690804977,-35984292732.90673,1.0,522.4903714314536,4.174634110120673e-09,4.174634110120673e-09,0.04715927424897348,131674.52897151143,522.4903714314536
2240.0,8774.512579377422,10821330877.684376,443.4433465726324,6.0989402698285594e-05,2.715493517923379,0.23356754232362079,1.2635623271067874e+16,0.39699483979847183,0.39699483979847183,2022202480336.7842,0.827168173136983,579986.3849316094,578610.5723651951,571706.7040541221,1375.812566414249,6903.8683110731035,1.1038488492861231,0.0023721463161182335,0.002372146316118233,0.0023721463161182335,0.01193180463822508,6903.8683110731035,-38755641.576056615,-0.003581411751855592,-3.251355131450443,0.8849467870767938,0.0,0.0,181433032216098.25,-4.422552008959412,0.011931804638225296,0.011931804638225296,74709043330082.06,14888123006844.7,4741632050237149.0,-35183989678.28223,0.05211917433238507,-0.28533174618943663,0.0935657391450181,0.01193180463822508,1444995359322886.0,6261336452890116.0,6276224575896961.0,6186627409560035.0,438174.5742582632,-35183989678.28223,1.0,519.3899212777447,4.086753251425483e-09,4.086753251425483e-09,0.047108099688001115,133532.1297958589,519.3899212777447
2241.0,8858.114232862708,10821444030.60752,442.94696804833274,6.083530050529954e-05,2.712946497766504,0.2335598606442662,1.2817056303283972e+16,0.3967945127919221,0.3967945127919221,1987018490658.502,0.8109295662242277,588020.1370088621,586679.4965847243,579773.5122880396,1340.640424137761,6905.984296684685,1.1005802821644732,0.0022799226416927213,0.0022799226416927213,0.0022799226416927217,0.011771306713268391,6905.984296684685,-38477933.15066819,-0.0035557115151948924,-3.1779243782553146,0.883103595220979,0.0,0.0,183645808840566.75,-4.4361756168448165,0.011771306713268648,0.011771306713268648,74732722542827.75,14507665314976.707,4808635174484797.0,-34389730792.79308,0.05099279793534585,-0.2844927885084094,0.0944360164134614,0.011771306713268391,1465351439168964.0,6348719336196589.0,6363227001511566.0,6273986613653761.0,444361.69155280833,-34389730792.79308,1.0,516.3527540789042,4.000931647983974e-09,4.000931647983974e-09,0.04705694656503456,135411.82073523127,516.3527540789042
2242.0,8942.385322554166,10821553694.53683,442.4511451567679,6.068283591841436e-05,2.710442934245563,0.2335525943800543,1.3000702112124538e+16,0.3965962940725962,0.3965962940725962,1952628759865.709,0.7951611588721554,596151.355876783,594844.5210684006,587935.3137114779,1306.8348083823912,6909.207356922731,1.0973900211465173,0.002192119158163078,0.0021921191581630783,0.0021921191581630783,0.011615148349207453,6909.207356922731,-38202951.38540814,-0.0035302649197863863,-3.1053609963494364,0.8812642424165819,0.0,0.0,185878641598704.0,-4.4496092623818315,0.011615148349207516,0.011615148349207516,74768358399628.23,14141983048799.797,4876424713431957.0,-33604830762.915817,0.04986945492023499,-0.28351606362134896,0.09525595748147388,0.011615148349207453,1485948852811157.5,6437141924642742.0,6451283907691542.0,6362373566243114.0,450621.49586651113,-33604830762.915817,1.0,513.3847149581851,3.917116748337236e-09,3.917116748337236e-09,0.047005847600845696,137313.81784496678,513.3847149581851
2243.0,9027.33000247994,10821659977.019333,441.95587727597757,6.053198844489024e-05,2.7079885304950295,0.23354576764222337,1.3186580753723242e+16,0.3964001614523972,0.3964001614523972,1919023929102.7932,0.7798582618372656,604381.0143119069,603106.6429311066,596192.9574942113,1274.3713808003158,6913.68543689536,1.0942864220657336,0.0021085562759631006,0.002108556275963101,0.0021085562759631006,0.011463454296067365,6913.68543689536,-37930662.62642128,-0.0035050687886119224,-3.0339790560860918,0.8794287206675189,0.0,0.0,188131916659320.75,-4.462831896902946,0.011463454296067543,0.011463454296067543,74817552986151.94,13790813767465.64,4945007474664250.0,-32832689722.36175,0.0487536784231501,-0.2824073250040852,0.09602656791415518,0.011463454296067365,1506789992031644.8,6526615019682046.0,6540405833449511.0,6451797466695894.0,456954.6155733383,-32832689722.36175,1.0,510.49151796593486,3.835257320955865e-09,3.835257320955865e-09,0.04695483299180703,139238.34192087303,510.49151796593486
2244.0,9112.95244248469,10821762982.288984,441.46116378469765,6.038273790011146e-05,2.7055889896493746,0.23353940454201172,1.3374712670382562e+16,0.39620609297674086,0.39620609297674086,1886191239380.4314,0.7650143136465668,612710.0963060174,611466.8762708096,604547.3087148877,1243.2200352077634,6919.5675559218635,1.0912777578882507,0.0020290510025916704,0.002029051002591671,0.0020290510025916704,0.011316340793670875,6919.5675559218635,-37661033.31448347,-0.003480119956066302,-2.9641008240306057,0.8775970219943611,0.0,0.0,190406032819811.0,-4.475822477845603,0.011316340793671054,0.011316340793671054,74881920030123.08,13453832555851.383,5014390386635135.0,-32076796573.26668,0.047650117445864996,-0.2811728554232048,0.09674902007612225,0.011316340793670875,1527877299858067.0,6617149606523325.0,6630603439079177.0,6542267686493202.0,463361.6902201371,-32076796573.26668,1.0,507.6787549166241,3.755303434505946e-09,3.755303434505946e-09,0.046903930461434484,141185.6184947506,507.6787549166241
2245.0,9199.256828218422,10821862811.368639,440.9670040623594,6.023506440209847e-05,2.703250014843071,0.23353352919065765,1.3565118703202372e+16,0.3960140669220981,0.3960140669220981,1854114442807.1648,0.750620841983849,621139.5972640692,619926.2522892562,612999.2481987018,1213.344974813052,6927.004090554432,1.0883722258850377,0.001953417525074021,0.001953417525074021,0.0019534175250740205,0.011173916356944837,6927.004090554432,-37394030.02667905,-0.0034554152717031004,-2.896057102170008,0.8757691384342992,0.0,0.0,192701400121997.5,-4.488559967788198,0.01117391635694498,0.01117391635694498,74963087961769.45,13130652860290.385,5084580497036230.0,-31340732653.573635,0.04656354098850195,-0.2798194701507051,0.0974246560399467,0.011173916356944837,1549213270442234.8,6708756855440234.0,6721887508300525.0,6633793767478465.0,469843.37037563906,-31340732653.573635,1.0,504.9519048471919,3.677206437050443e-09,3.677206437050443e-09,0.046853165321269596,143155.8778230627,504.9519048471919
2246.0,9286.247361124671,10821959562.168842,440.473397489089,6.008894836613262e-05,2.7009773092105904,0.2335281656993994,1.375782010332437e+16,0.39582406179356316,0.39582406179356316,1822773710153.591,0.7366674232918272,629670.5241830326,628485.8194172733,621549.6723264373,1184.704765759239,6936.147090835916,1.0855779554293972,0.0018814677204341702,0.0018814677204341697,0.0018814677204341697,0.011036282564445214,6936.147090835916,-37129619.5146792,-0.0034309516036703804,-2.8301876005666116,0.8739450620411093,0.0,0.0,195018438539707.25,-4.5010233335570815,0.011036282564445443,0.011036282564445443,75062703334281.34,12820827068155.195,5155584970923855.0,-30628175766.683533,0.045498842644867976,-0.27835452083320694,0.09805499065573435,0.011036282564445214,1570800448872144.2,6801448123130281.0,6814268950198437.0,6726385419795999.0,476400.3174569817,-30628175766.683533,1.0,502.31634407691683,3.6009189343046673e-09,3.6009189343046673e-09,0.04680256053841014,145149.35486945565,502.31634407691683
2247.0,9373.928258428248,10822053329.583609,439.9803434457061,5.99443704994906e-05,2.6987765758864057,0.23352333817947535,1.3952838541864078e+16,0.39563605632244747,0.39563605632244747,1792145534386.9075,0.7231416404003542,638303.8958127385,637146.6434479699,630199.492817205,1157.2523647684698,6947.150630764976,1.082903016413132,0.0018130115958245332,0.0018130115958245332,0.0018130115958245336,0.01090353484901045,6947.150630764976,-36867768.73972046,-0.0034067258418453007,-2.7668413450251825,0.8721247848851182,0.0,0.0,197357576736926.75,-4.513191545403144,0.010903534849010632,0.010903534849010632,75182434614788.97,12523846807311.123,5227411088621000.0,-29942904590.359367,0.0444610456818674,-0.27678590007095677,0.09864171479906317,0.01090353484901045,1592641430923334.8,6895234954159123.0,6907758800966435.0,6820052519544335.0,483033.203535519,-29942904590.359367,1.0,499.7773568523713,3.5263947670676052e-09,3.5263947670676052e-09,0.04675213680678736,147166.289281686,499.7773568523713
2248.0,9462.303753122325,10822144205.583252,439.4878413137237,5.980131179628627e-05,2.6966535180049878,0.2335190707421238,1.4150196118601004e+16,0.3954500294638992,0.3954500294638992,1762202629796.548,0.7100290379827131,647040.7427997579,645909.8076804907,638949.6364863527,1130.9351192671961,6960.1711941380045,1.0803554282765098,0.0017478576609776038,0.0017478576609776038,0.0017478576609776038,0.01077576328981981,6960.1711941380045,-36608444.90442325,-0.0033827349006804574,-2.7063771214339485,0.8703082990531686,0.0,0.0,199719250893347.0,-4.525043576245774,0.010775763289819884,0.010775763289819884,75323976358508.06,12239142947868.09,5300066243406860.0,-29288803482.849487,0.04345530862553214,-0.27512204676375196,0.09918669881520316,0.01077576328981981,1614738862753447.5,6990129082518815.0,7002368225466683.0,6914805106160307.0,489742.7111230418,-29288803482.849487,1.0,497.3401465645008,3.4535889879530482e-09,3.4535889879530482e-09,0.046701912619318,149206.92536331087,497.3401465645008
2249.0,9551.378093955147,10822232279.30437,438.99589047534704,5.96597535324174e-05,2.69461383870081,0.233515387498583,1.4349915369494352e+16,0.39526596039454726,0.39526596039454726,1732913826313.6987,0.6973130756333528,655882.1078153254,654776.4130762343,647801.0449790742,1105.6947390911116,6975.368097160126,1.0779431696491204,0.0016858132367325352,0.0016858132367325357,0.0016858132367325357,0.010653053405495836,6975.368097160126,-36351615.48162958,-0.0033589757217783707,-2.6491639585429057,0.8684955966485849,0.0,0.0,202103903592014.0,-4.536558400980365,0.010653053405495938,0.010653053405495938,75489053781116.22,11966085296448.852,5373557938998190.0,-28669867705.31278,0.0424869313774528,-0.2733719522829732,0.09969199617829366,0.010653053405495836,1637095440541449.2,7086142433320755.0,7098108518617204.0,7010653379539639.0,496529.53293879866,-28669867705.31278,1.0,495.00984752858415,3.382457837545262e-09,3.382457837545262e-09,0.04665190433770916,151271.5120402755,495.00984752858415
2250.0,9641.155545415982,10822317637.137064,438.50449031347307,5.951967726061475e-05,2.692663241108344,0.23351231256009125,1.4552019273086366e+16,0.3950838285101704,0.3950838285101704,1704243958608.386,0.6849750783512845,664829.0456681887,663747.578428456,656754.6744789934,1081.4672397326467,6992.903949462635,1.075674188600713,0.001626684704555462,0.0016266847045554615,0.001626684704555461,0.010535486948245621,6992.903949462635,-36097248.24048002,-0.003335445276214346,-2.595581651052718,0.8666866697911391,0.0,0.0,204511982761169.0,-4.547714995844455,0.010535486948245798,0.010535486948245798,75679427747074.9,11703981982544.56,5447893786816415.0,-28090209080.817173,0.041561361886784054,-0.27154516753112445,0.10015984738495538,0.010535486948245621,1659713910069805.5,7183287124633296.0,7194991106615841.0,7107607696886221.0,503394.37165675365,-28090209080.817173,1.0,492.7915373216509,3.3129587201044504e-09,3.3129587201044504e-09,0.04660212625682725,153360.3028222397,492.7915373216509
2251.0,9731.640387720796,10822400362.80948,438.0136402116891,5.938106480559151e-05,2.6908074283620618,0.2335098700378869,1.4756531255847536e+16,0.39490361342339103,0.39490361342339103,1676153749527.5688,0.6729941842036358,673882.6234032114,672824.4405450894,665811.4953896503,1058.1828581219359,7012.945155439021,1.0735564135033677,0.0015702777032266366,0.001570277703226637,0.0015702777032266374,0.010423142699390462,7012.945155439021,-35845311.269988336,-0.003312140566631462,-2.5460213250135535,0.8648815106170163,0.0,0.0,206943940659727.5,-4.558492337835949,0.010423142699390708,0.010423142699390708,75896900194586.25,11452078547657.611,5523081503023193.0,-27554062111.547356,0.0406842034045154,-0.2696518109526807,0.10059268410267025,0.010423142699390462,1682597066244481.5,7281575469462262.0,7293027548009919.0,7205678569267675.0,510337.93963148195,-27554062111.547356,1.0,490.6902496760216,3.245050178946309e-09,3.245050178946309e-09,0.046552590660028814,155473.55575816837,490.6902496760216
2252.0,9822.836916797118,10822480537.469746,437.5233395542729,5.924389825929046e-05,2.6890521035964356,0.2335080840432082,1.4963475196507264e+16,0.394725294961393,0.394725294961393,1648599687416.0215,0.6613472889335288,683043.9203863357,682008.1544431897,674972.4919850782,1035.7659431459558,7035.662458111543,1.071597764508614,0.001516397280221918,0.0015163972802219184,0.001516397280221918,0.01031609726698305,7035.662458111543,-35595773.00041393,-0.003289058629135321,-2.500886047666206,0.8630801112787806,0.0,0.0,209400232892503.25,-4.568869404175652,0.010316097266983126,0.010316097266983126,76143320021118.72,11209556761071.102,5599128905292733.0,-27065790577.29715,0.03986122234839694,-0.2677025775626484,0.10099313359418022,0.01031609726698305,1705747752543229.8,7381019977857081.0,7392229534618152.0,7304876657835963.0,517360.9585997729,-27065790577.29715,1.0,488.71098793181903,3.1786918716193754e-09,3.1786918716193754e-09,0.04650330786197343,157611.53338530532,488.71098793181903
2253.0,9914.749444268562,10822558239.765406,437.0335877261913,5.910815997622683e-05,2.687402969945938,0.23350697868729348,1.5172875429399768e+16,0.39454885316366334,0.39454885316366334,1621533896838.7244,0.6500089872654164,692314.028376377,691299.8935518411,684238.662023767,1014.134824535731,7061.23152807416,1.0698061656456248,0.0014648480067839913,0.0014648480067839913,0.0014648480067839908,0.010214425886562982,7061.23152807416,-35348602.22277214,-0.0032661965350198356,-2.460591484008105,0.8612824639453409,0.0,0.0,211881317437880.25,-4.578825171804249,0.010214425886563183,0.010214425886563183,76420589457050.27,10975533201512.219,5676043909273519.0,-26629894639.948505,0.039098356808756056,-0.26570874906207337,0.10136402344013967,0.010214425886562982,1729168860377857.2,7481633359108426.0,7492608892309939.0,7405212769651376.0,524464.1593535611,-26629894639.948505,1.0,486.8587390557364,3.1138445450020613e-09,3.1138445450020613e-09,0.0464542862349302,159774.50267020595,486.8587390557364
2254.0,10007.382297438664,10822633545.920397,436.54438411309934,5.897383256892464e-05,2.6858657305450406,0.23350657808138103,1.5384756746837648e+16,0.39437426827975824,0.39437426827975824,1594904002198.776,0.6389515106492292,701694.0515838332,700700.8499184168,693611.0163179935,993.2016654163656,7089.8336004233515,1.0681895575491978,0.0014154340672755516,0.0014154340672755514,0.0014154340672755514,0.010118203226453668,7089.8336004233515,-35103768.10686533,-0.00324355139235937,-2.425566602528276,0.8594885608019169,0.0,0.0,214387653666498.75,-4.588338616902651,0.010118203226453848,0.010118203226453848,76730670958935.34,10749057661999.164,5753834524672793.0,-26251018480.386684,0.038401725727486236,-0.26368220511280605,0.10170838658331421,0.010118203226453668,1752863328350263.5,7583428523981991.0,7594177581643990.0,7506697853023056.0,531648.28137803,-26251018480.386684,1.0,485.1384882379522,3.0504700104398326e-09,3.0504700104398326e-09,0.04640893064693774,161962.73493996362,485.1384882379522
2255.0,10100.739819274322,10822706529.809677,436.0557281013401,5.884089890344456e-05,2.684400294471337,0.23350657697419303,1.5599144400504146e+16,0.3942015207670919,0.3942015207670919,1568652983718.3892,0.6281446611720569,711185.1067166309,710212.2344108785,703091.798422452,972.8723057523143,7120.435988426627,1.0666856107889235,0.0013679593351495077,0.001367959335149508,0.0013679593351495082,0.010025786157194311,7120.435988426627,-34861202.47849123,-0.0032211168604147937,-2.3937309590722315,0.8576983940500051,0.0,0.0,216920278685101.0,-4.597560928344369,0.010025786157194405,0.010025786157194405,77062389067036.67,10529111456136.568,5832521479106784.0,-25906647681.35862,0.0377776387847212,-0.26163543584718313,0.10202946671875696,0.010025786157194311,1776834718735515.8,7686418586909336.0,7696947698365473.0,7609356197842300.0,538915.2392741959,-25906647681.35862,1.0,483.5042484292989,2.9885214131594513e-09,2.9885214131594513e-09,0.04636821455128759,164176.55914825608,483.5042484292989
2256.0,10194.826368388472,10822777263.03154,435.5676190779434,5.870934209500084e-05,2.682952017159116,0.2335065769755016,1.5816064679189248e+16,0.39403059128874945,0.39403059128874945,1542746336037.0305,0.6175557413525652,720788.3309059696,719835.2847893647,712683.6840524004,953.0461166049462,7151.600736964274,1.065210084874875,0.001322227449779949,0.0013222274497799492,0.001322227449779949,0.009935051654291921,7151.600736964274,-34620827.924661286,-0.0031988857465374593,-2.3621315876934075,0.8559119559073453,0.0,0.0,219480377863106.0,-4.606697990910783,0.009935051654291982,0.009935051654291982,77400181850296.55,10314605841412.518,5912129925713842.0,-25564824039.5768,0.03721542852760269,-0.2595760115965078,0.1023293011621659,0.009935051654291921,1801086845782031.0,7790616953346169.0,7800931559187582.0,7713216771495873.0,546267.3565230345,-25564824039.5768,1.0,481.8945527693712,2.9279509877470785e-09,2.9279509877470785e-09,0.046328007126946735,166416.3275293659,481.8945527693712
2257.0,10289.646319022435,10822845814.97773,435.0800564306251,5.8579145503665854e-05,2.681520552796556,0.23350657697771213,1.6035545057052354e+16,0.3938614607113218,0.3938614607113218,1517181511997.4536,0.6071570046332685,730504.8837445967,729571.2447444181,722387.920282347,933.6390001787051,7183.324462071003,1.0637623382753914,0.0012780735912302668,0.0012780735912302668,0.0012780735912302666,0.009845953378531867,7183.324462071003,-34382614.38292365,-0.0031768552348164815,-2.3307618624014776,0.8541292386078858,0.0,0.0,222068349171662.25,-4.615751439481687,0.009845953378532002,0.009845953378532002,77744013091952.31,10104630945784.092,5992670224941367.0,-25225476268.20153,0.036689085924086554,-0.2575048034192969,0.10260824124249608,0.009845953378531867,1825622854876897.8,7896037092910218.0,7906141723856002.0,7818293079818265.0,553705.5897671678,-25225476268.20153,1.0,480.3088101063747,2.8687242818947213e-09,2.8687242818947213e-09,0.046288205871850785,168682.33051517923,480.3088101063747
2258.0,10385.2040610276,10822912252.90138,434.59303954778676,5.8450292730159805e-05,2.6801057082826603,0.23350657698082153,1.6257613406224016e+16,0.3936941101027644,0.3936941101027644,1491956035729.2522,0.5969323312004877,740335.9365391089,739421.3330025384,732205.7251275147,914.6035365704216,7215.607875023777,1.0623419680039283,0.0012353898972485,0.0012353898972484998,0.0012353898972484998,0.00975845239103888,7215.607875023777,-34146533.99485092,-0.003155022714491379,-2.2996234719580904,0.852350234401751,0.0,0.0,224684485657410.75,-4.6247222754311,0.009758452391039008,0.009758452391039008,78093890882726.53,9898673822494.951,6074152487847306.0,-24888623051.714832,0.036184163096478955,-0.25542264353756566,0.10286663095941888,0.00975845239103888,1850445826279812.5,8002692205009845.0,8012590878832340.0,7924598314127119.0,561230.8726072285,-24888623051.714832,1.0,478.7466061748453,2.8108081291188263e-09,2.8108081291188263e-09,0.046248756887959264,170974.85252028625,478.7466061748453
2259.0,10481.503999846542,10822976641.982876,434.1065678185141,5.8322767611724037e-05,2.6787072905164324,0.23350657698482674,1.6482297891881426e+16,0.39352852073027794,0.39352852073027794,1467067412677.5374,0.5868720680469058,750282.6709079175,749386.7583228028,742138.3066086755,895.9125851147058,7248.451714127355,1.060948574774763,0.0011941000636874117,0.0011941000636874117,0.001194100063687412,0.009672511068049913,7248.451714127355,-33912560.23973832,-0.0031333856998443273,-2.2687180609139626,0.8505749355552061,0.0,0.0,227329025798404.5,-4.633611466550977,0.009672511068050005,0.009672511068050005,78449823592541.11,9696440981954.957,6156586742559873.0,-24554282580.5165,0.035692670986869277,-0.25333034468734167,0.10310481174624755,0.009672511068049913,1875558814986547.5,8110595381138962.0,8120291822120917.0,8032145557546421.0,568844.1309831678,-24554282580.5165,1.0,477.20753285894216,2.7541704364334426e-09,2.7541704364334426e-09,0.0462096269026564,173294.17562550763,477.20753285894216
2260.0,10578.550556493668,10823039045.393686,433.6206406325771,5.8196554218075854e-05,2.677325106396874,0.23350657698972468,1.670962691767983e+16,0.3933646740582112,0.3933646740582112,1442513130097.0208,0.5769701463378828,760346.2780700488,759468.7279077385,752186.8711727414,877.5501623102749,7281.856734997145,1.0595817629148103,0.0011541454040358023,0.0011541454040358023,0.0011541454040358023,0.00958809292261176,7281.856734997145,-33680667.52466211,-0.0031119417922636696,-2.2380472237847253,0.848803334350625,0.0,0.0,230002180240091.25,-4.64241996111831,0.00958809292261198,0.00958809292261198,78811819765837.1,9497759670975.672,6239983004127017.0,-24222472488.457024,0.03521019693132193,-0.2512287005634287,0.10332312247060389,0.00958809292261176,1900964872008074.2,8219759695900928.0,8229257455571903.0,8140947876135091.0,576546.2896285836,-24222472488.457024,1.0,475.69118804827747,2.6987800751368244e-09,2.6987800751368244e-09,0.046170794057512676,175640.58154415787,475.69118804827747
2261.0,10676.348167535203,10823099524.358236,433.13525738042847,5.807163684744323e-05,2.6759589628229876,0.23350657699551225,1.6939629097919922e+16,0.3932025517459865,0.3932025517459865,1418290657608.5637,0.5672224850132344,770527.958500487,769668.452090905,762352.6283862081,859.5064095819624,7315.823704697001,1.0582411402770926,0.0011154772517984097,0.0011154772517984097,0.0011154772517984097,0.009505162495386953,7315.823704697001,-33450830.95686471,-0.0030906886591572946,-2.2076125005577345,0.8470354230864557,0.0,0.0,232704146439081.25,-4.651148695573373,0.009505162495387132,0.009505162495387132,79179888058594.81,9302523412729.393,6324351313448946.0,-23893209804.75371,0.03473430841780552,-0.24911848623904903,0.10352189943182337,0.009505162495386953,1926667056231073.5,8330198257738614.0,8339500781151344.0,8251018369680020.0,584338.2756682128,-23893209804.75371,1.0,474.197175497148,2.6446068101454e-09,2.6446068101454e-09,0.046132242884098895,178014.35271799524,474.197175497148
2262.0,10774.901285068741,10823158138.213875,432.6504174532036,5.7948000022677425e-05,2.6746086666937763,0.23350657700218636,1.7172333244359004e+16,0.39304213564604656,0.39304213564604656,1394397447803.81,0.5576261066908553,780828.9217861127,779987.1469688301,772636.7935708924,841.774817282619,7350.353397937654,1.056926318155826,0.0010780528151507185,0.0010780528151507185,0.0010780528151507185,0.00942368528315171,7350.353397937654,-33223026.214910146,-0.0030696240219948295,-2.177415372838164,0.8452711940771876,0.0,0.0,235435116642624.5,-4.65979859872064,0.00942368528315185,0.00942368528315185,79554037197636.94,9110661964215.875,6409701759141753.0,-23566510912.805374,0.034263669103957894,-0.2470004585639861,0.10370147635588191,0.00942368528315171,1952668441078524.8,8441924237417916.0,8451034899382131.0,8362370200220278.0,592221.0206382085,-23566510912.805374,1.0,472.7251046870835,2.5916212503606203e-09,2.5916212503606203e-09,0.04609396155815659,180415.77293268396,472.7251046870835
2263.0,10874.214376702173,10823214944.468998,432.1661202427191,5.782562848744204e-05,2.6732740249082427,0.23350657700974398,1.7407768361001628e+16,0.3928834078018232,0.3928834078018232,1370830936891.0046,0.5481786480403629,791250.3865908022,790426.03589706,783040.5893027016,824.3506937422962,7385.44659435836,1.0556369112030901,0.0010418329111902373,0.0010418329111902373,0.0010418329111902373,0.009343627688043659,7385.44659435836,-32997229.473477334,-0.0030487456493081986,-2.147457260264878,0.8435106396533173,0.0,0.0,238195282196950.5,-4.668370594036542,0.009343627688043754,0.009343627688043754,79934275951637.06,8922124747995.006,6496044489969698.0,-23242391511.907276,0.033797549267774285,-0.24487535654323003,0.10386218438822913,0.009343627688043659,1978972118297113.2,8554950884218448.0,8563873008966443.0,8475016608266811.0,600195.461634935,-23242391511.907276,1.0,471.2745906926266,2.5397948107133416e-09,2.5397948107133416e-09,0.04605594039450023,182845.12766776662,471.2745906926266
2264.0,10974.291925532001,10823269998.859385,431.6823651414725,5.770450720247653e-05,2.671954844365389,0.23350657701818192,1.7645963643198578e+16,0.3927263504457272,0.3927263504457272,1347588545379.0974,0.5388780886186787,801793.5806793593,800986.3503578955,793565.2462815347,807.2303214638041,7421.104076360772,1.0543725373470665,0.001006780723761642,0.0010067807237616423,0.0010067807237616423,0.009264956978411537,7421.104076360772,-32773417.357396767,-0.003028051352396328,-2.1177395170004387,0.8417537521613161,0.0,0.0,240984835835589.25,-4.676865600945832,0.009264956978411676,0.009264956978411676,80320613108088.62,8736871720468.808,6583389722060946.0,-22920866579.749813,0.03333555468549119,-0.24274390169725965,0.10400435208470057,0.009264956978411537,2005581200155447.2,8669291535324482.0,8678028407044951.0,8588970922216393.0,608262.5419817431,-22920866579.749813,1.0,469.8452540502768,2.489099680876422e-09,2.489099680876422e-09,0.04601817101806249,185302.7042997917,469.8452540502768
2265.0,11075.13843012127,10823323355.4028,431.1991515426413,5.758462134193289e-05,2.6706509319642184,0.23350657702749725,1.7886948479034168e+16,0.39257094599715947,0.39257094599715947,1324667678799.3477,0.5297226006984348,812459.7409726211,811669.3304800339,804212.0038528268,790.410492587216,7457.326627207081,1.0531328177118113,0.0009728611188057034,0.0009728611188057034,0.0009728611188057032,0.00918764125631888,7457.326627207081,-32551566.91173419,-0.003007538982514558,-2.088263428191577,0.8400005239635956,0.0,0.0,243803972858546.5,-4.685284535536196,0.009187641256319101,0.009187641256319101,80713057453117.6,8554868344774.646,6671747743233623.0,-22601950334.57941,0.0328774764685308,-0.24060679840463392,0.10412830540056975,0.00918764125631888,2032498820761963.5,8784959621448704.0,8793514489793479.0,8704246563995586.0,616423.2116287288,-22601950334.57941,1.0,468.4367206305194,2.4395087979530353e-09,2.4395087979530353e-09,0.04598064590365869,187788.792224098,468.4367206305194
2266.0,11176.758404476734,10823375066.451916,430.71647884008235,5.7465956289783464e-05,2.6693620946037324,0.23350657703768676,1.8130752451892716e+16,0.3924171770605433,0.3924171770605433,1302065728464.7683,0.5207104661132372,823250.1136185296,822476.2253648258,814982.1103355989,773.8882537038594,7494.115029226868,1.0519173765385323,0.0009400402634653712,0.0009400402634653712,0.0009400402634653712,0.009111649429018697,7494.115029226868,-32331655.580776278,-0.0029872064288884647,-2.0590302063459185,0.8382509474384757,0.0,0.0,246652891704587.75,-4.693628310966342,0.009111649429018764,0.009111649429018764,81111617752456.66,8376082829358.366,6761128915716826.0,-22285656196.435757,0.0324232078838091,-0.23846473422731904,0.1042343676777413,0.009111649429018697,2059728136893859.8,8901968670363142.0,8910344753192500.0,8820857052610686.0,624678.4274041828,-22285656196.435757,1.0,467.0486215128603,2.3909958216846204e-09,2.3909958216846204e-09,0.04594335811720418,190303.68293141606,467.0486215128603
2267.0,11279.156378025627,10823425182.745615,430.234346428331,5.734849763629881e-05,2.6680881391829345,0.2335065770487474,1.8377405343597304e+16,0.39226502642337696,0.39226502642337696,1279780072268.3325,0.5118400302293826,834165.954070893,833408.2933046558,825876.8232426055,757.6607662371748,7531.470062050195,1.0507258411083589,0.0009082854107622613,0.0009082854107622614,0.0009082854107622614,0.009036951182938416,7531.470062050195,-32113661.192041785,-0.0029670516171938282,-2.0300409875982313,0.8365050149801511,0.0,0.0,249531794193635.5,-4.701897837706873,0.009036951182938568,0.009036951182938568,81516302732688.77,8200484617269.776,6851543677976600.0,-21971996747.176476,0.03197269826688299,-0.23631838021904672,0.10432285963005655,0.009036951182938416,2087272328553366.0,9020332309262656.0,9028532793879926.0,8938816006529966.0,633029.1531833312,-21971996747.176476,1.0,465.68059286381026,2.3435351113824817e-09,2.3435351113824817e-09,0.04590630116716787,192847.6700592742,465.68059286381026
2268.0,11382.336895591825,10823473753.458693,429.7527537026001,5.723223117459363e-05,2.6668288726008273,0.23350657706067612,1.862693713779094e+16,0.3921144770543069,0.3921144770543069,1257808075521.156,0.5031096764916602,845208.527171324,844466.8019406943,836897.4094398714,741.7252306297268,7569.392500822937,1.0495578416665605,0.0008775647745912754,0.0008775647745912754,0.0008775647745912753,0.008963516959373051,7569.392500822937,-31897561.943210416,-0.0029470725083079173,-2.0012968278519607,0.8347627189986575,0.0,0.0,252440885591764.0,-4.710094023689753,0.008963516959373252,0.008963516959373252,81927121062284.11,8028043565998.943,6943002546039164.0,-21660983689.135838,0.031525927475259945,-0.23416839121693203,0.10439409932666742,0.008963516959373051,2115134599370858.2,9140064266472306.0,9148092310038304.0,9058137145410022.0,641476.3600106199,-21660983689.135838,1.0,464.3322758177324,2.297101704140484e-09,2.297101704140484e-09,0.0458694689165593,195421.04942925155,464.3322758177324
2269.0,11486.30451737137,10823520826.250055,429.2717000587799,5.7117142897239684e-05,2.6655841017564135,0.23350657707346983,1.8879378023382704e+16,0.3919655121012216,0.3919655121012216,1236147091832.0203,0.494517812377162,856379.1072319279,855653.0283861589,848045.1452717766,726.0788457690629,7607.883114382289,1.0484130113482064,0.0008478474540510052,0.0008478474540510053,0.0008478474540510053,0.008891317931441748,7607.883114382289,-31683336.390818063,-0.002927267097225622,-1.9727986987906878,0.8330240519198396,0.0,0.0,255380374582650.0,-4.718217774407369,0.008891317931441933,0.008891317931441933,82344081332192.84,7858729508681.055,7035516114528407.0,-21352627802.36002,0.03108289171538728,-0.23201540611654178,0.1044484021734276,0.008891317931441748,2143318176920920.5,9261178372781520.0,9269037102290202.0,9178834291449328.0,650021.0261955905,-21352627802.36002,1.0,463.0033163605003,2.251671294075801e-09,2.251671294075801e-09,0.04583285552846439,198024.11907618603,463.0033163605003
2270.0,11591.063818907582,10823566447.30942,428.7911848934365,5.700321899294386e-05,2.664353633548695,0.2335065770871254,1.913475839796535e+16,0.39181811488936497,0.39181811488936497,1214794464029.6602,0.4860628616813962,867678.9781174955,866968.2593296092,859321.3166662273,710.7187878862867,7646.942663381877,1.0472909861052353,0.0008191033847889832,0.0008191033847889833,0.0008191033847889832,0.008820325982054915,7646.942663381877,-31470963.44008378,-0.002907633412081745,-1.9445474837571297,0.8312890061853179,0.0,0.0,258350473191563.5,-4.72626999298405,0.008820325982055066,0.008820325982055066,82767192035879.02,7692512026038.433,7129095057538231.0,-21046938900.393627,0.030643595667155944,-0.22986004813058752,0.10448608089224722,0.008820325982054915,2171826312988098.5,9383688562562210.0,9391381074588248.0,9300921370526330.0,658664.1373934948,-21046938900.393627,1.0,461.69336521589486,2.2072202124466055e-09,2.2072202124466055e-09,0.04579645543020794,200657.17927273252,461.69336521589486
2271.0,11696.619391065475,10823610661.40258,428.3112076038117,5.68904458432903e-05,2.663137274876675,0.23350657710163983,1.9393108871156916e+16,0.39167226891946977,0.39167226891946977,1193747525129.2666,0.47774326032612346,879109.4333265367,878413.7911263106,870727.2192279489,695.6422002261148,7686.5718983616935,1.0461914046349161,0.0007913033052026476,0.0007913033052026475,0.0007913033052026474,0.008750513682743866,7686.5718983616935,-31260422.335515823,-0.002888169513246787,-1.9165439734994842,0.829557574252455,0.0,0.0,261351396686958.75,-4.734251580232037,0.008750513682743932,0.008750513682743932,83196461548745.1,7529360334888.925,7223750129406400.0,-20743925784.615883,0.030208048094871702,-0.22770292503140693,0.10450744549835629,0.008750513682743866,2200662283802650.5,9507608874757794.0,9515138235092684.0,9424412413209050.0,667406.6866768014,-20743925784.615883,1.0,460.40207773468205,2.1637254085512353e-09,2.1637254085512353e-09,0.04576026328815397,203320.5325511475,460.40207773468205
2272.0,11802.975840005658,10823653511.915285,427.8317675878218,5.677881001954501e-05,2.6619348326393566,0.23350657711700998,1.9654460267843876e+16,0.3915279578659109,0.3915279578659109,1173003599344.6506,0.4695574541327252,890671.7760708665,889990.9298821802,882264.1583244185,680.8461886862476,7726.77155776169,1.0451139083096734,0.0007644187308704793,0.0007644187308704792,0.0007644187308704794,0.008681854273261621,7726.77155776169,-31051692.652095642,-0.0028688734924775814,-1.88878886178568,0.8278297485943246,0.0,0.0,264383363473315.0,-4.742163434698559,0.008681854273261846,0.008681854273261846,83631898106934.45,7369243241248.041,7319492165427373.0,-20443596197.13305,0.02977625938801727,-0.22554462937739286,0.10451280327542323,0.008681854273261621,2229829390257703.0,9632953453792010.0,9640322697033258.0,9549321555685076.0,676249.6746010638,-20443596197.13305,1.0,459.12911378630434,2.1211644313436687e-09,2.1211644313436687e-09,0.0457242739887016,206014.48372335473,459.12911378630434
2273.0,11910.137787157784,10823695040.895748,427.35286424405734,5.6668298279521654e-05,2.6607461137357413,0.2335065771332328,1.991884363131719e+16,0.3913851655748779,0.3913851655748779,1152560003147.5176,0.4615038976995454,902367.3193536451,901700.9915328695,893933.4491669901,666.3278207754896,7767.542365879394,1.0440581411082557,0.0007384219336010219,0.0007384219336010219,0.0007384219336010221,0.008614321641894575,7767.542365879394,-30844754.286921702,-0.0028497434721118167,-1.8612827408865578,0.8261055216996765,0.0,0.0,267446594982557.25,-4.750006452707977,0.008614321641894684,0.008614321641894684,84073509785516.42,7212129129338.538,7416332082525306.0,-20145956772.23868,0.029348240169767968,-0.22338573872352577,0.10450245874847493,0.008614321641894575,2259330958114276.5,9759736550425098.0,9766948679554438.0,9675663040639582.0,685194.1092671015,-20145956772.23868,1.0,457.87413765313,2.0795154117172024e-09,2.0795154117172024e-09,0.045688482622944004,208739.33989988864,457.87413765313
2274.0,12018.1098691932,10823735289.09588,426.8744969717818,5.65588975645072e-05,2.659570925064832,0.23350657715030518,2.0186290226299748e+16,0.3912438760625666,0.3912438760625666,1132414046375.2788,0.453581053906321,914197.3860458231,913545.3019193958,905736.416888623,652.0841264272832,7808.885030772764,1.0430237495482384,0.0007132859231284197,0.0007132859231284197,0.0007132859231284197,0.008547890306442362,7808.885030772764,-30639587.45124188,-0.002830777604299785,-1.8340260969296571,0.824384886072906,0.0,0.0,270541315567763.0,-4.757781528400579,0.00854789030644243,0.00854789030644243,84521304476067.73,7057985970670.245,7514280879898910.0,-19851012986.46031,0.02892400049589701,-0.22122681581616363,0.10447671365456669,0.008547890306442362,2289170338197738.0,9887972522572714.0,9895030508543386.0,9803451218096648.0,694241.0063805787,-19851012986.46031,1.0,456.6368179272085,2.03875704541829e-09,2.03875704541829e-09,0.04565288447377269,211495.41050804424,456.6368179272085
2275.0,12126.896737997251,10823774296.01122,426.39666517093127,5.645059499624617e-05,2.658409073525632,0.23350657716822404,2.045683154186751e+16,0.3911040735133902,0.3911040735133902,1112563033388.8186,0.44578739378183513,926163.3089610719,925525.1968612114,917674.3966191016,638.1120998604316,7850.800242109832,1.042010382619823,0.0006889844303767949,0.0006889844303767949,0.0006889844303767949,0.008482535395832245,7850.800242109832,-30436172.662826385,-0.002811974070268883,-1.8070193051240182,0.8226678342340202,0.0,0.0,273667752401168.25,-4.7654895537694335,0.008482535395832325,0.008482535395832325,84975289863667.06,6906781344443.085,7613349639645518.0,-19558769107.197407,0.028503549379732172,-0.21906840877224265,0.10443586691115132,0.008482535395832245,2319350906587919.5,1.0017675836097106e+16,1.0024582617441548e+16,9932700546233438.0,703391.38930966,-19558769107.197407,1.0,455.4168274094657,1.9988685765581875e-09,1.9988685765581875e-09,0.04561747500453461,214283.0073094417,455.4168274094657
2276.0,12236.503060640944,10823812099.919657,425.9193682421134,5.6343377873982226e-05,2.6572603660171428,0.23350657718698628,2.073049929426868e+16,0.39096574227820863,0.39096574227820863,1093004264281.6212,0.43812139658888605,938266.4309292331,937642.0222271929,929748.7335582263,624.4087020401131,7893.28866896664,1.04101769172092,0.0006654918917025689,0.000665491891702569,0.000665491891702569,0.008418232632340445,7893.28866896664,-30234490.738649268,-0.002793331079617845,-1.7802626248573226,0.8209543587186058,0.0,0.0,276826135377254.5,-4.773131418695829,0.008418232632340539,0.008418232632340539,85435473403319.84,6758482464436.904,7713549527368383.0,-19269228139.965416,0.028086894496783987,-0.2169110512430389,0.10438021458209781,0.008418232632340445,2349876064804122.5,1.0148861065575826e+16,1.0155619548040264e+16,1.0063425592172506e+16,712646.2891411096,-19269228139.965416,1.0,454.2138430112891,1.9598297816941677e-09,1.9598297816941677e-09,0.04558224984887316,217102.4444171167,454.2138430112891
2277.0,12346.933519351993,10823848737.918951,425.4426055866069,5.6237233671555796e-05,2.656124609438368,0.23350657720658888,2.1007325429645936e+16,0.39082886687257695,0.39082886687257695,1073735036141.6558,0.4305815500459912,950508.1048683693,949897.1340048776,941960.7830473022,610.970863491669,7936.350957575515,1.0400453305935091,0.0006427834337891092,0.0006427834337891092,0.0006427834337891091,0.00835495831439656,7936.350957575515,-30034522.78785383,-0.002774846869638389,-1.7537561946668683,0.8192444520777962,0.0,0.0,280016697021238.25,-4.780708010983544,0.00835495831439681,0.00835495831439681,85901862295835.6,6613056209709.553,7814891792769857.0,-18982391774.262524,0.027674041987994037,-0.2147552625626396,0.10431004984131105,0.00835495831439656,2380749239985831.5,1.0281542895051524e+16,1.0288155951261232e+16,1.0195641032755688e+16,722006.7447350884,-18982391774.262524,1.0,453.02754565845896,1.921620954454622e-09,1.921620954454622e-09,0.045547204801475116,219954.0383122138,453.02754565845896
2278.0,12458.192811485405,10823884245.963102,424.9663766063606,5.613215003455662e-05,2.65500161068831,0.23350657722702872,2.1287342126667176e+16,0.3906934319750121,0.3906934319750121,1054752644367.3932,0.42316635064141367,962889.6938555011,962291.8983681716,954311.9106391468,597.7954873295627,7979.987729024819,1.039092955261236,0.0006208348590127008,0.0006208348590127008,0.0006208348590127008,0.00829268929994845,7979.987729024819,-29836250.20498205,-0.0027565197046623847,-1.7275000270841585,0.8175381068782399,0.0,0.0,283239672402969.75,-4.788220216392297,0.00829268929994853,0.00829268929994853,86374463463170.61,6470469157614.289,7917387770232322.0,-18698260328.057056,0.027264996316729826,-0.21260154788127253,0.1042256629339056,0.00829268929994845,2411973885069688.0,1.041573611876518e+16,1.0422206587922794e+16,1.032936165530201e+16,731473.8027788135,-18698260328.057056,1.0,451.85762019735944,1.8842228906843354e-09,1.8842228906843354e-09,0.045512335809551274,222838.10786033326,451.85762019735944
2279.0,12570.285649493415,10823918658.8976,424.49068070399284,5.602811477753009e-05,2.653891176665971,0.23350657724830268,2.1570581799070144e+16,0.39055942242527775,0.39055942242527775,1036054384039.3362,0.41587430401513215,975412.5711960961,974827.6917436715,966803.4921667597,584.8794524245303,8024.199576911937,1.0381602239682428,0.0005996226311778245,0.0005996226311778246,0.0005996226311778246,0.008231402990367532,8024.199576911937,-29639654.663451906,-0.002738347875433005,-1.7014940033545252,0.8158353157020679,0.0,0.0,286495299056078.5,-4.795668918670334,0.008231402990367731,0.008231402990367731,86853283523255.34,6330687618303.685,8021048879388057.0,-18416832690.911423,0.026859760154675297,-0.2104503982836367,0.1041273411348868,0.008231402990367532,2443553478963093.0,1.0551455641874404e+16,1.0557786329492708e+16,1.046460235835115e+16,741048.5178391933,-18416832690.911423,1.0,450.703755303431,1.8476168740879142e-09,1.8476168740879142e-09,0.045477638964953826,225754.97432756625,450.703755303431
2280.0,12683.216760894897,10823952010.493586,424.0155172827907,5.5925115881236055e-05,2.6527931142703536,0.23350657727040774,2.1857077098126224e+16,0.3904268232226875,0.3904268232226875,1017637551348.4248,0.4087039253954637,988078.120492394,987505.9008757286,979436.9138107776,572.2196166653692,8068.987064950953,1.037246797119216,0.0005791238615629018,0.0005791238615629018,0.0005791238615629017,0.008171077314875088,8068.987064950953,-29444718.1092679,-0.002720329698498468,-1.675737868032311,0.8141360711468612,0.0,0.0,289783816902132.5,-4.803054999586398,0.008171077314875208,0.008171077314875208,87338328764322.61,6193677670248.992,8125886625679044.0,-18138106265.748566,0.02645833428286532,-0.20830229089237742,0.10401536870529375,0.008171077314875088,2475491526714755.0,1.0688716481158122e+16,1.069491015882837e+16,1.0601378152393798e+16,750731.9524145316,-18138106265.748566,1.0,449.5656433918167,1.8117846623506198e-09,1.8117846623506198e-09,0.04544311049685312,228704.96139624604,449.5656433918167
2281.0,12796.990888244189,10823984333.480963,423.5408857467091,5.582314148995916e-05,2.6517072304004614,0.23350657729334084,2.2146860915028356e+16,0.3902956195244255,0.3902956195244255,999499445082.6763,0.4016537400831946,1000887.7357106317,1000327.9228903415,992213.5721658055,559.8128202902355,8114.350724536019,1.0363523372206251,0.0005593162952414114,0.0005593162952414115,0.0005593162952414115,0.008111690715471045,8114.350724536019,-29251422.754952006,-0.002702463515627136,-1.6502312234516452,0.8124403658256184,0.0,0.0,293105468179555.25,-4.810379338960986,0.008111690715471243,0.008111690715471243,87829605118747.77,6059405196503.303,8231912600907471.0,-17862076909.26173,0.02606071750025262,-0.2061576889568453,0.1038900268457597,0.008111690715471045,2507791559682391.0,1.0827533765708608e+16,1.0833593170905112e+16,1.0739704160589862e+16,760525.176985369,-17862076909.26173,1.0,448.4429805301475,1.7767084737170895e-09,1.7767084737170895e-09,0.045408746764927344,231688.3951804365,448.4429805301475
2282.0,12911.612789099441,10824015659.58049,423.06678550036986,5.5722179908869594e-05,2.6506333319552957,0.2335065773170988,2.243996638320791e+16,0.390165796643885,0.390165796643885,981637368173.4146,0.39472228397947173,1013842.8212472477,1013295.1653579753,1005134.8743057135,547.6558892724885,8160.291052261827,1.0354765088231384,0.0005401782976563887,0.0005401782976563886,0.0005401782976563885,0.008053222132347757,8160.291052261827,-29059751.073683094,-0.00268474769324284,-1.6249735240733405,0.8107481923667244,0.0,0.0,296460497377036.75,-4.8176428146969625,0.008053222132347937,0.008053222132347937,88327118136416.56,5927835921546.895,8339138483777683.0,-17588738870.973534,0.02566690653559252,-0.2040170419272759,0.10375159364744554,0.008053222132347757,2540457135697827.5,1.0967922737611926e+16,1.0973850573533474e+16,1.087959561947551e+16,770429.270064534,-17588738870.973534,1.0,447.335466353427,1.7423709740094483e-09,1.7423709740094483e-09,0.04537454425296472,234705.60424117948,447.335466353427
2283.0,13027.087235990162,10824046019.534883,422.59321594906197,5.562221960143311e-05,2.64957122583386,0.23350657734167862,2.2736426880584948e+16,0.3900373400490247,0.3900373400490247,964048629302.441,0.3879081041555926,1026944.7919941,1026409.0463553482,1018202.2378479459,535.7456387517279,8206.808507402216,1.0346189784652122,0.000521688841433655,0.000521688841433655,0.0005216888414336551,0.00799565098977214,8206.808507402216,-28869685.79363452,-0.0026671806218794207,-1.599964070708605,0.8090595434139176,0.0,0.0,299849151171122.0,-4.824846302809608,0.007995650989772396,0.007995650989772396,88830872957631.98,5798935448613.814,8447576040429952.0,-17318084730.952305,0.0252768959603155,-0.20188078551452338,0.1036003440403034,0.00799565098977214,2573491839229617.5,1.1109898752617202e+16,1.1115697688065816e+16,1.102106787965957e+16,780445.3182464342,-17318084730.952305,1.0,446.242803980977,1.708755264067401e-09,1.708755264067401e-09,0.0453404995629636,237756.91960151162,446.242803980977
2284.0,13143.41901638451,10824075443.138958,422.1201764987397,5.552324918686932e-05,2.6485207189351563,0.23350657736707717,2.303627603175607e+16,0.38991023536074154,0.38991023536074154,946730544571.4888,0.3812097594638788,1040195.0734028023,1039670.9945262985,1031417.0910169506,524.0788765038332,8253.903509347958,1.0337794146178183,0.0005038274934233323,0.0005038274934233323,0.0005038274934233323,0.00793895718241967,8253.903509347958,-28681209.892498944,-0.0026497607156534615,-1.5752020046189483,0.8073744116262589,0.0,0.0,303271678367814.5,-4.831990677456121,0.007938957182419881,0.007938957182419881,89340874285571.7,5672669297432.995,8557237124966972.0,-17050105336.179218,0.024890678101102126,-0.19974934173547948,0.1034365497386273,0.00793895718241967,2606899281543422.0,1.1253477280795966e+16,1.1259149950093398e+16,1.1164136406510394e+16,790574.4162556754,-17050105336.179218,1.0,445.1646999353874,1.6758448675935637e-09,1.6758448675935637e-09,0.045306609409529575,240842.67476127524,445.1646999353874
2285.0,13260.612932655804,10824103959.268852,421.647666556022,5.542525743765729e-05,2.6474816181581877,0.23350657739329136,2.333954771012389e+16,0.38978446835126174,0.38978446835126174,929680439235.3096,0.3746258211893905,1053595.101548191,1053082.4491417455,1044780.8727067407,512.6524064455115,8301.576435004665,1.0329574876303154,0.00048657440196162786,0.0004865744019616278,0.0004865744019616278,0.007883121062145124,8301.576435004665,-28494306.592192147,-0.00263248641175439,-1.5506863014933354,0.8056927896780982,0.0,0.0,306728329847837.5,-4.839076810964411,0.007883121062145282,0.007883121062145282,89857126358307.0,5549002942335.565,8668133679973173.0,-16784789735.577986,0.024508242951444565,-0.19762311894430484,0.1032604791838492,0.007883121062145124,2640683100860226.5,1.1398673907191706e+16,1.1404222910134042e+16,1.13088167808334e+16,800817.6669950137,-16784789735.577986,1.0,444.1008640634464,1.6436237193884246e-09,1.6436237193884246e-09,0.0452728706146901,243963.20571172706,444.1008640634464
2286.0,13378.673802048514,10824131595.910336,421.1756855281926,5.532823327708734e-05,2.6464537304019564,0.2335065774203182,2.3646276039971724e+16,0.3896600249425476,0.3896600249425476,912895649499.7316,0.3681548737425681,1067146.3231909946,1066644.8601588246,1058295.0325426732,501.4630321699261,8349.827616151482,1.032152869677427,0.00046991028434642854,0.00046991028434642854,0.00046991028434642865,0.007828123425174695,8349.827616151482,-28308959.353726342,-0.002615356169951063,-1.526415765301509,0.8040146702590438,0.0,0.0,310219358515388.5,-4.846105573861579,0.007828123425174804,0.007828123425174804,90379632920389.94,5427901850691.498,8780277737027545.0,-16522125113.695717,0.024129578081805596,-0.19550251184959766,0.10307239748453846,0.007828123425174695,2674846962512561.0,1.1545504332460494e+16,1.1550932234311186e+16,1.1455124699540106e+16,811176.1815927093,-16522125113.695717,1.0,443.0510094589928,1.6120761539598543e-09,1.6120761539598543e-09,0.04523928010300571,247118.85094996387,443.0510094589928
2287.0,13497.606456643716,10824158380.18626,420.70423282319837,5.5232165776858294e-05,2.6454368625654654,0.23350657744815453,2.395649539848711e+16,0.389536891204722,0.389536891204722,896373524386.0359,0.36179551539306076,1080850.195839754,1080359.6882792434,1071961.0309424815,490.5075605105612,8398.657336761911,1.0313652347073403,0.00045381641452122513,0.00045381641452122513,0.00045381641452122513,0.007773945499705732,8398.657336761911,-28125151.872245442,-0.002598368472114085,-1.5023890220248919,0.8023400460739306,0.0,0.0,313745019250145.5,-4.853077834901613,0.007773945499706003,0.007773945499706003,90908397194024.27,5309331521645.11,8893681417210307.0,-16262096723.050573,0.0237546685481526,-0.19338790151761923,0.1028725663535636,0.007773945499705732,2709394559098857.0,1.1693984373503188e+16,1.1699293705024834e+16,1.1603075976309164e+16,821651.0794493074,-16262096723.050573,1.0,442.0148523876709,1.5811868944929533e-09,1.5811868944929533e-09,0.045205834897003916,250309.95149317413,442.0148523876709
2288.0,13617.415743323993,10824184338.383156,420.2333078496489,5.513704415471885e-05,2.644430821547717,0.23350657747679726,2.4270240417737256e+16,0.3894150533545091,0.3894150533545091,880111427662.9854,0.35554635904510645,1094708.1878120366,1094228.4050069058,1085780.339176619,479.782805130908,8448.065830286883,1.0305942583908831,0.00043827461096261345,0.0004382746109626135,0.0004382746109626135,0.007720568933899652,8448.065830286883,-27942868.072214272,-0.002581521821753101,-1.4786045132635746,0.8006689098427878,0.0,0.0,317305568862330.5,-4.859994461092821,0.00772056893389983,0.00772056893389983,91443421849821.17,5193257525123.512,9008356931603854.0,-16004687815.130234,0.02338349679875302,-0.19127965536169586,0.10266124404237596,0.007720568933899652,2744329610636056.0,1.184412996408973e+16,1.1849323221614852e+16,1.175268654223991e+16,832243.4882838905,-16004687815.130234,1.0,440.9921122135314,1.5509410421666304e-09,1.5509410421666304e-09,0.04517253211286887,253536.8508927284,440.9921122135314
2289.0,13738.10652373767,10824209495.977015,419.76291001681597,5.504285777215267e-05,2.6434354142477137,0.23350657750624332,2.4587545986599588e+16,0.38929449775369124,0.38929449775369124,864106739847.8551,0.3494060330548827,1108721.7782949759,1108252.492704838,1099754.4394279367,469.2855901378296,8498.053276901379,1.0298396180717904,0.00042326722476716426,0.0004232672247671643,0.00042326722476716426,0.007667975784255396,8498.053276901379,-27762092.10275515,-0.0025648147435684207,-1.4550604897205688,0.7990012543008076,0.0,0.0,320901266050586.5,-4.866856317724504,0.0076679757842555984,0.0076679757842555984,91984708977154.48,5079645541095.072,9124316581788206.0,-15749879570.054346,0.023016042579158458,-0.18917812711791007,0.10243868527237471,0.007667975784255396,2779655864710545.5,1.1995957155475906e+16,1.2001036801017e+16,1.190397244649875e+16,842954.5441798221,-15749879570.054346,1.0,439.9825113274584,1.521324065804026e-09,1.521324065804026e-09,0.045139368956425896,256799.89524811466,439.9825113274584
2290.0,13859.683674262615,10824233877.658266,419.2930387346324,5.494959613210574e-05,2.642450447564459,0.23350657753648968,2.4908447252650176e+16,0.3891752109075827,0.3891752109075827,848356860277.8008,0.3433731820902823,1122892.457405196,1122433.4446514791,1113884.8248507641,459.0127537167586,8548.619800714954,1.0291009927180312,0.0004087771279339209,0.0004087771279339209,0.00040877712793392087,0.007616148504350154,8548.619800714954,-27582808.33312469,-0.0025482457830162853,-1.4317550045623701,0.7973370721983133,0.0,0.0,324532371362567.5,-4.873664268393398,0.0076161485043502175,0.0076161485043502175,92532260054119.06,4968461399058.148,9241572760331500.0,-15497651024.890772,0.022652282835345372,-0.18708365680719305,0.10220514116331335,0.007616148504350154,2815377096627585.0,1.2149482117013204e+16,1.2154450578412264e+16,1.2056949856959086e+16,853785.3916300299,-15497651024.890772,1.0,438.9857750773742,1.4923217918443917e-09,1.4923217918443917e-09,0.04510634271933989,260099.43322073418,438.9857750773742
2291.0,13982.152085969381,10824257507.356005,418.8236934136915,5.485724887675557e-05,2.6414757283969545,0.23350657756753318,2.5232979624012744e+16,0.3890571794635188,0.3890571794635188,832859209252.91,0.337446468033587,1137221.7262481388,1136772.7650963517,1128172.9996294049,448.9611517870924,8599.765466946948,1.0283780628741903,0.000394787701839184,0.000394787701839184,0.000394787701839184,0.007565069933935338,8599.765466946948,-27405001.34832506,-0.002531813505887219,-1.4086859066559945,0.7956763563007285,0.0,0.0,328199147157984.5,-4.8804191750294255,0.007565069933935575,0.007565069933935575,93086075917101.42,4859671117742.634,9360137951275670.0,-15247979000.627748,0.022292191614988115,-0.1849965706839258,0.10196085915870838,0.007565069933935338,2851497109559259.0,1.230472113675203e+16,1.2309580807869772e+16,1.2211635060834928e+16,864737.1835818447,-15247979000.627748,1.0,438.00163170019425,1.4639203946246956e-09,1.4639203946246956e-09,0.04507345077553793,263435.8160475602,438.00163170019425
2292.0,14105.516664583773,10824280408.261456,418.3548734652466,5.476580578532107e-05,2.640511063644203,0.23350657759937077,2.556117877117073e+16,0.3889403902093613,0.3889403902093613,817611230252.2822,0.33162457092752595,1151711.0969768325,1151271.969315156,1142620.479036089,439.12766167642434,8651.490279067113,1.027670510614896,0.00038128282590061535,0.00038128282590061535,0.00038128282590061535,0.007514723288376009,8651.490279067113,-27228655.94484359,-0.002515516497896873,-1.3858508336826112,0.7940190993885448,0.0,0.0,331901857573991.5,-4.887121897921139,0.007514723288376102,0.007514723288376102,93646156729970.58,4753240945009.785,9480024730617594.0,-15000838027.803493,0.02193573996685235,-0.18291718117115321,0.10170608294821067,0.007514723288376009,2888019734691064.5,1.2461690622038628e+16,1.2466443862983638e+16,1.2368044465308658e+16,875811.0814814183,-15000838027.803493,1.0,437.029812255499,1.4361063869597166e-09,1.4361063869597166e-09,0.04504069057787463,266809.39755467075,437.029812255499
2293.0,14229.782330448976,10824302602.850716,417.88657830120985,5.467525677191247e-05,2.6395562602052074,0.2335065776319994,2.589308062874472e+16,0.38882483007201957,0.38882483007201957,802610392224.4788,0.3259061899652141,1166362.0928501484,1165932.583664336,1157228.7894884336,429.50918581252427,8703.794175902285,1.0269780194992784,0.00036824686642804555,0.00036824686642804555,0.00036824686642804555,0.007465092148422235,8703.794175902285,-27053757.12651524,-0.0024993533642888267,-1.3632472051273092,0.7923652942572911,0.0,0.0,335640768492774.5,-4.893773295740546,0.007465092148422503,0.007465092148422503,94212501952896.0,4649137397938.798,9601245766786188.0,-14756200270.788496,0.02158289583830311,-0.1808457867825133,0.10144105238690097,0.007465092148422235,2924948831367246.0,1.2620407100106332e+16,1.262505623750427e+16,1.2526194598153434e+16,887008.2553177681,-14756200270.788496,1.0,436.0700505608885,1.408866611009852e-09,1.408866611009852e-09,0.04500805965492982,270220.5341706656,436.0700505608885
2294.0,14354.95401848688,10824324112.906809,417.4188073341518,5.458559188342025e-05,2.63861112497897,0.23350657766541597,2.6228721397237496e+16,0.38871048611598724,0.38871048611598724,787854191953.6903,0.32029004452447224,1181176.2482905402,1180756.145635108,1171999.4686063987,420.10265543225296,8756.677028709393,1.026300274526442,0.0003556646656587003,0.0003556646656587003,0.0003556646656587003,0.007416160450301387,8756.677028709393,-26880290.100503147,-0.0024833227294488876,-1.3408722151446282,0.7907149337175012,0.0,0.0,339416147511125.5,-4.900374225567704,0.007416160450301579,0.007416160450301579,94785110310796.23,4547327303091.517,9723813821115334.0,-14514035450.716764,0.021233623970921305,-0.1787826720309795,0.10116600341147107,0.007416160450301387,2962288287234875.0,1.2780887218661004e+16,1.2785434545964094e+16,1.2686102108350208e+16,898329.8836664325,-14514035450.716764,1.0,435.12208312898485,1.3821882294264552e-09,1.3821882294264552e-09,0.044975555608048,273669.58493996627,435.12208312898485
2295.0,14481.036678159122,10824344959.541042,416.95155997730024,5.4496801297442496e-05,2.637675464864494,0.23350657769961733,2.656813754474862e+16,0.3885973455418941,0.3885973455418941,773340156502.9735,0.3147748752470362,1196155.1089413378,1195744.2039070309,1186934.0652688148,410.9050343069661,8810.138638216122,1.0256369620919576,0.0003435215309748911,0.0003435215309748912,0.0003435215309748912,0.007367912476121114,8810.138638216122,-26708240.273391783,-0.002467423236530354,-1.3187228253004628,0.7890680105946846,0.0,0.0,343228263911966.5,-4.906925542914609,0.00736791247612123,0.00736791247612123,95363979761432.45,4447777836950.647,9847741748313226.0,-14274310767.072786,0.020887885794222998,-0.17672810732451055,0.10088116795325203,0.007367912476121114,3000042018386828.5,1.2943147746461486e+16,1.2947595524298436e+16,1.2847783766700054e+16,909777.1537327996,-14274310767.072786,1.0,434.1856491060615,1.3560587167647985e-09,1.3560587167647985e-09,0.04494317610850085,277156.91153601516,434.1856491060615
2296.0,14608.035273427357,10824365163.213722,416.4848356445402,5.4408875320249725e-05,2.6367490867607817,0.23350657773460048,2.6911365808660588e+16,0.3884853956850735,0.3884853956850735,759065845735.9008,0.3093594451631672,1211300.231723585,1210898.3184011008,1202034.1396694717,401.91332248429256,8864.178731629094,1.0249877699453445,0.0003318032243025344,0.0003318032243025345,0.0003318032243025344,0.007320332844572423,8864.178731629094,-26537593.247388713,-0.002451653547089849,-1.2967957571892625,0.7874245177292929,0.0,0.0,347077388637622.5,-4.9134281017489325,0.0073203328445725635,0.0073203328445725635,95949107463145.97,4350456566530.459,9973042496928124.0,-14036990817.922813,0.02054563931748242,-0.17468234884870157,0.10058677384805216,0.007320332844572423,3038213969503681.5,1.3107205573894954e+16,1.3111556030461482e+16,1.3011256466431806e+16,921351.2613950985,-14036990817.922813,1.0,433.26049021225856,1.3304658511553358e-09,1.3304658511553358e-09,0.044910918894801144,280682.87827437307,433.26049021225856
2297.0,14735.954782712923,10824384743.754223,416.0186337504127,5.432180438478651e-05,2.635831797566835,0.23350657777036232,2.7258443197298212e+16,0.3883746240141446,0.3883746240141446,745028854917.9779,0.30404254086217997,1226613.184892448,1226220.0603324014,1217301.2633727908,393.124560046597,8918.796959610596,1.0243523871485445,0.00032049595168917664,0.00032049595168917664,0.0003204959516891766,0.007273406501923403,8918.796959610596,-26368334.816630572,-0.0024360123407333022,-1.2750874849269322,0.7857844479766903,0.0,0.0,350963794264716.5,-4.919882754517146,0.007273406501923652,0.007273406501923652,96540489742250.48,4255331490163.4756,1.009972910981064e+16,-13802037518.795029,0.02020683901965225,-0.17264563843652447,0.10028304474276686,0.007273406501923403,3076808113994538.0,1.3273077713547428e+16,1.327733304503759e+16,1.3176537223805178e+16,933053.4112470719,-13802037518.795029,1.0,432.3463506833626,1.3053977062242714e-09,1.3053977062242714e-09,0.04487878177021232,284247.8521257189,432.3463506833626
2298.0,14864.800198856237,10824403720.380436,415.5529537101139,5.423557904870915e-05,2.634923404181657,0.2335065778068998,2.760940699156293e+16,0.38826501812960956,0.38826501812960956,731226817399.1829,0.29882297370940786,1242095.548093255,1241711.0122623679,1232737.019369143,384.5358308869004,8973.992893224748,1.0237305040353841,0.0003095863530605215,0.0003095863530605215,0.0003095863530605215,0.007227118713294124,8973.992893224748,-26200450.963588696,-0.002420498314771638,-1.253594227519596,0.7841477942071222,0.0,0.0,354887754980671.0,-4.926290352167278,0.007227118713294289,0.007227118713294289,97138122060089.55,4162371078471.7466,1.0227814724573078e+16,-13569410020.210552,0.01987143573738028,-0.17061820342524478,0.09997019999872302,0.007227118713294124,3115828454136964.0,1.3440781300770132e+16,1.3444943671848606e+16,1.3343643178710042e+16,944884.8166403766,-13569410020.210552,1.0,431.4429772141263,1.2808426432547492e-09,1.2808426432547492e-09,0.044846762600312395,287852.20272876654,431.4429772141263
2299.0,14994.576529075252,10824422111.71762,415.0877949394947,5.41501899924585e-05,2.634023713504251,0.23350657784420975,2.79642947465436e+16,0.3881565657624659,0.3881565657624659,717657407378.9723,0.29369958111013206,1257748.912417125,1257372.7681506216,1248343.0021297687,376.14426650350936,9029.76602085295,1.0231218121719938,0.00029906149215477385,0.00029906149215477385,0.00029906149215477385,0.0071814550542033595,9029.76602085295,-26033927.85557138,-0.0024051101838858642,-1.232311941107007,0.7825145493056836,0.0,0.0,358849546561566.5,-4.932651744171343,0.007181455054203534,0.007181455054203534,97741998979757.11,4071544315536.392,1.0357312574045498e+16,-13339064623.852348,0.019539376551123387,-0.16860025650059943,0.09964845459172142,0.0071814550542033595,3155279021215926.5,1.3610333594241182e+16,1.3614405138556716e+16,1.3512591595261426e+16,956846.6997266794,-13339064623.852348,1.0,430.5501189030865,1.256789303580511e-09,1.256789303580511e-09,0.04481485931073803,291496.30240308936,430.5501189030865
2300.0,15125.2887949236,10824439935.816683,414.6231568550599,5.4065628017367593e-05,2.6331325324336188,0.23350657788228915,2.832314429310517e+16,0.38804925477283275,0.38804925477283275,704318342755.12,0.2886712278209985,1273574.8804562557,1273206.9334064405,1264120.8176613604,367.9470498151918,9086.115745080111,1.022526004318199,0.00028890884663442434,0.0002889088466344244,0.0002889088466344244,0.007136401402378782,9086.115745080111,-25868751.841318533,-0.0023898466798011556,-1.2112363110816968,0.780884706172289,0.0,0.0,362849446351361.0,-4.9389677785472,0.007136401402379033,0.007136401402379033,98352114132497.9,3982820740285.4927,1.048823598672899e+16,-13110954697.383999,0.019210604669350977,-0.1665919955283156,0.09931801900874018,0.007136401402378782,3195163875661878.0,1.3781751976523366e+16,1.3785734797263652e+16,1.3683399862390868e+16,968940.2914994949,-13110954697.383999,1.0,429.6675271988726,1.2332266012040282e-09,1.2332266012040282e-09,0.04478306988502023,295180.5261618655,429.6675271988726
2301.0,15256.942032248025,10824457210.171871,414.15903887396746,5.398188404380286e-05,2.6322496678687632,0.2335065779211349,2.868599373945653e+16,0.38794307314859233,0.38794307314859233,691207388057.736,0.2837368073094575,1289575.066358861,1289215.1249398617,1280072.08356031,359.9414189993519,9143.041379551743,1.0219427743898584,0.0002791162983754433,0.0002791162983754433,0.00027911629837544327,0.00709194392982183,9143.041379551743,-25704909.447685517,-0.0023747065509696235,-1.1903627440829678,0.779258257721641,0.0,0.0,366887733242337.0,-4.945239301880285,0.007091943929822042,0.007091943929822042,98968460183788.64,3896170488127.0293,1.0620598387246138e+16,-12885030587.908855,0.01888505931084131,-0.16459360337305057,0.09897909914126314,0.00709194392982183,3235487107187990.0,1.3955053954617916e+16,1.3958950125106042e+16,1.3856085494434128e+16,981166.8318357649,-12885030587.908855,1.0,428.79495584796496,1.2101437156315468e-09,1.2101437156315468e-09,0.04475139236253001,298905.2517245451,428.79495584796496
2302.0,15389.541291145415,10824473951.737953,413.6954404140277,5.389894910933878e-05,2.631374926708687,0.23350657796074392,2.9052881472698864e+16,0.38783800900404486,0.38783800900404486,678322357469.8271,0.2788952431617598,1305751.0958837871,1305398.9712124309,1296198.4290666278,352.12467135636064,9200.542145803052,1.0213718174221522,0.00026967212393417747,0.0002696721239341774,0.0002696721239341774,0.007048069095119445,9200.542145803052,-25542387.37641304,-0.002359688562261449,-1.169686359866218,0.7776351968831997,0.0,0.0,370964687656677.0,-4.951467159344644,0.007048069095119569,0.007048069095119569,99591028799112.36,3811564332861.213,1.0754413296788804e+16,-12661239534.075062,0.018562675585066454,-0.1626052477048282,0.09863189617519713,0.007048069095119445,3276252834926564.0,1.413025716051448e+16,1.413406872484734e+16,1.4030666131715368e+16,993527.5695371875,-12661239534.075062,1.0,427.9321608438888,1.1875300849177462e-09,1.1875300849177462e-09,0.04471982483650927,302670.8595294403,427.9321608438888
2303.0,15523.091635919034,10824490176.946838,413.23236089370266,5.3816814366964835e-05,2.630508115852393,0.23350657800111316,2.942384616035554e+16,0.3877340505785787,0.3877340505785787,665661117935.7521,0.2741454905400454,1322104.606454806,1321760.112287602,1312501.4951175414,344.49416720395664,9258.617170060354,1.0208128295338044,0.0002605649851925938,0.0002605649851925938,0.00026056498519259387,0.007004763635994615,9258.617170060354,-25381172.50097987,-0.0023447914946640837,-1.1492019830471876,0.7760155166011518,0.0,0.0,375080591529079.5,-4.957652194723831,0.007004763635994893,0.007004763635994893,100219810609429.64,3728973728914.7104,1.0889694333563232e+16,-12439525576.82211,0.018243384370667026,-0.16062708079304744,0.09827660647734272,0.007004763635994615,3317465207564633.0,1.4307379351737298e+16,1.4311108325466212e+16,1.4207159541127866e+16,1006023.7623712996,-12439525576.82211,1.0,427.0789003778143,1.1653753989130325e-09,1.1653753989130325e-09,0.044688365452211,306477.73274624185,427.0789003778143
2304.0,15657.598145034413,10824505901.723701,412.7697997321052,5.373547108332454e-05,2.6296490421988827,0.23350657804223948,2.979892675188462e+16,0.3876311862353532,0.3876311862353532,653221592358.9299,0.26948653768906816,1338637.2472146167,1338300.1998808102,1328982.9344007943,337.04733380652766,9317.265480015805,1.020265507892232,0.00025178392018288925,0.00025178392018288925,0.00025178392018288925,0.006962014562088241,9317.265480015805,-25221251.863535605,-0.002330014144989228,-1.128904134721179,0.7743992098343802,0.0,0.0,379235728290339.5,-4.96379525043132,0.006962014562088448,0.006962014562088448,100854795176357.6,3648370853948.997,1.102645521323268e+16,-12219829468.769691,0.017927112192014674,-0.158659239288134,0.09791342147838308,0.006962014562088241,3359128403478801.5,1.448643841188784e+16,1.4490086782741788e+16,1.4385583616711482e+16,1018656.6771123308,-12219829468.769691,1.0,426.2349347905387,1.1436695927067189e-09,1.1436695927067189e-09,0.044657012405105334,310326.25728846353,426.2349347905387
2305.0,15793.065911074546,10824521141.502611,412.3077563489987,5.365491063698542e-05,2.6287975126471594,0.23350657808411984,3.017816248017496e+16,0.3875294044599968,0.3875294044599968,641001762890.1603,0.26491740749309745,1355350.6790785557,1355020.8974092107,1345644.4114076346,329.7816693450193,9376.48600157618,1.0197295506796222,0.00024331833409285892,0.00024331833409285895,0.00024331833409285895,0.006919809147965133,9376.48600157618,-25062612.67191064,-0.002315355325587323,-1.1087870239576338,0.772786269556433,0.0,0.0,383430382851811.5,-4.969897167530496,0.006919809147965306,0.006919809147965306,101495970957064.66,3569728651905.1846,1.116470974935747e+16,-12002088582.25317,0.017613781093861584,-0.1567018439909059,0.09754252755235608,0.006919809147965133,3401246630869307.5,1.4667452351183842e+16,1.4671022079835746e+16,1.4565956380226778e+16,1031427.5895818182,-12002088582.25317,1.0,425.40002652583433,1.1224028402596576e-09,1.1224028402596576e-09,0.04462576393916429,314216.8218258163,425.40002652583433
2306.0,15929.500040694511,10824535911.241665,411.8462301647958,5.357512451673988e-05,2.6279533340962264,0.23350657812675113,3.0561592863026772e+16,0.3874286938593177,0.3874286938593177,628999674307.9071,0.26043715908354376,1372246.5747880233,1371923.880041089,1362487.6024855024,322.69474693430976,9436.277555586476,1.0192046570599214,0.0002351579904538351,0.00023515799045383505,0.00023515799045383502,0.006878134926337065,9436.277555586476,-24905242.296700913,-0.002300813864069307,-1.0888445391698185,0.7711766887554936,0.0,0.0,387664841590646.5,-4.975958785754386,0.006878134926337265,0.006878134926337265,102143325268889.52,3493020876559.477,1.1304471853832554e+16,-11786236816.003082,0.01730330851407938,-0.1547549996097213,0.09716410589257528,0.006878134926337065,3443824127893323.5,1.4850439306994768e+16,1.4853932327871328e+16,1.4748295981725878e+16,1044337.7846889916,-11786236816.003082,1.0,424.5739400851341,1.1015655482201114e-09,1.1015655482201114e-09,0.044594618345230375,318149.8177965108,424.5739400851341
2307.0,16066.905654575628,10824550225.43767,411.3852206005581,5.349610431993577e-05,2.6271163134450854,0.23350657817013032,3.094925770461742e+16,0.3873290431600287,0.3873290431600287,617213437491.904,0.2560448894978564,1389326.61896365,1389010.8347449538,1379514.1958904248,315.78421869609446,9496.638854529014,1.0186905271467273,0.0002272930025134403,0.0002272930025134403,0.00022729300251344035,0.006836979681495976,9496.638854529014,-24749128.268424723,-0.0022863886030353785,-1.0690702393594977,0.7695704604343494,0.0,0.0,391939392335773.0,-4.981980943524975,0.006836979681496103,0.006836979681496103,102796844253692.17,3418222135676.468,1.1445755537322648e+16,-11572204500.467554,0.01699560715448705,-0.15281879450547564,0.09677833238396569,0.006836979681495976,3486865162797515.0,1.5035417544373856e+16,1.5038835766509532e+16,1.4932620700120164e+16,1057388.556470933,-11572204500.467554,1.0,423.7564419835324,1.0811483499168864e-09,1.0811483499168864e-09,0.04456357395943855,322125.6394194919,423.7564419835324
2308.0,16205.287887379025,10824564098.140366,410.9247270779951,5.34178417508366e-05,2.626286257592739,0.23350657821425427,3.134119709695319e+16,0.3872304412074851,0.3872304412074851,605641232991.4365,0.25173973539024164,1406592.5081582027,1406283.4603383061,1396725.8918391068,309.0478198966513,9557.568499199373,1.0181868619720917,0.00021971382479586758,0.00021971382479586758,0.00021971382479586758,0.006796331442951147,9557.568499199373,-24594258.27474939,-0.002272078399810541,-1.0494573452375857,0.767967577610362,0.0,0.0,396254324354514.0,-4.987964477972121,0.006796331442951331,0.006796331442951331,103456512841950.83,3345307935861.8413,1.1588574909694844e+16,-11359918301.78847,0.016690584849767064,-0.1508933004245118,0.0963853774717806,0.006796331442951147,3530374034049833.5,1.522240545658663e+16,1.522575076452249e+16,1.5118948943744678e+16,1070581.2081325045,-11359918301.78847,1.0,422.94730070708977,1.061142099523989e-09,1.061142099523989e-09,0.044532629161678106,326144.68370660243,422.94730070708977
2309.0,16344.651887698463,10824577542.96621,410.46474901946357,5.334032861901031e-05,2.6254629734381907,0.2335065782591199,3.1737451421307704e+16,0.3871328769644365,0.3871328769644365,594281314689.6481,0.24752087479475432,1424045.9509092218,1423743.4675360613,1414124.4025607018,302.4833731603727,9619.064975359463,1.0176933634562135,0.00021241124485290924,0.00021241124485290927,0.00021241124485290927,0.0067561784792637344,9619.064975359463,-24440620.15778574,-0.002257882126186736,-1.0299987302201863,0.7663680333154369,0.0,0.0,400609928339733.0,-4.993910224952101,0.006756178479263908,0.006756178479263908,104122314716608.86,3274254728232.4385,1.1732944180448576e+16,-11149301124.42514,0.016388144434475962,-0.1489785722195088,0.0959854060266664,0.0067561784792637344,3574355070470504.0,1.541142156563569e+16,1.5414695820363924e+16,1.530729925091908e+16,1083917.0520860301,-11149301124.42514,1.0,422.1462866714118,1.0415378663913087e-09,1.0415378663913087e-09,0.04450178237415425,330207.3504746717,422.1462866714118
2310.0,16485.002818012854,10824590573.111729,410.00528584796695,5.326355683774645e-05,2.624646267880442,0.23350657830472418,3.2138061349647436e+16,0.3870363395097907,0.3870363395097907,583132013565.2229,0.2433875289413146,1441688.66779143,1441392.5789986583,1431711.4523482893,296.0887927716171,9681.126650369075,1.0172097343780162,0.00020537637520950011,0.00020537637520950014,0.00020537637520950011,0.006716509292072667,9681.126650369075,-24288201.91144785,-0.0022437986681713134,-1.0106869113003372,0.7647718205959921,0.0,0.0,405006496397517.5,-4.999819019065862,0.006716509292072792,0.006716509292072792,104794232276685.81,3205039955039.678,1.1878877659143132e+16,-10940272012.429039,0.01608818360814903,-0.1470746475584102,0.09557857720604267,0.006716509292072667,3618812631362261.5,1.560248452278208e+16,1.5605689562737118e+16,1.5497690290505394e+16,1097397.409990753,-10940272012.429039,1.0,421.3531721814837,1.0223269295359625e-09,1.0223269295359625e-09,0.04446946525405604,334314.0423575362,421.3531721814837
2311.0,16626.345854638123,10824603201.366486,409.54633698715475,5.3187518422500896e-05,2.623836115722752,0.2335073416562295,3.254306784604495e+16,0.38694081803739194,0.38694081803739194,572191741552.7938,0.23933896412520356,1459522.3914688944,1459232.529379815,1449488.7714885287,289.8620890793034,9743.75789128641,1.016735924024199,0.00019860064550813783,0.00019860064550813783,0.0001986006455081378,0.006677316805312435,9743.75789128641,-24137003.74814973,-0.0022298280407269527,-0.9915285950935925,0.7631789325129296,0.0,0.0,409456282928006.0,-5.005691063320139,0.006677316805312583,0.006677316805312583,105472312863358.83,3137642097402.605,1.2026377728667002e+16,-10732903604.696514,0.01579059479850102,-0.1451815466214533,0.09516504431176506,0.006677316805312435,3663763067532502.0,1.579561310906286e+16,1.5798750751160264e+16,1.5690140796199502e+16,1111022.5016976886,-10732903604.696514,1.0,420.567893990086,1.0035022776380926e-09,1.0035022776380926e-09,0.04443167554172622,338466.2697908402,420.567893990086
2312.0,16768.68618767838,10824615440.125608,409.0879018613214,5.31122054893678e-05,2.6230329944849173,0.23351166297726086,3.295252412897296e+16,0.38684630185481067,0.38684630185481067,561458837948.0973,0.23537449363059243,1477549.0276402994,1477265.226236375,1467458.2436226518,283.80140392448016,9806.982613723148,1.016272617274823,0.00019207579485719096,0.00019207579485719096,0.00019207579485719096,0.006638606554564595,9806.982613723148,-23987056.356021743,-0.002215973074397126,-0.9725746487245813,0.7615893621416039,0.0,0.0,414003565908253.0,-5.011524672259682,0.00663860655456483,0.00663860655456483,106156815421550.98,3072041058850.2524,1.2175415182851814e+16,-10527746559.258842,0.015495364125024686,-0.14329930377008912,0.09474496285267157,0.006638606554564595,3709255978805549.0,1.5990827977078916e+16,1.5993900018137764e+16,1.5884671161657364e+16,1124789.628804636,-10527746559.258842,1.0,419.7908753876446,9.850607612579924e-10,9.850607612579924e-10,0.0443944300140402,342668.61481801583,419.7908753876446
2313.0,16912.02902097671,10824627301.401962,408.6299798954057,5.303761025357799e-05,2.6222368697723257,0.23351970167746572,3.3366527694881212e+16,0.38675278038214694,0.38675278038214694,550931091388.8385,0.23149343629648766,1495771.085560087,1495493.1805740914,1485622.3703559316,277.90498599570265,9870.810218159675,1.0158197496890593,0.00018579379470465022,0.00018579379470465022,0.00018579379470465022,0.0066003712664008665,9870.810218159675,-23838343.728973858,-0.0022022322861763944,-0.9538327622971574,0.7600031025717924,0.0,0.0,418649586946137.5,-5.01732008128337,0.006600371266401117,0.006600371266401117,106847841774448.67,3008217898604.813,1.2326006113294056e+16,-10324884159.733458,0.01520283026500435,-0.1414280641881896,0.09431851542666918,0.0066003712664008665,3755302356434258.5,1.6188156311502764e+16,1.619116452940137e+16,1.6081308469728314e+16,1138700.277625045,-10324884159.733458,1.0,419.02204279337445,9.669934713214995e-10,9.669934713214995e-10,0.04435825892402989,346922.09273088665,419.02204279337445
2314.0,17056.379572065332,10824638796.83794,408.1725705149904,5.296372502802356e-05,2.621447650410907,0.23353134574107254,3.3785177281827348e+16,0.3866602431508462,0.3866602431508462,540606207229.10504,0.22769496201626815,1514191.0987536616,1513918.9280516263,1503983.6800597203,272.1707020352273,9935.247991906113,1.0153771742696753,0.00017974660018755381,0.00017974660018755384,0.00017974660018755384,0.0065626024008382765,9935.247991906113,-23690846.08105334,-0.0021886038440353164,-0.9353056320903718,0.7584201469076655,0.0,0.0,423391284704625.5,-5.023077738108455,0.006562602400838502,0.006562602400838502,107545470869393.16,2946149540613.14,1.2478171080098186e+16,-10124345632.02647,0.01491323315337123,-0.13956798590511368,0.09388588709177544,0.0065626024008382765,3801909012887360.5,1.638762556385494e+16,1.6390571713395554e+16,1.6280080092985548e+16,1152756.347282763,-10124345632.02647,1.0,418.26126865730595,9.49291249850151e-10,9.49291249850151e-10,0.044323076783213455,351227.3327769572,418.26126865730595
2315.0,17201.74307211513,10824649937.716879,407.71567314630107,5.289054222180793e-05,2.620665245226588,0.23354648315230983,3.4208568566531972e+16,0.3865686798025272,0.3865686798025272,530481861597.07855,0.2239781361334226,1532811.5671894536,1532544.9710456042,1522544.6682574141,266.5961438492848,10000.302788190002,1.0149447445671993,0.00017392623434993548,0.00017392623434993548,0.00017392623434993545,0.006525291575207173,10000.302788190002,-23544544.594044514,-0.0021750860055073985,-0.9169958071436589,0.7568404882677559,0.0,0.0,428225779593506.5,-5.028798089524844,0.006525291575207315,0.006525291575207315,108249776953330.83,2885809931913.7207,1.263193041217708e+16,-9926158606.684246,0.014626724042140233,-0.13771922846267762,0.0934472625243967,0.006525291575207173,3849082636246704.0,1.6589262825377116e+16,1.659214863530903e+16,1.6481013048423784e+16,1166959.7155435947,-9926158606.684246,1.0,417.508426527373,9.319452767424456e-10,9.319452767424456e-10,0.044288804648649815,355584.95271381934,417.508426527373
2316.0,17348.124765884768,10824660734.974134,407.2592872162057,5.2818054338820954e-05,2.619889563045299,0.23356500189540605,3.463679434612548e+16,0.3864780800878228,0.3864780800878228,520555702990.3943,0.22034195906070372,1551634.9597946315,1551373.7810617138,1541307.8000090537,261.1787329176354,10065.981052660241,1.0145223146658648,0.0001683248571250316,0.00016832485712503154,0.00016832485712503154,0.00648843056105498,10065.981052660241,-23399421.34381844,-0.0021616771108784643,-0.8989056958843881,0.75526411978493,0.0,0.0,433150360155104.0,-5.034481581334686,0.006488430561055192,0.006488430561055192,108960829859724.92,2827171175023.824,1.2787304228499718e+16,-9730349190.684336,0.014343404069849831,-0.13588195254899038,0.09300282594013673,0.00648843056105498,3896829794767652.0,1.6793094853127094e+16,1.6795922024302116e+16,1.668413402326737e+16,1181312.240778535,-9730349190.684336,1.0,416.76339102938243,9.149470488602502e-10,9.149470488602502e-10,0.04425536964443744,359995.55923051876,416.76339102938243
2317.0,17495.529911669073,10824671199.207813,406.80341215221347,5.274625397633864e-05,2.619120512692967,0.2335867899545898,3.5069944706280584e+16,0.3863884338652326,0.3863884338652326,510825353799.70996,0.21678538867903865,1570663.716779725,1570407.8009984156,1560275.5121507363,255.91578130934522,10132.288847679361,1.0141097391697635,0.00016293480174995069,0.00016293480174995069,0.0001629348017499507,0.006452011280915424,10132.288847679361,-23255459.232372373,-0.0021483755769019838,-0.8810375717864809,0.7536910346063568,0.0,0.0,438162470369048.0,-5.0401286583244245,0.006452011280915548,0.006452011280915548,109678695271529.31,2770204187362.034,1.294431245821019e+16,-9536942028.737106,0.014063345665341894,-0.13405631965710516,0.09255276101916055,0.006452011280915424,3945156940997107.0,1.6999148094478824e+16,1.7001918298666186e+16,1.6889469399207296e+16,1195815.7638226922,-9536942028.737106,1.0,416.0260378473548,8.982883608408731e-10,8.982883608408731e-10,0.04422270450518195,364459.7483280441,416.0260378473548
2318.0,17643.96378124698,10824681340.689169,406.34804738247476,5.267513382364686e-05,2.6183580029955213,0.2336117353140895,3.550810717664963e+16,0.38629973109998733,0.38629973109998733,501288411770.97284,0.21330735317666427,1589900.2517865864,1589649.4472583337,1579450.2153837495,250.80452825273298,10199.23187458431,1.013706873189232,0.00015774859332898494,0.00015774859332898494,0.00015774859332898494,0.006416025805044572,10199.23187458431,-23112641.925290473,-0.0021351798910155236,-0.8633935781418955,0.7521212258934781,0.0,0.0,443259697774135.0,-5.04573976425474,0.006416025805044745,0.006416025805044745,110403434962174.98,2714879097137.708,1.3102974859572862e+16,-9345960354.983433,0.013786604439105222,-0.1322424917656631,0.09209725083552002,0.006416025805044572,3994070415439099.0,1.7207448709974136e+16,1.7210163589071272e+16,1.7097045275011962e+16,1210472.1097257393,-9345960354.983433,1.0,415.2962437042542,8.819612874922462e-10,8.819612874922462e-10,0.04419074714723403,368978.1056580101,415.2962437042542
2319.0,17793.431659828973,10824691169.372688,405.8931923357801,5.2604686660688744e-05,2.6176019427788897,0.23363972595813362,3.595136687442377e+16,0.3862119618629264,0.3862119618629264,491942451415.9894,0.20990675857379015,1609346.9538723417,1609101.1117092972,1598834.2962152222,245.84216304458562,10266.815494075081,1.0133135723274502,0.00015275895757161048,0.00015275895757161048,0.00015275895757161048,0.00638046634817682,10266.815494075081,-22970953.794277593,-0.0021220886060261436,-0.84597573201587,0.7505546868219805,0.0,0.0,448439762332644.0,-5.051315341860059,0.006380466348177016,0.006380466348177016,111135107016293.22,2661165491368.2065,1.326331103775609e+16,-9157426035.855783,0.013513225800870292,-0.13044063103896494,0.09163647778990024,0.00638046634817682,4043576449775020.5,1.7418022594547404e+16,1.7420683760038772e+16,1.7306887487531112e+16,1225283.0893950323,-9157426035.855783,1.0,414.5738863430847,8.659581676327504e-10,8.659581676327504e-10,0.0441594402695662,373551.20682018995,414.5738863430847
2320.0,17943.938846003686,10824700694.90585,405.4388464415592,5.253490535673518e-05,2.616852240869001,0.23367064987095076,3.639980663675642e+16,0.38612511632938556,0.38612511632938556,482785025380.1336,0.20658249328659867,1629006.18934067,1628765.1635004627,1618430.1187555867,241.02584020725135,10335.044744876037,1.0129296926672664,0.00014795882408820377,0.00014795882408820377,0.00014795882408820377,0.006345325266329041,10335.044744876037,-22830379.86439374,-0.002109100335230314,-0.8287859274524179,0.7489914105817631,0.0,0.0,453700505978459.0,-5.056855832853578,0.006345325266329138,0.006345325266329138,111873766031742.69,2609032579981.6997,1.3425340461496056e+16,-8971359604.822376,0.01324324865119855,-0.12865089954413275,0.09117062354529094,0.006345325266329041,4093681169654101.0,1.7630895397181898e+16,1.763350442976188e+16,1.7519021631150156e+16,1240250.5011352487,-8971359604.822376,1.0,413.8588445083596,8.502715892456335e-10,8.502715892456335e-10,0.04412873098412895,378179.617620338,413.8588445083596
2321.0,18095.490651684377,10824709926.638597,404.98500912988027,5.246578286907807e-05,2.616108806091784,0.23370439503676935,3.685350714273487e+16,0.38603918477809784,0.38603918477809784,473813665775.3112,0.20333343103670004,1648880.3034307836,1648643.9507406156,1638240.0263798137,236.35269016796414,10403.92436080187,1.0125550907582335,0.00014334132664220144,0.00014334132664220141,0.00014334132664220141,0.006310595053667073,10403.92436080187,-22690905.765619382,-0.002096213747934177,-0.811825937988692,0.7474313903769102,0.0,0.0,459039882800235.0,-5.062361677935054,0.006310595053667267,0.006310595053667267,112619463304369.12,2558449311448.8984,1.3589082478696524e+16,-8787780289.648884,0.012976707447630242,-0.12687345898323665,0.09069986896513015,0.006310595053667073,4144390597073722.5,1.7846092539074616e+16,1.7848650988386066e+16,1.7733473075770246e+16,1255376.1320896982,-8787780289.648884,1.0,413.15099792792904,8.348943758280079e-10,8.348943758280079e-10,0.044098570474316645,382863.8942901154,413.15099792792904
2322.0,18248.092402054346,10824718873.632513,404.53167983144994,5.2397312241745744e-05,2.615371547273167,0.23374084943981785,3.73125470255351e+16,0.38595415759010504,0.38595415759010504,465025885485.66235,0.20015843283175544,1668971.6218734856,1668739.8020462042,1658266.3432598563,231.81982728129003,10473.458786347883,1.0121896236038568,0.0001388998016761143,0.0001388998016761143,0.00013889980167611433,0.0062762683394411494,10473.458786347883,-22552517.688399486,-0.002083427565341603,-0.7950974185322702,0.7458746194256605,0.0,0.0,464455949816646.0,-5.067833316800289,0.006276268339441393,0.006276268339441393,113372246996792.2,2509384459654.01,1.3754556331024382e+16,-8606706032.762754,0.01271363336600402,-0.12510847043844833,0.09022439405350455,0.0062762683394411494,4195710652370156.0,1.8063639230391332e+16,1.8066148614850984e+16,1.7950266983394538e+16,1270661.759588837,-8606706032.762754,1.0,412.450227295164,8.198195738248974e-10,8.198195738248974e-10,0.044068913680022526,387604.5836710194,412.450227295164
2323.0,18401.749435512324,10824727544.669708,404.0788579776118,5.232948660424028e-05,2.6146403732390784,0.2337799010643249,3.777700297535175e+16,0.385870025247681,0.385870025247681,456419179452.8996,0.1970563484213712,1689282.4523230828,1689055.0279668695,1678511.3757759533,227.4243562131397,10543.652190916211,1.0118331486490653,0.00013462778583912254,0.00013462778583912252,0.00013462778583912252,0.00624233788499342,10543.652190916211,-22415202.34283574,-0.0020707405567795,-0.7786019066514663,0.7443210909603779,0.0,0.0,469946858305415.5,-5.0732711881515185,0.00624233788499351,0.00624233788499351,114132162292427.83,2461806693029.149,1.3921781167562816e+16,-8428153505.262481,0.012454054956370822,-0.12335609412845726,0.0897443778970263,0.00624233788499342,4247647155840591.0,1.8283560485695836e+16,1.8286022292388868e+16,1.816942832340341e+16,1286109.152411707,-8428153505.262481,1.0,411.75641425149576,8.050404410487155e-10,8.050404410487155e-10,0.04403971900726722,392402.2233642462,411.75641425149576
2324.0,18556.467103616847,10824735948.261452,403.6265430003461,5.226229917029627e-05,2.6139151928154467,0.23382143789451887,3.824694983365717e+16,0.3857867783332663,0.3857867783332663,447991025947.63715,0.19402601745409037,1709815.0856731029,1709591.9222958416,1698977.4138140634,223.16337726121935,10614.508481778268,1.0114855237678841,0.00013051901292201234,0.0001305190129220123,0.00013051901292201234,0.006208796580837756,10614.508481778268,-22278946.921222072,-0.0020581515362321856,-0.7623408233220846,0.7427707982275221,0.0,0.0,475510845650530.0,-5.078675729708169,0.006208796580837839,0.006208796580837839,114899251535831.3,2415684632174.953,1.4090776057581116e+16,-8252138115.041801,0.012197998515031516,-0.12161648917454422,0.08925999860803774,0.006208796580837756,4300205829016247.0,1.8505881138133196e+16,1.8508296822765372e+16,1.8390981886597364e+16,1301720.071965748,-8252138115.041801,1.0,411.0694413692975,7.905504359940681e-10,7.905504359940681e-10,0.04401094806069694,397257.3418483153,411.0694413692975
2325.0,18712.250771030373,10824744092.656507,403.174734332269,5.219574323666045e-05,2.6131959148282,0.2338653479146283,3.87224606793077e+16,0.3857044075284142,0.3857044075284142,439738887832.59534,0.19106627046241073,1730571.7972633133,1730352.763272372,1719666.7319565043,219.03399094120795,10686.031315867807,1.0111466072513224,0.00012656741042907512,0.0001265674104290751,0.00012656741042907512,0.006175637443811644,10686.031315867807,-22143739.06364198,-0.0020456593591588242,-0.7463154731723847,0.7412237344876194,0.0,0.0,481146227674875.5,-5.084047378218007,0.006175637443811777,0.006175637443811777,115673554360382.5,2370986899531.82,1.4261560002478446e+16,-8078674009.480917,0.011945488295670579,-0.11988981337484751,0.08877143326882382,0.006175637443811644,4353392295605645.5,1.873062585244447e+16,1.8732996839344004e+16,1.8614952298084092e+16,1317496.2733902845,-8078674009.480917,1.0,410.3891921351093,7.763432079662628e-10,7.763432079662628e-10,0.04398256539708023,402170.4585662197,410.3891921351093
2326.0,18869.10581546269,10824751985.849236,402.72343140663133,5.2129812181892075e-05,2.612482448103267,0.2339115191088817,3.920360690698257e+16,0.38562290361274726,0.38562290361274726,431660213823.11444,0.18817592974784875,1751554.847984888,1751339.8146828562,1740581.590572366,215.03330203158296,10758.224110490204,1.0108162577954698,0.00012276709591993212,0.00012276709591993215,0.00012276709591993218,0.006142853614298931,10758.224110490204,-22009566.82637031,-0.0020332629195701237,-0.7305270442631675,0.7396798930152331,0.0,0.0,486851391427482.5,-5.089386569468355,0.006142853614299115,0.006142853614299115,116455107804239.97,2327682163190.096,1.4434151946955102e+16,-7907774073.104295,0.01169654662796849,-0.11817622298548969,0.0882788578765389,0.006142853614298931,4407212082125739.0,1.895781913688508e+16,1.896014681904827e+16,1.884136402908084e+16,1333439.5065886304,-7907774073.104295,1.0,409.71555093319995,7.624125879498398e-10,7.624125879498398e-10,0.04395453829818119,407142.0839837357,409.71555093319995
2327.0,19027.037627613892,10824759635.587442,402.27263365731886,5.20644994651834e-05,2.611774701466577,0.23395983946150758,3.969045829841005e+16,0.38554225746292553,0.38554225746292553,423752439750.01013,0.18535381020751934,1772766.4852901292,1772555.3268669352,1761724.2368139077,211.1584231939773,10831.09005302747,1.010494334489798,0.00011911237320092915,0.00011911237320092917,0.00011911237320092914,0.006110438353522014,10831.09005302747,-21876418.652843613,-0.002020961147342503,-0.7149766074366737,0.7381392670989346,0.0,0.0,492624788396513.0,-5.094693738297263,0.006110438353522096,0.006110438353522096,117243946415424.4,2285739176104.457,1.4608570789461762e+16,-7739449920.569754,0.011451193981812543,-0.11647587250735113,0.08778244728857806,0.006110438353522014,4461670618237518.0,1.9187485354114704e+16,1.9189771093290812e+16,1.907024140769928e+16,1349551.517193479,-7739449920.569754,1.0,409.04840302946076,7.487525801504817e-10,7.487525801504817e-10,0.04392683656143048,412172.7196204288,409.04840302946076
2328.0,19186.05161111667,10824767049.37998,401.82234051885087,5.199979862520002e-05,2.6110725837440576,0.2340101969567344,4.018308308680656e+16,0.3854624600516251,0.3854624600516251,416012989829.44037,0.18259872012666117,1794208.9441126585,1794001.5376344153,1783096.9055247034,207.40647824327093,10904.63210971188,1.0101806968056644,0.00011559772841609906,0.00011559772841609906,0.00011559772841609904,0.006078385040901813,10904.63210971188,-21744283.34698331,-0.002008753005749789,-0.6996651152650525,0.7366018500412741,0.0,0.0,498464928120837.0,-5.099969318604864,0.006078385040901968,0.006078385040901968,118040102346820.05,2245126811515.705,1.4784835391973724e+16,-7573711885.321786,0.011209448998445053,-0.1147889144773848,0.08728237516814547,0.006078385040901813,4516773236801492.0,1.9419648731122036e+16,1.942189385793355e+16,1.9301608628775216e+16,1365834.047469924,-7573711885.321786,1.0,408.3876345556219,7.353573541500926e-10,7.353573541500926e-10,0.04389943230698634,417262.85805477947,408.3876345556219
2329.0,19346.153182478152,10824774234.504112,401.3725514263796,5.193570327894057e-05,2.610376003761637,0.23406247957879067,4.06815480149274e+16,0.38538350244652764,0.38538350244652764,408439277944.1186,0.17990946195198493,1815884.4477035974,1815680.67309848,1804701.8200649437,203.77460511741685,10978.853033536374,1.009875204585026,0.00011221782607098934,0.00011221782607098935,0.00011221782607098935,0.006046687171484199,10978.853033536374,-21613150.04867461,-0.001996637489194223,-0.6845934006274459,0.7350676351587512,0.0,0.0,504370372174702.0,-5.105213743364593,0.006046687171484266,0.006046687171484266,118843605441831.86,2205814095121.2637,1.4962964589134238e+16,-7410569004.223528,0.010971328500575262,-0.113115499263465,0.08677881392979155,0.006046687171484199,4572525173667442.0,1.965433336824351e+16,1.965653918233863e+16,1.953548976280168e+16,1382288.8371601866,-7410569004.223528,1.0,407.7331324937981,7.222212376205989e-10,7.222212376205989e-10,0.043872299799840864,422412.98290475726,407.7331324937981
2330.0,19507.34777102119,10824781198.012665,400.9232658156894,5.187220712061565e-05,2.609684870345244,0.23411657531190494,4.1185918387102104e+16,0.3853053758093207,0.3853053758093207,401028708939.8951,0.17728483305533155,1837795.2083888403,1837594.9484302572,1826541.1930588936,200.25995858308977,11053.755371363593,1.0095777180293577,0.00010896750501306067,0.00010896750501306066,0.00010896750501306064,0.0060153383534310035,11053.755371363593,-21483008.211221054,-0.0019846136211201337,-0.6697621749407711,0.733536615781786,0.0,0.0,510339728501481.5,-5.110427444634232,0.006015338353431154,0.006015338353431154,119654483311368.12,2167770234385.0251,1.5142977196807838e+16,-7250028998.438928,0.010736847488312513,-0.11145577486185482,0.08627193468470999,0.0060153383534310035,4628931567211692.0,1.98915632473309e+16,1.9893731017565284e+16,1.9771908764019532e+16,1398917.6242738243,-7250028998.438928,1.0,407.08478466135,7.093387095472386e-10,7.093387095472386e-10,0.04384541528577901,427623.56878506916,407.08478466135
2331.0,19669.640818825,10824787946.740936,400.4744831231963,5.1809303920545284e-05,2.608999092320807,0.23417237214030562,4.169625811560358e+16,0.3852280713947082,0.3852280713947082,393778679941.4562,0.17472362649404283,1859943.4282521764,1859746.5685394714,1848617.2270691802,196.85971270505814,11129.341470291103,1.0092880976887597,0.00010584177438668168,0.00010584177438668167,0.0001058417743866817,0.005984332305573975,11129.341470291103,-21353847.580609743,-0.00197268045209503,-0.6551720260672038,0.7320087852546908,0.0,0.0,516371646073905.5,-5.115610853567226,0.005984332305574047,0.005984332305574047,120472761402771.19,2130964645288.597,1.5324892020081852e+16,-7092098250.814106,0.010506019124889049,-0.10980988669645807,0.08576190718560162,0.005984332305573975,4685997457634264.0,2.013136223911889e+16,2.0133493203764176e+16,2.0010889477716116e+16,1415722.1458269563,-7092098250.814106,1.0,406.4424796960556,6.967043939167821e-10,6.967043939167821e-10,0.04381875684006431,432895.0812422239,406.4424796960556
2332.0,19833.037780665385,10824794487.313417,400.02620278594736,5.174698752407481e-05,2.6083185785142553,0.2342297580482213,4.221262976167749e+16,0.38515158054943155,0.38515158054943155,386686581690.6421,0.17222463177265496,1882331.2997486799,1882137.7286855776,1870932.1152022511,193.57106310225012,11205.613483326486,1.0090062044512804,0.00010283580957724858,0.00010283580957724858,0.00010283580957724861,0.005953662855030335,11205.613483326486,-21225658.176436927,-0.0019608370580442196,-0.6408234159212411,0.7304841369356397,0.0,0.0,522464809859620.0,-5.120764400423493,0.005953662855030406,0.005953662855030406,121298463061277.45,2095366976772.6348,1.550872786075159e+16,-6936781780.005605,0.010278854714526602,-0.10817797741909478,0.08524889977092713,0.005953662855030335,4743727786027369.0,2.0373754109840236e+16,2.037584947681701e+16,2.025245564677896e+16,1432704.1385337808,-6936781780.005605,1.0,405.8061070415977,6.843130538303691e-10,6.843130538303691e-10,0.04379230422785163,438227.9766684702,405.8061070415977
2333.0,19997.544123954354,10824800826.150282,399.57842424161976,5.1685251850508815e-05,2.6076432377515166,0.23428862101988043,4.27350945715371e+16,0.385075894711301,0.385075894711301,379749799910.6365,0.16978663560945562,1904961.0062524714,1904770.615023461,1893488.04164904,190.39122901040238,11282.573374420903,1.008731899532424,9.994494815668114e-05,9.994494815668114e-05,9.994494815668114e-05,0.005923323934878078,11282.573374420903,-21098430.274355914,-0.001949082538626194,-0.6267166777942786,0.7289626641966414,0.0,0.0,528617936072105.5,-5.125888514580522,0.005923323934878155,0.005923323934878155,122131609584532.56,2060947133083.5713,1.5694503524322392e+16,-6784083211.549667,0.010055363673906217,-0.1065601867101116,0.08473307930838567,0.005923323934878078,4802127393225816.0,2.061876252713274e+16,2.0620823474265824e+16,2.049663091754821e+16,1449865.3394534525,-6784083211.549667,1.0,405.1755569333496,6.721595860044281e-10,6.721595860044281e-10,0.04376603877535845,443622.7021955875,405.1755569333496
2334.0,20163.165328679173,10824806969.473696,399.13114692851985,5.162409089206265e-05,2.606972978858519,0.2343488490395115,4.326371250760921e+16,0.38500100540823723,0.38500100540823723,372965716699.0868,0.16740842271077627,1927834.7225426617,1927647.4050874924,1916287.1821645852,187.3174551691636,11360.222922907076,1.0084650444648668,9.716468584096599e-05,9.7164685840966e-05,9.7164685840966e-05,0.0058933095818897736,11360.222922907076,-20972154.389921613,-0.0019374160157371641,-0.6128520134162371,0.7274443604235088,0.0,0.0,534829767688271.0,-5.130983624544121,0.005893309581889938,0.005893309581889938,122972220270659.36,2027675294219.2385,1.588223782655912e+16,-6634004746.08407,0.009835553498171664,-0.10495665107869641,0.08421461113746759,0.0058933095818897736,4861201018449192.0,2.0866411065278972e+16,2.086843874057319e+16,2.074343884500831e+16,1467207.4865951461,-6634004746.08407,1.0,404.5507203844682,6.602390156266133e-10,6.602390156266133e-10,0.04373994325097019,449079.69556943927,404.5507203844682
2335.0,20329.906887340876,10824812923.31392,398.68437028558304,5.156349871283129e-05,2.6063077106611923,0.23441033009134304,4.379854227529748e+16,0.3849269042573231,0.3849269042573231,366331711953.00275,0.16508877655546034,1950954.6152310316,1950770.2682174814,1939331.704490098,184.3470135501756,11438.563727383547,1.0082055010883677,9.44906724692544e-05,9.449067246925439e-05,9.449067246925438e-05,0.0058636139343232595,11438.563727383547,-20846821.2637162,-0.0019258366321340667,-0.5992294897696324,0.7259292190158316,0.0,0.0,541099070215176.0,-5.13605015795923,0.005863613934323331,0.005863613934323331,123820312460331.25,1995521934652.267,1.60719495996119e+16,-6486547124.889123,0.009619429722114652,-0.1033675036623278,0.08369365901094285,0.0058636139343232595,4920953297744925.0,2.111672320981715e+16,2.1118718731751804e+16,2.0992902897356824e+16,1484732.319483967,-6486547124.889123,1.0,403.9314891722838,6.485464915367522e-10,6.485464915367522e-10,0.04371400175547735,454599.3850061308,403.9314891722838
2336.0,20497.77430489231,10824818693.515228,398.23809375237255,5.150346944777528e-05,2.6056473419854638,0.2344729521596035,4.433964134551266e+16,0.38485358296386524,0.38485358296386524,359845164828.11365,0.16282648019164397,1974322.8431347485,1974141.3659298068,1962623.768720723,181.47720494168973,11517.597209083868,1.007953131539865,9.19187080130966e-05,9.19187080130966e-05,9.191870801309663e-05,0.005834231229767661,11517.597209083868,-20722421.84765047,-0.0019143435501662999,-0.5858490356708737,0.7244172333869467,0.0,0.0,547424627689442.0,-5.141088541620388,0.005834231229767894,0.005834231229767894,124675901573269.88,1964457840499.6973,1.6263657697744684e+16,-6341709592.907943,0.009406995877005631,-0.10179287402483896,0.08317038503515613,0.005834231229767661,4981388762240709.0,2.136972236155866e+16,2.137168681939916e+16,2.124504645998539e+16,1502441.5796901681,-6341709592.907943,1.0,403.3177558249771,6.370772817056159e-10,6.370772817056159e-10,0.043688199620704804,460182.18903055484,403.3177558249771
2337.0,20666.773098675527,10824824285.741644,397.79231676907904,5.144399730172328e-05,2.604991781657262,0.2345366032285215,4.48870659732021e+16,0.38478103332046537,0.38478103332046537,353503455235.2057,0.16062031704776586,1997941.5575971692,1997762.8522367647,1986165.5276219975,178.7053604045781,11597.324614767243,1.0077077982437812,8.944473862363554e-05,8.944473862363555e-05,8.944473862363555e-05,0.0058051558030436275,11597.324614767243,-20598947.292344376,-0.0019029359506072643,-0.5727104381338389,0.7229083969639102,0.0,0.0,553805238893892.0,-5.146099201482422,0.005805155803043749,0.005805155803043749,125539001139561.81,1934454125299.6902,1.6457381002691364e+16,-6199489859.408916,0.009198253443427711,-0.10023288795262335,0.08264494960900964,0.0058051558030436275,5042511836214101.0,2.1625431840045028e+16,2.1627366294170324e+16,2.1499892838905464e+16,1520337.0113239503,-6199489859.408916,1.0,402.7094136085551,6.258267689868424e-10,6.258267689868424e-10,0.043662523315897595,465828.5162980475,402.7094136085551
2338.0,20836.90879835869,10824829705.482502,397.3470387765199,5.138507654839104e-05,2.604340938502516,0.23460117128232535,4.544087121209598e+16,0.38470924720610183,0.38470924720610183,347303965375.79675,0.1584690717595516,2021812.9027595927,2021636.8739169787,2009959.1268978151,176.02884261409662,11677.747019163548,1.0074693639025114,8.70648527239257e-05,8.70648527239257e-05,8.706485272392568e-05,0.005776382084156183,11677.747019163548,-20476388.935498197,-0.0018916130315775246,-0.5598133385270299,0.7214027031874682,0.0,0.0,560239713776998.0,-5.151082562670676,0.005776382084156428,0.005776382084156428,126409622826151.31,1905482244550.777,1.6653138428662546e+16,-6059884056.4127245,0.008993201800414165,-0.09868766724855543,0.08211751136152443,0.005776382084156183,5104326834986597.0,2.1883874886475296e+16,2.1885780368719844e+16,2.1757465263649144e+16,1538420.3614979875,-6059884056.4127245,1.0,402.10635651410735,6.147904471196114e-10,6.147904471196114e-10,0.043636960361238986,471538.76539982745,402.10635651410735
2339.0,21008.1869458725,10824834958.05783,396.90225921613825,5.132670152941639e-05,2.6036947213471535,0.23466654430524372,4.6001110925872984e+16,0.3846382165852205,0.3846382165852205,341244081319.38403,0.15637153101457202,2045939.0157866033,2045765.5707395019,2034006.7054124982,173.4450471013505,11758.865327003688,1.0072376914871093,8.477527715295365e-05,8.477527715295365e-05,8.477527715295365e-05,0.005747904596298931,11758.865327003688,-20354738.291173432,-0.0018803740075521147,-0.5471572285366367,0.7199001455120286,0.0,0.0,566726870061622.0,-5.156039049491328,0.005747904596299036,0.005747904596299036,127287776458843.66,1877514009164.6858,1.6850948927024326e+16,-5922886695.017423,0.008791838171132858,-0.09715732952323644,0.08158822708787809,0.005747904596298931,5166837962648922.0,2.214507466613209e+16,2.2146952180141256e+16,2.201778688967325e+16,1556693.3807596534,-5922886695.017423,1.0,401.50847924534656,6.039639169617378e-10,6.039639169617378e-10,0.04361149924791796,477313.3246528448,401.50847924534656
2340.0,21180.613095345947,10824840048.623575,396.4579775300027,5.1268866653410045e-05,2.603053039017104,0.23473261028150505,4.656783779593461e+16,0.3845679335068352,0.3845679335068352,335321194624.36664,0.15432648441585797,2070322.0270474548,2070151.0756440468,2058310.3953693828,170.95140340813964,11840.680274663859,1.0070126442281593,8.257237336741199e-05,8.257237336741197e-05,8.257237336741197e-05,0.005719717953908312,11840.680274663859,-20233987.039909177,-0.0018692181084451233,-0.5347414459456592,0.7184007174056328,0.0,0.0,573265530030318.0,-5.1609690854414545,0.005719717953908576,0.005719717953908576,128173470040128.53,1850521597980.8347,1.705083149066894e+16,-5788490619.73145,0.008594157565336363,-0.09564198798321347,0.08105725168382538,0.005719717953908312,5230049309623779.0,2.240905427033285e+16,2.2410904791930828e+16,2.228088080029272e+16,1575157.8234947708,-5788490619.73145,1.0,400.91567720642746,5.933428829347081e-10,5.933428829347081e-10,0.04358612936427564,483152.5718746119,400.91567720642746
2341.0,21354.19281304164,10824844982.176662,396.0141931608062,5.1211566395021916e-05,2.6024158003382953,0.23479925719533778,4.714110332596493e+16,0.3844983901036378,0.3844983901036378,329532704004.6352,0.15233272536594616,2094964.060255791,2094795.5148796223,2082872.322448172,168.5453761686361,11923.192431450329,1.0067940856068447,8.045263370678398e-05,8.045263370678397e-05,8.045263370678398e-05,0.005691816860766716,11923.192431450329,-20114127.019606035,-0.0018581445787652733,-0.5225651702395342,0.7169044123499272,0.0,0.0,579854517475413.0,-5.165873093219075,0.005691816860766918,0.005691816860766918,129066709763111.84,1824477569488.1384,1.7252805158095838e+16,-5656686960.927715,0.008400152718767989,-0.09414175121585214,0.08052473807841422,0.005691816860766716,5293964850071906.0,2.2675836717930856e+16,2.2677661195500348e+16,2.2546770008167744e+16,1593815.4483046131,-5656686960.927715,1.0,400.3278464900421,5.82923149663857e-10,5.82923149663857e-10,0.04356084092751189,489056.87414355885,400.3278464900421
2342.0,21528.931677290562,10824849763.559898,395.57090555186534,5.1154795294022503e-05,2.6017829141366557,0.23486637303097052,4.7720957843440344e+16,0.3844295785911174,0.3844295785911174,323876017043.70746,0.15038905197263888,2119867.232569809,2119701.008103678,2107694.605903129,166.2244661311957,12006.402200549008,1.0065818793462,7.84126777268452e-05,7.841267772684522e-05,7.841267772684523e-05,0.0056641961081530775,12006.402200549008,-19995150.217115264,-0.0018471526768367441,-0.5106274180465328,0.7154112238401346,0.0,0.0,586492654802746.0,-5.1707514947328805,0.005664196108153274,0.005664196108153274,129967500021817.97,1799354872898.144,1.7456889017220178e+16,-5527465085.508212,0.008209814029700228,-0.09265672297057495,0.07999083716491706,0.0056641961081530775,5358588439146781.0,2.2945444956388776e+16,2.294724431126167e+16,2.281547745636696e+16,1612668.0183577202,-5527465085.508212,1.0,399.7448838657862,5.727006187984203e-10,5.727006187984203e-10,0.043535624920541194,495026.5875454087,399.7448838657862
2343.0,21704.835278426264,10824854397.466724,395.12811414712047,5.109854795439934e-05,2.6011542892381145,0.2349338457726317,4.830745049824309e+16,0.3843614912666893,0.3843614912666893,318348551958.1992,0.1484942679776735,2145033.6546548414,2144869.6684437077,2132779.358624045,163.9862111334905,12090.309819663034,1.006375889402558,7.644924860625449e-05,7.644924860625446e-05,7.644924860625445e-05,0.005636850573040002,12090.309819663034,-19877048.760475993,-0.0018362416740799487,-0.4989270384221296,0.7139211453850262,0.0,0.0,593178760278692.0,-5.1756047111120065,0.005636850573040086,0.005636850573040086,130875843418114.52,1775126858712.2715,1.766310220892475e+16,-5400812545.878839,0.00802312949275967,-0.09118700193620374,0.07945569772990253,0.005636850573040002,5423923810103001.0,2.3217901862445864e+16,2.321967698930458e+16,2.308702601902775e+16,1631717.301718011,-5400812545.878839,1.0,399.1666867687979,5.626712859975548e-10,5.626712859975548e-10,0.04351047303358402,501062.0569060337,399.1666867687979
2344.0,21881.909218718603,10824858888.445827,394.6858183911336,5.1042819043467946e-05,2.600529834468599,0.2350015634045498,4.890062925852178e+16,0.38429412050883227,0.38429412050883227,312947739412.3204,0.14664718370942298,2170465.4307101723,2170303.602523128,2158128.6871617693,161.82818704407654,12174.915361358839,1.0061759799571774,7.45592096305015e-05,7.45592096305015e-05,7.455920963050153e-05,0.005609775216335934,12174.915361358839,-19759814.911748283,-0.001825410854347431,-0.4874627079840274,0.7124341705068934,0.0,0.0,599911645410821.0,-5.180433162715516,0.00560977521633621,0.00560977521633621,131791740765480.88,1751767288925.1458,1.7871463930370004e+16,-5276715027.306772,0.007840084630186327,-0.08973268151417228,0.07891946638037857,0.005609775216335934,5489974571262999.0,2.3493230242398484e+16,2.349498200968741e+16,2.3361438501633004e+16,1650965.0716505449,-5276715027.306772,1.0,398.5931532886562,5.528312380696817e-10,5.528312380696817e-10,0.04348537761013049,507163.6155112244,398.5931532886562
2345.0,22060.159112306897,10824863240.905596,394.2440177290892,5.098760329099723e-05,2.599909458654039,0.23506941391095343,4.95005409039326e+16,0.384227458776236,0.384227458776236,307671024385.0136,0.14484661706067636,2196164.658461784,2196004.9104531007,2183744.6917199595,159.74800868345793,12260.218733140986,1.005982015408065,7.273954075708834e-05,7.273954075708834e-05,7.273954075708834e-05,0.005582965081171581,12260.218733140986,-19643441.060393862,-0.0018146595133104438,-0.47623292590614846,0.7109502927415193,0.0,0.0,606690112453094.0,-5.185237269141851,0.005582965081171731,0.005582965081171731,132715191089840.03,1729250347005.4316,1.8081993438075756e+16,-5155156293.750384,0.007660662420654868,-0.08829384958739606,0.07838228746894255,0.005582965081171581,5556744202846355.0,2.3771452832011956e+16,2.377318208235896e+16,2.363873764092211e+16,1670413.1069061928,-5155156293.750384,1.0,398.02418215854993,5.43176650253621e-10,5.43176650253621e-10,0.0434603315969222,513331.58481376653,398.02418215854993
2346.0,22239.590585132457,10824867459.118456,393.8027116067923,5.0932895488348905e-05,2.5992930706203614,0.23513728527607095,5.01072310163857e+16,0.38416149860695636,0.38416149860695636,302515868091.26324,0.14309139449248662,2222133.429122583,2221975.6857918454,2209629.4661145722,157.74333073768435,12346.21967727325,1.0057938603619747,7.098733526544798e-05,7.098733526544796e-05,7.098733526544796e-05,0.005556415291229178,12346.21967727325,-19527919.717160698,-0.0018039869578921376,-0.46523600877689003,0.7094695056381514,0.0,0.0,613512952027142.0,-5.190017449237981,0.0055564152912293,0.0055564152912293,133646191627643.16,1707550647795.3193,1.829471005078721e+16,-5036118132.219105,0.007484843225784918,-0.08687058828461071,0.07784430301687943,0.005556415291229178,5624236053665712.0,2.4052592296080564e+16,2.4054299846728356e+16,2.391894610445292e+16,1690063.1919863778,-5036118132.219105,1.0,397.45967274469683,5.337037836310207e-10,5.337037836310207e-10,0.04343532849766363,519566.2741281945,397.45967274469683
2347.0,22420.209274870795,10824871547.225058,393.36189947066845,5.087869048763088e-05,2.598680579193496,0.2352050654841309,5.072074396841284e+16,0.38409623261758075,0.38409623261758075,297479749959.0441,0.14138035206501082,2248373.827321582,2248218.015472905,2235785.097702541,155.81184867748888,12432.917770363678,1.005611379626605,6.929979649474157e-05,6.929979649474157e-05,6.929979649474158e-05,0.00553012104911385,12432.917770363678,-19413243.508430853,-0.0017933925057436284,-0.4544700853295759,0.7079918027594725,0.0,0.0,620378940851788.0,-5.1947741211085185,0.005530121049114101,0.005530121049114101,134584737821398.58,1686643247469.4856,1.850963315213696e+16,-4919580295.74907,0.007312604714446979,-0.08546297374000753,0.07730565263515234,0.00553012104911385,5692453337693072.0,2.433667122765143e+16,2.4338357870898896e+16,2.420208648983003e+16,1709917.1173889707,-4919580295.74907,1.0,396.8995250360303,5.244089826604969e-10,5.244089826604969e-10,0.04341036233015738,525867.9803135701,396.8995250360303
2348.0,22602.020830863225,10824875509.238338,392.921580767763,5.082498320086411e-05,2.598071893199371,0.23527264251936186,5.134112290926462e+16,0.3840316535024011,0.3840316535024011,292560169663.29504,0.13971233649621706,2274887.9310033596,2274733.9797036634,2262213.6672809348,153.95129969596803,12520.312422728415,1.0054344382029667,6.767423467232797e-05,6.767423467232799e-05,6.767423467232799e-05,0.00550407763476566,12520.312422728415,-19299405.170994613,-0.0017828754847595066,-0.4439330910487695,0.7065171776815732,0.0,0.0,627286839573402.0,-5.199507702124676,0.005504077634765903,0.005504077634765903,135530823312805.34,1666503653694.296,1.8726782193113772e+16,-4805520445.034298,0.007143921784976947,-0.0840710758480164,0.07676647344323516,0.00550407763476566,5761399130499865.0,2.4623712146926444e+16,2.4625378650580144e+16,2.4488181323613636e+16,1729976.6798363328,-4805520445.034298,1.0,396.34363963412954,5.152886728247418e-10,5.152886728247418e-10,0.043385427586573044,532236.987444602,396.34363963412954
2349.0,22785.030914047773,10824879349.047476,392.4817549457399,5.0771768599162836e-05,2.5974669214639143,0.23533990436599223,5.1968409748838024e+16,0.3839677540325962,0.3839677540325962,287754649218.26074,0.1380862062492776,2301677.811299018,2301525.6518353405,2288917.248957791,152.15946367777477,12608.402877549599,1.0052629012779457,6.610806383535463e-05,6.610806383535462e-05,6.61080638353546e-05,0.005478280403911679,12608.402877549599,-19186397.547217038,-0.0017724352326296666,-0.4336227626598629,0.7050456239939243,0.0,0.0,634235390690170.0,-5.204218608932989,0.0054782804039118504,0.0054782804039118504,136484439933657.42,1647107836127.6836,1.8946176694347776e+16,-4693914088.793665,0.0069787664853868114,-0.08269495801309916,0.07622689998573946,0.005478280403911679,5831076365573973.0,2.491373749985541e+16,2.4915384607691532e+16,2.477725305992175e+16,1750243.6824863942,-4693914088.793665,1.0,395.79191774340705,5.063393583826369e-10,5.063393583826369e-10,0.04336051919666617,538673.5664713965,395.79191774340705
2350.0,22969.24519688979,10824883070.42168,392.04242145288157,5.071904171192794e-05,2.5968655728130554,0.23540673900825054,5.260264513952819e+16,0.38390452705542283,0.38390452705542283,283060735129.4671,0.13650083264942492,2328745.532369819,2328595.0982056065,2315897.909995766,150.4341642127831,12697.188209840544,1.0050966342170455,6.459879884759053e-05,6.459879884759053e-05,6.459879884759054e-05,0.005452724786556872,12697.188209840544,-19074213.58056547,-0.0017620710964245494,-0.42353663250581736,0.7035771352993487,0.0,0.0,641223316563937.0,-5.208907257463884,0.005452724786557006,0.005452724786557006,137445577694660.67,1628432237399.9907,1.9167836248221364e+16,-4584734522.915631,0.0068171079316705074,-0.08133467689443619,0.07568706414679237,0.005452724786556872,5901487830516756.0,2.520676965643278e+16,2.5208398088670176e+16,2.506932407873812e+16,1770719.9351276397,-4584734522.915631,1.0,395.2442611615433,4.975576202190625e-10,4.975576202190625e-10,0.043335632493667786,545177.9748681262,395.2442611615433
2351.0,23154.669363311976,10824886677.013922,391.60357973808823,5.066679762605312e-05,2.596267756072722,0.23547303443036532,5.324386845609213e+16,0.38384196549341476,0.38384196549341476,278476000606.55145,0.13495510103100233,2356093.1512245256,2355944.3779548584,2343157.7106296276,148.77326966714003,12786.667325230834,1.0049355025573072,6.314405251329665e-05,6.314405251329665e-05,6.314405251329665e-05,0.005427406285512839,12786.667325230834,-18962846.31146958,-0.0017517824322111557,-0.4136720228157607,0.702111705213993,0.0,0.0,648249317513640.0,-5.213574062940253,0.005427406285513081,0.005427406285513081,138414224772300.48,1610453784715.6235,1.9391780520814244e+16,-4477952768.431727,0.0066589122242861325,-0.07999028214540103,0.07514709506212497,0.005427406285512839,5972636163122852.0,2.5502830908709396e+16,2.5504441362494116e+16,2.5364416683937096e+16,1791407.2543587615,-4477952768.431727,1.0,394.7005722701621,4.889401137857479e-10,4.889401137857479e-10,0.04331076318265037,551750.4562708663,394.7005722701621
2352.0,23341.309108623827,10824890172.364492,391.1652292508766,5.061503148514373e-05,2.5956733800688423,0.23553867861656505,5.389211777360577e+16,0.3837800623435906,0.3837800623435906,273998047838.11972,0.1334479119153993,2383722.717511418,2383575.5428170934,2370698.70385851,147.17469432456812,12876.838958583472,1.004779372000424,6.174153278960945e-05,6.174153278960945e-05,6.174153278960945e-05,0.0054023204749636886,12876.838958583472,-18852288.873487536,-0.00174156860469741,-0.4040260398714726,0.7006493273673007,0.0,0.0,655312069984695.0,-5.218219439885603,0.0054023204749638065,0.0054023204749638065,139390367493890.45,1593149902214.7656,1.9618029253689956e+16,-4373537508.384048,0.006504142362891567,-0.0786618161477311,0.07460711902883377,0.0054023204749636886,6044523847345271.0,2.5801943468529116e+16,2.580353661843133e+16,2.5662553101035228e+16,1812307.463753673,-4373537508.384048,1.0,394.16075402575694,4.804835671270723e-10,4.804835671270723e-10,0.04328590731118531,558391.240104837,394.16075402575694
2353.0,23529.170139450554,10824893559.904495,390.7273694413799,5.056373848874796e-05,2.595082353627345,0.2356035595510782,5.454742984359046e+16,0.3837188106766699,0.3837188106766699,269624510329.73566,0.13197818222052715,2411636.273285875,2411490.636886264,2398522.93521381,145.6363996107173,12967.701672454408,1.0046281084060245,6.0389040098607595e-05,6.0389040098607595e-05,6.0389040098607595e-05,0.005377462999067832,12967.701672454408,-18742534.48975415,-0.0017314289869026216,-0.39459556807389196,0.6991899954019841,0.0,0.0,662410224789165.0,-5.222843802132238,0.005377462999067939,0.005377462999067939,140373990320914.47,1576498524233.7312,1.9846602265530984e+16,-4271455023.609929,0.006352758159417223,-0.07734931374031821,0.0740672594127815,0.005377462999067832,6117153209148213.0,2.610412946500011e+16,2.6105705963524348e+16,2.5963755474679196e+16,1833422.3940125362,-4271455023.609929,1.0,393.62470995084897,4.72184778985224e-10,4.72184778985224e-10,0.043261061242128473,565100.5412012737,393.62470995084897
2354.0,23718.258173661667,10824896842.959204,390.28999976034663,5.051291389160026e-05,2.5944945855741595,0.2356675652181333,5.520984006837963e+16,0.3836582036362977,0.3836582036362977,265353055306.12573,0.1305448465024511,2439835.8527543596,2439691.6963589466,2426632.4425035412,144.15639541326811,13059.253855405437,1.004481577785147,5.908446473992432e-05,5.908446473992431e-05,5.908446473992431e-05,0.005352829570595078,13059.253855405437,-18633576.469688904,-0.001721362959852007,-0.3853772639158884,0.6977337029739963,0.0,0.0,669542405411984.0,-5.227447562829208,0.005352829570595352,0.005352829570595352,141365075830781.12,1560478109601.4646,2.0077519453629016e+16,-4171669127.511356,0.0062047161495368455,-0.07605280194254968,0.0735276365536052,0.005352829570595078,6190526412249948.0,2.6409410941709744e+16,2.6410971419819344e+16,2.6268045865878964e+16,1854753.8830994,-4171669127.511356,1.0,393.09234412539,4.640406169796127e-10,4.640406169796127e-10,0.04323622162831531,571878.5594041414,393.09234412539
2355.0,23908.578940298758,10824900024.751337,389.8531196591403,5.046255300287666e-05,2.593909984735213,0.2357305836019589,5.587938247379162e+16,0.3835982344382769,0.3835982344382769,261181386178.61438,0.12914685822976502,2468323.4819955043,2468180.749253994,2455029.255533815,142.73274151037793,13151.493720179085,1.0043396462938838,5.782578440447616e-05,5.782578440447615e-05,5.782578440447616e-05,0.005328415969597898,13151.493720179085,-18525408.205943365,-0.0017113699122933857,-0.3763675498631621,0.6962804437525043,0.0,0.0,676707206378506.0,-5.232031134450178,0.005328415969598099,0.005328415969598099,142363604697083.62,1545067657108.5164,2.031080079523558e+16,-4074141099.829344,0.0060599695026125975,-0.07477229967214638,0.07298836766730325,0.005328415969597898,6264645453757668.0,2.6717809853690332e+16,2.671935492134744e+16,2.657544624899325e+16,1876303.776366946,-4074141099.829344,1.0,392.56356117839204,4.5604801585584737e-10,4.5604801585584737e-10,0.043211385389098966,578725.4791668688,392.56356117839204
2356.0,24100.138179502945,10824903108.404205,389.41672858973834,5.041265118546183e-05,2.5933284599364352,0.2357925026867834,5.655608968017012e+16,0.38353889636980854,0.38353889636980854,257107245078.78503,0.12778319109126135,2497101.1786590302,2496959.8151099104,2483715.395808165,141.36354911992436,13244.419301745507,1.0042021802272192,5.661106178958999e-05,5.6611061789589976e-05,5.661106178958999e-05,0.005304218042116356,13244.419301745507,-18418023.17156939,-0.0017014492404343147,-0.36756260814956865,0.6948302114198609,0.0,0.0,683903191679424.0,-5.236594928800936,0.005304218042116449,0.005304218042116449,143369555668473.6,1530246722283.3198,2.054646634877875e+16,-3978829619.4914227,0.005918467930169379,-0.0735078174574496,0.07244956674637444,0.005304218042116356,6339512159696436.0,2.702934806414366e+16,2.703087831086594e+16,2.6885978508475188e+16,1898073.9266688628,-3978829619.4914227,1.0,392.03826627979925,4.482039757999781e-10,4.482039757999781e-10,0.04318654968851776,585641.469139302,392.03826627979925
2357.0,24292.941642441852,10824906096.944798,388.9808260047318,5.036320385522772e-05,2.592749920003753,0.23585321045683535,5.7239992871849544e+16,0.383480182788741,0.383480182788741,253128415459.2936,0.1264528403374221,2526170.9516430977,2526030.904660516,2512692.8762052874,140.04698258184663,13338.028455228658,1.0040690460130313,5.543844231553522e-05,5.543844231553523e-05,5.5438442315535246e-05,0.005280231698915502,13338.028455228658,-18311414.917390764,-0.0016916003476980688,-0.3589583744877404,0.6933829996715777,0.0,0.0,691128893249056.0,-5.241139357027027,0.005280231698915672,0.005280231698915672,144382905546227.9,1515995435608.9536,2.0784536254950364e+16,-3885690696.5417347,0.005780157592971662,-0.07225935714412385,0.071911344457486,0.005280231698915502,6415128180434011.0,2.73440473409306e+16,2.734556333636621e+16,2.7199664435384376e+16,1920066.1944602507,-3885690696.5417347,1.0,391.5163651325802,4.4050556081404657e-10,4.4050556081404657e-10,0.04316171191501117,592626.6817450366,391.5163651325802
2358.0,24486.99509123598,10824908993.306728,388.5454113573244,5.031420648032344e-05,2.592174273763096,0.23591259489634325,5.79311217650986e+16,0.38342208712282616,0.38342208712282616,249242724762.75186,0.1251548241562236,2555534.8007506537,2555396.019489468,2541963.7006357475,138.7812611856936,13432.318853720573,1.0039401102062901,5.430615194319739e-05,5.430615194319738e-05,5.430615194319737e-05,0.005256452914254817,13432.318853720573,-18205577.069562607,-0.0016818226444970117,-0.35055053170151995,0.6919388022162971,0.0,0.0,698382809493382.0,-5.245664829620965,0.0052564529142549166,0.0052564529142549166,145403629160603.34,1502294522311.4648,2.1025030737667916e+16,-3794677603.224239,0.005644981006749398,-0.07102691159624563,0.07137380803664815,0.005256452914254817,6491494986003242.0,2.766192935283176e+16,2.7663431647354068e+16,2.7516525723671156e+16,1942282.447886457,-3794677603.224239,1.0,390.9977639650582,4.329498971493237e-10,4.329498971493237e-10,0.043136869662527166,599681.2527492907,390.9977639650582
2359.0,24682.304298884508,10824911800.333141,388.1104841013319,5.026565458047631e-05,2.5916014300403933,0.23597054398953557,5.862950457459198e+16,0.3833646028689835,0.3833646028689835,245448047159.52762,0.12388818508372698,2585194.716325266,2585057.1516641104,2571529.8636781205,137.56466115530253,13527.287985989966,1.0038152394834192,5.321249509237907e-05,5.3212495092379065e-05,5.321249509237908e-05,0.005232877724688554,13527.287985989966,-18100503.327303972,-0.00167211554802201,-0.34233450328087894,0.6904976127757657,0.0,0.0,705663403864451.0,-5.25017175642951,0.0052328777246886116,0.0052328777246886116,146431699346047.5,1489125323848.8645,2.126797010491471e+16,-3705740804.226371,0.00551287694664313,-0.06981046439176321,0.0708370611818769,0.005232877724688554,6568613861323649.0,2.798301566558441e+16,2.7984504790908256e+16,2.783658396623836e+16,1964724.5628606582,-3705740804.226371,1.0,390.48236952345803,4.255341717938947e-10,4.255341717938947e-10,0.043112020712973154,606805.3008174624,390.48236952345803
2360.0,24878.875049190792,10824914520.77948,387.67604369118163,5.021754372630383e-05,2.5910312976615715,0.23602694572064087,5.933516797845643e+16,0.3833077235925727,0.3833077235925727,241742306355.30124,0.12265199144989364,2615152.6788669503,2615016.283349148,2601393.350195055,136.39551780230562,13622.933154092938,1.0036943006368408,5.21558526599681e-05,5.2155852659968115e-05,5.215585265996813e-05,0.005209502227896472,13622.933154092938,-17996187.46079018,-0.0016624784820466474,-0.33430544686459773,0.6890594250848066,0.0,0.0,712969103478147.0,-5.254660546660567,0.005209502227896734,0.005209502227896734,147467086915348.84,1476469821227.414,2.1513374749461836e+16,-3618827886.140257,0.005383780350411768,-0.06860998951231449,0.07030120394332683,0.005209502227896472,6646485901323790.0,2.830732773770098e+16,2.830880420752221e+16,2.8159860650785628e+16,1987394.4231305306,-3618827886.140257,1.0,389.9700890646795,4.18255631011506e-10,4.18255631011506e-10,0.043087163019825514,613998.9270645244,389.9700890646795
2361.0,25076.713136687107,10824917157.316206,387.24208958191133,5.016986953863633e-05,2.59046378545256,0.23608168807388763,6.004813708193458e+16,0.3832514429266728,0.3832514429266728,238123478469.16098,0.12144533886004649,2645410.6586283413,2645275.386400481,2631556.134929589,135.27222785995184,13719.25147089195,1.0035771605697061,5.113468013699287e-05,5.113468013699288e-05,5.113468013699286e-05,0.005186322581544229,13719.25147089195,-17892623.30919274,-0.0016529108767451123,-0.32645824765411574,0.6876242328912917,0.0,0.0,720298297772253.0,-5.259131608890193,0.0051863225815445,0.0051863225815445,148509760632793.88,1464310660269.58,2.1761265149474316e+16,-3533883486.1784205,0.005257622220462991,-0.06742545102740195,0.06976633261087958,0.005186322581544229,6725112005965711.0,2.8634886916072824e+16,2.8636351226733096e+16,2.8486377155440028e+16,2010293.9203342164,-3533883486.1784205,1.0,389.4608303492956,4.111115789288566e-10,4.111115789288566e-10,0.04306229469290357,621262.2145953726,389.4608303492956
2362.0,25275.824366559187,10824919712.53141,386.8086212291691,5.0122627687850195e-05,2.589898802239288,0.2361346590335043,6.076843537970683e+16,0.38319575457137,0.38319575457137,234589594982.98257,0.1202673517123707,2675970.615191635,2675836.421939627,2662020.182082138,134.19325200849974,13816.239857488958,1.0034636862907929,5.0147505823373834e-05,5.014750582337383e-05,5.014750582337382e-05,0.005163335002172522,13816.239857488958,-17789804.778855383,-0.0016434121685227013,-0.31878751176049,0.6861920299561156,0.0,0.0,727649337202341.0,-5.263585351069197,0.0051633350021725866,0.0051633350021725866,149559687186394.38,1452631178955.5042,2.2011661869004364e+16,-3450849220.164967,0.0051343295247627515,-0.06625680277293108,0.06923253959917505,0.005163335002172522,6804492875173025.0,2.8965714431363784e+16,2.8967167062542736e+16,2.8816154744177388e+16,2033424.9540458655,-3450849220.164967,1.0,388.9545016347653,4.0409937616870233e-10,4.0409937616870233e-10,0.04303741398411032,628595.2280362727,388.9545016347653
2363.0,25476.214554569902,10824922188.933363,386.3756380892119,5.0075813893211416e-05,2.5893362568476834,0.23618574658371938,6.1496084716909176e+16,0.38314065229305216,0.38314065229305216,231138745762.8176,0.11911718475182241,2706834.4970265557,2706701.3399089524,2692787.4448683737,133.157117603211,13913.895040578347,1.0033537449095824,4.9192929138993676e-05,4.919292913899368e-05,4.9192929138993696e-05,0.005140535764114404,13913.895040578347,-17687725.84159603,-0.00163398179985799,-0.31128755948876813,0.6847628100531676,0.0,0.0,735020531972776.0,-5.268022180529692,0.005140535764114551,0.005140535764114551,150616831159246.44,1441415436957.408,2.226458555837314e+16,-3369663609.8488803,0.0050138250966683135,-0.065103988024123,0.068699913330074,0.005140535764114404,6884629003663694.0,2.9299831393196084e+16,2.930127280863304e+16,2.914921456203683e+16,2056789.4318108708,-3369663609.8488803,1.0,388.4510116688624,3.9721643852637796e-10,3.9721643852637796e-10,0.043012519274191696,635998.0130575029,388.4510116688624
2364.0,25677.88952698282,10824924588.95297,385.9431396189059,5.002942392222933e-05,2.588776058103674,0.23623483870876144,6.223110524888195e+16,0.38308612992371105,0.38308612992371105,227769082152.96872,0.11799402466079534,2738004.2410297026,2737872.078608087,2723859.865058361,132.16242161578714,14012.213549725622,1.0032472036315165,4.8269619029546794e-05,4.8269619029546794e-05,4.826961902954679e-05,0.0051179211984401125,14012.213549725622,-17586380.533124853,-0.0016246192191557685,-0.30395241856316135,0.683336566969305,0.0,0.0,742410150800789.0,-5.272442503991677,0.005117921198440234,0.005117921198440234,151681155000084.88,1430648247484.3037,2.2520056954443388e+16,-3290262009.576091,0.0048960275337388,-0.06396693916282098,0.06816853811254316,0.0051179211984401125,6965520675688985.0,2.963725878513246e+16,2.9638689433379944e+16,2.9485577630132372e+16,2080389.2691710305,-3290262009.576091,1.0,387.95026968332246,3.9046023568748493e-10,3.9046023568748493e-10,0.04298760906029653,643470.5958873306,387.95026968332246
2365.0,25880.85512048486,10824926914.946157,385.51112527572474,4.9983453590020286e-05,2.588218114833189,0.23628182339285894,6.2973515399682744e+16,0.3830321813602519,0.3830321813602519,224478820143.39264,0.1168970916868707,2769481.772045449,2769350.564211649,2755239.3724970724,131.2078337999049,14111.191714576371,1.0031439297534328,4.737631246549028e-05,4.737631246549028e-05,4.737631246549028e-05,0.005095487691928741,14111.191714576371,-17485762.951569855,-0.001615323880609944,-0.2967758172962589,0.6819132945043257,0.0,0.0,749816419711230.0,-5.27684672756913,0.005095487691928802,0.005095487691928802,152752618993082.97,1420315211552.3728,2.2778096880783416e+16,-3212576532.3554163,0.004780851095576173,-0.06284557733921749,0.06763849401995597,0.005095487691928741,7047167959679505.0,2.9978017459456004e+16,2.997943777466756e+16,2.982526484046292e+16,2104226.3896796675,-3212576532.3554163,1.0,387.4521853877032,3.8382828998470015e-10,3.8382828998470015e-10,0.042962681944421544,651012.9828174048,387.4521853877032
2366.0,26085.117182108846,10824929169.196188,385.0795945177498,4.993789875868116e-05,2.587662335862157,0.23632658862024036,6.3723331819393976e+16,0.38297880056381056,0.38297880056381056,221266243611.03723,0.11582564130795414,2801269.0023686728,2801138.7102685813,2786927.8846065807,130.29210009137958,14210.825662000509,1.0030437906591676,4.6511813032310824e-05,4.6511813032310824e-05,4.6511813032310824e-05,0.005073231686065962,14210.825662000509,-17385867.256101687,-0.0016060952440756417,-0.2897511777045739,0.6804929864709423,0.0,0.0,757237520860340.0,-5.2812352567762,0.005073231686066215,0.005073231686066215,153831181226951.03,1410402754795.0042,2.3038726247724264e+16,-3136535975.3431907,0.004668205600748045,-0.061739812128034796,0.06710985676480398,0.005073231686065962,7129570702799738.0,3.0322128131750956e+16,3.032353853450575e+16,3.0168296950524004e+16,2128302.7249068846,-3136535975.3431907,1.0,386.956668963451,3.7731817519177317e-10,3.7731817519177317e-10,0.04293773662254363,658625.1596996961,386.956668963451
2367.0,26290.68156915539,10824931353.9159,384.64854680366864,4.989275533667253e-05,2.5871086300165063,0.23636902237513424,6.448056934025432e+16,0.382925981559077,0.382925981559077,218129707635.69403,0.11477896593508054,2833367.8312294427,2833238.417183189,2818927.305870013,129.41404625340763,14311.111313176521,1.0029466538153435,4.567498961024517e-05,4.567498961024515e-05,4.567498961024515e-05,0.00505114967606738,14311.111313176521,-17286687.665650316,-0.001596932774949828,-0.2828716085753089,0.6790756366947535,0.0,0.0,764671591386521.0,-5.285608496533309,0.005051149676067457,0.005051149676067457,154916797563385.06,1400898166925.6348,2.3301966052310024e+16,-3062065744.799487,0.004557996322836393,-0.060649541179196326,0.06658269757081514,0.00505114967606738,7212728525411953.0,3.066961137528536e+16,3.067101227345229e+16,3.0514694577721976e+16,2152620.214434947,-3062065744.799487,1.0,386.46363105817966,3.7092751535295205e-10,3.7092751535295205e-10,0.042912771874461964,666307.091435066,386.46363105817966
2368.0,26497.554149114138,10824933471.24988,384.21798159277506,4.984801927821124e-05,2.586556906122165,0.23640901264176906,6.524524093164084e+16,0.38287371843362683,0.38287371843362683,215067641890.89453,0.11375639665314943,2865780.1442597997,2865651.5716780224,2851239.5272974027,128.57258177735343,14412.04438061972,1.0028523867673276,4.4864775141556556e-05,4.4864775141556556e-05,4.486477514155656e-05,0.0050292382099267376,14412.04438061972,-17188218.457706735,-0.0015878359440598142,-0.2761298984864455,0.6776612390142189,0.0,0.0,772116722286493.0,-5.28996685117282,0.005029238209926956,0.005029238209926956,156009421604909.16,1391789643966.6855,2.3567837378141764e+16,-2989087780.5387554,0.004450123885669848,-0.05957464986303548,0.06605708304247837,0.0050292382099267376,7296640815450577.0,3.102048761519725e+16,3.1021879404841216e+16,3.086447819359234e+16,2177180.8058438394,-2989087780.5387554,1.0,385.97298278015586,3.6465398364618663e-10,3.6465398364618663e-10,0.042887786554290264,674058.7214535633,385.97298278015586
2369.0,26705.740799584735,10824935523.276567,383.78789834496797,4.980368658267233e-05,2.5860070730050624,0.23644644740437332,6.6017357653927336e+16,0.38282200533725946,0.38282200533725946,212078554110.35577,0.11275730499982925,2898507.812942784,2898380.046238734,2883866.425873575,127.76670404964459,14513.62036515903,1.0027608571353672,4.408016548346861e-05,4.408016548346861e-05,4.408016548346861e-05,0.005007493887488477,14513.62036515903,-17090453.967203204,-0.001578804227559052,-0.2695185087842551,0.6762497872806313,0.0,0.0,779570957315400.0,-5.29431072444494,0.005007493887488557,0.005007493887488557,157109004662160.22,1383066333358.9617,2.3836361395115356e+16,-2917520479.9192104,0.004344484157785865,-0.058515010910092244,0.06553307503197453,0.005007493887488477,7381306722708133.0,3.1374777122485652e+16,3.1376160188819012e+16,3.121766811782349e+16,2201986.4546870207,-2917520479.9192104,1.0,385.4846356929885,3.58495301278572e-10,3.58495301278572e-10,0.0428627795815284,681879.9711865543,385.4846356929885
2370.0,26915.247408197356,10824937512.010298,383.35829652075086,4.975975329400009e-05,2.585459039491126,0.2364812146471755,6.679692861124274e+16,0.38277083648134297,0.38277083648134297,209161033630.43655,0.11178110478284936,2931552.694043775,2931425.6985409795,2916809.8639881136,126.9955027955754,14615.834552866048,1.0026719326109,4.3320218344906566e-05,4.3320218344906566e-05,4.3320218344906566e-05,0.004985913359543992,14615.834552866048,-16993388.585466303,-0.0015698371068296785,-0.2630295665212085,0.6748412753580904,0.0,0.0,787032291909463.0,-5.298640519523183,0.004985913359544236,0.004985913359544236,158215495720655.94,1374718382068.4329,2.410755935905285e+16,-2847278621.403238,0.004240968146176305,-0.05747048404555522,0.06501073050351655,0.004985913359543992,7466725153033737.0,3.173250000780724e+16,3.1733874726189308e+16,3.1574284512086584e+16,2227039.1244573416,-2847278621.403238,1.0,384.99850181052176,3.524492364126099e-10,3.524492364126099e-10,0.04283774993265732,689770.7395307719,384.99850181052176
2371.0,27126.079872532504,10824939439.403275,382.92917558123116,4.971621550012801e-05,2.584912714406285,0.23651320235440412,6.75839609031522e+16,0.3827202061381664,0.3827202061381664,206313755009.03333,0.11082725393587645,2964916.6290241643,2964790.3708593533,2950071.6888474133,126.25816481119334,14718.682011940096,1.00258548095304,4.258405230529142e-05,4.258405230529142e-05,4.258405230529142e-05,0.004964493326951086,14718.682011940096,-16897016.759237476,-0.0015609340683913264,-0.2566548573581882,0.6734356971234753,0.0,0.0,794498672129755.0,-5.302956639009963,0.004964493326951258,0.004964493326951258,159328841407085.88,1366736987811.3655,2.4381452611226416e+16,-2778273287.7310734,0.004139461889366338,-0.05644091561841182,0.0644901013951031,0.004964493326951086,7552894762444975.0,3.2093676215078476e+16,3.2095042952066284e+16,3.1934347373671388e+16,2252340.7865430466,-2778273287.7310734,1.0,384.51449359193043,3.4651360312196527e-10,3.4651360312196527e-10,0.042812696633257374,697730.9023043669,384.51449359193043
2372.0,27338.24410004041,10824941307.34749,382.5005349881195,4.9673069332407745e-05,2.5843680065764674,0.23654229851028766,6.837845957528195e+16,0.3826701086402986,0.3826701086402986,203535481721.30225,0.10989525641315148,2998601.443437419,2998475.889458424,2983653.731868871,125.55397899501662,14822.157589552902,1.0025013699852365,4.187084591378339e-05,4.187084591378339e-05,4.187084591378339e-05,0.004943230539776005,14822.157589552902,-16801332.989756033,-0.00155209460381573,-0.25038581843399765,0.6720330464664193,0.0,0.0,801967993626102.0,-5.307259484941775,0.004943230539776078,0.004943230539776078,160448985955165.3,1359114453524.9946,2.465806257777454e+16,-2710411788.74019,0.004039846349880938,-0.05542613822537615,0.06397123447769207,0.004943230539776005,7639813951154298.0,3.2458325514884e+16,3.2459684629337524e+16,3.2297876528928836e+16,2277893.420173811,-2710411788.74019,1.0,384.03252393701257,3.40686260375473e-10,3.40686260375473e-10,0.04278761875059445,705760.3116950602,384.03252393701257
2373.0,27551.74600796015,10824943117.676579,382.07237420372917,4.9630310965046455e-05,2.583824824827602,0.23656839109905467,6.9180427568908056e+16,0.38262053837995363,0.38262053837995363,200825069932.56204,0.10898466412304075,3032608.946307564,3032484.063965872,3017557.808057215,124.88234169210804,14926.255908656605,1.0024194675921103,4.117983686757963e-05,4.117983686757963e-05,4.117983686757963e-05,0.004922121796457555,14926.255908656605,-16706331.831899997,-0.0015433182096467012,-0.24421353120635367,0.6706333172892821,0.0,0.0,809438100620054.0,-5.31154945879455,0.004922121796457679,0.004922121796457679,161575871171091.7,1351844245219.3198,2.493741076900931e+16,-2643597583.8757124,0.003941997306149371,-0.0544259703296687,0.06345417121180216,0.004922121796457555,7727480857510860.0,3.2826467497691268e+16,3.282781934193649e+16,3.2664891626520172e+16,2303699.0123567297,-2643597583.8757124,1.0,383.55250618168225,3.3496511104823286e-10,3.3496511104823286e-10,0.04276251538660003,713858.7957004854,383.55250618168225
2374.0,27766.59152323804,10824944872.16762,381.64469269097515,4.9587936614552997e-05,2.583283077985617,0.2365913681049336,6.998986566952811e+16,0.38257148980836325,0.38257148980836325,198181472348.68634,0.10809507890063472,3066940.929489996,3066816.686727632,3051785.715362874,124.24276236406887,15030.97136475799,1.0023396417164594,4.051032126814693e-05,4.051032126814692e-05,4.051032126814692e-05,0.0049011639429927594,15030.97136475799,-16612007.893380765,-0.0015346043873250993,-0.2381287142673873,0.6692365035071238,0.0,0.0,816906784905815.0,-5.315826961488708,0.004901163942993003,0.004901163942993003,162709436398635.34,1344921053356.8674,2.5219518778613104e+16,-2577730204.4246225,0.003845785243904128,-0.05344021587472921,0.06293894760155286,0.0049011639429927594,7815893351858627.0,3.319812156687037e+16,3.3199466487923724e+16,3.3035412130471732e+16,2329759.557802078,-2577730204.4246225,1.0,383.07435409365604,3.293481009587205e-10,3.293481009587205e-10,0.04273738567127072,722026.1575607959,383.07435409365604
2375.0,27982.78658244563,10824946572.542885,381.21748991337364,4.954594253919218e-05,2.5827426748764406,0.23661111751215294,7.080677245443393e+16,0.3825229574351558,0.3825229574351558,195603742144.26172,0.10722615451950411,3101599.167014631,3101475.532145031,3086339.234022368,123.63486959984985,15136.298122662658,1.0022617603564472,3.986165295461166e-05,3.986165295461166e-05,3.986165295461167e-05,0.004880353872143608,15136.298122662658,-16518355.833987597,-0.0015259526431184293,-0.23212171613845062,0.6678425990476784,0.0,0.0,824371784868404.0,-5.32009239339409,0.0048803538721436945,0.0048803538721436945,163849618483904.44,1338340857921.6812,2.550440828272327e+16,-2512705175.5256934,0.003751075247126159,-0.05246866389294827,0.06242559404615468,0.004880353872143608,7905049030311798.0,3.3573306931518972e+16,3.3574645272376896e+16,3.3409457313035068e+16,2356077.0588387335,-2512705175.5256934,1.0,382.59798186833746,3.238332179308931e-10,3.238332179308931e-10,0.04271222875642189,730262.1751836346,382.59798186833746
2376.0,28200.337131697306,10824948220.471516,380.7907653350415,4.9504325038447484e-05,2.5822035243260024,0.23662752730494127,7.163114423930234e+16,0.3824749358277414,0.3824749358277414,193091036968.73602,0.10637759874270344,3136585.4144113106,3136462.3559938264,3121220.125880635,123.05841748395767,15242.230113191794,1.002185691562956,3.923324291395198e-05,3.9233242913951976e-05,3.9233242913951976e-05,0.0048596885226642895,15242.230113191794,-16425370.364878383,-0.0015173624880547394,-0.22618250804655837,0.6664515978513273,0.0,0.0,831830784518237.0,-5.324346154334814,0.004859688522664496,0.004859688522664496,164996351739812.84,1332100997357.0083,2.5792101038902988e+16,-2448413937.9803762,0.0036577268885977913,-0.0515110881095115,0.06191413518886445,0.0048596885226642895,7994945208448471.0,3.3952042599091268e+16,3.3953374700088628e+16,3.378704624735146e+16,2382653.5253190827,-2448413937.9803762,1.0,382.12330412489,3.184184908803399e-10,3.184184908803399e-10,0.042687043809763514,738566.6005615522,382.12330412489
2377.0,28419.24912656727,10824949817.57118,380.3645184206953,4.9463080452491664e-05,2.58166553516023,0.23664048546752703,7.246297502382058e+16,0.38242741961070403,0.38242741961070403,190642623030.75565,0.10554917541308595,3171901.4080173527,3171778.894725012,3156430.133695137,122.51329234069875,15348.761029874737,1.0021113034371179,3.8624558768135746e-05,3.862455876813574e-05,3.8624558768135746e-05,0.004839164878548525,15348.761029874737,-16333046.247913456,-0.0015088334378605128,-0.22030067668762568,0.6650634938710734,0.0,0.0,839281412541346.0,-5.3285886435940535,0.004839164878548741,0.004839164878548741,166149567910286.2,1326200241573.4917,2.6082618884995948e+16,-2384743769.9205213,0.0035655941201132,-0.050567246541452664,0.06140458976342112,0.004839164878548525,8085578914923404.0,3.433434736782964e+16,3.4335673568071212e+16,3.416819779991935e+16,2409490.974513189,-2384743769.9205213,1.0,381.650235902503,3.131019889235869e-10,3.131019889235869e-10,0.04266183000929069,746939.1591819485,381.650235902503
2378.0,28639.5285320061,10824951365.409647,379.9387486356508,4.942220516166547e-05,2.581128616205052,0.23664987998413867,7.330225643636192e+16,0.38238040346519986,0.38238040346519986,188257879260.8351,0.1047407065829746,3207548.8642671597,3207426.864747284,3191970.9804216637,121.99951987563107,15455.88432562032,1.0020384641280211,3.80351243389412e-05,3.80351243389412e-05,3.8035124338941206e-05,0.004818779968296519,15455.88432562032,-16241378.295029424,-0.0015003650129022824,-0.2144654169801173,0.663678281072514,0.0,0.0,846721241364715.0,-5.332820259918615,0.004818779968296605,0.004818779968296605,167309196134237.25,1320638869257.034,2.637598373786255e+16,-2321577708.3720703,0.003474525162409183,-0.04963688109202058,0.06089697043798071,0.004818779968296519,8176946885000908.0,3.4720239818997696e+16,3.472156045786695e+16,3.455293062286346e+16,2436591.4309920236,-2321577708.3720703,1.0,381.1786926568476,3.07881820509715e-10,3.07881820509715e-10,0.0426365865379601,755379.5494296402,381.1786926568476
2379.0,28861.181322257016,10824952865.506329,379.51345544582256,4.938169558596404e-05,2.5805926762863964,0.23665559883900478,7.414897767772664e+16,0.3823338821283617,0.3823338821283617,185936301552.46304,0.10395207468320897,3243529.4789637583,3243407.96169102,3227844.3684816505,121.51727273842232,15563.593209369816,1.001967041830588,3.746451929188096e-05,3.746451929188096e-05,3.746451929188096e-05,0.004798530864201062,15563.593209369816,-16150361.367650202,-0.0014919567381316981,-0.2086655248131691,0.6622959534338153,0.0,0.0,854147786236139.0,-5.337041401523418,0.004798530864201234,0.004798530864201234,168475162909342.62,1315418749738.2988,2.6672217591995104e+16,-2258794470.758697,0.0033843623948756245,-0.04871971714046988,0.06039128365657063,0.004798530864201062,8269045554008803.0,3.510973830891325e+16,3.5111053727662984e+16,3.4941263146003908e+16,2463956.9264995162,-2258794470.758697,1.0,380.70859025671933,3.027561325734994e-10,3.027561325734994e-10,0.04261131257860162,763887.4419821342,380.70859025671933
2380.0,29084.21348077144,10824954319.333776,379.08863831772254,4.9341548184531074e-05,2.580057624230193,0.2366575300163538,7.500312546396278e+16,0.38228785039271,0.38228785039271,183677507081.70435,0.1031832247315635,3279844.9265320897,3279723.859653555,3264051.9790108204,121.0668785349146,15671.880642734208,1.0018969047836284,3.691237886143703e-05,3.691237886143703e-05,3.691237886143703e-05,0.004778414681652396,15671.880642734208,-16059990.376132743,-0.0014836081430338228,-0.20288938979360072,0.6609165049456857,0.0,0.0,861558504318057.0,-5.3412524660958445,0.004778414681652632,0.004778414681652632,169647392055649.06,1310543429724.7815,2.6971342518008804e+16,-2196268376.3932323,0.003294942245106172,-0.047815463127391385,0.05988752947808585,0.004778414681652396,8361871050714336.0,3.550286096077879e+16,3.5504171504208516e+16,3.533321356872314e+16,2491589.4998131283,-2196268376.3932323,1.0,380.23984498086867,2.977231097093295e-10,2.977231097093295e-10,0.042810763191471146,772462.4791976922,380.23984498086867
2381.0,29308.631000124125,10824955728.319117,378.66429671846004,4.930175945516045e-05,2.5795478155823424,0.23654552601764042,7.586468396828085e+16,0.38224230310556995,0.38224230310556995,181481238705.31113,0.10243416658050916,3316496.859253886,3316376.210425566,3300594.0275222277,120.64882832045222,15782.182903338266,1.0018631678554897,3.637839366071181e-05,3.637839366071182e-05,3.637839366071182e-05,0.004758863862828474,15782.182903338266,-15969112.845798122,-0.001475212762674068,-0.20092601774708327,0.6595399296113501,0.0,0.0,865015661664852.0,-5.345362159980019,0.004758863862828644,0.004758863862828644,170841431224871.6,1306018225242.469,2.7277300166589664e+16,-2175015246.7796373,0.003206095078352753,-0.04692381013570435,0.05938570141285151,0.004758863862828474,8451484058492938.0,3.5899625656307476e+16,3.590093167453271e+16,3.5728784225082604e+16,2519853.2771113,-2175015246.7796373,1.0,379.7937517515939,2.927178705968617e-10,2.927178705968617e-10,0.04320718537797408,780740.7504109277,379.7937517515939
2382.0,29534.439881928058,10824957093.845465,378.24043011574105,4.926232593380531e-05,2.5790845093436987,0.23621124585585465,7.67296996299457e+16,0.3821972351684946,0.3821972351684946,179306223458.5315,0.10170497720426505,3353435.3124822746,3353315.050546943,3337419.5024303063,120.26193533144323,15895.548116636812,1.0018964790831018,3.58623095796123e-05,3.58623095796123e-05,3.5862309579612295e-05,0.004740248940833688,15895.548116636812,-15876743.886823062,-0.001466679613524731,-0.20620042370736522,0.6581662214465238,0.0,0.0,860733614020750.0,-5.349290806420608,0.004740248940833802,0.004740248940833802,172068626345749.56,1301830289985.691,2.7593719340955824e+16,-2232110739.3649836,0.0031435259075986745,-0.04605278410113056,0.058887929962273024,0.004740248940833688,8533703577015320.0,3.62994915443169e+16,3.630079337460688e+16,3.6127422917971144e+16,2549083.4838176174,-2232110739.3649836,1.0,379.3888030414404,2.8768752270047295e-10,2.8768752270047295e-10,0.04355183479905844,788336.0186126892,379.3888030414404
2383.0,29761.646136748583,10824958417.253271,377.8170379778673,4.922324419409448e-05,2.578662969522613,0.23565728728252808,7.759043324396645e+16,0.3821526415366942,0.3821526415366942,177074112719.1665,0.10098446582395806,3390560.7538114972,3390440.8771837144,3374429.6029763813,119.87662778311827,16011.274207333265,1.00199001592816,3.535598872497978e-05,3.535598872497979e-05,3.535598872497979e-05,0.004722475568024977,16011.274207333265,-15783177.057222694,-0.0014580358139821403,-0.2181370482418114,0.656795374479386,0.0,0.0,849060236514396.0,-5.353056234931984,0.004722475568025075,0.004722475568025075,173321377501622.4,1297659510952.8035,2.791995657325675e+16,-2361324476.479979,0.003144790002820483,-0.04521771281615507,0.05839825534625913,0.004722475568024977,8608103560911040.0,3.6701381511669416e+16,3.670267917118036e+16,3.652806013416779e+16,2579220.676613109,-2361324476.479979,1.0,379.0207350493078,2.8265034519029397e-10,2.8265034519029397e-10,0.04384842250177834,795208.9263632722,379.0207350493078
2384.0,29990.2557840172,10824959699.841644,377.3941197737355,4.918451084685589e-05,2.5782784601274393,0.23488624804919225,7.843949348048085e+16,0.3821085172184717,0.3821085172184717,174712788242.68652,0.10024507057139506,3427778.240392616,3427658.816118281,3411530.135211361,119.42427433537253,16128.680906919975,1.0021369650306498,3.484014016078642e-05,3.484014016078641e-05,3.4840140160786404e-05,0.0047054510883861,16128.680906919975,-15688681.089039424,-0.0014493061890354132,-0.23613701616778313,0.6554273827505545,0.0,0.0,830323742925929.0,-5.356676284907253,0.004705451088386159,0.004705451088386159,174592320829014.12,1292762956863.2405,2.8255403137484284e+16,-2556173683.6571074,0.003226765462283426,-0.04443223055715589,0.05792035160743909,0.0047054510883861,8674273090974014.0,3.710426854928731e+16,3.710556131224418e+16,3.6929676228458296e+16,2610208.6216448112,-2556173683.6571074,1.0,378.68531163634833,2.776225615927105e-10,2.776225615927105e-10,0.044100294655512684,801321.5135665501,378.68531163634833
2385.0,30220.27485194507,10824960942.869621,376.971674972837,4.9146122539647225e-05,2.5779262451665326,0.23390072590737873,7.926981722340678e+16,0.3820648572746637,0.3820648572746637,172156614559.02942,0.09945204164715268,3464997.0207350072,3464878.2022218443,3448631.0958198817,118.81851316268218,16247.106401962616,1.0023305183404738,3.429108667385751e-05,3.4291086673857504e-05,3.429108667385751e-05,0.004689084421941354,16247.106401962616,-15593502.17871418,-0.001440513481850998,-0.25957609745275906,0.654062240313059,0.0,0.0,804835725987466.0,-5.3601687989112285,0.004689084421941492,0.004689084421941492,175874292235892.28,1286205764275.8745,2.8599479470287732e+16,-2809901116.6286354,0.0033947212160938284,-0.04370827421893392,0.05745751722932079,0.004689084421941354,8731817448328145.0,3.750717121085178e+16,3.7508457416616056e+16,3.733129691861588e+16,2641993.7791208522,-2809901116.6286354,1.0,378.37832048853437,2.7261852684243897e-10,2.7261852684243897e-10,0.044310446870651,806637.3166990293,378.37832048853437
2386.0,30451.70937743581,10824962147.557404,376.5497030452569,4.910807595629343e-05,2.577601588648245,0.23270331860861915,8.007465294939426e+16,0.3820216568180876,0.3820216568180876,169346713442.4008,0.09856857805764413,3502130.1353454883,3502012.1676475257,3485646.263378865,117.96769796262825,16365.904268660668,1.0025638697143422,3.36845557999205e-05,3.3684555799920497e-05,3.36845557999205e-05,0.004673285952531242,16365.904268660668,-15497866.171381867,-0.0014316785555577097,-0.2878032332388955,0.6526999412323163,0.0,0.0,772893730684080.0,-5.363551618947762,0.00467328595253147,0.00467328595253147,177160294218799.88,1276995865079.9355,2.8951629835227612e+16,-3115459105.7556787,0.0036473247363944146,-0.04305607507654844,0.05701266470098633,0.004673285952531242,8780359025623507.0,3.790914915506992e+16,3.7910426150935e+16,3.773198886085112e+16,2674524.81039487,-3115459105.7556787,1.0,378.0955697535167,2.6765090673997773e-10,2.6765090673997773e-10,0.044481540310969736,811121.4529839949,378.0955697535167
2387.0,30684.56540599792,10824963315.08756,376.1282034616738,4.907036781643091e-05,2.577299754580929,0.23129662390444503,8.084754668007834e+16,0.3819789110129947,0.3819789110129947,166231254336.6451,0.09755872964180412,3539094.0206448208,3538977.238024621,3522492.7973311334,116.7826201997416,16484.44069348778,1.0028302119765955,3.299788576356157e-05,3.299788576356156e-05,3.299788576356157e-05,0.004657967425269181,16484.44069348778,-15401980.630114958,-0.001422820584403096,-0.32013957559993766,0.6513404795861035,0.0,0.0,734783431499477.0,-5.366842584307234,0.00465796742526936,0.00465796742526936,178443465776741.78,1264167579502.0063,2.931131720926237e+16,-3465499161.577026,0.0039794051241805045,-0.04248414753860989,0.056588309357883476,0.004657967425269181,8819538099507312.0,3.830929877454642e+16,3.831056294212592e+16,3.813085530876968e+16,2707752.105580718,-3465499161.577026,1.0,377.8328851461067,2.6273084796602496e-10,2.6273084796602496e-10,0.04461591916663066,814740.6917504156,377.8328851461067
2388.0,30918.848991656956,10824964446.606186,375.7071756933584,4.9032994875058584e-05,2.5770160069729395,0.22968323954638795,8.158233011157781e+16,0.3819366150745289,0.3819366150745289,162765755175.06808,0.09638906592754398,3575808.1192595465,3575692.937531145,3559090.8455551364,115.18172840167891,16602.0919760083,1.0031227344432272,3.221138398934279e-05,3.2211383989342785e-05,3.221138398934279e-05,0.004643041856796378,16602.0919760083,-15306036.782585777,-0.0014139572335856018,-0.35587799636781287,0.649983849464533,0.0,0.0,690780477788673.0,-5.370059530255403,0.004643041856796537,0.004643041856796537,179717055379575.72,1246838114846.8242,2.9678018376429444e+16,-3852366658.0110197,0.004383476687539583,-0.04199927610509227,0.056186557795896604,0.004643041856796378,8849013488946454.0,3.870674892075548e+16,3.870799575887032e+16,3.8527031865375896e+16,2741627.33030814,-3852366658.0110197,1.0,377.58610751767156,2.5786813740543003e-10,2.5786813740543003e-10,0.04471562889931491,817463.5152469968,377.58610751767156
2389.0,31154.566196866883,10824965543.224024,375.28661921217343,4.899595392209549e-05,2.576745609832629,0.2278657632859795,8.227311058936648e+16,0.3818947642681909,0.3818947642681909,158913388517.05707,0.09502966487726598,3612194.498707389,3612081.403718052,3595363.1614106055,113.09498933709268,16718.242307446402,1.0034346209088862,3.1309219195578566e-05,3.130921919557856e-05,3.1309219195578566e-05,0.004628423459736451,16718.242307446402,-15210211.340827554,-0.0014051048273634932,-0.3942830268014884,0.648630044970026,0.0,0.0,641152063779094.0,-5.373220287181744,0.004628423459736686,0.004628423459736686,180974396921377.4,1224249362685.3167,3.0051219214931056e+16,-4268100179.4041862,0.0048505793102792145,-0.04160650161065194,0.05580909612763372,0.004628423459736451,8868463122715743.0,3.910065673456818e+16,3.910188098393086e+16,3.89196823376468e+16,2776102.9903454855,-4268100179.4041862,1.0,377.3510908855543,2.5307135009235006e-10,2.5307135009235006e-10,0.04478243466713394,819260.1710651199,377.3510908855543
2390.0,31391.723092421435,10824966606.017557,374.8665334905729,4.89592417819447e-05,2.576483827168351,0.2258467928747512,8.291426265314557e+16,0.3818533539093084,0.3818533539093084,154645288337.6529,0.0934547263722639,3648177.4796227706,3648067.0126786283,3631234.7308616955,110.4669441423949,16832.281816932784,1.0037590480971001,3.0280035650518123e-05,3.028003565051813e-05,3.0280035650518136e-05,0.00461402758184903,16832.281816932784,-15114668.19335122,-0.0013962785053719274,-0.43459119592058504,0.6472790602172878,0.0,0.0,586158272060847.0,-5.376342680018055,0.004614027581849256,0.004614027581849256,182208888571373.9,1195800981410.2314,3.0430410162813604e+16,-4704435183.109567,0.005370743412691956,-0.04130910772019961,0.0554571783255397,0.00461402758184903,8877584537375405.0,3.9490203588760376e+16,3.949139938974179e+16,3.930799470018901e+16,2811132.012721171,-4704435183.109567,1.0,377.12370091932246,2.4834798556001766e-10,2.4834798556001766e-10,0.04481783940207085,820102.7181405242,377.12370091932246
2391.0,31630.32575736451,10824967636.030067,374.4469180016011,4.892285531306381e-05,2.5762259229884594,0.22362892606423468,8.350042092520642e+16,0.3818123793625117,0.3818123793625117,149940853154.54333,0.09164297796018327,3683683.2739629033,3683576.014773555,3666632.4098972296,107.25918934837468,16943.60487632527,1.0040891845742577,2.911737556442668e-05,2.9117375564426678e-05,2.911737556442667e-05,0.004599770659915882,16943.60487632527,-15019559.972156592,-0.0013874923673827114,-0.4760117409324457,0.6459308893332814,0.0,0.0,526053232311439.0,-5.3794445278419225,0.004599770659916014,0.004599770659916014,183413974423902.28,1161077253362.9768,3.081508184552436e+16,-5152811689.964053,0.005933249736936612,-0.04110860854572192,0.0551316148757814,0.004599770659915882,8876095324832080.0,3.9874591144780344e+16,3.987575222203371e+16,3.969117717035644e+16,2846667.3417995954,-5152811689.964053,1.0,376.8998138811586,2.4370459275100127e-10,2.4370459275100127e-10,0.04482310110194043,819965.0680976342,376.8998138811586
2392.0,31870.380278900797,10824968634.272654,374.0277722188923,4.8886791407541544e-05,2.5759671613013064,0.22121476060596149,8.402647415751786e+16,0.38177183604121473,0.38177183604121473,144788041464.57928,0.0895779644489878,3718639.6330622067,3718536.180723239,3701484.5720693143,103.45233896756935,17051.60865392498,1.0044181901281533,2.7819942015295226e-05,2.781994201529523e-05,2.7819942015295236e-05,0.0045855701881616535,17051.60865392498,-14925029.499906186,-0.0013787596069934499,-0.5177276683432049,0.6445855264572027,0.0,0.0,461086130623249.0,-5.382543643632339,0.004585570188161747,0.004585570188161747,184583128842630.06,1119868324466.0808,3.120472084651943e+16,-5604385770.910309,0.006526778045864826,-0.04100473817065254,0.054832761949560146,0.0045855701881616535,8863733546375035.0,4.025303752173709e+16,4.025415739006156e+16,4.006845439289446e+16,2882661.5485723414,-5604385770.910309,1.0,376.6753160181117,2.391468839222221e-10,2.391468839222221e-10,0.04479924898777354,818823.0234969732,376.6753160181117
2393.0,32111.89275230517,10824969601.725233,373.60909561667006,4.885104699068053e-05,2.5757028061152463,0.21860689425146324,8.44875602881411e+16,0.38173171940710177,0.38173171940710177,139183655693.66898,0.08724827096554783,3752975.5049350173,3752876.4575008093,3735720.765593666,99.0474342080267,17155.691907143282,1.0047392156120947,2.639170814671803e-05,2.639170814671803e-05,2.6391708146718028e-05,0.0045713447009038885,17155.691907143282,-14831211.12466455,-0.0013700926349299698,-0.5588971490670727,0.6432429657404545,0.0,0.0,391502099219582.0,-5.385657834171871,0.004571344700904145,0.004571344700904145,185709843391389.62,1072185464430.769,3.159880560005146e+16,-6050044649.141958,0.0071394966931503535,-0.04099544279905216,0.05456051128430648,0.0045713447009038885,8840258128033693.0,4.0624773571476536e+16,4.062584575694097e+16,4.043906372808515e+16,2919066.4512365363,-6050044649.141958,1.0,376.44610340419877,2.34679838176142e-10,2.34679838176142e-10,0.04474709825631695,816654.3143571299,376.44610340419877
2394.0,32354.869280832463,10824970539.337496,373.1908876697463,4.8815619020586166e-05,2.575428121438633,0.21580792475227145,8.487906238736069e+16,0.38169202496961924,0.38169202496961924,133133611044.52702,0.08464770592992821,3786620.6998416567,3786526.633115021,3769271.3791109133,94.0667266358511,17255.254004107694,1.005045403255579,2.4841866691265025e-05,2.4841866691265022e-05,2.4841866691265022e-05,0.004557013769083806,17255.254004107694,-14738231.951196933,-0.0013615031927928863,-0.5986552351435973,0.6419032013466208,0.0,0.0,317543011540545.0,-5.388804900101834,0.004557013769084017,0.004557013769084017,186787616243251.16,1018269544565.0018,3.199680238336703e+16,-6480425283.649602,0.00775912172384603,-0.04107687619012722,0.05431428095582101,0.004557013769083806,8805449250276613.0,4.0989039249886904e+16,4.0990057519431464e+16,4.080225163364365e+16,2955832.7449568547,-6480425283.649602,1.0,376.20808223042684,2.303077953803509e-10,2.303077953803509e-10,0.04466726322058068,813438.6341540584,376.20808223042684
2395.0,32599.315975626076,10824971448.029842,372.77314785352104,4.8780504487761384e-05,2.575138371279819,0.2128204498599177,8.519660539890123e+16,0.38165274828547335,0.38165274828547335,126653185760.87743,0.0817754576245229,3819505.562809495,3819417.0090599414,3802067.3148956993,88.55374955340135,17349.694164242374,1.0053298874425913,2.3184610703450392e-05,2.318461070345039e-05,2.3184610703450396e-05,0.004542498010321368,17349.694164242374,-14646212.97896529,-0.001353002458184859,-0.6361158896048184,0.6405662274514426,0.0,0.0,239448203593847.0,-5.392002636139219,0.004542498010321583,0.004542498010321583,187809943959973.7,958591810531.5549,3.2398161383749464e+16,-6885936342.610262,0.008372961291587364,-0.04124339899291432,0.054093007213574344,0.004542498010321368,8759108743483971.0,4.13450800711934e+16,4.134603866300394e+16,4.115727012723343e+16,2992909.6385419075,-6885936342.610262,1.0,375.9571695408204,2.2603454131701782e-10,2.2603454131701782e-10,0.04456016867951851,809157.6763537921,375.9571695408204
2396.0,32845.23895562679,10824972328.69428,372.3558756439813,4.874570041470728e-05,2.574828819647157,0.20964706732593355,8.543605360249507e+16,0.3816138849581324,0.3816138849581324,119767249418.26717,0.07863623100833522,3851560.651522496,3851478.0789219495,3834039.6680140025,82.57260054601763,17438.410907947273,1.0055857959584547,2.143873821988944e-05,2.143873821988944e-05,2.1438738219889444e-05,0.0045277191121462605,17438.410907947273,-14555270.157756826,-0.0013446011422287394,-0.6703743246218911,0.6392320382427915,0.0,0.0,157455139031462.0,-5.395268831463376,0.004527719112146444,0.004527719112146444,188770315534929.72,893846116018.967,3.2802312814086816e+16,-7256783513.899088,0.008967954076797669,-0.041487582560172896,0.05389513754483691,0.0045277191121462605,8701060499280970.0,4.169214362890271e+16,4.169303747501873e+16,4.1503373313367784e+16,3030244.495603571,-7256783513.899088,1.0,375.6892944123697,2.218633849442346e-10,2.218633849442346e-10,0.04442605939054656,803795.1724104316,375.6892944123697
2397.0,33092.644347480695,10824973182.195307,371.9390705177008,4.87112038555295e-05,2.574494730549002,0.20629037490185062,8.559350874152653e+16,0.3815754306373349,0.3815754306373349,112510465904.36807,0.07524036756598063,3882716.417742987,3882640.2113632024,3865119.409657632,76.20637978467825,17520.8017055707,1.0058062517059463,1.9627078464045235e-05,1.9627078464045235e-05,1.9627078464045235e-05,0.004512599868072533,17520.8017055707,-14465515.372433286,-0.001336309580537887,-0.700509646365293,0.6379006279206444,0.0,0.0,71800032556574.0,-5.398621270274523,0.00451259986807262,0.00451259986807262,189662208593364.6,824932017481.3326,3.3208663048817196e+16,-7582998135.773415,0.0095307064818739,-0.041800217793629434,0.05371862512885778,0.004512599868072533,8631150906709228.0,4.2029476164119784e+16,4.203030109613726e+16,4.1839813955526424e+16,3067782.4775989396,-7582998135.773415,1.0,375.40039957651516,2.1779722866445386e-10,2.1779722866445386e-10,0.04426500753795648,797336.9320586924,375.40039957651516
2398.0,33341.538285446935,10824974009.370758,371.5227319518391,4.867701189555027e-05,2.5741313679937057,0.20275297033920045,8.56653087740831e+16,0.38153738101860246,0.38153738101860246,104927467768.59467,0.07160394886359234,3912902.890194999,3912833.3354345984,3895237.0726187187,69.55476040065416,17596.262815879847,1.0059843748911412,1.7775744083745433e-05,1.7775744083745433e-05,1.7775744083745433e-05,0.004497064226203601,17596.262815879847,-14377057.368684676,-0.0013281378187364715,-0.725587808091477,0.6365719906970592,0.0,0.0,-17281556077167.0,-5.402077732520101,0.004497064226203662,0.004497064226203662,190479087643956.44,752928473565.0917,3.361659075010392e+16,-7854469164.106537,0.010047531237488722,-0.042170329553831175,0.053560924839769666,0.004497064226203601,8549249321331143.0,4.235631915907902e+16,4.2357072087552584e+16,4.2165840071435064e+16,3105466.1859699017,-7854469164.106537,1.0,375.08644347936917,2.1383863249009249e-10,2.1383863249009249e-10,0.04407691809711611,789770.8866488171,375.08644347936917
2399.0,33591.92691130491,10824974811.032618,371.1068594241411,4.8643121650925974e-05,2.5737339959896226,0.19903745138951462,8.564802721800594e+16,0.381499731842758,0.381499731842758,97072998604.48813,0.0677488833216651,3942049.3566057268,3941986.6258987845,3924322.436594644,62.73070694220912,17664.189304140065,1.0061132856790602,1.5913222100350096e-05,1.5913222100350093e-05,1.5913222100350093e-05,0.00448103735007284,17664.189304140065,-14290002.631990679,-0.0013200956936570945,-0.7446648758723972,0.6352461207961487,0.0,0.0,-109554147100458.0,-5.405655994776094,0.004481037350073103,0.004481037350073103,191214404274628.0,679058322527.6826,3.4025442951807036e+16,-8060978523.97943,0.010504488889017078,-0.0425851971562754,0.05341899095611764,0.00448103735007284,8455248574700136.0,4.26719059307818e+16,4.267258498910433e+16,4.248069152650717e+16,3143235.3003841564,-8060978523.97943,1.0,374.7434027773148,2.0998987298054685e-10,2.0998987298054685e-10,0.04386153199005682,781087.136210488,374.7434027773148
2400.0,33843.8163742613,10824975587.967836,370.6914524129362,4.8609530268270233e-05,2.573297878545106,0.1951464158043247,8.553847307090547e+16,0.38146247889544893,0.38146247889544893,89012020080.5087,0.06370297507232509,3970084.0423584175,3970028.185954408,3952304.210724725,55.85640400970279,17723.97522968312,1.0061861073187333,1.4069325337637293e-05,1.4069325337637295e-05,1.4069325337637298e-05,0.004464445691440908,17723.97522968312,-14204456.232304838,-0.001312192911371861,-0.756790614176589,0.6339230124540561,0.0,0.0,-204781775905909.0,-5.409373831262085,0.004464445691440999,0.004464445691440999,191861599183066.4,604644209836.7015,3.4434531066132996e+16,-8192239923.664762,0.010887433006652314,-0.043030381470593564,0.05328927673577513,0.004464445691440908,8349065531184638.0,4.2975458196500696e+16,4.2976062840710536e+16,4.278359659731763e+16,3181026.2098334543,-8192239923.664762,1.0,374.36727526392633,2.0625299780438993e-10,2.0625299780438993e-10,0.043618426913356156,771278.0008912706,374.36727526392633
2401.0,34097.212830856224,10824976340.939083,370.2765103971378,4.857623492428235e-05,2.5728182796685086,0.19108246133516227,8.533369129499957e+16,0.3814256180066756,0.3814256180066756,80819780156.84393,0.0594999734049117,3996933.782943842,3996884.7244355893,3979109.7104431405,49.05850825249921,17775.013992449036,1.006195969736734,1.2274035777587086e-05,1.2274035777587086e-05,1.2274035777587085e-05,0.004447217074782934,17775.013992449036,-14120522.647344245,-0.0013044391232470138,-0.7610124012580898,0.6326026599189297,0.0,0.0,-302727430593497.0,-5.413249014958163,0.004447217074783016,0.004447217074783016,192414105928121.97,531057191155.0687,3.48431267746415e+16,-8237941238.780062,0.011182059635436952,-0.043489759140955035,0.05316773601744269,0.004447217074782934,8230641698906460.0,4.326618257947608e+16,4.326671363666724e+16,4.307376847354796e+16,3218771.6330490205,-8237941238.780062,1.0,373.95408322333395,2.026298767604304e-10,2.026298767604304e-10,0.043347015694504165,760338.0773941202,373.95408322333395
2402.0,34352.12244486953,10824977070.685509,369.86203285624265,4.8543232825381024e-05,2.5722904633681845,0.18684818573355888,8.503096386440606e+16,0.38138914505032445,0.38138914505032445,72581838918.06387,0.055179601086238095,4022523.6870960915,4022481.2242045156,4004664.525377116,42.46289157576553,17816.698827399534,1.006136013597624,1.055628129971809e-05,1.055628129971809e-05,1.055628129971809e-05,0.004429280793205681,17816.698827399534,-14038306.577849144,-0.001296844001255713,-0.7563794870867745,0.6312850574508978,0.0,0.0,-403152484888948.0,-5.417299318782982,0.004429280793205925,0.004429280793205925,192865356281909.34,459659827662.66675,3.5250457761443292e+16,-8187790604.4512,0.01137396133887015,-0.043945564453239834,0.05304982701388144,0.004429280793205681,8099943901551661.0,4.3543267019276856e+16,4.354372667910452e+16,4.335040166299495e+16,3256400.2243388584,-8187790604.4512,1.0,373.49987720422195,1.9912225007577843e-10,1.9912225007577843e-10,0.04304654199768332,748264.3010382578,373.49987720422195
2403.0,34608.55138722625,10824977777.923464,369.44801927033,4.851052120734332e-05,2.571709693652487,0.18244618675104612,8.462781137951712e+16,0.3813530559437058,0.3813530559437058,64394048313.61267,0.05078755969708401,4046776.787147681,4046740.598047612,4028892.1746127214,36.18910006943656,17848.423434890316,1.0059993948289743,8.942697354687552e-06,8.942697354687552e-06,8.942697354687552e-06,0.00441056771553419,17848.423434890316,-13957913.768831084,-0.0012894173138440017,-0.7419476094278745,0.629970199322044,0.0,0.0,-505816119906899.0,-5.421542516781127,0.004410567715534386,0.004410567715534386,193208787053656.03,391746204054.6993,3.5655703241787636e+16,-8031566384.440179,0.011448686118641508,-0.044378439387810845,0.05293051846751513,0.00441056771553419,7956965018044813.0,4.3805877046886104e+16,4.380626879309016e+16,4.361266825983245e+16,3293836.1605235008,-8031566384.440179,1.0,373.0007402075538,1.9573177479184789e-10,1.9573177479184789e-10,0.042716073153808765,735056.0140892209,373.0007402075538
2404.0,34866.50583590186,10824978463.3472,369.03446912006115,4.8478097334948714e-05,2.571071234529769,0.17787906213915558,8.412199525961022e+16,0.3813173466470973,0.3813173466470973,56362481929.17249,0.046375510013708536,4069613.6727243927,4069583.3279143637,4051713.7451803274,30.344810029068046,17869.58273403596,1.0057792896078503,7.456435049952491e-06,7.456435049952491e-06,7.456435049952491e-06,0.00439101040429955,17869.58273403596,-13879451.851714777,-0.0012821690037268768,-0.7167839867572311,0.628658079816382,0.0,0.0,-610474728395181.0,-5.425996385258433,0.004391010404299678,0.004391010404299678,193437848244940.25,328481915039.02374,3.605798923365902e+16,-7759171219.519172,0.01139180147323104,-0.044767492415941405,0.05280429834608153,0.00439101040429955,7801724797565843.0,4.4053151879469816e+16,4.4053480361384856e+16,4.385971403122487e+16,3330998.7041313252,-7759171219.519172,1.0,372.45279227994513,1.9246007005375072e-10,1.9246007005375072e-10,0.04235448983072221,720715.0410490022,372.45279227994513
2405.0,35125.99197582708,10824979127.629562,368.62138188667876,4.844595850162817e-05,2.5703703500083837,0.17314940964941877,8.351152053121504e+16,0.3812820131632917,0.3812820131632917,48603310709.65332,0.04200102535971019,4090952.1034038546,4090927.082786444,4073047.5090616792,25.020617410836675,17879.57372476493,1.005468899804729,6.116086617102753e-06,6.116086617102753e-06,6.116086617102753e-06,0.004370543244341245,17879.57372476493,-13803031.223465784,-0.0012751092691010435,-0.6799727100678562,0.6273486932298312,0.0,0.0,-716881294965691.0,-5.430678703794818,0.004370543244341496,0.004370543244341496,193546012381494.3,270847661232.71182,3.645638351328044e+16,-7360690393.842252,0.011188963868108224,-0.045090366623407534,0.052665185264724246,0.004370543244341245,7634270758155812.0,4.428420028381775e+16,4.4284471131478984e+16,4.409065427143626e+16,3367801.7373936134,-7360690393.842252,1.0,371.85219550328753,1.893087621384358e-10,1.893087621384358e-10,0.0419604721856317,705245.7716680655,371.85219550328753
2406.0,35387.01599879236,10824979771.42264,368.20875705200615,4.8414102029118255e-05,2.569602304096685,0.16825982703336734,8.279463923624934e+16,0.38124705153714894,0.38124705153714894,41242620315.811066,0.03772751574626404,4110706.595362988,4110686.309815213,4092808.5133726033,20.28554777469759,17877.796442609593,1.005061458879818,4.934807995681412e-06,4.934807995681413e-06,4.934807995681413e-06,0.004349102581708126,17877.796442609593,-13728765.98036292,-0.001268248649905667,-0.6306205594126493,0.6260420338701913,0.0,0.0,-824784745387177.0,-5.435607256054562,0.004349102581708286,0.004349102581708286,193526784848860.47,219590644313.32898,3.684989018732704e+16,-6826454799.085157,0.010825993918736284,-0.04532331777689856,0.052506742831437046,0.004349102581708126,7454679178237759.0,4.449809615041366e+16,4.4498315741057976e+16,4.43045693655648e+16,3404153.260831836,-6826454799.085157,1.0,371.1951593698009,1.862795300961047e-10,1.862795300961047e-10,0.041532482049853936,688655.2525407675,371.1951593698009
2407.0,35649.58410335169,10824980395.358406,367.7965940984467,4.8382525267119966e-05,2.568762360803026,0.1632129120425328,8.196985449086216e+16,0.38121245785515406,0.38121245785515406,34416165516.72591,0.03362412049955335,4128787.976312677,4128771.792595143,4110908.137606881,16.183717533701852,17863.65498826202,1.004550238225687,3.919725988970533e-06,3.9197259889705335e-06,3.919725988970533e-06,0.004326626872499971,17863.65498826202,-13656774.926117007,-0.001261598120951132,-0.567863275381111,0.6247380960571179,0.0,0.0,-933929257273831.0,-5.440799830307159,0.004326626872500183,0.004326626872500183,193373715037382.78,175188425026.34064,3.723744380490144e+16,-6147108823.244538,0.01028895762915635,-0.04544130298847233,0.052322097125322674,0.004326626872499971,7263056191812384.0,4.469387371175121e+16,4.469404890017623e+16,4.450049999671382e+16,3439954.849328717,-6147108823.244538,1.0,370.4779465301694,1.833741529425701e-10,1.833741529425701e-10,0.04106874058095089,670953.2882781642,370.4779465301694
2408.0,35913.702494726516,10824981000.049341,367.38489250898306,4.835122559296256e-05,2.56784578413576,0.15801126242844674,8.103592523358834e+16,0.3811782282449787,0.3811782282449787,28269056693.48137,0.029765566937429797,4145102.902131924,4145090.169520783,4127253.610909292,12.732611141324544,17836.55861149101,1.0039285539489615,3.071723776694631e-06,3.0717237766946306e-06,3.0717237766946297e-06,0.004303056841234677,17836.55861149101,-13587182.676678173,-0.0012551691939797624,-0.49087232079840526,0.623436874122098,0.0,0.0,-1044053523430478.0,-5.44627421956489,0.004303056841234887,0.004303056841234887,193080408075656.66,137830273685.85474,3.761790292054976e+16,-5313683546.092862,0.009564254081584773,-0.04541808068131202,0.0521039575320036,0.004303056841234677,7059538999928356.0,4.487052232855378e+16,4.4870660158827464e+16,4.467744192047812e+16,3475101.0574871493,-5313683546.092862,1.0,369.69687890078757,1.80594559433097e-10,1.80594559433097e-10,0.04056720067308506,652152.5534221425,369.69687890078757
2409.0,36179.37738470879,10824981586.089043,366.9736517671768,4.832020041127191e-05,2.566847838103241,0.15265747594264073,7.999187171015786e+16,0.38114435887504783,0.38114435887504783,22955373147.388508,0.02623199249824537,4159553.32752815,4159543.4040687517,4141747.4812426674,9.923459398267791,17795.92282608414,1.0031897740825975,2.3857031312938814e-06,2.385703131293881e-06,2.3857031312938814e-06,0.00427833564825328,17795.92282608414,-13520120.887468658,-0.0012489740310360513,-0.39886217398094265,0.6221383624084251,0.0,0.0,-1154889957678085.0,-5.4520482212392825,0.004278335648253528,0.004278335648253528,192640536899822.5,107421265256.55109,3.799004300534485e+16,-4317675688.731148,0.008638710036278535,-0.045226322617915385,0.051844641178115776,0.00427833564825328,6844297213337700.0,4.502698075558237e+16,4.5027088176847624e+16,4.483434021868254e+16,3509478.7647643723,-4317675688.731148,1.0,368.84834411442216,1.7794288157834577e-10,1.7794288157834577e-10,0.04002551323463033,632268.7164782954,368.84834411442216
2410.0,36446.61499156369,10824982154.052788,366.56287135716735,4.828944715364363e-05,2.5657637867138217,0.14715415033664642,7.883698175247978e+16,0.3811108459541106,0.3811108459541106,18637697458.65736,0.02310872753866696,4172035.9217151827,4172028.1975074518,4154287.0269784974,7.724207730866197,17741.170528953928,1.002327326218937,1.8514240710781474e-06,1.8514240710781474e-06,1.8514240710781478e-06,0.004252409065584279,17741.170528953928,-13455729.633129308,-0.0012430255719259166,-0.29109820215170684,0.6208425552711746,0.0,0.0,-1266163831136603.0,-5.458139636215805,0.004252409065584439,0.004252409065584439,192047854367933.53,83614410840.82315,3.835254858574387e+16,-3151132843.369077,0.007499681977431732,-0.044837738821387516,0.05153610122763866,0.004252409065584279,6617534344111376.0,4.516213078422318e+16,4.5162214398634024e+16,4.497008292985525e+16,3542966.4492689236,-3151132843.369077,1.0,367.9288022967851,1.7542151324003782e-10,1.7542151324003782e-10,0.04218503931313866,611320.5777095737,367.9288022967851
2411.0,36715.42153993242,10824982704.498117,366.1525507636719,4.825896327832071e-05,2.556331978709651,0.14010463509728216,7.757081792134317e+16,0.38107768573081646,0.38107768573081646,15486564615.288282,0.020486035798743106,4182441.418449884,4182435.3329036958,4165301.2187432675,6.085546187865748,17134.114160428,0.9895066032626969,1.4550224567451804e-06,1.4550224567451806e-06,1.4550224567451806e-06,0.004096683581843326,17134.114160428,-13382393.122246066,-0.0012362507624779173,1.3122011735010028,0.6195494470771791,0.0,0.0,-1439859956145051.0,-5.495525668241203,0.004096683581843563,0.004096683581843563,185476489443529.38,65875932231.07117,3.877209181593154e+16,14204555007.97049,0.006135166232728494,-0.0442232163040771,0.051169959327522385,0.004096683581843326,6317221835989267.0,4.527479014136434e+16,4.527485601729657e+16,4.50893136519208e+16,3581723.2114209775,14204555007.97049,1.0,360.0244359987301,1.725775823683421e-10,1.725775823683421e-10,0.04606225969586686,583578.0073222901,360.0244359987301
2412.0,36985.803260733934,10824983237.96537,365.7426894719841,4.822874626987563e-05,2.5317771532155153,0.130358755617036,7.613095796519811e+16,0.38104487449329466,0.38104487449329466,29691119623.258774,0.018458809275042808,4189626.171293656,4189621.222076833,4173995.7931269254,4.949216822802773,15625.428949907486,0.9558196110609684,1.181302727368293e-06,1.181302727368293e-06,1.1813027273682927e-06,0.0037295564734040137,15625.428949907486,-13292996.173778176,-0.0012279923101549935,5.519271284222039,0.6182590322050043,0.0,0.0,-1723039501125615.0,-5.589598277761357,0.0037295564734041164,0.0037295564734041164,169145006468767.38,53575189147.89625,3.929337820054274e+16,59746019137.48717,-0.005537190180416802,-0.0401026785939884,0.04990335375756799,0.0037295564734040137,5890056295394197.0,4.5352579502405704e+16,4.5352633077594856e+16,4.5183434495936936e+16,3629878.895584156,59746019137.48717,1.0,340.23356300302464,1.6915052146799086e-10,1.6915052146799086e-10,0.04823373340058157,544116.8975427692,340.23356300302464
2413.0,37257.76639106691,10824983754.978226,365.3332869679739,4.819879363889698e-05,2.494324159813727,0.11828882350594372,7.44079184640725e+16,0.38101240856873914,0.38101240856873914,89437138760.74594,0.02153790471258304,4191547.440967374,4191540.699799691,4177979.483734684,6.741167682726311,13561.21606500668,0.906299670689647,1.6082766037285996e-06,1.6082766037285996e-06,1.6082766037285996e-06,0.0032353774032671937,13561.21606500668,-13195078.528738024,-0.0012189467279957655,11.679308190513279,0.6169713050449246,0.0,0.0,-2090995268047594.0,-5.731989821600676,0.003235377403267403,0.003235377403267403,146799943601447.06,72973030655.09653,3.9876763461700616e+16,126428321431.69038,-0.04064657937701413,-0.026852483461694217,0.04627707150977875,0.0032353774032671937,5349796578359656.0,4.537335998366172e+16,4.5373432956692376e+16,4.522656004006027e+16,3683771.2059717383,126428321431.69038,1.0,312.1218409620457,1.654481466808307e-10,1.654481466808307e-10,0.048768779429471554,494208.2777629459,312.1218409620457
2414.0,37531.31717411096,10824984256.044205,364.9243427380868,4.816910292168036e-05,2.4461978480865954,0.10426715037404115,7.23169231960249e+16,0.38098028432299735,0.38098028432299735,215865460192.43634,0.03995052076740255,4186369.970418903,4186346.805203769,4175056.973105348,23.16521513408089,11289.83209842062,0.8462464961091227,5.533484927936957e-06,5.533484927936958e-06,5.533484927936958e-06,0.0026968219843580524,11289.83209842062,-13095671.095755478,-0.0012097635235306158,19.089349143875246,0.615686259998898,0.0,0.0,-2519346174013198.0,-5.9143313134358335,0.0026968219843582775,0.0026968219843582775,122212254718785.72,250763089114.30255,4.048257985636368e+16,206641903940.58044,-0.10203229637904934,-0.000436415792552141,0.03921395642100021,0.0026968219843580524,4712346145589292.0,4.531713825667175e+16,4.531738901976087e+16,4.519492600195297e+16,3739735.679870384,206641903940.58044,1.0,279.3816308069767,1.61744457450738e-10,1.61744457450738e-10,0.04775684600335106,435321.2932349644,279.3816308069767
2415.0,37806.46185902746,10824984741.655176,364.5158562693431,4.8139671679923514e-05,2.389623067616431,0.08866604783136409,6.97975770220117e+16,0.38094849816016324,0.38094849816016324,422507364133.0168,0.0850890159135525,4172438.573000316,4172333.838251581,4163246.45444533,104.73474873519633,9087.383806251371,0.7806235550667092,2.5101567561217255e-05,2.5101567561217255e-05,2.510156756121725e-05,0.002178009756299713,9087.383806251371,-13001257.676564373,-0.001201041663045932,27.073069224189265,0.6144038914805426,0.0,0.0,-2983837889366817.0,-6.128253780557015,0.0021780097562998924,0.0021780097562998924,98370791044235.44,1133752056979.589,4.107115953228636e+16,293065561261.6231,-0.1864802474520746,0.04152409814214239,0.028044394431489338,0.002178009756299713,3995919812834353.5,4.5165450136164936e+16,4.516658388822192e+16,4.506707934512071e+16,3794107.845181723,293065561261.6231,1.0,245.25793517319283,1.5827715369589562e-10,1.5827715369589562e-10,0.04527067910795757,369138.60926360654,245.25793517319283
2416.0,38083.206700860304,10824985212.287836,364.10782704933735,4.8110497500425816e-05,2.3268246679855458,0.07185782748794838,6.681373913264488e+16,0.38091704652217506,0.38091704652217506,715572925394.6399,0.16685188254935224,4148251.219461946,4147850.8314061607,4140722.27173104,400.3880557848787,7128.559675120898,0.713668713592223,9.651972231248123e-05,9.651972231248125e-05,9.651972231248125e-05,0.0017186152455497654,7128.559675120898,-12917947.554573465,-0.0011933455151430443,35.03665330681533,0.6131241939151122,0.0,0.0,-3460472018464733.0,-6.365376478612904,0.0017186152455498371,0.0017186152455498371,77166553068095.1,4334194783047.9893,4.160235546487965e+16,379271253934.33167,-0.2876055236596317,0.09985489384350664,0.01248709673429994,0.0017186152455497654,3220901894799754.5,4.4900423912747496e+16,4.490475810753054e+16,4.48232573596794e+16,3843178.9650534852,379271253934.33167,1.0,212.23874453722647,1.5525494018207746e-10,1.5525494018207746e-10,0.041344355017847834,297543.3066775548,212.23874453722647
2417.0,38361.55796043611,10824985668.404179,363.70025456623745,4.808157799479178e-05,2.2600274987762496,0.054214800953829786,6.335326711418014e+16,0.3808859258884168,0.3808859258884168,1094844179328.9716,0.29226827345227513,4112432.1199512626,4111214.2078877124,4105720.9821679527,1217.9120635499175,5493.225719759535,0.6487127497287928,0.000296153718292705,0.000296153718292705,0.00029615371829270495,0.0013361565323500577,5493.225719759535,-12851763.150533639,-0.001187231424060467,42.49944396464136,0.6118471617394711,0.0,0.0,-3925783995496406.5,-6.6172895952931485,0.0013361565323501967,0.0013361565323501967,59464089689706.2,13183880633304.416,4.203482807451281e+16,460055871832.38916,-0.3978291130850708,0.17405381450844154,-0.007401430108277009,0.0013361565323500577,2409542715921608.5,4.450383488012413e+16,4.451701876075743e+16,4.444437079043442e+16,3883130.1363477544,460055871832.38916,1.0,181.98160825722476,1.5287035622653492e-10,1.5287035622653492e-10,0.03597235973344226,222590.8458201981,181.98160825722476
2418.0,38641.521904263944,10824986110.451954,363.2931383087847,4.805291079913871e-05,2.1914564095708533,0.03610927983904418,5.9427483118683736e+16,0.38085513277532423,0.38085513277532423,1554900051161.3608,0.4649988286297224,4063705.4343132996,4060659.0844503087,4056467.652795407,3046.34986299091,4191.431654901726,0.5881654491455072,0.0007496482981438574,0.0007496482981438574,0.0007496482981438574,0.0010322047647270344,4191.431654901726,-12808927.62158861,-0.0011832742777582949,49.10238615049092,0.6105727894020713,0.0,0.0,-4357146286380281.0,-6.8755418916833895,0.001032204764727207,0.001032204764727207,45372189447219.83,32976694954453.812,4.232560397351982e+16,531532648069.1126,-0.5096812251936271,0.26257651832234824,-0.03129417895924544,0.0010322047647270344,1585602025488092.8,4.395657818845514e+16,4.398955488340959e+16,4.391120599900792e+16,3909991.527162587,531532648069.1126,1.0,155.401930498103,1.5131413234046994e-10,1.5131413234046994e-10,0.029123290648109146,146476.12563282007,155.401930498103
2419.0,38923.10480443489,10824986538.865088,362.8864777662922,4.802449357380833e-05,2.1233362499516684,0.017913575753627335,5.507033683230346e+16,0.38082466373599505,0.38082466373599505,2086432699230.4734,0.6854107816344004,4000871.343816707,3994354.90546519,3991163.0656308625,6516.4383515170375,3191.8398343274257,0.5336154745024447,0.0016287547865262166,0.0016287547865262166,0.0016287547865262166,0.0007990876899697269,3191.8398343274257,-12796087.157843174,-0.00118208804342631,54.600158740159614,0.6093010713629274,0.0,0.0,-4733090424850056.0,-7.13164019163263,0.0007990876899698351,0.0007990876899698351,34551623240807.754,70540357436516.12,4.243034320148931e+16,591045983382.1248,-0.6165805329426076,0.36313284816506763,-0.05866500709014913,0.0007990876899697269,773943258380289.9,4.323883808311041e+16,4.330937844054693e+16,4.32042864598696e+16,3919667.0637096046,591045983382.1248,1.0,132.8422583050465,1.5078937336339693e-10,1.5078937336339693e-10,0.020756795775630943,71496.00192125796,132.8422583050465
2420.0,39206.31293852121,10824986954.064135,362.4802724286451,4.799632400308242e-05,2.057891869501005,3.0761508618137867e-10,5.03372464074534e+16,0.3807945153598028,0.3807945153598028,2677478682612.598,0.9509932308863305,3922786.0659683757,3910486.116790803,3908041.123366127,12299.949177572289,2444.99342467623,0.4859926304460162,0.003135513630039352,0.0031355136300393518,0.0031355136300393518,0.0006252402774626775,2444.99342467623,-12820472.286022106,-0.0011843406685315945,58.84354598828253,0.608032002093593,0.0,0.0,-5033724627731839.0,-7.377061836555114,0.0006252402774628019,0.0006252402774628019,26467021924892.78,133146789382871.9,4.230449416337097e+16,636980617654.0314,-0.7132121187199474,0.4729576206052035,-0.0888548291560089,0.0006252402774626775,13013500.621928139,4.233096119830936e+16,4.246410798769224e+16,4.230449417638446e+16,3908041.1221639547,636980617654.0314,1.0,114.25938167343918,1.515264291539607e-10,1.515264291539607e-10,0.020756795775630943,0.001202172406964643,114.25938167343918
