sweep,cell,beta,tau,eta,rho,mac,dt,converged,chosen_from,was_dup,d_score,alt_mac,alt_dt,r_mu_pct
mc/mc_beta0_s,mc_beta0_s_gid-1384_20260710_050037,0.0,0.0,1.000258,0.038948,37.2840921567,3.18035543638,True,mc/mc_beta0_s,False,,,,5.82861758433
mc/mc_low_rmu_s_beta0_0,mc_low_rmu_s_beta0_0_gid-196_20260711_034023,0.0,0.0,1.000345,0.002646,207.963685273,2.10954169496,True,mc/mc_low_rmu_s_beta0_0,False,,,,2.65099428442
mc/mc_infill_2_3_a,mc_infill_2_3_a_gid-163_20260714_213243,0.0,0.0,1.002129,-0.016226,642.817540136,0.808368361408,True,mc/mc_infill_2_3_a,True,0.227365,536.821682,0.756174,1.16559823265
mc/mc_beta0_s,mc_beta0_s_gid-400_20260710_075132,0.0,0.0,1.003737,0.03078,50.2384683546,3.05416286112,True,mc/mc_beta0_s,False,,,,5.13328385671
mc/mc_beta0_s,mc_beta0_s_gid-1153_20260710_045241,0.0,0.0,1.005713,0.024463,65.3552843915,2.92208698276,True,mc/mc_beta0_s,False,,,,4.5956648412
mc/mc_beta0_s,mc_beta0_s_gid-475_20260710_075653,0.0,0.0,1.006894,0.010339,132.164304689,2.47400265624,True,mc/mc_beta0_s,False,,,,3.37150333564
mc/mc_beta0_s,mc_beta0_s_gid-874_20260710_080326,0.0,0.0,1.008942,0.012173,119.278227812,2.54786662614,True,mc/mc_beta0_s,False,,,,3.53834613766
mc/mc_low_rmu_s_beta0_0,mc_low_rmu_s_beta0_0_gid-412_20260711_035051,0.0,0.0,1.009108,-0.011571,485.936284122,1.21507396747,True,mc/mc_low_rmu_s_beta0_0,True,0.112811,496.255832,1.208623,1.28176313217
mc/mc_beta0_s,mc_beta0_s_gid-1057_20260710_045242,0.0,0.0,1.01062,0.032369,46.9777175769,3.08450816745,True,mc/mc_beta0_s,False,,,,5.28389473596
mc/mc_beta0_s,mc_beta0_s_gid-103_20260710_074742,0.0,0.0,1.012344,0.01915,83.1131489617,2.78441730603,True,mc/mc_beta0_s,False,,,,4.15273810844
mc/mc_infill_3_4,mc_infill_3_4_gid-115_20260714_172001,0.0,0.0,1.014268,-0.002172,274.307522953,1.85269372973,True,mc/mc_infill_3_4,False,,,,2.22451446839
mc/mc_infill_2_3,mc_infill_2_3_gid-211_20260715_041042,0.0,0.0,1.015159,-0.007632,383.730045738,1.50220231449,True,mc/mc_infill_2_3,True,0.078479,384.405195,1.500481,1.68885652388
mc/mc_beta0_s,mc_beta0_s_gid-676_20260710_080022,0.0,0.0,1.015863,0.012519,116.222450477,2.56564958058,True,mc/mc_beta0_s,False,,,,3.58514326405
mc/mc_beta0_s,mc_beta0_s_gid-1114_20260710_050004,0.0,0.0,1.016513,0.012833,114.206675215,2.57780018116,True,mc/mc_beta0_s,False,,,,3.614187597
mc/mc_low_rmu_s_beta0_0,mc_low_rmu_s_beta0_0_gid-445_20260711_035057,0.0,0.0,1.018999,-0.004837,321.587816601,1.69242340521,True,mc/mc_low_rmu_s_beta0_0,False,,,,1.9739836166
mc/mc_beta0_s,mc_beta0_s_gid-1129_20260710_050004,0.0,0.0,1.019421,0.022416,70.8017458263,2.8774964739,True,mc/mc_beta0_s,False,,,,4.45020370881
mc/mc_beta0_s,mc_beta0_s_gid-577_20260710_075553,0.0,0.0,1.022413,0.01512,100.672776271,2.66274336541,True,mc/mc_beta0_s,False,,,,3.82744560969
mc/mc_low_rmu_s_beta0_0,mc_low_rmu_s_beta0_0_gid-292_20260711_034631,0.0,0.0,1.023894,0.005542,170.388682837,2.27593210227,True,mc/mc_low_rmu_s_beta0_0,False,,,,2.98118574522
mc/mc_beta0_s,mc_beta0_s_gid-607_20260710_080023,0.0,0.0,1.024275,0.03018,50.6378249978,3.0497157944,True,mc/mc_beta0_s,False,,,,5.12494694567
mc/mc_beta0_s,mc_beta0_s_gid-772_20260710_081424,0.0,0.0,1.026647,0.021108,74.7192003888,2.84651204488,True,mc/mc_beta0_s,False,,,,4.35408788035
mc/mc_beta0_s,mc_beta0_s_gid-1240_20260710_045905,0.0,0.0,1.028877,0.028009,55.0850535077,3.00913343409,True,mc/mc_beta0_s,False,,,,4.94919203255
mc/mc_low_rmu_s_beta0_0,mc_low_rmu_s_beta0_0_gid-433_20260711_035052,0.0,0.0,1.029672,0.004656,178.26845585,2.23839745812,True,mc/mc_low_rmu_s_beta0_0,False,,,,2.91347615786
mc/mc_beta0_s,mc_beta0_s_gid-100_20260710_074742,0.0,0.0,1.032867,0.027212,56.7529288078,2.99417575174,True,mc/mc_beta0_s,False,,,,4.88966075208
mc/mc_infill_2_3_a,mc_infill_2_3_a_gid-145_20260714_213243,0.0,0.0,1.033711,-0.005747,334.075912003,1.65064711553,True,mc/mc_infill_2_3_a,True,0.154286,333.697032,1.651862,1.92348508763
mc/mc_beta0_s,mc_beta0_s_gid-994_20260710_080255,0.0,0.0,1.035602,0.033609,44.0134271297,3.11220792695,True,mc/mc_beta0_s,False,,,,5.44147805785
mc/mc_infill_3_4,mc_infill_3_4_gid-121_20260714_172903,0.0,0.0,1.036666,-0.004516,308.34609642,1.73364940619,True,mc/mc_infill_3_4,False,,,,2.0534224196
mc/mc_low_rmu_s_beta0_0,mc_low_rmu_s_beta0_0_gid-34_20260711_034022,0.0,0.0,1.037997,0.007496,149.810949135,2.37706766338,True,mc/mc_low_rmu_s_beta0_0,False,,,,3.19410147253
mc/mc_beta0_s,mc_beta0_s_gid-526_20260710_075454,0.0,0.0,1.038819,0.038231,37.2449919235,3.17975189252,True,mc/mc_beta0_s,False,,,,5.84342518528
mc/mc_beta0_s,mc_beta0_s_gid-280_20260710_075225,0.0,0.0,1.041768,0.027085,56.6396339575,2.99479530382,True,mc/mc_beta0_s,False,,,,4.89787373292
mc/mc_infill_2_3,mc_infill_2_3_gid-469_20260715_041803,0.0,0.0,1.043386,-0.010229,434.065950361,1.3529421849,True,mc/mc_infill_2_3,True,0.005794,434.06595,1.352942,1.49134833282
mc/mc_beta0_s,mc_beta0_s_gid-865_20260710_080353,0.0,0.0,1.044259,0.007691,147.123644143,2.39058054872,True,mc/mc_beta0_s,False,,,,3.22679620592
mc/mc_low_rmu_s_beta0_0,mc_low_rmu_s_beta0_0_gid-40_20260711_034022,0.0,0.0,1.046008,-0.009218,408.298762383,1.43337550898,True,mc/mc_low_rmu_s_beta0_0,True,0.073644,408.904498,1.433034,1.6055670606
mc/mc_beta0_s,mc_beta0_s_gid-1075_20260710_045238,0.0,0.0,1.046151,0.020149,76.7617452408,2.8298334574,True,mc/mc_beta0_s,False,,,,4.31446125763
mc/mc_beta0_s,mc_beta0_s_gid-1273_20260710_045735,0.0,0.0,1.048653,0.015686,95.2513905412,2.6971730028,True,mc/mc_beta0_s,False,,,,3.9371562226
mc/mc_beta0_s,mc_beta0_s_gid-277_20260710_075223,0.0,0.0,1.051986,0.009659,130.646834266,2.47929026617,True,mc/mc_beta0_s,False,,,,3.41993618126
mc/mc_infill_3_4,mc_infill_3_4_gid-145_20260714_171604,0.0,0.0,1.054892,0.008782,136.731184964,2.44535063378,True,mc/mc_infill_3_4,False,,,,3.34950216995
mc/mc_beta0_s,mc_beta0_s_gid-733_20260710_080156,0.0,0.0,1.055383,0.03252,45.1831848049,3.10018886309,True,mc/mc_beta0_s,False,,,,5.38923433245
mc/mc_beta0_s,mc_beta0_s_gid-1132_20260710_045614,0.0,0.0,1.057161,0.015857,93.6327345983,2.70764888652,True,mc/mc_beta0_s,False,,,,3.97147940259
mc/mc_infill_2_3,mc_infill_2_3_gid-451_20260715_041754,0.0,0.0,1.058591,-0.014237,541.735937514,1.08300349963,True,mc/mc_infill_2_3,True,0.109022,541.735938,1.083003,1.12136076512
mc/mc_beta0_s,mc_beta0_s_gid-505_20260710_081424,0.0,0.0,1.059576,0.014397,100.620467185,2.66073459126,True,mc/mc_beta0_s,False,,,,3.85112481954
mc/mc_beta0_s,mc_beta0_s_gid-583_20260710_075627,0.0,0.0,1.060506,0.014093,102.115535421,2.65091227934,True,mc/mc_beta0_s,False,,,,3.82700647166
mc/mc_beta0_s,mc_beta0_s_gid-22_20260710_074741,0.0,0.0,1.063156,0.0348,41.3142106406,3.13793779611,True,mc/mc_beta0_s,False,,,,5.59917538478
mc/mc_beta0_s,mc_beta0_s_gid-1222_20260710_050006,0.0,0.0,1.064077,0.009795,127.970863184,2.49355705265,True,mc/mc_beta0_s,False,,,,3.46092775922
mc/mc_low_rmu_s_beta0_0,mc_low_rmu_s_beta0_0_gid-49_20260711_034022,0.0,0.0,1.064168,0.001325,208.632684504,2.10123327317,True,mc/mc_low_rmu_s_beta0_0,False,,,,2.68917424915
mc/mc_beta0_s,mc_beta0_s_gid-895_20260710_080323,0.0,0.0,1.066674,0.016315,90.6466710681,2.72765156124,True,mc/mc_beta0_s,False,,,,4.03266230304
mc/mc_beta0_s,mc_beta0_s_gid-859_20260710_080323,0.0,0.0,1.068137,0.003936,177.830228272,2.23734274685,True,mc/mc_beta0_s,False,,,,2.94330783232
mc/mc_infill_2_3,mc_infill_2_3_gid-1_20260715_040904,0.0,0.0,1.069498,-0.013067,498.156629831,1.18760392441,True,mc/mc_infill_2_3,True,0.169332,498.15663,1.187604,1.26995977256
mc/mc_beta0_s,mc_beta0_s_gid-1162_20260710_045241,0.0,0.0,1.070845,0.016495,89.4691759613,2.73562267204,True,mc/mc_beta0_s,False,,,,4.05763197415
mc/mc_low_rmu_s_beta0_0,mc_low_rmu_s_beta0_0_gid-145_20260711_034024,0.0,0.0,1.072059,-0.007411,353.512293891,1.58814950199,True,mc/mc_low_rmu_s_beta0_0,False,,,,1.86047488625
mc/mc_beta0_s,mc_beta0_s_gid-1375_20260710_045914,0.0,0.0,1.073047,0.005738,159.224707131,2.32657590505,True,mc/mc_beta0_s,False,,,,3.121695825
mc/mc_beta0_s,mc_beta0_s_gid-454_20260710_075752,0.0,0.0,1.074031,0.01072,120.366994109,2.53693974887,True,mc/mc_beta0_s,False,,,,3.56570994378
mc/mc_infill_3_4,mc_infill_3_4_gid-25_20260714_162331,0.0,0.0,1.074251,0.003103,185.4462438,2.20185633864,True,mc/mc_infill_3_4,False,,,,2.88131126646
mc/mc_low_rmu_s_beta0_0,mc_low_rmu_s_beta0_0_gid-232_20260711_034530,0.0,0.0,1.075117,0.010047,124.708477816,2.51148137936,True,mc/mc_low_rmu_s_beta0_0,False,,,,3.50942536586
mc/mc_beta0_s,mc_beta0_s_gid-562_20260710_081424,0.0,0.0,1.076787,0.025898,57.8297679676,2.98279432321,True,mc/mc_beta0_s,False,,,,4.87201857098
mc/mc_infill_2_3,mc_infill_2_3_gid-433_20260715_041756,0.0,0.0,1.078796,-0.005195,305.161068283,1.73984915077,True,mc/mc_infill_2_3,True,0.199323,305.161068,1.739849,2.09823171445
mc/mc_beta0_s,mc_beta0_s_gid-1453_20260710_050335,0.0,0.0,1.079173,0.026033,57.3887914283,2.98656288416,True,mc/mc_beta0_s,False,,,,4.88857090843
mc/mc_beta0_s,mc_beta0_s_gid-1486_20260710_050516,0.0,0.0,1.085125,0.0002,217.710382809,2.06164983837,True,mc/mc_beta0_s,False,,,,2.63657431114
mc/mc_infill_2_3,mc_infill_2_3_gid-301_20260715_041534,0.0,0.0,1.085657,-0.00745,348.38040309,1.60182786878,True,mc/mc_infill_2_3,True,0.096673,347.379535,1.602617,1.89138306137
mc/mc_beta0_s,mc_beta0_s_gid-853_20260710_080423,0.0,0.0,1.08635,0.033068,43.2777446202,3.11772749699,True,mc/mc_beta0_s,False,,,,5.49928290163
mc/mc_beta0_s,mc_beta0_s_gid-1276_20260710_050229,0.0,0.0,1.088951,0.030365,47.8292483702,3.07359891022,True,mc/mc_beta0_s,False,,,,5.27584890974
mc/mc_beta0_s,mc_beta0_s_gid-469_20260710_075653,0.0,0.0,1.090062,0.011165,115.515364921,2.56483073933,True,mc/mc_beta0_s,False,,,,3.64245667811
mc/mc_infill_3_4,mc_infill_3_4_gid-253_20260714_175436,0.0,0.0,1.091228,-0.000643,227.43418144,2.02174056852,True,mc/mc_infill_3_4,False,,,,2.57245660456
mc/mc_infill_2_3,mc_infill_2_3_gid-25_20260715_040908,0.0,0.0,1.091435,-0.014219,525.227573422,1.1151050101,True,mc/mc_infill_2_3,True,0.093198,525.227573,1.115105,1.20906100912
mc/mc_low_rmu_s_beta0_0,mc_low_rmu_s_beta0_0_gid-442_20260711_035052,0.0,0.0,1.091978,0.000647,210.182926745,2.09229889202,True,mc/mc_low_rmu_s_beta0_0,False,,,,2.69658478501
mc/mc_beta0_s,mc_beta0_s_gid-1042_20260710_045404,0.0,0.0,1.092721,0.019235,76.7308602565,2.82749533058,True,mc/mc_beta0_s,False,,,,4.34068814441
mc/mc_beta0_s,mc_beta0_s_gid-763_20260710_081424,0.0,0.0,1.094018,0.019024,77.4039213912,2.82229451491,True,mc/mc_beta0_s,False,,,,4.32568004689
mc/mc_beta0_s,mc_beta0_s_gid-703_20260710_080041,0.0,0.0,1.097333,0.006431,148.845998452,2.37748223246,True,mc/mc_beta0_s,False,,,,3.24508000465
mc/mc_beta0_s,mc_beta0_s_gid-139_20260710_074738,0.0,0.0,1.098684,0.011764,110.867686697,2.59273231441,True,mc/mc_beta0_s,False,,,,3.71472248168
mc/mc_beta0_s,mc_beta0_s_gid-25_20260710_074741,0.0,0.0,1.101382,0.006705,145.883289129,2.39268182873,True,mc/mc_beta0_s,False,,,,3.27846134772
mc/mc_beta0_s,mc_beta0_s_gid-520_20260710_075502,0.0,0.0,1.103136,0.005883,152.551366687,2.35785790245,True,mc/mc_beta0_s,False,,,,3.20952870965
mc/mc_beta0_s,mc_beta0_s_gid-844_20260710_080525,0.0,0.0,1.1047,0.029384,49.0881654758,3.06107544834,True,mc/mc_beta0_s,False,,,,5.22581901894
mc/mc_low_rmu_s_beta0_0,mc_low_rmu_s_beta0_0_gid-160_20260711_034023,0.0,0.0,1.105349,-0.011348,432.579293207,1.3547738206,True,mc/mc_low_rmu_s_beta0_0,False,,,,1.55362692127
mc/mc_beta0_s,mc_beta0_s_gid-1168_20260710_045241,0.0,0.0,1.109272,0.017676,81.3526059984,2.79178551104,True,mc/mc_beta0_s,False,,,,4.24548278709
mc/mc_beta0_s,mc_beta0_s_gid-991_20260710_080255,0.0,0.0,1.11075,0.006817,143.437239089,2.40490100741,True,mc/mc_beta0_s,False,,,,3.31115803917
mc/mc_low_rmu_s_beta0_0,mc_low_rmu_s_beta0_0_gid-211_20260711_034528,0.0,0.0,1.112183,0.004125,167.07764939,2.28480141194,True,mc/mc_low_rmu_s_beta0_0,False,,,,3.0711172819
mc/mc_beta0_s,mc_beta0_s_gid-1465_20260710_050336,0.0,0.0,1.11334,0.013111,101.750115458,2.64978947943,True,mc/mc_beta0_s,False,,,,3.86510597954
mc/mc_beta0_s,mc_beta0_s_gid-1066_20260710_050137,0.0,0.0,1.11505,0.022105,65.9325341354,2.91196877818,True,mc/mc_beta0_s,False,,,,4.63416543591
mc/mc_beta0_s,mc_beta0_s_gid-1177_20260710_050135,0.0,0.0,1.116718,0.036398,37.6346671348,3.17357785785,True,mc/mc_beta0_s,False,,,,5.84223400724
mc/mc_low_rmu_s_beta0_0,mc_low_rmu_s_beta0_0_gid-13_20260711_034021,0.0,0.0,1.116796,0.007183,139.56122178,2.42523644934,True,mc/mc_low_rmu_s_beta0_0,False,,,,3.35808968088
mc/mc_infill_2_3,mc_infill_2_3_gid-523_20260715_041751,0.0,0.0,1.117375,-0.005529,297.072428579,1.76393210266,True,mc/mc_infill_2_3,True,0.273058,297.072429,1.763932,2.16817493028
mc/mc_beta0_s,mc_beta0_s_gid-160_20260710_075033,0.0,0.0,1.119563,0.001123,197.637930713,2.14356909369,True,mc/mc_beta0_s,False,,,,2.81158168788
mc/mc_beta0_s,mc_beta0_s_gid-1243_20260710_045906,0.0,0.0,1.120115,0.010131,118.239767522,2.54626459515,True,mc/mc_beta0_s,False,,,,3.62369808153
mc/mc_infill_2_3,mc_infill_2_3_gid-91_20260715_040902,0.0,0.0,1.122634,-0.009784,384.569120513,1.49024901425,True,mc/mc_infill_2_3,True,0.096057,384.606886,1.491632,1.75545030257
mc/mc_beta0_s,mc_beta0_s_gid-310_20260710_075804,0.0,0.0,1.12292,0.010532,115.371224261,2.56335194414,True,mc/mc_beta0_s,False,,,,3.66508595101
mc/mc_low_rmu_s_beta0_0,mc_low_rmu_s_beta0_0_gid-154_20260711_034024,0.0,0.0,1.12298,-0.01525,535.402449704,1.08937321655,True,mc/mc_low_rmu_s_beta0_0,False,,,,1.19497257399
mc/mc_beta0_s,mc_beta0_s_gid-397_20260710_081154,0.0,0.0,1.124135,0.017235,81.9176447376,2.78671377483,True,mc/mc_beta0_s,False,,,,4.24153354403
mc/mc_infill_3_4,mc_infill_3_4_gid-169_20260714_175005,0.0,0.0,1.125047,0.00227,183.455373826,2.20655180755,True,mc/mc_infill_3_4,False,,,,2.93233662644
mc/mc_beta0_s,mc_beta0_s_gid-694_20260710_081100,0.0,0.0,1.127242,0.031035,45.2907030954,3.09656986582,True,mc/mc_beta0_s,False,,,,5.4116167008
mc/mc_beta0_s,mc_beta0_s_gid-70_20260710_074900,0.0,0.0,1.128922,0.037315,36.1823179705,3.18824160144,True,mc/mc_beta0_s,False,,,,5.94387426711
mc/mc_beta0_s,mc_beta0_s_gid-1336_20260710_045705,0.0,0.0,1.131707,0.018207,77.6384548771,2.81832767913,True,mc/mc_beta0_s,False,,,,4.3407294581
mc/mc_beta0_s,mc_beta0_s_gid-184_20260710_074851,0.0,0.0,1.132643,0.037625,35.7201362361,3.19294843,True,mc/mc_beta0_s,False,,,,5.9773712821
mc/mc_beta0_s,mc_beta0_s_gid-1354_20260710_050506,0.0,0.0,1.134786,0.01358,97.1630937399,2.67872571669,True,mc/mc_beta0_s,False,,,,3.95487224889
mc/mc_infill_2_3_b,mc_infill_2_3_b_gid-55_20260715_002635,0.0,0.0,1.135112,-0.013955,489.143833618,1.20468190494,True,mc/mc_infill_2_3_b,True,0.099308,485.587868,1.209817,1.35873843577
mc/mc_infill_3_4,mc_infill_3_4_gid-217_20260714_174609,0.0,0.0,1.136649,0.0075,134.100149679,2.45362541047,True,mc/mc_infill_3_4,False,,,,3.43377448495
mc/mc_beta0_s,mc_beta0_s_gid-1324_20260710_050535,0.0,0.0,1.138569,0.001375,190.326556453,2.17424691202,True,mc/mc_beta0_s,False,,,,2.88323106122
mc/mc_beta0_s,mc_beta0_s_gid-811_20260710_080457,0.0,0.0,1.140065,0.028117,50.1830095366,3.04934482703,True,mc/mc_beta0_s,False,,,,5.19325800132
mc/mc_low_rmu_s_beta0_0,mc_low_rmu_s_beta0_0_gid-226_20260711_034813,0.0,0.0,1.1416,-0.007023,316.005101391,1.6978417851,True,mc/mc_low_rmu_s_beta0_0,False,,,,2.08587481991
mc/mc_infill_2_3,mc_infill_2_3_gid-277_20260715_041624,0.0,0.0,1.141975,-0.014548,499.417392918,1.16977421578,True,mc/mc_infill_2_3,True,0.039518,499.417393,1.169774,1.31350041672
mc/mc_beta0_s,mc_beta0_s_gid-169_20260710_074827,0.0,0.0,1.143092,0.016836,81.9918561252,2.7850083849,True,mc/mc_beta0_s,False,,,,4.25042965908
mc/mc_beta0_s,mc_beta0_s_gid-871_20260710_080356,0.0,0.0,1.144567,0.008022,129.140222891,2.48086974211,True,mc/mc_beta0_s,False,,,,3.49837355713
mc/mc_beta0_s,mc_beta0_s_gid-250_20260710_075152,0.0,0.0,1.147339,0.000719,195.821749758,2.14904931873,True,mc/mc_beta0_s,False,,,,2.84459235499
mc/mc_low_rmu_s_beta0_0,mc_low_rmu_s_beta0_0_gid-91_20260711_034023,0.0,0.0,1.147849,0.012033,103.806601165,2.63403620403,True,mc/mc_low_rmu_s_beta0_0,False,,,,3.85272662364
mc/mc_beta0_s,mc_beta0_s_gid-586_20260710_075629,0.0,0.0,1.148472,0.034169,39.7853715091,3.15059458008,True,mc/mc_beta0_s,False,,,,5.71809089042
mc/mc_beta0_s,mc_beta0_s_gid-430_20260710_075453,0.0,0.0,1.15335,0.006376,140.133953124,2.41924421531,True,mc/mc_beta0_s,False,,,,3.37543812556
mc/mc_beta0_s,mc_beta0_s_gid-826_20260710_080623,0.0,0.0,1.154491,0.021669,64.9052339303,2.9184359255,True,mc/mc_beta0_s,False,,,,4.68356300913
mc/mc_infill_2_3_b,mc_infill_2_3_b_gid-67_20260715_002403,0.0,0.0,1.154907,-0.012136,425.771057005,1.36914979046,True,mc/mc_infill_2_3_b,True,0.277246,424.808951,1.370814,1.59939660673
mc/mc_beta0_s,mc_beta0_s_gid-640_20260710_075952,0.0,0.0,1.157566,0.016185,83.4309457619,2.77351788094,True,mc/mc_beta0_s,False,,,,4.22802587259
mc/mc_beta0_s,mc_beta0_s_gid-1483_20260710_050545,0.0,0.0,1.159487,0.030266,45.5023929393,3.09328013139,True,mc/mc_beta0_s,False,,,,5.41357097521
mc/mc_low_rmu_s_beta0_0,mc_low_rmu_s_beta0_0_gid-7_20260711_033441,0.0,0.0,1.16243,-0.014788,494.398433928,1.17925190847,True,mc/mc_low_rmu_s_beta0_0,False,,,,1.37649887975
mc/mc_beta0_s,mc_beta0_s_gid-832_20260710_081327,0.0,0.0,1.16416,0.032145,42.297889437,3.1247282086,True,mc/mc_beta0_s,False,,,,5.58026791376
mc/mc_infill_2_3,mc_infill_2_3_gid-85_20260715_041020,0.0,0.0,1.167111,-0.005438,277.641149012,1.82599244123,True,mc/mc_infill_2_3,True,0.181497,277.641149,1.825992,2.30931541861
mc/mc_beta0_s,mc_beta0_s_gid-1234_20260710_045648,0.0,0.0,1.167593,0.028634,48.1284893786,3.06762874181,True,mc/mc_beta0_s,False,,,,5.29398212725
mc/mc_low_rmu_s_beta0_0,mc_low_rmu_s_beta0_0_gid-427_20260711_035052,0.0,0.0,1.16774,-0.007921,323.299910004,1.67187208414,True,mc/mc_low_rmu_s_beta0_0,False,,,,2.06509431465
mc/mc_infill_2_3,mc_infill_2_3_gid-577_20260715_042001,0.0,0.0,1.172381,-0.010075,367.633151019,1.53423669904,True,mc/mc_infill_2_3,True,0.220401,367.633151,1.534237,1.86157148449
mc/mc_beta0_s,mc_beta0_s_gid-181_20260710_074851,0.0,0.0,1.172786,0.011855,102.073326398,2.64354876602,True,mc/mc_beta0_s,False,,,,3.89533275639
mc/mc_beta0_s,mc_beta0_s_gid-64_20260710_074755,0.0,0.0,1.174824,0.008393,122.390554288,2.51752728796,True,mc/mc_beta0_s,False,,,,3.60262739432
mc/mc_infill_3_4,mc_infill_3_4_gid-127_20260714_172903,0.0,0.0,1.175036,0.009352,116.186595834,2.55454135413,True,mc/mc_infill_3_4,False,,,,3.68595134492
mc/mc_low_rmu_s_beta0_0,mc_low_rmu_s_beta0_0_gid-238_20260711_034527,0.0,0.0,1.175702,0.000871,187.595143792,2.18322995741,True,mc/mc_low_rmu_s_beta0_0,False,,,,2.93064528259
mc/mc_beta0_s,mc_beta0_s_gid-883_20260710_080130,0.0,0.0,1.17698,0.018937,71.9192513528,2.86011832619,True,mc/mc_beta0_s,False,,,,4.50380468245
mc/mc_beta0_s,mc_beta0_s_gid-82_20260710_075028,0.0,0.0,1.179992,0.011416,103.637822337,2.63284118621,True,mc/mc_beta0_s,False,,,,3.87455421666
mc/mc_beta0_s,mc_beta0_s_gid-409_20260710_080553,0.0,0.0,1.180581,0.023407,58.8508808196,2.96890021804,True,mc/mc_beta0_s,False,,,,4.88535530505
mc/mc_beta0_s,mc_beta0_s_gid-538_20260710_081354,0.0,0.0,1.184175,0.033291,40.0141470972,3.14706739515,True,mc/mc_beta0_s,False,,,,5.71649335957
mc/mc_low_rmu_s_beta0_0,mc_low_rmu_s_beta0_0_gid-97_20260711_034023,0.0,0.0,1.18458,-0.017949,580.034925474,0.970419120995,True,mc/mc_low_rmu_s_beta0_0,False,,,,1.07418025119
mc/mc_beta0_s,mc_beta0_s_gid-1198_20260710_045434,0.0,0.0,1.186675,0.026867,50.8077099887,3.04148316423,True,mc/mc_beta0_s,False,,,,5.18654512601
mc/mc_low_rmu_s_beta0_0,mc_low_rmu_s_beta0_0_gid-166_20260711_034024,0.0,0.0,1.187097,-0.001415,212.044743688,2.07584797591,True,mc/mc_low_rmu_s_beta0_0,False,,,,2.74648719961
mc/mc_beta0_s,mc_beta0_s_gid-1231_20260710_045804,0.0,0.0,1.188527,0.036071,36.2485775884,3.18579928366,True,mc/mc_beta0_s,False,,,,5.95720206189
mc/mc_infill_2_3,mc_infill_2_3_gid-415_20260715_041950,0.0,0.0,1.188585,-0.013286,436.677619972,1.33843611138,True,mc/mc_infill_2_3,True,0.157772,435.969917,1.338208,1.57794385712
mc/mc_beta0_s,mc_beta0_s_gid-229_20260710_075124,0.0,0.0,1.191664,0.022891,59.5851053041,2.96191545363,True,mc/mc_beta0_s,False,,,,4.8661445116
mc/mc_infill_2_3,mc_infill_2_3_gid-13_20260715_040901,0.0,0.0,1.192001,-0.005319,267.168909291,1.86093544814,True,mc/mc_infill_2_3,True,0.041706,267.168909,1.860935,2.38653873127
mc/mc_beta0_s,mc_beta0_s_gid-1141_20260710_045243,0.0,0.0,1.192253,0.017755,74.886224602,2.83588536365,True,mc/mc_beta0_s,False,,,,4.43855182651
mc/mc_beta0_s,mc_beta0_s_gid-1438_20260710_050313,0.0,0.0,1.194673,0.025706,52.8822930626,3.02186034122,True,mc/mc_beta0_s,False,,,,5.10677965905
mc/mc_infill_3_4,mc_infill_3_4_gid-13_20260714_172235,0.0,0.0,1.197185,-0.003042,231.050101725,1.99741031667,True,mc/mc_infill_3_4,False,,,,2.61891573871
mc/mc_low_rmu_s_beta0_0,mc_low_rmu_s_beta0_0_gid-127_20260711_034025,0.0,0.0,1.199536,0.013227,92.5870662205,2.70552936203,True,mc/mc_low_rmu_s_beta0_0,False,,,,4.07333652879
mc/mc_beta0_s,mc_beta0_s_gid-643_20260710_080056,0.0,0.0,1.199894,0.013804,89.9225956581,2.72411965659,True,mc/mc_beta0_s,False,,,,4.12287880761
mc/mc_beta0_s,mc_beta0_s_gid-1048_20260710_045405,0.0,0.0,1.200568,0.032484,40.6971457489,3.13955131515,True,mc/mc_beta0_s,False,,,,5.68232729492
mc/mc_infill_2_3,mc_infill_2_3_gid-79_20260715_040906,0.0,0.0,1.201529,-0.013322,431.738704986,1.34917316938,True,mc/mc_infill_2_3,True,0.176959,431.738705,1.349173,1.60344176781
mc/mc_low_rmu_s_beta0_0,mc_low_rmu_s_beta0_0_gid-58_20260711_034023,0.0,0.0,1.202209,-0.012305,406.435970054,1.41928925109,True,mc/mc_low_rmu_s_beta0_0,False,,,,1.71368177181
mc/mc_beta0_s,mc_beta0_s_gid-817_20260710_080724,0.0,0.0,1.202315,0.031378,42.2960738739,3.12335225064,True,mc/mc_beta0_s,False,,,,5.5939235738
mc/mc_beta0_s,mc_beta0_s_gid-1018_20260710_045244,0.0,0.0,1.207153,0.033378,39.2473830438,3.15412130028,True,mc/mc_beta0_s,False,,,,5.76991063509
mc/mc_beta0_s,mc_beta0_s_gid-850_20260710_080552,0.0,0.0,1.20966,0.031194,42.3505213157,3.12253040868,True,mc/mc_beta0_s,False,,,,5.59357067609
mc/mc_low_rmu_s_beta0_0,mc_low_rmu_s_beta0_0_gid-400_20260711_034534,0.0,0.0,1.210407,-0.000776,198.379628197,2.13205172392,True,mc/mc_low_rmu_s_beta0_0,False,,,,2.86581573947
mc/mc_infill_2_3,mc_infill_2_3_gid-235_20260715_041559,0.0,0.0,1.210651,-0.014944,472.18988458,1.23451413794,True,mc/mc_infill_2_3,True,0.028386,472.189885,1.234514,1.45971641447
mc/mc_beta0_s,mc_beta0_s_gid-112_20260710_074742,0.0,0.0,1.210652,0.006934,127.391417684,2.48564016451,True,mc/mc_beta0_s,False,,,,3.56136644813
mc/mc_beta0_s,mc_beta0_s_gid-325_20260710_075804,0.0,0.0,1.212726,0.015956,79.9421228393,2.79592149698,True,mc/mc_beta0_s,False,,,,4.33255383349
mc/mc_infill_3_4,mc_infill_3_4_gid-103_20260714_172002,0.0,0.0,1.21321,0.008568,116.251047007,2.5512230058,True,mc/mc_infill_3_4,False,,,,3.70829701132
mc/mc_beta0_s,mc_beta0_s_gid-451_20260710_075752,0.0,0.0,1.21583,0.004575,144.427991683,2.39100870025,True,mc/mc_beta0_s,False,,,,3.3687399174
mc/mc_low_rmu_s_beta0_0,mc_low_rmu_s_beta0_0_gid-280_20260711_034701,0.0,0.0,1.217578,0.010897,102.338107147,2.63857926677,True,mc/mc_low_rmu_s_beta0_0,False,,,,3.9173477328
mc/mc_beta0_s,mc_beta0_s_gid-163_20260710_075033,0.0,0.0,1.21811,0.03265,39.9521987934,3.14651725612,True,mc/mc_beta0_s,False,,,,5.73146248532
mc/mc_beta0_s,mc_beta0_s_gid-1429_20260710_050314,0.0,0.0,1.221147,0.025938,51.2753016076,3.03555053897,True,mc/mc_beta0_s,False,,,,5.18172507474
mc/mc_beta0_s,mc_beta0_s_gid-976_20260710_081226,0.0,0.0,1.225324,0.03049,42.9520753056,3.11590803007,True,mc/mc_beta0_s,False,,,,5.56709935309
mc/mc_beta0_s,mc_beta0_s_gid-1123_20260710_050004,0.0,0.0,1.227427,0.03226,40.23760782,3.14326940266,True,mc/mc_beta0_s,False,,,,5.71789488733
mc/mc_infill_2_3,mc_infill_2_3_gid-487_20260715_041750,0.0,0.0,1.228162,-0.014858,461.33664325,1.2717177658,True,mc/mc_infill_2_3,True,0.05135,461.336643,1.271718,1.52344956552
mc/mc_beta0_s,mc_beta0_s_gid-343_20260710_075228,0.0,0.0,1.230449,0.03469,36.9096606693,3.17757045012,True,mc/mc_beta0_s,False,,,,5.92525236911
mc/mc_infill_3_4,mc_infill_3_4_gid-37_20260714_173804,0.0,0.0,1.232239,-0.002597,215.408608737,2.05745564877,True,mc/mc_infill_3_4,False,,,,2.75152055433
mc/mc_beta0_s,mc_beta0_s_gid-697_20260710_075953,0.0,0.0,1.233753,0.022394,58.6860045311,2.96762625905,True,mc/mc_beta0_s,False,,,,4.91513237594
mc/mc_beta0_s,mc_beta0_s_gid-367_20260710_075608,0.0,0.0,1.236372,0.001565,167.550587779,2.27164403855,True,mc/mc_beta0_s,False,,,,3.14709273612
mc/mc_infill_2_3,mc_infill_2_3_gid-421_20260715_041951,0.0,0.0,1.236878,-0.010444,346.254609604,1.59102743235,True,mc/mc_infill_2_3,True,0.197942,346.529447,1.592881,2.00063216946
mc/mc_infill_2_3_b,mc_infill_2_3_b_gid-49_20260715_002635,0.0,0.0,1.240972,-0.006272,266.419263128,1.85872338396,True,mc/mc_infill_2_3_b,True,0.022508,266.405688,1.858715,2.42372233066
mc/mc_beta0_s,mc_beta0_s_gid-898_20260710_080355,0.0,0.0,1.241654,0.003037,152.973643364,2.3440433475,True,mc/mc_beta0_s,False,,,,3.2937929822
mc/mc_beta0_s,mc_beta0_s_gid-67_20260710_074755,0.0,0.0,1.242839,0.018192,69.9954318137,2.87165083187,True,mc/mc_beta0_s,False,,,,4.58661078603
mc/mc_beta0_s,mc_beta0_s_gid-1378_20260710_050007,0.0,0.0,1.245876,0.027925,46.5355195582,3.07969302581,True,mc/mc_beta0_s,False,,,,5.39733405214
mc/mc_beta0_s,mc_beta0_s_gid-439_20260710_080222,0.0,0.0,1.247885,0.011696,95.1744137017,2.68430598958,True,mc/mc_beta0_s,False,,,,4.05453732021
mc/mc_beta0_s,mc_beta0_s_gid-1318_20260710_050517,0.0,0.0,1.248749,0.03439,36.8207308367,3.1779048804,True,mc/mc_beta0_s,False,,,,5.93667033088
mc/mc_low_rmu_s_beta0_0,mc_low_rmu_s_beta0_0_gid-109_20260711_034023,0.0,0.0,1.251197,0.01445,82.7640006868,2.77234261661,True,mc/mc_low_rmu_s_beta0_0,False,,,,4.2928197787
mc/mc_infill_2_3,mc_infill_2_3_gid-37_20260715_040901,0.0,0.0,1.252002,-0.010789,346.609984059,1.58776410074,True,mc/mc_infill_2_3,True,0.071984,346.609984,1.587764,2.00727141486
mc/mc_beta0_s,mc_beta0_s_gid-340_20260710_075124,0.0,0.0,1.252301,0.034556,36.5257623247,3.1808850948,True,mc/mc_beta0_s,False,,,,5.95741085436
mc/mc_beta0_s,mc_beta0_s_gid-247_20260710_075321,0.0,0.0,1.255516,0.023014,56.1260173528,2.98933042066,True,mc/mc_beta0_s,False,,,,5.0127334076
mc/mc_beta0_s,mc_beta0_s_gid-1435_20260710_050313,0.0,0.0,1.257479,0.020898,61.2745677709,2.94379487225,True,mc/mc_beta0_s,False,,,,4.84238885002
mc/mc_beta0_s,mc_beta0_s_gid-1210_20260710_045638,0.0,0.0,1.258254,0.034912,35.9458405346,3.18680112024,True,mc/mc_beta0_s,False,,,,5.99856215033
mc/mc_low_rmu_s_beta0_0,mc_low_rmu_s_beta0_0_gid-334_20260711_034657,0.0,0.0,1.25841,-0.004036,227.476613309,2.0055772177,True,mc/mc_low_rmu_s_beta0_0,False,,,,2.68330869809
mc/mc_infill_3_4,mc_infill_3_4_gid-229_20260714_174735,0.0,0.0,1.259885,-0.000176,180.360114348,2.20863544559,True,mc/mc_infill_3_4,False,,,,3.04682842507
mc/mc_beta0_s,mc_beta0_s_gid-1294_20260710_045905,0.0,0.0,1.261663,0.005652,129.096292341,2.471682745,True,mc/mc_beta0_s,False,,,,3.57176960908
mc/mc_infill_2_3,mc_infill_2_3_gid-583_20260715_041752,0.0,0.0,1.26171,-0.017585,517.98454893,1.11981723774,True,mc/mc_infill_2_3,True,0.01163,517.984549,1.119817,1.33382559367
mc/mc_low_rmu_s_beta0_0,mc_low_rmu_s_beta0_0_gid-391_20260711_034532,0.0,0.0,1.264369,-0.00432,229.731050615,1.99599133029,True,mc/mc_low_rmu_s_beta0_0,False,,,,2.67182740387
mc/mc_beta0_s,mc_beta0_s_gid-517_20260710_075500,0.0,0.0,1.265825,0.023675,54.1470158324,3.00680604715,True,mc/mc_beta0_s,False,,,,5.08899033612
mc/mc_low_rmu_s_beta0_0,mc_low_rmu_s_beta0_0_gid-220_20260711_034530,0.0,0.0,1.26881,0.012107,91.2386658189,2.71006366666,True,mc/mc_low_rmu_s_beta0_0,False,,,,4.13668150193
mc/mc_beta0_s,mc_beta0_s_gid-1090_20260710_045634,0.0,0.0,1.269049,0.029462,43.1679783839,3.11201791882,True,mc/mc_beta0_s,False,,,,5.57135349049
mc/mc_beta0_s,mc_beta0_s_gid-955_20260710_081226,0.0,0.0,1.271159,0.012321,90.0535476859,2.71824263194,True,mc/mc_beta0_s,False,,,,4.15992076037
mc/mc_beta0_s,mc_beta0_s_gid-655_20260710_081230,0.0,0.0,1.273986,0.001747,158.586344868,2.31260988248,True,mc/mc_beta0_s,False,,,,3.25734592699
mc/mc_beta0_s,mc_beta0_s_gid-862_20260710_080323,0.0,0.0,1.276138,0.02482,51.2646732422,3.0330624461,True,mc/mc_beta0_s,False,,,,5.20476018574
mc/mc_infill_3_4,mc_infill_3_4_gid-109_20260714_172002,0.0,0.0,1.276278,0.004619,134.443802917,2.44024953343,True,mc/mc_infill_3_4,False,,,,3.51724321684
mc/mc_infill_2_3_a,mc_infill_2_3_a_gid-205_20260714_213855,0.0,0.0,1.276599,-0.007539,275.292752131,1.82290014543,True,mc/mc_infill_2_3_a,True,0.071738,275.257422,1.82311,2.39486060355
mc/mc_infill_1_2,mc_infill_1_2_gid-577_20260714_174636,0.0,0.0,1.276657,-0.018661,543.369947695,1.04771016306,True,mc/mc_infill_1_2,False,,,,1.26702099409
mc/mc_beta0_s,mc_beta0_s_gid-1480_20260710_050340,0.0,0.0,1.280478,0.004861,132.017227262,2.45351136124,True,mc/mc_beta0_s,False,,,,3.54817493565
mc/mc_infill_1_2,mc_infill_1_2_gid-445_20260714_170101,0.0,0.0,1.280729,-0.02053,606.067382158,0.897851501937,True,mc/mc_infill_1_2,False,,,,1.05770667164
mc/mc_beta0_s,mc_beta0_s_gid-841_20260710_080700,0.0,0.0,1.283034,0.031745,39.3708540231,3.15015372041,True,mc/mc_beta0_s,False,,,,5.78709381619
mc/mc_low_rmu_s_beta0_0,mc_low_rmu_s_beta0_0_gid-277_20260711_034701,0.0,0.0,1.284433,-0.014384,414.675914612,1.38514744905,True,mc/mc_low_rmu_s_beta0_0,False,,,,1.73030420905
mc/mc_low_rmu_s_beta0_0,mc_low_rmu_s_beta0_0_gid-289_20260711_034701,0.0,0.0,1.287291,-0.015835,451.208120835,1.28468014392,True,mc/mc_low_rmu_s_beta0_0,False,,,,1.58601110691
mc/mc_beta0_s,mc_beta0_s_gid-532_20260710_081403,0.0,0.0,1.288466,0.019422,63.5517727198,2.92242139387,True,mc/mc_beta0_s,False,,,,4.78752498211
mc/mc_infill_2_3,mc_infill_2_3_gid-529_20260715_041750,0.0,0.0,1.288669,-0.015831,451.30110782,1.28327063188,True,mc/mc_infill_2_3,True,0.034424,451.301108,1.283271,1.58251762418
mc/mc_infill_2_3_b,mc_infill_2_3_b_gid-7_20260715_002402,0.0,0.0,1.292378,-0.009915,312.437700488,1.69390792001,True,mc/mc_infill_2_3_b,True,0.016861,312.295436,1.695105,2.20331024907
mc/mc_beta0_s,mc_beta0_s_gid-682_20260710_080024,0.0,0.0,1.293477,0.015576,75.2769280788,2.82648418268,True,mc/mc_beta0_s,False,,,,4.4812877209
mc/mc_low_rmu_s_beta0_0,mc_low_rmu_s_beta0_0_gid-94_20260711_034023,0.0,0.0,1.29562,0.007947,109.846759349,2.58436635524,True,mc/mc_low_rmu_s_beta0_0,False,,,,3.84774871792
mc/mc_beta0_s,mc_beta0_s_gid-769_20260710_081434,0.0,0.0,1.297519,0.020964,58.9925584569,2.96149817637,True,mc/mc_beta0_s,False,,,,4.93360472421
mc/mc_beta0_s,mc_beta0_s_gid-973_20260710_081226,0.0,0.0,1.299373,0.027638,45.135143261,3.09114412362,True,mc/mc_beta0_s,False,,,,5.48373750719
mc/mc_beta0_s,mc_beta0_s_gid-232_20260710_075054,0.0,0.0,1.300707,0.001052,159.927969247,2.30342597011,True,mc/mc_beta0_s,False,,,,3.26079619926
mc/mc_low_rmu_s_beta0_0,mc_low_rmu_s_beta0_0_gid-70_20260711_034023,0.0,0.0,1.301378,-0.013041,375.682176156,1.49984055719,True,mc/mc_low_rmu_s_beta0_0,False,,,,1.91140257012
mc/mc_infill_3_4,mc_infill_3_4_gid-241_20260714_174707,0.0,0.0,1.304586,0.009765,98.9710309429,2.65438171943,True,mc/mc_infill_3_4,False,,,,4.02178140186
mc/mc_infill_2_3,mc_infill_2_3_gid-253_20260715_041531,0.0,0.0,1.304733,-0.007328,262.30074701,1.86708270953,True,mc/mc_infill_2_3,True,0.246422,262.300747,1.867083,2.48993556537
mc/mc_beta0_s,mc_beta0_s_gid-1297_20260710_045905,0.0,0.0,1.305039,0.014598,77.9435194723,2.80506609058,True,mc/mc_beta0_s,False,,,,4.42596790989
mc/mc_infill_1_2,mc_infill_1_2_gid-415_20260714_175037,0.0,0.0,1.306036,-0.021778,628.657482158,0.850493717841,True,mc/mc_infill_1_2,False,,,,1.01220249309
mc/mc_beta0_s,mc_beta0_s_gid-205_20260710_075123,0.0,0.0,1.31198,0.016515,70.8205654178,2.86071836776,True,mc/mc_beta0_s,False,,,,4.59944118529
mc/mc_low_rmu_s_beta0_0,mc_low_rmu_s_beta0_0_gid-88_20260711_034023,0.0,0.0,1.312079,-0.009746,301.6121841,1.72813138536,True,mc/mc_low_rmu_s_beta0_0,False,,,,2.27282110283
mc/mc_beta0_s,mc_beta0_s_gid-424_20260710_075747,0.0,0.0,1.312873,0.02132,57.3440052678,2.97534574052,True,mc/mc_beta0_s,False,,,,4.99544490963
mc/mc_beta0_s,mc_beta0_s_gid-916_20260710_080553,0.0,0.0,1.315368,0.013263,82.2392432102,2.77186146446,True,mc/mc_beta0_s,False,,,,4.33759847202
mc/mc_low_rmu_s_beta0_0,mc_low_rmu_s_beta0_0_gid-370_20260711_034533,0.0,0.0,1.315614,0.009256,100.413874309,2.64389440419,True,mc/mc_low_rmu_s_beta0_0,False,,,,4.00428359168
mc/mc_infill_3_4,mc_infill_3_4_gid-49_20260714_165259,0.0,0.0,1.316173,0.001465,153.349180595,2.33542931071,True,mc/mc_infill_3_4,False,,,,3.33628899964
mc/mc_beta0_s,mc_beta0_s_gid-706_20260710_080002,0.0,0.0,1.316238,0.00258,143.930128127,2.38489894803,True,mc/mc_beta0_s,False,,,,3.43627775893
mc/mc_infill_1_2,mc_infill_1_2_gid-133_20260714_175417,0.0,0.0,1.317899,-0.020223,565.566604383,0.994253965754,True,mc/mc_infill_1_2,False,,,,1.21913031974
mc/mc_beta0_s,mc_beta0_s_gid-814_20260710_080523,0.0,0.0,1.318918,0.010822,92.4073320766,2.69823130844,True,mc/mc_beta0_s,False,,,,4.14283806951
mc/mc_infill_2_3,mc_infill_2_3_gid-187_20260715_040902,0.0,0.0,1.318948,-0.015322,419.493923588,1.36457562503,True,mc/mc_infill_2_3,True,0.185571,419.493924,1.364576,1.72514379063
mc/mc_beta0_s,mc_beta0_s_gid-595_20260710_081123,0.0,0.0,1.321475,0.00351,135.79235899,2.42882921639,True,mc/mc_beta0_s,False,,,,3.52901058634
mc/mc_low_rmu_s_beta0_0,mc_low_rmu_s_beta0_0_gid-22_20260711_034022,0.0,0.0,1.324061,0.013564,80.3608926912,2.78536297936,True,mc/mc_low_rmu_s_beta0_0,False,,,,4.38180607621
mc/mc_infill_2_3,mc_infill_2_3_gid-481_20260715_041803,0.0,0.0,1.326482,-0.00898,282.348636348,1.79234744605,True,mc/mc_infill_2_3,True,0.144824,282.348636,1.792347,2.38724222105
mc/mc_low_rmu_s_beta0_0,mc_low_rmu_s_beta0_0_gid-112_20260711_034023,0.0,0.0,1.32773,-0.017371,474.333429164,1.22546424608,True,mc/mc_low_rmu_s_beta0_0,False,,,,1.50437594153
mc/mc_beta0_s,mc_beta0_s_gid-1_20260710_074843,0.0,0.0,1.328695,0.014696,75.8191592831,2.81993066793,True,mc/mc_beta0_s,False,,,,4.48637220932
mc/mc_infill_1_2,mc_infill_1_2_gid-241_20260714_174956,0.0,0.0,1.330302,-0.020354,561.625529293,1.00168436312,True,mc/mc_infill_1_2,False,,,,1.22287832261
mc/mc_beta0_s,mc_beta0_s_gid-700_20260710_080101,0.0,0.0,1.330484,0.017439,66.7632087434,2.89288804701,True,mc/mc_beta0_s,False,,,,4.71561695249
mc/mc_beta0_s,mc_beta0_s_gid-157_20260710_075033,0.0,0.0,1.332539,0.02748,44.2582720858,3.09843641353,True,mc/mc_beta0_s,False,,,,5.53861270148
mc/mc_infill_2_3,mc_infill_2_3_gid-61_20260715_040902,0.0,0.0,1.334198,-0.01567,420.464903708,1.35972155958,True,mc/mc_infill_2_3,True,0.179561,420.464904,1.359722,1.72997719
mc/mc_beta0_s,mc_beta0_s_gid-1012_20260710_045238,0.0,0.0,1.334533,0.017814,65.4151588385,2.90394944514,True,mc/mc_beta0_s,False,,,,4.75508729809
mc/mc_infill_1_2,mc_infill_1_2_gid-187_20260714_174609,0.0,0.0,1.33774,-0.022353,620.426088978,0.862762276757,True,mc/mc_infill_1_2,False,,,,1.03626705601
mc/mc_beta0_s,mc_beta0_s_gid-823_20260710_080259,0.0,0.0,1.337837,0.011092,89.4069934284,2.7180012051,True,mc/mc_beta0_s,False,,,,4.20801889434
mc/mc_low_rmu_s_beta0_0,mc_low_rmu_s_beta0_0_gid-358_20260711_034627,0.0,0.0,1.339616,-0.006352,236.525423247,1.96132499218,True,mc/mc_low_rmu_s_beta0_0,False,,,,2.67489511879
mc/mc_infill_3_4,mc_infill_3_4_gid-211_20260714_174742,0.0,0.0,1.341606,0.006144,114.951952575,2.54882429829,True,mc/mc_infill_3_4,False,,,,3.80177276386
mc/mc_beta0_s,mc_beta0_s_gid-1180_20260710_045636,0.0,0.0,1.341852,0.028817,41.8487655615,3.12239923464,True,mc/mc_beta0_s,False,,,,5.66621769238
mc/mc_beta0_s,mc_beta0_s_gid-1024_20260710_045404,0.0,0.0,1.342046,0.020259,58.4576784168,2.96377487515,True,mc/mc_beta0_s,False,,,,4.97081830763
mc/mc_low_rmu_s_beta0_0,mc_low_rmu_s_beta0_0_gid-361_20260711_034531,0.0,0.0,1.345009,-0.018983,510.57230068,1.1289376093,True,mc/mc_low_rmu_s_beta0_0,True,0.09555,502.866527,1.145619,1.39074765692
mc/mc_low_rmu_s_beta0_0,mc_low_rmu_s_beta0_0_gid-169_20260711_034024,0.0,0.0,1.347112,0.014697,74.4762010602,2.82924186266,True,mc/mc_low_rmu_s_beta0_0,False,,,,4.52700213501
mc/mc_infill_2_3,mc_infill_2_3_gid-475_20260715_041803,0.0,0.0,1.348,-0.011235,315.807273156,1.67707507396,True,mc/mc_infill_2_3,True,0.026048,315.807273,1.677075,2.22267448868
mc/mc_beta0_s,mc_beta0_s_gid-448_20260710_075559,0.0,0.0,1.348215,0.001908,144.0257535,2.38150592418,True,mc/mc_beta0_s,False,,,,3.45405852306
mc/mc_beta0_s,mc_beta0_s_gid-1054_20260710_050035,0.0,0.0,1.350549,0.025473,47.0682045809,3.06980067174,True,mc/mc_beta0_s,False,,,,5.41240761377
mc/mc_beta0_s,mc_beta0_s_gid-934_20260710_081135,0.0,0.0,1.352067,0.008829,98.7419787086,2.65226107824,True,mc/mc_beta0_s,False,,,,4.05180815585
mc/mc_infill_2_3,mc_infill_2_3_gid-325_20260715_041553,0.0,0.0,1.352371,-0.016564,435.277826367,1.31608537562,True,mc/mc_infill_2_3,True,0.165285,434.321166,1.320085,1.68950732925
mc/mc_beta0_s,mc_beta0_s_gid-1357_20260710_050506,0.0,0.0,1.354796,0.019715,59.1532730178,2.9568661269,True,mc/mc_beta0_s,False,,,,4.95363819924
mc/mc_low_rmu_s_beta0_0,mc_low_rmu_s_beta0_0_gid-367_20260711_034532,0.0,0.0,1.355306,0.004049,126.805491927,2.47686986237,True,mc/mc_low_rmu_s_beta0_0,False,,,,3.65544073937
mc/mc_beta0_s,mc_beta0_s_gid-175_20260710_074827,0.0,0.0,1.356241,0.027724,43.0754071213,3.10932028934,True,mc/mc_beta0_s,False,,,,5.6066012244
mc/mc_infill_1_2,mc_infill_1_2_gid-283_20260714_174956,0.0,0.0,1.356329,-0.01934,517.070800005,1.10408851515,True,mc/mc_infill_1_2,False,,,,1.40704456236
mc/mc_infill_3_4,mc_infill_3_4_gid-235_20260714_175436,0.0,0.0,1.357619,-0.00144,172.609940711,2.23583218854,True,mc/mc_infill_3_4,False,,,,3.17695097746
mc/mc_low_rmu_s_beta0_0,mc_low_rmu_s_beta0_0_gid-241_20260711_034528,0.0,0.0,1.360318,0.013812,76.6372036065,2.81142215594,True,mc/mc_low_rmu_s_beta0_0,False,,,,4.48338640779
mc/mc_infill_2_3_b,mc_infill_2_3_b_gid-31_20260715_002404,0.0,0.0,1.360743,-0.009083,272.042882839,1.82546561276,True,mc/mc_infill_2_3_b,True,0.217647,271.985602,1.825582,2.46834437074
mc/mc_beta0_s,mc_beta0_s_gid-1039_20260710_045610,0.0,0.0,1.361831,0.024283,48.8358329493,3.0520599893,True,mc/mc_beta0_s,False,,,,5.33917797114
mc/mc_beta0_s,mc_beta0_s_gid-1144_20260710_050111,0.0,0.0,1.363672,0.025509,46.5177696216,3.07459627615,True,mc/mc_beta0_s,False,,,,5.44227956569
mc/mc_beta0_s,mc_beta0_s_gid-121_20260710_074741,0.0,0.0,1.365201,0.015751,69.7364943523,2.86613306289,True,mc/mc_beta0_s,False,,,,4.6528958081
mc/mc_beta0_s,mc_beta0_s_gid-808_20260710_080458,0.0,0.0,1.367064,0.009878,92.1614405268,2.69633669927,True,mc/mc_beta0_s,False,,,,4.17315003621
mc/mc_infill_2_3,mc_infill_2_3_gid-133_20260715_041124,0.0,0.0,1.37171,-0.017035,436.428449678,1.31256834003,True,mc/mc_infill_2_3,True,0.138889,435.457462,1.313278,1.69705274807
mc/mc_low_rmu_s_beta0_0,mc_low_rmu_s_beta0_0_gid-397_20260711_034534,0.0,0.0,1.372935,-0.014316,369.351288892,1.50556376937,True,mc/mc_low_rmu_s_beta0_0,False,,,,1.98282443787
mc/mc_low_rmu_s_beta0_0,mc_low_rmu_s_beta0_0_gid-301_20260711_034529,0.0,0.0,1.378332,-0.020248,525.789877819,1.07449859977,True,mc/mc_low_rmu_s_beta0_0,True,0.06421,525.475241,1.086876,1.38095647616
mc/mc_beta0_s,mc_beta0_s_gid-1138_20260710_045243,0.0,0.0,1.380295,0.026785,43.7760358477,3.10118584633,True,mc/mc_beta0_s,False,,,,5.57939168264
mc/mc_beta0_s,mc_beta0_s_gid-52_20260710_074738,0.0,0.0,1.382889,0.005988,110.744583211,2.57158317319,True,mc/mc_beta0_s,False,,,,3.88431012774
mc/mc_low_rmu_s_beta0_0,mc_low_rmu_s_beta0_0_gid-223_20260711_034813,0.0,0.0,1.383057,-0.002615,179.278395,2.20176058232,True,mc/mc_low_rmu_s_beta0_0,False,,,,3.13388448869
mc/mc_beta0_s,mc_beta0_s_gid-550_20260710_075755,0.0,0.0,1.385256,0.013606,75.5195435775,2.81844731186,True,mc/mc_beta0_s,False,,,,4.52136257547
mc/mc_infill_3_4,mc_infill_3_4_gid-91_20260714_164029,0.0,0.0,1.386751,0.00025,151.213744567,2.3399183033,True,mc/mc_infill_3_4,False,,,,3.40146425007
mc/mc_beta0_s,mc_beta0_s_gid-904_20260710_080353,0.0,0.0,1.388725,0.029078,40.0459275702,3.139064262,True,mc/mc_beta0_s,False,,,,5.78150171441
mc/mc_low_rmu_s_beta0_0,mc_low_rmu_s_beta0_0_gid-181_20260711_034026,0.0,0.0,1.389151,-0.0196,500.048176794,1.14535250647,True,mc/mc_low_rmu_s_beta0_0,False,,,,1.47033884496
mc/mc_infill_2_3,mc_infill_2_3_gid-553_20260715_041800,0.0,0.0,1.389609,-0.011942,312.293569473,1.6818211387,True,mc/mc_infill_2_3,True,0.177455,312.293569,1.681821,2.26692635714
mc/mc_beta0_s,mc_beta0_s_gid-208_20260710_075122,0.0,0.0,1.391553,0.027384,42.4600963572,3.11405584036,True,mc/mc_beta0_s,False,,,,5.65051791699
mc/mc_beta0_s,mc_beta0_s_gid-928_20260710_081135,0.0,0.0,1.393356,0.005028,115.210478857,2.54287287402,True,mc/mc_beta0_s,False,,,,3.82758803292
mc/mc_beta0_s,mc_beta0_s_gid-1159_20260710_045238,0.0,0.0,1.395008,0.015031,70.0509934716,2.86161705368,True,mc/mc_beta0_s,False,,,,4.65896685986
mc/mc_low_rmu_s_beta0_0,mc_low_rmu_s_beta0_0_gid-364_20260711_034533,0.0,0.0,1.395974,-0.0045,197.232947685,2.11876072457,True,mc/mc_low_rmu_s_beta0_0,False,,,,2.99359347091
mc/mc_beta0_s,mc_beta0_s_gid-94_20260710_074743,0.0,0.0,1.397612,0.010999,84.491699604,2.74925226902,True,mc/mc_beta0_s,False,,,,4.33409727574
mc/mc_infill_2_3,mc_infill_2_3_gid-541_20260715_041800,0.0,0.0,1.39762,-0.016893,418.379802947,1.35374667039,True,mc/mc_infill_2_3,True,0.109918,418.379803,1.353747,1.78150547883
mc/mc_beta0_s,mc_beta0_s_gid-997_20260710_080255,0.0,0.0,1.401275,0.020624,54.6961830608,2.99461706204,True,mc/mc_beta0_s,False,,,,5.12547252342
mc/mc_beta0_s,mc_beta0_s_gid-1414_20260710_050248,0.0,0.0,1.406462,0.017326,62.5823397432,2.92378568315,True,mc/mc_beta0_s,False,,,,4.86994697282
mc/mc_low_rmu_s_beta0_0,mc_low_rmu_s_beta0_0_gid-115_20260711_034023,0.0,0.0,1.406656,0.002747,128.452740439,2.46278746985,True,mc/mc_low_rmu_s_beta0_0,False,,,,3.66494308336
mc/mc_infill_2_3_a,mc_infill_2_3_a_gid-103_20260714_213450,0.0,0.0,1.407392,-0.012212,310.873101944,1.68745431078,True,mc/mc_infill_2_3_a,True,0.131662,310.402371,1.686755,2.2860402362
mc/mc_infill_1_2,mc_infill_1_2_gid-307_20260714_174956,0.0,0.0,1.408027,-0.021425,542.904399811,1.03256478003,True,mc/mc_infill_1_2,False,,,,1.34138630936
mc/mc_beta0_s,mc_beta0_s_gid-625_20260710_080053,0.0,0.0,1.409219,0.022996,49.4082821394,3.04416587788,True,mc/mc_beta0_s,False,,,,5.33314197304
mc/mc_infill_3_4,mc_infill_3_4_gid-1_20260714_175508,0.0,0.0,1.411949,0.004183,118.077128449,2.52373364376,True,mc/mc_infill_3_4,False,,,,3.79935929624
mc/mc_low_rmu_s_beta0_0,mc_low_rmu_s_beta0_0_gid-418_20260711_035101,0.0,0.0,1.412433,-0.012747,318.972010632,1.65879734521,True,mc/mc_low_rmu_s_beta0_0,False,,,,2.24517038583
mc/mc_infill_1_2,mc_infill_1_2_gid-517_20260714_175506,0.0,0.0,1.41375,-0.023421,604.75174196,0.892875827516,True,mc/mc_infill_1_2,False,,,,1.12471172113
mc/mc_beta0_s,mc_beta0_s_gid-1381_20260710_050010,0.0,0.0,1.414478,0.007487,98.9616958884,2.64582907998,True,mc/mc_beta0_s,False,,,,4.08200257413
mc/mc_low_rmu_s_beta0_0,mc_low_rmu_s_beta0_0_gid-304_20260711_034531,0.0,0.0,1.415491,0.008851,92.2446281357,2.69202847956,True,mc/mc_low_rmu_s_beta0_0,False,,,,4.19723397785
mc/mc_beta0_s,mc_beta0_s_gid-511_20260710_080028,0.0,0.0,1.416155,0.014444,70.5153344245,2.85642052352,True,mc/mc_beta0_s,False,,,,4.6571514079
mc/mc_infill_2_3_b,mc_infill_2_3_b_gid-73_20260715_002400,0.0,0.0,1.417703,-0.005823,207.758188988,2.0708636728,True,mc/mc_infill_2_3_b,True,0.126041,207.738352,2.070856,2.92639370565
mc/mc_beta0_s,mc_beta0_s_gid-376_20260710_075608,0.0,0.0,1.418936,0.017166,62.3081775722,2.92540128269,True,mc/mc_beta0_s,False,,,,4.88364623753
mc/mc_beta0_s,mc_beta0_s_gid-718_20260710_075856,0.0,0.0,1.421869,0.023169,48.5724985324,3.05163759858,True,mc/mc_beta0_s,False,,,,5.37312339054
mc/mc_beta0_s,mc_beta0_s_gid-652_20260710_081229,0.0,0.0,1.422064,0.004175,116.793541402,2.53067739361,True,mc/mc_beta0_s,False,,,,3.822164443
mc/mc_low_rmu_s_beta0_0,mc_low_rmu_s_beta0_0_gid-307_20260711_034556,0.0,0.0,1.424067,-0.011741,295.353282999,1.73622590416,True,mc/mc_low_rmu_s_beta0_0,False,,,,2.37654841607
mc/mc_beta0_s,mc_beta0_s_gid-91_20260710_074738,0.0,0.0,1.426276,0.001468,134.786726288,2.42498779323,True,mc/mc_beta0_s,False,,,,3.60173401953
mc/mc_infill_2_3,mc_infill_2_3_gid-595_20260715_041753,0.0,0.0,1.428086,-0.017146,408.627754834,1.38529564109,True,mc/mc_infill_2_3,True,0.249091,408.627755,1.385296,1.83998527801
mc/mc_beta0_s,mc_beta0_s_gid-1246_20260710_045934,0.0,0.0,1.429617,0.024046,46.6700879006,3.06994704794,True,mc/mc_beta0_s,False,,,,5.4593942319
mc/mc_infill_3_4,mc_infill_3_4_gid-193_20260714_175137,0.0,0.0,1.430655,0.000694,140.03110603,2.39554542359,True,mc/mc_infill_3_4,False,,,,3.5455366328
mc/mc_low_rmu_s_beta0_0,mc_low_rmu_s_beta0_0_gid-37_20260711_034028,0.0,0.0,1.433083,-0.005805,203.581599736,2.08717063563,True,mc/mc_low_rmu_s_beta0_0,False,,,,2.96761799617
mc/mc_beta0_s,mc_beta0_s_gid-418_20260710_075810,0.0,0.0,1.433409,0.023362,47.7625472745,3.05898457871,True,mc/mc_beta0_s,False,,,,5.41230991951
mc/mc_beta0_s,mc_beta0_s_gid-1093_20260710_045244,0.0,0.0,1.434096,0.00773,95.7165997555,2.6663881766,True,mc/mc_beta0_s,False,,,,4.14654192881
mc/mc_infill_2_3_b,mc_infill_2_3_b_gid-127_20260715_002411,0.0,0.0,1.434969,-0.006881,216.621307972,2.0315856319,True,mc/mc_infill_2_3_b,True,0.136384,216.618044,2.031579,2.872278018
mc/mc_beta0_s,mc_beta0_s_gid-1156_20260710_045241,0.0,0.0,1.436502,0.005123,109.269831016,2.57640547919,True,mc/mc_beta0_s,False,,,,3.93518828594
mc/mc_low_rmu_s_beta0_0,mc_low_rmu_s_beta0_0_gid-100_20260711_034023,0.0,0.0,1.436735,0.005193,108.838849396,2.57913895613,True,mc/mc_low_rmu_s_beta0_0,False,,,,3.94157914211
mc/mc_beta0_s,mc_beta0_s_gid-124_20260710_074741,0.0,0.0,1.440237,0.019536,55.3099711835,2.98676893882,True,mc/mc_beta0_s,False,,,,5.11955152864
mc/mc_low_rmu_s_beta0_0,mc_low_rmu_s_beta0_0_gid-415_20260711_035052,0.0,0.0,1.442787,-0.016322,380.475262432,1.45747429941,True,mc/mc_low_rmu_s_beta0_0,False,,,,1.98269118295
mc/mc_beta0_s,mc_beta0_s_gid-1459_20260710_050326,0.0,0.0,1.444614,0.030013,37.2353159369,3.16649588857,True,mc/mc_beta0_s,False,,,,5.96721647501
mc/mc_infill_1_2,mc_infill_1_2_gid-631_20260714_175007,0.0,0.0,1.445423,-0.021252,507.984474836,1.11127673699,True,mc/mc_infill_1_2,False,,,,1.46743247374
mc/mc_beta0_s,mc_beta0_s_gid-1396_20260710_050007,0.0,0.0,1.446287,0.021227,51.3809817462,3.02329199811,True,mc/mc_beta0_s,False,,,,5.26776298412
mc/mc_low_rmu_s_beta0_0,mc_low_rmu_s_beta0_0_gid-319_20260711_034528,0.0,0.0,1.446862,0.008446,91.0885587524,2.69774340914,True,mc/mc_low_rmu_s_beta0_0,False,,,,4.23426457844
mc/mc_infill_2_3,mc_infill_2_3_gid-193_20260715_040902,0.0,0.0,1.448083,-0.011811,287.612581617,1.76020108722,True,mc/mc_infill_2_3,True,0.178478,287.612582,1.760201,2.43460194154
mc/mc_beta0_s,mc_beta0_s_gid-142_20260710_074738,0.0,0.0,1.449437,0.019301,55.4049247551,2.98536849506,True,mc/mc_beta0_s,False,,,,5.11996233111
mc/mc_beta0_s,mc_beta0_s_gid-7_20260710_074739,0.0,0.0,1.450826,0.007178,96.7022329502,2.65826574196,True,mc/mc_beta0_s,False,,,,4.1386863386
mc/mc_infill_2_3,mc_infill_2_3_gid-259_20260715_041533,0.0,0.0,1.451725,-0.01152,281.185154069,1.78266183088,True,mc/mc_infill_2_3,True,0.134734,281.185154,1.782662,2.4742623948
mc/mc_infill_1_2,mc_infill_1_2_gid-409_20260714_175037,0.0,0.0,1.452338,-0.024783,612.199748252,0.862919327838,True,mc/mc_infill_1_2,False,,,,1.11368211694
mc/mc_beta0_s,mc_beta0_s_gid-262_20260710_075729,0.0,0.0,1.455352,0.018688,56.5377826425,2.97462089962,True,mc/mc_beta0_s,False,,,,5.08321302479
mc/mc_beta0_s,mc_beta0_s_gid-943_20260710_081135,0.0,0.0,1.457722,0.02875,38.5163021325,3.15233664552,True,mc/mc_beta0_s,False,,,,5.89210012519
mc/mc_beta0_s,mc_beta0_s_gid-1192_20260710_045434,0.0,0.0,1.458195,0.020472,52.4291023842,3.0126859672,True,mc/mc_beta0_s,False,,,,5.23201188993
mc/mc_low_rmu_s_beta0_0,mc_low_rmu_s_beta0_0_gid-439_20260711_035052,0.0,0.0,1.459226,0.01245,74.1480144018,2.82415552794,True,mc/mc_low_rmu_s_beta0_0,False,,,,4.58903385392
mc/mc_beta0_s,mc_beta0_s_gid-1282_20260710_045908,0.0,0.0,1.461055,0.029177,37.8634524242,3.15914471516,True,mc/mc_beta0_s,False,,,,5.93275392144
mc/mc_low_rmu_s_beta0_0,mc_low_rmu_s_beta0_0_gid-67_20260711_034023,0.0,0.0,1.462119,0.011676,76.6652263404,2.80405996686,True,mc/mc_low_rmu_s_beta0_0,False,,,,4.53257277885
mc/mc_beta0_s,mc_beta0_s_gid-241_20260710_075223,0.0,0.0,1.462338,3e-06,140.251159681,2.3913474783,True,mc/mc_beta0_s,False,,,,3.56114456442
mc/mc_infill_3_4,mc_infill_3_4_gid-175_20260714_175005,0.0,0.0,1.463301,0.009304,85.8208640208,2.73451882036,True,mc/mc_infill_3_4,False,,,,4.34118871104
mc/mc_beta0_s,mc_beta0_s_gid-1204_20260710_045809,0.0,0.0,1.464533,0.025016,43.7833112366,3.09727671805,True,mc/mc_beta0_s,False,,,,5.60789805739
mc/mc_infill_2_3,mc_infill_2_3_gid-31_20260715_040903,0.0,0.0,1.466196,-0.00882,234.15671954,1.95721082974,True,mc/mc_infill_2_3,True,0.150136,234.15672,1.957211,2.77061958656
mc/mc_infill_1_2,mc_infill_1_2_gid-433_20260714_174956,0.0,0.0,1.467101,-0.020079,468.537793374,1.21260140175,True,mc/mc_infill_1_2,False,,,,1.63542409953
mc/mc_low_rmu_s_beta0_0,mc_low_rmu_s_beta0_0_gid-82_20260711_034023,0.0,0.0,1.469962,0.009045,86.3232942279,2.73031819561,True,mc/mc_low_rmu_s_beta0_0,False,,,,4.33481693264
mc/mc_beta0_s,mc_beta0_s_gid-319_20260710_075804,0.0,0.0,1.470689,0.021502,49.8022579692,3.03716846087,True,mc/mc_beta0_s,False,,,,5.34013155572
mc/mc_beta0_s,mc_beta0_s_gid-436_20260710_080222,0.0,0.0,1.473639,0.003496,114.308245622,2.54149049276,True,mc/mc_beta0_s,False,,,,3.88430588263
mc/mc_beta0_s,mc_beta0_s_gid-235_20260710_075226,0.0,0.0,1.474924,0.008531,88.0838886337,2.71709863311,True,mc/mc_beta0_s,False,,,,4.3038515793
mc/mc_infill_2_3_a,mc_infill_2_3_a_gid-151_20260714_213243,0.0,0.0,1.475126,-0.005925,194.579077322,2.12229013749,True,mc/mc_infill_2_3_a,True,0.159156,194.56731,2.122341,3.06368954085
mc/mc_infill_3_4,mc_infill_3_4_gid-43_20260714_162332,0.0,0.0,1.476701,-0.003858,171.965206616,2.22708778479,True,mc/mc_infill_3_4,False,,,,3.25569430051
mc/mc_beta0_s,mc_beta0_s_gid-802_20260710_080423,0.0,0.0,1.477743,0.007573,92.1175106861,2.68800917775,True,mc/mc_beta0_s,False,,,,4.23169562301
mc/mc_low_rmu_s_beta0_0,mc_low_rmu_s_beta0_0_gid-328_20260711_034528,0.0,0.0,1.478568,-0.020522,469.540610515,1.20601663133,True,mc/mc_low_rmu_s_beta0_0,True,0.162052,469.240317,1.209274,1.62929050855
mc/mc_low_rmu_s_beta0_0,mc_low_rmu_s_beta0_0_gid-52_20260711_034024,0.0,0.0,1.484667,-0.01263,288.368831088,1.75348922645,True,mc/mc_low_rmu_s_beta0_0,False,,,,2.45355635522
mc/mc_infill_2_3,mc_infill_2_3_gid-49_20260715_040903,0.0,0.0,1.489195,-0.013523,303.106846124,1.70334133138,True,mc/mc_infill_2_3,True,0.009355,303.106846,1.703341,2.37616179076
mc/mc_infill_1_2,mc_infill_1_2_gid-169_20260714_175643,0.0,0.0,1.490502,-0.018991,420.865803672,1.33684958409,True,mc/mc_infill_1_2,False,,,,1.81696609011
mc/mc_low_rmu_s_beta0_0,mc_low_rmu_s_beta0_0_gid-394_20260711_034534,0.0,0.0,1.49056,-0.00214,153.128122742,2.31995117837,True,mc/mc_low_rmu_s_beta0_0,False,,,,3.44271029693
mc/mc_beta0_s,mc_beta0_s_gid-799_20260710_080924,0.0,0.0,1.492938,0.005272,101.908521791,2.61958899976,True,mc/mc_beta0_s,False,,,,4.07637167584
mc/mc_low_rmu_s_beta0_0,mc_low_rmu_s_beta0_0_gid-178_20260711_034026,0.0,0.0,1.493918,0.00342,112.192014356,2.55293065445,True,mc/mc_low_rmu_s_beta0_0,False,,,,3.9246013561
mc/mc_infill_2_3_a,mc_infill_2_3_a_gid-169_20260714_213242,0.0,0.0,1.497271,-0.008044,214.761221636,2.03262701235,True,mc/mc_infill_2_3_a,True,0.08341,214.74071,2.032679,2.92414080134
mc/mc_infill_1_2,mc_infill_1_2_gid-19_20260714_174609,0.0,0.0,1.497855,-0.027429,611.541818565,0.739702077356,True,mc/mc_infill_1_2,False,,,,1.09787233154
mc/mc_beta0_s,mc_beta0_s_gid-820_20260710_080553,0.0,0.0,1.50442,0.003841,108.440844501,2.57586183395,True,mc/mc_beta0_s,False,,,,3.98376551661
mc/mc_infill_2_3,mc_infill_2_3_gid-55_20260715_040903,0.0,0.0,1.505785,-0.00511,178.530295064,2.19273984516,True,mc/mc_infill_2_3,True,0.242926,178.530295,2.19274,3.21535183499
mc/mc_low_rmu_s_beta0_0,mc_low_rmu_s_beta0_0_gid-151_20260711_034024,0.0,0.0,1.506539,-0.005425,181.699258755,2.17780603864,True,mc/mc_low_rmu_s_beta0_0,False,,,,3.18870119894
mc/mc_low_rmu_s_beta0_0,mc_low_rmu_s_beta0_0_gid-409_20260711_035051,0.0,0.0,1.508804,-0.013752,299.274033986,1.71277224956,True,mc/mc_low_rmu_s_beta0_0,False,,,,2.41022969896
mc/mc_infill_1_2,mc_infill_1_2_gid-331_20260714_172633,0.0,0.0,1.508976,-0.023173,533.108856871,1.04387352746,True,mc/mc_infill_1_2,False,,,,1.42631335555
mc/mc_beta0_s,mc_beta0_s_gid-1405_20260710_050309,0.0,0.0,1.509987,0.024683,42.7879595407,3.1053541892,True,mc/mc_beta0_s,False,,,,5.67287162219
mc/mc_beta0_s,mc_beta0_s_gid-649_20260710_081230,0.0,0.0,1.512965,0.006128,95.4432847992,2.66186663537,True,mc/mc_beta0_s,False,,,,4.1920463028
mc/mc_infill_2_3,mc_infill_2_3_gid-559_20260715_041959,0.0,0.0,1.514297,-0.011688,262.054418974,1.84425073381,True,mc/mc_infill_2_3,True,0.222529,262.054419,1.844251,2.62421013455
mc/mc_beta0_s,mc_beta0_s_gid-589_20260710_081400,0.0,0.0,1.516032,0.011272,74.0776562722,2.8206677447,True,mc/mc_beta0_s,False,,,,4.61736959854
mc/mc_low_rmu_s_beta0_0,mc_low_rmu_s_beta0_0_gid-184_20260711_034057,0.0,0.0,1.516777,0.010701,76.0256434961,2.80512005453,True,mc/mc_low_rmu_s_beta0_0,False,,,,4.57297047721
mc/mc_infill_3_4,mc_infill_3_4_gid-133_20260714_172903,0.0,0.0,1.517419,0.003617,108.154798989,2.57656390211,True,mc/mc_infill_3_4,False,,,,3.99480611661
mc/mc_beta0_s,mc_beta0_s_gid-1183_20260710_045636,0.0,0.0,1.518097,0.002647,113.779284476,2.54084032546,True,mc/mc_beta0_s,False,,,,3.91551357013
mc/mc_infill_1_2,mc_infill_1_2_gid-661_20260714_175406,0.0,0.0,1.520328,-0.024474,569.173736225,0.960804504443,True,mc/mc_infill_1_2,False,,,,1.32514940659
mc/mc_low_rmu_s_beta0_0,mc_low_rmu_s_beta0_0_gid-187_20260711_034058,0.0,0.0,1.522178,0.006393,93.2497638585,2.67642954402,True,mc/mc_low_rmu_s_beta0_0,False,,,,4.23437598739
mc/mc_infill_2_3,mc_infill_2_3_gid-295_20260715_041532,0.0,0.0,1.522878,-0.010973,248.15920891,1.89593170875,True,mc/mc_infill_2_3,True,0.235704,248.159209,1.895932,2.71450859036
mc/mc_low_rmu_s_beta0_0,mc_low_rmu_s_beta0_0_gid-85_20260711_034023,0.0,0.0,1.52745,0.00025,128.195611442,2.45315573724,True,mc/mc_low_rmu_s_beta0_0,False,,,,3.73539182959
mc/mc_infill_1_2,mc_infill_1_2_gid-79_20260714_175613,0.0,0.0,1.528285,-0.025879,603.953872463,0.85560530356,True,mc/mc_infill_1_2,False,,,,1.2182982637
mc/mc_beta0_s,mc_beta0_s_gid-136_20260710_074738,0.0,0.0,1.530146,0.008778,82.2050905345,2.75634952722,True,mc/mc_beta0_s,False,,,,4.44680655717
mc/mc_beta0_s,mc_beta0_s_gid-547_20260710_075722,0.0,0.0,1.534174,0.01273,68.0863384103,2.86850109065,True,mc/mc_beta0_s,False,,,,4.77348101892
mc/mc_low_rmu_s_beta0_0,mc_low_rmu_s_beta0_0_gid-430_20260711_035052,0.0,0.0,1.535448,-0.006724,189.241163604,2.13994429705,True,mc/mc_low_rmu_s_beta0_0,False,,,,3.14327351565
mc/mc_infill_2_3,mc_infill_2_3_gid-139_20260715_040904,0.0,0.0,1.535486,-0.012907,274.837032698,1.79574264476,True,mc/mc_infill_2_3,True,0.189161,274.796102,1.796195,2.56094682321
mc/mc_infill_1_2,mc_infill_1_2_gid-301_20260714_174956,0.0,0.0,1.536746,-0.022443,493.761836507,1.14653744408,True,mc/mc_infill_1_2,False,,,,1.57742375286
mc/mc_infill_3_4,mc_infill_3_4_gid-79_20260714_164029,0.0,0.0,1.540501,0.002834,109.854791421,2.56362216665,True,mc/mc_infill_3_4,False,,,,3.98240775314
mc/mc_infill_1_2,mc_infill_1_2_gid-361_20260714_172103,0.0,0.0,1.540865,-0.02171,465.18960722,1.20932317827,True,mc/mc_infill_1_2,False,,,,1.67389759608
mc/mc_beta0_s,mc_beta0_s_gid-1417_20260710_050340,0.0,0.0,1.540942,0.02634,39.3970964859,3.13947901256,True,mc/mc_beta0_s,False,,,,5.86516330814
mc/mc_beta0_s,mc_beta0_s_gid-16_20260710_074739,0.0,0.0,1.542089,0.013411,65.5514833476,2.88944929054,True,mc/mc_beta0_s,False,,,,4.8447730857
mc/mc_infill_2_3,mc_infill_2_3_gid-511_20260715_041752,0.0,0.0,1.543752,-0.015209,313.514207113,1.66044948433,True,mc/mc_infill_2_3,True,0.168504,313.108595,1.661671,2.3546213177
mc/mc_low_rmu_s_beta0_0,mc_low_rmu_s_beta0_0_gid-373_20260711_034659,0.0,0.0,1.544098,-0.01703,350.226859506,1.54462431592,True,mc/mc_low_rmu_s_beta0_0,False,,,,2.17398167862
mc/mc_beta0_s,mc_beta0_s_gid-460_20260710_081355,0.0,0.0,1.545164,0.004747,98.91699812,2.63530774816,True,mc/mc_beta0_s,False,,,,4.15099699221
mc/mc_beta0_s,mc_beta0_s_gid-259_20260710_080853,0.0,0.0,1.549837,0.007204,86.9792432479,2.71923139446,True,mc/mc_beta0_s,False,,,,4.362588043
mc/mc_beta0_s,mc_beta0_s_gid-1477_20260710_050310,0.0,0.0,1.55107,0.00083,120.854655611,2.49441266312,True,mc/mc_beta0_s,False,,,,3.83918781951
mc/mc_low_rmu_s_beta0_0,mc_low_rmu_s_beta0_0_gid-265_20260711_034656,0.0,0.0,1.551789,0.002344,111.329101479,2.55324610315,True,mc/mc_low_rmu_s_beta0_0,False,,,,3.96744042302
mc/mc_infill_1_2,mc_infill_1_2_gid-337_20260714_172633,0.0,0.0,1.553642,-0.022043,467.570845054,1.20585919399,True,mc/mc_infill_1_2,False,,,,1.67778435865
mc/mc_infill_2_3,mc_infill_2_3_gid-7_20260715_040904,0.0,0.0,1.556058,-0.0067,184.180683637,2.16098531447,True,mc/mc_infill_2_3,True,0.179473,184.180684,2.160985,3.19742414663
mc/mc_beta0_s,mc_beta0_s_gid-1174_20260710_045238,0.0,0.0,1.556679,0.001673,114.74819935,2.53130887605,True,mc/mc_beta0_s,False,,,,3.92272653334
mc/mc_low_rmu_s_beta0_0,mc_low_rmu_s_beta0_0_gid-202_20260711_034058,0.0,0.0,1.558724,-0.006115,177.355426945,2.19265337523,True,mc/mc_low_rmu_s_beta0_0,False,,,,3.25695717
mc/mc_beta0_s,mc_beta0_s_gid-199_20260710_074754,0.0,0.0,1.559144,0.008486,80.9355859883,2.7637735734,True,mc/mc_beta0_s,False,,,,4.48679439919
mc/mc_infill_1_2,mc_infill_1_2_gid-265_20260714_175237,0.0,0.0,1.559385,-0.027675,633.694354826,0.777881943489,True,mc/mc_infill_1_2,False,,,,1.0145127248
mc/mc_beta0_s,mc_beta0_s_gid-289_20260710_081031,0.0,0.0,1.560132,0.026141,39.1108511599,3.14169343215,True,mc/mc_beta0_s,False,,,,5.88728938589
mc/mc_infill_3_4,mc_infill_3_4_gid-67_20260714_162252,0.0,0.0,1.561448,0.00658,88.6182337005,2.70632978714,True,mc/mc_infill_3_4,False,,,,4.33760196078
mc/mc_low_rmu_s_beta0_0,mc_low_rmu_s_beta0_0_gid-436_20260711_035052,0.0,0.0,1.563331,0.014902,60.2305364732,2.9346431749,True,mc/mc_low_rmu_s_beta0_0,False,,,,5.00822301114
mc/mc_beta0_s,mc_beta0_s_gid-244_20260710_075327,0.0,0.0,1.564022,0.000361,122.140423021,2.48547539262,True,mc/mc_beta0_s,False,,,,3.82972133262
mc/mc_beta0_s,mc_beta0_s_gid-1003_20260710_045241,0.0,0.0,1.566305,0.018048,52.7103721329,3.00389889397,True,mc/mc_beta0_s,False,,,,5.26308011607
mc/mc_infill_2_3,mc_infill_2_3_gid-217_20260715_041532,0.0,0.0,1.569379,-0.008392,200.210730611,2.08722760355,True,mc/mc_infill_2_3,True,0.091191,200.210731,2.087228,3.07675467532
mc/mc_low_rmu_s_beta0_0,mc_low_rmu_s_beta0_0_gid-229_20260711_034813,0.0,0.0,1.569914,0.007639,83.3900676637,2.7443098934,True,mc/mc_low_rmu_s_beta0_0,False,,,,4.44203896055
mc/mc_infill_1_2,mc_infill_1_2_gid-319_20260714_175106,0.0,0.0,1.573746,-0.021965,450.221877809,1.23770579272,True,mc/mc_infill_1_2,False,,,,1.75333503292
mc/mc_low_rmu_s_beta0_0,mc_low_rmu_s_beta0_0_gid-43_20260711_034023,0.0,0.0,1.574513,-0.000517,126.599451101,2.45804629926,True,mc/mc_low_rmu_s_beta0_0,False,,,,3.78002054717
mc/mc_beta0_s,mc_beta0_s_gid-493_20260710_075625,0.0,0.0,1.576347,0.005552,91.8209916782,2.68207585787,True,mc/mc_beta0_s,False,,,,4.28640514081
mc/mc_infill_2_3_b,mc_infill_2_3_b_gid-43_20260715_002635,0.0,0.0,1.577159,-0.017943,353.42732161,1.52906668788,True,mc/mc_infill_2_3_b,True,0.132227,352.439858,1.526215,2.16770795762
mc/mc_infill_1_2,mc_infill_1_2_gid-553_20260714_164836,0.0,0.0,1.579439,-0.026726,587.66397447,0.897468785051,True,mc/mc_infill_1_2,False,,,,1.24309259392
mc/mc_beta0_s,mc_beta0_s_gid-1498_20260710_050342,0.0,0.0,1.580977,0.004948,94.1902243335,2.66493944381,True,mc/mc_beta0_s,False,,,,4.24756379395
mc/mc_low_rmu_s_beta0_0,mc_low_rmu_s_beta0_0_gid-271_20260711_034701,0.0,0.0,1.582903,-0.003742,150.133612168,2.3263919577,True,mc/mc_low_rmu_s_beta0_0,False,,,,3.52384388952
mc/mc_beta0_s,mc_beta0_s_gid-1342_20260710_045638,0.0,0.0,1.585522,0.021009,46.2028386843,3.06673529098,True,mc/mc_beta0_s,False,,,,5.53514744782
mc/mc_infill_1_2,mc_infill_1_2_gid-385_20260714_175007,0.0,0.0,1.587967,-0.018179,353.198320384,1.5255630481,True,mc/mc_infill_1_2,False,,,,2.17808547953
mc/mc_beta0_s,mc_beta0_s_gid-304_20260710_080923,0.0,0.0,1.58854,0.0155,57.4013562439,2.95870352025,True,mc/mc_beta0_s,False,,,,5.10821306272
mc/mc_infill_2_3,mc_infill_2_3_gid-175_20260715_041101,0.0,0.0,1.588942,-0.017779,345.739624692,1.55158581093,True,mc/mc_infill_2_3,True,0.099295,343.878144,1.553922,2.21629040145
mc/mc_beta0_s,mc_beta0_s_gid-238_20260710_075325,0.0,0.0,1.592306,0.024536,40.3915975321,3.12660852138,True,mc/mc_beta0_s,False,,,,5.82477853117
mc/mc_infill_1_2,mc_infill_1_2_gid-223_20260714_174609,0.0,0.0,1.592638,-0.024036,501.381597038,1.11286423538,True,mc/mc_infill_1_2,False,,,,1.57440059044
mc/mc_low_rmu_s_beta0_0,mc_low_rmu_s_beta0_0_gid-199_20260711_034023,0.0,0.0,1.592889,-0.009475,207.348185115,2.0536376457,True,mc/mc_low_rmu_s_beta0_0,False,,,,3.03689583791
mc/mc_beta0_s,mc_beta0_s_gid-268_20260710_075729,0.0,0.0,1.594878,0.022021,44.1527009769,3.08716342274,True,mc/mc_beta0_s,False,,,,5.6330831005
mc/mc_infill_3_4,mc_infill_3_4_gid-55_20260714_162405,0.0,0.0,1.59645,-0.001855,132.853434821,2.41978980544,True,mc/mc_infill_3_4,False,,,,3.71774925993
mc/mc_low_rmu_s_beta0_0,mc_low_rmu_s_beta0_0_gid-421_20260711_035052,0.0,0.0,1.597949,0.008304,78.4820903215,2.77973709143,True,mc/mc_low_rmu_s_beta0_0,False,,,,4.55676618566
mc/mc_infill_2_3,mc_infill_2_3_gid-457_20260715_041752,0.0,0.0,1.599776,-0.009604,207.140795142,2.05375053261,True,mc/mc_infill_2_3,True,0.230883,207.140795,2.053751,3.04136063763
mc/mc_infill_3_4,mc_infill_3_4_gid-85_20260714_164029,0.0,0.0,1.600737,0.005477,89.8052499425,2.69451407587,True,mc/mc_infill_3_4,False,,,,4.33506019658
mc/mc_beta0_s,mc_beta0_s_gid-889_20260710_080656,0.0,0.0,1.600865,0.021742,44.4004550485,3.08431324922,True,mc/mc_beta0_s,False,,,,5.62323523311
mc/mc_infill_1_2,mc_infill_1_2_gid-289_20260714_174956,0.0,0.0,1.601409,-0.019229,370.564138372,1.47270995692,True,mc/mc_infill_1_2,False,,,,2.11153432462
mc/mc_low_rmu_s_beta0_0,mc_low_rmu_s_beta0_0_gid-352_20260711_034533,0.0,0.0,1.602226,0.006099,86.9422187848,2.71527681693,True,mc/mc_low_rmu_s_beta0_0,False,,,,4.38868333296
mc/mc_beta0_s,mc_beta0_s_gid-109_20260710_074742,0.0,0.0,1.606161,0.014912,57.9130923923,2.95289476095,True,mc/mc_beta0_s,False,,,,5.09857123414
mc/mc_infill_2_3,mc_infill_2_3_gid-571_20260715_041959,0.0,0.0,1.608307,-0.016688,315.769894729,1.64707270592,True,mc/mc_infill_2_3,True,0.245833,315.769895,1.647073,2.37765546944
mc/mc_low_rmu_s_beta0_0,mc_low_rmu_s_beta0_0_gid-121_20260711_034023,0.0,0.0,1.609013,0.001925,106.746102642,2.57757056354,True,mc/mc_low_rmu_s_beta0_0,False,,,,4.06286415563
mc/mc_infill_1_2,mc_infill_1_2_gid-217_20260714_174609,0.0,0.0,1.609751,-0.02817,596.451124149,0.854589835419,True,mc/mc_infill_1_2,False,,,,1.18730868373
mc/mc_beta0_s,mc_beta0_s_gid-427_20260710_075752,0.0,0.0,1.611262,0.012667,63.4749571643,2.90274206127,True,mc/mc_beta0_s,False,,,,4.93225248137
mc/mc_low_rmu_s_beta0_0,mc_low_rmu_s_beta0_0_gid-403_20260711_034534,0.0,0.0,1.614142,-0.018313,346.429121513,1.54885859297,True,mc/mc_low_rmu_s_beta0_0,False,,,,2.21980190583
mc/mc_beta0_s,mc_beta0_s_gid-1468_20260710_050306,0.0,0.0,1.618768,0.014789,57.5565942857,2.95536643755,True,mc/mc_beta0_s,False,,,,5.11511436332
mc/mc_infill_2_3,mc_infill_2_3_gid-181_20260715_040903,0.0,0.0,1.619412,-0.010053,207.521109451,2.04988366623,True,mc/mc_infill_2_3,True,0.249252,207.521109,2.049884,3.04909717657
mc/mc_infill_1_2,mc_infill_1_2_gid-559_20260714_164906,0.0,0.0,1.620285,-0.022969,453.981258342,1.23238135159,True,mc/mc_infill_1_2,False,,,,1.7635910326
mc/mc_infill_2_3,mc_infill_2_3_gid-19_20260715_040901,0.0,0.0,1.625678,-0.009498,199.201970091,2.08553552222,True,mc/mc_infill_2_3,True,0.227494,199.20197,2.085536,3.11588131147
mc/mc_low_rmu_s_beta0_0,mc_low_rmu_s_beta0_0_gid-379_20260711_034532,0.0,0.0,1.625864,-0.020902,398.261798822,1.38696392942,True,mc/mc_low_rmu_s_beta0_0,False,,,,2.00413145185
mc/mc_beta0_s,mc_beta0_s_gid-1309_20260710_050514,0.0,0.0,1.629046,0.015362,55.6855876669,2.9720142539,True,mc/mc_beta0_s,False,,,,5.18137701329
mc/mc_infill_1_2,mc_infill_1_2_gid-673_20260714_175406,0.0,0.0,1.630785,-0.019532,361.814777606,1.48747361868,True,mc/mc_infill_1_2,False,,,,2.16354078297
mc/mc_beta0_s,mc_beta0_s_gid-97_20260710_074854,0.0,0.0,1.631208,0.009239,72.653825175,2.82373078765,True,mc/mc_beta0_s,False,,,,4.70316143158
mc/mc_infill_3_4,mc_infill_3_4_gid-199_20260714_175438,0.0,0.0,1.632353,0.007052,80.4466856462,2.76181108884,True,mc/mc_infill_3_4,False,,,,4.53124436571
mc/mc_low_rmu_s_beta0_0,mc_low_rmu_s_beta0_0_gid-157_20260711_034023,0.0,0.0,1.632515,0.006865,81.1597301662,2.7563116208,True,mc/mc_low_rmu_s_beta0_0,False,,,,4.51662438661
mc/mc_infill_lt1_beta0_0,mc_infill_lt1_beta0_0_gid-151_20260714_174205,0.0,0.0,1.635887,-0.030238,636.806417121,0.756454127092,True,mc/mc_infill_lt1_beta0_0,False,,,,1.08984627834
mc/mc_beta0_s,mc_beta0_s_gid-1312_20260710_050216,0.0,0.0,1.636301,0.00931,72.052614092,2.82827208905,True,mc/mc_beta0_s,False,,,,4.71970784142
mc/mc_infill_1_2,mc_infill_1_2_gid-7_20260714_175511,0.0,0.0,1.637483,-0.025344,512.996181805,1.07681238339,True,mc/mc_infill_1_2,False,,,,1.53870243167
mc/mc_infill_2_3_b,mc_infill_2_3_b_gid-13_20260715_002401,0.0,0.0,1.638488,-0.01056,208.784834229,2.04233486095,True,mc/mc_infill_2_3_b,True,0.191703,208.775669,2.042315,3.04989486414
mc/mc_beta0_s,mc_beta0_s_gid-646_20260710_081230,0.0,0.0,1.639012,0.00225,101.5095731,2.60960366623,True,mc/mc_beta0_s,False,,,,4.15708024804
mc/mc_low_rmu_s_beta0_0,mc_low_rmu_s_beta0_0_gid-76_20260711_034024,0.0,0.0,1.639409,0.010399,68.3532253675,2.85883179737,True,mc/mc_low_rmu_s_beta0_0,False,,,,4.81259693656
mc/mc_beta0_s,mc_beta0_s_gid-622_20260710_075900,0.0,0.0,1.642318,0.013099,60.5259668075,2.92682240926,True,mc/mc_beta0_s,False,,,,5.03143100556
mc/mc_low_rmu_s_beta0_0,mc_low_rmu_s_beta0_0_gid-136_20260711_034025,0.0,0.0,1.643765,0.003223,96.0588154582,2.64651350445,True,mc/mc_low_rmu_s_beta0_0,False,,,,4.24757710297
mc/mc_infill_2_3,mc_infill_2_3_gid-229_20260715_041559,0.0,0.0,1.64406,-0.012612,234.642744817,1.93518857488,True,mc/mc_infill_2_3,True,0.110385,234.642745,1.935189,2.87199451166
mc/mc_beta0_s,mc_beta0_s_gid-529_20260710_081403,0.0,0.0,1.645379,0.016944,51.4800506821,3.0111123378,True,mc/mc_beta0_s,False,,,,5.33861286883
mc/mc_beta0_s,mc_beta0_s_gid-217_20260710_075121,0.0,0.0,1.64608,0.006539,81.2998309551,2.75415631773,True,mc/mc_beta0_s,False,,,,4.52003749579
mc/mc_low_rmu_s_beta0_0,mc_low_rmu_s_beta0_0_gid-337_20260711_034556,0.0,0.0,1.647071,-0.012013,225.326394962,1.97184432821,True,mc/mc_low_rmu_s_beta0_0,False,,,,2.93606375666
mc/mc_infill_3_4,mc_infill_3_4_gid-181_20260714_175005,0.0,0.0,1.650545,0.004902,87.6547807653,2.70606045976,True,mc/mc_infill_3_4,False,,,,4.39840769784
mc/mc_beta0_s,mc_beta0_s_gid-754_20260710_080731,0.0,0.0,1.650669,0.006085,82.7101766639,2.74301556878,True,mc/mc_beta0_s,False,,,,4.49368612027
mc/mc_infill_1_2,mc_infill_1_2_gid-421_20260714_175205,0.0,0.0,1.651647,-0.02043,374.422602063,1.45676572642,True,mc/mc_infill_1_2,False,,,,2.11462469327
mc/mc_beta0_s,mc_beta0_s_gid-1249_20260710_045942,0.0,0.0,1.653113,0.006268,81.773490503,2.74996286833,True,mc/mc_beta0_s,False,,,,4.51365550015
mc/mc_infill_2_3,mc_infill_2_3_gid-385_20260715_041550,0.0,0.0,1.655166,-0.015926,282.671763476,1.75285296162,True,mc/mc_infill_2_3,True,0.067398,282.671763,1.752853,2.58208404877
mc/mc_beta0_s,mc_beta0_s_gid-355_20260710_075125,0.0,0.0,1.6559,0.021932,42.2236299107,3.10420035298,True,mc/mc_beta0_s,False,,,,5.74747395116
mc/mc_low_rmu_s_beta0_0,mc_low_rmu_s_beta0_0_gid-172_20260711_034029,0.0,0.0,1.658195,-0.020182,366.894423158,1.47960218514,True,mc/mc_low_rmu_s_beta0_0,False,,,,2.14938319212
mc/mc_infill_1_2,mc_infill_1_2_gid-541_20260714_174609,0.0,0.0,1.65914,-0.02287,429.711509783,1.29437113365,True,mc/mc_infill_1_2,False,,,,1.87956266095
mc/mc_beta0_s,mc_beta0_s_gid-1111_20260710_050004,0.0,0.0,1.65936,0.00535,84.9514790566,2.72539377593,True,mc/mc_beta0_s,False,,,,4.45373432175
mc/mc_beta0_s,mc_beta0_s_gid-1369_20260710_050013,0.0,0.0,1.660448,0.000189,110.410010543,2.54918938734,True,mc/mc_beta0_s,False,,,,4.03613845342
mc/mc_infill_lt1_beta0_0,mc_infill_lt1_beta0_0_gid-283_20260714_173934,0.0,0.0,1.66086,-0.030143,568.881558241,0.785128413151,True,mc/mc_infill_lt1_beta0_0,False,,,,1.19392877258
mc/mc_low_rmu_s_beta0_0,mc_low_rmu_s_beta0_0_gid-46_20260711_034020,0.0,0.0,1.660981,-0.024568,474.373781635,1.17171007189,True,mc/mc_low_rmu_s_beta0_0,True,0.063117,473.698377,1.172472,1.71021245174
mc/mc_infill_2_3,mc_infill_2_3_gid-289_20260715_041625,0.0,0.0,1.665921,-0.016414,287.120270783,1.73554188039,True,mc/mc_infill_2_3,True,0.07779,287.120271,1.735542,2.56207994622
mc/mc_beta0_s,mc_beta0_s_gid-1387_20260710_050007,0.0,0.0,1.665962,0.00336,93.1260952251,2.66522326936,True,mc/mc_beta0_s,False,,,,4.30794647601
mc/mc_beta0_s,mc_beta0_s_gid-352_20260710_075228,0.0,0.0,1.667445,0.01197,62.0848034057,2.91118528687,True,mc/mc_beta0_s,False,,,,4.99536555221
mc/mc_infill_1_2,mc_infill_1_2_gid-565_20260714_164729,0.0,0.0,1.669012,-0.028512,590.369859437,0.841356442221,True,mc/mc_infill_1_2,False,,,,1.32485698117
mc/mc_beta0_s,mc_beta0_s_gid-1345_20260710_045934,0.0,0.0,1.669738,0.00952,69.0625471365,2.8506491107,True,mc/mc_beta0_s,False,,,,4.80759157817
mc/mc_low_rmu_s_beta0_0,mc_low_rmu_s_beta0_0_gid-31_20260711_034021,0.0,0.0,1.671181,-0.003382,132.382238634,2.41510900659,True,mc/mc_low_rmu_s_beta0_0,False,,,,3.76241015963
mc/mc_infill_2_3,mc_infill_2_3_gid-67_20260715_041025,0.0,0.0,1.671978,-0.01467,256.725355605,1.84695472608,True,mc/mc_infill_2_3,True,0.139833,256.725356,1.846955,2.74835233638
mc/mc_infill_1_2,mc_infill_1_2_gid-583_20260714_175539,0.0,0.0,1.672632,-0.029726,554.018406628,0.756054620033,True,mc/mc_infill_1_2,False,,,,1.35225874873
mc/mc_infill_lt1_beta0_0,mc_infill_lt1_beta0_0_gid-46_20260714_175610,0.0,0.0,1.672797,-0.029804,626.418066353,0.819303615226,True,mc/mc_infill_lt1_beta0_0,False,,,,1.22421037723
mc/mc_beta0_s,mc_beta0_s_gid-1402_20260710_050253,0.0,0.0,1.673235,0.001252,102.923838134,2.59704743789,True,mc/mc_beta0_s,False,,,,4.15218364532
mc/mc_beta0_s,mc_beta0_s_gid-1321_20260710_045910,0.0,0.0,1.675904,0.010011,67.1479770084,2.86643911059,True,mc/mc_beta0_s,False,,,,4.85932211882
mc/mc_low_rmu_s_beta0_0,mc_low_rmu_s_beta0_0_gid-340_20260711_034538,0.0,0.0,1.677699,0.006686,78.1529906184,2.77609806646,True,mc/mc_low_rmu_s_beta0_0,False,,,,4.60026156066
mc/mc_beta0_s,mc_beta0_s_gid-559_20260710_081424,0.0,0.0,1.678848,0.00947,68.6081080785,2.85381537808,True,mc/mc_beta0_s,False,,,,4.82297088262
mc/mc_infill_2_3,mc_infill_2_3_gid-73_20260715_041025,0.0,0.0,1.680828,-0.006165,153.077771985,2.3008346447,True,mc/mc_infill_2_3,True,0.163779,153.077772,2.300835,3.54665699686
mc/mc_infill_3_4,mc_infill_3_4_gid-187_20260714_174609,0.0,0.0,1.682374,-0.000734,113.113294651,2.52994138844,True,mc/mc_infill_3_4,False,,,,4.00962994971
mc/mc_beta0_s,mc_beta0_s_gid-43_20260710_074739,0.0,0.0,1.683748,0.013966,56.1953523109,2.96378783199,True,mc/mc_beta0_s,False,,,,5.18515166121
mc/mc_low_rmu_s_beta0_0,mc_low_rmu_s_beta0_0_gid-274_20260711_034701,0.0,0.0,1.686078,-0.005185,143.863796687,2.3494868562,True,mc/mc_low_rmu_s_beta0_0,False,,,,3.64360171387
mc/mc_infill_1_2,mc_infill_1_2_gid-127_20260714_175639,0.0,0.0,1.686708,-0.023845,442.276482105,1.2500736727,True,mc/mc_infill_1_2,False,,,,1.84722823987
mc/mc_beta0_s,mc_beta0_s_gid-445_20260710_075600,0.0,0.0,1.687317,0.02036,43.6250840811,3.08791163499,True,mc/mc_beta0_s,False,,,,5.68793808347
mc/mc_beta0_s,mc_beta0_s_gid-616_20260710_080553,0.0,0.0,1.689169,0.010462,64.9810954544,2.88418105997,True,mc/mc_beta0_s,False,,,,4.92269009816
mc/mc_low_rmu_s_beta0_0,mc_low_rmu_s_beta0_0_gid-322_20260711_034658,0.0,0.0,1.689969,-0.00104,113.983397454,2.52373076663,True,mc/mc_low_rmu_s_beta0_0,False,,,,4.00159382587
mc/mc_infill_2_3,mc_infill_2_3_gid-283_20260715_041626,0.0,0.0,1.692659,-0.01246,218.28365732,1.99565161079,True,mc/mc_infill_2_3,True,0.098336,218.283657,1.995652,3.00990317123
mc/mc_beta0_s,mc_beta0_s_gid-385_20260710_075353,0.0,0.0,1.693182,0.00218,95.9867977173,2.64270517809,True,mc/mc_beta0_s,False,,,,4.27272608795
mc/mc_beta0_s,mc_beta0_s_gid-4_20260710_074843,0.0,0.0,1.69596,0.018716,46.0625021053,3.06225256628,True,mc/mc_beta0_s,False,,,,5.57810832196
mc/mc_low_rmu_s_beta0_0,mc_low_rmu_s_beta0_0_gid-205_20260711_034058,0.0,0.0,1.696234,0.014076,55.3196989044,2.97122379551,True,mc/mc_low_rmu_s_beta0_0,False,,,,5.21937868553
mc/mc_infill_2_3,mc_infill_2_3_gid-361_20260715_041534,0.0,0.0,1.700905,-0.012353,214.690551173,2.01001850339,True,mc/mc_infill_2_3,True,0.105561,214.634099,2.010206,3.04036778951
mc/mc_infill_lt1_beta0_0,mc_infill_lt1_beta0_0_gid-196_20260714_174108,0.0,0.0,1.701707,-0.031195,582.688039978,0.800094260701,True,mc/mc_infill_lt1_beta0_0,False,,,,1.25468338098
mc/mc_low_rmu_s_beta0_0,mc_low_rmu_s_beta0_0_gid-424_20260711_035052,0.0,0.0,1.703163,-0.011018,197.661223581,2.08363336037,True,mc/mc_low_rmu_s_beta0_0,False,,,,3.16892034973
mc/mc_beta0_s,mc_beta0_s_gid-151_20260710_074853,0.0,0.0,1.703274,0.014107,54.904261743,2.97470745075,True,mc/mc_beta0_s,False,,,,5.23623021095
mc/mc_infill_1_2,mc_infill_1_2_gid-109_20260714_175006,0.0,0.0,1.704022,-0.021081,364.702288604,1.47645734825,True,mc/mc_infill_1_2,False,,,,2.19581113561
mc/mc_beta0_s,mc_beta0_s_gid-1027_20260710_045404,0.0,0.0,1.707203,0.016605,49.4966086927,3.02697357183,True,mc/mc_beta0_s,False,,,,5.43756127444
mc/mc_beta0_s,mc_beta0_s_gid-274_20260710_075223,0.0,0.0,1.71043,0.008158,70.6096245163,2.83466549075,True,mc/mc_beta0_s,False,,,,4.78668771591
mc/mc_low_rmu_s_beta0_0,mc_low_rmu_s_beta0_0_gid-16_20260711_034020,0.0,0.0,1.710561,-3e-05,105.548671342,2.57619199322,True,mc/mc_low_rmu_s_beta0_0,False,,,,4.13160985376
mc/mc_infill_3_4,mc_infill_3_4_gid-247_20260714_174609,0.0,0.0,1.710961,0.006773,75.248446277,2.79660505535,True,mc/mc_infill_3_4,False,,,,4.67864235771
mc/mc_infill_1_2,mc_infill_1_2_gid-199_20260714_175035,0.0,0.0,1.7123,-0.018094,300.07161126,1.68736955787,True,mc/mc_infill_1_2,False,,,,2.51842469543
mc/mc_infill_2_3_a,mc_infill_2_3_a_gid-157_20260714_213243,0.0,0.0,1.712722,-0.009161,175.025903849,2.18730872219,True,mc/mc_infill_2_3_a,True,0.249467,175.010201,2.187303,3.35991210847
mc/mc_beta0_s,mc_beta0_s_gid-295_20260710_081031,0.0,0.0,1.714946,0.01889,45.0608406438,3.07152802291,True,mc/mc_beta0_s,False,,,,5.62933988649
mc/mc_beta0_s,mc_beta0_s_gid-1045_20260710_045503,0.0,0.0,1.716761,0.005484,79.5144668116,2.76231107604,True,mc/mc_beta0_s,False,,,,4.58904839435
mc/mc_beta0_s,mc_beta0_s_gid-28_20260710_074741,0.0,0.0,1.718324,0.022646,39.2437369438,3.13306924754,True,mc/mc_beta0_s,False,,,,5.92496701109
mc/mc_low_rmu_s_beta0_0,mc_low_rmu_s_beta0_0_gid-298_20260711_034529,0.0,0.0,1.719446,-0.008717,169.126801696,2.21529431091,True,mc/mc_low_rmu_s_beta0_0,False,,,,3.4155900792
mc/mc_low_rmu_s_beta0_0,mc_low_rmu_s_beta0_0_gid-163_20260711_034058,0.0,0.0,1.721077,0.004965,81.158236208,2.74919415652,True,mc/mc_low_rmu_s_beta0_0,False,,,,4.55715946934
mc/mc_infill_1_2,mc_infill_1_2_gid-97_20260714_175310,0.0,0.0,1.721375,-0.029663,582.405861751,0.852400624312,True,mc/mc_infill_1_2,False,,,,1.3412041404
mc/mc_beta0_s,mc_beta0_s_gid-478_20260710_075659,0.0,0.0,1.722423,0.00059,100.848758205,2.60659474147,True,mc/mc_beta0_s,False,,,,4.20872307403
mc/mc_infill_1_2,mc_infill_1_2_gid-469_20260714_174741,0.0,0.0,1.723076,-0.024116,427.91032529,1.2891908886,True,mc/mc_infill_1_2,False,,,,1.92346745272
mc/mc_infill_3_4,mc_infill_3_4_gid-61_20260714_172433,0.0,0.0,1.724231,-0.004986,135.883820303,2.38983040079,True,mc/mc_infill_3_4,False,,,,3.74996345152
mc/mc_beta0_s,mc_beta0_s_gid-1009_20260710_050109,0.0,0.0,1.727752,0.014888,52.0579778354,3.0005349359,True,mc/mc_beta0_s,False,,,,5.34648525996
mc/mc_infill_2_3,mc_infill_2_3_gid-97_20260715_040902,0.0,0.0,1.728011,-0.008533,165.562063854,2.23206362164,True,mc/mc_infill_2_3,True,0.162975,165.549136,2.232053,3.45245723693
mc/mc_beta0_s,mc_beta0_s_gid-19_20260710_074738,0.0,0.0,1.729443,0.006672,74.2092114934,2.80357245434,True,mc/mc_beta0_s,False,,,,4.71016930641
mc/mc_infill_1_2,mc_infill_1_2_gid-457_20260714_175506,0.0,0.0,1.730919,-0.020727,344.061697601,1.53907316543,True,mc/mc_infill_1_2,False,,,,2.30069462088
mc/mc_low_rmu_s_beta0_0,mc_low_rmu_s_beta0_0_gid-331_20260711_034528,0.0,0.0,1.731559,-0.022934,392.602001422,1.39096599159,True,mc/mc_low_rmu_s_beta0_0,False,,,,2.07176293105
mc/mc_infill_lt1_beta0_0,mc_infill_lt1_beta0_0_gid-274_20260714_175237,0.0,0.0,1.732914,-0.035054,765.012432836,0.438389817207,False,mc/mc_infill_lt1_beta0_0,True,0.115021,640.552085,0.622537,1.04814954201
mc/mc_infill_2_3,mc_infill_2_3_gid-127_20260715_040902,0.0,0.0,1.733764,-0.016809,269.84401898,1.78999595996,True,mc/mc_infill_2_3,True,0.240523,269.338923,1.790436,2.69909227244
mc/mc_beta0_s,mc_beta0_s_gid-1288_20260710_045908,0.0,0.0,1.733789,0.01427,53.0909695542,2.99014224607,True,mc/mc_beta0_s,False,,,,5.31116189706
mc/mc_beta0_s,mc_beta0_s_gid-1186_20260710_045240,0.0,0.0,1.737575,0.016054,49.2908071412,3.02724384072,True,mc/mc_beta0_s,False,,,,5.45619276729
mc/mc_low_rmu_s_beta0_0,mc_low_rmu_s_beta0_0_gid-130_20260711_034025,0.0,0.0,1.738578,0.011139,60.2292885287,2.92300314303,True,mc/mc_low_rmu_s_beta0_0,False,,,,5.07854990403
mc/mc_low_rmu_s_beta0_0,mc_low_rmu_s_beta0_0_gid-175_20260711_034058,0.0,0.0,1.741231,-0.016956,269.553914963,1.78931733865,True,mc/mc_low_rmu_s_beta0_0,False,,,,2.70337079968
mc/mc_infill_3_4,mc_infill_3_4_gid-205_20260714_174956,0.0,0.0,1.74307,0.001932,92.0638607363,2.66612736468,True,mc/mc_infill_3_4,False,,,,4.36286167649
mc/mc_infill_2_3,mc_infill_2_3_gid-493_20260715_041752,0.0,0.0,1.744814,-0.010699,183.991004633,2.14124504354,True,mc/mc_infill_2_3,True,0.054025,183.966515,2.141286,3.30049537519
mc/mc_infill_1_2,mc_infill_1_2_gid-679_20260714_175638,0.0,0.0,1.747747,-0.02706,493.079000447,1.1122742101,True,mc/mc_infill_1_2,False,,,,1.70373504327
mc/mc_beta0_s,mc_beta0_s_gid-256_20260710_080853,0.0,0.0,1.749132,0.016761,47.4950817517,3.04466684733,True,mc/mc_beta0_s,False,,,,5.5336924407
mc/mc_infill_1_2,mc_infill_1_2_gid-25_20260714_180422,0.0,0.0,1.749535,-0.019614,313.554771444,1.63575369866,True,mc/mc_infill_1_2,False,,,,2.46445661531
mc/mc_low_rmu_s_beta0_0,mc_low_rmu_s_beta0_0_gid-355_20260711_034627,0.0,0.0,1.750652,0.01262,55.9614514509,2.96172432482,True,mc/mc_low_rmu_s_beta0_0,False,,,,5.21810371148
mc/mc_beta0_s,mc_beta0_s_gid-631_20260710_075953,0.0,0.0,1.751736,0.00273,87.6478757899,2.69757621516,True,mc/mc_beta0_s,False,,,,4.44573128104
mc/mc_beta0_s,mc_beta0_s_gid-1489_20260710_050516,0.0,0.0,1.752554,0.002016,90.7410071153,2.6748491921,True,mc/mc_beta0_s,False,,,,4.39040878628
mc/mc_infill_lt1_beta0_0,mc_infill_lt1_beta0_0_gid-112_20260714_173904,0.0,0.0,1.754127,-0.031633,523.460553081,0.809248640058,True,mc/mc_infill_lt1_beta0_0,False,,,,1.36193862758
mc/mc_low_rmu_s_beta0_0,mc_low_rmu_s_beta0_0_gid-262_20260711_034656,0.0,0.0,1.75541,-0.001696,109.530934496,2.54596790926,True,mc/mc_low_rmu_s_beta0_0,False,,,,4.09598649012
mc/mc_infill_3_4,mc_infill_3_4_gid-163_20260714_175536,0.0,0.0,1.755843,0.002509,88.2252965526,2.69295947192,True,mc/mc_infill_3_4,False,,,,4.43704274752
mc/mc_beta0_s,mc_beta0_s_gid-214_20260710_075121,0.0,0.0,1.755919,0.017987,45.0855595818,3.0690435482,True,mc/mc_beta0_s,False,,,,5.64122526509
mc/mc_infill_1_2,mc_infill_1_2_gid-403_20260714_174109,0.0,0.0,1.75658,-0.019934,316.704650508,1.6236074353,True,mc/mc_infill_1_2,False,,,,2.45269055374
mc/mc_infill_2_3,mc_infill_2_3_gid-439_20260715_041756,0.0,0.0,1.75662,-0.007186,147.9204822,2.32022580555,True,mc/mc_infill_2_3,True,0.235004,147.920482,2.320226,3.6378803036
mc/mc_beta0_s,mc_beta0_s_gid-541_20260710_081354,0.0,0.0,1.759309,0.020012,41.7441617131,3.1040909767,True,mc/mc_beta0_s,False,,,,5.80291780209
mc/mc_beta0_s,mc_beta0_s_gid-73_20260710_074857,0.0,0.0,1.761422,0.004692,78.8661440995,2.76377904782,True,mc/mc_beta0_s,False,,,,4.62243990737
mc/mc_infill_2_3,mc_infill_2_3_gid-535_20260715_041750,0.0,0.0,1.763478,-0.017426,269.659800626,1.78830656618,True,mc/mc_infill_2_3,True,0.156845,269.659801,1.788307,2.71474500038
mc/mc_beta0_s,mc_beta0_s_gid-535_20260710_081354,0.0,0.0,1.763642,0.004227,80.4577879209,2.75113947616,True,mc/mc_beta0_s,False,,,,4.59046558776
mc/mc_low_rmu_s_beta0_0,mc_low_rmu_s_beta0_0_gid-106_20260711_034030,0.0,0.0,1.76498,0.004399,79.6856850316,2.75705678786,True,mc/mc_low_rmu_s_beta0_0,False,,,,4.60693766009
mc/mc_beta0_s,mc_beta0_s_gid-265_20260710_075729,0.0,0.0,1.765506,0.009193,63.9009492269,2.88820290766,True,mc/mc_beta0_s,False,,,,4.98335153155
mc/mc_infill_lt1_beta0_0,mc_infill_lt1_beta0_0_gid-265_20260714_175138,0.0,0.0,1.76626,-0.028694,532.530878736,1.00429279224,True,mc/mc_infill_lt1_beta0_0,False,,,,1.57087586427
mc/mc_infill_2_3,mc_infill_2_3_gid-43_20260715_040910,0.0,0.0,1.77188,-0.007839,150.678582145,2.30384240833,True,mc/mc_infill_2_3,True,0.229748,150.678582,2.303842,3.61765972903
mc/mc_infill_1_2,mc_infill_1_2_gid-181_20260714_174609,0.0,0.0,1.77202,-0.029952,570.191596623,0.909126968465,True,mc/mc_infill_1_2,False,,,,1.37747799926
mc/mc_beta0_s,mc_beta0_s_gid-1195_20260710_045434,0.0,0.0,1.772627,0.010619,59.670705,2.92576150278,True,mc/mc_beta0_s,False,,,,5.10860256725
mc/mc_low_rmu_s_beta0_0,mc_low_rmu_s_beta0_0_gid-283_20260711_034701,0.0,0.0,1.773064,-0.003628,119.029567494,2.48430986064,True,mc/mc_low_rmu_s_beta0_0,False,,,,3.97666573455
mc/mc_infill_3_4,mc_infill_3_4_gid-19_20260714_164932,0.0,0.0,1.778222,0.003844,80.7210214461,2.74788841547,True,mc/mc_infill_3_4,False,,,,4.59155501007
mc/mc_infill_lt1_beta0_0,mc_infill_lt1_beta0_0_gid-70_20260714_174636,0.0,0.0,1.778335,-0.028323,511.034358211,1.0587099154,True,mc/mc_infill_lt1_beta0_0,False,,,,1.64077782347
mc/mc_beta0_s,mc_beta0_s_gid-1279_20260710_050440,0.0,0.0,1.779058,0.020576,40.2919160852,3.11874646135,True,mc/mc_beta0_s,False,,,,5.88448874428
mc/mc_low_rmu_s_beta0_0,mc_low_rmu_s_beta0_0_gid-313_20260711_034529,0.0,0.0,1.77966,-0.015576,235.430801619,1.91576151952,True,mc/mc_low_rmu_s_beta0_0,False,,,,2.93791752331
mc/mc_infill_1_2,mc_infill_1_2_gid-619_20260714_175406,0.0,0.0,1.780005,-0.02928,540.65748503,0.989124326984,True,mc/mc_infill_1_2,False,,,,1.51197862417
mc/mc_beta0_s,mc_beta0_s_gid-877_20260710_081238,0.0,0.0,1.781114,0.007904,66.6536625504,2.8629903851,True,mc/mc_beta0_s,False,,,,4.91575651145
mc/mc_low_rmu_s_beta0_0,mc_low_rmu_s_beta0_0_gid-343_20260711_034538,0.0,0.0,1.783353,0.011512,56.8977151215,2.95074972731,True,mc/mc_low_rmu_s_beta0_0,False,,,,5.19941068816
mc/mc_infill_1_2,mc_infill_1_2_gid-397_20260714_174109,0.0,0.0,1.783525,-0.01881,285.793307636,1.7280185836,True,mc/mc_infill_1_2,False,,,,2.63316078004
mc/mc_beta0_s,mc_beta0_s_gid-1450_20260710_050246,0.0,0.0,1.787932,0.002833,83.9174976726,2.72248948923,True,mc/mc_beta0_s,False,,,,4.53249195492
mc/mc_beta0_s,mc_beta0_s_gid-328_20260710_075804,0.0,0.0,1.78967,0.000953,91.9426958411,2.66290439125,True,mc/mc_beta0_s,False,,,,4.38658188395
mc/mc_infill_2_3,mc_infill_2_3_gid-241_20260715_041531,0.0,0.0,1.789997,-0.017625,263.268790093,1.80758082429,True,mc/mc_infill_2_3,True,0.115728,263.26879,1.807581,2.76530364373
mc/mc_low_rmu_s_beta0_0,mc_low_rmu_s_beta0_0_gid-310_20260711_034530,0.0,0.0,1.790697,-0.008425,152.259630345,2.29350563157,True,mc/mc_low_rmu_s_beta0_0,False,,,,3.61162641667
mc/mc_infill_2_3,mc_infill_2_3_gid-223_20260715_041530,0.0,0.0,1.791121,-0.012937,198.058566202,2.07179584044,True,mc/mc_infill_2_3,True,0.261273,198.058566,2.071796,3.21216241903
mc/mc_infill_lt1_beta0_0,mc_infill_lt1_beta0_0_gid-364_20260714_175239,0.0,0.0,1.791135,-0.03,545.454837859,0.949365080485,True,mc/mc_infill_lt1_beta0_0,False,,,,1.51284844447
mc/mc_beta0_s,mc_beta0_s_gid-910_20260710_080353,0.0,0.0,1.792514,0.016272,46.6772198875,3.05054219961,True,mc/mc_beta0_s,False,,,,5.5825945445
mc/mc_beta0_s,mc_beta0_s_gid-1348_20260710_045835,0.0,0.0,1.794189,0.007342,67.4915832747,2.85478517393,True,mc/mc_beta0_s,False,,,,4.89943459844
mc/mc_infill_1_2,mc_infill_1_2_gid-667_20260714_175406,0.0,0.0,1.797473,-0.023835,379.028368746,1.41374795677,True,mc/mc_infill_1_2,False,,,,2.15004121407
mc/mc_low_rmu_s_beta0_0,mc_low_rmu_s_beta0_0_gid-25_20260711_034021,0.0,0.0,1.798692,-0.022119,341.379273885,1.5356532251,True,mc/mc_low_rmu_s_beta0_0,False,,,,2.35143673042
mc/mc_beta0_s,mc_beta0_s_gid-1108_20260710_050004,0.0,0.0,1.800808,0.004312,77.1149155673,2.77447212571,True,mc/mc_beta0_s,False,,,,4.67678283953
mc/mc_infill_1_2,mc_infill_1_2_gid-67_20260714_175139,0.0,0.0,1.800967,-0.028587,506.569083288,1.07186961121,True,mc/mc_infill_1_2,False,,,,1.68193439401
mc/mc_low_rmu_s_beta0_0,mc_low_rmu_s_beta0_0_gid-268_20260711_034533,0.0,0.0,1.8011,-0.016586,243.494296159,1.88049216867,True,mc/mc_low_rmu_s_beta0_0,False,,,,2.89746897157
mc/mc_beta0_s,mc_beta0_s_gid-514_20260710_075500,0.0,0.0,1.803225,0.0019,86.4339426016,2.70219263229,True,mc/mc_beta0_s,False,,,,4.49158734386
mc/mc_infill_3_4,mc_infill_3_4_gid-139_20260714_171604,0.0,0.0,1.804068,0.001038,90.1330759036,2.67476806979,True,mc/mc_infill_3_4,False,,,,4.42483146827
mc/mc_beta0_s,mc_beta0_s_gid-742_20260710_080753,0.0,0.0,1.804962,0.002489,83.81710454,2.7218120605,True,mc/mc_beta0_s,False,,,,4.54202200605
mc/mc_infill_2_3,mc_infill_2_3_gid-271_20260715_041533,0.0,0.0,1.805466,-0.006585,134.783788809,2.38777113807,True,mc/mc_infill_2_3,True,0.149245,134.783789,2.387771,3.80359954902
mc/mc_beta0_s,mc_beta0_s_gid-838_20260710_080455,0.0,0.0,1.808624,0.020764,39.1339574075,3.12994578949,True,mc/mc_beta0_s,False,,,,5.95601474519
mc/mc_infill_1_2,mc_infill_1_2_gid-655_20260714_175040,0.0,0.0,1.809382,-0.024983,400.675574149,1.35560816968,True,mc/mc_infill_1_2,False,,,,2.08101456639
mc/mc_infill_2_3,mc_infill_2_3_gid-247_20260715_041533,0.0,0.0,1.811968,-0.014468,211.47049902,2.01140552462,True,mc/mc_infill_2_3,True,0.242788,211.470499,2.011406,3.12260271676
mc/mc_low_rmu_s_beta0_0,mc_low_rmu_s_beta0_0_gid-103_20260711_034024,0.0,0.0,1.812962,-0.00294,109.553468845,2.54035416133,True,mc/mc_low_rmu_s_beta0_0,False,,,,4.12352075173
mc/mc_beta0_s,mc_beta0_s_gid-1120_20260710_050004,0.0,0.0,1.815089,0.004038,76.9848586362,2.77435206805,True,mc/mc_beta0_s,False,,,,4.685719368
mc/mc_beta0_s,mc_beta0_s_gid-370_20260710_075608,0.0,0.0,1.817933,0.008679,62.1796694853,2.89979186696,True,mc/mc_beta0_s,False,,,,5.05231544617
mc/mc_low_rmu_s_beta0_0,mc_low_rmu_s_beta0_0_gid-148_20260711_034102,0.0,0.0,1.818241,0.001618,86.2503138492,2.7022741052,True,mc/mc_low_rmu_s_beta0_0,False,,,,4.50174105933
mc/mc_infill_lt1_beta0_0,mc_infill_lt1_beta0_0_gid-10_20260714_174609,0.0,0.0,1.819741,-0.028626,495.275393756,1.09434284675,True,mc/mc_infill_lt1_beta0_0,False,,,,1.71467146806
mc/mc_beta0_s,mc_beta0_s_gid-1444_20260710_050238,0.0,0.0,1.819979,0.007862,64.3199704194,2.88054196756,True,mc/mc_beta0_s,False,,,,4.99348896898
mc/mc_infill_1_2,mc_infill_1_2_gid-61_20260714_173537,0.0,0.0,1.821631,-0.020122,294.52405202,1.69156371721,True,mc/mc_infill_1_2,False,,,,2.60624591883
mc/mc_low_rmu_s_beta0_0,mc_low_rmu_s_beta0_0_gid-295_20260711_034830,0.0,0.0,1.823403,-0.002385,105.134057062,2.56842179526,True,mc/mc_low_rmu_s_beta0_0,False,,,,4.19208193558
mc/mc_beta0_s,mc_beta0_s_gid-1063_20260710_045248,0.0,0.0,1.824797,0.003273,79.0427677003,2.7571880741,True,mc/mc_beta0_s,False,,,,4.64640150284
mc/mc_infill_2_3,mc_infill_2_3_gid-505_20260715_041750,0.0,0.0,1.827339,-0.008256,144.188456718,2.33297077686,True,mc/mc_infill_2_3,True,0.185853,144.186401,2.332982,3.71250314484
mc/mc_infill_lt1_beta0_0,mc_infill_lt1_beta0_0_gid-22_20260714_174735,0.0,0.0,1.828043,-0.028057,472.264459232,1.15322229285,True,mc/mc_infill_lt1_beta0_0,False,,,,1.78746264277
mc/mc_low_rmu_s_beta0_0,mc_low_rmu_s_beta0_0_gid-28_20260711_034021,0.0,0.0,1.829775,0.009813,58.5720850817,2.93195433236,True,mc/mc_low_rmu_s_beta0_0,False,,,,5.16371317576
mc/mc_beta0_s,mc_beta0_s_gid-382_20260710_075608,0.0,0.0,1.833478,0.017515,43.0989993311,3.08572790443,True,mc/mc_beta0_s,False,,,,5.757780684
mc/mc_infill_1_2,mc_infill_1_2_gid-523_20260714_173804,0.0,0.0,1.834152,-0.021502,314.546085469,1.62029320989,True,mc/mc_infill_1_2,False,,,,2.50192063343
mc/mc_infill_3_4,mc_infill_3_4_gid-31_20260714_175006,0.0,0.0,1.836658,-0.004053,113.118504615,2.51512203503,True,mc/mc_infill_3_4,False,,,,4.08566033328
mc/mc_low_rmu_s_beta0_0,mc_low_rmu_s_beta0_0_gid-19_20260711_034020,0.0,0.0,1.837295,-0.019924,285.316319756,1.72207082411,True,mc/mc_low_rmu_s_beta0_0,False,,,,2.66464103006
mc/mc_infill_2_3,mc_infill_2_3_gid-397_20260715_041534,0.0,0.0,1.839541,-0.010998,166.207797929,2.21646451204,True,mc/mc_infill_2_3,True,0.209364,166.207798,2.216465,3.50370783797
mc/mc_infill_1_2,mc_infill_1_2_gid-193_20260714_174609,0.0,0.0,1.843123,-0.028801,485.002501315,1.11336555093,True,mc/mc_infill_1_2,False,,,,1.74389851936
mc/mc_infill_2_3,mc_infill_2_3_gid-199_20260715_040903,0.0,0.0,1.844459,-0.015066,210.008247868,2.0131614281,True,mc/mc_infill_2_3,True,0.212157,210.008248,2.013161,3.14962022647
mc/mc_low_rmu_s_beta0_0,mc_low_rmu_s_beta0_0_gid-73_20260711_034024,0.0,0.0,1.845508,0.009405,58.7336297733,2.92936174605,True,mc/mc_low_rmu_s_beta0_0,False,,,,5.1645776123
mc/mc_beta0_s,mc_beta0_s_gid-1096_20260710_045244,0.0,0.0,1.846298,0.002302,80.9805513003,2.74018655993,True,mc/mc_beta0_s,False,,,,4.61610174446
mc/mc_infill_lt1_beta0_0,mc_infill_lt1_beta0_0_gid-250_20260714_174609,0.0,0.0,1.847404,-0.034779,614.540646149,0.751281142921,True,mc/mc_infill_lt1_beta0_0,False,,,,1.1896420646
mc/mc_infill_1_2,mc_infill_1_2_gid-487_20260714_173103,0.0,0.0,1.851656,-0.029138,486.071705184,1.11239929151,True,mc/mc_infill_1_2,False,,,,1.76268002478
mc/mc_infill_2_3_a,mc_infill_2_3_a_gid-109_20260714_213242,0.0,0.0,1.851959,-0.006412,126.283825803,2.43255288034,True,mc/mc_infill_2_3_a,True,0.244961,126.280242,2.432555,3.92532767902
mc/mc_low_rmu_s_beta0_0,mc_low_rmu_s_beta0_0_gid-448_20260711_035052,0.0,0.0,1.852682,0.003572,75.7210418541,2.78147780767,True,mc/mc_low_rmu_s_beta0_0,False,,,,4.72911910802
mc/mc_beta0_s,mc_beta0_s_gid-931_20260710_081135,0.0,0.0,1.854334,0.015222,46.1490446717,3.05244967536,True,mc/mc_beta0_s,False,,,,5.62497513938
mc/mc_low_rmu_s_beta0_0,mc_low_rmu_s_beta0_0_gid-193_20260711_034029,0.0,0.0,1.85493,-0.017796,244.302722814,1.87118861985,True,mc/mc_low_rmu_s_beta0_0,False,,,,2.9191934278
mc/mc_infill_3_4,mc_infill_3_4_gid-7_20260714_175336,0.0,0.0,1.85523,0.008139,61.4481683177,2.90372858976,True,mc/mc_infill_3_4,False,,,,5.08744535919
mc/mc_infill_lt1_beta0_0,mc_infill_lt1_beta0_0_gid-307_20260714_175541,0.0,0.0,1.856876,-0.031862,554.033423037,0.896889823566,True,mc/mc_infill_lt1_beta0_0,False,,,,1.45721382368
mc/mc_infill_1_2,mc_infill_1_2_gid-145_20260714_174609,0.0,0.0,1.858265,-0.029442,494.442448216,1.09061519405,True,mc/mc_infill_1_2,False,,,,1.74653661012
mc/mc_infill_1_2,mc_infill_1_2_gid-277_20260714_174956,0.0,0.0,1.861347,-0.026213,402.070029008,1.33625677633,True,mc/mc_infill_1_2,False,,,,2.10491202752
mc/mc_low_rmu_s_beta0_0,mc_low_rmu_s_beta0_0_gid-346_20260711_034530,0.0,0.0,1.861883,-0.007949,135.893935544,2.3755769658,True,mc/mc_low_rmu_s_beta0_0,False,,,,3.81914590839
mc/mc_infill_lt1_beta0_0,mc_infill_lt1_beta0_0_gid-4_20260714_224551,0.0,0.0,1.862947,-0.029241,484.748722426,1.11329222252,True,mc/mc_infill_lt1_beta0_0,False,,,,1.76602091434
mc/mc_beta0_s,mc_beta0_s_gid-211_20260710_075121,0.0,0.0,1.863016,0.003136,76.4792432456,2.77450052549,True,mc/mc_beta0_s,False,,,,4.71700093788
mc/mc_infill_2_3,mc_infill_2_3_gid-589_20260715_041753,0.0,0.0,1.866631,-0.00707,128.677883249,2.41682964417,True,mc/mc_infill_2_3,True,0.308047,128.677883,2.41683,3.90396439068
mc/mc_beta0_s,mc_beta0_s_gid-568_20260710_075515,0.0,0.0,1.869635,0.00447,71.3822849895,2.81590543941,True,mc/mc_beta0_s,False,,,,4.83457914106
mc/mc_low_rmu_s_beta0_0,mc_low_rmu_s_beta0_0_gid-250_20260711_034530,0.0,0.0,1.87018,-0.015025,202.6345337,2.04210132104,True,mc/mc_low_rmu_s_beta0_0,False,,,,3.21744921005
mc/mc_infill_1_2,mc_infill_1_2_gid-235_20260714_173434,0.0,0.0,1.870841,-0.027264,425.941660375,1.27558888247,True,mc/mc_infill_1_2,False,,,,2.00651674626
mc/mc_beta0_s,mc_beta0_s_gid-433_20260710_075456,0.0,0.0,1.872589,0.017011,42.5491979602,3.08950394826,True,mc/mc_beta0_s,False,,,,5.79586790581
mc/mc_infill_lt1_beta0_0,mc_infill_lt1_beta0_0_gid-7_20260714_174609,0.0,0.0,1.873056,-0.032748,570.511854641,0.886037145397,True,mc/mc_infill_lt1_beta0_0,False,,,,1.28609286861
mc/mc_infill_2_3,mc_infill_2_3_gid-517_20260715_041750,0.0,0.0,1.876651,-0.006516,123.339579343,2.44771152115,True,mc/mc_infill_2_3,True,0.294172,123.339579,2.447712,3.97302610515
mc/mc_beta0_s,mc_beta0_s_gid-796_20260710_080924,0.0,0.0,1.877436,0.010287,54.9782721365,2.96270481968,True,mc/mc_beta0_s,False,,,,5.29666626289
mc/mc_low_rmu_s_beta0_0,mc_low_rmu_s_beta0_0_gid-79_20260711_034023,0.0,0.0,1.879414,-0.013915,187.540045508,2.1095019611,True,mc/mc_low_rmu_s_beta0_0,False,,,,3.34078913204
mc/mc_beta0_s,mc_beta0_s_gid-487_20260710_075653,0.0,0.0,1.882174,0.018357,40.2428546816,3.11407958383,True,mc/mc_beta0_s,False,,,,5.91578223536
mc/mc_infill_1_2,mc_infill_1_2_gid-529_20260714_173804,0.0,0.0,1.882196,-0.020876,284.077958066,1.72102795424,True,mc/mc_infill_1_2,False,,,,2.69318803533
mc/mc_low_rmu_s_beta0_0,mc_low_rmu_s_beta0_0_gid-382_20260711_034535,0.0,0.0,1.882847,-0.021227,289.677596839,1.69937530305,True,mc/mc_low_rmu_s_beta0_0,False,,,,2.66092039891
mc/mc_infill_3_4,mc_infill_3_4_gid-97_20260714_164029,0.0,0.0,1.88476,0.005308,67.6822627104,2.84625176299,True,mc/mc_infill_3_4,False,,,,4.9308489293
mc/mc_infill_2_3,mc_infill_2_3_gid-499_20260715_041752,0.0,0.0,1.88732,-0.011251,158.908611101,2.24833224731,True,mc/mc_infill_2_3,True,0.20424,158.907933,2.248331,3.59571138251
mc/mc_low_rmu_s_beta0_0,mc_low_rmu_s_beta0_0_gid-142_20260711_034025,0.0,0.0,1.888711,-0.010336,150.512217278,2.29219295778,True,mc/mc_low_rmu_s_beta0_0,False,,,,3.67822031782
mc/mc_beta0_s,mc_beta0_s_gid-751_20260710_080731,0.0,0.0,1.889044,0.012986,48.8411102903,3.02267703346,True,mc/mc_beta0_s,False,,,,5.52440952919
mc/mc_infill_lt1_beta0_0,mc_infill_lt1_beta0_0_gid-205_20260714_175006,0.0,0.0,1.890393,-0.030806,516.308975518,1.01465990497,True,mc/mc_infill_lt1_beta0_0,False,,,,1.66322727007
mc/mc_infill_1_2,mc_infill_1_2_gid-157_20260714_220148,0.0,0.0,1.890729,-0.024719,356.324642559,1.48199309547,True,mc/mc_infill_1_2,False,,,,2.32380678784
mc/mc_beta0_s,mc_beta0_s_gid-508_20260710_080052,0.0,0.0,1.890997,0.002941,75.0002285247,2.78421913807,True,mc/mc_beta0_s,False,,,,4.760868611
mc/mc_infill_3_4,mc_infill_3_4_gid-73_20260714_162345,0.0,0.0,1.89168,0.007921,59.9363099898,2.914965581,True,mc/mc_infill_3_4,False,,,,5.14535033722
mc/mc_infill_2_3,mc_infill_2_3_gid-463_20260715_041752,0.0,0.0,1.891736,-0.013786,183.201175254,2.12832094005,True,mc/mc_infill_2_3,True,0.183032,183.201175,2.128321,3.38257033713
mc/mc_beta0_s,mc_beta0_s_gid-727_20260710_080157,0.0,0.0,1.892276,0.009052,57.0995930495,2.94138423455,True,mc/mc_beta0_s,False,,,,5.23272663697
mc/mc_beta0_s,mc_beta0_s_gid-880_20260710_080756,0.0,0.0,1.894313,0.013764,47.1835953404,3.03937219311,True,mc/mc_beta0_s,False,,,,5.59354252265
mc/mc_beta0_s,mc_beta0_s_gid-145_20260710_074900,0.0,0.0,1.898641,0.003672,71.9288180477,2.80901431505,True,mc/mc_beta0_s,False,,,,4.83355504789
mc/mc_low_rmu_s_beta0_0,mc_low_rmu_s_beta0_0_gid-190_20260711_034029,0.0,0.0,1.898953,-0.009914,145.104443508,2.32032418713,True,mc/mc_low_rmu_s_beta0_0,False,,,,3.73847768058
mc/mc_infill_2_3,mc_infill_2_3_gid-409_20260715_041700,0.0,0.0,1.900193,-0.012737,170.433286227,2.18874162802,True,mc/mc_infill_2_3,True,0.168155,170.433286,2.188742,3.49621632594
mc/mc_infill_1_2,mc_infill_1_2_gid-547_20260714_175509,0.0,0.0,1.900652,-0.029482,467.606642758,1.14490031734,True,mc/mc_infill_1_2,False,,,,1.86218480077
mc/mc_low_rmu_s_beta0_0,mc_low_rmu_s_beta0_0_gid-385_20260711_034705,0.0,0.0,1.900725,-0.023282,321.144107356,1.5897982415,True,mc/mc_low_rmu_s_beta0_0,False,,,,2.50126090066
mc/mc_infill_lt1_beta0_0,mc_infill_lt1_beta0_0_gid-331_20260714_174707,0.0,0.0,1.903683,-0.028786,446.618060627,1.20794052401,True,mc/mc_infill_lt1_beta0_0,False,,,,1.94845650297
mc/mc_beta0_s,mc_beta0_s_gid-1495_20260710_050508,0.0,0.0,1.903722,0.012287,49.5666728173,3.01439879498,True,mc/mc_beta0_s,False,,,,5.5007131811
mc/mc_low_rmu_s_beta0_0,mc_low_rmu_s_beta0_0_gid-214_20260711_034528,0.0,0.0,1.908637,-0.000422,86.5757434107,2.6919360069,True,mc/mc_low_rmu_s_beta0_0,False,,,,4.53552196356
mc/mc_beta0_s,mc_beta0_s_gid-544_20260710_075729,0.0,0.0,1.909548,0.011581,50.7108779858,3.00249467939,True,mc/mc_beta0_s,False,,,,5.45898898716
mc/mc_infill_1_2,mc_infill_1_2_gid-253_20260714_174956,0.0,0.0,1.910524,-0.023476,321.490593132,1.58933967483,True,mc/mc_infill_1_2,False,,,,2.50287776508
mc/mc_infill_3_4,mc_infill_3_4_gid-265_20260714_174234,0.0,0.0,1.91321,-0.001272,89.8684732933,2.66700404976,True,mc/mc_infill_3_4,False,,,,4.4783219029
mc/mc_infill_2_3_a,mc_infill_2_3_a_gid-121_20260714_213242,0.0,0.0,1.914081,-0.011421,155.224433071,2.26458113216,True,mc/mc_infill_2_3_a,True,0.186639,155.210581,2.264591,3.6443612221
mc/mc_beta0_s,mc_beta0_s_gid-166_20260710_075033,0.0,0.0,1.915372,0.003772,70.404468426,2.82053153815,True,mc/mc_beta0_s,False,,,,4.87619820692
mc/mc_low_rmu_s_beta0_0,mc_low_rmu_s_beta0_0_gid-208_20260711_034058,0.0,0.0,1.916271,-0.00721,122.240997675,2.45037840891,True,mc/mc_low_rmu_s_beta0_0,False,,,,4.00556245142
mc/mc_infill_lt1_beta0_0,mc_infill_lt1_beta0_0_gid-55_20260714_180822,0.0,0.0,1.916308,-0.034486,573.28109626,0.8221964873,True,mc/mc_infill_lt1_beta0_0,False,,,,1.44440581359
mc/mc_infill_1_2,mc_infill_1_2_gid-511_20260714_174110,0.0,0.0,1.917879,-0.022535,299.336383518,1.65864144884,True,mc/mc_infill_1_2,False,,,,2.62727267325
mc/mc_beta0_s,mc_beta0_s_gid-637_20260710_075952,0.0,0.0,1.920787,0.008254,57.5160327623,2.93552175106,True,mc/mc_beta0_s,False,,,,5.22979281114
mc/mc_infill_2_3,mc_infill_2_3_gid-319_20260715_041533,0.0,0.0,1.921497,-0.013996,178.604922488,2.14671385566,True,mc/mc_infill_2_3,True,0.195394,178.572693,2.146749,3.43619219182
mc/mc_low_rmu_s_beta0_0,mc_low_rmu_s_beta0_0_gid-64_20260711_034023,0.0,0.0,1.921554,-0.001957,92.1702405795,2.64941800907,True,mc/mc_low_rmu_s_beta0_0,False,,,,4.44215017335
mc/mc_beta0_s,mc_beta0_s_gid-1264_20260710_050035,0.0,0.0,1.926547,0.012069,49.0199857097,3.01853940279,True,mc/mc_beta0_s,False,,,,5.52944219678
mc/mc_infill_1_2,mc_infill_1_2_gid-13_20260714_175036,0.0,0.0,1.927883,-0.026094,369.594414373,1.43099045128,True,mc/mc_infill_1_2,False,,,,2.27868921091
mc/mc_infill_lt1_beta0_0,mc_infill_lt1_beta0_0_gid-181_20260714_174120,0.0,0.0,1.928004,-0.032439,525.918411858,1.00730346469,True,mc/mc_infill_lt1_beta0_0,False,,,,1.69776565567
mc/mc_beta0_s,mc_beta0_s_gid-34_20260710_074739,0.0,0.0,1.930814,0.007006,60.0852307373,2.91077855147,True,mc/mc_beta0_s,False,,,,5.15535460402
mc/mc_infill_1_2,mc_infill_1_2_gid-103_20260714_175638,0.0,0.0,1.931785,-0.018434,229.673269017,1.92033773177,True,mc/mc_infill_1_2,False,,,,3.05410636734
mc/mc_low_rmu_s_beta0_0,mc_low_rmu_s_beta0_0_gid-376_20260711_034659,0.0,0.0,1.931841,-0.013277,169.011561031,2.19224270125,True,mc/mc_low_rmu_s_beta0_0,False,,,,3.52468614878
mc/mc_infill_lt1_beta0_0,mc_infill_lt1_beta0_0_gid-34_20260714_174735,0.0,0.0,1.933091,-0.032542,522.246525257,1.00178327519,True,mc/mc_infill_lt1_beta0_0,False,,,,1.62937404389
mc/mc_infill_2_3,mc_infill_2_3_gid-337_20260715_041533,0.0,0.0,1.934861,-0.013674,172.314507669,2.17559225586,True,mc/mc_infill_2_3,True,0.079823,172.301522,2.175702,3.4968697253
mc/mc_low_rmu_s_beta0_0,mc_low_rmu_s_beta0_0_gid-133_20260711_034025,0.0,0.0,1.935942,0.002146,74.3476908503,2.78589017196,True,mc/mc_low_rmu_s_beta0_0,False,,,,4.79371790973
mc/mc_infill_2_3,mc_infill_2_3_gid-265_20260715_041533,0.0,0.0,1.940697,-0.009325,133.412661896,2.38153632342,True,mc/mc_infill_2_3,True,0.259909,133.412662,2.381536,3.88513567598
mc/mc_beta0_s,mc_beta0_s_gid-790_20260710_080924,0.0,0.0,1.941395,0.000654,79.3460821534,2.74499230602,True,mc/mc_beta0_s,False,,,,4.68954061969
mc/mc_low_rmu_s_beta0_0,mc_low_rmu_s_beta0_0_gid-286_20260711_034701,0.0,0.0,1.941842,-0.010752,144.358207338,2.31978420087,True,mc/mc_low_rmu_s_beta0_0,False,,,,3.76703032867
mc/mc_infill_lt1_beta0_0,mc_infill_lt1_beta0_0_gid-82_20260714_175406,0.0,0.0,1.942558,-0.035463,588.083718915,0.853555946215,True,mc/mc_infill_lt1_beta0_0,False,,,,1.44989851509
mc/mc_infill_3_4,mc_infill_3_4_gid-259_20260714_174235,0.0,0.0,1.944498,-0.002996,94.7243025722,2.62890746405,True,mc/mc_infill_3_4,False,,,,4.40950537673
mc/mc_infill_lt1_beta0_0,mc_infill_lt1_beta0_0_gid-1_20260714_223744,0.0,0.0,1.946738,-0.03427,557.935054323,0.896832278516,True,mc/mc_infill_lt1_beta0_0,False,,,,1.49801690489
mc/mc_infill_1_2,mc_infill_1_2_gid-613_20260714_175406,0.0,0.0,1.94755,-0.022658,290.790110922,1.68652668573,True,mc/mc_infill_1_2,False,,,,2.6862277137
mc/mc_low_rmu_s_beta0_0,mc_low_rmu_s_beta0_0_gid-406_20260711_034534,0.0,0.0,1.949856,-0.02157,270.984512628,1.75704480093,True,mc/mc_low_rmu_s_beta0_0,False,,,,2.79948140328
mc/mc_infill_1_2,mc_infill_1_2_gid-211_20260714_175035,0.0,0.0,1.951602,-0.024322,319.437054318,1.58834891492,True,mc/mc_infill_1_2,False,,,,2.54297491657
mc/mc_beta0_s,mc_beta0_s_gid-361_20260710_075125,0.0,0.0,1.95493,0.013303,45.6459694184,3.05184668602,True,mc/mc_beta0_s,False,,,,5.67768643217
mc/mc_beta0_s,mc_beta0_s_gid-118_20260710_074757,0.0,0.0,1.956752,0.00996,51.9063356167,2.98749079956,True,mc/mc_beta0_s,False,,,,5.43067918441
mc/mc_infill_2_3,mc_infill_2_3_gid-547_20260715_041800,0.0,0.0,1.957685,-0.016145,193.611675267,2.07235598559,True,mc/mc_infill_2_3,True,0.177193,193.611675,2.072356,3.33115369235
mc/mc_low_rmu_s_beta0_0,mc_low_rmu_s_beta0_0_gid-55_20260711_034024,0.0,0.0,1.958059,-0.008836,127.152999144,2.41641783188,True,mc/mc_low_rmu_s_beta0_0,False,,,,3.96574312897
mc/mc_infill_3_4,mc_infill_3_4_gid-151_20260714_171607,0.0,0.0,1.959522,0.000573,78.1580349976,2.75293498249,True,mc/mc_infill_3_4,False,,,,4.72152931173
mc/mc_infill_1_2,mc_infill_1_2_gid-343_20260714_172103,0.0,0.0,1.960822,-0.028031,397.146821731,1.34402828763,True,mc/mc_infill_1_2,False,,,,2.16942014143
mc/mc_low_rmu_s_beta0_0,mc_low_rmu_s_beta0_0_gid-259_20260711_034656,0.0,0.0,1.965778,0.013008,45.742313464,3.05018860318,True,mc/mc_low_rmu_s_beta0_0,False,,,,5.6767731562
mc/mc_low_rmu_s_beta0_0,mc_low_rmu_s_beta0_0_gid-118_20260711_034023,0.0,0.0,1.968638,0.000482,77.7548727048,2.75540247731,True,mc/mc_low_rmu_s_beta0_0,False,,,,4.73367659345
mc/mc_infill_2_3,mc_infill_2_3_gid-565_20260715_041959,0.0,0.0,1.969135,-0.008746,124.860471195,2.42902460114,True,mc/mc_infill_2_3,True,0.298986,124.860471,2.429025,3.99837222847
mc/mc_infill_1_2,mc_infill_1_2_gid-571_20260714_174636,0.0,0.0,1.969621,-0.019409,231.827378091,1.90631372533,True,mc/mc_infill_1_2,False,,,,3.05807235536
mc/mc_infill_lt1_beta0_0,mc_infill_lt1_beta0_0_gid-235_20260714_175405,0.0,0.0,1.972472,-0.036028,600.795809791,0.770040802266,True,mc/mc_infill_lt1_beta0_0,False,,,,1.39352429009
mc/mc_beta0_s,mc_beta0_s_gid-253_20260710_080828,0.0,0.0,1.973597,0.011383,48.3572099038,3.02241738261,True,mc/mc_beta0_s,False,,,,5.5706149193
mc/mc_infill_2_3,mc_infill_2_3_gid-391_20260715_041544,0.0,0.0,1.974585,-0.007882,118.337422162,2.4684655435,True,mc/mc_infill_2_3,True,0.292072,118.337422,2.468466,4.08196478842
mc/mc_low_rmu_s_beta0_0,mc_low_rmu_s_beta0_0_gid-247_20260711_034803,0.0,0.0,1.975081,-0.005543,104.393971242,2.558861901,True,mc/mc_low_rmu_s_beta0_0,False,,,,4.27293530407
mc/mc_infill_1_2,mc_infill_1_2_gid-271_20260714_174956,0.0,0.0,1.97534,-0.023571,296.494499341,1.66403963196,True,mc/mc_infill_1_2,False,,,,2.6712112712
mc/mc_beta0_s,mc_beta0_s_gid-1363_20260710_050535,0.0,0.0,1.978917,0.012453,46.2036493358,3.04454096356,True,mc/mc_beta0_s,False,,,,5.66094098038
mc/mc_low_rmu_s_beta0_0,mc_low_rmu_s_beta0_0_gid-244_20260711_034528,0.0,0.0,1.980808,-0.02191,265.465812871,1.77609131317,True,mc/mc_low_rmu_s_beta0_0,False,,,,2.84694415594
mc/mc_infill_2_3_a,mc_infill_2_3_a_gid-115_20260714_213242,0.0,0.0,1.981104,-0.008207,119.523862995,2.46043469387,True,mc/mc_infill_2_3_a,True,0.28057,119.520326,2.46045,4.06991961011
mc/mc_infill_lt1_beta0_0,mc_infill_lt1_beta0_0_gid-28_20260714_174735,0.0,0.0,1.984102,-0.032928,514.736129776,1.01190444103,True,mc/mc_infill_lt1_beta0_0,False,,,,1.7440600064
mc/mc_infill_1_2,mc_infill_1_2_gid-325_20260714_175106,0.0,0.0,1.985139,-0.0244,307.887575208,1.62306437261,True,mc/mc_infill_1_2,False,,,,2.61747850239
mc/mc_beta0_s,mc_beta0_s_gid-1327_20260710_045913,0.0,0.0,1.986812,0.000495,76.2522725998,2.7660421926,True,mc/mc_beta0_s,False,,,,4.77284426872
mc/mc_infill_lt1_beta0_0,mc_infill_lt1_beta0_0_gid-301_20260714_174109,0.0,0.0,1.987063,-0.028925,403.23968315,1.32252645532,True,mc/mc_infill_lt1_beta0_0,False,,,,2.15638577024
mc/mc_low_rmu_s_beta0_0,mc_low_rmu_s_beta0_0_gid-253_20260711_034829,0.0,0.0,1.987466,-0.010303,133.130857799,2.3782217796,True,mc/mc_low_rmu_s_beta0_0,False,,,,3.91053936921
mc/mc_infill_3_4,mc_infill_3_4_gid-223_20260714_174737,0.0,0.0,1.991049,-0.003647,92.9855135112,2.63711864179,True,mc/mc_infill_3_4,False,,,,4.45880006824
mc/mc_low_rmu_s_beta0_0,mc_low_rmu_s_beta0_0_gid-139_20260711_034025,0.0,0.0,1.993491,0.005788,59.6770819391,2.91001960814,True,mc/mc_low_rmu_s_beta0_0,False,,,,5.1901178991
mc/mc_infill_lt1_beta0_0,mc_infill_lt1_beta0_0_gid-175_20260714_174205,0.0,0.0,1.997908,-0.028486,388.894633281,1.35758179479,True,mc/mc_infill_lt1_beta0_0,False,,,,2.24689846656
mc/mc_infill_1_2,mc_infill_1_2_gid-1_20260714_171902,0.0,0.0,1.998836,-0.023287,281.830739438,1.70982946923,True,mc/mc_infill_1_2,False,,,,2.761930219
mc/mc_beta0_s,mc_beta0_s_gid-709_20260710_081427,0.0,0.0,1.999011,0.008989,51.9896503858,2.98387487667,True,mc/mc_beta0_s,False,,,,5.44164057638
mc/mc_infill_2_3,mc_infill_2_3_gid-379_20260715_041534,0.0,0.0,1.999411,-0.015542,177.124843509,2.14474340927,True,mc/mc_infill_2_3,True,0.198019,177.087387,2.144964,3.4869659255
mc/mc_low_rmu_s_beta0_0,mc_low_rmu_s_beta0_0_gid-197_20260711_034023,0.0,0.5,1.000345,0.002646,207.885166848,2.10938313502,True,mc/mc_low_rmu_s_beta0_0,False,,,,2.65104180509
mc/mc_beta0_s,mc_beta0_s_gid-401_20260710_075622,0.0,0.5,1.003737,0.03078,50.3842507799,3.05263838282,True,mc/mc_beta0_s,False,,,,5.13326058033
mc/mc_beta0_s,mc_beta0_s_gid-1154_20260710_045241,0.0,0.5,1.005713,0.024463,65.6299462552,2.91960384141,True,mc/mc_beta0_s,False,,,,4.59575346063
mc/mc_beta0_s,mc_beta0_s_gid-476_20260710_075654,0.0,0.5,1.006894,0.010339,132.716220705,2.47076349391,True,mc/mc_beta0_s,False,,,,3.3718849783
mc/mc_beta0_s,mc_beta0_s_gid-875_20260710_081238,0.0,0.5,1.008942,0.012173,119.948501896,2.54367155125,True,mc/mc_beta0_s,False,,,,3.53873084835
mc/mc_wrongbasin_ws,mc_wrongbasin_ws_gid-21_20260713_015048,0.0,0.5,1.009108,-0.011571,493.001264263,1.21103841274,True,mc/mc_wrongbasin_ws,True,0.102025,495.970927,1.208265,1.2557192697
mc/mc_beta0_s,mc_beta0_s_gid-1058_20260710_045242,0.0,0.5,1.01062,0.032369,47.3724472122,3.08022278499,True,mc/mc_beta0_s,False,,,,5.28397932077
mc/mc_beta0_s,mc_beta0_s_gid-104_20260710_074742,0.0,0.5,1.012344,0.01915,83.830786285,2.77879609498,True,mc/mc_beta0_s,False,,,,4.15303184048
mc/mc_infill_3_4,mc_infill_3_4_gid-116_20260714_172002,0.0,0.5,1.014268,-0.002172,276.022555154,1.84620893995,True,mc/mc_infill_3_4,False,,,,2.2266146921
mc/mc_infill_2_3,mc_infill_2_3_gid-212_20260715_041309,0.0,0.5,1.015159,-0.007632,386.390559506,1.49661196332,True,mc/mc_infill_2_3,True,0.070806,387.077525,1.49536,1.69006700716
mc/mc_beta0_s,mc_beta0_s_gid-677_20260710_080053,0.0,0.5,1.015863,0.012519,117.39861751,2.55817215263,True,mc/mc_beta0_s,False,,,,3.58581025
mc/mc_beta0_s,mc_beta0_s_gid-1115_20260710_050004,0.0,0.5,1.016513,0.012833,115.417502183,2.57001682194,True,mc/mc_beta0_s,False,,,,3.61486059612
mc/mc_low_rmu_s_beta0_0,mc_low_rmu_s_beta0_0_gid-446_20260711_035052,0.0,0.5,1.018999,-0.004837,324.103451785,1.68445792963,True,mc/mc_low_rmu_s_beta0_0,False,,,,1.97769880173
mc/mc_beta0_s,mc_beta0_s_gid-1130_20260710_050004,0.0,0.5,1.019421,0.022416,71.809582242,2.86881941896,True,mc/mc_beta0_s,False,,,,4.45054326937
mc/mc_beta0_s,mc_beta0_s_gid-578_20260710_075554,0.0,0.5,1.022413,0.01512,102.185826802,2.6522249009,True,mc/mc_beta0_s,False,,,,3.82817687292
mc/mc_low_rmu_s_beta0_0,mc_low_rmu_s_beta0_0_gid-293_20260711_034831,0.0,0.5,1.023894,0.005542,172.691840851,2.26461895396,True,mc/mc_low_rmu_s_beta0_0,False,,,,2.98284197628
mc/mc_beta0_s,mc_beta0_s_gid-608_20260710_080104,0.0,0.5,1.024275,0.03018,51.6120653243,3.03959285189,True,mc/mc_beta0_s,False,,,,5.12519497187
mc/mc_beta0_s,mc_beta0_s_gid-773_20260710_081424,0.0,0.5,1.026647,0.021108,76.1716967893,2.83442056542,True,mc/mc_beta0_s,False,,,,4.35458598675
mc/mc_beta0_s,mc_beta0_s_gid-1241_20260710_045906,0.0,0.5,1.028877,0.028009,56.3308494734,2.9967837479,True,mc/mc_beta0_s,False,,,,4.94950894667
mc/mc_low_rmu_s_beta0_0,mc_low_rmu_s_beta0_0_gid-434_20260711_035052,0.0,0.5,1.029672,0.004656,181.208247381,2.22434685297,True,mc/mc_low_rmu_s_beta0_0,False,,,,2.91569516318
mc/mc_beta0_s,mc_beta0_s_gid-101_20260710_074742,0.0,0.5,1.032867,0.027212,58.2105572979,2.97997068327,True,mc/mc_beta0_s,False,,,,4.89004640084
mc/mc_infill_2_3_a,mc_infill_2_3_a_gid-146_20260714_213243,0.0,0.5,1.033711,-0.005747,338.873424915,1.63674360367,True,mc/mc_infill_2_3_a,True,0.149827,338.617307,1.636887,1.92908215419
mc/mc_beta0_s,mc_beta0_s_gid-995_20260710_080326,0.0,0.5,1.035602,0.033609,45.3044406401,3.09777241455,True,mc/mc_beta0_s,False,,,,5.44174627198
mc/mc_infill_3_4,mc_infill_3_4_gid-122_20260714_172903,0.0,0.5,1.036666,-0.004516,313.323931604,1.71788019747,True,mc/mc_infill_3_4,False,,,,2.05998167773
mc/mc_low_rmu_s_beta0_0,mc_low_rmu_s_beta0_0_gid-35_20260711_034033,0.0,0.5,1.037997,0.007496,153.219455172,2.35878652717,True,mc/mc_low_rmu_s_beta0_0,False,,,,3.19678004866
mc/mc_beta0_s,mc_beta0_s_gid-527_20260710_081403,0.0,0.5,1.038819,0.038231,38.4756260019,3.16476559304,True,mc/mc_beta0_s,False,,,,5.84364064767
mc/mc_beta0_s,mc_beta0_s_gid-281_20260710_075223,0.0,0.5,1.041768,0.027085,58.5077419117,2.97660779129,True,mc/mc_beta0_s,False,,,,4.89836467667
mc/mc_infill_2_3,mc_infill_2_3_gid-470_20260715_041803,0.0,0.5,1.043386,-0.010229,443.746321472,1.33684336871,True,mc/mc_infill_2_3,True,0.015566,443.746321,1.336843,1.50468469111
mc/mc_beta0_s,mc_beta0_s_gid-866_20260710_080353,0.0,0.5,1.044259,0.007691,151.066326312,2.36917805101,True,mc/mc_beta0_s,False,,,,3.22983662682
mc/mc_low_rmu_s_beta0_0,mc_low_rmu_s_beta0_0_gid-41_20260711_034022,0.0,0.5,1.046008,-0.009218,415.354948328,1.41168605673,True,mc/mc_low_rmu_s_beta0_0,False,,,,1.61497894269
mc/mc_beta0_s,mc_beta0_s_gid-1076_20260710_045238,0.0,0.5,1.046151,0.020149,79.3815398485,2.80844982985,True,mc/mc_beta0_s,False,,,,4.31539335513
mc/mc_beta0_s,mc_beta0_s_gid-1274_20260710_045735,0.0,0.5,1.048653,0.015686,98.4931807289,2.67396488178,True,mc/mc_beta0_s,False,,,,3.93861936677
mc/mc_beta0_s,mc_beta0_s_gid-278_20260710_075222,0.0,0.5,1.051986,0.009659,134.96532302,2.45399197693,True,mc/mc_beta0_s,False,,,,3.42280442488
mc/mc_infill_3_4,mc_infill_3_4_gid-146_20260714_171604,0.0,0.5,1.054892,0.008782,141.442373562,2.41857108903,True,mc/mc_infill_3_4,False,,,,3.35282473422
mc/mc_beta0_s,mc_beta0_s_gid-734_20260710_080154,0.0,0.5,1.055383,0.03252,47.2813291613,3.07714688735,True,mc/mc_beta0_s,False,,,,5.38967970041
mc/mc_beta0_s,mc_beta0_s_gid-1133_20260710_045614,0.0,0.5,1.057161,0.015857,97.4263479232,2.68024310206,True,mc/mc_beta0_s,False,,,,3.97316113653
mc/mc_infill_2_3,mc_infill_2_3_gid-452_20260715_041754,0.0,0.5,1.058591,-0.014237,553.589569999,1.05696077154,True,mc/mc_infill_2_3,True,0.107788,553.58957,1.056961,1.13564109914
mc/mc_beta0_s,mc_beta0_s_gid-506_20260710_080024,0.0,0.5,1.059576,0.014397,104.791523028,2.63192848126,True,mc/mc_beta0_s,False,,,,3.85315721605
mc/mc_beta0_s,mc_beta0_s_gid-584_20260710_075627,0.0,0.5,1.060506,0.014093,106.399372847,2.62160135958,True,mc/mc_beta0_s,False,,,,3.82911738191
mc/mc_beta0_s,mc_beta0_s_gid-1223_20260710_050004,0.0,0.5,1.064077,0.009795,133.280258996,2.46210513697,True,mc/mc_beta0_s,False,,,,3.46435130838
mc/mc_low_rmu_s_beta0_0,mc_low_rmu_s_beta0_0_gid-50_20260711_034022,0.0,0.5,1.064168,0.001325,215.8078312,2.07065633775,True,mc/mc_low_rmu_s_beta0_0,False,,,,2.69549011907
mc/mc_beta0_s,mc_beta0_s_gid-896_20260710_080323,0.0,0.5,1.066674,0.016315,95.0105146329,2.6955512019,True,mc/mc_beta0_s,False,,,,4.03453342383
mc/mc_beta0_s,mc_beta0_s_gid-860_20260710_080326,0.0,0.5,1.068137,0.003936,184.806932153,2.20415381988,True,mc/mc_beta0_s,False,,,,2.94860256591
mc/mc_infill_2_3,mc_infill_2_3_gid-2_20260715_040904,0.0,0.5,1.069498,-0.013067,510.442318931,1.15953571849,True,mc/mc_infill_2_3,True,0.163552,510.442319,1.159536,1.29281385112
mc/mc_beta0_s,mc_beta0_s_gid-1163_20260710_045241,0.0,0.5,1.070845,0.016495,94.0817149445,2.70145074398,True,mc/mc_beta0_s,False,,,,4.05958987987
mc/mc_low_rmu_s_beta0_0,mc_low_rmu_s_beta0_0_gid-146_20260711_034024,0.0,0.5,1.072059,-0.007411,363.866900927,1.55749747399,True,mc/mc_low_rmu_s_beta0_0,False,,,,1.87378040657
mc/mc_beta0_s,mc_beta0_s_gid-1376_20260710_045914,0.0,0.5,1.073047,0.005738,166.238056596,2.29061710585,True,mc/mc_beta0_s,False,,,,3.1264821566
mc/mc_beta0_s,mc_beta0_s_gid-455_20260710_075752,0.0,0.5,1.074031,0.01072,126.309326987,2.50038628394,True,mc/mc_beta0_s,False,,,,3.56928412822
mc/mc_infill_3_4,mc_infill_3_4_gid-26_20260714_162331,0.0,0.5,1.074251,0.003103,193.266987416,2.16565962466,True,mc/mc_infill_3_4,False,,,,2.88737661352
mc/mc_low_rmu_s_beta0_0,mc_low_rmu_s_beta0_0_gid-233_20260711_034528,0.0,0.5,1.075117,0.010047,130.888262945,2.47432795627,True,mc/mc_low_rmu_s_beta0_0,False,,,,3.51331936834
mc/mc_beta0_s,mc_beta0_s_gid-563_20260710_081424,0.0,0.5,1.076787,0.025898,61.4545509553,2.94816047173,True,mc/mc_beta0_s,False,,,,4.87297913949
mc/mc_infill_2_3,mc_infill_2_3_gid-434_20260715_041756,0.0,0.5,1.078796,-0.005195,316.06965436,1.70511573607,True,mc/mc_infill_2_3,True,0.194881,316.069654,1.705116,2.11173988003
mc/mc_beta0_s,mc_beta0_s_gid-1454_20260710_050335,0.0,0.5,1.079173,0.026033,61.1134255551,2.95084008771,True,mc/mc_beta0_s,False,,,,4.88955963817
mc/mc_low_rmu_s_beta0_0,mc_low_rmu_s_beta0_0_gid-389_20260711_034727,0.0,0.5,1.081058,-0.016075,600.950760846,0.939402631852,True,mc/mc_low_rmu_s_beta0_0,False,,,,1.03316701263
mc/mc_beta0_s,mc_beta0_s_gid-1487_20260710_050516,0.0,0.5,1.085125,0.0002,227.603650764,2.02086062336,True,mc/mc_beta0_s,False,,,,2.6454935178
mc/mc_infill_2_3,mc_infill_2_3_gid-302_20260715_041535,0.0,0.5,1.085657,-0.00745,360.779865526,1.5661855423,True,mc/mc_infill_2_3,True,0.100584,359.735045,1.566319,1.90905755095
mc/mc_beta0_s,mc_beta0_s_gid-854_20260710_080323,0.0,0.5,1.08635,0.033068,46.5468565285,3.08124689408,True,mc/mc_beta0_s,False,,,,5.49995063692
mc/mc_beta0_s,mc_beta0_s_gid-1277_20260710_050537,0.0,0.5,1.088951,0.030365,51.4902609758,3.03487693447,True,mc/mc_beta0_s,False,,,,5.27666784547
mc/mc_beta0_s,mc_beta0_s_gid-470_20260710_075659,0.0,0.5,1.090062,0.011165,122.650335024,2.5199067023,True,mc/mc_beta0_s,False,,,,3.64655508265
mc/mc_infill_3_4,mc_infill_3_4_gid-254_20260714_175436,0.0,0.5,1.091228,-0.000643,238.316086174,1.97824917003,True,mc/mc_infill_3_4,False,,,,2.58261522801
mc/mc_infill_2_3,mc_infill_2_3_gid-26_20260715_040903,0.0,0.5,1.091435,-0.014219,536.669576549,1.09688538253,True,mc/mc_infill_2_3,True,0.111844,536.669577,1.096885,1.24011478942
mc/mc_low_rmu_s_beta0_0,mc_low_rmu_s_beta0_0_gid-443_20260711_035052,0.0,0.5,1.091978,0.000647,220.721513583,2.04778269339,True,mc/mc_low_rmu_s_beta0_0,False,,,,2.70562685079
mc/mc_beta0_s,mc_beta0_s_gid-1043_20260710_045407,0.0,0.5,1.092721,0.019235,82.2453362901,2.78287799974,True,mc/mc_beta0_s,False,,,,4.3426472683
mc/mc_beta0_s,mc_beta0_s_gid-764_20260710_081424,0.0,0.5,1.094018,0.019024,83.0388637102,2.77694979791,True,mc/mc_beta0_s,False,,,,4.32770909359
mc/mc_beta0_s,mc_beta0_s_gid-704_20260710_081324,0.0,0.5,1.097333,0.006431,157.995691207,2.32865196418,True,mc/mc_beta0_s,False,,,,3.25098921319
mc/mc_beta0_s,mc_beta0_s_gid-140_20260710_074738,0.0,0.5,1.098684,0.011764,118.530836113,2.54329222919,True,mc/mc_beta0_s,False,,,,3.7189213158
mc/mc_beta0_s,mc_beta0_s_gid-26_20260710_074741,0.0,0.5,1.101382,0.006705,155.322410835,2.34165847739,True,mc/mc_beta0_s,False,,,,3.28595449702
mc/mc_beta0_s,mc_beta0_s_gid-521_20260710_075459,0.0,0.5,1.103136,0.005883,162.450832511,2.30596683902,True,mc/mc_beta0_s,False,,,,3.2160685417
mc/mc_beta0_s,mc_beta0_s_gid-845_20260710_080457,0.0,0.5,1.1047,0.029384,53.5623664574,3.01456757908,True,mc/mc_beta0_s,False,,,,5.22684017032
mc/mc_low_rmu_s_beta0_0,mc_low_rmu_s_beta0_0_gid-161_20260711_034023,0.0,0.5,1.105349,-0.011348,449.521062127,1.31741008262,True,mc/mc_low_rmu_s_beta0_0,False,,,,1.5734563963
mc/mc_beta0_s,mc_beta0_s_gid-1169_20260710_045240,0.0,0.5,1.109272,0.017676,88.2462525456,2.7381016457,True,mc/mc_beta0_s,False,,,,4.24812214384
mc/mc_beta0_s,mc_beta0_s_gid-992_20260710_080230,0.0,0.5,1.11075,0.006817,153.726700042,2.34877142731,True,mc/mc_beta0_s,False,,,,3.31904173506
mc/mc_low_rmu_s_beta0_0,mc_low_rmu_s_beta0_0_gid-212_20260711_034528,0.0,0.5,1.112183,0.004125,178.525053754,2.22833251438,True,mc/mc_low_rmu_s_beta0_0,False,,,,3.07931633163
mc/mc_beta0_s,mc_beta0_s_gid-1466_20260710_050306,0.0,0.5,1.11334,0.013111,110.160036892,2.59269719851,True,mc/mc_beta0_s,False,,,,3.86927847297
mc/mc_beta0_s,mc_beta0_s_gid-1067_20260710_050137,0.0,0.5,1.11505,0.022105,72.1784792346,2.85706800897,True,mc/mc_beta0_s,False,,,,4.63606911169
mc/mc_beta0_s,mc_beta0_s_gid-1178_20260710_050135,0.0,0.5,1.116718,0.036398,41.7096140391,3.12505095846,True,mc/mc_beta0_s,False,,,,5.84299096308
mc/mc_low_rmu_s_beta0_0,mc_low_rmu_s_beta0_0_gid-14_20260711_034021,0.0,0.5,1.116796,0.007183,150.276904017,2.36578726357,True,mc/mc_low_rmu_s_beta0_0,False,,,,3.36600113146
mc/mc_infill_2_3,mc_infill_2_3_gid-524_20260715_041750,0.0,0.5,1.117375,-0.005529,313.144980536,1.71084545093,True,mc/mc_infill_2_3,True,0.269104,313.144981,1.710845,2.18854608537
mc/mc_beta0_s,mc_beta0_s_gid-161_20260710_075033,0.0,0.5,1.119563,0.001123,211.149933436,2.08425860111,True,mc/mc_beta0_s,False,,,,2.8227343764
mc/mc_beta0_s,mc_beta0_s_gid-1244_20260710_045905,0.0,0.5,1.120115,0.010131,128.16480188,2.48503431303,True,mc/mc_beta0_s,False,,,,3.62961440103
mc/mc_infill_2_3,mc_infill_2_3_gid-92_20260715_040902,0.0,0.5,1.122634,-0.009784,404.836730335,1.43983060602,True,mc/mc_infill_2_3,True,0.084237,403.028223,1.43962,1.78145068252
mc/mc_beta0_s,mc_beta0_s_gid-311_20260710_075804,0.0,0.5,1.12292,0.010532,125.388075961,2.5006207578,True,mc/mc_beta0_s,False,,,,3.67087398058
mc/mc_low_rmu_s_beta0_0,mc_low_rmu_s_beta0_0_gid-155_20260711_034023,0.0,0.5,1.12298,-0.01525,553.98108272,1.05366164989,True,mc/mc_low_rmu_s_beta0_0,False,,,,1.2273089589
mc/mc_beta0_s,mc_beta0_s_gid-398_20260710_075128,0.0,0.5,1.124135,0.017235,89.9003645006,2.72499252444,True,mc/mc_beta0_s,False,,,,4.24462707051
mc/mc_infill_3_4,mc_infill_3_4_gid-170_20260714_175005,0.0,0.5,1.125047,0.00227,197.069412371,2.14371582589,True,mc/mc_infill_3_4,False,,,,2.94283966762
mc/mc_beta0_s,mc_beta0_s_gid-695_20260710_081100,0.0,0.5,1.127242,0.031035,50.5130053906,3.04018344892,True,mc/mc_beta0_s,False,,,,5.41273100388
mc/mc_beta0_s,mc_beta0_s_gid-71_20260710_074857,0.0,0.5,1.128922,0.037315,40.59846149,3.13475811164,True,mc/mc_beta0_s,False,,,,5.9446581559
mc/mc_beta0_s,mc_beta0_s_gid-1337_20260710_045706,0.0,0.5,1.131707,0.018207,85.8431137604,2.75293028133,True,mc/mc_beta0_s,False,,,,4.34470906239
mc/mc_beta0_s,mc_beta0_s_gid-1355_20260710_050506,0.0,0.5,1.134786,0.01358,107.039359716,2.61003000643,True,mc/mc_beta0_s,False,,,,3.95953833637
mc/mc_infill_2_3,mc_infill_2_3_gid-356_20260715_041534,0.0,0.5,1.135112,-0.013955,510.829934893,1.14765979736,True,mc/mc_infill_2_3,True,0.094989,510.430373,1.161932,1.39413752085
mc/mc_beta0_s,mc_beta0_s_gid-1325_20260710_050535,0.0,0.5,1.138569,0.001375,205.873634099,2.10434038284,True,mc/mc_beta0_s,False,,,,2.89579318482
mc/mc_low_rmu_s_beta0_0,mc_low_rmu_s_beta0_0_gid-227_20260711_034813,0.0,0.5,1.1416,-0.007023,336.015864481,1.63444258507,True,mc/mc_low_rmu_s_beta0_0,False,,,,2.11133360222
mc/mc_infill_2_3,mc_infill_2_3_gid-278_20260715_041624,0.0,0.5,1.141975,-0.014548,520.360094973,1.12540325215,True,mc/mc_infill_2_3,True,0.054058,520.360095,1.125403,1.37760622733
mc/mc_beta0_s,mc_beta0_s_gid-170_20260710_074827,0.0,0.5,1.143092,0.016836,91.3644499358,2.71286619759,True,mc/mc_beta0_s,False,,,,4.25407639693
mc/mc_beta0_s,mc_beta0_s_gid-872_20260710_080354,0.0,0.5,1.144567,0.008022,142.055631473,2.40591184772,True,mc/mc_beta0_s,False,,,,3.5070416877
mc/mc_beta0_s,mc_beta0_s_gid-251_20260710_080828,0.0,0.5,1.147339,0.000719,212.725241425,2.07469933386,True,mc/mc_beta0_s,False,,,,2.85840014989
mc/mc_low_rmu_s_beta0_0,mc_low_rmu_s_beta0_0_gid-92_20260711_034023,0.0,0.5,1.147849,0.012033,115.273918906,2.55767304437,True,mc/mc_low_rmu_s_beta0_0,False,,,,3.858601715
mc/mc_beta0_s,mc_beta0_s_gid-587_20260710_075629,0.0,0.5,1.148472,0.034169,45.3994691874,3.08607480771,True,mc/mc_beta0_s,False,,,,5.71916867656
mc/mc_beta0_s,mc_beta0_s_gid-431_20260710_075456,0.0,0.5,1.15335,0.006376,154.659163107,2.33939368048,True,mc/mc_beta0_s,False,,,,3.38666744827
mc/mc_beta0_s,mc_beta0_s_gid-827_20260710_080454,0.0,0.5,1.154491,0.021669,73.521385775,2.84264349983,True,mc/mc_beta0_s,False,,,,4.68618048327
mc/mc_infill_2_3,mc_infill_2_3_gid-368_20260715_041534,0.0,0.5,1.154907,-0.012136,452.750141447,1.30504572132,True,mc/mc_infill_2_3,True,0.267221,449.70672,1.309729,1.64291222954
mc/mc_beta0_s,mc_beta0_s_gid-641_20260710_081303,0.0,0.5,1.157566,0.016185,94.0204996526,2.69310048477,True,mc/mc_beta0_s,False,,,,4.2322366027
mc/mc_beta0_s,mc_beta0_s_gid-1484_20260710_050516,0.0,0.5,1.159487,0.030266,52.297794796,3.02063332311,True,mc/mc_beta0_s,False,,,,5.41503013628
mc/mc_low_rmu_s_beta0_0,mc_low_rmu_s_beta0_0_gid-8_20260711_033441,0.0,0.5,1.16243,-0.014788,521.102765254,1.13123369885,True,mc/mc_low_rmu_s_beta0_0,False,,,,1.41252374245
mc/mc_beta0_s,mc_beta0_s_gid-833_20260710_081327,0.0,0.5,1.16416,0.032145,48.9283866748,3.05116470833,True,mc/mc_beta0_s,False,,,,5.5816085713
mc/mc_infill_2_3,mc_infill_2_3_gid-86_20260715_041020,0.0,0.5,1.167111,-0.005438,300.848495203,1.74680561021,True,mc/mc_infill_2_3,True,0.180709,300.848495,1.746806,2.33517468763
mc/mc_low_rmu_s_beta0_0,mc_low_rmu_s_beta0_0_gid-428_20260711_035052,0.0,0.5,1.16774,-0.007921,348.1176453,1.59614587903,True,mc/mc_low_rmu_s_beta0_0,False,,,,2.09882953643
mc/mc_infill_2_3,mc_infill_2_3_gid-578_20260715_041959,0.0,0.5,1.172381,-0.010075,394.201630111,1.46105775927,True,mc/mc_infill_2_3,True,0.223548,394.20163,1.461058,1.90095387878
mc/mc_beta0_s,mc_beta0_s_gid-182_20260710_074851,0.0,0.5,1.172786,0.011855,115.608751099,2.55292651505,True,mc/mc_beta0_s,False,,,,3.90215493999
mc/mc_beta0_s,mc_beta0_s_gid-65_20260710_074755,0.0,0.5,1.174824,0.008393,137.853061938,2.42519092204,True,mc/mc_beta0_s,False,,,,3.61237543721
mc/mc_infill_3_4,mc_infill_3_4_gid-128_20260714_172903,0.0,0.5,1.175036,0.009352,131.157073428,2.46214605261,True,mc/mc_infill_3_4,False,,,,3.69478500144
mc/mc_low_rmu_s_beta0_0,mc_low_rmu_s_beta0_0_gid-239_20260711_034529,0.0,0.5,1.175702,0.000871,207.650999757,2.09275122132,True,mc/mc_low_rmu_s_beta0_0,False,,,,2.94658766228
mc/mc_beta0_s,mc_beta0_s_gid-884_20260710_080137,0.0,0.5,1.17698,0.018937,82.7979563004,2.77030739667,True,mc/mc_beta0_s,False,,,,4.50749706386
mc/mc_beta0_s,mc_beta0_s_gid-83_20260710_075028,0.0,0.5,1.179992,0.011416,117.969564209,2.53792910542,True,mc/mc_beta0_s,False,,,,3.8819235343
mc/mc_beta0_s,mc_beta0_s_gid-410_20260710_080553,0.0,0.5,1.180581,0.023407,68.4454548847,2.88016080271,True,mc/mc_beta0_s,False,,,,4.88799340967
mc/mc_beta0_s,mc_beta0_s_gid-539_20260710_081354,0.0,0.5,1.184175,0.033291,47.2782083721,3.0645411827,True,mc/mc_beta0_s,False,,,,5.71789629921
mc/mc_low_rmu_s_beta0_0,mc_low_rmu_s_beta0_0_gid-98_20260711_034023,0.0,0.5,1.18458,-0.017949,625.195770931,0.906785717798,True,mc/mc_low_rmu_s_beta0_0,False,,,,1.12883636785
mc/mc_low_rmu_s_beta0_0,mc_low_rmu_s_beta0_0_gid-167_20260711_034057,0.0,0.5,1.187097,-0.001415,235.023452348,1.98076367315,True,mc/mc_low_rmu_s_beta0_0,False,,,,2.76673818015
mc/mc_infill_2_3_b,mc_infill_2_3_b_gid-116_20260715_002400,0.0,0.5,1.188585,-0.013286,468.259488471,1.25523377559,True,mc/mc_infill_2_3_b,True,0.158468,467.897707,1.257961,1.6324086308
mc/mc_beta0_s,mc_beta0_s_gid-230_20260710_075054,0.0,0.5,1.191664,0.022891,69.9730196659,2.86679408268,True,mc/mc_beta0_s,False,,,,4.86904004067
mc/mc_infill_2_3,mc_infill_2_3_gid-14_20260715_040901,0.0,0.5,1.192001,-0.005319,293.585598952,1.76808526318,True,mc/mc_infill_2_3,True,0.036971,293.585599,1.768085,2.41525158059
mc/mc_beta0_s,mc_beta0_s_gid-1142_20260710_045243,0.0,0.5,1.192253,0.017755,87.225365679,2.73673006281,True,mc/mc_beta0_s,False,,,,4.44293402361
mc/mc_beta0_s,mc_beta0_s_gid-1439_20260710_050402,0.0,0.5,1.194673,0.025706,62.5459353306,2.92734929415,True,mc/mc_beta0_s,False,,,,5.10917970729
mc/mc_infill_3_4,mc_infill_3_4_gid-14_20260714_172704,0.0,0.5,1.197185,-0.003042,256.44924685,1.89842277836,True,mc/mc_infill_3_4,False,,,,2.64294672823
mc/mc_low_rmu_s_beta0_0,mc_low_rmu_s_beta0_0_gid-128_20260711_034025,0.0,0.5,1.199536,0.013227,107.547924427,2.59978072313,True,mc/mc_low_rmu_s_beta0_0,False,,,,4.08010478237
mc/mc_beta0_s,mc_beta0_s_gid-644_20260710_080056,0.0,0.5,1.199894,0.013804,104.617051959,2.61840801727,True,mc/mc_beta0_s,False,,,,4.12930509778
mc/mc_beta0_s,mc_beta0_s_gid-1049_20260710_045405,0.0,0.5,1.200568,0.032484,48.8522237017,3.04806837634,True,mc/mc_beta0_s,False,,,,5.68392693217
mc/mc_infill_2_3,mc_infill_2_3_gid-80_20260715_040906,0.0,0.5,1.201529,-0.013322,463.798788135,1.26543233075,True,mc/mc_infill_2_3,True,0.176106,463.798788,1.265432,1.66489268987
mc/mc_low_rmu_s_beta0_0,mc_low_rmu_s_beta0_0_gid-59_20260711_034023,0.0,0.5,1.202209,-0.012305,439.339424517,1.33542851123,True,mc/mc_low_rmu_s_beta0_0,False,,,,1.76593497246
mc/mc_beta0_s,mc_beta0_s_gid-818_20260710_080852,0.0,0.5,1.202315,0.031378,50.7938588125,3.02993565198,True,mc/mc_beta0_s,False,,,,5.59564180746
mc/mc_beta0_s,mc_beta0_s_gid-851_20260710_080653,0.0,0.5,1.20966,0.031194,51.2315403059,3.02514348929,True,mc/mc_beta0_s,False,,,,5.59537817051
mc/mc_low_rmu_s_beta0_0,mc_low_rmu_s_beta0_0_gid-401_20260711_034534,0.0,0.5,1.210407,-0.000776,223.712478546,2.02278312176,True,mc/mc_low_rmu_s_beta0_0,False,,,,2.88703212239
mc/mc_infill_2_3,mc_infill_2_3_gid-236_20260715_041559,0.0,0.5,1.210651,-0.014944,506.685148779,1.1564945886,True,mc/mc_infill_2_3,True,0.027125,506.685149,1.156495,1.54249606902
mc/mc_beta0_s,mc_beta0_s_gid-113_20260710_074742,0.0,0.5,1.210652,0.006934,147.037688663,2.37207440873,True,mc/mc_beta0_s,False,,,,3.57454874607
mc/mc_beta0_s,mc_beta0_s_gid-326_20260710_075804,0.0,0.5,1.212726,0.015956,94.5068317263,2.68381484118,True,mc/mc_beta0_s,False,,,,4.33813050366
mc/mc_infill_3_4,mc_infill_3_4_gid-104_20260714_172002,0.0,0.5,1.21321,0.008568,135.050785192,2.43611929358,True,mc/mc_infill_3_4,False,,,,3.71949719158
mc/mc_beta0_s,mc_beta0_s_gid-452_20260710_075752,0.0,0.5,1.21583,0.004575,166.245625676,2.27480305973,True,mc/mc_beta0_s,False,,,,3.38271547341
mc/mc_low_rmu_s_beta0_0,mc_low_rmu_s_beta0_0_gid-281_20260711_034701,0.0,0.5,1.217578,0.010897,120.051653632,2.52127011622,True,mc/mc_low_rmu_s_beta0_0,False,,,,3.92638407815
mc/mc_beta0_s,mc_beta0_s_gid-164_20260710_075033,0.0,0.5,1.21811,0.03265,48.8479649475,3.04622261814,True,mc/mc_beta0_s,False,,,,5.73319605556
mc/mc_beta0_s,mc_beta0_s_gid-1430_20260710_050314,0.0,0.5,1.221147,0.025938,62.273513987,2.9268588943,True,mc/mc_beta0_s,False,,,,5.18438451413
mc/mc_infill_2_3,mc_infill_2_3_gid-488_20260715_041751,0.0,0.5,1.228162,-0.014858,495.185798686,1.1862977191,True,mc/mc_infill_2_3,True,0.045622,495.185799,1.186298,1.59104513192
mc/mc_beta0_s,mc_beta0_s_gid-344_20260710_075226,0.0,0.5,1.230449,0.03469,45.8417177377,3.07310574727,True,mc/mc_beta0_s,False,,,,5.92688775855
mc/mc_beta0_s,mc_beta0_s_gid-698_20260710_075952,0.0,0.5,1.233753,0.022394,71.7136603823,2.84848612245,True,mc/mc_beta0_s,False,,,,4.91873770248
mc/mc_infill_1_2,mc_infill_1_2_gid-116_20260714_174807,0.0,0.5,1.234626,-0.020937,683.82694245,0.753680432436,True,mc/mc_infill_1_2,False,,,,1.06307816539
mc/mc_beta0_s,mc_beta0_s_gid-368_20260710_075608,0.0,0.5,1.236372,0.001565,193.928306219,2.14457673388,True,mc/mc_beta0_s,False,,,,3.16633919872
mc/mc_infill_2_3_b,mc_infill_2_3_b_gid-122_20260715_002401,0.0,0.5,1.236878,-0.010444,383.095985641,1.48549966757,True,mc/mc_infill_2_3_b,True,0.207489,382.324604,1.486221,2.0520173796
mc/mc_infill_2_3_b,mc_infill_2_3_b_gid-50_20260715_002635,0.0,0.5,1.240972,-0.006272,300.418527651,1.73997156192,True,mc/mc_infill_2_3_b,True,0.069664,300.379741,1.739883,2.46339928684
mc/mc_beta0_s,mc_beta0_s_gid-899_20260710_080355,0.0,0.5,1.241654,0.003037,178.689024373,2.21278241794,True,mc/mc_beta0_s,False,,,,3.3111797425
mc/mc_beta0_s,mc_beta0_s_gid-68_20260710_074755,0.0,0.5,1.242839,0.018192,85.5205151412,2.74338426482,True,mc/mc_beta0_s,False,,,,4.59178442341
mc/mc_beta0_s,mc_beta0_s_gid-1379_20260710_050007,0.0,0.5,1.245876,0.027925,58.1549466306,2.95948827773,True,mc/mc_beta0_s,False,,,,5.39991398196
mc/mc_beta0_s,mc_beta0_s_gid-440_20260710_075602,0.0,0.5,1.247885,0.011696,114.869536356,2.54882693689,True,mc/mc_beta0_s,False,,,,4.06382338204
mc/mc_low_rmu_s_beta0_0,mc_low_rmu_s_beta0_0_gid-110_20260711_034023,0.0,0.5,1.251197,0.01445,100.963236111,2.63628937189,True,mc/mc_low_rmu_s_beta0_0,False,,,,4.30012131991
mc/mc_infill_2_3,mc_infill_2_3_gid-38_20260715_040901,0.0,0.5,1.252002,-0.010789,385.771424498,1.4750897742,True,mc/mc_infill_2_3,True,0.06014,385.771424,1.47509,2.07087707074
mc/mc_beta0_s,mc_beta0_s_gid-248_20260710_075321,0.0,0.5,1.255516,0.023014,70.1763383461,2.85830925857,True,mc/mc_beta0_s,False,,,,5.01646332561
mc/mc_beta0_s,mc_beta0_s_gid-1436_20260710_050315,0.0,0.5,1.257479,0.020898,76.4114522812,2.80936300871,True,mc/mc_beta0_s,False,,,,4.84679067947
mc/mc_low_rmu_s_beta0_0,mc_low_rmu_s_beta0_0_gid-335_20260711_034533,0.0,0.5,1.25841,-0.004036,261.73894213,1.87220070863,True,mc/mc_low_rmu_s_beta0_0,False,,,,2.71724637377
mc/mc_infill_3_4,mc_infill_3_4_gid-230_20260714_174735,0.0,0.5,1.259885,-0.000176,210.993283221,2.06880164329,True,mc/mc_infill_3_4,False,,,,3.07061352123
mc/mc_beta0_s,mc_beta0_s_gid-1295_20260710_045905,0.0,0.5,1.261663,0.005652,154.612657139,2.32689190281,True,mc/mc_beta0_s,False,,,,3.58939618037
mc/mc_infill_2_3,mc_infill_2_3_gid-584_20260715_041752,0.0,0.5,1.26171,-0.017585,560.655646817,1.02980120756,True,mc/mc_infill_2_3,True,0.025679,560.655647,1.029801,1.42524949996
mc/mc_low_rmu_s_beta0_0,mc_low_rmu_s_beta0_0_gid-392_20260711_034534,0.0,0.5,1.264369,-0.00432,264.993552532,1.85964028428,True,mc/mc_low_rmu_s_beta0_0,False,,,,2.70789724814
mc/mc_beta0_s,mc_beta0_s_gid-518_20260710_075500,0.0,0.5,1.265825,0.023675,68.5112330474,2.87049710745,True,mc/mc_beta0_s,False,,,,5.09268147969
mc/mc_low_rmu_s_beta0_0,mc_low_rmu_s_beta0_0_gid-221_20260711_034530,0.0,0.5,1.26881,0.012107,112.342751007,2.56181720327,True,mc/mc_low_rmu_s_beta0_0,False,,,,4.14619046264
mc/mc_beta0_s,mc_beta0_s_gid-1091_20260710_045634,0.0,0.5,1.269049,0.029462,55.430897956,2.98085290009,True,mc/mc_beta0_s,False,,,,5.57391047126
mc/mc_beta0_s,mc_beta0_s_gid-956_20260710_081226,0.0,0.5,1.271159,0.012321,111.194696792,2.56864106983,True,mc/mc_beta0_s,False,,,,4.16930764161
mc/mc_low_rmu_s_beta0_0,mc_low_rmu_s_beta0_0_gid-350_20260711_034528,0.0,0.5,1.273733,-0.022673,708.596668215,0.678002429707,True,mc/mc_low_rmu_s_beta0_0,False,,,,1.01609830008
mc/mc_beta0_s,mc_beta0_s_gid-656_20260710_081230,0.0,0.5,1.273986,0.001747,188.954139115,2.16204021502,True,mc/mc_beta0_s,False,,,,3.27848936513
mc/mc_infill_3_4,mc_infill_3_4_gid-110_20260714_172002,0.0,0.5,1.276278,0.004619,162.317657492,2.28653612598,True,mc/mc_infill_3_4,False,,,,3.53722012551
mc/mc_infill_2_3,mc_infill_2_3_gid-206_20260715_041043,0.0,0.5,1.276599,-0.007539,315.516022033,1.68657765665,True,mc/mc_infill_2_3,True,0.066415,315.362272,1.686247,2.44804671733
mc/mc_infill_1_2,mc_infill_1_2_gid-578_20260714_174636,0.0,0.5,1.276657,-0.018661,589.310383591,0.960602985611,True,mc/mc_infill_1_2,False,,,,1.37726596563
mc/mc_beta0_s,mc_beta0_s_gid-1481_20260710_050540,0.0,0.5,1.280478,0.004861,160.092795863,2.2970287624,True,mc/mc_beta0_s,False,,,,3.56878425394
mc/mc_infill_1_2,mc_infill_1_2_gid-446_20260714_170101,0.0,0.5,1.280729,-0.02053,641.191305745,0.835304185368,True,mc/mc_infill_1_2,False,,,,1.2109357278
mc/mc_beta0_s,mc_beta0_s_gid-842_20260710_080452,0.0,0.5,1.283034,0.031745,51.5366265449,3.0142634052,True,mc/mc_beta0_s,False,,,,5.78945315518
mc/mc_low_rmu_s_beta0_0,mc_low_rmu_s_beta0_0_gid-278_20260711_034701,0.0,0.5,1.284433,-0.014384,460.22984877,1.26739908826,True,mc/mc_low_rmu_s_beta0_0,False,,,,1.82488405791
mc/mc_low_rmu_s_beta0_0,mc_low_rmu_s_beta0_0_gid-290_20260711_034701,0.0,0.5,1.287291,-0.015835,498.705445491,1.16964108495,True,mc/mc_low_rmu_s_beta0_0,False,,,,1.69061520592
mc/mc_beta0_s,mc_beta0_s_gid-533_20260710_081403,0.0,0.5,1.288466,0.019422,81.4395643956,2.76800952825,True,mc/mc_beta0_s,False,,,,4.79295258143
mc/mc_infill_2_3,mc_infill_2_3_gid-530_20260715_041750,0.0,0.5,1.288669,-0.015831,495.485152996,1.17105156217,True,mc/mc_infill_2_3,True,0.06293,495.485153,1.171052,1.69583619197
mc/mc_infill_2_3,mc_infill_2_3_gid-308_20260715_041534,0.0,0.5,1.292378,-0.009915,357.474217316,1.55525691986,True,mc/mc_infill_2_3,True,0.013179,357.591596,1.555249,2.27254054373
mc/mc_beta0_s,mc_beta0_s_gid-683_20260710_080026,0.0,0.5,1.293477,0.015576,95.8800319691,2.66520606272,True,mc/mc_beta0_s,False,,,,4.48878628668
mc/mc_low_rmu_s_beta0_0,mc_low_rmu_s_beta0_0_gid-95_20260711_034023,0.0,0.5,1.29562,0.007947,136.551440608,2.41784375125,True,mc/mc_low_rmu_s_beta0_0,False,,,,3.86282385711
mc/mc_beta0_s,mc_beta0_s_gid-770_20260710_081424,0.0,0.5,1.297519,0.020964,76.6065742222,2.80333532366,True,mc/mc_beta0_s,False,,,,4.93856529733
mc/mc_beta0_s,mc_beta0_s_gid-233_20260710_075054,0.0,0.5,1.300707,0.001052,193.931484235,2.13651714576,True,mc/mc_beta0_s,False,,,,3.28478229589
mc/mc_low_rmu_s_beta0_0,mc_low_rmu_s_beta0_0_gid-71_20260711_034024,0.0,0.5,1.301378,-0.013041,423.297512318,1.36577873878,True,mc/mc_low_rmu_s_beta0_0,False,,,,2.00331423134
mc/mc_infill_3_4,mc_infill_3_4_gid-242_20260714_174707,0.0,0.5,1.304586,0.009765,124.87804664,2.48249864743,True,mc/mc_infill_3_4,False,,,,4.03470037469
mc/mc_infill_2_3,mc_infill_2_3_gid-254_20260715_041530,0.0,0.5,1.304733,-0.007328,306.336904352,1.71325691434,True,mc/mc_infill_2_3,True,0.239532,306.336904,1.713257,2.54666760569
mc/mc_beta0_s,mc_beta0_s_gid-1298_20260710_045904,0.0,0.5,1.305039,0.014598,100.079890395,2.63572588312,True,mc/mc_beta0_s,False,,,,4.4343492485
mc/mc_infill_1_2,mc_infill_1_2_gid-416_20260714_175037,0.0,0.5,1.306036,-0.021778,674.745985447,0.75360970301,True,mc/mc_infill_1_2,False,,,,1.18622390542
mc/mc_beta0_s,mc_beta0_s_gid-206_20260710_075123,0.0,0.5,1.31198,0.016515,92.1229151696,2.68873503315,True,mc/mc_beta0_s,False,,,,4.60671799402
mc/mc_low_rmu_s_beta0_0,mc_low_rmu_s_beta0_0_gid-89_20260711_034023,0.0,0.5,1.312079,-0.009746,349.128559951,1.578156717,True,mc/mc_low_rmu_s_beta0_0,False,,,,2.34504940471
mc/mc_beta0_s,mc_beta0_s_gid-425_20260710_075759,0.0,0.5,1.312873,0.02132,75.7269052817,2.80830940279,True,mc/mc_beta0_s,False,,,,5.000485748
mc/mc_beta0_s,mc_beta0_s_gid-917_20260710_080553,0.0,0.5,1.315368,0.013263,106.164199371,2.59493849231,True,mc/mc_beta0_s,False,,,,4.34723081802
mc/mc_low_rmu_s_beta0_0,mc_low_rmu_s_beta0_0_gid-371_20260711_034659,0.0,0.5,1.315614,0.009256,127.72166323,2.46473974599,True,mc/mc_low_rmu_s_beta0_0,False,,,,4.01816601237
mc/mc_infill_3_4,mc_infill_3_4_gid-50_20260714_162830,0.0,0.5,1.316173,0.001465,188.615405939,2.15811839569,True,mc/mc_infill_3_4,False,,,,3.36035654027
mc/mc_beta0_s,mc_beta0_s_gid-707_20260710_081427,0.0,0.5,1.316238,0.00258,177.964077012,2.20662840979,True,mc/mc_beta0_s,False,,,,3.45831566183
mc/mc_infill_1_2,mc_infill_1_2_gid-134_20260714_175510,0.0,0.5,1.317899,-0.020223,615.323034469,0.886967387417,True,mc/mc_infill_1_2,False,,,,1.37500500657
mc/mc_beta0_s,mc_beta0_s_gid-815_20260710_080332,0.0,0.5,1.318918,0.010822,118.617744662,2.51754576159,True,mc/mc_beta0_s,False,,,,4.15493154303
mc/mc_infill_2_3,mc_infill_2_3_gid-188_20260715_040902,0.0,0.5,1.318948,-0.015322,473.221314674,1.23385018801,True,mc/mc_infill_2_3,True,0.193849,473.221315,1.23385,1.82902135846
mc/mc_beta0_s,mc_beta0_s_gid-596_20260710_081123,0.0,0.5,1.321475,0.00351,169.360615506,2.24652153389,True,mc/mc_beta0_s,False,,,,3.55244724497
mc/mc_low_rmu_s_beta0_0,mc_low_rmu_s_beta0_0_gid-23_20260711_034020,0.0,0.5,1.324061,0.013564,104.723430219,2.60310663245,True,mc/mc_low_rmu_s_beta0_0,False,,,,4.39136935804
mc/mc_infill_2_3,mc_infill_2_3_gid-482_20260715_041803,0.0,0.5,1.326482,-0.00898,330.597035277,1.63165604214,True,mc/mc_infill_2_3,True,0.149905,330.597035,1.631656,2.45517002653
mc/mc_low_rmu_s_beta0_0,mc_low_rmu_s_beta0_0_gid-113_20260711_034023,0.0,0.5,1.32773,-0.017371,522.230302696,1.10368369864,True,mc/mc_low_rmu_s_beta0_0,False,,,,1.66647381474
mc/mc_beta0_s,mc_beta0_s_gid-2_20260710_074844,0.0,0.5,1.328695,0.014696,99.6547981084,2.63565668373,True,mc/mc_beta0_s,False,,,,4.49516396322
mc/mc_infill_1_2,mc_infill_1_2_gid-242_20260714_174956,0.0,0.5,1.330302,-0.020354,618.56185308,0.896820125328,True,mc/mc_infill_1_2,False,,,,1.37959470041
mc/mc_beta0_s,mc_beta0_s_gid-701_20260710_080101,0.0,0.5,1.330484,0.017439,88.7348682395,2.71024201483,True,mc/mc_beta0_s,False,,,,4.72269125592
mc/mc_infill_2_3,mc_infill_2_3_gid-62_20260715_040902,0.0,0.5,1.334198,-0.01567,477.208268511,1.22209451945,True,mc/mc_infill_2_3,True,0.175601,477.208269,1.222095,1.8370501335
mc/mc_beta0_s,mc_beta0_s_gid-1013_20260710_045607,0.0,0.5,1.334533,0.017814,87.4095639025,2.71917676463,True,mc/mc_beta0_s,False,,,,4.76201596481
mc/mc_infill_1_2,mc_infill_1_2_gid-188_20260714_174609,0.0,0.5,1.33774,-0.022353,684.437935114,0.751518618144,True,mc/mc_infill_1_2,False,,,,1.2271748873
mc/mc_beta0_s,mc_beta0_s_gid-824_20260710_080254,0.0,0.5,1.337837,0.011092,116.947416274,2.52518046786,True,mc/mc_beta0_s,False,,,,4.22028697386
mc/mc_low_rmu_s_beta0_0,mc_low_rmu_s_beta0_0_gid-359_20260711_034829,0.0,0.5,1.339616,-0.006352,284.028734376,1.78347751227,True,mc/mc_low_rmu_s_beta0_0,False,,,,2.73041066716
mc/mc_infill_3_4,mc_infill_3_4_gid-212_20260714_174742,0.0,0.5,1.341606,0.006144,147.669897924,2.35238138047,True,mc/mc_infill_3_4,False,,,,3.82147071511
mc/mc_beta0_s,mc_beta0_s_gid-1181_20260710_045636,0.0,0.5,1.341852,0.028817,58.1232866362,2.94888594953,True,mc/mc_beta0_s,False,,,,5.6695627663
mc/mc_beta0_s,mc_beta0_s_gid-1025_20260710_045404,0.0,0.5,1.342046,0.020259,79.3383315298,2.77740478672,True,mc/mc_beta0_s,False,,,,4.97668102126
mc/mc_infill_1_2,mc_infill_1_2_gid-38_20260714_180422,0.0,0.5,1.343177,-0.024185,727.574430401,0.623055072619,True,mc/mc_infill_1_2,False,,,,1.03535193615
mc/mc_low_rmu_s_beta0_0,mc_low_rmu_s_beta0_0_gid-362_20260711_034531,0.0,0.5,1.345009,-0.018983,564.646542314,1.00914487535,True,mc/mc_low_rmu_s_beta0_0,True,0.176238,566.224654,1.01236,1.56282817235
mc/mc_low_rmu_s_beta0_0,mc_low_rmu_s_beta0_0_gid-170_20260711_034024,0.0,0.5,1.347112,0.014697,99.6899192644,2.63314616791,True,mc/mc_low_rmu_s_beta0_0,False,,,,4.53614880073
mc/mc_infill_2_3,mc_infill_2_3_gid-476_20260715_041803,0.0,0.5,1.348,-0.011235,370.178945702,1.51180045747,True,mc/mc_infill_2_3,True,0.037867,370.178946,1.5118,2.30851762146
mc/mc_beta0_s,mc_beta0_s_gid-449_20260710_075600,0.0,0.5,1.348215,0.001908,182.209562412,2.18283928809,True,mc/mc_beta0_s,False,,,,3.47950444599
mc/mc_beta0_s,mc_beta0_s_gid-1055_20260710_050035,0.0,0.5,1.350549,0.025473,65.4497524702,2.88584602775,True,mc/mc_beta0_s,False,,,,5.41660179922
mc/mc_beta0_s,mc_beta0_s_gid-935_20260710_081135,0.0,0.5,1.352067,0.008829,129.635330316,2.4491300243,True,mc/mc_beta0_s,False,,,,4.06730485887
mc/mc_infill_2_3_b,mc_infill_2_3_b_gid-26_20260715_002402,0.0,0.5,1.352371,-0.016564,493.83155906,1.17899741663,True,mc/mc_infill_2_3_b,True,0.153357,492.491003,1.187262,1.82003298248
mc/mc_beta0_s,mc_beta0_s_gid-1358_20260710_050506,0.0,0.5,1.354796,0.019715,81.2232383352,2.76178476885,True,mc/mc_beta0_s,False,,,,4.9599221774
mc/mc_low_rmu_s_beta0_0,mc_low_rmu_s_beta0_0_gid-368_20260711_034532,0.0,0.5,1.355306,0.004049,163.18310203,2.27198026208,True,mc/mc_low_rmu_s_beta0_0,False,,,,3.68043499916
mc/mc_infill_1_2,mc_infill_1_2_gid-284_20260714_174956,0.0,0.5,1.356329,-0.01934,572.380607346,0.993496968411,True,mc/mc_infill_1_2,False,,,,1.5540164965
mc/mc_infill_3_4,mc_infill_3_4_gid-236_20260714_175436,0.0,0.5,1.357619,-0.00144,216.008151406,2.03541124177,True,mc/mc_infill_3_4,False,,,,3.20983636122
mc/mc_low_rmu_s_beta0_0,mc_low_rmu_s_beta0_0_gid-242_20260711_034529,0.0,0.5,1.360318,0.013812,103.582927736,2.60593911576,True,mc/mc_low_rmu_s_beta0_0,False,,,,4.49349628753
mc/mc_infill_2_3_b,mc_infill_2_3_b_gid-32_20260715_002405,0.0,0.5,1.360743,-0.009083,325.86944361,1.64374917595,True,mc/mc_infill_2_3_b,True,0.216629,325.746234,1.644029,2.54296083682
mc/mc_beta0_s,mc_beta0_s_gid-1145_20260710_050111,0.0,0.5,1.363672,0.025509,65.6347802466,2.88276323402,True,mc/mc_beta0_s,False,,,,5.4465954057
mc/mc_beta0_s,mc_beta0_s_gid-122_20260710_074805,0.0,0.5,1.365201,0.015751,95.441061991,2.65943467038,True,mc/mc_beta0_s,False,,,,4.66161279144
mc/mc_beta0_s,mc_beta0_s_gid-809_20260710_080425,0.0,0.5,1.367064,0.009878,123.295324214,2.48367144342,True,mc/mc_beta0_s,False,,,,4.18758853672
mc/mc_infill_2_3_a,mc_infill_2_3_a_gid-134_20260714_213242,0.0,0.5,1.37171,-0.017035,500.198885159,1.16342169195,True,mc/mc_infill_2_3_a,True,0.146153,497.956501,1.1666,1.84082140301
mc/mc_low_rmu_s_beta0_0,mc_low_rmu_s_beta0_0_gid-398_20260711_034534,0.0,0.5,1.372935,-0.014316,431.875082083,1.33821446987,True,mc/mc_low_rmu_s_beta0_0,False,,,,2.09106735109
mc/mc_low_rmu_s_beta0_0,mc_low_rmu_s_beta0_0_gid-302_20260711_034527,0.0,0.5,1.378332,-0.020248,590.228237081,0.950223379028,True,mc/mc_low_rmu_s_beta0_0,True,0.06373,587.696454,0.957063,1.55388971656
mc/mc_beta0_s,mc_beta0_s_gid-53_20260710_074738,0.0,0.5,1.382889,0.005988,147.510494462,2.34763977167,True,mc/mc_beta0_s,False,,,,3.90557492559
mc/mc_low_rmu_s_beta0_0,mc_low_rmu_s_beta0_0_gid-224_20260711_034813,0.0,0.5,1.383057,-0.002615,227.213827641,1.98674423067,True,mc/mc_low_rmu_s_beta0_0,False,,,,3.17147101399
mc/mc_beta0_s,mc_beta0_s_gid-551_20260710_075724,0.0,0.5,1.385256,0.013606,104.559920902,2.59641961125,True,mc/mc_beta0_s,False,,,,4.53212987905
mc/mc_infill_1_2,mc_infill_1_2_gid-428_20260714_175205,0.0,0.5,1.38546,-0.026514,760.667369336,0.533298809137,True,mc/mc_infill_1_2,False,,,,1.02659599206
mc/mc_infill_3_4,mc_infill_3_4_gid-92_20260714_164029,0.0,0.5,1.386751,0.00025,195.630036308,2.11749801671,True,mc/mc_infill_3_4,False,,,,3.43174935562
mc/mc_low_rmu_s_beta0_0,mc_low_rmu_s_beta0_0_gid-182_20260711_034056,0.0,0.5,1.389151,-0.0196,562.984195254,1.00692505208,True,mc/mc_low_rmu_s_beta0_0,False,,,,1.64815894397
mc/mc_infill_2_3,mc_infill_2_3_gid-554_20260715_041800,0.0,0.5,1.389609,-0.011942,374.436169311,1.49610115967,True,mc/mc_infill_2_3,True,0.200756,374.436169,1.496101,2.36537041151
mc/mc_beta0_s,mc_beta0_s_gid-209_20260710_075122,0.0,0.5,1.391553,0.027384,62.1451308786,2.90850059726,True,mc/mc_beta0_s,False,,,,5.65463757858
mc/mc_beta0_s,mc_beta0_s_gid-929_20260710_081135,0.0,0.5,1.393356,0.005028,154.118531807,2.31206851922,True,mc/mc_beta0_s,False,,,,3.85128717863
mc/mc_beta0_s,mc_beta0_s_gid-1160_20260710_045240,0.0,0.5,1.395008,0.015031,98.5522155037,2.63466145632,True,mc/mc_beta0_s,False,,,,4.6687275259
mc/mc_low_rmu_s_beta0_0,mc_low_rmu_s_beta0_0_gid-365_20260711_034559,0.0,0.5,1.395974,-0.0045,249.408297785,1.89977240038,True,mc/mc_low_rmu_s_beta0_0,False,,,,3.03775338565
mc/mc_beta0_s,mc_beta0_s_gid-95_20260710_074738,0.0,0.5,1.397612,0.010999,117.032414757,2.51686071516,True,mc/mc_beta0_s,False,,,,4.34780312734
mc/mc_infill_2_3,mc_infill_2_3_gid-542_20260715_041800,0.0,0.5,1.39762,-0.016893,485.416009894,1.19440993885,True,mc/mc_infill_2_3,True,0.113684,485.41601,1.19441,1.92338087726
mc/mc_beta0_s,mc_beta0_s_gid-998_20260710_080256,0.0,0.5,1.401275,0.020624,79.1788478713,2.77139813847,True,mc/mc_beta0_s,False,,,,5.13195760714
mc/mc_beta0_s,mc_beta0_s_gid-1415_20260710_050346,0.0,0.5,1.406462,0.017326,89.9541725314,2.69221988086,True,mc/mc_beta0_s,False,,,,4.87827845158
mc/mc_low_rmu_s_beta0_0,mc_low_rmu_s_beta0_0_gid-116_20260711_034023,0.0,0.5,1.406656,0.002747,171.597364534,2.22421169459,True,mc/mc_low_rmu_s_beta0_0,False,,,,3.69542547537
mc/mc_infill_2_3_a,mc_infill_2_3_a_gid-104_20260714_213450,0.0,0.5,1.407392,-0.012212,375.307793418,1.49140924331,True,mc/mc_infill_2_3_a,True,0.167008,373.900881,1.491724,2.39193570873
mc/mc_infill_1_2,mc_infill_1_2_gid-308_20260714_174956,0.0,0.5,1.408027,-0.021425,607.77425593,0.892394986175,True,mc/mc_infill_1_2,False,,,,1.54734143159
mc/mc_beta0_s,mc_beta0_s_gid-626_20260710_075823,0.0,0.5,1.409219,0.022996,72.7569425504,2.81987209214,True,mc/mc_beta0_s,False,,,,5.33875528935
mc/mc_infill_3_4,mc_infill_3_4_gid-2_20260714_162314,0.0,0.5,1.411949,0.004183,159.841876052,2.28064365822,True,mc/mc_infill_3_4,False,,,,3.82568131424
mc/mc_low_rmu_s_beta0_0,mc_low_rmu_s_beta0_0_gid-419_20260711_035052,0.0,0.5,1.412433,-0.012747,383.706133383,1.46340363365,True,mc/mc_low_rmu_s_beta0_0,False,,,,2.36127766008
mc/mc_infill_1_2,mc_infill_1_2_gid-518_20260714_175506,0.0,0.5,1.41375,-0.023421,667.662817697,0.760098368991,True,mc/mc_infill_1_2,False,,,,1.37874678834
mc/mc_beta0_s,mc_beta0_s_gid-1382_20260710_050007,0.0,0.5,1.414478,0.007487,136.832123903,2.4005212976,True,mc/mc_beta0_s,False,,,,4.10123977419
mc/mc_low_rmu_s_beta0_0,mc_low_rmu_s_beta0_0_gid-305_20260711_034531,0.0,0.5,1.415491,0.008851,128.611034137,2.44642132965,True,mc/mc_low_rmu_s_beta0_0,False,,,,4.21425768986
mc/mc_beta0_s,mc_beta0_s_gid-512_20260710_075456,0.0,0.5,1.416155,0.014444,101.126664608,2.61481255244,True,mc/mc_beta0_s,False,,,,4.6677426773
mc/mc_infill_2_3,mc_infill_2_3_gid-374_20260715_041533,0.0,0.5,1.417703,-0.005823,264.519566182,1.84158606776,True,mc/mc_infill_2_3,True,0.132593,264.478822,1.841436,2.98331920136
mc/mc_beta0_s,mc_beta0_s_gid-377_20260710_075608,0.0,0.5,1.418936,0.017166,90.6905479205,2.68544771105,True,mc/mc_beta0_s,False,,,,4.89226028661
mc/mc_beta0_s,mc_beta0_s_gid-653_20260710_081230,0.0,0.5,1.422064,0.004175,159.541430879,2.28069260954,True,mc/mc_beta0_s,False,,,,3.84878696783
mc/mc_infill_1_2,mc_infill_1_2_gid-650_20260714_175008,0.0,0.5,1.422972,-0.025676,698.939473587,0.631273803785,True,mc/mc_infill_1_2,False,,,,1.25106058682
mc/mc_low_rmu_s_beta0_0,mc_low_rmu_s_beta0_0_gid-308_20260711_034540,0.0,0.5,1.424067,-0.011741,361.182544447,1.52837458604,True,mc/mc_low_rmu_s_beta0_0,False,,,,2.47887858885
mc/mc_beta0_s,mc_beta0_s_gid-92_20260710_074738,0.0,0.5,1.426276,0.001468,181.678149247,2.17423540312,True,mc/mc_beta0_s,False,,,,3.63490214975
mc/mc_infill_2_3,mc_infill_2_3_gid-596_20260715_041753,0.0,0.5,1.428086,-0.017146,480.684330724,1.20367794137,True,mc/mc_infill_2_3,True,0.231444,480.684331,1.203678,1.99184065494
mc/mc_beta0_s,mc_beta0_s_gid-1247_20260710_045905,0.0,0.5,1.429617,0.024046,70.568973786,2.83468374553,True,mc/mc_beta0_s,False,,,,5.46485969174
mc/mc_infill_3_4,mc_infill_3_4_gid-194_20260714_175137,0.0,0.5,1.430655,0.000694,188.495240922,2.14276787696,True,mc/mc_infill_3_4,False,,,,3.57939068593
mc/mc_low_rmu_s_beta0_0,mc_low_rmu_s_beta0_0_gid-38_20260711_034033,0.0,0.5,1.433083,-0.005805,262.19447769,1.84751385684,True,mc/mc_low_rmu_s_beta0_0,False,,,,3.02447906377
mc/mc_beta0_s,mc_beta0_s_gid-419_20260710_075752,0.0,0.5,1.433409,0.023362,72.3543971534,2.82003681528,True,mc/mc_beta0_s,False,,,,5.41805664373
mc/mc_beta0_s,mc_beta0_s_gid-1094_20260710_045244,0.0,0.5,1.434096,0.00773,135.022442971,2.4077564318,True,mc/mc_beta0_s,False,,,,4.16580897721
mc/mc_infill_2_3_b,mc_infill_2_3_b_gid-128_20260715_002411,0.0,0.5,1.434969,-0.006881,277.104526121,1.79453115968,True,mc/mc_infill_2_3_b,True,0.159595,277.083393,1.794498,2.93782727873
mc/mc_infill_1_2,mc_infill_1_2_gid-536_20260714_174609,0.0,0.5,1.435036,-0.02696,745.804386987,0.605850180328,True,mc/mc_infill_1_2,False,,,,1.17978212165
mc/mc_beta0_s,mc_beta0_s_gid-1157_20260710_045639,0.0,0.5,1.436502,0.005123,152.124178819,2.31617455594,True,mc/mc_beta0_s,False,,,,3.95979034893
mc/mc_low_rmu_s_beta0_0,mc_low_rmu_s_beta0_0_gid-101_20260711_034023,0.0,0.5,1.436735,0.005193,151.62172093,2.31872609815,True,mc/mc_low_rmu_s_beta0_0,False,,,,3.96602470853
mc/mc_low_rmu_s_beta0_0,mc_low_rmu_s_beta0_0_gid-416_20260711_035052,0.0,0.5,1.442787,-0.016322,454.973201696,1.26771715264,True,mc/mc_low_rmu_s_beta0_0,False,,,,2.11725511852
mc/mc_infill_1_2,mc_infill_1_2_gid-632_20260714_175007,0.0,0.5,1.445423,-0.021252,588.003194622,0.946636219081,True,mc/mc_infill_1_2,False,,,,1.66900924567
mc/mc_low_rmu_s_beta0_0,mc_low_rmu_s_beta0_0_gid-320_20260711_034530,0.0,0.5,1.446862,0.008446,130.62448896,2.43059887573,True,mc/mc_low_rmu_s_beta0_0,False,,,,4.25258866494
mc/mc_infill_2_3,mc_infill_2_3_gid-194_20260715_040902,0.0,0.5,1.448083,-0.011811,357.055471572,1.53677184708,True,mc/mc_infill_2_3,True,0.165744,357.055472,1.536772,2.53808618996
mc/mc_beta0_s,mc_beta0_s_gid-8_20260710_074739,0.0,0.5,1.450826,0.007178,138.169239206,2.38806609291,True,mc/mc_beta0_s,False,,,,4.15931025267
mc/mc_infill_2_3,mc_infill_2_3_gid-260_20260715_041533,0.0,0.5,1.451725,-0.01152,350.675111438,1.55524177851,True,mc/mc_infill_2_3,True,0.107076,350.675111,1.555242,2.57613025277
mc/mc_infill_1_2,mc_infill_1_2_gid-410_20260714_175037,0.0,0.5,1.452338,-0.024783,676.145638879,0.714843055054,True,mc/mc_infill_1_2,False,,,,1.42084328844
mc/mc_beta0_s,mc_beta0_s_gid-263_20260710_075729,0.0,0.5,1.455352,0.018688,86.1399863467,2.71314667762,True,mc/mc_beta0_s,False,,,,5.09138635947
mc/mc_beta0_s,mc_beta0_s_gid-1193_20260710_045434,0.0,0.5,1.458195,0.020472,80.7425659514,2.75245723778,True,mc/mc_beta0_s,False,,,,5.23927052914
mc/mc_low_rmu_s_beta0_0,mc_low_rmu_s_beta0_0_gid-440_20260711_035052,0.0,0.5,1.459226,0.01245,110.070196894,2.55143378218,True,mc/mc_low_rmu_s_beta0_0,False,,,,4.60225479832
mc/mc_low_rmu_s_beta0_0,mc_low_rmu_s_beta0_0_gid-68_20260711_034023,0.0,0.5,1.462119,0.011676,113.669122163,2.52861877779,True,mc/mc_low_rmu_s_beta0_0,False,,,,4.54670360978
mc/mc_beta0_s,mc_beta0_s_gid-242_20260710_075222,0.0,0.5,1.462338,3e-06,193.044820784,2.1178649249,True,mc/mc_beta0_s,False,,,,3.59852132734
mc/mc_infill_3_4,mc_infill_3_4_gid-176_20260714_175005,0.0,0.5,1.463301,0.009304,125.697819166,2.45650026106,True,mc/mc_infill_3_4,False,,,,4.35847144418
mc/mc_infill_2_3,mc_infill_2_3_gid-32_20260715_040901,0.0,0.5,1.466196,-0.00882,301.511855204,1.70755951241,True,mc/mc_infill_2_3,True,0.166833,301.511855,1.70756,2.85228301965
mc/mc_infill_1_2,mc_infill_1_2_gid-434_20260714_174956,0.0,0.5,1.467101,-0.020079,541.877079412,1.0543307225,True,mc/mc_infill_1_2,False,,,,1.84067574261
mc/mc_low_rmu_s_beta0_0,mc_low_rmu_s_beta0_0_gid-83_20260711_034023,0.0,0.5,1.469962,0.009045,127.075506117,2.44758559416,True,mc/mc_low_rmu_s_beta0_0,False,,,,4.35262252851
mc/mc_beta0_s,mc_beta0_s_gid-320_20260710_075804,0.0,0.5,1.470689,0.021502,78.1064510228,2.77072913652,True,mc/mc_beta0_s,False,,,,5.34704470462
mc/mc_infill_1_2,mc_infill_1_2_gid-686_20260714_175638,0.0,0.5,1.471398,-0.025967,699.120178072,0.653994808218,True,mc/mc_infill_1_2,False,,,,1.40455949923
mc/mc_beta0_s,mc_beta0_s_gid-437_20260710_080222,0.0,0.5,1.473639,0.003496,162.931540368,2.25635815539,True,mc/mc_beta0_s,False,,,,3.91398124674
mc/mc_beta0_s,mc_beta0_s_gid-236_20260710_075226,0.0,0.5,1.474924,0.008531,129.900052431,2.43070076143,True,mc/mc_beta0_s,False,,,,4.32257444472
mc/mc_infill_2_3_a,mc_infill_2_3_a_gid-152_20260714_213243,0.0,0.5,1.475126,-0.005925,258.424303572,1.85490289586,True,mc/mc_infill_2_3_a,True,0.185312,258.421619,1.854921,3.12245896624
mc/mc_infill_3_4,mc_infill_3_4_gid-44_20260714_162557,0.0,0.5,1.476701,-0.003858,232.54842873,1.95216782049,True,mc/mc_infill_3_4,False,,,,3.30255075314
mc/mc_beta0_s,mc_beta0_s_gid-803_20260710_080755,0.0,0.5,1.477743,0.007573,135.415761015,2.39933323448,True,mc/mc_beta0_s,False,,,,4.25212854382
mc/mc_wrongbasin_ws,mc_wrongbasin_ws_gid-3_20260713_015219,0.0,0.5,1.478568,-0.020522,553.786228639,1.02915963918,True,mc/mc_wrongbasin_ws,True,0.147993,551.982228,1.026672,1.84437012504
mc/mc_infill_1_2,mc_infill_1_2_gid-32_20260714_180422,0.0,0.5,1.482385,-0.028647,760.319086327,0.551624915808,True,mc/mc_infill_1_2,False,,,,1.11432543849
mc/mc_low_rmu_s_beta0_0,mc_low_rmu_s_beta0_0_gid-53_20260711_034024,0.0,0.5,1.484667,-0.01263,363.703191004,1.51185301341,True,mc/mc_low_rmu_s_beta0_0,False,,,,2.57046476395
mc/mc_infill_2_3,mc_infill_2_3_gid-50_20260715_040903,0.0,0.5,1.489195,-0.013523,380.054895525,1.46312424157,True,mc/mc_infill_2_3,True,0.041967,380.054896,1.463124,2.50408242122
mc/mc_infill_1_2,mc_infill_1_2_gid-170_20260714_175643,0.0,0.5,1.490502,-0.018991,504.721003271,1.13798726913,True,mc/mc_infill_1_2,False,,,,2.01565564791
mc/mc_low_rmu_s_beta0_0,mc_low_rmu_s_beta0_0_gid-395_20260711_034534,0.0,0.5,1.49056,-0.00214,212.353567765,2.03114557189,True,mc/mc_low_rmu_s_beta0_0,False,,,,3.48538589278
mc/mc_beta0_s,mc_beta0_s_gid-800_20260710_080924,0.0,0.5,1.492938,0.005272,149.721123875,2.32030981291,True,mc/mc_beta0_s,False,,,,4.10183041406
mc/mc_low_rmu_s_beta0_0,mc_low_rmu_s_beta0_0_gid-179_20260711_034027,0.0,0.5,1.493918,0.00342,162.839109669,2.25375769388,True,mc/mc_low_rmu_s_beta0_0,False,,,,3.95490116874
mc/mc_infill_2_3_a,mc_infill_2_3_a_gid-170_20260714_213242,0.0,0.5,1.497271,-0.008044,284.835754777,1.75867074264,True,mc/mc_infill_2_3_a,True,0.079747,284.828709,1.758723,2.99984004262
mc/mc_infill_1_2,mc_infill_1_2_gid-20_20260714_175708,0.0,0.5,1.497855,-0.027429,692.892424538,0.61492483484,True,mc/mc_infill_1_2,False,,,,1.28864499713
mc/mc_infill_3_4,mc_infill_3_4_gid-158_20260714_174615,0.0,0.5,1.500594,0.005682,146.85543377,2.33415826877,True,mc/mc_infill_3_4,False,,,,4.15221239907
mc/mc_infill_lt1_beta0_0,mc_infill_lt1_beta0_0_gid-203_20260714_175005,0.0,0.5,1.500596,-0.029155,806.350581555,0.543532194731,True,mc/mc_infill_lt1_beta0_0,False,,,,1.11883248554
mc/mc_beta0_s,mc_beta0_s_gid-821_20260710_080136,0.0,0.5,1.50442,0.003841,159.420359932,2.26912191659,True,mc/mc_beta0_s,False,,,,4.01307175199
mc/mc_infill_2_3,mc_infill_2_3_gid-56_20260715_040901,0.0,0.5,1.505785,-0.00511,244.481009286,1.90187940634,True,mc/mc_infill_2_3,True,0.224488,244.481009,1.901879,3.26810280349
mc/mc_low_rmu_s_beta0_0,mc_low_rmu_s_beta0_0_gid-152_20260711_034024,0.0,0.5,1.506539,-0.005425,248.315119925,1.88741925938,True,mc/mc_low_rmu_s_beta0_0,False,,,,3.24266805046
mc/mc_low_rmu_s_beta0_0,mc_low_rmu_s_beta0_0_gid-410_20260711_035051,0.0,0.5,1.508804,-0.013752,379.653052353,1.46197342826,True,mc/mc_low_rmu_s_beta0_0,False,,,,2.53637817325
mc/mc_infill_1_2,mc_infill_1_2_gid-332_20260714_172633,0.0,0.5,1.508976,-0.023173,614.458746655,0.88470452943,True,mc/mc_infill_1_2,False,,,,1.69247439192
mc/mc_beta0_s,mc_beta0_s_gid-1406_20260710_050140,0.0,0.5,1.509987,0.024683,71.1052740011,2.82013497711,True,mc/mc_beta0_s,False,,,,5.67868978677
mc/mc_beta0_s,mc_beta0_s_gid-650_20260710_081230,0.0,0.5,1.512965,0.006128,143.790337365,2.34855037904,True,mc/mc_beta0_s,False,,,,4.21596778852
mc/mc_infill_2_3,mc_infill_2_3_gid-560_20260715_041959,0.0,0.5,1.514297,-0.011688,340.046518491,1.57752522185,True,mc/mc_infill_2_3,True,0.190153,340.046518,1.577525,2.73100750249
mc/mc_beta0_s,mc_beta0_s_gid-590_20260710_081400,0.0,0.5,1.516032,0.011272,115.799792151,2.50790677243,True,mc/mc_beta0_s,False,,,,4.63284723297
mc/mc_low_rmu_s_beta0_0,mc_low_rmu_s_beta0_0_gid-185_20260711_034100,0.0,0.5,1.516777,0.010701,118.515414377,2.49130632124,True,mc/mc_low_rmu_s_beta0_0,False,,,,4.58919100192
mc/mc_infill_3_4,mc_infill_3_4_gid-134_20260714_172903,0.0,0.5,1.517419,0.003617,160.674640369,2.26088022734,True,mc/mc_infill_3_4,False,,,,4.02495497558
mc/mc_beta0_s,mc_beta0_s_gid-1184_20260710_045636,0.0,0.5,1.518097,0.002647,167.891326164,2.22539171219,True,mc/mc_beta0_s,False,,,,3.94858249567
mc/mc_infill_1_2,mc_infill_1_2_gid-662_20260714_175406,0.0,0.5,1.520328,-0.024474,652.660741965,0.800295435437,False,mc/mc_infill_1_2,False,,,,1.61106903083
mc/mc_low_rmu_s_beta0_0,mc_low_rmu_s_beta0_0_gid-188_20260711_034057,0.0,0.5,1.522178,0.006393,142.011184086,2.35670436286,True,mc/mc_low_rmu_s_beta0_0,False,,,,4.25788331457
mc/mc_infill_lt1_beta0_0,mc_infill_lt1_beta0_0_gid-245_20260714_174609,0.0,0.5,1.522413,-0.034824,908.85485988,0.252060384467,False,mc/mc_infill_lt1_beta0_0,False,,,,1.03230001693
mc/mc_infill_2_3,mc_infill_2_3_gid-296_20260715_041532,0.0,0.5,1.522878,-0.010973,326.100523618,1.61975718443,True,mc/mc_infill_2_3,True,0.255434,326.100524,1.619757,2.81793547225
mc/mc_low_rmu_s_beta0_0,mc_low_rmu_s_beta0_0_gid-86_20260711_034023,0.0,0.5,1.52745,0.00025,187.142173277,2.13410962353,True,mc/mc_low_rmu_s_beta0_0,False,,,,3.77855569665
mc/mc_infill_1_2,mc_infill_1_2_gid-80_20260714_175613,0.0,0.5,1.528285,-0.025879,665.802453958,0.742665783101,True,mc/mc_infill_1_2,False,,,,1.53039546777
mc/mc_beta0_s,mc_beta0_s_gid-137_20260710_074738,0.0,0.5,1.530146,0.008778,128.282016062,2.43186101941,True,mc/mc_beta0_s,False,,,,4.46603072261
mc/mc_beta0_s,mc_beta0_s_gid-548_20260710_075722,0.0,0.5,1.534174,0.01273,109.43420397,2.54490939682,True,mc/mc_beta0_s,False,,,,4.78752344894
mc/mc_low_rmu_s_beta0_0,mc_low_rmu_s_beta0_0_gid-431_20260711_035052,0.0,0.5,1.535448,-0.006724,261.40068179,1.83485660772,True,mc/mc_low_rmu_s_beta0_0,False,,,,3.20741231258
mc/mc_infill_2_3,mc_infill_2_3_gid-140_20260715_040905,0.0,0.5,1.535486,-0.012907,357.442895144,1.52310368413,True,mc/mc_infill_2_3,True,0.142421,357.188643,1.523095,2.68250248685
mc/mc_infill_1_2,mc_infill_1_2_gid-302_20260714_174956,0.0,0.5,1.536746,-0.022443,577.391898938,0.958751636963,True,mc/mc_infill_1_2,False,,,,1.83093528906
mc/mc_infill_3_4,mc_infill_3_4_gid-80_20260714_164029,0.0,0.5,1.540501,0.002834,165.734305792,2.23236003317,True,mc/mc_infill_3_4,False,,,,4.01520444737
mc/mc_infill_1_2,mc_infill_1_2_gid-362_20260714_172115,0.0,0.5,1.540865,-0.02171,557.746339358,1.00773390983,True,mc/mc_infill_1_2,False,,,,1.8981574474
mc/mc_beta0_s,mc_beta0_s_gid-17_20260710_074739,0.0,0.5,1.542089,0.013411,106.683382415,2.56132933857,True,mc/mc_beta0_s,False,,,,4.85819971262
mc/mc_infill_2_3_b,mc_infill_2_3_b_gid-212_20260715_002803,0.0,0.5,1.543752,-0.015209,400.239806882,1.40142669768,True,mc/mc_infill_2_3_b,True,0.156738,399.241579,1.403917,2.50518908776
mc/mc_low_rmu_s_beta0_0,mc_low_rmu_s_beta0_0_gid-374_20260711_034659,0.0,0.5,1.544098,-0.01703,438.631276558,1.29733707464,True,mc/mc_low_rmu_s_beta0_0,True,0.063165,437.864889,1.297487,2.34332170958
mc/mc_beta0_s,mc_beta0_s_gid-461_20260710_081355,0.0,0.5,1.545164,0.004747,152.154257952,2.29972385344,True,mc/mc_beta0_s,False,,,,4.1786056002
mc/mc_beta0_s,mc_beta0_s_gid-260_20260710_075729,0.0,0.5,1.549837,0.007204,136.898611062,2.38036406292,True,mc/mc_beta0_s,False,,,,4.38485041487
mc/mc_beta0_s,mc_beta0_s_gid-1478_20260710_050341,0.0,0.5,1.55107,0.00083,181.07715761,2.15795755354,True,mc/mc_beta0_s,False,,,,3.87909172712
mc/mc_low_rmu_s_beta0_0,mc_low_rmu_s_beta0_0_gid-266_20260711_034656,0.0,0.5,1.551789,0.002344,169.048959457,2.21450833772,True,mc/mc_low_rmu_s_beta0_0,False,,,,4.00195088368
mc/mc_infill_lt1_ws,mc_infill_lt1_ws_gid-35_20260715_222104,0.0,0.5,1.552242,-0.033926,865.499088129,0.275404716345,True,mc/mc_infill_lt1_ws,True,0.080599,963.722202,0.218713,1.00710418213
mc/mc_infill_1_2,mc_infill_1_2_gid-338_20260714_172633,0.0,0.5,1.553642,-0.022043,554.494048132,1.00249527717,True,mc/mc_infill_1_2,False,,,,1.94456997509
mc/mc_infill_2_3,mc_infill_2_3_gid-8_20260715_040904,0.0,0.5,1.556058,-0.0067,258.594522425,1.84176126768,True,mc/mc_infill_2_3,True,0.192067,258.594522,1.841761,3.25915073873
mc/mc_beta0_s,mc_beta0_s_gid-1175_20260710_045241,0.0,0.5,1.556679,0.001673,174.044401797,2.18982196676,True,mc/mc_beta0_s,False,,,,3.95955569677
mc/mc_low_rmu_s_beta0_0,mc_low_rmu_s_beta0_0_gid-203_20260711_034058,0.0,0.5,1.558724,-0.006115,251.018320216,1.8691147844,True,mc/mc_low_rmu_s_beta0_0,False,,,,3.3163128178
mc/mc_beta0_s,mc_beta0_s_gid-200_20260710_074753,0.0,0.5,1.559144,0.008486,129.770764622,2.4189670276,True,mc/mc_beta0_s,False,,,,4.50691316031
mc/mc_infill_1_2,mc_infill_1_2_gid-266_20260714_175237,0.0,0.5,1.559385,-0.027675,701.031046798,0.610727109923,True,mc/mc_infill_1_2,False,,,,1.41744371134
mc/mc_beta0_s,mc_beta0_s_gid-290_20260710_081031,0.0,0.5,1.560132,0.026141,69.3339416485,2.82768503027,True,mc/mc_beta0_s,False,,,,5.89320128136
mc/mc_infill_3_4,mc_infill_3_4_gid-68_20260714_162347,0.0,0.5,1.561448,0.00658,140.431293809,2.35922783258,True,mc/mc_infill_3_4,False,,,,4.36124990073
mc/mc_low_rmu_s_beta0_0,mc_low_rmu_s_beta0_0_gid-437_20260711_035052,0.0,0.5,1.563331,0.014902,101.178897382,2.59425903962,True,mc/mc_low_rmu_s_beta0_0,False,,,,5.02048662012
mc/mc_beta0_s,mc_beta0_s_gid-245_20260710_075327,0.0,0.5,1.564022,0.000361,184.403672524,2.14066617322,True,mc/mc_beta0_s,False,,,,3.87159813338
mc/mc_infill_2_3,mc_infill_2_3_gid-218_20260715_041533,0.0,0.5,1.569379,-0.008392,279.277483697,1.76643802771,True,mc/mc_infill_2_3,True,0.167135,279.277484,1.766438,3.1546941152
mc/mc_low_rmu_s_beta0_0,mc_low_rmu_s_beta0_0_gid-230_20260711_034813,0.0,0.5,1.569914,0.007639,134.321835177,2.3915930402,True,mc/mc_low_rmu_s_beta0_0,False,,,,4.46377386363
mc/mc_infill_1_2,mc_infill_1_2_gid-320_20260714_175106,0.0,0.5,1.573746,-0.021965,551.91050164,1.01680450884,True,mc/mc_infill_1_2,False,,,,1.99216150597
mc/mc_low_rmu_s_beta0_0,mc_low_rmu_s_beta0_0_gid-44_20260711_034022,0.0,0.5,1.574513,-0.000517,191.423276317,2.10745302697,True,mc/mc_low_rmu_s_beta0_0,False,,,,3.8257910425
mc/mc_beta0_s,mc_beta0_s_gid-494_20260710_075653,0.0,0.5,1.576347,0.005552,146.468657291,2.32452113647,True,mc/mc_beta0_s,False,,,,4.31250199278
mc/mc_infill_2_3_b,mc_infill_2_3_b_gid-44_20260715_002635,0.0,0.5,1.577159,-0.017943,448.614442302,1.26662482145,True,mc/mc_infill_2_3_b,True,0.137038,448.388414,1.266785,2.35343450916
mc/mc_infill_1_2,mc_infill_1_2_gid-554_20260714_164709,0.0,0.5,1.579439,-0.026726,681.195187397,0.707513371656,True,mc/mc_infill_1_2,False,,,,1.61332956081
mc/mc_beta0_s,mc_beta0_s_gid-1499_20260710_050342,0.0,0.5,1.580977,0.004948,150.192760781,2.30423474878,True,mc/mc_beta0_s,False,,,,4.27513469529
mc/mc_low_rmu_s_beta0_0,mc_low_rmu_s_beta0_0_gid-272_20260711_034701,0.0,0.5,1.582903,-0.003742,221.791379176,1.97793279417,True,mc/mc_low_rmu_s_beta0_0,False,,,,3.57861940471
mc/mc_infill_1_2,mc_infill_1_2_gid-386_20260714_175007,0.0,0.5,1.587967,-0.018179,450.901967897,1.25927494316,True,mc/mc_infill_1_2,False,,,,2.36717475663
mc/mc_beta0_s,mc_beta0_s_gid-305_20260710_080923,0.0,0.5,1.58854,0.0155,99.448349534,2.60218779888,True,mc/mc_beta0_s,False,,,,5.12023587476
mc/mc_infill_2_3_a,mc_infill_2_3_a_gid-176_20260714_213554,0.0,0.5,1.588942,-0.017779,441.132276238,1.28378191114,True,mc/mc_infill_2_3_a,True,0.121549,441.090328,1.283925,2.40570541529
mc/mc_infill_1_2,mc_infill_1_2_gid-224_20260714_174609,0.0,0.5,1.592638,-0.024036,597.626641634,0.912480303066,True,mc/mc_infill_1_2,False,,,,1.86754470535
mc/mc_low_rmu_s_beta0_0,mc_low_rmu_s_beta0_0_gid-200_20260711_034058,0.0,0.5,1.592889,-0.009475,290.986207503,1.72268497912,True,mc/mc_low_rmu_s_beta0_0,False,,,,3.12265038302
mc/mc_beta0_s,mc_beta0_s_gid-269_20260710_075729,0.0,0.5,1.594878,0.022021,79.9198181362,2.74036094142,True,mc/mc_beta0_s,False,,,,5.64089778803
mc/mc_infill_3_4,mc_infill_3_4_gid-56_20260714_171332,0.0,0.5,1.59645,-0.001855,202.223437321,2.05675007281,True,mc/mc_infill_3_4,False,,,,3.76967346764
mc/mc_low_rmu_s_beta0_0,mc_low_rmu_s_beta0_0_gid-422_20260711_035052,0.0,0.5,1.597949,0.008304,130.673223463,2.40783714817,True,mc/mc_low_rmu_s_beta0_0,False,,,,4.5776792014
mc/mc_infill_2_3,mc_infill_2_3_gid-458_20260715_041752,0.0,0.5,1.599776,-0.009604,291.872856488,1.71867780569,True,mc/mc_infill_2_3,True,0.134748,291.872856,1.718678,3.13020799549
mc/mc_infill_3_4,mc_infill_3_4_gid-86_20260714_164029,0.0,0.5,1.600737,0.005477,146.604133378,2.3199194532,True,mc/mc_infill_3_4,False,,,,4.36155219505
mc/mc_infill_1_2,mc_infill_1_2_gid-290_20260714_174956,0.0,0.5,1.601409,-0.019229,470.262981467,1.20941847501,True,mc/mc_infill_1_2,False,,,,2.31632780727
mc/mc_low_rmu_s_beta0_0,mc_low_rmu_s_beta0_0_gid-353_20260711_034533,0.0,0.5,1.602226,0.006099,142.864662546,2.33964322038,True,mc/mc_low_rmu_s_beta0_0,False,,,,4.41383240814
mc/mc_infill_lt1_beta0_0,mc_infill_lt1_beta0_0_gid-92_20260714_174235,0.0,0.5,1.602753,-0.035669,927.057744985,0.218958056931,False,mc/mc_infill_lt1_beta0_0,False,,,,1.0119564935
mc/mc_beta0_s,mc_beta0_s_gid-110_20260710_074742,0.0,0.5,1.606161,0.014912,101.884773915,2.58335949974,True,mc/mc_beta0_s,False,,,,5.11129540583
mc/mc_infill_2_3,mc_infill_2_3_gid-572_20260715_041959,0.0,0.5,1.608307,-0.016688,412.702723221,1.35802880276,True,mc/mc_infill_2_3,True,0.297644,412.702723,1.358029,2.55219609402
mc/mc_low_rmu_s_beta0_0,mc_low_rmu_s_beta0_0_gid-122_20260711_034022,0.0,0.5,1.609013,0.001925,170.292466123,2.19913907599,True,mc/mc_low_rmu_s_beta0_0,False,,,,4.09926732483
mc/mc_infill_1_2,mc_infill_1_2_gid-218_20260714_174609,0.0,0.5,1.609751,-0.02817,682.896609957,0.724825458056,True,mc/mc_infill_1_2,False,,,,1.53544193543
mc/mc_beta0_s,mc_beta0_s_gid-428_20260710_075454,0.0,0.5,1.611262,0.012667,110.607868468,2.52613825128,True,mc/mc_beta0_s,False,,,,4.94728007202
mc/mc_low_rmu_s_beta0_0,mc_low_rmu_s_beta0_0_gid-404_20260711_034534,0.0,0.5,1.614142,-0.018313,445.0744277,1.27081195561,True,mc/mc_low_rmu_s_beta0_0,False,,,,2.42566974253
mc/mc_beta0_s,mc_beta0_s_gid-1469_20260710_050307,0.0,0.5,1.618768,0.014789,102.558778982,2.57703892143,True,mc/mc_beta0_s,False,,,,5.1280803832
mc/mc_infill_2_3,mc_infill_2_3_gid-182_20260715_040903,0.0,0.5,1.619412,-0.010053,295.241426548,1.70431320528,True,mc/mc_infill_2_3,True,0.258452,295.241427,1.704313,3.14226058806
mc/mc_infill_1_2,mc_infill_1_2_gid-560_20260714_164859,0.0,0.5,1.620285,-0.022969,557.810511793,0.999941928155,True,mc/mc_infill_1_2,False,,,,2.0374226598
mc/mc_infill_2_3,mc_infill_2_3_gid-20_20260715_040901,0.0,0.5,1.625678,-0.009498,286.429161661,1.73260824878,True,mc/mc_infill_2_3,True,0.302367,286.429162,1.732608,3.20363489859
mc/mc_low_rmu_s_beta0_0,mc_low_rmu_s_beta0_0_gid-380_20260711_034532,0.0,0.5,1.625864,-0.020902,499.28891295,1.12964220897,True,mc/mc_low_rmu_s_beta0_0,False,,,,2.22809944819
mc/mc_beta0_s,mc_beta0_s_gid-1310_20260710_045645,0.0,0.5,1.629046,0.015362,100.707562403,2.58782071551,True,mc/mc_beta0_s,False,,,,5.19393507389
mc/mc_infill_1_2,mc_infill_1_2_gid-674_20260714_175406,0.0,0.5,1.630785,-0.019532,466.643768238,1.21378671457,True,mc/mc_infill_1_2,False,,,,2.37076594018
mc/mc_beta0_s,mc_beta0_s_gid-98_20260710_074742,0.0,0.5,1.631208,0.009239,126.022619131,2.4294455809,True,mc/mc_beta0_s,False,,,,4.72291254733
mc/mc_infill_3_4,mc_infill_3_4_gid-200_20260714_175438,0.0,0.5,1.632353,0.007052,137.256506277,2.3654157413,True,mc/mc_infill_3_4,False,,,,4.55478050396
mc/mc_low_rmu_s_beta0_0,mc_low_rmu_s_beta0_0_gid-158_20260711_034023,0.0,0.5,1.632515,0.006865,138.279877115,2.35974170339,True,mc/mc_low_rmu_s_beta0_0,False,,,,4.54052065458
mc/mc_infill_lt1_beta0_0,mc_infill_lt1_beta0_0_gid-152_20260714_174205,0.0,0.5,1.635887,-0.030238,693.883274205,0.626369424316,True,mc/mc_infill_lt1_beta0_0,False,,,,1.52026561253
mc/mc_beta0_s,mc_beta0_s_gid-1313_20260710_050216,0.0,0.5,1.636301,0.00931,125.699691081,2.43053049054,True,mc/mc_beta0_s,False,,,,4.73940044958
mc/mc_infill_1_2,mc_infill_1_2_gid-8_20260714_175511,0.0,0.5,1.637483,-0.025344,617.677039881,0.870276853141,True,mc/mc_infill_1_2,False,,,,1.868792
mc/mc_infill_2_3,mc_infill_2_3_gid-314_20260715_041540,0.0,0.5,1.638488,-0.01056,299.463362141,1.68684215465,True,mc/mc_infill_2_3,True,0.237653,299.327494,1.686932,3.14826319773
mc/mc_beta0_s,mc_beta0_s_gid-647_20260710_081230,0.0,0.5,1.639012,0.00225,167.036752137,2.20993477216,True,mc/mc_beta0_s,False,,,,4.1926280124
mc/mc_low_rmu_s_beta0_0,mc_low_rmu_s_beta0_0_gid-77_20260711_034024,0.0,0.5,1.639409,0.010399,120.642837427,2.46001229276,True,mc/mc_low_rmu_s_beta0_0,False,,,,4.83072666861
mc/mc_beta0_s,mc_beta0_s_gid-623_20260710_075922,0.0,0.5,1.642318,0.013099,109.316743333,2.52962520089,True,mc/mc_beta0_s,False,,,,5.04629555075
mc/mc_infill_lt1_beta0_0,mc_infill_lt1_beta0_0_gid-323_20260714_174707,0.0,0.5,1.643761,-0.032234,843.102784172,0.416799368376,True,mc/mc_infill_lt1_beta0_0,False,,,,1.14365310633
mc/mc_low_rmu_s_beta0_0,mc_low_rmu_s_beta0_0_gid-137_20260711_034025,0.0,0.5,1.643765,0.003223,160.230679033,2.24272288682,True,mc/mc_low_rmu_s_beta0_0,False,,,,4.27958139008
mc/mc_infill_2_3,mc_infill_2_3_gid-230_20260715_041559,0.0,0.5,1.64406,-0.012612,329.942955758,1.58983570501,True,mc/mc_infill_2_3,True,0.127419,329.942956,1.589836,2.99390208171
mc/mc_beta0_s,mc_beta0_s_gid-530_20260710_081403,0.0,0.5,1.645379,0.016944,95.747739398,2.61904900362,True,mc/mc_beta0_s,False,,,,5.34985702335
mc/mc_beta0_s,mc_beta0_s_gid-218_20260710_075121,0.0,0.5,1.64608,0.006539,140.002189176,2.34808189558,True,mc/mc_beta0_s,False,,,,4.54470358759
mc/mc_low_rmu_s_beta0_0,mc_low_rmu_s_beta0_0_gid-338_20260711_034532,0.0,0.5,1.647071,-0.012013,319.718846363,1.61974786364,True,mc/mc_low_rmu_s_beta0_0,False,,,,3.04981403147
mc/mc_infill_3_4,mc_infill_3_4_gid-182_20260714_175005,0.0,0.5,1.650545,0.004902,149.440160084,2.29684785325,True,mc/mc_infill_3_4,False,,,,4.42668099371
mc/mc_beta0_s,mc_beta0_s_gid-755_20260710_080731,0.0,0.5,1.650669,0.006085,142.51447909,2.33367868093,True,mc/mc_beta0_s,False,,,,4.51932205383
mc/mc_infill_1_2,mc_infill_1_2_gid-422_20260714_175205,0.0,0.5,1.651647,-0.02043,481.781171931,1.17179110831,True,mc/mc_infill_1_2,False,,,,2.35117252316
mc/mc_beta0_s,mc_beta0_s_gid-1250_20260710_045905,0.0,0.5,1.653113,0.006268,141.464686308,2.33896417982,True,mc/mc_beta0_s,False,,,,4.5389265755
mc/mc_infill_2_3,mc_infill_2_3_gid-386_20260715_041550,0.0,0.5,1.655166,-0.015926,384.812167726,1.42602553245,True,mc/mc_infill_2_3,True,0.07401,384.812168,1.426026,2.74205468313
mc/mc_beta0_s,mc_beta0_s_gid-356_20260710_075125,0.0,0.5,1.6559,0.021932,81.8840026077,2.71701130094,True,mc/mc_beta0_s,False,,,,5.75584798363
mc/mc_low_rmu_s_beta0_0,mc_low_rmu_s_beta0_0_gid-173_20260711_034035,0.0,0.5,1.658195,-0.020182,471.681670842,1.19862350735,True,mc/mc_low_rmu_s_beta0_0,False,,,,2.38842067341
mc/mc_infill_1_2,mc_infill_1_2_gid-542_20260714_174609,0.0,0.5,1.65914,-0.02287,535.465364412,1.03923905164,True,mc/mc_infill_1_2,False,,,,2.13727681556
mc/mc_beta0_s,mc_beta0_s_gid-1112_20260710_050004,0.0,0.5,1.65936,0.00535,146.666094651,2.31000419164,True,mc/mc_beta0_s,False,,,,4.48103262858
mc/mc_beta0_s,mc_beta0_s_gid-1370_20260710_050013,0.0,0.5,1.660448,0.000189,181.595398266,2.1373401195,True,mc/mc_beta0_s,False,,,,4.07896134942
mc/mc_infill_lt1_beta0_0,mc_infill_lt1_beta0_0_gid-284_20260714_173941,0.0,0.5,1.66086,-0.030143,676.186459466,0.651545665903,True,mc/mc_infill_lt1_beta0_0,False,,,,1.56398508931
mc/mc_low_rmu_s_beta0_0,mc_low_rmu_s_beta0_0_gid-47_20260711_034020,0.0,0.5,1.660981,-0.024568,585.019798004,0.936893512197,True,mc/mc_low_rmu_s_beta0_0,True,0.084993,581.676246,0.932957,2.00351623622
mc/mc_infill_2_3,mc_infill_2_3_gid-290_20260715_041622,0.0,0.5,1.665921,-0.016414,390.786486753,1.40595518769,True,mc/mc_infill_2_3,True,0.109187,390.786487,1.405955,2.72944940244
mc/mc_beta0_s,mc_beta0_s_gid-1388_20260710_050007,0.0,0.5,1.665962,0.00336,158.846546655,2.24592301217,True,mc/mc_beta0_s,False,,,,4.34025073459
mc/mc_beta0_s,mc_beta0_s_gid-353_20260710_075227,0.0,0.5,1.667445,0.01197,114.174082656,2.49515430805,True,mc/mc_beta0_s,False,,,,5.01173059299
mc/mc_infill_1_2,mc_infill_1_2_gid-566_20260714_164901,0.0,0.5,1.669012,-0.028512,685.223163325,0.711015960119,True,mc/mc_infill_1_2,False,,,,1.64195258784
mc/mc_beta0_s,mc_beta0_s_gid-1346_20260710_045936,0.0,0.5,1.669738,0.00952,124.866391185,2.43009045009,True,mc/mc_beta0_s,False,,,,4.8272550439
mc/mc_low_rmu_s_beta0_0,mc_low_rmu_s_beta0_0_gid-32_20260711_034021,0.0,0.5,1.671181,-0.003382,211.619608939,2.00434892567,True,mc/mc_low_rmu_s_beta0_0,False,,,,3.82221900978
mc/mc_infill_2_3,mc_infill_2_3_gid-68_20260715_041025,0.0,0.5,1.671978,-0.01467,357.782745849,1.49993432803,True,mc/mc_infill_2_3,True,0.1328,357.782746,1.499934,2.89286682107
mc/mc_infill_1_2,mc_infill_1_2_gid-584_20260714_175539,0.0,0.5,1.672632,-0.029726,706.008722472,0.639226587922,True,mc/mc_infill_1_2,False,,,,1.62480448834
mc/mc_infill_lt1_beta0_0,mc_infill_lt1_beta0_0_gid-47_20260714_163408,0.0,0.5,1.672797,-0.029804,720.512422062,0.639989060191,True,mc/mc_infill_lt1_beta0_0,False,,,,1.68277163401
mc/mc_beta0_s,mc_beta0_s_gid-1403_20260710_050338,0.0,0.5,1.673235,0.001252,173.130629447,2.17470282303,True,mc/mc_beta0_s,False,,,,4.1911478174
mc/mc_beta0_s,mc_beta0_s_gid-1322_20260710_045908,0.0,0.5,1.675904,0.010011,122.660880197,2.44216097855,True,mc/mc_beta0_s,False,,,,4.87831634267
mc/mc_low_rmu_s_beta0_0,mc_low_rmu_s_beta0_0_gid-341_20260711_034538,0.0,0.5,1.677699,0.006686,139.028223487,2.3482205179,True,mc/mc_low_rmu_s_beta0_0,False,,,,4.62487012057
mc/mc_beta0_s,mc_beta0_s_gid-560_20260710_081424,0.0,0.5,1.678848,0.00947,125.147486391,2.42696896835,True,mc/mc_beta0_s,False,,,,4.84278151859
mc/mc_infill_2_3,mc_infill_2_3_gid-74_20260715_041025,0.0,0.5,1.680828,-0.006165,238.973584742,1.89372475249,True,mc/mc_infill_2_3,True,0.181724,238.973585,1.893725,3.61694945171
mc/mc_infill_3_4,mc_infill_3_4_gid-188_20260714_174609,0.0,0.5,1.682374,-0.000734,187.946156572,2.1046272766,True,mc/mc_infill_3_4,False,,,,4.056101392
mc/mc_beta0_s,mc_beta0_s_gid-44_20260710_074739,0.0,0.5,1.683748,0.013966,106.710866865,2.54001425848,True,mc/mc_beta0_s,False,,,,5.19933174983
mc/mc_low_rmu_s_beta0_0,mc_low_rmu_s_beta0_0_gid-275_20260711_034701,0.0,0.5,1.686078,-0.005185,228.170641744,1.93473457538,True,mc/mc_low_rmu_s_beta0_0,False,,,,3.71082745583
mc/mc_infill_1_2,mc_infill_1_2_gid-128_20260714_171906,0.0,0.5,1.686708,-0.023845,551.316558542,0.999837583656,True,mc/mc_infill_1_2,False,,,,2.13191048683
mc/mc_beta0_s,mc_beta0_s_gid-446_20260710_075602,0.0,0.5,1.687317,0.02036,86.828479494,2.67599332636,True,mc/mc_beta0_s,False,,,,5.69736767226
mc/mc_beta0_s,mc_beta0_s_gid-617_20260710_080553,0.0,0.5,1.689169,0.010462,120.767411433,2.45136594329,True,mc/mc_beta0_s,False,,,,4.94115605263
mc/mc_low_rmu_s_beta0_0,mc_low_rmu_s_beta0_0_gid-323_20260711_034658,0.0,0.5,1.689969,-0.00104,190.051977773,2.09382230064,True,mc/mc_low_rmu_s_beta0_0,False,,,,4.04933558977
mc/mc_infill_2_3,mc_infill_2_3_gid-284_20260715_041628,0.0,0.5,1.692659,-0.01246,318.281561636,1.61702008887,True,mc/mc_infill_2_3,True,0.191092,318.281562,1.61702,3.12797792432
mc/mc_beta0_s,mc_beta0_s_gid-386_20260710_075353,0.0,0.5,1.693182,0.00218,166.03483374,2.20552691794,True,mc/mc_beta0_s,False,,,,4.30852504763
mc/mc_infill_1_2,mc_infill_1_2_gid-122_20260714_175555,0.0,0.5,1.694427,-0.025453,585.088094098,0.922545776243,True,mc/mc_infill_1_2,False,,,,2.01440215858
mc/mc_infill_2_3_b,mc_infill_2_3_b_gid-62_20260715_002401,0.0,0.5,1.700905,-0.012353,315.368520759,1.62519820853,True,mc/mc_infill_2_3_b,True,0.144288,315.165431,1.625704,3.15809514896
mc/mc_infill_lt1_beta0_0,mc_infill_lt1_beta0_0_gid-197_20260714_174109,0.0,0.5,1.701707,-0.031195,755.966076184,0.576541167811,True,mc/mc_infill_lt1_beta0_0,False,,,,1.56646492826
mc/mc_low_rmu_s_beta0_0,mc_low_rmu_s_beta0_0_gid-425_20260711_035052,0.0,0.5,1.703163,-0.011018,295.795123315,1.68777636027,True,mc/mc_low_rmu_s_beta0_0,False,,,,3.27110753932
mc/mc_beta0_s,mc_beta0_s_gid-152_20260710_074853,0.0,0.5,1.703274,0.014107,106.544204876,2.53805965047,True,mc/mc_beta0_s,False,,,,5.25036884522
mc/mc_infill_1_2,mc_infill_1_2_gid-110_20260714_175314,0.0,0.5,1.704022,-0.021081,477.086945573,1.17717972001,True,mc/mc_infill_1_2,False,,,,2.43217453371
mc/mc_beta0_s,mc_beta0_s_gid-1028_20260710_045404,0.0,0.5,1.707203,0.016605,98.2201759587,2.59283790032,True,mc/mc_beta0_s,False,,,,5.44961233508
mc/mc_beta0_s,mc_beta0_s_gid-275_20260710_075223,0.0,0.5,1.71043,0.008158,131.467017902,2.38515554012,True,mc/mc_beta0_s,False,,,,4.80880772467
mc/mc_low_rmu_s_beta0_0,mc_low_rmu_s_beta0_0_gid-17_20260711_034020,0.0,0.5,1.710561,-3e-05,181.251554901,2.13011352044,True,mc/mc_low_rmu_s_beta0_0,False,,,,4.17460193497
mc/mc_infill_3_4,mc_infill_3_4_gid-248_20260714_174609,0.0,0.5,1.710961,0.006773,138.42666004,2.34596452563,True,mc/mc_infill_3_4,False,,,,4.70327456256
mc/mc_infill_1_2,mc_infill_1_2_gid-200_20260714_175036,0.0,0.5,1.7123,-0.018094,411.173956671,1.3445988727,True,mc/mc_infill_1_2,False,,,,2.70953168124
mc/mc_infill_2_3_a,mc_infill_2_3_a_gid-158_20260714_213243,0.0,0.5,1.712722,-0.009161,270.192674961,1.77369848536,True,mc/mc_infill_2_3_a,True,0.284393,270.145365,1.773657,3.44620925289
mc/mc_beta0_s,mc_beta0_s_gid-1046_20260710_045404,0.0,0.5,1.716761,0.005484,145.327040656,2.30744373105,True,mc/mc_beta0_s,False,,,,4.61635816151
mc/mc_beta0_s,mc_beta0_s_gid-29_20260710_074741,0.0,0.5,1.718324,0.022646,81.9951959907,2.70713007437,True,mc/mc_beta0_s,False,,,,5.93347875241
mc/mc_low_rmu_s_beta0_0,mc_low_rmu_s_beta0_0_gid-299_20260711_034529,0.0,0.5,1.719446,-0.008717,263.91549186,1.79472011494,True,mc/mc_low_rmu_s_beta0_0,False,,,,3.49998868102
mc/mc_infill_lt1_beta0_0,mc_infill_lt1_beta0_0_gid-350_20260714_175438,0.0,0.5,1.719462,-0.035431,842.533062031,0.384518407113,True,mc/mc_infill_lt1_beta0_0,False,,,,1.33082837487
mc/mc_low_rmu_s_beta0_0,mc_low_rmu_s_beta0_0_gid-164_20260711_034035,0.0,0.5,1.721077,0.004965,148.201492475,2.29140095115,True,mc/mc_low_rmu_s_beta0_0,False,,,,4.58564112415
mc/mc_infill_1_2,mc_infill_1_2_gid-98_20260714_175640,0.0,0.5,1.721375,-0.029663,704.311706347,0.714123380796,True,mc/mc_infill_1_2,False,,,,1.74056674226
mc/mc_beta0_s,mc_beta0_s_gid-479_20260710_075659,0.0,0.5,1.722423,0.00059,176.238010797,2.15134039614,True,mc/mc_beta0_s,False,,,,4.24972299456
mc/mc_infill_1_2,mc_infill_1_2_gid-470_20260714_174741,0.0,0.5,1.723076,-0.024116,541.37406358,1.0191697311,True,mc/mc_infill_1_2,False,,,,2.23449815399
mc/mc_infill_3_4,mc_infill_3_4_gid-62_20260714_165159,0.0,0.5,1.724231,-0.004986,223.043653667,1.94822471419,True,mc/mc_infill_3_4,False,,,,3.81828407754
mc/mc_beta0_s,mc_beta0_s_gid-1010_20260710_050206,0.0,0.5,1.727752,0.014888,104.27523084,2.54907992129,True,mc/mc_beta0_s,False,,,,5.36011481966
mc/mc_infill_2_3_a,mc_infill_2_3_a_gid-98_20260714_213450,0.0,0.5,1.728011,-0.008533,260.700360973,1.80451967144,True,mc/mc_infill_2_3_a,True,0.191598,260.675591,1.804553,3.53661574965
mc/mc_beta0_s,mc_beta0_s_gid-20_20260710_074852,0.0,0.5,1.729443,0.006672,138.87877919,2.34032781012,True,mc/mc_beta0_s,False,,,,4.73508084537
mc/mc_infill_1_2,mc_infill_1_2_gid-458_20260714_175506,0.0,0.5,1.730919,-0.020727,459.456266264,1.21756698549,True,mc/mc_infill_1_2,False,,,,2.53708187502
mc/mc_wrongbasin_ws,mc_wrongbasin_ws_gid-5_20260713_015047,0.0,0.5,1.731559,-0.022934,510.617896777,1.09302704863,True,mc/mc_wrongbasin_ws,True,0.110889,508.76328,1.095673,2.34789077938
mc/mc_infill_lt1_beta0_0,mc_infill_lt1_beta0_0_gid-275_20260714_175237,0.0,0.5,1.732914,-0.035054,876.492095391,0.391710349234,True,mc/mc_infill_lt1_beta0_0,False,,,,1.24934281585
mc/mc_infill_2_3_a,mc_infill_2_3_a_gid-128_20260714_213242,0.0,0.5,1.733764,-0.016809,381.306097837,1.4234332061,True,mc/mc_infill_2_3_a,True,0.246586,381.094721,1.423763,2.87211148311
mc/mc_beta0_s,mc_beta0_s_gid-1289_20260710_050540,0.0,0.5,1.733789,0.01427,106.516230853,2.53344618492,True,mc/mc_beta0_s,False,,,,5.32526830243
mc/mc_beta0_s,mc_beta0_s_gid-1187_20260710_045240,0.0,0.5,1.737575,0.016054,100.637131765,2.57178143039,True,mc/mc_beta0_s,False,,,,5.46889109798
mc/mc_low_rmu_s_beta0_0,mc_low_rmu_s_beta0_0_gid-176_20260711_034025,0.0,0.5,1.741231,-0.016956,381.883948115,1.42024673548,True,mc/mc_low_rmu_s_beta0_0,False,,,,2.87789870873
mc/mc_infill_3_4,mc_infill_3_4_gid-206_20260714_174956,0.0,0.5,1.74307,0.001932,166.363109314,2.19502832763,True,mc/mc_infill_3_4,False,,,,4.39939690036
mc/mc_infill_2_3,mc_infill_2_3_gid-494_20260715_041752,0.0,0.5,1.744814,-0.010699,285.305331995,1.71556082515,True,mc/mc_infill_2_3,True,0.125799,285.233874,1.715769,3.39806127063
mc/mc_infill_lt1_beta0_0,mc_infill_lt1_beta0_0_gid-221_20260714_174136,0.0,0.5,1.745806,-0.036827,878.920646508,0.334738143666,True,mc/mc_infill_lt1_beta0_0,False,,,,1.1307875782
mc/mc_infill_1_2,mc_infill_1_2_gid-680_20260714_175638,0.0,0.5,1.747747,-0.02706,610.975890209,0.863005077218,True,mc/mc_infill_1_2,False,,,,2.04865518352
mc/mc_beta0_s,mc_beta0_s_gid-257_20260710_080853,0.0,0.5,1.749132,0.016761,98.6811215633,2.58322968973,True,mc/mc_beta0_s,False,,,,5.54591169151
mc/mc_infill_1_2,mc_infill_1_2_gid-26_20260714_180421,0.0,0.5,1.749535,-0.019614,430.651021681,1.28677951208,True,mc/mc_infill_1_2,False,,,,2.68090190005
mc/mc_low_rmu_s_beta0_0,mc_low_rmu_s_beta0_0_gid-356_20260711_034627,0.0,0.5,1.750652,0.01262,112.761329101,2.49072985598,True,mc/mc_low_rmu_s_beta0_0,False,,,,5.23404489273
mc/mc_beta0_s,mc_beta0_s_gid-632_20260710_075952,0.0,0.5,1.751736,0.00273,161.039645277,2.21992589471,True,mc/mc_beta0_s,False,,,,4.47992062632
mc/mc_beta0_s,mc_beta0_s_gid-1490_20260710_050508,0.0,0.5,1.752554,0.002016,165.565864502,2.19724274272,True,mc/mc_beta0_s,False,,,,4.42667658938
mc/mc_infill_lt1_beta0_0,mc_infill_lt1_beta0_0_gid-113_20260714_173904,0.0,0.5,1.754127,-0.031633,694.643994832,0.632219721511,True,mc/mc_infill_lt1_beta0_0,False,,,,1.61494156947
mc/mc_low_rmu_s_beta0_0,mc_low_rmu_s_beta0_0_gid-263_20260711_034656,0.0,0.5,1.75541,-0.001696,192.099538719,2.0728516073,True,mc/mc_low_rmu_s_beta0_0,False,,,,4.14539887377
mc/mc_infill_3_4,mc_infill_3_4_gid-164_20260714_175536,0.0,0.5,1.755843,0.002509,162.335118519,2.21271387482,True,mc/mc_infill_3_4,False,,,,4.47184461245
mc/mc_infill_1_2,mc_infill_1_2_gid-404_20260714_174109,0.0,0.5,1.75658,-0.019934,434.77896081,1.27368838458,True,mc/mc_infill_1_2,False,,,,2.67447254201
mc/mc_infill_2_3,mc_infill_2_3_gid-440_20260715_041756,0.0,0.5,1.75662,-0.007186,242.50477595,1.86636394284,True,mc/mc_infill_2_3,True,0.197259,242.504776,1.866364,3.71724933516
mc/mc_beta0_s,mc_beta0_s_gid-74_20260710_074857,0.0,0.5,1.761422,0.004692,149.26857015,2.27871114123,True,mc/mc_beta0_s,False,,,,4.65162183365
mc/mc_infill_2_3,mc_infill_2_3_gid-536_20260715_041750,0.0,0.5,1.763478,-0.017426,384.629788386,1.40827578247,True,mc/mc_infill_2_3,True,0.113088,384.629788,1.408276,2.89781689018
mc/mc_beta0_s,mc_beta0_s_gid-536_20260710_081354,0.0,0.5,1.763642,0.004227,151.868715828,2.26468249719,True,mc/mc_beta0_s,False,,,,4.62074425157
mc/mc_low_rmu_s_beta0_0,mc_low_rmu_s_beta0_0_gid-107_20260711_034030,0.0,0.5,1.76498,0.004399,150.870120467,2.26965787582,True,mc/mc_low_rmu_s_beta0_0,False,,,,4.63681053424
mc/mc_beta0_s,mc_beta0_s_gid-266_20260710_075729,0.0,0.5,1.765506,0.009193,126.8604583,2.40255868387,True,mc/mc_beta0_s,False,,,,5.00392026824
mc/mc_infill_lt1_beta0_0,mc_infill_lt1_beta0_0_gid-266_20260714_174609,0.0,0.5,1.76626,-0.028694,652.686054385,0.803324783642,True,mc/mc_infill_lt1_beta0_0,False,,,,1.87628365662
mc/mc_infill_2_3,mc_infill_2_3_gid-44_20260715_040903,0.0,0.5,1.77188,-0.007839,247.938539225,1.84311669833,True,mc/mc_infill_2_3,True,0.236895,247.938539,1.843117,3.70081812631
mc/mc_infill_1_2,mc_infill_1_2_gid-182_20260714_174609,0.0,0.5,1.77202,-0.029952,636.940563661,0.729896899614,True,mc/mc_infill_1_2,False,,,,1.85838124638
mc/mc_beta0_s,mc_beta0_s_gid-1196_20260710_045434,0.0,0.5,1.772627,0.010619,120.855219961,2.4371278107,True,mc/mc_beta0_s,False,,,,5.12710986489
mc/mc_low_rmu_s_beta0_0,mc_low_rmu_s_beta0_0_gid-284_20260711_034701,0.0,0.5,1.773064,-0.003628,207.054770321,2.00481245363,True,mc/mc_low_rmu_s_beta0_0,False,,,,4.03515521437
mc/mc_infill_3_4,mc_infill_3_4_gid-20_20260714_164932,0.0,0.5,1.778222,0.003844,153.846069293,2.25179694513,True,mc/mc_infill_3_4,False,,,,4.62275938851
mc/mc_infill_lt1_beta0_0,mc_infill_lt1_beta0_0_gid-71_20260714_174635,0.0,0.5,1.778335,-0.028323,631.129978834,0.808454002368,True,mc/mc_infill_lt1_beta0_0,False,,,,2.03165078883
mc/mc_beta0_s,mc_beta0_s_gid-1280_20260710_050440,0.0,0.5,1.779058,0.020576,88.8106956598,2.64787255579,True,mc/mc_beta0_s,False,,,,5.89443010905
mc/mc_low_rmu_s_beta0_0,mc_low_rmu_s_beta0_0_gid-314_20260711_034530,0.0,0.5,1.77966,-0.015576,349.570129914,1.50611647542,True,mc/mc_low_rmu_s_beta0_0,False,,,,3.08971758209
mc/mc_infill_1_2,mc_infill_1_2_gid-620_20260714_175406,0.0,0.5,1.780005,-0.02928,631.276668198,0.761219565081,True,mc/mc_infill_1_2,False,,,,2.032561041
mc/mc_beta0_s,mc_beta0_s_gid-878_20260710_080757,0.0,0.5,1.781114,0.007904,132.750052997,2.36582637427,True,mc/mc_beta0_s,False,,,,4.93844973754
mc/mc_infill_1_2,mc_infill_1_2_gid-398_20260714_174109,0.0,0.5,1.783525,-0.01881,404.799647969,1.34958248641,True,mc/mc_infill_1_2,False,,,,2.83412758287
mc/mc_beta0_s,mc_beta0_s_gid-1451_20260710_050247,0.0,0.5,1.787932,0.002833,159.628178584,2.22048889235,True,mc/mc_beta0_s,False,,,,4.56630311396
mc/mc_beta0_s,mc_beta0_s_gid-329_20260710_081324,0.0,0.5,1.78967,0.000953,171.48885725,2.16168957542,True,mc/mc_beta0_s,False,,,,4.42596711549
mc/mc_infill_2_3,mc_infill_2_3_gid-242_20260715_041531,0.0,0.5,1.789997,-0.017625,381.465558933,1.41249624548,True,mc/mc_infill_2_3,True,0.123984,381.465559,1.412496,2.94954296728
mc/mc_low_rmu_s_beta0_0,mc_low_rmu_s_beta0_0_gid-311_20260711_034530,0.0,0.5,1.790697,-0.008425,252.274377755,1.82348027847,True,mc/mc_low_rmu_s_beta0_0,False,,,,3.69853558089
mc/mc_infill_2_3,mc_infill_2_3_gid-224_20260715_041530,0.0,0.5,1.791121,-0.012937,308.092645914,1.63202611022,True,mc/mc_infill_2_3,True,0.230431,308.092646,1.632026,3.32736601689
mc/mc_infill_lt1_beta0_0,mc_infill_lt1_beta0_0_gid-365_20260714_175239,0.0,0.5,1.791135,-0.03,651.424404022,0.726111493355,True,mc/mc_infill_lt1_beta0_0,False,,,,1.99708594686
mc/mc_beta0_s,mc_beta0_s_gid-911_20260710_080354,0.0,0.5,1.792514,0.016272,101.132744397,2.55977425048,True,mc/mc_beta0_s,False,,,,5.59544541023
mc/mc_beta0_s,mc_beta0_s_gid-1349_20260710_045904,0.0,0.5,1.794189,0.007342,135.387581594,2.34860028455,True,mc/mc_beta0_s,False,,,,4.92311244002
mc/mc_infill_1_2,mc_infill_1_2_gid-668_20260714_175406,0.0,0.5,1.797473,-0.023835,506.206987707,1.09448757573,True,mc/mc_infill_1_2,False,,,,2.4437807837
mc/mc_low_rmu_s_beta0_0,mc_low_rmu_s_beta0_0_gid-26_20260711_034021,0.0,0.5,1.798692,-0.022119,466.693598149,1.18658574162,True,mc/mc_low_rmu_s_beta0_0,True,0.158439,467.102326,1.190215,2.59674178431
mc/mc_beta0_s,mc_beta0_s_gid-1109_20260710_050004,0.0,0.5,1.800808,0.004312,150.86644276,2.26325439144,True,mc/mc_beta0_s,False,,,,4.70674840225
mc/mc_infill_1_2,mc_infill_1_2_gid-68_20260714_175139,0.0,0.5,1.800967,-0.028587,627.893573276,0.834578904371,True,mc/mc_infill_1_2,False,,,,2.04552917847
mc/mc_low_rmu_s_beta0_0,mc_low_rmu_s_beta0_0_gid-269_20260711_034656,0.0,0.5,1.8011,-0.016586,361.184448143,1.46829976233,True,mc/mc_low_rmu_s_beta0_0,False,,,,3.06026183775
mc/mc_beta0_s,mc_beta0_s_gid-515_20260710_075500,0.0,0.5,1.803225,0.0019,164.991626932,2.19082386673,True,mc/mc_beta0_s,False,,,,4.5279758699
mc/mc_infill_3_4,mc_infill_3_4_gid-140_20260714_171604,0.0,0.5,1.804068,0.001038,170.484832102,2.16388072334,True,mc/mc_infill_3_4,False,,,,4.46384189916
mc/mc_beta0_s,mc_beta0_s_gid-743_20260710_080731,0.0,0.5,1.804962,0.002489,161.327916553,2.20873623079,True,mc/mc_beta0_s,False,,,,4.57671616957
mc/mc_infill_2_3,mc_infill_2_3_gid-272_20260715_041553,0.0,0.5,1.805466,-0.006585,231.744378113,1.89845397485,True,mc/mc_infill_2_3,True,0.203657,231.744378,1.898454,3.87902531282
mc/mc_beta0_s,mc_beta0_s_gid-839_20260710_080433,0.0,0.5,1.808624,0.020764,89.150852908,2.64086346702,True,mc/mc_beta0_s,False,,,,5.96602325198
mc/mc_infill_1_2,mc_infill_1_2_gid-656_20260714_175040,0.0,0.5,1.809382,-0.024983,529.311135371,1.0379407282,True,mc/mc_infill_1_2,False,,,,2.37875110682
mc/mc_infill_2_3,mc_infill_2_3_gid-248_20260715_041533,0.0,0.5,1.811968,-0.014468,325.978956611,1.57164322825,True,mc/mc_infill_2_3,True,0.264838,325.978957,1.571643,3.25811282374
mc/mc_low_rmu_s_beta0_0,mc_low_rmu_s_beta0_0_gid-104_20260711_034024,0.0,0.5,1.812962,-0.00294,198.899835899,2.03214166757,True,mc/mc_low_rmu_s_beta0_0,False,,,,4.17786317007
mc/mc_beta0_s,mc_beta0_s_gid-1121_20260710_050004,0.0,0.5,1.815089,0.004038,152.173388815,2.25381764713,True,mc/mc_beta0_s,False,,,,4.71627153737
mc/mc_beta0_s,mc_beta0_s_gid-371_20260710_075608,0.0,0.5,1.817933,0.008679,129.317842233,2.37919063598,True,mc/mc_beta0_s,False,,,,5.0736919196
mc/mc_low_rmu_s_beta0_0,mc_low_rmu_s_beta0_0_gid-149_20260711_034042,0.0,0.5,1.818241,0.001618,166.357141684,2.18133047781,True,mc/mc_low_rmu_s_beta0_0,False,,,,4.53886157962
mc/mc_beta0_s,mc_beta0_s_gid-1445_20260710_050335,0.0,0.5,1.819979,0.007862,132.954207663,2.35787520124,True,mc/mc_beta0_s,False,,,,5.01621204376
mc/mc_infill_1_2,mc_infill_1_2_gid-62_20260714_173537,0.0,0.5,1.821631,-0.020122,419.353623411,1.30623016916,True,mc/mc_infill_1_2,False,,,,2.82245294013
mc/mc_low_rmu_s_beta0_0,mc_low_rmu_s_beta0_0_gid-296_20260711_034829,0.0,0.5,1.823403,-0.002385,193.969322933,2.05174941967,True,mc/mc_low_rmu_s_beta0_0,False,,,,4.24372047828
mc/mc_beta0_s,mc_beta0_s_gid-1064_20260710_050137,0.0,0.5,1.824797,0.003273,156.309269059,2.23062249026,True,mc/mc_beta0_s,False,,,,4.67880090308
mc/mc_infill_2_3,mc_infill_2_3_gid-506_20260715_041751,0.0,0.5,1.827339,-0.008256,246.519603103,1.83781347808,True,mc/mc_infill_2_3,True,0.261754,246.48807,1.837846,3.79944450195
mc/mc_low_rmu_s_beta0_0,mc_low_rmu_s_beta0_0_gid-29_20260711_034021,0.0,0.5,1.829775,0.009813,124.581832854,2.40501073056,True,mc/mc_low_rmu_s_beta0_0,False,,,,5.18354752461
mc/mc_beta0_s,mc_beta0_s_gid-383_20260710_075608,0.0,0.5,1.833478,0.017515,98.3700848619,2.57200756711,True,mc/mc_beta0_s,False,,,,5.7699080634
mc/mc_infill_1_2,mc_infill_1_2_gid-524_20260714_173804,0.0,0.5,1.834152,-0.021502,443.82014228,1.24224379528,True,mc/mc_infill_1_2,False,,,,2.75440340241
mc/mc_infill_3_4,mc_infill_3_4_gid-32_20260714_175714,0.0,0.5,1.836658,-0.004053,206.508402775,1.9949798924,True,mc/mc_infill_3_4,False,,,,4.14484262295
mc/mc_low_rmu_s_beta0_0,mc_low_rmu_s_beta0_0_gid-20_20260711_034020,0.0,0.5,1.837295,-0.019924,410.858596521,1.32357965635,True,mc/mc_low_rmu_s_beta0_0,False,,,,2.87960841266
mc/mc_infill_2_3,mc_infill_2_3_gid-398_20260715_041534,0.0,0.5,1.839541,-0.010998,275.640162294,1.7307822166,True,mc/mc_infill_2_3,True,0.223852,275.640162,1.730782,3.6074893355
mc/mc_infill_1_2,mc_infill_1_2_gid-194_20260714_174609,0.0,0.5,1.843123,-0.028801,599.097949357,0.863215318605,True,mc/mc_infill_1_2,False,,,,2.15075638235
mc/mc_infill_2_3,mc_infill_2_3_gid-200_20260715_040903,0.0,0.5,1.844459,-0.015066,328.472076362,1.55787767099,True,mc/mc_infill_2_3,True,0.207268,328.472076,1.557878,3.28830721461
mc/mc_low_rmu_s_beta0_0,mc_low_rmu_s_beta0_0_gid-74_20260711_034024,0.0,0.5,1.845508,0.009405,126.337546143,2.39184564634,True,mc/mc_low_rmu_s_beta0_0,False,,,,5.18500848993
mc/mc_beta0_s,mc_beta0_s_gid-1097_20260710_045238,0.0,0.5,1.846298,0.002302,161.480313933,2.20029393904,True,mc/mc_beta0_s,False,,,,4.65092730226
mc/mc_infill_lt1_ws,mc_infill_lt1_ws_gid-221_20260715_232404,0.0,0.5,1.847404,-0.034779,673.328128753,0.59732724357,True,mc/mc_infill_lt1_ws,True,0.104821,768.954291,0.494934,1.71069831041
mc/mc_infill_1_2,mc_infill_1_2_gid-488_20260714_173103,0.0,0.5,1.851656,-0.029138,603.833812978,0.846298298359,True,mc/mc_infill_1_2,False,,,,2.13313050079
mc/mc_infill_2_3,mc_infill_2_3_gid-110_20260715_040916,0.0,0.5,1.851959,-0.006412,226.016330085,1.91198826351,True,mc/mc_infill_2_3,True,0.191953,226.010887,1.912006,3.99731681971
mc/mc_low_rmu_s_beta0_0,mc_low_rmu_s_beta0_0_gid-449_20260711_035052,0.0,0.5,1.852682,0.003572,154.123562123,2.23673428182,True,mc/mc_low_rmu_s_beta0_0,False,,,,4.76054709714
mc/mc_low_rmu_s_beta0_0,mc_low_rmu_s_beta0_0_gid-194_20260711_034029,0.0,0.5,1.85493,-0.017796,368.42000795,1.43743174256,True,mc/mc_low_rmu_s_beta0_0,False,,,,3.09529667303
mc/mc_infill_3_4,mc_infill_3_4_gid-8_20260714_173234,0.0,0.5,1.85523,0.008139,131.725983034,2.35867413441,True,mc/mc_infill_3_4,False,,,,5.10979657472
mc/mc_infill_1_2,mc_infill_1_2_gid-146_20260714_171702,0.0,0.5,1.858265,-0.029442,601.876816358,0.824428043459,True,mc/mc_infill_1_2,False,,,,2.126084596
mc/mc_infill_1_2,mc_infill_1_2_gid-278_20260714_174956,0.0,0.5,1.861347,-0.026213,537.898109869,1.00742326523,True,mc/mc_infill_1_2,False,,,,2.41113208252
mc/mc_low_rmu_s_beta0_0,mc_low_rmu_s_beta0_0_gid-347_20260711_034528,0.0,0.5,1.861883,-0.007949,239.79882979,1.85632739164,True,mc/mc_low_rmu_s_beta0_0,False,,,,3.90119623635
mc/mc_infill_lt1_beta0_0,mc_infill_lt1_beta0_0_gid-5_20260714_175206,0.0,0.5,1.862947,-0.029241,614.34202621,0.856975974785,True,mc/mc_infill_lt1_beta0_0,False,,,,2.18259064622
mc/mc_beta0_s,mc_beta0_s_gid-212_20260710_075121,0.0,0.5,1.863016,0.003136,156.336584925,2.22328548379,True,mc/mc_beta0_s,False,,,,4.74942920264
mc/mc_infill_2_3,mc_infill_2_3_gid-590_20260715_041753,0.0,0.5,1.866631,-0.00707,230.853810027,1.88996565316,True,mc/mc_infill_2_3,True,0.262828,230.85381,1.889966,3.97949440024
mc/mc_beta0_s,mc_beta0_s_gid-569_20260710_075518,0.0,0.5,1.869635,0.00447,149.067120946,2.26012880726,True,mc/mc_beta0_s,False,,,,4.86384467061
mc/mc_low_rmu_s_beta0_0,mc_low_rmu_s_beta0_0_gid-251_20260711_034530,0.0,0.5,1.87018,-0.015025,322.909284882,1.57009341293,True,mc/mc_low_rmu_s_beta0_0,False,,,,3.35309853933
mc/mc_infill_1_2,mc_infill_1_2_gid-236_20260714_173404,0.0,0.5,1.870841,-0.027264,561.111181746,0.956424660323,True,mc/mc_infill_1_2,False,,,,2.34533918092
mc/mc_beta0_s,mc_beta0_s_gid-434_20260710_075456,0.0,0.5,1.872589,0.017011,100.636632318,2.5501744573,True,mc/mc_beta0_s,False,,,,5.80851666637
mc/mc_infill_2_3,mc_infill_2_3_gid-518_20260715_041751,0.0,0.5,1.876651,-0.006516,224.838413509,1.91175561016,True,mc/mc_infill_2_3,True,0.372658,224.838414,1.911756,4.04470980849
mc/mc_beta0_s,mc_beta0_s_gid-797_20260710_080924,0.0,0.5,1.877436,0.010287,122.985729523,2.4062601184,True,mc/mc_beta0_s,False,,,,5.31591722169
mc/mc_low_rmu_s_beta0_0,mc_low_rmu_s_beta0_0_gid-80_20260711_034023,0.0,0.5,1.879414,-0.013915,306.108689942,1.62122705867,True,mc/mc_low_rmu_s_beta0_0,False,,,,3.46714591604
mc/mc_beta0_s,mc_beta0_s_gid-488_20260710_075625,0.0,0.5,1.882174,0.018357,97.1526286688,2.57254300138,True,mc/mc_beta0_s,False,,,,5.92755298697
mc/mc_infill_1_2,mc_infill_1_2_gid-530_20260714_173804,0.0,0.5,1.882196,-0.020876,414.841593251,1.30412130141,True,mc/mc_infill_1_2,False,,,,2.91510944145
mc/mc_low_rmu_s_beta0_0,mc_low_rmu_s_beta0_0_gid-383_20260711_034705,0.0,0.5,1.882847,-0.021227,420.224097721,1.28862934538,True,mc/mc_low_rmu_s_beta0_0,False,,,,2.8858004814
mc/mc_infill_3_4,mc_infill_3_4_gid-98_20260714_172002,0.0,0.5,1.88476,0.005308,144.660319901,2.28098591503,True,mc/mc_infill_3_4,False,,,,4.95825081253
mc/mc_infill_2_3_b,mc_infill_2_3_b_gid-200_20260715_002803,0.0,0.5,1.88732,-0.011251,272.021752212,1.73377187215,True,mc/mc_infill_2_3_b,True,0.218226,272.019529,1.733904,3.70243248225
mc/mc_low_rmu_s_beta0_0,mc_low_rmu_s_beta0_0_gid-143_20260711_034025,0.0,0.5,1.888711,-0.010336,261.630074155,1.77024740126,True,mc/mc_low_rmu_s_beta0_0,False,,,,3.77796970579
mc/mc_beta0_s,mc_beta0_s_gid-752_20260710_080731,0.0,0.5,1.889044,0.012986,113.354635732,2.46384300149,True,mc/mc_beta0_s,False,,,,5.5405674366
mc/mc_infill_lt1_beta0_0,mc_infill_lt1_beta0_0_gid-206_20260714_175006,0.0,0.5,1.890393,-0.030806,623.691482107,0.791846904504,True,mc/mc_infill_lt1_beta0_0,False,,,,2.10060942969
mc/mc_infill_1_2,mc_infill_1_2_gid-158_20260714_220148,0.0,0.5,1.890729,-0.024719,489.498141575,1.11445851646,True,mc/mc_infill_1_2,False,,,,2.61986465854
mc/mc_beta0_s,mc_beta0_s_gid-509_20260710_080024,0.0,0.5,1.890997,0.002941,156.836455183,2.21543990917,True,mc/mc_beta0_s,False,,,,4.79361203106
mc/mc_infill_3_4,mc_infill_3_4_gid-74_20260714_162509,0.0,0.5,1.89168,0.007921,132.643313184,2.34684686393,True,mc/mc_infill_3_4,False,,,,5.16800515775
mc/mc_infill_2_3,mc_infill_2_3_gid-464_20260715_041752,0.0,0.5,1.891736,-0.013786,302.326239846,1.63077318823,True,mc/mc_infill_2_3,True,0.228268,302.32624,1.630773,3.50809298049
mc/mc_beta0_s,mc_beta0_s_gid-728_20260710_080222,0.0,0.5,1.892276,0.009052,127.930820332,2.37416000633,True,mc/mc_beta0_s,False,,,,5.25366109839
mc/mc_beta0_s,mc_beta0_s_gid-146_20260710_074853,0.0,0.5,1.898641,0.003672,152.763132053,2.23519541337,True,mc/mc_beta0_s,False,,,,4.86445064455
mc/mc_low_rmu_s_beta0_0,mc_low_rmu_s_beta0_0_gid-191_20260711_034029,0.0,0.5,1.898953,-0.009914,255.82216764,1.78915538599,True,mc/mc_low_rmu_s_beta0_0,False,,,,3.8336073238
mc/mc_infill_2_3,mc_infill_2_3_gid-410_20260715_041700,0.0,0.5,1.900193,-0.012737,287.699912527,1.67748071507,True,mc/mc_infill_2_3,True,0.262981,287.699913,1.677481,3.61392498119
mc/mc_infill_1_2,mc_infill_1_2_gid-548_20260714_175509,0.0,0.5,1.900652,-0.029482,583.973691092,0.870273076076,True,mc/mc_infill_1_2,False,,,,2.22333318415
mc/mc_low_rmu_s_beta0_0,mc_low_rmu_s_beta0_0_gid-386_20260711_034705,0.0,0.5,1.900725,-0.023282,457.262374385,1.19474017756,True,mc/mc_low_rmu_s_beta0_0,True,0.060194,456.274824,1.195791,2.76304698144
mc/mc_infill_lt1_beta0_0,mc_infill_lt1_beta0_0_gid-332_20260714_174707,0.0,0.5,1.903683,-0.028786,578.569488944,0.909588201167,True,mc/mc_infill_lt1_beta0_0,False,,,,2.30027646757
mc/mc_low_rmu_s_beta0_0,mc_low_rmu_s_beta0_0_gid-215_20260711_034528,0.0,0.5,1.908637,-0.000422,176.266650891,2.11620083044,True,mc/mc_low_rmu_s_beta0_0,False,,,,4.57794331792
mc/mc_infill_1_2,mc_infill_1_2_gid-254_20260714_174956,0.0,0.5,1.910524,-0.023476,456.847134063,1.19264302469,True,mc/mc_infill_1_2,False,,,,2.77168585531
mc/mc_infill_3_4,mc_infill_3_4_gid-266_20260714_174235,0.0,0.5,1.91321,-0.001272,181.628772639,2.09014471972,True,mc/mc_infill_3_4,False,,,,4.52368462054
mc/mc_infill_2_3_a,mc_infill_2_3_a_gid-122_20260714_213242,0.0,0.5,1.914081,-0.011421,270.327496829,1.73425087864,True,mc/mc_infill_2_3_a,True,0.193901,270.285668,1.734354,3.75206460413
mc/mc_beta0_s,mc_beta0_s_gid-167_20260710_075033,0.0,0.5,1.915372,0.003772,151.940061599,2.23634365797,True,mc/mc_beta0_s,False,,,,4.90672228384
mc/mc_low_rmu_s_beta0_0,mc_low_rmu_s_beta0_0_gid-209_20260711_034528,0.0,0.5,1.916271,-0.00721,227.615540066,1.89273537653,True,mc/mc_low_rmu_s_beta0_0,False,,,,4.07974790523
mc/mc_infill_lt1_beta0_0,mc_infill_lt1_beta0_0_gid-56_20260714_180822,0.0,0.5,1.916308,-0.034486,675.958065631,0.625221473385,True,mc/mc_infill_lt1_beta0_0,False,,,,1.90463148863
mc/mc_infill_1_2,mc_infill_1_2_gid-512_20260714_174110,0.0,0.5,1.917879,-0.022535,434.963225174,1.24549881318,True,mc/mc_infill_1_2,False,,,,2.86569599886
mc/mc_beta0_s,mc_beta0_s_gid-638_20260710_075952,0.0,0.5,1.920787,0.008254,131.200837022,2.34989291883,True,mc/mc_beta0_s,False,,,,5.25186144259
mc/mc_infill_2_3_b,mc_infill_2_3_b_gid-20_20260715_002544,0.0,0.5,1.921497,-0.013996,299.884370841,1.63272383285,True,mc/mc_infill_2_3_b,True,0.145172,299.889122,1.632758,3.56383978424
mc/mc_low_rmu_s_beta0_0,mc_low_rmu_s_beta0_0_gid-65_20260711_034023,0.0,0.5,1.921554,-0.001957,185.863856867,2.06898276133,True,mc/mc_low_rmu_s_beta0_0,False,,,,4.48989820292
mc/mc_beta0_s,mc_beta0_s_gid-1265_20260710_045648,0.0,0.5,1.926547,0.012069,116.869290366,2.43518816854,True,mc/mc_beta0_s,False,,,,5.54659922121
mc/mc_infill_1_2,mc_infill_1_2_gid-14_20260714_173604,0.0,0.5,1.927883,-0.026094,506.802704047,1.0712910623,True,mc/mc_infill_1_2,False,,,,2.59984819358
mc/mc_infill_lt1_beta0_0,mc_infill_lt1_beta0_0_gid-182_20260714_174109,0.0,0.5,1.928004,-0.032439,655.229762632,0.737770304895,True,mc/mc_infill_lt1_beta0_0,False,,,,2.1265498911
mc/mc_infill_1_2,mc_infill_1_2_gid-104_20260714_175638,0.0,0.5,1.931785,-0.018434,360.446623798,1.44560810714,True,mc/mc_infill_1_2,False,,,,3.23070305197
mc/mc_low_rmu_s_beta0_0,mc_low_rmu_s_beta0_0_gid-377_20260711_034537,0.0,0.5,1.931841,-0.013277,289.369820142,1.66572392775,True,mc/mc_low_rmu_s_beta0_0,False,,,,3.64673966787
mc/mc_infill_lt1_beta0_0,mc_infill_lt1_beta0_0_gid-35_20260714_174735,0.0,0.5,1.933091,-0.032542,661.93624092,0.706441279343,True,mc/mc_infill_lt1_beta0_0,False,,,,2.0578704482
mc/mc_infill_2_3,mc_infill_2_3_gid-338_20260715_041537,0.0,0.5,1.934861,-0.013674,293.687692571,1.6504549706,True,mc/mc_infill_2_3,True,0.204742,293.699708,1.650545,3.62216102008
mc/mc_low_rmu_s_beta0_0,mc_low_rmu_s_beta0_0_gid-134_20260711_034025,0.0,0.5,1.935942,0.002146,160.136271735,2.18997982841,True,mc/mc_low_rmu_s_beta0_0,False,,,,4.82804401927
mc/mc_infill_2_3,mc_infill_2_3_gid-266_20260715_041553,0.0,0.5,1.940697,-0.009325,245.034256389,1.82056026857,True,mc/mc_infill_2_3,True,0.305885,245.034256,1.82056,3.97260009108
mc/mc_beta0_s,mc_beta0_s_gid-791_20260710_080924,0.0,0.5,1.941395,0.000654,168.457296747,2.14741368799,True,mc/mc_beta0_s,False,,,,4.72799457518
mc/mc_low_rmu_s_beta0_0,mc_low_rmu_s_beta0_0_gid-287_20260711_034701,0.0,0.5,1.941842,-0.010752,259.390758468,1.76745500092,True,mc/mc_low_rmu_s_beta0_0,False,,,,3.86602252739
mc/mc_infill_lt1_beta0_0,mc_infill_lt1_beta0_0_gid-83_20260714_175406,0.0,0.5,1.942558,-0.035463,683.780924626,0.633825191123,True,mc/mc_infill_lt1_beta0_0,False,,,,1.94277593263
mc/mc_infill_3_4,mc_infill_3_4_gid-260_20260714_174235,0.0,0.5,1.944498,-0.002996,191.876964225,2.03720751802,True,mc/mc_infill_3_4,False,,,,4.46086056938
mc/mc_infill_lt1_beta0_0,mc_infill_lt1_beta0_0_gid-2_20260714_223744,0.0,0.5,1.946738,-0.03427,695.763829582,0.67101493405,True,mc/mc_infill_lt1_beta0_0,False,,,,2.03601783213
mc/mc_infill_1_2,mc_infill_1_2_gid-614_20260714_175406,0.0,0.5,1.94755,-0.022658,428.466887816,1.25730698961,True,mc/mc_infill_1_2,False,,,,2.93148621539
mc/mc_low_rmu_s_beta0_0,mc_low_rmu_s_beta0_0_gid-407_20260711_034534,0.0,0.5,1.949856,-0.02157,406.881208048,1.3114329003,True,mc/mc_low_rmu_s_beta0_0,False,,,,3.02811741339
mc/mc_infill_1_2,mc_infill_1_2_gid-212_20260714_174609,0.0,0.5,1.951602,-0.024322,460.423886802,1.17882217996,True,mc/mc_infill_1_2,False,,,,2.80393589986
mc/mc_beta0_s,mc_beta0_s_gid-362_20260710_075125,0.0,0.5,1.95493,0.013303,113.067348309,2.45425900296,True,mc/mc_beta0_s,False,,,,5.69364300269
mc/mc_infill_2_3,mc_infill_2_3_gid-548_20260715_041800,0.0,0.5,1.957685,-0.016145,321.525861647,1.55701746017,True,mc/mc_infill_2_3,True,0.192617,321.525862,1.557017,3.47861784508
mc/mc_low_rmu_s_beta0_0,mc_low_rmu_s_beta0_0_gid-56_20260711_034023,0.0,0.5,1.958059,-0.008836,238.509178947,1.84184142696,True,mc/mc_low_rmu_s_beta0_0,False,,,,4.04853897862
mc/mc_infill_3_4,mc_infill_3_4_gid-152_20260714_173033,0.0,0.5,1.959522,0.000573,168.309655865,2.14456601788,True,mc/mc_infill_3_4,False,,,,4.75993436142
mc/mc_infill_1_2,mc_infill_1_2_gid-344_20260714_172102,0.0,0.5,1.960822,-0.028031,536.931419283,0.994810382694,True,mc/mc_infill_1_2,False,,,,2.52741402361
mc/mc_infill_lt1_beta0_0,mc_infill_lt1_beta0_0_gid-119_20260714_173904,0.0,0.5,1.961747,-0.038636,824.358124661,0.426808773061,True,mc/mc_infill_lt1_beta0_0,False,,,,1.66844353766
mc/mc_low_rmu_s_beta0_0,mc_low_rmu_s_beta0_0_gid-260_20260711_034656,0.0,0.5,1.965778,0.013008,114.114194196,2.44567742263,True,mc/mc_low_rmu_s_beta0_0,False,,,,5.69302337581
mc/mc_low_rmu_s_beta0_0,mc_low_rmu_s_beta0_0_gid-119_20260711_034023,0.0,0.5,1.968638,0.000482,168.518317351,2.14174329501,True,mc/mc_low_rmu_s_beta0_0,False,,,,4.77219273981
mc/mc_infill_2_3,mc_infill_2_3_gid-566_20260715_041959,0.0,0.5,1.969135,-0.008746,236.503473882,1.84717852636,True,mc/mc_infill_2_3,True,0.214535,236.503474,1.847179,4.07986891984
mc/mc_infill_1_2,mc_infill_1_2_gid-572_20260714_174636,0.0,0.5,1.969621,-0.019409,366.469031279,1.42049729967,True,mc/mc_infill_1_2,False,,,,3.24264284069
mc/mc_infill_lt1_beta0_0,mc_infill_lt1_beta0_0_gid-236_20260714_165359,0.0,0.5,1.972472,-0.036028,682.444779551,0.58313972629,True,mc/mc_infill_lt1_beta0_0,False,,,,1.91894182591
mc/mc_infill_2_3,mc_infill_2_3_gid-392_20260715_041534,0.0,0.5,1.974585,-0.007882,228.179772916,1.87856218065,True,mc/mc_infill_2_3,True,0.209203,228.179773,1.878562,4.15741054236
mc/mc_low_rmu_s_beta0_0,mc_low_rmu_s_beta0_0_gid-248_20260711_034803,0.0,0.5,1.975081,-0.005543,208.777433714,1.95763304692,True,mc/mc_low_rmu_s_beta0_0,False,,,,4.33509493232
mc/mc_infill_1_2,mc_infill_1_2_gid-272_20260714_175005,0.0,0.5,1.97534,-0.023571,436.788091852,1.2304638621,True,mc/mc_infill_1_2,False,,,,2.9250938018
mc/mc_wrongbasin_ws,mc_wrongbasin_ws_gid-31_20260713_015044,0.0,0.5,1.980808,-0.02191,405.197444778,1.3116485067,True,mc/mc_wrongbasin_ws,True,0.215544,405.089215,1.314307,3.07460540611
mc/mc_infill_2_3_a,mc_infill_2_3_a_gid-116_20260714_213242,0.0,0.5,1.981104,-0.008207,230.426681737,1.86836620185,True,mc/mc_infill_2_3_a,True,0.249125,230.418775,1.86836,4.14712709646
mc/mc_infill_1_2,mc_infill_1_2_gid-326_20260714_175106,0.0,0.5,1.985139,-0.0244,449.620716216,1.19612671737,True,mc/mc_infill_1_2,False,,,,2.88373766078
mc/mc_beta0_s,mc_beta0_s_gid-1328_20260710_045913,0.0,0.5,1.986812,0.000495,167.79830727,2.14167500865,True,mc/mc_beta0_s,False,,,,4.81100533288
mc/mc_low_rmu_s_beta0_0,mc_low_rmu_s_beta0_0_gid-254_20260711_034529,0.0,0.5,1.987466,-0.010303,249.277715233,1.7950742732,True,mc/mc_low_rmu_s_beta0_0,False,,,,4.00224061198
mc/mc_infill_3_4,mc_infill_3_4_gid-224_20260714_174737,0.0,0.5,1.991049,-0.003647,193.719821263,2.01954180859,True,mc/mc_infill_3_4,False,,,,4.5115287536
mc/mc_low_rmu_s_beta0_0,mc_low_rmu_s_beta0_0_gid-140_20260711_034025,0.0,0.5,1.993491,0.005788,141.178756093,2.27966244038,True,mc/mc_low_rmu_s_beta0_0,False,,,,5.21595854654
mc/mc_infill_lt1_beta0_0,mc_infill_lt1_beta0_0_gid-176_20260714_174205,0.0,0.5,1.997908,-0.028486,530.449090505,0.996450142272,True,mc/mc_infill_lt1_beta0_0,False,,,,2.56790732855
mc/mc_infill_2_3_b,mc_infill_2_3_b_gid-80_20260715_002410,0.0,0.5,1.999411,-0.015542,305.832367258,1.59810413015,True,mc/mc_infill_2_3_b,True,0.261656,305.7641,1.59836,3.62823884904
mc/mc_beta0_s,mc_beta0_s_gid-1386_20260710_050007,0.0,0.998,1.000258,0.038948,41.4333880028,3.13048324627,True,mc/mc_beta0_s,False,,,,5.82943460775
mc/mc_low_rmu_s_beta0_0,mc_low_rmu_s_beta0_0_gid-198_20260711_034023,0.0,0.998,1.000345,0.002646,226.651869639,2.03002420798,True,mc/mc_low_rmu_s_beta0_0,False,,,,2.66642011522
mc/mc_infill_2_3,mc_infill_2_3_gid-165_20260715_040903,0.0,0.998,1.002129,-0.016226,738.697448952,0.695824439517,True,mc/mc_infill_2_3,True,0.168804,719.598938,0.710438,1.07572864303
mc/mc_beta0_s,mc_beta0_s_gid-402_20260710_075430,0.0,0.998,1.003737,0.03078,122.551861677,2.40254007279,True,mc/mc_beta0_s,False,,,,5.14732607935
mc/mc_beta0_s,mc_beta0_s_gid-1155_20260710_045241,0.0,0.998,1.005713,0.024463,159.935502124,2.19044878018,True,mc/mc_beta0_s,False,,,,4.61816956211
mc/mc_beta0_s,mc_beta0_s_gid-477_20260710_075704,0.0,0.998,1.006894,0.010339,260.066929084,1.79451287664,True,mc/mc_beta0_s,False,,,,3.43412637715
mc/mc_beta0_s,mc_beta0_s_gid-876_20260710_081238,0.0,0.998,1.008942,0.012173,245.846521116,1.84029323799,True,mc/mc_beta0_s,False,,,,3.59874268847
mc/mc_low_rmu_s_beta0_0,mc_low_rmu_s_beta0_0_gid-414_20260711_035052,0.0,0.998,1.009108,-0.011571,607.841414351,0.931210376566,True,mc/mc_low_rmu_s_beta0_0,False,,,,1.57430214374
mc/mc_beta0_s,mc_beta0_s_gid-1059_20260710_045315,0.0,0.998,1.01062,0.032369,133.615682285,2.31216572703,True,mc/mc_beta0_s,False,,,,5.2976458
mc/mc_beta0_s,mc_beta0_s_gid-105_20260710_074742,0.0,0.998,1.012344,0.01915,196.032810578,2.02508434515,True,mc/mc_beta0_s,False,,,,4.18622333874
mc/mc_infill_3_4,mc_infill_3_4_gid-117_20260714_172903,0.0,0.998,1.014268,-0.002172,420.294199651,1.33729324852,True,mc/mc_infill_3_4,False,,,,2.40603462116
mc/mc_infill_2_3,mc_infill_2_3_gid-213_20260715_041309,0.0,0.998,1.015159,-0.007632,520.033628205,1.11027423508,True,mc/mc_infill_2_3,True,0.010176,519.748911,1.11033,1.94299202184
mc/mc_beta0_s,mc_beta0_s_gid-678_20260710_080026,0.0,0.998,1.015863,0.012519,243.853945069,1.84204692784,True,mc/mc_beta0_s,False,,,,3.64299062433
mc/mc_beta0_s,mc_beta0_s_gid-1116_20260710_050004,0.0,0.998,1.016513,0.012833,241.222744151,1.85103445755,True,mc/mc_beta0_s,False,,,,3.67030121729
mc/mc_wrongbasin_ws,mc_wrongbasin_ws_gid-14_20260713_014930,0.0,0.998,1.018999,-0.004837,465.839210153,1.2307336374,True,mc/mc_wrongbasin_ws,True,0.181936,465.59378,1.230852,2.19243965356
mc/mc_beta0_s,mc_beta0_s_gid-1131_20260710_050004,0.0,0.998,1.019421,0.022416,177.953454599,2.10066964994,True,mc/mc_beta0_s,False,,,,4.47625489409
mc/mc_beta0_s,mc_beta0_s_gid-579_20260710_075628,0.0,0.998,1.022413,0.01512,223.237499608,1.91523375122,True,mc/mc_beta0_s,False,,,,3.87278776425
mc/mc_infill_2_3,mc_infill_2_3_gid-405_20260715_041534,0.0,0.998,1.022636,-0.015438,695.641465849,0.754611769258,True,mc/mc_infill_2_3,True,0.150694,695.641466,0.754612,1.28246741952
mc/mc_low_rmu_s_beta0_0,mc_low_rmu_s_beta0_0_gid-294_20260711_034831,0.0,0.998,1.023894,0.005542,310.825297992,1.62110635134,True,mc/mc_low_rmu_s_beta0_0,False,,,,3.07250202785
mc/mc_beta0_s,mc_beta0_s_gid-609_20260710_080353,0.0,0.998,1.024275,0.03018,143.312823292,2.26357343028,True,mc/mc_beta0_s,False,,,,5.1406240891
mc/mc_beta0_s,mc_beta0_s_gid-774_20260710_081424,0.0,0.998,1.026647,0.021108,185.121277316,2.06935150379,True,mc/mc_beta0_s,False,,,,4.3825273776
mc/mc_beta0_s,mc_beta0_s_gid-1242_20260710_045905,0.0,0.998,1.028877,0.028009,151.966936754,2.22075707229,True,mc/mc_beta0_s,False,,,,4.96711382372
mc/mc_low_rmu_s_beta0_0,mc_low_rmu_s_beta0_0_gid-435_20260711_035052,0.0,0.998,1.029672,0.004656,320.048339629,1.59188293885,True,mc/mc_low_rmu_s_beta0_0,False,,,,3.01551455201
mc/mc_beta0_s,mc_beta0_s_gid-102_20260710_074742,0.0,0.998,1.032867,0.027212,155.303989747,2.20433929164,True,mc/mc_beta0_s,False,,,,4.9085144703
mc/mc_infill_2_3,mc_infill_2_3_gid-147_20260715_041120,0.0,0.998,1.033711,-0.005747,478.935096003,1.20157042996,True,mc/mc_infill_2_3,True,0.153805,478.493979,1.201295,2.15215303511
mc/mc_beta0_s,mc_beta0_s_gid-996_20260710_080255,0.0,0.998,1.035602,0.033609,131.334186836,2.32440528965,True,mc/mc_beta0_s,False,,,,5.45433287212
mc/mc_infill_3_4,mc_infill_3_4_gid-123_20260714_172903,0.0,0.998,1.036666,-0.004516,455.46065228,1.25275784546,True,mc/mc_infill_3_4,False,,,,2.26613152159
mc/mc_low_rmu_s_beta0_0,mc_low_rmu_s_beta0_0_gid-36_20260711_034022,0.0,0.998,1.037997,0.007496,286.99973481,1.68827530358,True,mc/mc_low_rmu_s_beta0_0,False,,,,3.2619630484
mc/mc_beta0_s,mc_beta0_s_gid-528_20260710_081403,0.0,0.998,1.038819,0.038231,117.534623917,2.39884697628,True,mc/mc_beta0_s,False,,,,5.85351659085
mc/mc_beta0_s,mc_beta0_s_gid-282_20260710_075222,0.0,0.998,1.041768,0.027085,155.710773794,2.20111368284,True,mc/mc_beta0_s,False,,,,4.91685687896
mc/mc_infill_1_2,mc_infill_1_2_gid-627_20260714_175007,0.0,0.998,1.041805,-0.018898,763.049782408,0.601714034625,True,mc/mc_infill_1_2,False,,,,1.09501912856
mc/mc_infill_2_3,mc_infill_2_3_gid-471_20260715_041803,0.0,0.998,1.043386,-0.010229,563.832593275,1.01321470371,True,mc/mc_infill_2_3,True,0.051488,563.832593,1.013215,1.79495994592
mc/mc_beta0_s,mc_beta0_s_gid-867_20260710_080325,0.0,0.998,1.044259,0.007691,284.084749323,1.69589887462,True,mc/mc_beta0_s,False,,,,3.2942161354
mc/mc_infill_1_2,mc_infill_1_2_gid-495_20260714_173103,0.0,0.998,1.044824,-0.018544,771.695907144,0.606605005197,True,mc/mc_infill_1_2,False,,,,1.13989591187
mc/mc_low_rmu_s_beta0_0,mc_low_rmu_s_beta0_0_gid-42_20260711_034022,0.0,0.998,1.046008,-0.009218,542.890880472,1.05878239979,True,mc/mc_low_rmu_s_beta0_0,False,,,,1.88726140966
mc/mc_beta0_s,mc_beta0_s_gid-1077_20260710_045250,0.0,0.998,1.046151,0.020149,189.953276429,2.04647778247,True,mc/mc_beta0_s,False,,,,4.34587867842
mc/mc_beta0_s,mc_beta0_s_gid-1275_20260710_045737,0.0,0.998,1.048653,0.015686,217.868653082,1.93247108543,True,mc/mc_beta0_s,False,,,,3.97901185657
mc/mc_low_rmu_s_beta0_0,mc_low_rmu_s_beta0_0_gid-237_20260711_034527,0.0,0.998,1.049058,-0.018582,767.360658028,0.620422761203,True,mc/mc_low_rmu_s_beta0_0,False,,,,1.1981578572
mc/mc_beta0_s,mc_beta0_s_gid-279_20260710_075252,0.0,0.998,1.051986,0.009659,264.499637155,1.75928720808,True,mc/mc_beta0_s,False,,,,3.48314174653
mc/mc_infill_3_4,mc_infill_3_4_gid-147_20260714_171604,0.0,0.998,1.054892,0.008782,272.135878639,1.73270552175,True,mc/mc_infill_3_4,False,,,,3.41435330351
mc/mc_beta0_s,mc_beta0_s_gid-735_20260710_080224,0.0,0.998,1.055383,0.03252,134.830386847,2.3029234429,True,mc/mc_beta0_s,False,,,,5.40282916087
mc/mc_beta0_s,mc_beta0_s_gid-1134_20260710_045614,0.0,0.998,1.057161,0.015857,216.15194727,1.93782527788,True,mc/mc_beta0_s,False,,,,4.01267548214
mc/mc_infill_2_3,mc_infill_2_3_gid-453_20260715_041752,0.0,0.998,1.058591,-0.014237,645.382339271,0.837851693425,True,mc/mc_infill_2_3,True,0.144197,645.382339,0.837852,1.51686355825
mc/mc_beta0_s,mc_beta0_s_gid-507_20260710_080024,0.0,0.998,1.059576,0.014397,226.186801758,1.89846403699,True,mc/mc_beta0_s,False,,,,3.89689088246
mc/mc_beta0_s,mc_beta0_s_gid-585_20260710_075627,0.0,0.998,1.060506,0.014093,228.311974882,1.89016598378,True,mc/mc_beta0_s,False,,,,3.87380274126
mc/mc_infill_1_2,mc_infill_1_2_gid-603_20260714_175436,0.0,0.998,1.0621,-0.019741,789.109519085,0.569973165411,True,mc/mc_infill_1_2,False,,,,1.05961247093
mc/mc_beta0_s,mc_beta0_s_gid-24_20260710_074741,0.0,0.998,1.063156,0.0348,127.432682753,2.34069308248,True,mc/mc_beta0_s,False,,,,5.6111479419
mc/mc_beta0_s,mc_beta0_s_gid-1224_20260710_050005,0.0,0.998,1.064077,0.009795,261.972122602,1.76577734623,True,mc/mc_beta0_s,False,,,,3.52369167078
mc/mc_low_rmu_s_beta0_0,mc_low_rmu_s_beta0_0_gid-51_20260711_034024,0.0,0.998,1.064168,0.001325,356.106065149,1.48541424609,True,mc/mc_low_rmu_s_beta0_0,False,,,,2.82521013942
mc/mc_beta0_s,mc_beta0_s_gid-897_20260710_080353,0.0,0.998,1.066674,0.016315,212.422322217,1.9507866207,True,mc/mc_beta0_s,False,,,,4.07243079774
mc/mc_beta0_s,mc_beta0_s_gid-861_20260710_080327,0.0,0.998,1.068137,0.003936,321.666484498,1.57815626438,True,mc/mc_beta0_s,False,,,,3.05159897484
mc/mc_infill_2_3,mc_infill_2_3_gid-3_20260715_040904,0.0,0.998,1.069498,-0.013067,617.707207752,0.898366316269,True,mc/mc_infill_2_3,True,0.139197,617.707208,0.898366,1.63287860799
mc/mc_beta0_s,mc_beta0_s_gid-1164_20260710_045241,0.0,0.998,1.070845,0.016495,210.942104797,1.95585266555,True,mc/mc_beta0_s,False,,,,4.09686228443
mc/mc_low_rmu_s_beta0_0,mc_low_rmu_s_beta0_0_gid-147_20260711_034024,0.0,0.998,1.072059,-0.007411,498.423661699,1.15209110178,True,mc/mc_low_rmu_s_beta0_0,False,,,,2.11132810534
mc/mc_beta0_s,mc_beta0_s_gid-1377_20260710_045914,0.0,0.998,1.073047,0.005738,300.217500404,1.63953263003,True,mc/mc_beta0_s,False,,,,3.20497603357
mc/mc_beta0_s,mc_beta0_s_gid-456_20260710_075754,0.0,0.998,1.074031,0.01072,253.131840418,1.79541521473,True,mc/mc_beta0_s,False,,,,3.6271390757
mc/mc_infill_3_4,mc_infill_3_4_gid-27_20260714_175307,0.0,0.998,1.074251,0.003103,330.782123416,1.55143109355,True,mc/mc_infill_3_4,False,,,,3.0002320555
mc/mc_low_rmu_s_beta0_0,mc_low_rmu_s_beta0_0_gid-234_20260711_034530,0.0,0.998,1.075117,0.010047,258.632262101,1.77553057475,True,mc/mc_low_rmu_s_beta0_0,False,,,,3.57173666396
mc/mc_beta0_s,mc_beta0_s_gid-564_20260710_081424,0.0,0.998,1.076787,0.025898,159.910091303,2.17482204634,True,mc/mc_beta0_s,False,,,,4.89226536678
mc/mc_infill_1_2,mc_infill_1_2_gid-609_20260714_175436,0.0,0.998,1.077369,-0.018304,746.630063157,0.656861985486,True,mc/mc_infill_1_2,False,,,,1.20306087433
mc/mc_infill_2_3,mc_infill_2_3_gid-435_20260715_041756,0.0,0.998,1.078796,-0.005195,455.244824753,1.24547657643,True,mc/mc_infill_2_3,True,0.182895,455.244825,1.245477,2.3166229408
mc/mc_beta0_s,mc_beta0_s_gid-1455_20260710_050317,0.0,0.998,1.079173,0.026033,159.247490244,2.17749466868,True,mc/mc_beta0_s,False,,,,4.90862592349
mc/mc_low_rmu_s_beta0_0,mc_low_rmu_s_beta0_0_gid-390_20260711_034533,0.0,0.998,1.081058,-0.016075,684.417642121,0.761160710555,True,mc/mc_low_rmu_s_beta0_0,False,,,,1.38258473952
mc/mc_beta0_s,mc_beta0_s_gid-1488_20260710_050516,0.0,0.998,1.085125,0.0002,367.318672713,1.45246818447,True,mc/mc_beta0_s,False,,,,2.78299018553
mc/mc_infill_2_3,mc_infill_2_3_gid-303_20260715_041534,0.0,0.998,1.085657,-0.00745,494.813934013,1.15748820765,True,mc/mc_infill_2_3,True,0.095584,494.738566,1.157761,2.14635034217
mc/mc_beta0_s,mc_beta0_s_gid-855_20260710_080323,0.0,0.998,1.08635,0.033068,132.676666387,2.30872230411,True,mc/mc_beta0_s,False,,,,5.51237156552
mc/mc_beta0_s,mc_beta0_s_gid-1278_20260710_050440,0.0,0.998,1.088951,0.030365,141.864092691,2.26079193568,True,mc/mc_beta0_s,False,,,,5.29110196606
mc/mc_beta0_s,mc_beta0_s_gid-471_20260710_075659,0.0,0.998,1.090062,0.011165,247.969395403,1.81135236991,True,mc/mc_beta0_s,False,,,,3.70115072132
mc/mc_infill_3_4,mc_infill_3_4_gid-255_20260714_175436,0.0,0.998,1.091228,-0.000643,378.079280795,1.42410446775,True,mc/mc_infill_3_4,False,,,,2.72823674163
mc/mc_infill_2_3,mc_infill_2_3_gid-27_20260715_040903,0.0,0.998,1.091435,-0.014219,636.290785484,0.860212411205,True,mc/mc_infill_2_3,True,0.131418,636.290785,0.860212,1.60211604466
mc/mc_low_rmu_s_beta0_0,mc_low_rmu_s_beta0_0_gid-444_20260711_035052,0.0,0.998,1.091978,0.000647,359.589233529,1.47108559842,True,mc/mc_low_rmu_s_beta0_0,False,,,,2.83744829371
mc/mc_beta0_s,mc_beta0_s_gid-1044_20260710_045405,0.0,0.998,1.092721,0.019235,192.688296866,2.02607039896,True,mc/mc_beta0_s,False,,,,4.37359137639
mc/mc_beta0_s,mc_beta0_s_gid-765_20260710_081424,0.0,0.998,1.094018,0.019024,193.826100671,2.02104020964,True,mc/mc_beta0_s,False,,,,4.35902317448
mc/mc_low_rmu_s_beta0_0,mc_low_rmu_s_beta0_0_gid-63_20260711_034023,0.0,0.998,1.095057,-0.019145,762.33033254,0.621255760048,True,mc/mc_low_rmu_s_beta0_0,False,,,,1.19176345847
mc/mc_infill_1_2,mc_infill_1_2_gid-207_20260714_175036,0.0,0.998,1.097005,-0.019871,772.779050032,0.589282994679,True,mc/mc_infill_1_2,False,,,,1.13125865668
mc/mc_beta0_s,mc_beta0_s_gid-705_20260710_080002,0.0,0.998,1.097333,0.006431,289.335514019,1.66844708279,True,mc/mc_beta0_s,False,,,,3.31365648764
mc/mc_beta0_s,mc_beta0_s_gid-141_20260710_074738,0.0,0.998,1.098684,0.011764,242.4516235,1.83011140357,True,mc/mc_beta0_s,False,,,,3.76968733864
mc/mc_beta0_s,mc_beta0_s_gid-27_20260710_074741,0.0,0.998,1.101382,0.006705,286.01806512,1.67822784439,True,mc/mc_beta0_s,False,,,,3.34719970019
mc/mc_beta0_s,mc_beta0_s_gid-522_20260710_075455,0.0,0.998,1.103136,0.005883,294.128434966,1.65241875692,True,mc/mc_beta0_s,False,,,,3.28599968517
mc/mc_beta0_s,mc_beta0_s_gid-846_20260710_080523,0.0,0.998,1.1047,0.029384,145.121540443,2.24152133982,True,mc/mc_beta0_s,False,,,,5.24189374968
mc/mc_low_rmu_s_beta0_0,mc_low_rmu_s_beta0_0_gid-162_20260711_034023,0.0,0.998,1.105349,-0.011348,565.3797057,1.00150804867,True,mc/mc_low_rmu_s_beta0_0,False,,,,1.86049515669
mc/mc_infill_2_3,mc_infill_2_3_gid-447_20260715_041754,0.0,0.998,1.105623,-0.017232,701.017144353,0.737388866691,True,mc/mc_infill_2_3,True,0.171675,701.017144,0.737389,1.38923952301
mc/mc_beta0_s,mc_beta0_s_gid-1170_20260710_045241,0.0,0.998,1.109272,0.017676,200.825030715,1.98903125919,True,mc/mc_beta0_s,False,,,,4.28170493996
mc/mc_beta0_s,mc_beta0_s_gid-993_20260710_080255,0.0,0.998,1.11075,0.006817,283.617090115,1.68418555439,True,mc/mc_beta0_s,False,,,,3.3795154797
mc/mc_low_rmu_s_beta0_0,mc_low_rmu_s_beta0_0_gid-213_20260711_034528,0.0,0.998,1.112183,0.004125,311.866571936,1.59759374709,True,mc/mc_low_rmu_s_beta0_0,False,,,,3.17112227992
mc/mc_beta0_s,mc_beta0_s_gid-1467_20260710_050306,0.0,0.998,1.11334,0.013111,230.988227937,1.87020662842,True,mc/mc_beta0_s,False,,,,3.91393740198
mc/mc_infill_1_2,mc_infill_1_2_gid-87_20260714_175636,0.0,0.998,1.114187,-0.018326,739.237551046,0.677437090197,True,mc/mc_infill_1_2,False,,,,1.31562100624
mc/mc_beta0_s,mc_beta0_s_gid-1068_20260710_050137,0.0,0.998,1.11505,0.022105,176.144378603,2.09326592082,True,mc/mc_beta0_s,False,,,,4.65985234247
mc/mc_beta0_s,mc_beta0_s_gid-1179_20260710_050150,0.0,0.998,1.116718,0.036398,122.394530274,2.35896617841,True,mc/mc_beta0_s,False,,,,5.85314913231
mc/mc_low_rmu_s_beta0_0,mc_low_rmu_s_beta0_0_gid-15_20260711_034021,0.0,0.998,1.116796,0.007183,279.271290481,1.69718828588,True,mc/mc_low_rmu_s_beta0_0,False,,,,3.42553684123
mc/mc_infill_2_3,mc_infill_2_3_gid-525_20260715_041750,0.0,0.998,1.117375,-0.005529,449.622204058,1.25087730672,True,mc/mc_infill_2_3,True,0.264019,449.622204,1.250877,2.38722209142
mc/mc_beta0_s,mc_beta0_s_gid-162_20260710_075033,0.0,0.998,1.119563,0.001123,347.381958414,1.49804319421,True,mc/mc_beta0_s,False,,,,2.94546940987
mc/mc_beta0_s,mc_beta0_s_gid-1245_20260710_045906,0.0,0.998,1.120115,0.010131,253.128940736,1.78691116141,True,mc/mc_beta0_s,False,,,,3.68613306912
mc/mc_infill_2_3_a,mc_infill_2_3_a_gid-93_20260714_213425,0.0,0.998,1.122634,-0.009784,527.772763895,1.08050188596,True,mc/mc_infill_2_3_a,True,0.065803,527.768917,1.0807,2.0417516111
mc/mc_beta0_s,mc_beta0_s_gid-312_20260710_075804,0.0,0.998,1.12292,0.010532,249.63647201,1.79912651056,True,mc/mc_beta0_s,False,,,,3.72558236791
mc/mc_low_rmu_s_beta0_0,mc_low_rmu_s_beta0_0_gid-156_20260711_034023,0.0,0.998,1.12298,-0.01525,647.910422479,0.828076288952,True,mc/mc_low_rmu_s_beta0_0,False,,,,1.60250954672
mc/mc_beta0_s,mc_beta0_s_gid-399_20260710_075131,0.0,0.998,1.124135,0.017235,202.480168966,1.9793646165,True,mc/mc_beta0_s,False,,,,4.27778581009
mc/mc_infill_3_4,mc_infill_3_4_gid-171_20260714_175034,0.0,0.998,1.125047,0.00227,331.630952194,1.53963229797,True,mc/mc_infill_3_4,False,,,,3.05412585465
mc/mc_beta0_s,mc_beta0_s_gid-696_20260710_075952,0.0,0.998,1.127242,0.031035,138.771451064,2.26974034662,True,mc/mc_beta0_s,False,,,,5.42609729449
mc/mc_low_rmu_s_beta0_0,mc_low_rmu_s_beta0_0_gid-6_20260711_033440,0.0,0.998,1.12853,-0.01873,734.634753706,0.662882470234,True,mc/mc_low_rmu_s_beta0_0,False,,,,1.32188611382
mc/mc_beta0_s,mc_beta0_s_gid-72_20260710_074857,0.0,0.998,1.128922,0.037315,119.808297398,2.37131137917,True,mc/mc_beta0_s,False,,,,5.95428252162
mc/mc_beta0_s,mc_beta0_s_gid-1338_20260710_045640,0.0,0.998,1.131707,0.018207,196.188370688,2.00382874627,True,mc/mc_beta0_s,False,,,,4.37528376838
mc/mc_beta0_s,mc_beta0_s_gid-186_20260710_074851,0.0,0.998,1.132643,0.037625,118.96234065,2.37544005852,True,mc/mc_beta0_s,False,,,,5.98761571234
mc/mc_beta0_s,mc_beta0_s_gid-1356_20260710_050506,0.0,0.998,1.134786,0.01358,225.663536574,1.88618913273,True,mc/mc_beta0_s,False,,,,4.00156689303
mc/mc_infill_2_3_b,mc_infill_2_3_b_gid-57_20260715_002635,0.0,0.998,1.135112,-0.013955,609.001659622,0.902861647209,True,mc/mc_infill_2_3_b,True,0.095321,607.795254,0.912136,1.72284661498
mc/mc_infill_3_4,mc_infill_3_4_gid-219_20260714_174638,0.0,0.998,1.136649,0.0075,273.697693281,1.71197228995,True,mc/mc_infill_3_4,False,,,,3.50038607794
mc/mc_beta0_s,mc_beta0_s_gid-1326_20260710_045913,0.0,0.998,1.138569,0.001375,340.219611037,1.51369544831,True,mc/mc_beta0_s,False,,,,3.01302353506
mc/mc_low_rmu_s_beta0_0,mc_low_rmu_s_beta0_0_gid-258_20260711_034656,0.0,0.998,1.139633,-0.024106,843.887863392,0.43696659619,True,mc/mc_low_rmu_s_beta0_0,False,,,,1.08276326959
mc/mc_beta0_s,mc_beta0_s_gid-813_20260710_080558,0.0,0.998,1.140065,0.028117,148.960669622,2.21600224092,True,mc/mc_beta0_s,False,,,,5.21037975288
mc/mc_low_rmu_s_beta0_0,mc_low_rmu_s_beta0_0_gid-228_20260711_034813,0.0,0.998,1.1416,-0.007023,468.982826125,1.20403161502,True,mc/mc_low_rmu_s_beta0_0,True,0.16615,468.895472,1.204158,2.32410893012
mc/mc_infill_2_3,mc_infill_2_3_gid-279_20260715_041624,0.0,0.998,1.141975,-0.014548,618.741552384,0.880410882622,True,mc/mc_infill_2_3,True,0.06605,618.741552,0.880411,1.69877533565
mc/mc_beta0_s,mc_beta0_s_gid-171_20260710_074827,0.0,0.998,1.143092,0.016836,203.544308455,1.97132570971,True,mc/mc_beta0_s,False,,,,4.28809920644
mc/mc_beta0_s,mc_beta0_s_gid-873_20260710_080327,0.0,0.998,1.144567,0.008022,268.024417119,1.72977958101,True,mc/mc_beta0_s,False,,,,3.56394340968
mc/mc_beta0_s,mc_beta0_s_gid-252_20260710_080828,0.0,0.998,1.147339,0.000719,346.903394893,1.49421689364,True,mc/mc_beta0_s,False,,,,2.9799116438
mc/mc_low_rmu_s_beta0_0,mc_low_rmu_s_beta0_0_gid-93_20260711_034023,0.0,0.998,1.147849,0.012033,235.610484427,1.84621962722,True,mc/mc_low_rmu_s_beta0_0,False,,,,3.90455581115
mc/mc_beta0_s,mc_beta0_s_gid-588_20260710_075628,0.0,0.998,1.148472,0.034169,128.439882498,2.32059476281,True,mc/mc_beta0_s,False,,,,5.73021700304
mc/mc_beta0_s,mc_beta0_s_gid-432_20260710_075455,0.0,0.998,1.15335,0.006376,281.938211673,1.68173102909,True,mc/mc_beta0_s,False,,,,3.44446231541
mc/mc_beta0_s,mc_beta0_s_gid-828_20260710_080455,0.0,0.998,1.154491,0.021669,176.327609,2.08494121136,True,mc/mc_beta0_s,False,,,,4.70948016046
mc/mc_infill_2_3_b,mc_infill_2_3_b_gid-69_20260715_002359,0.0,0.998,1.154907,-0.012136,562.651972444,0.998789840522,True,mc/mc_infill_2_3_b,True,0.220874,561.653324,1.001215,1.92658292517
mc/mc_low_rmu_s_beta0_0,mc_low_rmu_s_beta0_0_gid-12_20260711_034021,0.0,0.998,1.155532,-0.021473,780.453927806,0.561484176226,True,mc/mc_low_rmu_s_beta0_0,False,,,,1.13892485156
mc/mc_infill_1_2,mc_infill_1_2_gid-231_20260714_173404,0.0,0.998,1.157182,-0.021228,776.21948666,0.570763054882,True,mc/mc_infill_1_2,False,,,,1.23160694079
mc/mc_beta0_s,mc_beta0_s_gid-642_20260710_081303,0.0,0.998,1.157566,0.016185,206.454830502,1.95674733929,True,mc/mc_beta0_s,False,,,,4.2663627657
mc/mc_beta0_s,mc_beta0_s_gid-1485_20260710_050516,0.0,0.998,1.159487,0.030266,140.676236637,2.25426854659,True,mc/mc_beta0_s,False,,,,5.4285252016
mc/mc_low_rmu_s_beta0_0,mc_low_rmu_s_beta0_0_gid-9_20260711_034043,0.0,0.998,1.16243,-0.014788,617.328911705,0.885386809508,True,mc/mc_low_rmu_s_beta0_0,False,,,,1.7268557161
mc/mc_beta0_s,mc_beta0_s_gid-834_20260710_080624,0.0,0.998,1.16416,0.032145,134.368569828,2.28625975107,True,mc/mc_beta0_s,False,,,,5.59371313502
mc/mc_infill_2_3,mc_infill_2_3_gid-87_20260715_040901,0.0,0.998,1.167111,-0.005438,433.378624792,1.27828024239,True,mc/mc_infill_2_3,True,0.155273,433.378625,1.27828,2.52028083988
mc/mc_beta0_s,mc_beta0_s_gid-1236_20260710_050538,0.0,0.998,1.167593,0.028634,146.227441713,2.22468616928,True,mc/mc_beta0_s,False,,,,5.31038967107
mc/mc_low_rmu_s_beta0_0,mc_low_rmu_s_beta0_0_gid-429_20260711_035052,0.0,0.998,1.16774,-0.007921,476.969010834,1.18181236108,True,mc/mc_low_rmu_s_beta0_0,False,,,,2.31528229691
mc/mc_infill_2_3,mc_infill_2_3_gid-579_20260715_041959,0.0,0.998,1.172381,-0.010075,516.420640447,1.09661064701,True,mc/mc_infill_2_3,True,0.191544,516.42064,1.096611,2.14662829283
mc/mc_beta0_s,mc_beta0_s_gid-183_20260710_074851,0.0,0.998,1.172786,0.011855,234.41063698,1.84591834266,True,mc/mc_beta0_s,False,,,,3.947002884
mc/mc_infill_1_2,mc_infill_1_2_gid-51_20260714_192506,0.0,0.998,1.174156,-0.019106,721.309348065,0.688536042051,True,mc/mc_infill_1_2,False,,,,1.40374604645
mc/mc_beta0_s,mc_beta0_s_gid-66_20260710_074755,0.0,0.998,1.174824,0.008393,261.10518542,1.74820505544,True,mc/mc_beta0_s,False,,,,3.66772411487
mc/mc_infill_3_4,mc_infill_3_4_gid-129_20260714_172903,0.0,0.998,1.175036,0.009352,253.249476328,1.77616215961,True,mc/mc_infill_3_4,False,,,,3.74982386019
mc/mc_low_rmu_s_beta0_0,mc_low_rmu_s_beta0_0_gid-240_20260711_034528,0.0,0.998,1.175702,0.000871,339.090862159,1.51001108114,True,mc/mc_low_rmu_s_beta0_0,False,,,,3.06151367392
mc/mc_beta0_s,mc_beta0_s_gid-885_20260710_080128,0.0,0.998,1.17698,0.018937,189.130287019,2.02490630832,True,mc/mc_beta0_s,False,,,,4.53475383604
mc/mc_beta0_s,mc_beta0_s_gid-84_20260710_075028,0.0,0.998,1.179992,0.011416,236.893919995,1.83528627297,True,mc/mc_beta0_s,False,,,,3.92773322931
mc/mc_beta0_s,mc_beta0_s_gid-411_20260710_075555,0.0,0.998,1.180581,0.023407,166.866265635,2.1229672067,True,mc/mc_beta0_s,False,,,,4.90806548468
mc/mc_beta0_s,mc_beta0_s_gid-540_20260710_081354,0.0,0.998,1.184175,0.033291,130.438697754,2.30379599077,True,mc/mc_beta0_s,False,,,,5.729059341
mc/mc_low_rmu_s_beta0_0,mc_low_rmu_s_beta0_0_gid-99_20260711_034023,0.0,0.998,1.18458,-0.017949,679.102792542,0.747393813618,True,mc/mc_low_rmu_s_beta0_0,False,,,,1.54221868689
mc/mc_beta0_s,mc_beta0_s_gid-1200_20260710_050142,0.0,0.998,1.186675,0.026867,152.224716479,2.1915141114,True,mc/mc_beta0_s,False,,,,5.20465150402
mc/mc_low_rmu_s_beta0_0,mc_low_rmu_s_beta0_0_gid-168_20260711_034024,0.0,0.998,1.187097,-0.001415,366.836503895,1.43506215532,True,mc/mc_low_rmu_s_beta0_0,False,,,,2.90067661349
mc/mc_beta0_s,mc_beta0_s_gid-1233_20260710_045648,0.0,0.998,1.188527,0.036071,122.496165412,2.34656333487,True,mc/mc_beta0_s,False,,,,5.96809890216
mc/mc_infill_2_3,mc_infill_2_3_gid-417_20260715_041950,0.0,0.998,1.188585,-0.013286,573.925086235,0.969232819951,True,mc/mc_infill_2_3,True,0.135169,571.043769,0.971286,1.91771576602
mc/mc_beta0_s,mc_beta0_s_gid-231_20260710_075053,0.0,0.998,1.191664,0.022891,168.652779931,2.112698069,True,mc/mc_beta0_s,False,,,,4.88950061878
mc/mc_infill_2_3,mc_infill_2_3_gid-15_20260715_040901,0.0,0.998,1.192001,-0.005319,424.276127953,1.29484358886,True,mc/mc_infill_2_3,True,0.071895,424.276128,1.294844,2.59262619919
mc/mc_beta0_s,mc_beta0_s_gid-1143_20260710_050111,0.0,0.998,1.192253,0.017755,194.613696421,1.99881384976,True,mc/mc_beta0_s,False,,,,4.47190971706
mc/mc_beta0_s,mc_beta0_s_gid-1440_20260710_050308,0.0,0.998,1.194673,0.025706,156.491999098,2.16935142015,True,mc/mc_beta0_s,False,,,,5.12618455613
mc/mc_infill_3_4,mc_infill_3_4_gid-15_20260714_162503,0.0,0.998,1.197185,-0.003042,387.601844932,1.38123929451,True,mc/mc_infill_3_4,False,,,,2.79200400405
mc/mc_low_rmu_s_beta0_0,mc_low_rmu_s_beta0_0_gid-129_20260711_034025,0.0,0.998,1.199536,0.013227,222.064441105,1.88742579183,True,mc/mc_low_rmu_s_beta0_0,False,,,,4.11940687199
mc/mc_beta0_s,mc_beta0_s_gid-645_20260710_081229,0.0,0.998,1.199894,0.013804,218.146396179,1.90244346978,True,mc/mc_beta0_s,False,,,,4.16711633242
mc/mc_beta0_s,mc_beta0_s_gid-1050_20260710_045406,0.0,0.998,1.200568,0.032484,132.532966023,2.28984116451,True,mc/mc_beta0_s,False,,,,5.69536652266
mc/mc_infill_1_2,mc_infill_1_2_gid-153_20260714_174004,0.0,0.998,1.201384,-0.025789,904.925113787,0.362764048715,True,mc/mc_infill_1_2,False,,,,1.03477763185
mc/mc_infill_2_3,mc_infill_2_3_gid-81_20260715_040906,0.0,0.998,1.201529,-0.013322,569.674106659,0.975888317384,True,mc/mc_infill_2_3,True,0.158644,569.674107,0.975888,1.94919421981
mc/mc_low_rmu_s_beta0_0,mc_low_rmu_s_beta0_0_gid-60_20260711_034023,0.0,0.998,1.202209,-0.012305,549.266782619,1.01996510084,True,mc/mc_low_rmu_s_beta0_0,False,,,,2.03457928257
mc/mc_beta0_s,mc_beta0_s_gid-819_20260710_080633,0.0,0.998,1.202315,0.031378,135.935540005,2.27152252698,True,mc/mc_beta0_s,False,,,,5.60775329712
mc/mc_beta0_s,mc_beta0_s_gid-1020_20260710_045239,0.0,0.998,1.207153,0.033378,129.718001956,2.30387299586,True,mc/mc_beta0_s,False,,,,5.78232762754
mc/mc_beta0_s,mc_beta0_s_gid-852_20260710_080423,0.0,0.998,1.20966,0.031194,136.333653029,2.26819341305,True,mc/mc_beta0_s,False,,,,5.6075027549
mc/mc_low_rmu_s_beta0_0,mc_low_rmu_s_beta0_0_gid-402_20260711_034534,0.0,0.998,1.210407,-0.000776,352.885685366,1.46693727093,True,mc/mc_low_rmu_s_beta0_0,False,,,,3.01007947659
mc/mc_infill_2_3,mc_infill_2_3_gid-237_20260715_041559,0.0,0.998,1.210651,-0.014944,598.018918531,0.911356319008,True,mc/mc_infill_2_3,True,0.03891,598.018919,0.911356,1.84033515694
mc/mc_beta0_s,mc_beta0_s_gid-114_20260710_074742,0.0,0.998,1.210652,0.006934,268.964095809,1.71440777087,True,mc/mc_beta0_s,False,,,,3.62912692593
mc/mc_infill_1_2,mc_infill_1_2_gid-141_20260714_174609,0.0,0.998,1.211175,-0.020643,744.228936468,0.643101709057,True,mc/mc_infill_1_2,False,,,,1.40593264346
mc/mc_beta0_s,mc_beta0_s_gid-327_20260710_075804,0.0,0.998,1.212726,0.015956,203.474076336,1.95829101418,True,mc/mc_beta0_s,False,,,,4.37093487757
mc/mc_infill_3_4,mc_infill_3_4_gid-105_20260714_172002,0.0,0.998,1.21321,0.008568,254.995914409,1.76278365967,True,mc/mc_infill_3_4,False,,,,3.77354050239
mc/mc_beta0_s,mc_beta0_s_gid-453_20260710_075752,0.0,0.998,1.21583,0.004575,290.166067198,1.64422312402,True,mc/mc_beta0_s,False,,,,3.44442325816
mc/mc_low_rmu_s_beta0_0,mc_low_rmu_s_beta0_0_gid-282_20260711_034701,0.0,0.998,1.217578,0.010897,236.706622612,1.82886697148,True,mc/mc_low_rmu_s_beta0_0,False,,,,3.97121540821
mc/mc_beta0_s,mc_beta0_s_gid-165_20260710_075033,0.0,0.998,1.21811,0.03265,131.631800233,2.29175920098,True,mc/mc_beta0_s,False,,,,5.74431125654
mc/mc_beta0_s,mc_beta0_s_gid-1431_20260710_050313,0.0,0.998,1.221147,0.025938,154.495469187,2.1743237199,True,mc/mc_beta0_s,False,,,,5.20058391413
mc/mc_low_rmu_s_beta0_0,mc_low_rmu_s_beta0_0_gid-219_20260711_034530,0.0,0.998,1.221256,-0.024896,858.891426238,0.470887099759,True,mc/mc_low_rmu_s_beta0_0,False,,,,1.15126482475
mc/mc_beta0_s,mc_beta0_s_gid-978_20260710_081228,0.0,0.998,1.225324,0.03049,138.165436068,2.25597134756,True,mc/mc_beta0_s,False,,,,5.58148631922
mc/mc_beta0_s,mc_beta0_s_gid-1125_20260710_050004,0.0,0.998,1.227427,0.03226,132.579465874,2.28514784327,True,mc/mc_beta0_s,False,,,,5.73096492868
mc/mc_infill_2_3_b,mc_infill_2_3_b_gid-189_20260715_002650,0.0,0.998,1.228162,-0.014858,593.616256318,0.922258034999,True,mc/mc_infill_2_3_b,True,0.059197,591.766668,0.924915,1.87917567872
mc/mc_beta0_s,mc_beta0_s_gid-345_20260710_075227,0.0,0.998,1.230449,0.03469,125.527098801,2.32301606317,True,mc/mc_beta0_s,False,,,,5.93648856303
mc/mc_infill_3_4,mc_infill_3_4_gid-39_20260714_170021,0.0,0.998,1.232239,-0.002597,372.505890227,1.41248445388,True,mc/mc_infill_3_4,False,,,,2.91399516257
mc/mc_low_rmu_s_beta0_0,mc_low_rmu_s_beta0_0_gid-318_20260711_034528,0.0,0.998,1.232483,-0.023579,785.112694034,0.553175287403,True,mc/mc_low_rmu_s_beta0_0,False,,,,1.26256135193
mc/mc_beta0_s,mc_beta0_s_gid-699_20260710_075952,0.0,0.998,1.233753,0.022394,168.70806791,2.10479824537,True,mc/mc_beta0_s,False,,,,4.93868813986
mc/mc_infill_1_2,mc_infill_1_2_gid-117_20260714_174807,0.0,0.998,1.234626,-0.020937,739.131323339,0.649227356819,True,mc/mc_infill_1_2,False,,,,1.42510081761
mc/mc_low_rmu_s_beta0_0,mc_low_rmu_s_beta0_0_gid-126_20260711_034021,0.0,0.998,1.235994,-0.022529,783.578037409,0.56451198579,True,mc/mc_low_rmu_s_beta0_0,False,,,,1.30814192095
mc/mc_infill_1_2,mc_infill_1_2_gid-75_20260714_175713,0.0,0.998,1.236159,-0.025606,872.198504461,0.438529537984,True,mc/mc_infill_1_2,False,,,,1.12812285292
mc/mc_beta0_s,mc_beta0_s_gid-369_20260710_075608,0.0,0.998,1.236372,0.001565,318.715267627,1.55563683711,True,mc/mc_beta0_s,False,,,,3.26190422147
mc/mc_infill_2_3,mc_infill_2_3_gid-423_20260715_041950,0.0,0.998,1.236878,-0.010444,500.69814746,1.11913384343,True,mc/mc_infill_2_3,True,0.20435,500.506598,1.11916,2.28183759143
mc/mc_low_rmu_s_beta0_0,mc_low_rmu_s_beta0_0_gid-327_20260711_034530,0.0,0.998,1.240074,-0.024426,792.167047632,0.503074614645,True,mc/mc_low_rmu_s_beta0_0,False,,,,1.05254692382
mc/mc_infill_2_3_b,mc_infill_2_3_b_gid-51_20260715_002635,0.0,0.998,1.240972,-0.006272,425.503287896,1.28302429794,True,mc/mc_infill_2_3_b,True,0.079316,425.484522,1.2831,2.63574455086
mc/mc_beta0_s,mc_beta0_s_gid-900_20260710_080354,0.0,0.998,1.241654,0.003037,301.610136468,1.60450976849,True,mc/mc_beta0_s,False,,,,3.38667952381
mc/mc_beta0_s,mc_beta0_s_gid-69_20260710_074857,0.0,0.998,1.242839,0.018192,188.620217146,2.01478797637,True,mc/mc_beta0_s,False,,,,4.61784476237
mc/mc_beta0_s,mc_beta0_s_gid-1380_20260710_050007,0.0,0.998,1.245876,0.027925,146.163213795,2.21136962171,True,mc/mc_beta0_s,False,,,,5.41384557746
mc/mc_beta0_s,mc_beta0_s_gid-441_20260710_075556,0.0,0.998,1.247885,0.011696,227.752282823,1.85671076754,True,mc/mc_beta0_s,False,,,,4.10421380237
mc/mc_infill_1_2,mc_infill_1_2_gid-507_20260714_174110,0.0,0.998,1.248051,-0.023069,773.769377648,0.549667433828,True,mc/mc_infill_1_2,False,,,,1.21455063285
mc/mc_beta0_s,mc_beta0_s_gid-1320_20260710_045908,0.0,0.998,1.248749,0.03439,125.970379998,2.31766612868,True,mc/mc_beta0_s,False,,,,5.94798632487
mc/mc_low_rmu_s_beta0_0,mc_low_rmu_s_beta0_0_gid-111_20260711_034023,0.0,0.998,1.251197,0.01445,209.325403268,1.92748254231,True,mc/mc_low_rmu_s_beta0_0,False,,,,4.33427655098
mc/mc_infill_2_3,mc_infill_2_3_gid-39_20260715_040902,0.0,0.998,1.252002,-0.010789,501.655792117,1.11390249426,True,mc/mc_infill_2_3,True,0.005604,501.655792,1.113902,2.2915632936
mc/mc_beta0_s,mc_beta0_s_gid-342_20260710_075228,0.0,0.998,1.252301,0.034556,125.441781766,2.32003186147,True,mc/mc_beta0_s,False,,,,5.96860518894
mc/mc_beta0_s,mc_beta0_s_gid-249_20260710_075152,0.0,0.998,1.255516,0.023014,164.836435859,2.11890185085,True,mc/mc_beta0_s,False,,,,5.03504206351
mc/mc_infill_1_2,mc_infill_1_2_gid-465_20260714_175440,0.0,0.998,1.256198,-0.025128,800.408810208,0.483274243689,True,mc/mc_infill_1_2,False,,,,1.12899369027
mc/mc_beta0_s,mc_beta0_s_gid-1437_20260710_050316,0.0,0.998,1.257479,0.020898,174.188079256,2.07556575148,True,mc/mc_beta0_s,False,,,,4.86805049645
mc/mc_low_rmu_s_beta0_0,mc_low_rmu_s_beta0_0_gid-336_20260711_034533,0.0,0.998,1.25841,-0.004036,386.376104797,1.37317677417,True,mc/mc_low_rmu_s_beta0_0,False,,,,2.86050505335
mc/mc_infill_3_4,mc_infill_3_4_gid-231_20260714_174735,0.0,0.998,1.259885,-0.000176,334.569805996,1.50717276493,True,mc/mc_infill_3_4,False,,,,3.17843441994
mc/mc_beta0_s,mc_beta0_s_gid-1296_20260710_045837,0.0,0.998,1.261663,0.005652,273.127749511,1.69116498231,True,mc/mc_beta0_s,False,,,,3.64230067701
mc/mc_infill_2_3,mc_infill_2_3_gid-585_20260715_041753,0.0,0.998,1.26171,-0.017585,640.160803643,0.82917440384,True,mc/mc_infill_2_3,True,0.041223,640.160804,0.829174,1.76048815193
mc/mc_low_rmu_s_beta0_0,mc_low_rmu_s_beta0_0_gid-393_20260711_034534,0.0,0.998,1.264369,-0.00432,388.951968873,1.36580606364,True,mc/mc_low_rmu_s_beta0_0,False,,,,2.8519381998
mc/mc_beta0_s,mc_beta0_s_gid-519_20260710_075459,0.0,0.998,1.265825,0.023675,161.52489725,2.13271360259,True,mc/mc_beta0_s,False,,,,5.11023094491
mc/mc_infill_1_2,mc_infill_1_2_gid-249_20260714_174956,0.0,0.998,1.268163,-0.025022,813.52886464,0.501571121318,True,mc/mc_infill_1_2,False,,,,1.33103537412
mc/mc_low_rmu_s_beta0_0,mc_low_rmu_s_beta0_0_gid-222_20260711_034828,0.0,0.998,1.26881,0.012107,222.74943184,1.87183446051,True,mc/mc_low_rmu_s_beta0_0,False,,,,4.18422129726
mc/mc_beta0_s,mc_beta0_s_gid-1092_20260710_045634,0.0,0.998,1.269049,0.029462,140.134804809,2.23839236135,True,mc/mc_beta0_s,False,,,,5.58630415586
mc/mc_beta0_s,mc_beta0_s_gid-957_20260710_081226,0.0,0.998,1.271159,0.012321,221.073256035,1.87782273435,True,mc/mc_beta0_s,False,,,,4.20666393241
mc/mc_low_rmu_s_beta0_0,mc_low_rmu_s_beta0_0_gid-351_20260711_034529,0.0,0.998,1.273733,-0.022673,763.875742759,0.589345969022,True,mc/mc_low_rmu_s_beta0_0,False,,,,1.39578601293
mc/mc_beta0_s,mc_beta0_s_gid-657_20260710_081230,0.0,0.998,1.273986,0.001747,309.608813915,1.57538709587,True,mc/mc_beta0_s,False,,,,3.36211636494
mc/mc_beta0_s,mc_beta0_s_gid-864_20260710_080353,0.0,0.998,1.276138,0.02482,156.420296823,2.1554389245,True,mc/mc_beta0_s,False,,,,5.22438829753
mc/mc_infill_3_4,mc_infill_3_4_gid-111_20260714_172001,0.0,0.998,1.276278,0.004619,280.323630599,1.66488615222,True,mc/mc_infill_3_4,False,,,,3.59019272698
mc/mc_infill_2_3,mc_infill_2_3_gid-207_20260715_041043,0.0,0.998,1.276599,-0.007539,435.676323966,1.25341063998,True,mc/mc_infill_2_3,True,0.111076,435.600633,1.253681,2.62063347138
mc/mc_infill_1_2,mc_infill_1_2_gid-579_20260714_174753,0.0,0.998,1.276657,-0.018661,656.098998626,0.792696561017,True,mc/mc_infill_1_2,False,,,,1.72781243133
mc/mc_beta0_s,mc_beta0_s_gid-1482_20260710_050540,0.0,0.998,1.280478,0.004861,277.455871029,1.67349863055,True,mc/mc_beta0_s,False,,,,3.62055605277
mc/mc_infill_1_2,mc_infill_1_2_gid-447_20260714_174740,0.0,0.998,1.280729,-0.02053,701.148665822,0.704141904758,True,mc/mc_infill_1_2,False,,,,1.57801775569
mc/mc_beta0_s,mc_beta0_s_gid-843_20260710_080523,0.0,0.998,1.283034,0.031745,132.614287446,2.2759954005,True,mc/mc_beta0_s,False,,,,5.79997242044
mc/mc_low_rmu_s_beta0_0,mc_low_rmu_s_beta0_0_gid-279_20260711_034701,0.0,0.998,1.284433,-0.014384,559.284496139,0.983965943133,True,mc/mc_low_rmu_s_beta0_0,False,,,,2.07414910197
mc/mc_low_rmu_s_beta0_0,mc_low_rmu_s_beta0_0_gid-291_20260711_034631,0.0,0.998,1.287291,-0.015835,588.885514634,0.924557121708,True,mc/mc_low_rmu_s_beta0_0,False,,,,1.96376724682
mc/mc_beta0_s,mc_beta0_s_gid-534_20260710_081403,0.0,0.998,1.288466,0.019422,179.219491903,2.04754012691,True,mc/mc_beta0_s,False,,,,4.81531198936
mc/mc_infill_2_3,mc_infill_2_3_gid-531_20260715_041750,0.0,0.998,1.288669,-0.015831,588.015190982,0.924686943509,True,mc/mc_infill_2_3,True,0.115937,588.015191,0.924687,1.96692074719
mc/mc_infill_1_2,mc_infill_1_2_gid-177_20260714_175206,0.0,0.998,1.290598,-0.026326,855.115618071,0.437565137563,True,mc/mc_infill_1_2,False,,,,1.21909949541
mc/mc_infill_2_3,mc_infill_2_3_gid-309_20260715_041533,0.0,0.998,1.292378,-0.009915,471.744996227,1.17107166662,True,mc/mc_infill_2_3,True,0.089175,471.663792,1.171164,2.46461722878
mc/mc_beta0_s,mc_beta0_s_gid-684_20260710_080026,0.0,0.998,1.293477,0.015576,198.981604044,1.96188629786,True,mc/mc_beta0_s,False,,,,4.51760234487
mc/mc_low_rmu_s_beta0_0,mc_low_rmu_s_beta0_0_gid-96_20260711_034023,0.0,0.998,1.29562,0.007947,249.652693911,1.76701985568,True,mc/mc_low_rmu_s_beta0_0,False,,,,3.91268120016
mc/mc_beta0_s,mc_beta0_s_gid-771_20260710_081424,0.0,0.998,1.297519,0.020964,171.434129351,2.0810231719,True,mc/mc_beta0_s,False,,,,4.95848491956
mc/mc_beta0_s,mc_beta0_s_gid-975_20260710_081226,0.0,0.998,1.299373,0.027638,145.103159723,2.20786226119,True,mc/mc_beta0_s,False,,,,5.50008788328
mc/mc_beta0_s,mc_beta0_s_gid-234_20260710_075226,0.0,0.998,1.300707,0.001052,312.167997918,1.56323997755,True,mc/mc_beta0_s,False,,,,3.36997903577
mc/mc_low_rmu_s_beta0_0,mc_low_rmu_s_beta0_0_gid-72_20260711_034024,0.0,0.998,1.301378,-0.013041,526.912222683,1.05123130804,True,mc/mc_low_rmu_s_beta0_0,False,,,,2.22936283909
mc/mc_infill_1_2,mc_infill_1_2_gid-483_20260714_173103,0.0,0.998,1.303299,-0.027708,898.015503855,0.368202124682,True,mc/mc_infill_1_2,False,,,,1.07232082083
mc/mc_infill_3_4,mc_infill_3_4_gid-243_20260714_174707,0.0,0.998,1.304586,0.009765,235.08442975,1.8188493329,True,mc/mc_infill_3_4,False,,,,4.07666258328
mc/mc_infill_2_3,mc_infill_2_3_gid-255_20260715_041531,0.0,0.998,1.304733,-0.007328,423.587856922,1.27612332427,True,mc/mc_infill_2_3,True,0.227357,423.587857,1.276123,2.70646910303
mc/mc_beta0_s,mc_beta0_s_gid-1299_20260710_050535,0.0,0.998,1.305039,0.014598,203.593691477,1.94082704531,True,mc/mc_beta0_s,False,,,,4.46459824705
mc/mc_infill_1_2,mc_infill_1_2_gid-417_20260714_175037,0.0,0.998,1.306036,-0.021778,723.002598427,0.662812048281,True,mc/mc_infill_1_2,False,,,,1.5236548209
mc/mc_beta0_s,mc_beta0_s_gid-207_20260710_075123,0.0,0.998,1.31198,0.016515,192.282275088,1.98669851304,True,mc/mc_beta0_s,False,,,,4.63289880212
mc/mc_wrongbasin_ws,mc_wrongbasin_ws_gid-34_20260713_015100,0.0,0.998,1.312079,-0.009746,462.096353958,1.18815071859,True,mc/mc_wrongbasin_ws,True,0.146959,462.059008,1.1885,2.52868117212
mc/mc_beta0_s,mc_beta0_s_gid-426_20260710_075746,0.0,0.998,1.312873,0.02132,168.912009641,2.08997797683,True,mc/mc_beta0_s,False,,,,5.0194966829
mc/mc_beta0_s,mc_beta0_s_gid-918_20260710_080553,0.0,0.998,1.315368,0.013263,210.626004582,1.91062291184,True,mc/mc_beta0_s,False,,,,4.38057491438
mc/mc_low_rmu_s_beta0_0,mc_low_rmu_s_beta0_0_gid-372_20260711_034659,0.0,0.998,1.315614,0.009256,237.441936164,1.80811946733,True,mc/mc_low_rmu_s_beta0_0,False,,,,4.06087345891
mc/mc_infill_3_4,mc_infill_3_4_gid-51_20260714_162830,0.0,0.998,1.316173,0.001465,304.80615491,1.58223512852,True,mc/mc_infill_3_4,False,,,,3.43643126904
mc/mc_beta0_s,mc_beta0_s_gid-708_20260710_081427,0.0,0.998,1.316238,0.00258,293.388290102,1.61657875911,True,mc/mc_beta0_s,False,,,,3.52045428737
mc/mc_infill_1_2,mc_infill_1_2_gid-135_20260714_175506,0.0,0.998,1.317899,-0.020223,671.940466724,0.751121395406,True,mc/mc_infill_1_2,False,,,,1.71186579389
mc/mc_beta0_s,mc_beta0_s_gid-816_20260710_080724,0.0,0.998,1.318918,0.010822,226.072572548,1.85009009801,True,mc/mc_beta0_s,False,,,,4.19301551582
mc/mc_infill_2_3,mc_infill_2_3_gid-189_20260715_040902,0.0,0.998,1.318948,-0.015322,565.178603177,0.966093914209,True,mc/mc_infill_2_3,True,0.187826,565.178603,0.966094,2.08354330327
mc/mc_beta0_s,mc_beta0_s_gid-597_20260710_081123,0.0,0.998,1.321475,0.00351,283.523611728,1.64671274049,True,mc/mc_beta0_s,False,,,,3.60483835616
mc/mc_low_rmu_s_beta0_0,mc_low_rmu_s_beta0_0_gid-24_20260711_034021,0.0,0.998,1.324061,0.013564,207.959023974,1.91974734535,True,mc/mc_low_rmu_s_beta0_0,False,,,,4.42367485648
mc/mc_infill_2_3,mc_infill_2_3_gid-483_20260715_041803,0.0,0.998,1.326482,-0.00898,444.03746899,1.22585863654,True,mc/mc_infill_2_3,True,0.154509,444.037469,1.225859,2.62613995704
mc/mc_low_rmu_s_beta0_0,mc_low_rmu_s_beta0_0_gid-114_20260711_034023,0.0,0.998,1.32773,-0.017371,604.014177586,0.882818767982,True,mc/mc_low_rmu_s_beta0_0,False,,,,1.94075517195
mc/mc_beta0_s,mc_beta0_s_gid-3_20260710_074843,0.0,0.998,1.328695,0.014696,200.904059426,1.94766240649,True,mc/mc_beta0_s,False,,,,4.52401892923
mc/mc_infill_1_2,mc_infill_1_2_gid-243_20260714_174956,0.0,0.998,1.330302,-0.020354,669.526836394,0.7506512767,True,mc/mc_infill_1_2,False,,,,1.71935507891
mc/mc_beta0_s,mc_beta0_s_gid-702_20260710_080041,0.0,0.998,1.330484,0.017439,186.008311226,2.01038608091,True,mc/mc_beta0_s,False,,,,4.74652550143
mc/mc_beta0_s,mc_beta0_s_gid-159_20260710_075033,0.0,0.998,1.332539,0.02748,144.276263656,2.20676341106,True,mc/mc_beta0_s,False,,,,5.55483647449
mc/mc_infill_2_3,mc_infill_2_3_gid-63_20260715_040902,0.0,0.998,1.334198,-0.01567,565.712614525,0.960134768185,True,mc/mc_infill_2_3,True,0.180097,565.712615,0.960135,2.09292269498
mc/mc_beta0_s,mc_beta0_s_gid-1014_20260710_045607,0.0,0.998,1.334533,0.017814,183.815993723,2.0192392385,True,mc/mc_beta0_s,False,,,,4.78510853077
mc/mc_infill_1_2,mc_infill_1_2_gid-189_20260714_174609,0.0,0.998,1.33774,-0.022353,715.835797956,0.664974527381,True,mc/mc_infill_1_2,False,,,,1.5838598434
mc/mc_beta0_s,mc_beta0_s_gid-825_20260710_080257,0.0,0.998,1.337837,0.011092,222.17185026,1.86158549504,True,mc/mc_beta0_s,False,,,,4.25650647252
mc/mc_low_rmu_s_beta0_0,mc_low_rmu_s_beta0_0_gid-360_20260711_034829,0.0,0.998,1.339616,-0.006352,398.422844677,1.32937461756,True,mc/mc_low_rmu_s_beta0_0,False,,,,2.87019958143
mc/mc_beta0_s,mc_beta0_s_gid-1182_20260710_045636,0.0,0.998,1.341852,0.028817,139.550053859,2.22983382559,True,mc/mc_beta0_s,False,,,,5.68094002326
mc/mc_beta0_s,mc_beta0_s_gid-1026_20260710_045404,0.0,0.998,1.342046,0.020259,171.756904785,2.07193070209,True,mc/mc_beta0_s,False,,,,4.99611256428
mc/mc_infill_1_2,mc_infill_1_2_gid-39_20260714_180421,0.0,0.998,1.343177,-0.024185,775.319417078,0.578013790762,True,mc/mc_infill_1_2,False,,,,1.53975752087
mc/mc_low_rmu_s_beta0_0,mc_low_rmu_s_beta0_0_gid-363_20260711_034531,0.0,0.998,1.345009,-0.018983,628.757118309,0.825128780199,True,mc/mc_low_rmu_s_beta0_0,False,,,,1.86179687972
mc/mc_low_rmu_s_beta0_0,mc_low_rmu_s_beta0_0_gid-171_20260711_034024,0.0,0.998,1.347112,0.014697,199.246579064,1.95129685365,True,mc/mc_low_rmu_s_beta0_0,False,,,,4.56409027328
mc/mc_infill_2_3,mc_infill_2_3_gid-477_20260715_041803,0.0,0.998,1.348,-0.011235,476.301881323,1.1515436731,True,mc/mc_infill_2_3,True,0.114332,476.301881,1.151544,2.49629830232
mc/mc_beta0_s,mc_beta0_s_gid-450_20260710_075558,0.0,0.998,1.348215,0.001908,294.486824287,1.60773565184,True,mc/mc_beta0_s,False,,,,3.54152128173
mc/mc_beta0_s,mc_beta0_s_gid-1056_20260710_045238,0.0,0.998,1.350549,0.025473,150.414530555,2.17276409217,True,mc/mc_beta0_s,False,,,,5.43047716507
mc/mc_beta0_s,mc_beta0_s_gid-936_20260710_081135,0.0,0.998,1.352067,0.008829,236.10918864,1.80659297766,True,mc/mc_beta0_s,False,,,,4.10846996084
mc/mc_infill_2_3_b,mc_infill_2_3_b_gid-27_20260715_002402,0.0,0.998,1.352371,-0.016564,579.009041615,0.932252921392,True,mc/mc_infill_2_3_b,True,0.183,577.360666,0.936513,2.06921084974
mc/mc_beta0_s,mc_beta0_s_gid-1359_20260710_050506,0.0,0.998,1.354796,0.019715,173.348044604,2.06251994055,True,mc/mc_beta0_s,False,,,,4.97962882561
mc/mc_low_rmu_s_beta0_0,mc_low_rmu_s_beta0_0_gid-369_20260711_034726,0.0,0.998,1.355306,0.004049,273.265538219,1.67442393681,True,mc/mc_low_rmu_s_beta0_0,False,,,,3.73009302746
mc/mc_beta0_s,mc_beta0_s_gid-177_20260710_074852,0.0,0.998,1.356241,0.027724,142.472040627,2.21235812326,True,mc/mc_beta0_s,False,,,,5.6221685284
mc/mc_infill_1_2,mc_infill_1_2_gid-285_20260714_174956,0.0,0.998,1.356329,-0.01934,638.979152317,0.81499572398,True,mc/mc_infill_1_2,False,,,,1.85701535139
mc/mc_infill_3_4,mc_infill_3_4_gid-237_20260714_175406,0.0,0.998,1.357619,-0.00144,328.861588397,1.50588338329,True,mc/mc_infill_3_4,False,,,,3.30939474024
mc/mc_infill_1_2,mc_infill_1_2_gid-45_20260714_175651,0.0,0.998,1.360228,-0.026851,840.016457667,0.464546518736,True,mc/mc_infill_1_2,False,,,,1.2659708016
mc/mc_low_rmu_s_beta0_0,mc_low_rmu_s_beta0_0_gid-243_20260711_034530,0.0,0.998,1.360318,0.013812,203.059867944,1.93328252385,True,mc/mc_low_rmu_s_beta0_0,False,,,,4.52249263597
mc/mc_infill_2_3_b,mc_infill_2_3_b_gid-33_20260715_002401,0.0,0.998,1.360743,-0.009083,434.865635698,1.24044542097,True,mc/mc_infill_2_3_b,True,0.21681,434.817812,1.240598,2.7016891527
mc/mc_beta0_s,mc_beta0_s_gid-1041_20260710_045610,0.0,0.998,1.361831,0.024283,154.188392778,2.15219960003,True,mc/mc_beta0_s,False,,,,5.35846368045
mc/mc_beta0_s,mc_beta0_s_gid-1146_20260710_045508,0.0,0.998,1.363672,0.025509,149.651637157,2.17451660719,True,mc/mc_beta0_s,False,,,,5.46016932998
mc/mc_beta0_s,mc_beta0_s_gid-123_20260710_074741,0.0,0.998,1.365201,0.015751,191.934544302,1.97892905816,True,mc/mc_beta0_s,False,,,,4.68678624283
mc/mc_beta0_s,mc_beta0_s_gid-810_20260710_080423,0.0,0.998,1.367064,0.009878,227.017167696,1.83801806356,True,mc/mc_beta0_s,False,,,,4.22483474488
mc/mc_infill_1_2,mc_infill_1_2_gid-381_20260714_175021,0.0,0.998,1.37136,-0.028854,876.498007114,0.391860701933,True,mc/mc_infill_1_2,False,,,,1.14676133328
mc/mc_infill_2_3_a,mc_infill_2_3_a_gid-135_20260714_213242,0.0,0.998,1.37171,-0.017035,579.362622268,0.925973842981,True,mc/mc_infill_2_3_a,True,0.189392,578.344491,0.931464,2.07240961654
mc/mc_low_rmu_s_beta0_0,mc_low_rmu_s_beta0_0_gid-399_20260711_034534,0.0,0.998,1.372935,-0.014316,524.949188493,1.04303043578,True,mc/mc_low_rmu_s_beta0_0,False,,,,2.30554852337
mc/mc_infill_1_2,mc_infill_1_2_gid-357_20260714_172103,0.0,0.998,1.37759,-0.028282,879.373691551,0.42841692792,True,mc/mc_infill_1_2,False,,,,1.19698732386
mc/mc_low_rmu_s_beta0_0,mc_low_rmu_s_beta0_0_gid-303_20260711_034529,0.0,0.998,1.378332,-0.020248,652.498789369,0.790106896625,True,mc/mc_low_rmu_s_beta0_0,False,,,,1.85953673954
mc/mc_beta0_s,mc_beta0_s_gid-1140_20260710_045243,0.0,0.998,1.380295,0.026785,144.503451719,2.19815412256,True,mc/mc_beta0_s,False,,,,5.59560363405
mc/mc_infill_lt1_beta0_0,mc_infill_lt1_beta0_0_gid-162_20260714_174234,0.0,0.998,1.381486,-0.028222,863.410475554,0.416325038083,False,mc/mc_infill_lt1_beta0_0,False,,,,1.22792434072
mc/mc_beta0_s,mc_beta0_s_gid-54_20260710_075021,0.0,0.998,1.382889,0.005988,253.238218535,1.73883158479,True,mc/mc_beta0_s,False,,,,3.95537086733
mc/mc_low_rmu_s_beta0_0,mc_low_rmu_s_beta0_0_gid-225_20260711_034813,0.0,0.998,1.383057,-0.002615,337.224648538,1.47849391079,True,mc/mc_low_rmu_s_beta0_0,False,,,,3.27377755429
mc/mc_beta0_s,mc_beta0_s_gid-552_20260710_075722,0.0,0.998,1.385256,0.013606,201.877208998,1.93387034319,True,mc/mc_beta0_s,False,,,,4.56023929914
mc/mc_infill_1_2,mc_infill_1_2_gid-429_20260714_174956,0.0,0.998,1.38546,-0.026514,792.794160057,0.512881660216,True,mc/mc_infill_1_2,False,,,,1.4116555793
mc/mc_infill_3_4,mc_infill_3_4_gid-93_20260714_164029,0.0,0.998,1.386751,0.00025,304.262779733,1.57187203296,True,mc/mc_infill_3_4,False,,,,3.50325040963
mc/mc_beta0_s,mc_beta0_s_gid-906_20260710_080354,0.0,0.998,1.388725,0.029078,136.901270768,2.2368257573,True,mc/mc_beta0_s,False,,,,5.7955587619
mc/mc_low_rmu_s_beta0_0,mc_low_rmu_s_beta0_0_gid-183_20260711_034057,0.0,0.998,1.389151,-0.0196,620.88153653,0.829523020262,True,mc/mc_low_rmu_s_beta0_0,False,,,,1.93725362774
mc/mc_infill_2_3,mc_infill_2_3_gid-555_20260715_041800,0.0,0.998,1.389609,-0.011942,474.071116919,1.14842774014,True,mc/mc_infill_2_3,True,0.204008,474.071117,1.148428,2.54139521583
mc/mc_beta0_s,mc_beta0_s_gid-210_20260710_075121,0.0,0.998,1.391553,0.027384,142.046307139,2.20919067159,True,mc/mc_beta0_s,False,,,,5.66603261015
mc/mc_beta0_s,mc_beta0_s_gid-930_20260710_081135,0.0,0.998,1.393356,0.005028,259.358840881,1.71547226721,True,mc/mc_beta0_s,False,,,,3.90047547053
mc/mc_beta0_s,mc_beta0_s_gid-1161_20260710_045240,0.0,0.998,1.395008,0.015031,193.165251086,1.96866246968,True,mc/mc_beta0_s,False,,,,4.69377434111
mc/mc_low_rmu_s_beta0_0,mc_low_rmu_s_beta0_0_gid-366_20260711_034532,0.0,0.998,1.395974,-0.0045,357.778031041,1.42145521878,True,mc/mc_low_rmu_s_beta0_0,False,,,,3.15327663363
mc/mc_beta0_s,mc_beta0_s_gid-96_20260710_074738,0.0,0.998,1.397612,0.010999,216.226601447,1.87421386944,True,mc/mc_beta0_s,False,,,,4.38119012306
mc/mc_infill_2_3,mc_infill_2_3_gid-543_20260715_041800,0.0,0.998,1.39762,-0.016893,565.928636754,0.952062177797,True,mc/mc_infill_2_3,True,0.133719,565.928637,0.952062,2.15595021686
mc/mc_infill_lt1_beta0_0,mc_infill_lt1_beta0_0_gid-258_20260714_163929,0.0,0.998,1.397904,-0.030556,935.713905497,0.321709492837,True,mc/mc_infill_lt1_beta0_0,True,0.125122,930.62831,0.313987,1.10979639688
mc/mc_infill_1_2,mc_infill_1_2_gid-57_20260714_210217,0.0,0.998,1.399067,-0.02922,837.606188108,0.410135457324,True,mc/mc_infill_1_2,False,,,,1.17202286611
mc/mc_beta0_s,mc_beta0_s_gid-999_20260710_080257,0.0,0.998,1.401275,0.020624,166.305462197,2.08752845596,True,mc/mc_beta0_s,False,,,,5.14914618604
mc/mc_beta0_s,mc_beta0_s_gid-1416_20260710_050340,0.0,0.998,1.406462,0.017326,180.668536297,2.0210488311,True,mc/mc_beta0_s,False,,,,4.89932636911
mc/mc_low_rmu_s_beta0_0,mc_low_rmu_s_beta0_0_gid-117_20260711_034023,0.0,0.998,1.406656,0.002747,276.63256285,1.65468219947,True,mc/mc_low_rmu_s_beta0_0,False,,,,3.74325429358
mc/mc_infill_2_3,mc_infill_2_3_gid-105_20260715_041054,0.0,0.998,1.407392,-0.012212,473.153715034,1.14776766453,True,mc/mc_infill_2_3,True,0.205119,473.009873,1.148291,2.56303750551
mc/mc_infill_1_2,mc_infill_1_2_gid-309_20260714_174956,0.0,0.998,1.408027,-0.021425,659.975139603,0.762249417862,True,mc/mc_infill_1_2,False,,,,1.83174410657
mc/mc_beta0_s,mc_beta0_s_gid-627_20260710_081327,0.0,0.998,1.409219,0.022996,156.411971677,2.13381590515,True,mc/mc_beta0_s,False,,,,5.35339785189
mc/mc_infill_3_4,mc_infill_3_4_gid-3_20260714_175314,0.0,0.998,1.411949,0.004183,263.495210754,1.69799572831,True,mc/mc_infill_3_4,False,,,,3.87413779744
mc/mc_low_rmu_s_beta0_0,mc_low_rmu_s_beta0_0_gid-420_20260711_035052,0.0,0.998,1.412433,-0.012747,481.142398315,1.13019140083,True,mc/mc_low_rmu_s_beta0_0,False,,,,2.53241710782
mc/mc_infill_1_2,mc_infill_1_2_gid-519_20260714_175506,0.0,0.998,1.41375,-0.023421,702.73780444,0.669507944311,True,mc/mc_infill_1_2,False,,,,1.70254995522
mc/mc_beta0_s,mc_beta0_s_gid-1383_20260710_050010,0.0,0.998,1.414478,0.007487,237.877363073,1.78930831839,True,mc/mc_beta0_s,False,,,,4.14142170477
mc/mc_infill_lt1_beta0_0,mc_infill_lt1_beta0_0_gid-315_20260714_174707,0.0,0.998,1.414486,-0.029608,896.004089881,0.364841444135,True,mc/mc_infill_lt1_beta0_0,False,,,,1.20759678302
mc/mc_low_rmu_s_beta0_0,mc_low_rmu_s_beta0_0_gid-306_20260711_034556,0.0,0.998,1.415491,0.008851,228.244397278,1.82509698439,True,mc/mc_low_rmu_s_beta0_0,False,,,,4.25069724624
mc/mc_beta0_s,mc_beta0_s_gid-513_20260710_075500,0.0,0.998,1.416155,0.014444,194.394594641,1.95994114728,True,mc/mc_beta0_s,False,,,,4.6928056595
mc/mc_infill_2_3_b,mc_infill_2_3_b_gid-75_20260715_002400,0.0,0.998,1.417703,-0.005823,369.763560449,1.38683839459,True,mc/mc_infill_2_3_b,True,0.148462,369.763273,1.386838,3.09909660224
mc/mc_beta0_s,mc_beta0_s_gid-378_20260710_075608,0.0,0.998,1.418936,0.017166,180.452450584,2.0199873306,True,mc/mc_beta0_s,False,,,,4.91305534079
mc/mc_beta0_s,mc_beta0_s_gid-720_20260710_075856,0.0,0.998,1.421869,0.023169,155.04558465,2.13860553542,True,mc/mc_beta0_s,False,,,,5.39300115556
mc/mc_beta0_s,mc_beta0_s_gid-654_20260710_081229,0.0,0.998,1.422064,0.004175,262.047292439,1.70132518347,True,mc/mc_beta0_s,False,,,,3.89707382543
mc/mc_infill_1_2,mc_infill_1_2_gid-651_20260714_175008,0.0,0.998,1.422972,-0.025676,758.33107989,0.571552897042,True,mc/mc_infill_1_2,False,,,,1.41751767321
mc/mc_low_rmu_s_beta0_0,mc_low_rmu_s_beta0_0_gid-309_20260711_034530,0.0,0.998,1.424067,-0.011741,458.825271078,1.17579472561,True,mc/mc_low_rmu_s_beta0_0,False,,,,2.64155513214
mc/mc_beta0_s,mc_beta0_s_gid-93_20260710_074738,0.0,0.998,1.426276,0.001468,285.029643766,1.62436327711,True,mc/mc_beta0_s,False,,,,3.68379363845
mc/mc_infill_2_3,mc_infill_2_3_gid-597_20260715_041753,0.0,0.998,1.428086,-0.017146,558.489200411,0.962127248115,True,mc/mc_infill_2_3,True,0.208935,558.4892,0.962127,2.20793042456
mc/mc_infill_1_2,mc_infill_1_2_gid-591_20260714_175539,0.0,0.998,1.428818,-0.028996,856.432122243,0.430578258942,True,mc/mc_infill_1_2,False,,,,1.28304381932
mc/mc_beta0_s,mc_beta0_s_gid-1248_20260710_045906,0.0,0.998,1.429617,0.024046,151.437008071,2.15540460332,True,mc/mc_beta0_s,False,,,,5.47794197862
mc/mc_infill_3_4,mc_infill_3_4_gid-195_20260714_175137,0.0,0.998,1.430655,0.000694,291.618083156,1.60322544608,True,mc/mc_infill_3_4,False,,,,3.63347501248
mc/mc_low_rmu_s_beta0_0,mc_low_rmu_s_beta0_0_gid-39_20260711_034022,0.0,0.998,1.433083,-0.005805,365.527763528,1.39508213465,True,mc/mc_low_rmu_s_beta0_0,False,,,,3.13674927621
mc/mc_beta0_s,mc_beta0_s_gid-420_20260710_075745,0.0,0.998,1.433409,0.023362,153.6839519,2.14360699473,True,mc/mc_beta0_s,False,,,,5.4316239861
mc/mc_beta0_s,mc_beta0_s_gid-1095_20260710_045244,0.0,0.998,1.434096,0.00773,233.654315955,1.80168574132,True,mc/mc_beta0_s,False,,,,4.20374634282
mc/mc_infill_2_3,mc_infill_2_3_gid-429_20260715_041749,0.0,0.998,1.434969,-0.006881,379.645697075,1.35894598284,True,mc/mc_infill_2_3,True,0.212971,379.645697,1.358946,3.05580773701
mc/mc_infill_1_2,mc_infill_1_2_gid-537_20260714_174609,0.0,0.998,1.435036,-0.02696,791.502363934,0.52203197102,True,mc/mc_infill_1_2,False,,,,1.4878406203
mc/mc_beta0_s,mc_beta0_s_gid-1158_20260710_045241,0.0,0.998,1.436502,0.005123,252.438005878,1.73273964836,True,mc/mc_beta0_s,False,,,,4.00672106952
mc/mc_low_rmu_s_beta0_0,mc_low_rmu_s_beta0_0_gid-102_20260711_034024,0.0,0.998,1.436735,0.005193,251.866239416,1.73474121801,True,mc/mc_low_rmu_s_beta0_0,False,,,,4.01259540041
mc/mc_beta0_s,mc_beta0_s_gid-126_20260710_074741,0.0,0.998,1.440237,0.019536,168.254856956,2.07226373424,True,mc/mc_beta0_s,False,,,,5.14425380783
mc/mc_low_rmu_s_beta0_0,mc_low_rmu_s_beta0_0_gid-417_20260711_035101,0.0,0.998,1.442787,-0.016322,536.755046038,1.00579494778,True,mc/mc_low_rmu_s_beta0_0,False,,,,2.31231068347
mc/mc_beta0_s,mc_beta0_s_gid-1461_20260710_050336,0.0,0.998,1.444614,0.030013,131.988390694,2.2554700859,True,mc/mc_beta0_s,False,,,,5.9803189705
mc/mc_infill_1_2,mc_infill_1_2_gid-633_20260714_175007,0.0,0.998,1.445423,-0.021252,634.320019494,0.798579219776,True,mc/mc_infill_1_2,False,,,,1.93278130092
mc/mc_beta0_s,mc_beta0_s_gid-1398_20260710_050007,0.0,0.998,1.446287,0.021227,160.972387639,2.10594599316,True,mc/mc_beta0_s,False,,,,5.28982734189
mc/mc_low_rmu_s_beta0_0,mc_low_rmu_s_beta0_0_gid-321_20260711_034530,0.0,0.998,1.446862,0.008446,227.158289064,1.82397523651,True,mc/mc_low_rmu_s_beta0_0,False,,,,4.28782010706
mc/mc_infill_2_3,mc_infill_2_3_gid-195_20260715_040902,0.0,0.998,1.448083,-0.011811,451.703543294,1.18674774953,True,mc/mc_infill_2_3,True,0.095005,451.703543,1.186748,2.69502999897
mc/mc_beta0_s,mc_beta0_s_gid-144_20260710_074900,0.0,0.998,1.449437,0.019301,168.606463152,2.06919991503,True,mc/mc_beta0_s,False,,,,5.14487339585
mc/mc_infill_lt1_beta0_0,mc_infill_lt1_beta0_0_gid-264_20260714_175138,0.0,0.998,1.449558,-0.029867,881.513688517,0.386210150131,True,mc/mc_infill_lt1_beta0_0,False,,,,1.27268061504
mc/mc_beta0_s,mc_beta0_s_gid-9_20260710_074739,0.0,0.998,1.450826,0.007178,235.377987873,1.79250800857,True,mc/mc_beta0_s,False,,,,4.19742514618
mc/mc_infill_2_3,mc_infill_2_3_gid-261_20260715_041533,0.0,0.998,1.451725,-0.01152,445.425272942,1.19996894053,True,mc/mc_infill_2_3,True,0.11986,445.425273,1.199969,2.72684708587
mc/mc_infill_1_2,mc_infill_1_2_gid-411_20260714_175037,0.0,0.998,1.452338,-0.024783,720.447407762,0.63715884392,True,mc/mc_infill_1_2,False,,,,1.69137097132
mc/mc_beta0_s,mc_beta0_s_gid-264_20260710_075729,0.0,0.998,1.455352,0.018688,170.80455407,2.0580590169,True,mc/mc_beta0_s,False,,,,5.10902609136
mc/mc_beta0_s,mc_beta0_s_gid-945_20260710_081135,0.0,0.998,1.457722,0.02875,135.02961702,2.23704866475,True,mc/mc_beta0_s,False,,,,5.90600038716
mc/mc_beta0_s,mc_beta0_s_gid-1194_20260710_045433,0.0,0.998,1.458195,0.020472,163.191592715,2.09347887808,True,mc/mc_beta0_s,False,,,,5.25496513236
mc/mc_low_rmu_s_beta0_0,mc_low_rmu_s_beta0_0_gid-441_20260711_035052,0.0,0.998,1.459226,0.01245,201.176805627,1.92455706133,True,mc/mc_low_rmu_s_beta0_0,False,,,,4.62865262727
mc/mc_beta0_s,mc_beta0_s_gid-1284_20260710_045908,0.0,0.998,1.461055,0.029177,133.670304852,2.24399573536,True,mc/mc_beta0_s,False,,,,5.94631946899
mc/mc_infill_lt1_beta0_0,mc_infill_lt1_beta0_0_gid-387_20260714_174706,0.0,0.998,1.461086,-0.031119,883.773115743,0.360034033247,True,mc/mc_infill_lt1_beta0_0,True,0.024474,894.728634,0.352449,1.24176033053
mc/mc_low_rmu_s_beta0_0,mc_low_rmu_s_beta0_0_gid-69_20260711_034023,0.0,0.998,1.462119,0.011676,205.275648241,1.90726530442,True,mc/mc_low_rmu_s_beta0_0,False,,,,4.57434200161
mc/mc_beta0_s,mc_beta0_s_gid-243_20260710_075327,0.0,0.998,1.462338,3e-06,292.525038198,1.59529158109,True,mc/mc_beta0_s,False,,,,3.65173658948
mc/mc_infill_3_4,mc_infill_3_4_gid-177_20260714_175005,0.0,0.998,1.463301,0.009304,219.558066862,1.8503696183,True,mc/mc_infill_3_4,False,,,,4.39133720095
mc/mc_beta0_s,mc_beta0_s_gid-1206_20260710_045638,0.0,0.998,1.464533,0.025016,146.257952016,2.17665424161,True,mc/mc_beta0_s,False,,,,5.62490291571
mc/mc_infill_2_3,mc_infill_2_3_gid-33_20260715_040901,0.0,0.998,1.466196,-0.00882,398.536028137,1.30720847993,True,mc/mc_infill_2_3,True,0.205378,398.536028,1.307208,2.97603277633
mc/mc_infill_1_2,mc_infill_1_2_gid-435_20260714_174956,0.0,0.998,1.467101,-0.020079,600.493468258,0.861725045693,True,mc/mc_infill_1_2,False,,,,2.07591281089
mc/mc_low_rmu_s_beta0_0,mc_low_rmu_s_beta0_0_gid-84_20260711_034023,0.0,0.998,1.469962,0.009045,220.435027526,1.84590214325,True,mc/mc_low_rmu_s_beta0_0,False,,,,4.38558279666
mc/mc_beta0_s,mc_beta0_s_gid-321_20260710_075804,0.0,0.998,1.470689,0.021502,158.374696263,2.11491859111,True,mc/mc_beta0_s,False,,,,5.36127625682
mc/mc_infill_1_2,mc_infill_1_2_gid-687_20260714_175638,0.0,0.998,1.471398,-0.025967,741.445003514,0.596303602521,True,mc/mc_infill_1_2,False,,,,1.60605072702
mc/mc_beta0_s,mc_beta0_s_gid-438_20260710_080222,0.0,0.998,1.473639,0.003496,259.777271709,1.7008333585,True,mc/mc_beta0_s,False,,,,3.96120582204
mc/mc_beta0_s,mc_beta0_s_gid-237_20260710_075223,0.0,0.998,1.474924,0.008531,223.176191676,1.83457064318,True,mc/mc_beta0_s,False,,,,4.35570787067
mc/mc_infill_2_3_a,mc_infill_2_3_a_gid-153_20260714_213243,0.0,0.998,1.475126,-0.005925,356.337531406,1.41193336808,True,mc/mc_infill_2_3_a,True,0.235132,356.337074,1.411933,3.226306304
mc/mc_infill_3_4,mc_infill_3_4_gid-45_20260714_162827,0.0,0.998,1.476701,-0.003858,330.717398485,1.48087903693,True,mc/mc_infill_3_4,False,,,,3.39457156455
mc/mc_beta0_s,mc_beta0_s_gid-804_20260710_080453,0.0,0.998,1.477743,0.007573,229.207354714,1.81120939284,True,mc/mc_beta0_s,False,,,,4.28722787322
mc/mc_low_rmu_s_beta0_0,mc_low_rmu_s_beta0_0_gid-330_20260711_034530,0.0,0.998,1.478568,-0.020522,605.325514688,0.854357216733,True,mc/mc_low_rmu_s_beta0_0,True,0.143575,603.765639,0.852794,2.0719553239
mc/mc_infill_1_2,mc_infill_1_2_gid-33_20260714_175740,0.0,0.998,1.482385,-0.028647,811.48523486,0.480734719834,True,mc/mc_infill_1_2,False,,,,1.43099930277
mc/mc_low_rmu_s_beta0_0,mc_low_rmu_s_beta0_0_gid-54_20260711_034024,0.0,0.998,1.484667,-0.01263,453.180954047,1.17782708244,True,mc/mc_low_rmu_s_beta0_0,False,,,,2.71756860774
mc/mc_infill_2_3,mc_infill_2_3_gid-51_20260715_040907,0.0,0.998,1.489195,-0.013523,466.756053673,1.14725020267,True,mc/mc_infill_2_3,True,0.062559,466.756054,1.14725,2.65615491216
mc/mc_infill_1_2,mc_infill_1_2_gid-171_20260714_174735,0.0,0.998,1.490502,-0.018991,567.699637178,0.928831252449,True,mc/mc_infill_1_2,False,,,,2.21898145879
mc/mc_low_rmu_s_beta0_0,mc_low_rmu_s_beta0_0_gid-396_20260711_034534,0.0,0.998,1.49056,-0.00214,308.713857052,1.5417447528,True,mc/mc_low_rmu_s_beta0_0,False,,,,3.55456230284
mc/mc_beta0_s,mc_beta0_s_gid-801_20260710_080117,0.0,0.998,1.492938,0.005272,243.39251159,1.75619411454,True,mc/mc_beta0_s,False,,,,4.14198636036
mc/mc_infill_lt1_beta0_0,mc_infill_lt1_beta0_0_gid-39_20260714_175206,0.0,0.998,1.492994,-0.032086,881.58949824,0.372782702485,True,mc/mc_infill_lt1_beta0_0,False,,,,1.20829622145
mc/mc_low_rmu_s_beta0_0,mc_low_rmu_s_beta0_0_gid-180_20260711_034026,0.0,0.998,1.493918,0.00342,257.313496383,1.70621305055,True,mc/mc_low_rmu_s_beta0_0,False,,,,4.00185605097
mc/mc_infill_2_3_a,mc_infill_2_3_a_gid-171_20260714_213246,0.0,0.998,1.497271,-0.008044,378.639918443,1.35102464194,True,mc/mc_infill_2_3_a,True,0.118238,378.63951,1.351024,3.11060135441
mc/mc_infill_3_4,mc_infill_3_4_gid-159_20260714_174615,0.0,0.998,1.500594,0.005682,239.374243847,1.76969064597,True,mc/mc_infill_3_4,False,,,,4.19042132589
mc/mc_infill_lt1_beta0_0,mc_infill_lt1_beta0_0_gid-204_20260714_175006,0.0,0.998,1.500596,-0.029155,823.040670272,0.466227838897,True,mc/mc_infill_lt1_beta0_0,False,,,,1.43669915012
mc/mc_beta0_s,mc_beta0_s_gid-822_20260710_080256,0.0,0.998,1.50442,0.003841,252.471936123,1.72167195666,True,mc/mc_beta0_s,False,,,,4.0573851031
mc/mc_infill_2_3,mc_infill_2_3_gid-57_20260715_040901,0.0,0.998,1.505785,-0.00511,338.725296266,1.45410759504,True,mc/mc_infill_2_3,True,0.246437,338.725296,1.454108,3.36220091791
mc/mc_low_rmu_s_beta0_0,mc_low_rmu_s_beta0_0_gid-153_20260711_034024,0.0,0.998,1.506539,-0.005425,342.33747609,1.44414860368,True,mc/mc_low_rmu_s_beta0_0,False,,,,3.33918460719
mc/mc_low_rmu_s_beta0_0,mc_low_rmu_s_beta0_0_gid-411_20260711_035051,0.0,0.998,1.508804,-0.013752,463.813608572,1.1505983397,True,mc/mc_low_rmu_s_beta0_0,False,,,,2.68564185564
mc/mc_infill_1_2,mc_infill_1_2_gid-333_20260714_172633,0.0,0.998,1.508976,-0.023173,643.489227003,0.76758658865,True,mc/mc_infill_1_2,False,,,,1.95518794325
mc/mc_beta0_s,mc_beta0_s_gid-1407_20260710_050356,0.0,0.998,1.509987,0.024683,144.958611573,2.1770461324,True,mc/mc_beta0_s,False,,,,5.68963514011
mc/mc_beta0_s,mc_beta0_s_gid-651_20260710_081229,0.0,0.998,1.512965,0.006128,234.561834754,1.7855485458,True,mc/mc_beta0_s,False,,,,4.25194351893
mc/mc_infill_2_3,mc_infill_2_3_gid-561_20260715_041959,0.0,0.998,1.514297,-0.011688,427.680989597,1.23065842641,True,mc/mc_infill_2_3,True,0.198603,427.616774,1.230614,2.86315834603
mc/mc_beta0_s,mc_beta0_s_gid-591_20260710_081400,0.0,0.998,1.516032,0.011272,201.967332824,1.91238611533,True,mc/mc_beta0_s,False,,,,4.6583006185
mc/mc_low_rmu_s_beta0_0,mc_low_rmu_s_beta0_0_gid-186_20260711_034057,0.0,0.998,1.516777,0.010701,205.115760402,1.89933739916,True,mc/mc_low_rmu_s_beta0_0,False,,,,4.61557786106
mc/mc_infill_3_4,mc_infill_3_4_gid-135_20260714_172905,0.0,0.998,1.517419,0.003617,252.270836744,1.7203506456,True,mc/mc_infill_3_4,False,,,,4.06863911598
mc/mc_beta0_s,mc_beta0_s_gid-1185_20260710_045240,0.0,0.998,1.518097,0.002647,259.76547655,1.69387145177,True,mc/mc_beta0_s,False,,,,3.99478211712
mc/mc_infill_1_2,mc_infill_1_2_gid-663_20260714_175406,0.0,0.998,1.520328,-0.024474,683.178567614,0.700632480844,True,mc/mc_infill_1_2,False,,,,1.87251942514
mc/mc_low_rmu_s_beta0_0,mc_low_rmu_s_beta0_0_gid-189_20260711_034058,0.0,0.998,1.522178,0.006393,231.514977287,1.79548610987,True,mc/mc_low_rmu_s_beta0_0,False,,,,4.29251280215
mc/mc_infill_lt1_beta0_0,mc_infill_lt1_beta0_0_gid-246_20260714_174609,0.0,0.998,1.522413,-0.034824,890.514900892,0.277955767691,False,mc/mc_infill_lt1_beta0_0,True,0.073248,912.858359,0.30228,1.06236638378
mc/mc_infill_2_3,mc_infill_2_3_gid-297_20260715_041532,0.0,0.998,1.522878,-0.010973,413.718483026,1.26144001169,True,mc/mc_infill_2_3,True,0.182735,413.718483,1.26144,2.94031553085
mc/mc_low_rmu_s_beta0_0,mc_low_rmu_s_beta0_0_gid-87_20260711_034023,0.0,0.998,1.52745,0.00025,278.498168834,1.62971993094,True,mc/mc_low_rmu_s_beta0_0,False,,,,3.82172572926
mc/mc_infill_1_2,mc_infill_1_2_gid-81_20260714_175613,0.0,0.998,1.528285,-0.025879,719.165014433,0.653086560662,True,mc/mc_infill_1_2,False,,,,1.77525246798
mc/mc_beta0_s,mc_beta0_s_gid-138_20260710_074738,0.0,0.998,1.530146,0.008778,215.029659783,1.85752608104,True,mc/mc_beta0_s,False,,,,4.49506991572
mc/mc_beta0_s,mc_beta0_s_gid-549_20260710_075722,0.0,0.998,1.534174,0.01273,192.330011254,1.95021319891,True,mc/mc_beta0_s,False,,,,4.80974794863
mc/mc_low_rmu_s_beta0_0,mc_low_rmu_s_beta0_0_gid-432_20260711_035052,0.0,0.998,1.535448,-0.006724,351.20533739,1.4157035099,True,mc/mc_low_rmu_s_beta0_0,False,,,,3.30391019166
mc/mc_infill_2_3,mc_infill_2_3_gid-141_20260715_040909,0.0,0.998,1.535486,-0.012907,440.271998825,1.19751098086,True,mc/mc_infill_2_3,True,0.167456,440.265821,1.198091,2.8171178034
mc/mc_infill_1_2,mc_infill_1_2_gid-303_20260714_174956,0.0,0.998,1.536746,-0.022443,624.521945038,0.812652478834,True,mc/mc_infill_1_2,False,,,,2.08176208124
mc/mc_infill_3_4,mc_infill_3_4_gid-81_20260714_164029,0.0,0.998,1.540501,0.002834,254.855972142,1.70763170702,True,mc/mc_infill_3_4,False,,,,4.05937939125
mc/mc_infill_1_2,mc_infill_1_2_gid-363_20260714_172102,0.0,0.998,1.540865,-0.02171,608.298572353,0.84728200474,True,mc/mc_infill_1_2,False,,,,2.13862233935
mc/mc_beta0_s,mc_beta0_s_gid-1419_20260710_050353,0.0,0.998,1.540942,0.02634,138.258138764,2.20845035817,True,mc/mc_beta0_s,False,,,,5.88027458262
mc/mc_beta0_s,mc_beta0_s_gid-18_20260710_074738,0.0,0.998,1.542089,0.013411,188.131418269,1.96718066429,True,mc/mc_beta0_s,False,,,,4.87909442267
mc/mc_infill_2_3_b,mc_infill_2_3_b_gid-213_20260715_002652,0.0,0.998,1.543752,-0.015209,477.350081084,1.11525921132,True,mc/mc_infill_2_3_b,True,0.145745,476.9362,1.116029,2.65394149565
mc/mc_low_rmu_s_beta0_0,mc_low_rmu_s_beta0_0_gid-375_20260711_034659,0.0,0.998,1.544098,-0.01703,510.182656473,1.04446893195,True,mc/mc_low_rmu_s_beta0_0,False,,,,2.51006785918
mc/mc_beta0_s,mc_beta0_s_gid-462_20260710_081355,0.0,0.998,1.545164,0.004747,239.916252447,1.76074298885,True,mc/mc_beta0_s,False,,,,4.21557666135
mc/mc_beta0_s,mc_beta0_s_gid-261_20260710_075729,0.0,0.998,1.549837,0.007204,222.574001915,1.82516864875,True,mc/mc_beta0_s,False,,,,4.41562955711
mc/mc_beta0_s,mc_beta0_s_gid-1479_20260710_050340,0.0,0.998,1.55107,0.00083,269.422339184,1.65623404837,True,mc/mc_beta0_s,False,,,,3.92367500627
mc/mc_low_rmu_s_beta0_0,mc_low_rmu_s_beta0_0_gid-267_20260711_034656,0.0,0.998,1.551789,0.002344,256.961447524,1.6985198291,True,mc/mc_low_rmu_s_beta0_0,False,,,,4.04684389282
mc/mc_infill_lt1_beta0_0,mc_infill_lt1_beta0_0_gid-66_20260714_174636,0.0,0.998,1.552242,-0.033926,865.080743684,0.327268621639,False,mc/mc_infill_lt1_beta0_0,False,,,,1.35550664804
mc/mc_infill_1_2,mc_infill_1_2_gid-339_20260714_172633,0.0,0.998,1.553642,-0.022043,605.947144919,0.841432830979,True,mc/mc_infill_1_2,False,,,,2.13448413893
mc/mc_infill_2_3,mc_infill_2_3_gid-9_20260715_040901,0.0,0.998,1.556058,-0.0067,345.750511789,1.42704837146,True,mc/mc_infill_2_3,True,0.239868,345.750512,1.427048,3.35353423231
mc/mc_beta0_s,mc_beta0_s_gid-1176_20260710_045240,0.0,0.998,1.556679,0.001673,261.531639117,1.68183818375,True,mc/mc_beta0_s,False,,,,4.00474849689
mc/mc_low_rmu_s_beta0_0,mc_low_rmu_s_beta0_0_gid-204_20260711_034058,0.0,0.998,1.558724,-0.006115,338.049356503,1.44758249709,True,mc/mc_low_rmu_s_beta0_0,False,,,,3.40540091549
mc/mc_beta0_s,mc_beta0_s_gid-201_20260710_075334,0.0,0.998,1.559144,0.008486,213.41730043,1.85951517828,True,mc/mc_beta0_s,False,,,,4.53474590653
mc/mc_infill_1_2,mc_infill_1_2_gid-267_20260714_174956,0.0,0.998,1.559385,-0.027675,747.190523184,0.585288333152,True,mc/mc_infill_1_2,False,,,,1.7194248813
mc/mc_beta0_s,mc_beta0_s_gid-291_20260710_081031,0.0,0.998,1.560132,0.026141,137.898189594,2.20794990712,True,mc/mc_beta0_s,False,,,,5.90239046752
mc/mc_infill_3_4,mc_infill_3_4_gid-69_20260714_162900,0.0,0.998,1.561448,0.00658,225.167335685,1.81347186688,True,mc/mc_infill_3_4,False,,,,4.39250332351
mc/mc_low_rmu_s_beta0_0,mc_low_rmu_s_beta0_0_gid-438_20260711_035052,0.0,0.998,1.563331,0.014902,179.108774736,2.00410928072,True,mc/mc_low_rmu_s_beta0_0,False,,,,5.03863000927
mc/mc_beta0_s,mc_beta0_s_gid-246_20260710_075321,0.0,0.998,1.564022,0.000361,271.234805899,1.64819352863,True,mc/mc_beta0_s,False,,,,3.91570760385
mc/mc_beta0_s,mc_beta0_s_gid-1005_20260710_045241,0.0,0.998,1.566305,0.018048,165.352635891,2.06756520217,True,mc/mc_beta0_s,False,,,,5.28753815497
mc/mc_infill_2_3,mc_infill_2_3_gid-219_20260715_041531,0.0,0.998,1.569379,-0.008392,363.703252233,1.37748659266,True,mc/mc_infill_2_3,True,0.236458,363.703252,1.377487,3.25146762993
mc/mc_low_rmu_s_beta0_0,mc_low_rmu_s_beta0_0_gid-231_20260711_034813,0.0,0.998,1.569914,0.007639,217.338293813,1.84246329087,True,mc/mc_low_rmu_s_beta0_0,False,,,,4.49246252536
mc/mc_infill_1_2,mc_infill_1_2_gid-321_20260714_175106,0.0,0.998,1.573746,-0.021965,591.643347764,0.858328511744,True,mc/mc_infill_1_2,False,,,,2.18313101954
mc/mc_low_rmu_s_beta0_0,mc_low_rmu_s_beta0_0_gid-45_20260711_034021,0.0,0.998,1.574513,-0.000517,277.047065645,1.6273292173,True,mc/mc_low_rmu_s_beta0_0,False,,,,3.86904451729
mc/mc_beta0_s,mc_beta0_s_gid-495_20260710_075626,0.0,0.998,1.576347,0.005552,230.06862668,1.79265893124,True,mc/mc_beta0_s,False,,,,4.34504387321
mc/mc_infill_2_3_b,mc_infill_2_3_b_gid-45_20260715_002635,0.0,0.998,1.577159,-0.017943,514.608547947,1.02963884843,True,mc/mc_infill_2_3_b,True,0.186929,514.472725,1.030022,2.51543275904
mc/mc_infill_1_2,mc_infill_1_2_gid-555_20260714_164900,0.0,0.998,1.579439,-0.026726,716.44499758,0.646178146287,True,mc/mc_infill_1_2,False,,,,1.81499358851
mc/mc_beta0_s,mc_beta0_s_gid-1500_20260710_050549,0.0,0.998,1.580977,0.004948,233.564133712,1.77885451653,True,mc/mc_beta0_s,False,,,,4.30868670275
mc/mc_low_rmu_s_beta0_0,mc_low_rmu_s_beta0_0_gid-273_20260711_034701,0.0,0.998,1.582903,-0.003742,306.309970249,1.53462780329,True,mc/mc_low_rmu_s_beta0_0,False,,,,3.63771487637
mc/mc_beta0_s,mc_beta0_s_gid-1344_20260710_045934,0.0,0.998,1.585522,0.021009,152.924650083,2.12609703293,True,mc/mc_beta0_s,False,,,,5.55498583406
mc/mc_infill_1_2,mc_infill_1_2_gid-387_20260714_175009,0.0,0.998,1.587967,-0.018179,514.686635683,1.02747257498,True,mc/mc_infill_1_2,False,,,,2.52216549686
mc/mc_beta0_s,mc_beta0_s_gid-306_20260710_075804,0.0,0.998,1.58854,0.0155,174.307367008,2.02248243745,True,mc/mc_beta0_s,False,,,,5.13664522604
mc/mc_infill_2_3,mc_infill_2_3_gid-177_20260715_041101,0.0,0.998,1.588942,-0.017779,506.705223495,1.04392346668,True,mc/mc_infill_2_3,True,0.131462,506.609122,1.044309,2.55957738148
mc/mc_beta0_s,mc_beta0_s_gid-240_20260710_075223,0.0,0.998,1.592306,0.024536,141.02620195,2.18711056872,True,mc/mc_beta0_s,False,,,,5.84094667468
mc/mc_infill_1_2,mc_infill_1_2_gid-225_20260714_174609,0.0,0.998,1.592638,-0.024036,635.89261915,0.77672487191,True,mc/mc_infill_1_2,False,,,,2.07300503982
mc/mc_low_rmu_s_beta0_0,mc_low_rmu_s_beta0_0_gid-201_20260711_034058,0.0,0.998,1.592889,-0.009475,371.61723534,1.3533911486,True,mc/mc_low_rmu_s_beta0_0,False,,,,3.22113551736
mc/mc_beta0_s,mc_beta0_s_gid-270_20260710_075729,0.0,0.998,1.594878,0.022021,148.884986411,2.14552416229,True,mc/mc_beta0_s,False,,,,5.65173842633
mc/mc_infill_3_4,mc_infill_3_4_gid-57_20260714_162428,0.0,0.998,1.59645,-0.001855,285.184879464,1.59779930288,True,mc/mc_infill_3_4,False,,,,3.81193739044
mc/mc_low_rmu_s_beta0_0,mc_low_rmu_s_beta0_0_gid-423_20260711_035052,0.0,0.998,1.597949,0.008304,209.983295751,1.86753859657,True,mc/mc_low_rmu_s_beta0_0,False,,,,4.60356430097
mc/mc_infill_lt1_beta0_0,mc_infill_lt1_beta0_0_gid-168_20260714_174205,0.0,0.998,1.599666,-0.034069,920.965914264,0.327499567584,True,mc/mc_infill_lt1_beta0_0,False,,,,1.21883477892
mc/mc_infill_2_3,mc_infill_2_3_gid-459_20260715_041752,0.0,0.998,1.599776,-0.009604,371.437558109,1.35277065986,True,mc/mc_infill_2_3,True,0.153708,371.437558,1.352771,3.22700186599
mc/mc_infill_3_4,mc_infill_3_4_gid-87_20260714_164029,0.0,0.998,1.600737,0.005477,227.335024561,1.79939372668,True,mc/mc_infill_3_4,False,,,,4.39231263622
mc/mc_beta0_s,mc_beta0_s_gid-891_20260710_081200,0.0,0.998,1.600865,0.021742,149.456589533,2.14182184005,True,mc/mc_beta0_s,False,,,,5.64211626325
mc/mc_infill_1_2,mc_infill_1_2_gid-291_20260714_174636,0.0,0.998,1.601409,-0.019229,529.351373571,0.994392082399,True,mc/mc_infill_1_2,False,,,,2.47141910772
mc/mc_low_rmu_s_beta0_0,mc_low_rmu_s_beta0_0_gid-354_20260711_034533,0.0,0.998,1.602226,0.006099,223.071308438,1.81547552815,True,mc/mc_low_rmu_s_beta0_0,False,,,,4.44328456904
mc/mc_infill_lt1_beta0_0,mc_infill_lt1_beta0_0_gid-93_20260714_174705,0.0,0.998,1.602753,-0.035669,911.579912092,0.274131600031,True,mc/mc_infill_lt1_beta0_0,False,,,,1.17014853241
mc/mc_beta0_s,mc_beta0_s_gid-111_20260710_074742,0.0,0.998,1.606161,0.014912,175.421624678,2.01494984564,True,mc/mc_beta0_s,False,,,,5.12767798284
mc/mc_infill_2_3,mc_infill_2_3_gid-573_20260715_041959,0.0,0.998,1.608307,-0.016688,479.101589056,1.10037449407,True,mc/mc_infill_2_3,True,0.240637,479.101589,1.100374,2.69151580251
mc/mc_low_rmu_s_beta0_0,mc_low_rmu_s_beta0_0_gid-123_20260711_034023,0.0,0.998,1.609013,0.001925,251.383396221,1.70968494674,True,mc/mc_low_rmu_s_beta0_0,False,,,,4.13875024924
mc/mc_infill_1_2,mc_infill_1_2_gid-219_20260714_174609,0.0,0.998,1.609751,-0.02817,732.187385717,0.601915336241,True,mc/mc_infill_1_2,False,,,,1.77655450185
mc/mc_beta0_s,mc_beta0_s_gid-429_20260710_075458,0.0,0.998,1.611262,0.012667,185.330219114,1.96962311233,True,mc/mc_beta0_s,False,,,,4.96617546881
mc/mc_low_rmu_s_beta0_0,mc_low_rmu_s_beta0_0_gid-405_20260711_034534,0.0,0.998,1.614142,-0.018313,507.421400473,1.03963748517,True,mc/mc_low_rmu_s_beta0_0,False,,,,2.57643276077
mc/mc_beta0_s,mc_beta0_s_gid-1470_20260710_050306,0.0,0.998,1.618768,0.014789,174.899739115,2.01565331327,True,mc/mc_beta0_s,False,,,,5.14411478914
mc/mc_infill_2_3,mc_infill_2_3_gid-183_20260715_040903,0.0,0.998,1.619412,-0.010053,371.989950699,1.34829528881,True,mc/mc_infill_2_3,True,0.308367,371.989951,1.348295,3.23737881631
mc/mc_infill_1_2,mc_infill_1_2_gid-561_20260714_164833,0.0,0.998,1.620285,-0.022969,597.946923692,0.845863096594,True,mc/mc_infill_1_2,False,,,,2.22102749147
mc/mc_infill_2_3,mc_infill_2_3_gid-21_20260715_040901,0.0,0.998,1.625678,-0.009498,362.96610508,1.37062229929,True,mc/mc_infill_2_3,True,0.232644,362.966105,1.370622,3.29514644463
mc/mc_low_rmu_s_beta0_0,mc_low_rmu_s_beta0_0_gid-381_20260711_034532,0.0,0.998,1.625864,-0.020902,552.068382739,0.939648031783,True,mc/mc_low_rmu_s_beta0_0,False,,,,2.39547342214
mc/mc_beta0_s,mc_beta0_s_gid-1311_20260710_045645,0.0,0.998,1.629046,0.015362,171.574368597,2.02972324777,True,mc/mc_beta0_s,False,,,,5.20900153142
mc/mc_infill_lt1_ws,mc_infill_lt1_ws_gid-140_20260715_222233,0.0,0.998,1.630191,-0.037055,917.247439014,0.251135998003,True,mc/mc_infill_lt1_ws,True,0.053395,921.310967,0.271293,1.27048030337
mc/mc_infill_1_2,mc_infill_1_2_gid-675_20260714_175406,0.0,0.998,1.630785,-0.019532,521.275095005,1.00146016993,True,mc/mc_infill_1_2,False,,,,2.51991645279
mc/mc_beta0_s,mc_beta0_s_gid-99_20260710_074742,0.0,0.998,1.631208,0.009239,200.937349706,1.89987711425,True,mc/mc_beta0_s,False,,,,4.74551656104
mc/mc_infill_3_4,mc_infill_3_4_gid-201_20260714_174956,0.0,0.998,1.632353,0.007052,213.373344652,1.8490889197,True,mc/mc_infill_3_4,False,,,,4.58071477443
mc/mc_low_rmu_s_beta0_0,mc_low_rmu_s_beta0_0_gid-159_20260711_034023,0.0,0.998,1.632515,0.006865,214.484979913,1.84465372977,True,mc/mc_low_rmu_s_beta0_0,False,,,,4.56675455647
mc/mc_infill_lt1_beta0_0,mc_infill_lt1_beta0_0_gid-153_20260714_174205,0.0,0.998,1.635887,-0.030238,770.742827747,0.526694122832,True,mc/mc_infill_lt1_beta0_0,False,,,,1.68611847548
mc/mc_beta0_s,mc_beta0_s_gid-1314_20260710_050213,0.0,0.998,1.636301,0.00931,199.997716394,1.90309827511,True,mc/mc_beta0_s,False,,,,4.76164004451
mc/mc_infill_1_2,mc_infill_1_2_gid-9_20260714_175338,0.0,0.998,1.637483,-0.025344,643.080005336,0.754020394824,True,mc/mc_infill_1_2,False,,,,2.0964236165
mc/mc_infill_2_3,mc_infill_2_3_gid-315_20260715_041535,0.0,0.998,1.638488,-0.01056,373.447280502,1.34162146012,True,mc/mc_infill_2_3,True,0.204475,373.446968,1.341621,3.24188698634
mc/mc_beta0_s,mc_beta0_s_gid-648_20260710_081229,0.0,0.998,1.639012,0.00225,244.433349106,1.73035504004,True,mc/mc_beta0_s,False,,,,4.22804239542
mc/mc_low_rmu_s_beta0_0,mc_low_rmu_s_beta0_0_gid-78_20260711_034024,0.0,0.998,1.639409,0.010399,193.898386758,1.92849420013,True,mc/mc_low_rmu_s_beta0_0,False,,,,4.85128873582
mc/mc_beta0_s,mc_beta0_s_gid-624_20260710_080053,0.0,0.998,1.642318,0.013099,180.439075435,1.98726363737,True,mc/mc_beta0_s,False,,,,5.06326417338
mc/mc_infill_lt1_beta0_0,mc_infill_lt1_beta0_0_gid-324_20260714_174707,0.0,0.998,1.643761,-0.032234,833.038314263,0.430451328587,True,mc/mc_infill_lt1_beta0_0,False,,,,1.52835207202
mc/mc_low_rmu_s_beta0_0,mc_low_rmu_s_beta0_0_gid-138_20260711_034030,0.0,0.998,1.643765,0.003223,236.786565677,1.75773694606,True,mc/mc_low_rmu_s_beta0_0,False,,,,4.31219675047
mc/mc_infill_2_3,mc_infill_2_3_gid-231_20260715_041559,0.0,0.998,1.64406,-0.012612,400.687580271,1.27311098533,True,mc/mc_infill_2_3,True,0.183582,400.68758,1.273111,3.09500897267
mc/mc_beta0_s,mc_beta0_s_gid-531_20260710_081403,0.0,0.998,1.645379,0.016944,163.841736791,2.06439261175,True,mc/mc_beta0_s,False,,,,5.36309801168
mc/mc_beta0_s,mc_beta0_s_gid-219_20260710_075227,0.0,0.998,1.64608,0.006539,214.808566773,1.84147707928,True,mc/mc_beta0_s,False,,,,4.57065924884
mc/mc_low_rmu_s_beta0_0,mc_low_rmu_s_beta0_0_gid-339_20260711_034532,0.0,0.998,1.647071,-0.012013,391.018696953,1.29607672882,True,mc/mc_low_rmu_s_beta0_0,False,,,,3.14834949958
mc/mc_infill_3_4,mc_infill_3_4_gid-183_20260714_174609,0.0,0.998,1.650545,0.004902,224.533858332,1.8029649369,True,mc/mc_infill_3_4,False,,,,4.4551451257
mc/mc_beta0_s,mc_beta0_s_gid-756_20260710_080731,0.0,0.998,1.650669,0.006085,217.02310013,1.83210430261,True,mc/mc_beta0_s,False,,,,4.54573969732
mc/mc_infill_1_2,mc_infill_1_2_gid-423_20260714_175205,0.0,0.998,1.651647,-0.02043,532.483849067,0.98032893019,True,mc/mc_infill_1_2,False,,,,2.49998437017
mc/mc_beta0_s,mc_beta0_s_gid-1251_20260710_045905,0.0,0.998,1.653113,0.006268,215.594652331,1.83739374536,True,mc/mc_beta0_s,False,,,,4.56490346542
mc/mc_infill_2_3,mc_infill_2_3_gid-387_20260715_041536,0.0,0.998,1.655166,-0.015926,448.829634215,1.15929715071,True,mc/mc_infill_2_3,True,0.114946,448.829634,1.159297,2.86207765671
mc/mc_beta0_s,mc_beta0_s_gid-357_20260710_075125,0.0,0.998,1.6559,0.021932,145.51817199,2.15559850823,True,mc/mc_beta0_s,False,,,,5.76543376894
mc/mc_low_rmu_s_beta0_0,mc_low_rmu_s_beta0_0_gid-174_20260711_034032,0.0,0.998,1.658195,-0.020182,524.529668015,0.99508975195,True,mc/mc_low_rmu_s_beta0_0,False,,,,2.53139143653
mc/mc_infill_1_2,mc_infill_1_2_gid-543_20260714_174609,0.0,0.998,1.65914,-0.02287,574.248534874,0.882778456793,True,mc/mc_infill_1_2,False,,,,2.31275372912
mc/mc_beta0_s,mc_beta0_s_gid-1113_20260710_050004,0.0,0.998,1.65936,0.00535,220.515444276,1.81725677071,True,mc/mc_beta0_s,False,,,,4.50814323034
mc/mc_beta0_s,mc_beta0_s_gid-1371_20260710_045935,0.0,0.998,1.660448,0.000189,256.710350906,1.68352748132,True,mc/mc_beta0_s,False,,,,4.11864602995
mc/mc_infill_lt1_beta0_0,mc_infill_lt1_beta0_0_gid-285_20260714_173934,0.0,0.998,1.66086,-0.030143,755.322437296,0.551901390175,True,mc/mc_infill_lt1_beta0_0,False,,,,1.7670347111
mc/mc_wrongbasin_ws,mc_wrongbasin_ws_gid-29_20260713_015044,0.0,0.998,1.660981,-0.024568,616.524919321,0.807680612174,True,mc/mc_wrongbasin_ws,True,0.101421,612.836014,0.812429,2.19156215554
mc/mc_infill_2_3,mc_infill_2_3_gid-291_20260715_041622,0.0,0.998,1.665921,-0.016414,453.179304949,1.14744950614,True,mc/mc_infill_2_3,True,0.13871,453.179305,1.14745,2.8486492534
mc/mc_beta0_s,mc_beta0_s_gid-1389_20260710_050007,0.0,0.998,1.665962,0.00336,232.70603969,1.76982223152,True,mc/mc_beta0_s,False,,,,4.37012879479
mc/mc_beta0_s,mc_beta0_s_gid-354_20260710_075228,0.0,0.998,1.667445,0.01197,183.385691344,1.9707372191,True,mc/mc_beta0_s,False,,,,5.02894757858
mc/mc_infill_1_2,mc_infill_1_2_gid-567_20260714_174636,0.0,0.998,1.669012,-0.028512,703.278510377,0.635070329548,True,mc/mc_infill_1_2,False,,,,1.9062519997
mc/mc_beta0_s,mc_beta0_s_gid-1347_20260710_045835,0.0,0.998,1.669738,0.00952,195.315974241,1.91836024385,True,mc/mc_beta0_s,False,,,,4.84754922806
mc/mc_low_rmu_s_beta0_0,mc_low_rmu_s_beta0_0_gid-33_20260711_034022,0.0,0.998,1.671181,-0.003382,285.180532696,1.58708259889,True,mc/mc_low_rmu_s_beta0_0,False,,,,3.86268905292
mc/mc_infill_2_3,mc_infill_2_3_gid-69_20260715_041025,0.0,0.998,1.671978,-0.01467,422.79837137,1.21520439069,True,mc/mc_infill_2_3,True,0.158535,422.798371,1.215204,2.99918817227
mc/mc_infill_1_2,mc_infill_1_2_gid-585_20260714_175539,0.0,0.998,1.672632,-0.029726,731.38585868,0.572215066357,True,mc/mc_infill_1_2,False,,,,1.86661052191
mc/mc_infill_lt1_beta0_0,mc_infill_lt1_beta0_0_gid-48_20260714_163228,0.0,0.998,1.672797,-0.029804,729.267833628,0.586105288968,True,mc/mc_infill_lt1_beta0_0,False,,,,1.79292237926
mc/mc_beta0_s,mc_beta0_s_gid-1404_20260710_050258,0.0,0.998,1.673235,0.001252,246.615489115,1.71763355169,True,mc/mc_beta0_s,False,,,,4.22607632773
mc/mc_beta0_s,mc_beta0_s_gid-1323_20260710_050535,0.0,0.998,1.675904,0.010011,192.14783368,1.93114537379,True,mc/mc_beta0_s,False,,,,4.89757261219
mc/mc_low_rmu_s_beta0_0,mc_low_rmu_s_beta0_0_gid-342_20260711_034538,0.0,0.998,1.677699,0.006686,210.10219417,1.85596003274,True,mc/mc_low_rmu_s_beta0_0,False,,,,4.64876647635
mc/mc_infill_lt1_beta0_0,mc_infill_lt1_beta0_0_gid-147_20260714_173934,0.0,0.998,1.677921,-0.036971,880.325479374,0.272739003922,True,mc/mc_infill_lt1_beta0_0,True,0.070075,917.658943,0.313778,1.25972210921
mc/mc_beta0_s,mc_beta0_s_gid-561_20260710_081424,0.0,0.998,1.678848,0.00947,194.620499108,1.92012954792,True,mc/mc_beta0_s,False,,,,4.86270319318
mc/mc_infill_2_3,mc_infill_2_3_gid-75_20260715_040903,0.0,0.998,1.680828,-0.006165,310.586304415,1.50764440091,True,mc/mc_infill_2_3,True,0.270085,310.586304,1.507644,3.67069802985
mc/mc_infill_3_4,mc_infill_3_4_gid-189_20260714_174609,0.0,0.998,1.682374,-0.000734,260.441570265,1.66749521669,True,mc/mc_infill_3_4,False,,,,4.09655223724
mc/mc_beta0_s,mc_beta0_s_gid-45_20260710_074740,0.0,0.998,1.683748,0.013966,172.959616493,2.01623797224,True,mc/mc_beta0_s,False,,,,5.21394912318
mc/mc_low_rmu_s_beta0_0,mc_low_rmu_s_beta0_0_gid-276_20260711_034711,0.0,0.998,1.686078,-0.005185,299.475468608,1.54032872038,True,mc/mc_low_rmu_s_beta0_0,False,,,,3.75265939692
mc/mc_infill_1_2,mc_infill_1_2_gid-129_20260714_171906,0.0,0.998,1.686708,-0.023845,583.069122292,0.858760571838,True,mc/mc_infill_1_2,False,,,,2.30810578418
mc/mc_beta0_s,mc_beta0_s_gid-447_20260710_075558,0.0,0.998,1.687317,0.02036,148.672021717,2.13542372949,True,mc/mc_beta0_s,False,,,,5.70717633035
mc/mc_beta0_s,mc_beta0_s_gid-618_20260710_081123,0.0,0.998,1.689169,0.010462,188.552856441,1.94506182521,True,mc/mc_beta0_s,False,,,,4.95920845765
mc/mc_low_rmu_s_beta0_0,mc_low_rmu_s_beta0_0_gid-324_20260711_034658,0.0,0.998,1.689969,-0.00104,261.633509119,1.66232605357,True,mc/mc_low_rmu_s_beta0_0,False,,,,4.08996297564
mc/mc_infill_2_3,mc_infill_2_3_gid-285_20260715_041624,0.0,0.998,1.692659,-0.01246,383.832117562,1.30720294708,True,mc/mc_infill_2_3,True,0.155993,383.832118,1.307203,3.2189176156
mc/mc_beta0_s,mc_beta0_s_gid-387_20260710_075353,0.0,0.998,1.693182,0.00218,236.98261747,1.75013484854,True,mc/mc_beta0_s,False,,,,4.33890244357
mc/mc_infill_1_2,mc_infill_1_2_gid-123_20260714_175555,0.0,0.998,1.694427,-0.025453,619.104179647,0.794426453092,True,mc/mc_infill_1_2,False,,,,2.20368054111
mc/mc_beta0_s,mc_beta0_s_gid-6_20260710_074753,0.0,0.998,1.69596,0.018716,153.671647565,2.10869551577,True,mc/mc_beta0_s,False,,,,5.59919331964
mc/mc_low_rmu_s_beta0_0,mc_low_rmu_s_beta0_0_gid-207_20260711_034058,0.0,0.998,1.696234,0.014076,171.437822773,2.02181309371,True,mc/mc_low_rmu_s_beta0_0,False,,,,5.24761783223
mc/mc_infill_lt1_beta0_0,mc_infill_lt1_beta0_0_gid-390_20260714_174706,0.0,0.998,1.699355,-0.037298,847.9438361,0.336629181912,True,mc/mc_infill_lt1_beta0_0,False,,,,1.51804642118
mc/mc_infill_2_3_b,mc_infill_2_3_b_gid-63_20260715_002401,0.0,0.998,1.700905,-0.012353,379.931274548,1.31572463002,True,mc/mc_infill_2_3_b,True,0.172286,379.8858,1.315762,3.24619032477
mc/mc_infill_lt1_beta0_0,mc_infill_lt1_beta0_0_gid-198_20260714_174113,0.0,0.998,1.701707,-0.031195,765.247912225,0.531181650657,True,mc/mc_infill_lt1_beta0_0,False,,,,1.76914932202
mc/mc_low_rmu_s_beta0_0,mc_low_rmu_s_beta0_0_gid-426_20260711_035052,0.0,0.998,1.703163,-0.011018,361.566496241,1.36262806725,True,mc/mc_low_rmu_s_beta0_0,False,,,,3.35471657228
mc/mc_beta0_s,mc_beta0_s_gid-153_20260710_074856,0.0,0.998,1.703274,0.014107,170.71801895,2.02433928272,True,mc/mc_beta0_s,False,,,,5.26420550244
mc/mc_infill_1_2,mc_infill_1_2_gid-111_20260714_175206,0.0,0.998,1.704022,-0.021081,524.387234736,0.988925397732,True,mc/mc_infill_1_2,False,,,,2.55674455697
mc/mc_beta0_s,mc_beta0_s_gid-1029_20260710_045404,0.0,0.998,1.707203,0.016605,160.510684123,2.07310832672,True,mc/mc_beta0_s,False,,,,5.46136167467
mc/mc_beta0_s,mc_beta0_s_gid-276_20260710_075222,0.0,0.998,1.71043,0.008158,198.136011167,1.90106920817,True,mc/mc_beta0_s,False,,,,4.82881044274
mc/mc_low_rmu_s_beta0_0,mc_low_rmu_s_beta0_0_gid-18_20260711_034020,0.0,0.998,1.710561,-3e-05,250.408655353,1.69890398096,True,mc/mc_low_rmu_s_beta0_0,False,,,,4.20946993058
mc/mc_infill_3_4,mc_infill_3_4_gid-249_20260714_175436,0.0,0.998,1.710961,0.006773,205.677967715,1.86957226323,True,mc/mc_infill_3_4,False,,,,4.7252240936
mc/mc_infill_1_2,mc_infill_1_2_gid-201_20260714_175036,0.0,0.998,1.7123,-0.018094,464.985114311,1.11420649325,True,mc/mc_infill_1_2,False,,,,2.82780763471
mc/mc_infill_2_3,mc_infill_2_3_gid-159_20260715_040951,0.0,0.998,1.712722,-0.009161,336.326231068,1.42934264407,True,mc/mc_infill_2_3,True,0.258625,336.325732,1.429343,3.51798640939
mc/mc_beta0_s,mc_beta0_s_gid-297_20260710_080953,0.0,0.998,1.714946,0.01889,151.79253817,2.11611878947,True,mc/mc_beta0_s,False,,,,5.64989952414
mc/mc_beta0_s,mc_beta0_s_gid-1047_20260710_045405,0.0,0.998,1.716761,0.005484,212.463442596,1.84130314276,True,mc/mc_beta0_s,False,,,,4.6398220357
mc/mc_beta0_s,mc_beta0_s_gid-30_20260710_074741,0.0,0.998,1.718324,0.022646,139.716792366,2.17962527522,True,mc/mc_beta0_s,False,,,,5.94149673704
mc/mc_low_rmu_s_beta0_0,mc_low_rmu_s_beta0_0_gid-300_20260711_034527,0.0,0.998,1.719446,-0.008717,329.572654592,1.44729452204,True,mc/mc_low_rmu_s_beta0_0,False,,,,3.56562988045
mc/mc_infill_lt1_beta0_0,mc_infill_lt1_beta0_0_gid-351_20260714_175235,0.0,0.998,1.719462,-0.035431,888.043555616,0.373501885924,True,mc/mc_infill_lt1_beta0_0,False,,,,1.46931192593
mc/mc_low_rmu_s_beta0_0,mc_low_rmu_s_beta0_0_gid-165_20260711_034024,0.0,0.998,1.721077,0.004965,215.044785625,1.83045045218,True,mc/mc_low_rmu_s_beta0_0,False,,,,4.6096257109
mc/mc_infill_1_2,mc_infill_1_2_gid-99_20260714_175640,0.0,0.998,1.721375,-0.029663,705.313232038,0.628386955213,True,mc/mc_infill_1_2,False,,,,1.94293690544
mc/mc_beta0_s,mc_beta0_s_gid-480_20260710_075758,0.0,0.998,1.722423,0.00059,243.977901901,1.72049232479,True,mc/mc_beta0_s,False,,,,4.28140750631
mc/mc_infill_1_2,mc_infill_1_2_gid-471_20260714_174741,0.0,0.998,1.723076,-0.024116,576.30467412,0.878070056941,True,mc/mc_infill_1_2,False,,,,2.37399180008
mc/mc_beta0_s,mc_beta0_s_gid-1011_20260710_045634,0.0,0.998,1.727752,0.014888,165.546849311,2.04609355503,True,mc/mc_beta0_s,False,,,,5.37255647387
mc/mc_infill_2_3_a,mc_infill_2_3_a_gid-99_20260714_213450,0.0,0.998,1.728011,-0.008533,325.45777458,1.45776712262,True,mc/mc_infill_2_3_a,True,0.245647,325.457272,1.457767,3.59784933219
mc/mc_beta0_s,mc_beta0_s_gid-21_20260710_074852,0.0,0.998,1.729443,0.006672,204.101343899,1.8736967772,True,mc/mc_beta0_s,False,,,,4.75619857897
mc/mc_infill_1_2,mc_infill_1_2_gid-459_20260714_174740,0.0,0.998,1.730919,-0.020727,502.964234258,1.02644723561,True,mc/mc_infill_1_2,False,,,,2.65718343452
mc/mc_wrongbasin_ws,mc_wrongbasin_ws_gid-1_20260713_015053,0.0,0.998,1.731559,-0.022934,549.895929387,0.936133007547,True,mc/mc_wrongbasin_ws,True,0.12937,546.408116,0.935731,2.49104829679
mc/mc_infill_lt1_beta0_0,mc_infill_lt1_beta0_0_gid-276_20260714_175609,0.0,0.998,1.732914,-0.035054,840.440369479,0.381999658782,True,mc/mc_infill_lt1_beta0_0,True,0.075264,807.4316,0.423668,1.50580819379
mc/mc_infill_2_3,mc_infill_2_3_gid-129_20260715_040910,0.0,0.998,1.733764,-0.016809,435.707687713,1.17633078248,True,mc/mc_infill_2_3,True,0.243935,435.748666,1.176627,2.977131093
mc/mc_beta0_s,mc_beta0_s_gid-1290_20260710_050514,0.0,0.998,1.733789,0.01427,167.528934852,2.03584586809,True,mc/mc_beta0_s,False,,,,5.33801094981
mc/mc_beta0_s,mc_beta0_s_gid-1188_20260710_045240,0.0,0.998,1.737575,0.016054,160.304019132,2.07059916505,True,mc/mc_beta0_s,False,,,,5.48020312594
mc/mc_low_rmu_s_beta0_0,mc_low_rmu_s_beta0_0_gid-132_20260711_034025,0.0,0.998,1.738578,0.011139,180.566198896,1.9744993441,True,mc/mc_low_rmu_s_beta0_0,False,,,,5.11161781782
mc/mc_low_rmu_s_beta0_0,mc_low_rmu_s_beta0_0_gid-177_20260711_034026,0.0,0.998,1.741231,-0.016956,435.689390623,1.17534500035,True,mc/mc_low_rmu_s_beta0_0,False,,,,2.98270468709
mc/mc_infill_3_4,mc_infill_3_4_gid-207_20260714_175706,0.0,0.998,1.74307,0.001932,231.53444223,1.76384744962,True,mc/mc_infill_3_4,False,,,,4.42689271987
mc/mc_infill_2_3_b,mc_infill_2_3_b_gid-195_20260715_002650,0.0,0.998,1.744814,-0.010699,346.515088662,1.39678667404,True,mc/mc_infill_2_3_b,True,0.065445,346.514866,1.396786,3.47340071322
mc/mc_infill_lt1_beta0_0,mc_infill_lt1_beta0_0_gid-222_20260714_174136,0.0,0.998,1.745806,-0.036827,845.782850751,0.336637395669,False,mc/mc_infill_lt1_beta0_0,True,0.057131,849.46864,0.428818,1.43795510197
mc/mc_infill_1_2,mc_infill_1_2_gid-681_20260714_175638,0.0,0.998,1.747747,-0.02706,629.710787983,0.772333385373,True,mc/mc_infill_1_2,False,,,,2.21827242012
mc/mc_beta0_s,mc_beta0_s_gid-258_20260710_080853,0.0,0.998,1.749132,0.016761,156.86087833,2.08648393432,True,mc/mc_beta0_s,False,,,,5.55645165766
mc/mc_infill_1_2,mc_infill_1_2_gid-27_20260714_180423,0.0,0.998,1.749535,-0.019614,477.845564872,1.08038174287,True,mc/mc_infill_1_2,False,,,,2.79502562614
mc/mc_low_rmu_s_beta0_0,mc_low_rmu_s_beta0_0_gid-357_20260711_034627,0.0,0.998,1.750652,0.01262,172.942753263,2.00821020681,True,mc/mc_low_rmu_s_beta0_0,False,,,,5.2476014986
mc/mc_beta0_s,mc_beta0_s_gid-633_20260710_081428,0.0,0.998,1.751736,0.00273,225.048049122,1.78742092242,True,mc/mc_beta0_s,False,,,,4.50547141859
mc/mc_beta0_s,mc_beta0_s_gid-1491_20260710_050508,0.0,0.998,1.752554,0.002016,229.631920483,1.76981320682,True,mc/mc_beta0_s,False,,,,4.45335427746
mc/mc_infill_lt1_beta0_0,mc_infill_lt1_beta0_0_gid-114_20260714_173904,0.0,0.998,1.754127,-0.031633,744.288412612,0.563778936286,True,mc/mc_infill_lt1_beta0_0,False,,,,1.86777512554
mc/mc_low_rmu_s_beta0_0,mc_low_rmu_s_beta0_0_gid-264_20260711_034656,0.0,0.998,1.75541,-0.001696,255.959314421,1.6737095232,True,mc/mc_low_rmu_s_beta0_0,False,,,,4.18042205694
mc/mc_infill_3_4,mc_infill_3_4_gid-165_20260714_175536,0.0,0.998,1.755843,0.002509,225.923621658,1.78353344816,True,mc/mc_infill_3_4,False,,,,4.49748849823
mc/mc_beta0_s,mc_beta0_s_gid-216_20260710_075121,0.0,0.998,1.755919,0.017987,152.096448399,2.10999378775,True,mc/mc_beta0_s,False,,,,5.66223723075
mc/mc_infill_1_2,mc_infill_1_2_gid-405_20260714_175037,0.0,0.998,1.75658,-0.019934,480.651296286,1.07327222738,True,mc/mc_infill_1_2,False,,,,2.78774280739
mc/mc_infill_2_3,mc_infill_2_3_gid-441_20260715_041754,0.0,0.998,1.75662,-0.007186,304.649300092,1.51490430112,True,mc/mc_infill_2_3,True,0.211907,304.6493,1.514904,3.75720490216
mc/mc_beta0_s,mc_beta0_s_gid-543_20260710_075723,0.0,0.998,1.759309,0.020012,145.264725674,2.14539324594,True,mc/mc_beta0_s,False,,,,5.82153243566
mc/mc_beta0_s,mc_beta0_s_gid-75_20260710_074857,0.0,0.998,1.761422,0.004692,211.639476159,1.8389038637,True,mc/mc_beta0_s,False,,,,4.67371424114
mc/mc_infill_2_3,mc_infill_2_3_gid-537_20260715_041750,0.0,0.998,1.763478,-0.017426,435.392446592,1.17256448313,True,mc/mc_infill_2_3,True,0.242882,435.392447,1.172564,2.99894834809
mc/mc_beta0_s,mc_beta0_s_gid-537_20260710_081354,0.0,0.998,1.763642,0.004227,214.132252152,1.82863770524,True,mc/mc_beta0_s,False,,,,4.64335247836
mc/mc_low_rmu_s_beta0_0,mc_low_rmu_s_beta0_0_gid-108_20260711_034030,0.0,0.998,1.76498,0.004399,212.934541732,1.83325939932,True,mc/mc_low_rmu_s_beta0_0,False,,,,4.65910180067
mc/mc_beta0_s,mc_beta0_s_gid-267_20260710_075729,0.0,0.998,1.765506,0.009193,187.106239117,1.94195393894,True,mc/mc_beta0_s,False,,,,5.02018168306
mc/mc_infill_lt1_beta0_0,mc_infill_lt1_beta0_0_gid-267_20260714_174609,0.0,0.998,1.76626,-0.028694,659.808627658,0.706802994637,True,mc/mc_infill_lt1_beta0_0,False,,,,2.14179098228
mc/mc_infill_2_3,mc_infill_2_3_gid-45_20260715_040901,0.0,0.998,1.77188,-0.007839,308.006122034,1.50275998947,True,mc/mc_infill_2_3,True,0.244086,308.006122,1.50276,3.74068646116
mc/mc_infill_1_2,mc_infill_1_2_gid-183_20260714_174609,0.0,0.998,1.77202,-0.029952,689.020625457,0.651812232898,True,mc/mc_infill_1_2,False,,,,2.02806402105
mc/mc_beta0_s,mc_beta0_s_gid-1197_20260710_045434,0.0,0.998,1.772627,0.010619,179.737331058,1.97422341623,True,mc/mc_beta0_s,False,,,,5.14167627183
mc/mc_low_rmu_s_beta0_0,mc_low_rmu_s_beta0_0_gid-285_20260711_034701,0.0,0.998,1.773064,-0.003628,268.561707598,1.62796258801,True,mc/mc_low_rmu_s_beta0_0,False,,,,4.07450709678
mc/mc_infill_3_4,mc_infill_3_4_gid-21_20260714_162332,0.0,0.998,1.778222,0.003844,214.588761786,1.8249987975,True,mc/mc_infill_3_4,False,,,,4.64502003347
mc/mc_infill_lt1_beta0_0,mc_infill_lt1_beta0_0_gid-72_20260714_175237,0.0,0.998,1.778335,-0.028323,645.994586716,0.733739526497,True,mc/mc_infill_lt1_beta0_0,False,,,,2.1862454112
mc/mc_beta0_s,mc_beta0_s_gid-1281_20260710_050443,0.0,0.998,1.779058,0.020576,142.322047241,2.15912327389,True,mc/mc_beta0_s,False,,,,5.90226080119
mc/mc_low_rmu_s_beta0_0,mc_low_rmu_s_beta0_0_gid-315_20260711_034529,0.0,0.998,1.77966,-0.015576,401.732943051,1.25010665388,True,mc/mc_low_rmu_s_beta0_0,False,,,,3.17733339508
mc/mc_infill_1_2,mc_infill_1_2_gid-621_20260714_175406,0.0,0.998,1.780005,-0.02928,675.542295956,0.687773527774,True,mc/mc_infill_1_2,False,,,,2.0870838096
mc/mc_beta0_s,mc_beta0_s_gid-879_20260710_080756,0.0,0.998,1.781114,0.007904,191.861604054,1.91922565888,True,mc/mc_beta0_s,False,,,,4.9554445786
mc/mc_low_rmu_s_beta0_0,mc_low_rmu_s_beta0_0_gid-345_20260711_034530,0.0,0.998,1.783353,0.011512,174.802848318,1.99572996995,True,mc/mc_low_rmu_s_beta0_0,False,,,,5.23029626725
mc/mc_infill_1_2,mc_infill_1_2_gid-399_20260714_174109,0.0,0.998,1.783525,-0.01881,451.195288701,1.13398802866,True,mc/mc_infill_1_2,False,,,,2.93565610374
mc/mc_beta0_s,mc_beta0_s_gid-1452_20260710_050334,0.0,0.998,1.787932,0.002833,219.531329206,1.8042664859,True,mc/mc_beta0_s,False,,,,4.58947552208
mc/mc_beta0_s,mc_beta0_s_gid-330_20260710_075124,0.0,0.998,1.78967,0.000953,231.492785383,1.75804426981,True,mc/mc_beta0_s,False,,,,4.45194971059
mc/mc_infill_2_3,mc_infill_2_3_gid-243_20260715_041534,0.0,0.998,1.789997,-0.017625,429.40997544,1.18249899937,True,mc/mc_infill_2_3,True,0.163987,429.409975,1.182499,3.04308912945
mc/mc_low_rmu_s_beta0_0,mc_low_rmu_s_beta0_0_gid-312_20260711_034529,0.0,0.998,1.790697,-0.008425,309.911340433,1.49456824171,True,mc/mc_low_rmu_s_beta0_0,False,,,,3.73793506082
mc/mc_infill_2_3,mc_infill_2_3_gid-225_20260715_041530,0.0,0.998,1.791121,-0.012937,362.052733336,1.34872201627,True,mc/mc_infill_2_3,True,0.247411,362.052733,1.348722,3.40743308194
mc/mc_infill_lt1_beta0_0,mc_infill_lt1_beta0_0_gid-366_20260714_175239,0.0,0.998,1.791135,-0.03,683.311282726,0.665660760081,True,mc/mc_infill_lt1_beta0_0,False,,,,2.07625709999
mc/mc_beta0_s,mc_beta0_s_gid-912_20260710_080426,0.0,0.998,1.792514,0.016272,155.466914378,2.08880316053,True,mc/mc_beta0_s,False,,,,5.60521053495
mc/mc_beta0_s,mc_beta0_s_gid-1350_20260710_045904,0.0,0.998,1.794189,0.007342,193.317558959,1.91135825022,True,mc/mc_beta0_s,False,,,,4.94015716849
mc/mc_infill_lt1_beta0_0,mc_infill_lt1_beta0_0_gid-384_20260714_174706,0.0,0.998,1.796245,-0.037859,892.151589373,0.329301040992,True,mc/mc_infill_lt1_beta0_0,True,0.10346,833.9952,0.373741,1.5063135653
mc/mc_infill_1_2,mc_infill_1_2_gid-669_20260714_175406,0.0,0.998,1.797473,-0.023835,536.171326626,0.944893807194,True,mc/mc_infill_1_2,False,,,,2.57706971753
mc/mc_wrongbasin_ws,mc_wrongbasin_ws_gid-23_20260713_015048,0.0,0.998,1.798692,-0.022119,503.426388086,1.01617368432,True,mc/mc_wrongbasin_ws,True,0.168535,502.696625,1.017074,2.71791199951
mc/mc_beta0_s,mc_beta0_s_gid-1110_20260710_050004,0.0,0.998,1.800808,0.004312,209.003801564,1.84472797658,True,mc/mc_beta0_s,False,,,,4.72713610995
mc/mc_low_rmu_s_beta0_0,mc_low_rmu_s_beta0_0_gid-270_20260711_034700,0.0,0.998,1.8011,-0.016586,409.623565016,1.22763870033,True,mc/mc_low_rmu_s_beta0_0,False,,,,3.14888607836
mc/mc_beta0_s,mc_beta0_s_gid-516_20260710_075457,0.0,0.998,1.803225,0.0019,223.373200562,1.78740826053,True,mc/mc_beta0_s,False,,,,4.55157792053
mc/mc_infill_3_4,mc_infill_3_4_gid-141_20260714_171604,0.0,0.998,1.804068,0.001038,228.873881105,1.76618467045,True,mc/mc_infill_3_4,False,,,,4.48871469618
mc/mc_beta0_s,mc_beta0_s_gid-744_20260710_080731,0.0,0.998,1.804962,0.002489,219.419156597,1.80260926354,True,mc/mc_beta0_s,False,,,,4.59929550766
mc/mc_infill_lt1_beta0_0,mc_infill_lt1_beta0_0_gid-69_20260714_174635,0.0,0.998,1.805247,-0.04005,933.092869175,0.218152681641,True,mc/mc_infill_lt1_beta0_0,True,0.033058,924.859128,0.237673,1.3725590623
mc/mc_infill_2_3,mc_infill_2_3_gid-273_20260715_041533,0.0,0.998,1.805466,-0.006585,288.633769399,1.55804973997,True,mc/mc_infill_2_3,True,0.256832,288.633769,1.55805,3.91752902425
mc/mc_beta0_s,mc_beta0_s_gid-840_20260710_080524,0.0,0.998,1.808624,0.020764,140.00380034,2.16878739342,True,mc/mc_beta0_s,False,,,,5.97323608914
mc/mc_infill_1_2,mc_infill_1_2_gid-657_20260714_175040,0.0,0.998,1.809382,-0.024983,556.61549771,0.902477753443,True,mc/mc_infill_1_2,False,,,,2.51766840071
mc/mc_infill_lt1_beta0_0,mc_infill_lt1_beta0_0_gid-372_20260714_174956,0.0,0.998,1.811031,-0.039011,906.138107526,0.270184103054,True,mc/mc_infill_lt1_beta0_0,True,0.08193,801.307005,0.292548,1.46907195249
mc/mc_infill_2_3,mc_infill_2_3_gid-249_20260715_041533,0.0,0.998,1.811968,-0.014468,376.321126036,1.30879812261,True,mc/mc_infill_2_3,True,0.315382,376.321126,1.308798,3.33608858919
mc/mc_low_rmu_s_beta0_0,mc_low_rmu_s_beta0_0_gid-105_20260711_034030,0.0,0.998,1.812962,-0.00294,256.10774126,1.66579758822,True,mc/mc_low_rmu_s_beta0_0,False,,,,4.20996570186
mc/mc_beta0_s,mc_beta0_s_gid-1122_20260710_050004,0.0,0.998,1.815089,0.004038,208.833787478,1.84370855655,True,mc/mc_beta0_s,False,,,,4.73625609415
mc/mc_beta0_s,mc_beta0_s_gid-372_20260710_075608,0.0,0.998,1.817933,0.008679,184.317108753,1.94828109072,True,mc/mc_beta0_s,False,,,,5.08837094974
mc/mc_low_rmu_s_beta0_0,mc_low_rmu_s_beta0_0_gid-150_20260711_034024,0.0,0.998,1.818241,0.001618,223.126286336,1.78652869115,True,mc/mc_low_rmu_s_beta0_0,False,,,,4.56189494218
mc/mc_beta0_s,mc_beta0_s_gid-1446_20260710_050306,0.0,0.998,1.819979,0.007862,188.01995164,1.93154380818,True,mc/mc_beta0_s,False,,,,5.03160682226
mc/mc_infill_1_2,mc_infill_1_2_gid-63_20260714_175139,0.0,0.998,1.821631,-0.020122,459.184465224,1.11009078789,True,mc/mc_infill_1_2,False,,,,2.92456294004
mc/mc_low_rmu_s_beta0_0,mc_low_rmu_s_beta0_0_gid-297_20260711_034829,0.0,0.998,1.823403,-0.002385,250.139922935,1.68526116538,True,mc/mc_low_rmu_s_beta0_0,False,,,,4.27355947598
mc/mc_beta0_s,mc_beta0_s_gid-1065_20260710_050137,0.0,0.998,1.824797,0.003273,212.091349591,1.82934883433,True,mc/mc_beta0_s,False,,,,4.69924521496
mc/mc_infill_2_3_b,mc_infill_2_3_b_gid-207_20260715_002803,0.0,0.998,1.827339,-0.008256,300.213926047,1.51914251133,True,mc/mc_infill_2_3_b,True,0.314331,300.213512,1.519143,3.83633140754
mc/mc_infill_lt1_beta0_0,mc_infill_lt1_beta0_0_gid-24_20260714_174735,0.0,0.998,1.828043,-0.028057,611.547398421,0.785630812072,True,mc/mc_infill_lt1_beta0_0,False,,,,2.33112292324
mc/mc_low_rmu_s_beta0_0,mc_low_rmu_s_beta0_0_gid-30_20260711_034021,0.0,0.998,1.829775,0.009813,177.988291352,1.97575509996,True,mc/mc_low_rmu_s_beta0_0,False,,,,5.19678424662
mc/mc_beta0_s,mc_beta0_s_gid-384_20260710_075353,0.0,0.998,1.833478,0.017515,148.423612149,2.12105867461,True,mc/mc_beta0_s,False,,,,5.77809328358
mc/mc_infill_1_2,mc_infill_1_2_gid-525_20260714_173804,0.0,0.998,1.834152,-0.021502,478.432735816,1.065325415,True,mc/mc_infill_1_2,False,,,,2.84547647153
mc/mc_infill_3_4,mc_infill_3_4_gid-33_20260714_174956,0.0,0.998,1.836658,-0.004053,260.885564802,1.64615067332,True,mc/mc_infill_3_4,False,,,,4.17751792928
mc/mc_low_rmu_s_beta0_0,mc_low_rmu_s_beta0_0_gid-21_20260711_034020,0.0,0.998,1.837295,-0.019924,450.114064866,1.1284982364,True,mc/mc_low_rmu_s_beta0_0,False,,,,2.97470697154
mc/mc_infill_2_3,mc_infill_2_3_gid-399_20260715_041534,0.0,0.998,1.839541,-0.010998,326.29882872,1.44027086183,True,mc/mc_infill_2_3,True,0.245776,326.298829,1.440271,3.65546544233
mc/mc_infill_1_2,mc_infill_1_2_gid-195_20260714_175007,0.0,0.998,1.843123,-0.028801,621.5617647,0.768495823312,True,mc/mc_infill_1_2,False,,,,2.28635677859
mc/mc_infill_2_3,mc_infill_2_3_gid-201_20260715_041042,0.0,0.998,1.844459,-0.015066,374.820247249,1.30798565542,True,mc/mc_infill_2_3,True,0.209037,374.820247,1.307986,3.36481317185
mc/mc_low_rmu_s_beta0_0,mc_low_rmu_s_beta0_0_gid-75_20260711_034024,0.0,0.998,1.845508,0.009405,178.322174205,1.97249137966,True,mc/mc_low_rmu_s_beta0_0,False,,,,5.19804126597
mc/mc_beta0_s,mc_beta0_s_gid-1098_20260710_045235,0.0,0.998,1.846298,0.002302,215.139771497,1.81458711946,True,mc/mc_beta0_s,False,,,,4.67144054918
mc/mc_infill_lt1_beta0_0,mc_infill_lt1_beta0_0_gid-252_20260714_174609,0.0,0.998,1.847404,-0.034779,782.954825276,0.483488104521,True,mc/mc_infill_lt1_beta0_0,True,0.029328,730.836678,0.51454,1.83310955158
mc/mc_infill_1_2,mc_infill_1_2_gid-489_20260714_173103,0.0,0.998,1.851656,-0.029138,628.814122712,0.755657461044,True,mc/mc_infill_1_2,False,,,,2.29942019048
mc/mc_infill_2_3_a,mc_infill_2_3_a_gid-111_20260714_213242,0.0,0.998,1.851959,-0.006412,277.972077293,1.5866136099,True,mc/mc_infill_2_3_a,True,0.357967,277.964314,1.586613,4.03590760508
mc/mc_low_rmu_s_beta0_0,mc_low_rmu_s_beta0_0_gid-450_20260711_035052,0.0,0.998,1.852682,0.003572,206.900954661,1.84722428987,True,mc/mc_low_rmu_s_beta0_0,False,,,,4.77916741916
mc/mc_beta0_s,mc_beta0_s_gid-933_20260710_081135,0.0,0.998,1.854334,0.015222,154.662370425,2.08654065045,True,mc/mc_beta0_s,False,,,,5.64785423173
mc/mc_low_rmu_s_beta0_0,mc_low_rmu_s_beta0_0_gid-195_20260711_034023,0.0,0.998,1.85493,-0.017796,410.255435515,1.21853880241,True,mc/mc_low_rmu_s_beta0_0,False,,,,3.17843451431
mc/mc_infill_3_4,mc_infill_3_4_gid-9_20260714_164901,0.0,0.998,1.85523,0.008139,183.142191542,1.94942579403,True,mc/mc_infill_3_4,False,,,,5.12355850486
mc/mc_infill_lt1_beta0_0,mc_infill_lt1_beta0_0_gid-309_20260714_175636,0.0,0.998,1.856876,-0.031862,693.870406701,0.635320784171,True,mc/mc_infill_lt1_beta0_0,False,,,,2.1025423635
mc/mc_infill_1_2,mc_infill_1_2_gid-147_20260715_055558,0.0,0.998,1.858265,-0.029442,631.599549023,0.74585789689,True,mc/mc_infill_1_2,False,,,,2.28760720708
mc/mc_infill_1_2,mc_infill_1_2_gid-279_20260714_174956,0.0,0.998,1.861347,-0.026213,555.659023558,0.892106185764,True,mc/mc_infill_1_2,False,,,,2.53140333635
mc/mc_low_rmu_s_beta0_0,mc_low_rmu_s_beta0_0_gid-348_20260711_034530,0.0,0.998,1.861883,-0.007949,290.029836027,1.54649465632,True,mc/mc_low_rmu_s_beta0_0,False,,,,3.93932333091
mc/mc_beta0_s,mc_beta0_s_gid-213_20260710_075121,0.0,0.998,1.863016,0.003136,208.119564838,1.84103380017,True,mc/mc_beta0_s,False,,,,4.76804573391
mc/mc_infill_2_3,mc_infill_2_3_gid-591_20260715_041753,0.0,0.998,1.866631,-0.00707,281.004661484,1.57488619081,True,mc/mc_infill_2_3,True,0.262587,281.004661,1.574886,4.01843978426
mc/mc_beta0_s,mc_beta0_s_gid-570_20260710_081430,0.0,0.998,1.869635,0.00447,199.934253199,1.87437225403,True,mc/mc_beta0_s,False,,,,4.88063133962
mc/mc_low_rmu_s_beta0_0,mc_low_rmu_s_beta0_0_gid-252_20260711_034530,0.0,0.998,1.87018,-0.015025,366.941680249,1.3251340531,True,mc/mc_low_rmu_s_beta0_0,False,,,,3.42364520316
mc/mc_infill_1_2,mc_infill_1_2_gid-237_20260714_174609,0.0,0.998,1.870841,-0.027264,574.776408146,0.85887536915,True,mc/mc_infill_1_2,False,,,,2.48744994188
mc/mc_beta0_s,mc_beta0_s_gid-435_20260710_075456,0.0,0.998,1.872589,0.017011,147.43270896,2.12250915287,True,mc/mc_beta0_s,False,,,,5.8161714317
mc/mc_infill_2_3,mc_infill_2_3_gid-519_20260715_041751,0.0,0.998,1.876651,-0.006516,274.20639381,1.59602561414,True,mc/mc_infill_2_3,True,0.411046,274.206394,1.596026,4.08008183605
mc/mc_beta0_s,mc_beta0_s_gid-798_20260710_080924,0.0,0.998,1.877436,0.010287,171.600631346,2.0005667584,True,mc/mc_beta0_s,False,,,,5.32723408076
mc/mc_low_rmu_s_beta0_0,mc_low_rmu_s_beta0_0_gid-81_20260711_034023,0.0,0.998,1.879414,-0.013915,350.30017162,1.36814528431,True,mc/mc_low_rmu_s_beta0_0,False,,,,3.52592905582
mc/mc_infill_lt1_beta0_0,mc_infill_lt1_beta0_0_gid-291_20260714_173935,0.0,0.998,1.881077,-0.040675,920.936981658,0.262373593407,True,mc/mc_infill_lt1_beta0_0,False,,,,1.49928403463
mc/mc_beta0_s,mc_beta0_s_gid-489_20260710_075625,0.0,0.998,1.882174,0.018357,142.651012891,2.14733878381,True,mc/mc_beta0_s,False,,,,5.93446418742
mc/mc_infill_1_2,mc_infill_1_2_gid-531_20260714_173804,0.0,0.998,1.882196,-0.020876,449.801134721,1.12270123147,True,mc/mc_infill_1_2,False,,,,3.00396195086
mc/mc_low_rmu_s_beta0_0,mc_low_rmu_s_beta0_0_gid-384_20260711_034705,0.0,0.998,1.882847,-0.021227,455.270055419,1.10965860061,True,mc/mc_low_rmu_s_beta0_0,False,,,,2.97943049468
mc/mc_infill_3_4,mc_infill_3_4_gid-99_20260714_172002,0.0,0.998,1.88476,0.005308,193.846796877,1.89878545289,True,mc/mc_infill_3_4,False,,,,4.97349692239
mc/mc_infill_2_3,mc_infill_2_3_gid-501_20260715_041752,0.0,0.998,1.88732,-0.011251,317.709884129,1.45902870111,True,mc/mc_infill_2_3,True,0.227723,317.709398,1.459029,3.73928998801
mc/mc_low_rmu_s_beta0_0,mc_low_rmu_s_beta0_0_gid-144_20260711_034025,0.0,0.998,1.888711,-0.010336,307.780867914,1.48836634012,True,mc/mc_low_rmu_s_beta0_0,False,,,,3.81428899119
mc/mc_beta0_s,mc_beta0_s_gid-753_20260710_080731,0.0,0.998,1.889044,0.012986,160.05012811,2.05577866234,True,mc/mc_beta0_s,False,,,,5.54988904003
mc/mc_infill_lt1_beta0_0,mc_infill_lt1_beta0_0_gid-207_20260714_175736,0.0,0.998,1.890393,-0.030806,647.094329401,0.711778272581,True,mc/mc_infill_lt1_beta0_0,False,,,,2.26961223847
mc/mc_infill_1_2,mc_infill_1_2_gid-159_20260714_220147,0.0,0.998,1.890729,-0.024719,515.602743748,0.978435336864,True,mc/mc_infill_1_2,False,,,,2.72614450112
mc/mc_beta0_s,mc_beta0_s_gid-510_20260710_080024,0.0,0.998,1.890997,0.002941,205.798484556,1.8474404166,True,mc/mc_beta0_s,False,,,,4.81107502455
mc/mc_infill_3_4,mc_infill_3_4_gid-75_20260714_172740,0.0,0.998,1.89168,0.007921,180.560391566,1.95727072375,True,mc/mc_infill_3_4,False,,,,5.1806601407
mc/mc_infill_2_3,mc_infill_2_3_gid-465_20260715_041752,0.0,0.998,1.891736,-0.013786,345.463176422,1.37970905846,True,mc/mc_infill_2_3,True,0.282151,345.463176,1.379709,3.561851749
mc/mc_beta0_s,mc_beta0_s_gid-729_20260710_080222,0.0,0.998,1.892276,0.009052,175.495432637,1.98065990878,True,mc/mc_beta0_s,False,,,,5.26543174257
mc/mc_beta0_s,mc_beta0_s_gid-882_20260710_080141,0.0,0.998,1.894313,0.013764,156.82715459,2.0715480738,True,mc/mc_beta0_s,False,,,,5.61771920436
mc/mc_beta0_s,mc_beta0_s_gid-147_20260710_074853,0.0,0.998,1.898641,0.003672,200.859081926,1.86725206432,True,mc/mc_beta0_s,False,,,,4.88077206308
mc/mc_low_rmu_s_beta0_0,mc_low_rmu_s_beta0_0_gid-192_20260711_034029,0.0,0.998,1.898953,-0.009914,301.265527388,1.5069269569,True,mc/mc_low_rmu_s_beta0_0,False,,,,3.87065169832
mc/mc_infill_2_3,mc_infill_2_3_gid-411_20260715_041700,0.0,0.998,1.900193,-0.012737,331.023527068,1.41896426344,True,mc/mc_infill_2_3,True,0.199965,331.023527,1.418964,3.65686039792
mc/mc_infill_1_2,mc_infill_1_2_gid-549_20260714_175509,0.0,0.998,1.900652,-0.029482,604.167779891,0.785019598958,True,mc/mc_infill_1_2,False,,,,2.36565552853
mc/mc_wrongbasin_ws,mc_wrongbasin_ws_gid-17_20260713_015055,0.0,0.998,1.900725,-0.023282,484.486564984,1.04336238952,True,mc/mc_wrongbasin_ws,True,0.179102,484.41908,1.045277,2.86539574122
mc/mc_infill_lt1_beta0_0,mc_infill_lt1_beta0_0_gid-333_20260714_174707,0.0,0.998,1.903683,-0.028786,592.163579846,0.816313637283,True,mc/mc_infill_lt1_beta0_0,False,,,,2.4408929529
mc/mc_beta0_s,mc_beta0_s_gid-1497_20260710_050508,0.0,0.998,1.903722,0.012287,161.486419282,2.04715835718,True,mc/mc_beta0_s,False,,,,5.52697670675
mc/mc_low_rmu_s_beta0_0,mc_low_rmu_s_beta0_0_gid-216_20260711_034528,0.0,0.998,1.908637,-0.000422,223.684232287,1.77376234284,True,mc/mc_low_rmu_s_beta0_0,False,,,,4.5984759142
mc/mc_beta0_s,mc_beta0_s_gid-546_20260710_075729,0.0,0.998,1.909548,0.011581,163.688917192,2.03566060402,True,mc/mc_beta0_s,False,,,,5.4863005857
mc/mc_infill_1_2,mc_infill_1_2_gid-255_20260714_174956,0.0,0.998,1.910524,-0.023476,483.963368839,1.04299726701,True,mc/mc_infill_1_2,False,,,,2.86827215655
mc/mc_infill_3_4,mc_infill_3_4_gid-267_20260714_174235,0.0,0.998,1.91321,-0.001272,228.562371556,1.75443140648,True,mc/mc_infill_3_4,False,,,,4.54504228739
mc/mc_infill_2_3_a,mc_infill_2_3_a_gid-123_20260714_213240,0.0,0.998,1.914081,-0.011421,313.307887842,1.46868915511,True,mc/mc_infill_2_3_a,True,0.213624,313.307712,1.46869,3.78781321095
mc/mc_beta0_s,mc_beta0_s_gid-168_20260710_075033,0.0,0.998,1.915372,0.003772,198.384410096,1.87594444933,True,mc/mc_beta0_s,False,,,,4.92220476861
mc/mc_low_rmu_s_beta0_0,mc_low_rmu_s_beta0_0_gid-210_20260711_034528,0.0,0.998,1.916271,-0.00721,272.756768854,1.596117381,True,mc/mc_low_rmu_s_beta0_0,False,,,,4.11238628465
mc/mc_infill_lt1_beta0_0,mc_infill_lt1_beta0_0_gid-57_20260714_180822,0.0,0.998,1.916308,-0.034486,745.3267924,0.559591585764,True,mc/mc_infill_lt1_beta0_0,False,,,,2.09333689246
mc/mc_infill_1_2,mc_infill_1_2_gid-513_20260714_175506,0.0,0.998,1.917879,-0.022535,463.784305123,1.08595086238,False,mc/mc_infill_1_2,False,,,,2.96053219921
mc/mc_beta0_s,mc_beta0_s_gid-639_20260710_075952,0.0,0.998,1.920787,0.008254,176.295480112,1.97400400058,True,mc/mc_beta0_s,False,,,,5.26331717873
mc/mc_infill_2_3,mc_infill_2_3_gid-321_20260715_041533,0.0,0.998,1.921497,-0.013996,340.198295851,1.39043560889,True,mc/mc_infill_2_3,True,0.179317,340.194293,1.390464,3.60975433571
mc/mc_low_rmu_s_beta0_0,mc_low_rmu_s_beta0_0_gid-66_20260711_034023,0.0,0.998,1.921554,-0.001957,231.918567642,1.74070275704,True,mc/mc_low_rmu_s_beta0_0,False,,,,4.51172067339
mc/mc_beta0_s,mc_beta0_s_gid-1266_20260710_045648,0.0,0.998,1.926547,0.012069,160.480079976,2.04998905599,True,mc/mc_beta0_s,False,,,,5.55552536712
mc/mc_infill_1_2,mc_infill_1_2_gid-15_20260714_175422,0.0,0.998,1.927883,-0.026094,525.034676554,0.946967439868,True,mc/mc_infill_1_2,False,,,,2.71108289897
mc/mc_infill_lt1_beta0_0,mc_infill_lt1_beta0_0_gid-183_20260714_174108,0.0,0.998,1.928004,-0.032439,670.327489453,0.672729354338,True,mc/mc_infill_lt1_beta0_0,False,,,,2.2224111795
mc/mc_beta0_s,mc_beta0_s_gid-36_20260710_074739,0.0,0.998,1.930814,0.007006,180.879562538,1.95176811518,True,mc/mc_beta0_s,False,,,,5.1914439875
mc/mc_infill_1_2,mc_infill_1_2_gid-105_20260714_175005,0.0,0.998,1.931785,-0.018434,395.070397234,1.24494504909,True,mc/mc_infill_1_2,False,,,,3.30289027894
mc/mc_low_rmu_s_beta0_0,mc_low_rmu_s_beta0_0_gid-378_20260711_034532,0.0,0.998,1.931841,-0.013277,329.285475785,1.41990505111,True,mc/mc_low_rmu_s_beta0_0,False,,,,3.68354810289
mc/mc_infill_lt1_beta0_0,mc_infill_lt1_beta0_0_gid-36_20260714_174735,0.0,0.998,1.933091,-0.032542,669.003282152,0.667688627244,True,mc/mc_infill_lt1_beta0_0,False,,,,2.2324643596
mc/mc_infill_2_3_b,mc_infill_2_3_b_gid-39_20260715_002601,0.0,0.998,1.934861,-0.013674,333.05216236,1.40883860053,True,mc/mc_infill_2_3_b,True,0.138342,333.049556,1.408835,3.66161291765
mc/mc_low_rmu_s_beta0_0,mc_low_rmu_s_beta0_0_gid-135_20260711_034025,0.0,0.998,1.935942,0.002146,204.779090627,1.84677383857,True,mc/mc_low_rmu_s_beta0_0,False,,,,4.84424592165
mc/mc_infill_2_3,mc_infill_2_3_gid-267_20260715_041533,0.0,0.998,1.940697,-0.009325,286.854596883,1.54710128731,True,mc/mc_infill_2_3,True,0.240098,286.854597,1.547101,4.00858345834
mc/mc_beta0_s,mc_beta0_s_gid-792_20260710_080924,0.0,0.998,1.941395,0.000654,212.659065086,1.81384013885,True,mc/mc_beta0_s,False,,,,4.74550791005
mc/mc_low_rmu_s_beta0_0,mc_low_rmu_s_beta0_0_gid-288_20260711_034701,0.0,0.998,1.941842,-0.010752,300.276299338,1.50477220468,True,mc/mc_low_rmu_s_beta0_0,False,,,,3.90317098903
mc/mc_infill_lt1_beta0_0,mc_infill_lt1_beta0_0_gid-84_20260714_175406,0.0,0.998,1.942558,-0.035463,710.631123098,0.563911431224,True,mc/mc_infill_lt1_beta0_0,False,,,,1.99631704176
mc/mc_infill_3_4,mc_infill_3_4_gid-261_20260714_174235,0.0,0.998,1.944498,-0.002996,235.580101179,1.72431777642,True,mc/mc_infill_3_4,False,,,,4.48271933588
mc/mc_infill_lt1_beta0_0,mc_infill_lt1_beta0_0_gid-3_20260714_224259,0.0,0.998,1.946738,-0.03427,697.534762745,0.609989847174,True,mc/mc_infill_lt1_beta0_0,False,,,,2.16475667106
mc/mc_infill_1_2,mc_infill_1_2_gid-615_20260714_175406,0.0,0.998,1.94755,-0.022658,455.619176379,1.10017801491,True,mc/mc_infill_1_2,False,,,,3.01561615158
mc/mc_low_rmu_s_beta0_0,mc_low_rmu_s_beta0_0_gid-408_20260711_034534,0.0,0.998,1.949856,-0.02157,436.565379488,1.14318970347,True,mc/mc_low_rmu_s_beta0_0,False,,,,3.10549307324
mc/mc_infill_1_2,mc_infill_1_2_gid-213_20260714_174609,0.0,0.998,1.951602,-0.024322,482.924523384,1.03854562919,True,mc/mc_infill_1_2,False,,,,2.90038279235
mc/mc_beta0_s,mc_beta0_s_gid-363_20260710_081024,0.0,0.998,1.95493,0.013303,153.912552765,2.0808556102,True,mc/mc_beta0_s,False,,,,5.70129128817
mc/mc_beta0_s,mc_beta0_s_gid-120_20260710_074741,0.0,0.998,1.956752,0.00996,166.031149951,2.0195949208,True,mc/mc_beta0_s,False,,,,5.45964347182
mc/mc_infill_2_3,mc_infill_2_3_gid-549_20260715_041800,0.0,0.998,1.957685,-0.016145,356.71319827,1.34075630431,True,mc/mc_infill_2_3,True,0.259173,356.713198,1.340756,3.5289784705
mc/mc_low_rmu_s_beta0_0,mc_low_rmu_s_beta0_0_gid-57_20260711_034023,0.0,0.998,1.958059,-0.008836,278.962283069,1.57066400171,True,mc/mc_low_rmu_s_beta0_0,False,,,,4.08086689309
mc/mc_infill_3_4,mc_infill_3_4_gid-153_20260714_175007,0.0,0.998,1.959522,0.000573,210.801698612,1.81943878429,True,mc/mc_infill_3_4,False,,,,4.77664945442
mc/mc_infill_1_2,mc_infill_1_2_gid-345_20260714_172103,0.0,0.998,1.960822,-0.028031,550.834900501,0.889584513357,True,mc/mc_infill_1_2,False,,,,2.62755956933
mc/mc_infill_lt1_beta0_0,mc_infill_lt1_beta0_0_gid-120_20260714_173904,0.0,0.998,1.961747,-0.038636,816.416505852,0.42636180249,True,mc/mc_infill_lt1_beta0_0,True,0.17431,777.251559,0.501265,1.78717300567
mc/mc_low_rmu_s_beta0_0,mc_low_rmu_s_beta0_0_gid-261_20260711_034658,0.0,0.998,1.965778,0.013008,154.122477049,2.0787904698,True,mc/mc_low_rmu_s_beta0_0,False,,,,5.70057778769
mc/mc_low_rmu_s_beta0_0,mc_low_rmu_s_beta0_0_gid-120_20260711_034023,0.0,0.998,1.968638,0.000482,210.166593669,1.82106691223,True,mc/mc_low_rmu_s_beta0_0,False,,,,4.78857676147
mc/mc_infill_2_3,mc_infill_2_3_gid-567_20260715_041959,0.0,0.998,1.969135,-0.008746,276.020896953,1.57908185626,True,mc/mc_infill_2_3,True,0.224573,276.020897,1.579082,4.11071744889
mc/mc_infill_1_2,mc_infill_1_2_gid-573_20260714_174636,0.0,0.998,1.969621,-0.019409,396.953139659,1.23510919771,True,mc/mc_infill_1_2,False,,,,3.31278569345
mc/mc_infill_lt1_beta0_0,mc_infill_lt1_beta0_0_gid-237_20260714_165400,0.0,0.998,1.972472,-0.036028,744.644071595,0.538970247398,True,mc/mc_infill_lt1_beta0_0,False,,,,2.04815426387
mc/mc_beta0_s,mc_beta0_s_gid-255_20260710_080828,0.0,0.998,1.973597,0.011383,159.272872309,2.0516959174,True,mc/mc_beta0_s,False,,,,5.59670252456
mc/mc_infill_2_3,mc_infill_2_3_gid-393_20260715_041534,0.0,0.998,1.974585,-0.007882,267.623948962,1.60668775266,True,mc/mc_infill_2_3,True,0.379069,267.623949,1.606688,4.18564864665
mc/mc_low_rmu_s_beta0_0,mc_low_rmu_s_beta0_0_gid-249_20260711_034803,0.0,0.998,1.975081,-0.005543,249.049332957,1.67175857875,True,mc/mc_low_rmu_s_beta0_0,False,,,,4.35879060014
mc/mc_infill_1_2,mc_infill_1_2_gid-273_20260714_174956,0.0,0.998,1.97534,-0.023571,461.244761093,1.08393642057,True,mc/mc_infill_1_2,False,,,,3.00966802292
mc/mc_beta0_s,mc_beta0_s_gid-1365_20260710_045719,0.0,0.998,1.978917,0.012453,155.058088059,2.07277490184,True,mc/mc_beta0_s,False,,,,5.68527117106
mc/mc_low_rmu_s_beta0_0,mc_low_rmu_s_beta0_0_gid-246_20260711_034803,0.0,0.998,1.980808,-0.02191,431.331627742,1.15111918873,True,mc/mc_low_rmu_s_beta0_0,True,0.264593,430.988867,1.151509,3.14961804063
mc/mc_infill_2_3_a,mc_infill_2_3_a_gid-117_20260714_213242,0.0,0.998,1.981104,-0.008207,269.14475252,1.60078690767,True,mc/mc_infill_2_3_a,True,0.370347,269.144774,1.600787,4.17545467532
mc/mc_infill_lt1_beta0_0,mc_infill_lt1_beta0_0_gid-30_20260714_174735,0.0,0.998,1.984102,-0.032928,647.777422683,0.695267483714,True,mc/mc_infill_lt1_beta0_0,False,,,,2.32448533806
mc/mc_infill_1_2,mc_infill_1_2_gid-327_20260714_172633,0.0,0.998,1.985139,-0.0244,471.376446684,1.05879243296,True,mc/mc_infill_1_2,False,,,,2.9676275242
mc/mc_beta0_s,mc_beta0_s_gid-1329_20260710_050516,0.0,0.998,1.986812,0.000495,207.792841288,1.82892176184,True,mc/mc_beta0_s,False,,,,4.82653996185
mc/mc_infill_lt1_beta0_0,mc_infill_lt1_beta0_0_gid-303_20260714_175541,0.0,0.998,1.987063,-0.028925,553.338181659,0.876848734489,True,mc/mc_infill_lt1_beta0_0,False,,,,2.61827321787
mc/mc_low_rmu_s_beta0_0,mc_low_rmu_s_beta0_0_gid-255_20260711_034528,0.0,0.998,1.987466,-0.010303,286.390401717,1.54314813711,True,mc/mc_low_rmu_s_beta0_0,False,,,,4.03514556357
mc/mc_infill_3_4,mc_infill_3_4_gid-225_20260714_174737,0.0,0.998,1.991049,-0.003647,233.019073621,1.72885045022,True,mc/mc_infill_3_4,False,,,,4.53140147856
mc/mc_low_rmu_s_beta0_0,mc_low_rmu_s_beta0_0_gid-141_20260711_034025,0.0,0.998,1.993491,0.005788,180.204361514,1.94868362107,True,mc/mc_low_rmu_s_beta0_0,False,,,,5.22682899332
mc/mc_infill_lt1_beta0_0,mc_infill_lt1_beta0_0_gid-177_20260714_174205,0.0,0.998,1.997908,-0.028486,543.555478768,0.902151072823,False,mc/mc_infill_lt1_beta0_0,False,,,,2.69633700374
mc/mc_infill_1_2,mc_infill_1_2_gid-3_20260714_175541,0.0,0.998,1.998836,-0.023287,446.994783517,1.11251780591,True,mc/mc_infill_1_2,False,,,,3.0869525713
mc/mc_beta0_s,mc_beta0_s_gid-711_20260710_075858,0.0,0.998,1.999011,0.008989,166.231144138,2.01468455098,True,mc/mc_beta0_s,False,,,,5.47123686745
mc/mc_infill_2_3_b,mc_infill_2_3_b_gid-81_20260715_002410,0.0,0.998,1.999411,-0.015542,338.227586998,1.38620697367,True,mc/mc_infill_2_3_b,True,0.302046,338.236237,1.386244,3.66351492232
mc/mc_low_rmu_s_beta0_5,mc_low_rmu_s_beta0_5_gid-196_20260711_042828,0.5,0.0,1.000345,0.002646,241.698313198,1.94813808176,True,mc/mc_low_rmu_s_beta0_5,False,,,,2.59998212302
mc/mc_beta0.5_s,mc_beta0.5_s_gid-1213_20260710_054047,0.5,0.0,1.00086,0.036259,55.7996537639,2.96750376518,True,mc/mc_beta0.5_s,False,,,,5.56365072725
mc/mc_infill_2_3,mc_infill_2_3_gid-166_20260715_040903,0.5,0.0,1.002129,-0.016226,658.743498403,0.759079889579,True,mc/mc_infill_2_3,True,0.135659,652.814172,0.761298,1.29589669785
mc/mc_beta0.5_s,mc_beta0.5_s_gid-1489_20260710_055217,0.5,0.0,1.003932,0.028662,72.7780056795,2.82933950041,True,mc/mc_beta0.5_s,False,,,,4.91383089299
mc/mc_beta0.5_s,mc_beta0.5_s_gid-598_20260710_100924,0.5,0.0,1.007101,0.029557,70.2777339556,2.84854196388,True,mc/mc_beta0.5_s,False,,,,4.99762762095
mc/mc_beta0.5_s,mc_beta0.5_s_gid-985_20260710_102747,0.5,0.0,1.008908,0.035507,57.0023124575,2.95683567037,True,mc/mc_beta0.5_s,False,,,,5.51466066172
mc/mc_wrongbasin_ws,mc_wrongbasin_ws_gid-38_20260713_015232,0.5,0.0,1.009108,-0.011571,525.626977393,1.12040020479,True,mc/mc_wrongbasin_ws,True,0.273321,527.019345,1.117331,1.22509217401
mc/mc_infill_3_4,mc_infill_3_4_gid-118_20260714_172903,0.5,0.0,1.014268,-0.002172,310.126147919,1.70736147683,True,mc/mc_infill_3_4,False,,,,2.17648351224
mc/mc_beta0.5_s,mc_beta0.5_s_gid-1288_20260710_055342,0.5,0.0,1.014985,0.033901,60.0053266753,2.93118246565,True,mc/mc_beta0.5_s,False,,,,5.38824330019
mc/mc_infill_2_3,mc_infill_2_3_gid-214_20260715_041309,0.5,0.0,1.015159,-0.007632,419.780984764,1.38536649926,True,mc/mc_infill_2_3,True,0.253358,419.674925,1.382091,1.63967358056
mc/mc_beta0.5_s,mc_beta0.5_s_gid-28_20260710_094916,0.5,0.0,1.018952,0.01468,129.527310895,2.45781980307,True,mc/mc_beta0.5_s,False,,,,3.73267070835
mc/mc_low_rmu_s_beta0_5,mc_low_rmu_s_beta0_5_gid-445_20260711_043737,0.5,0.0,1.018999,-0.004837,357.355401497,1.56000579426,True,mc/mc_low_rmu_s_beta0_5,False,,,,1.92914880687
mc/mc_beta0.5_s,mc_beta0.5_s_gid-1405_20260710_054819,0.5,0.0,1.021584,0.02066,99.070008551,2.64196260301,True,mc/mc_beta0.5_s,False,,,,4.26046381463
mc/mc_beta0.5_s,mc_beta0.5_s_gid-1099_20260710_053659,0.5,0.0,1.023856,0.010065,161.043943952,2.29232380033,True,mc/mc_beta0.5_s,False,,,,3.33557075221
mc/mc_low_rmu_s_beta0_5,mc_low_rmu_s_beta0_5_gid-292_20260711_043405,0.5,0.0,1.023894,0.005542,202.67669922,2.10247910142,True,mc/mc_low_rmu_s_beta0_5,False,,,,2.92678302422
mc/mc_beta0.5_s,mc_beta0.5_s_gid-1369_20260710_054813,0.5,0.0,1.025485,0.014908,127.512590949,2.46870643515,True,mc/mc_beta0.5_s,False,,,,3.76757449095
mc/mc_beta0.5_s,mc_beta0.5_s_gid-934_20260710_102310,0.5,0.0,1.02732,0.013213,137.854023958,2.41139539096,True,mc/mc_beta0.5_s,False,,,,3.62287575118
mc/mc_low_rmu_s_beta0_5,mc_low_rmu_s_beta0_5_gid-433_20260711_043736,0.5,0.0,1.029672,0.004656,211.157641995,2.06649097397,True,mc/mc_low_rmu_s_beta0_5,False,,,,2.85941334637
mc/mc_beta0.5_s,mc_beta0.5_s_gid-586_20260710_100921,0.5,0.0,1.029684,0.030853,66.2568293355,2.87921844673,True,mc/mc_beta0.5_s,False,,,,5.15575882026
mc/mc_beta0.5_s,mc_beta0.5_s_gid-622_20260710_101041,0.5,0.0,1.030175,0.001723,246.708297141,1.92658828532,True,mc/mc_beta0.5_s,False,,,,2.58796194621
mc/mc_infill_2_3_a,mc_infill_2_3_a_gid-148_20260714_213243,0.5,0.0,1.033711,-0.005747,370.641930411,1.52086346907,True,mc/mc_infill_2_3_a,True,0.091783,370.847197,1.520073,1.88268369733
mc/mc_beta0.5_s,mc_beta0.5_s_gid-40_20260710_094933,0.5,0.0,1.034046,0.018872,106.05390515,2.59626668718,True,mc/mc_beta0.5_s,False,,,,4.13303517509
mc/mc_infill_3_4,mc_infill_3_4_gid-124_20260714_172903,0.5,0.0,1.036666,-0.004516,344.879453211,1.59589031419,True,mc/mc_infill_3_4,False,,,,2.0062444742
mc/mc_beta0.5_s,mc_beta0.5_s_gid-493_20260710_100335,0.5,0.0,1.037617,0.034426,58.322435033,2.94430689067,True,mc/mc_beta0.5_s,False,,,,5.47879607701
mc/mc_low_rmu_s_beta0_5,mc_low_rmu_s_beta0_5_gid-34_20260711_042823,0.5,0.0,1.037997,0.007496,180.936336135,2.19704444876,True,mc/mc_low_rmu_s_beta0_5,False,,,,3.1384948336
mc/mc_beta0.5_s,mc_beta0.5_s_gid-949_20260710_102308,0.5,0.0,1.038254,0.004982,205.910675129,2.08763598259,True,mc/mc_beta0.5_s,False,,,,2.91042287398
mc/mc_beta0.5_s,mc_beta0.5_s_gid-1477_20260710_055209,0.5,0.0,1.041948,0.006111,193.544274232,2.14037919708,True,mc/mc_beta0.5_s,False,,,,3.02252367799
mc/mc_beta0.5_s,mc_beta0.5_s_gid-1327_20260710_054816,0.5,0.0,1.042077,0.00044,261.327008352,1.87181488223,True,mc/mc_beta0.5_s,False,,,,2.49716997879
mc/mc_infill_2_3,mc_infill_2_3_gid-472_20260715_041803,0.5,0.0,1.043386,-0.010229,471.0545809,1.24845918072,True,mc/mc_infill_2_3,True,0.191523,471.054581,1.248459,1.45782444069
mc/mc_beta0.5_s,mc_beta0.5_s_gid-352_20260710_100239,0.5,0.0,1.045592,0.028461,71.6543962122,2.83583267797,True,mc/mc_beta0.5_s,False,,,,4.98331891142
mc/mc_wrongbasin_ws2,mc_wrongbasin_ws2_gid-6_20260713_131512,0.5,0.0,1.046008,-0.009218,444.838795104,1.31523452963,True,mc/mc_wrongbasin_ws2,True,0.248308,445.10788,1.314996,1.55912852629
mc/mc_beta0.5_s,mc_beta0.5_s_gid-853_20260710_101350,0.5,0.0,1.04688,0.022891,88.8199577821,2.70963304104,True,mc/mc_beta0.5_s,False,,,,4.50802775796
mc/mc_beta0.5_s,mc_beta0.5_s_gid-1003_20260710_053700,0.5,0.0,1.048382,0.00748,179.409924084,2.20321894334,True,mc/mc_beta0.5_s,False,,,,3.16196012365
mc/mc_beta0.5_s,mc_beta0.5_s_gid-1486_20260710_055209,0.5,0.0,1.051325,0.013179,135.432627859,2.42278135794,True,mc/mc_beta0.5_s,False,,,,3.67515458097
mc/mc_beta0.5_s,mc_beta0.5_s_gid-226_20260710_104028,0.5,0.0,1.052778,0.013906,130.753692216,2.44852329892,True,mc/mc_beta0.5_s,False,,,,3.74218197956
mc/mc_infill_3_4,mc_infill_3_4_gid-148_20260714_171604,0.5,0.0,1.054892,0.008782,167.077789469,2.26057542211,True,mc/mc_infill_3_4,False,,,,3.29428934151
mc/mc_beta0.5_s,mc_beta0.5_s_gid-937_20260710_102308,0.5,0.0,1.05602,0.010859,150.71923341,2.34158562264,True,mc/mc_beta0.5_s,False,,,,3.48165821795
mc/mc_beta0.5_s,mc_beta0.5_s_gid-1147_20260710_053820,0.5,0.0,1.058185,0.0283,71.5789465591,2.83575696755,True,mc/mc_beta0.5_s,False,,,,4.99570999625
mc/mc_infill_2_3,mc_infill_2_3_gid-454_20260715_041752,0.5,0.0,1.058591,-0.014237,577.574811016,0.99345487158,True,mc/mc_infill_2_3,True,0.116803,577.574811,0.993455,1.0966090446
mc/mc_beta0.5_s,mc_beta0.5_s_gid-1096_20260710_053658,0.5,0.0,1.061558,0.002405,230.679710295,1.98513902659,True,mc/mc_beta0.5_s,False,,,,2.73006443782
mc/mc_low_rmu_s_beta0_5,mc_low_rmu_s_beta0_5_gid-49_20260711_042825,0.5,0.0,1.064168,0.001325,243.7266851,1.9347809913,True,mc/mc_low_rmu_s_beta0_5,False,,,,2.63601685213
mc/mc_beta0.5_s,mc_beta0.5_s_gid-1132_20260710_053702,0.5,0.0,1.064256,0.026163,77.2755842689,2.79198192165,True,mc/mc_beta0.5_s,False,,,,4.82562233029
mc/mc_beta0.5_s,mc_beta0.5_s_gid-610_20260710_100943,0.5,0.0,1.06753,0.007006,180.624862603,2.19604888139,True,mc/mc_beta0.5_s,False,,,,3.16506657515
mc/mc_infill_2_3,mc_infill_2_3_gid-4_20260715_040904,0.5,0.0,1.069498,-0.013067,535.573368592,1.08782532786,True,mc/mc_infill_2_3,True,0.014138,535.573369,1.087825,1.24663355628
mc/mc_beta0.5_s,mc_beta0.5_s_gid-775_20260710_101346,0.5,0.0,1.069618,0.031209,64.0935592313,2.89480782618,True,mc/mc_beta0.5_s,False,,,,5.26782767707
mc/mc_beta0.5_s,mc_beta0.5_s_gid-217_20260710_095519,0.5,0.0,1.071479,0.030414,65.8455151612,2.88048456126,True,mc/mc_beta0.5_s,False,,,,5.2037561239
mc/mc_low_rmu_s_beta0_5,mc_low_rmu_s_beta0_5_gid-145_20260711_042826,0.5,0.0,1.072059,-0.007411,391.015612188,1.45913440326,True,mc/mc_low_rmu_s_beta0_5,False,,,,1.81313372761
mc/mc_beta0.5_s,mc_beta0.5_s_gid-898_20260710_101825,0.5,0.0,1.072557,0.003531,215.070356584,2.04668235027,True,mc/mc_beta0.5_s,False,,,,2.86122918923
mc/mc_infill_3_4,mc_infill_3_4_gid-28_20260714_175506,0.5,0.0,1.074251,0.003103,219.601989309,2.0281427553,True,mc/mc_infill_3_4,False,,,,2.82594962061
mc/mc_low_rmu_s_beta0_5,mc_low_rmu_s_beta0_5_gid-232_20260711_043312,0.5,0.0,1.075117,0.010047,154.261738571,2.32207778795,True,mc/mc_low_rmu_s_beta0_5,False,,,,3.45443235738
mc/mc_beta0.5_s,mc_beta0.5_s_gid-1192_20260710_053703,0.5,0.0,1.077279,0.016998,111.566584348,2.5590722539,True,mc/mc_beta0.5_s,False,,,,4.06707677376
mc/mc_infill_2_3,mc_infill_2_3_gid-436_20260715_041756,0.5,0.0,1.078796,-0.005195,342.686482759,1.5994279398,True,mc/mc_infill_2_3,True,0.01479,342.686483,1.599428,2.04874776697
mc/mc_beta0.5_s,mc_beta0.5_s_gid-847_20260710_101612,0.5,0.0,1.079427,0.033581,58.8164972865,2.93819030751,True,mc/mc_beta0.5_s,False,,,,5.49006171298
mc/mc_beta0.5_s,mc_beta0.5_s_gid-79_20260710_095411,0.5,0.0,1.081349,0.01063,149.174942041,2.3475561334,True,mc/mc_beta0.5_s,False,,,,3.52047505784
mc/mc_beta0.5_s,mc_beta0.5_s_gid-472_20260710_100843,0.5,0.0,1.082823,0.007145,176.903495749,2.21192291474,True,mc/mc_beta0.5_s,False,,,,3.2141538323
mc/mc_infill_2_3_b,mc_infill_2_3_b_gid-4_20260715_002400,0.5,0.0,1.085657,-0.00745,385.159575039,1.47381569038,True,mc/mc_infill_2_3_b,True,0.172764,385.733474,1.47313,1.84596886872
mc/mc_beta0.5_s,mc_beta0.5_s_gid-382_20260710_100343,0.5,0.0,1.085795,0.027199,73.400146456,2.82021409139,True,mc/mc_beta0.5_s,False,,,,4.95920441886
mc/mc_infill_3_4,mc_infill_3_4_gid-256_20260714_174234,0.5,0.0,1.091228,-0.000643,263.737930971,1.85851561074,True,mc/mc_infill_3_4,False,,,,2.51860699232
mc/mc_infill_2_3,mc_infill_2_3_gid-28_20260715_040903,0.5,0.0,1.091435,-0.014219,555.632205919,1.04010030949,True,mc/mc_infill_2_3,True,0.073267,555.632206,1.0401,1.17978126372
mc/mc_beta0.5_s,mc_beta0.5_s_gid-1201_20260710_054058,0.5,0.0,1.091712,0.011723,140.368137059,2.39305106731,True,mc/mc_beta0.5_s,False,,,,3.64054317272
mc/mc_low_rmu_s_beta0_5,mc_low_rmu_s_beta0_5_gid-442_20260711_043737,0.5,0.0,1.091978,0.000647,245.895777902,1.92408234822,True,mc/mc_low_rmu_s_beta0_5,False,,,,2.64195153292
mc/mc_beta0.5_s,mc_beta0.5_s_gid-355_20260710_100238,0.5,0.0,1.093208,0.019987,97.0490908065,2.65077521321,True,mc/mc_beta0.5_s,False,,,,4.35937236295
mc/mc_beta0.5_s,mc_beta0.5_s_gid-361_20260710_100246,0.5,0.0,1.094018,0.011856,139.224228857,2.39900884757,True,mc/mc_beta0.5_s,False,,,,3.65752213808
mc/mc_beta0.5_s,mc_beta0.5_s_gid-334_20260710_095930,0.5,0.0,1.096425,0.018333,103.836456672,2.60626229775,True,mc/mc_beta0.5_s,False,,,,4.22457394379
mc/mc_beta0.5_s,mc_beta0.5_s_gid-1246_20260710_054053,0.5,0.0,1.100221,0.024917,79.3200117077,2.7747432081,True,mc/mc_beta0.5_s,False,,,,4.7952076084
mc/mc_beta0.5_s,mc_beta0.5_s_gid-502_20260710_100339,0.5,0.0,1.103937,0.011487,140.51751042,2.39131555538,True,mc/mc_beta0.5_s,False,,,,3.64807006816
mc/mc_beta0.5_s,mc_beta0.5_s_gid-607_20260710_100938,0.5,0.0,1.104846,0.034395,56.56742577,2.95621816733,True,mc/mc_beta0.5_s,False,,,,5.61002379246
mc/mc_low_rmu_s_beta0_5,mc_low_rmu_s_beta0_5_gid-160_20260711_042829,0.5,0.0,1.105349,-0.011348,467.382523565,1.24859049642,True,mc/mc_low_rmu_s_beta0_5,False,,,,1.50775523854
mc/mc_beta0.5_s,mc_beta0.5_s_gid-211_20260710_095716,0.5,0.0,1.106014,0.025851,76.2898119595,2.79708540809,True,mc/mc_beta0.5_s,False,,,,4.88683028042
mc/mc_beta0.5_s,mc_beta0.5_s_gid-112_20260710_095334,0.5,0.0,1.10955,0.013095,129.759018637,2.44992591587,True,mc/mc_beta0.5_s,False,,,,3.80109483988
mc/mc_beta0.5_s,mc_beta0.5_s_gid-1204_20260710_054058,0.5,0.0,1.110519,0.025014,78.5351301313,2.7799897333,True,mc/mc_beta0.5_s,False,,,,4.82519622449
mc/mc_low_rmu_s_beta0_5,mc_low_rmu_s_beta0_5_gid-211_20260711_043314,0.5,0.0,1.112183,0.004125,200.825353288,2.10286213409,True,mc/mc_low_rmu_s_beta0_5,False,,,,3.01225485602
mc/mc_beta0.5_s,mc_beta0.5_s_gid-1396_20260710_054815,0.5,0.0,1.113162,0.036746,52.272236831,2.99334852029,True,mc/mc_beta0.5_s,False,,,,5.82620217941
mc/mc_beta0.5_s,mc_beta0.5_s_gid-1375_20260710_054813,0.5,0.0,1.116571,0.028175,69.6065606561,2.84813942822,True,mc/mc_beta0.5_s,False,,,,5.10600303744
mc/mc_low_rmu_s_beta0_5,mc_low_rmu_s_beta0_5_gid-13_20260711_042820,0.5,0.0,1.116796,0.007183,171.260698799,2.23557097479,True,mc/mc_low_rmu_s_beta0_5,False,,,,3.29833107389
mc/mc_infill_2_3,mc_infill_2_3_gid-526_20260715_041750,0.5,0.0,1.117375,-0.005529,334.935484052,1.61832588732,True,mc/mc_infill_2_3,True,0.073075,334.935484,1.618326,2.1177348349
mc/mc_beta0.5_s,mc_beta0.5_s_gid-427_20260710_100336,0.5,0.0,1.118491,0.034916,55.2664426287,2.96685091798,True,mc/mc_beta0.5_s,False,,,,5.68126472989
mc/mc_beta0.5_s,mc_beta0.5_s_gid-808_20260710_101353,0.5,0.0,1.121676,0.027993,69.8656580394,2.84582628181,True,mc/mc_beta0.5_s,False,,,,5.10112846041
mc/mc_infill_2_3_a,mc_infill_2_3_a_gid-94_20260714_213426,0.5,0.0,1.122634,-0.009784,421.16373457,1.3693203741,True,mc/mc_infill_2_3_a,True,0.16934,422.21958,1.366659,1.71400264451
mc/mc_low_rmu_s_beta0_5,mc_low_rmu_s_beta0_5_gid-154_20260711_042826,0.5,0.0,1.12298,-0.01525,564.003392831,1.01280249936,True,mc/mc_low_rmu_s_beta0_5,False,,,,1.16017271325
mc/mc_beta0.5_s,mc_beta0.5_s_gid-52_20260710_095304,0.5,0.0,1.123424,0.029079,67.1408948522,2.8674213732,True,mc/mc_beta0.5_s,False,,,,5.19667488663
mc/mc_beta0.5_s,mc_beta0.5_s_gid-583_20260710_100929,0.5,0.0,1.124014,0.020912,91.4963293457,2.68640629757,True,mc/mc_beta0.5_s,False,,,,4.50529606599
mc/mc_infill_3_4,mc_infill_3_4_gid-172_20260714_175005,0.5,0.0,1.125047,0.00227,218.441660007,2.02829044158,True,mc/mc_infill_3_4,False,,,,2.87433870174
mc/mc_beta0.5_s,mc_beta0.5_s_gid-301_20260710_095929,0.5,0.0,1.129037,0.023565,82.0914481349,2.75271752656,True,mc/mc_beta0.5_s,False,,,,4.74141004633
mc/mc_beta0.5_s,mc_beta0.5_s_gid-241_20260710_095718,0.5,0.0,1.132629,0.012555,130.585539479,2.44356888329,True,mc/mc_beta0.5_s,False,,,,3.80682912377
mc/mc_infill_2_3_b,mc_infill_2_3_b_gid-58_20260715_002406,0.5,0.0,1.135112,-0.013955,519.897223741,1.11423945169,True,mc/mc_infill_2_3_b,True,0.097583,522.576774,1.11065,1.31841256195
mc/mc_beta0.5_s,mc_beta0.5_s_gid-307_20260710_102747,0.5,0.0,1.136262,0.019444,96.3614328123,2.65260924347,True,mc/mc_beta0.5_s,False,,,,4.40691001165
mc/mc_infill_3_4,mc_infill_3_4_gid-220_20260714_174638,0.5,0.0,1.136649,0.0075,165.629374008,2.26089572672,True,mc/mc_infill_3_4,False,,,,3.37350523364
mc/mc_beta0.5_s,mc_beta0.5_s_gid-259_20260710_100204,0.5,0.0,1.139691,0.025515,75.7276292489,2.79947310542,True,mc/mc_beta0.5_s,False,,,,4.92894214832
mc/mc_beta0.5_s,mc_beta0.5_s_gid-877_20260710_101409,0.5,0.0,1.141257,0.025297,76.2761799703,2.79522465389,True,mc/mc_beta0.5_s,False,,,,4.91379877078
mc/mc_low_rmu_s_beta0_5,mc_low_rmu_s_beta0_5_gid-226_20260711_043313,0.5,0.0,1.1416,-0.007023,354.775269442,1.55600765293,True,mc/mc_low_rmu_s_beta0_5,False,,,,2.03156598453
mc/mc_infill_2_3,mc_infill_2_3_gid-280_20260715_041624,0.5,0.0,1.141975,-0.014548,534.628867016,1.08201305911,True,mc/mc_infill_2_3,True,0.154667,534.628867,1.082013,1.2710606485
mc/mc_beta0.5_s,mc_beta0.5_s_gid-1435_20260710_054819,0.5,0.0,1.143124,0.035442,53.7334661423,2.97914640149,True,mc/mc_beta0.5_s,False,,,,5.77426648429
mc/mc_beta0.5_s,mc_beta0.5_s_gid-55_20260710_095311,0.5,0.0,1.144033,0.009235,151.236802432,2.33201280088,True,mc/mc_beta0.5_s,False,,,,3.54373848498
mc/mc_beta0.5_s,mc_beta0.5_s_gid-385_20260710_100349,0.5,0.0,1.146414,0.008883,153.506587846,2.32022894263,True,mc/mc_beta0.5_s,False,,,,3.51838782136
mc/mc_low_rmu_s_beta0_5,mc_low_rmu_s_beta0_5_gid-91_20260711_042827,0.5,0.0,1.147849,0.012033,132.128305938,2.43379745359,True,mc/mc_low_rmu_s_beta0_5,False,,,,3.79631231132
mc/mc_beta0.5_s,mc_beta0.5_s_gid-1261_20260710_054447,0.5,0.0,1.148478,0.001254,225.174919576,1.99904067927,True,mc/mc_beta0.5_s,False,,,,2.83867589081
mc/mc_beta0.5_s,mc_beta0.5_s_gid-1126_20260710_053700,0.5,0.0,1.151458,0.016492,107.974514927,2.57630151424,True,mc/mc_beta0.5_s,False,,,,4.18854781873
mc/mc_beta0.5_s,mc_beta0.5_s_gid-343_20260710_100911,0.5,0.0,1.153284,0.024531,77.9369801173,2.78203252194,True,mc/mc_beta0.5_s,False,,,,4.87435106785
mc/mc_beta0.5_s,mc_beta0.5_s_gid-190_20260710_095320,0.5,0.0,1.154186,0.033818,56.3040869443,2.95623559446,True,mc/mc_beta0.5_s,False,,,,5.65894707077
mc/mc_infill_2_3,mc_infill_2_3_gid-370_20260715_041534,0.5,0.0,1.154907,-0.012136,463.284511404,1.2550543059,True,mc/mc_infill_2_3,True,0.105172,463.365256,1.2571,1.5620183709
mc/mc_beta0.5_s,mc_beta0.5_s_gid-202_20260710_095640,0.5,0.0,1.157726,0.023613,80.4840276883,2.7628337698,True,mc/mc_beta0.5_s,False,,,,4.80624003292
mc/mc_beta0.5_s,mc_beta0.5_s_gid-745_20260710_101344,0.5,0.0,1.159433,0.035688,52.9244128922,2.98555998527,True,mc/mc_beta0.5_s,False,,,,5.82694786332
mc/mc_beta0.5_s,mc_beta0.5_s_gid-1231_20260710_054103,0.5,0.0,1.160777,0.002802,205.30175263,2.07952807833,True,mc/mc_beta0.5_s,False,,,,3.0101263698
mc/mc_low_rmu_s_beta0_5,mc_low_rmu_s_beta0_5_gid-7_20260711_042824,0.5,0.0,1.16243,-0.014788,533.083183714,1.08531442619,True,mc/mc_low_rmu_s_beta0_5,False,,,,1.30544065704
mc/mc_beta0.5_s,mc_beta0.5_s_gid-1300_20260710_055410,0.5,0.0,1.163644,0.008773,152.036259409,2.32633581878,True,mc/mc_beta0.5_s,False,,,,3.54888773695
mc/mc_infill_2_3,mc_infill_2_3_gid-88_20260715_040901,0.5,0.0,1.167111,-0.005438,316.33325775,1.67232097322,True,mc/mc_infill_2_3,True,0.135757,316.333258,1.672321,2.25405223019
mc/mc_beta0.5_s,mc_beta0.5_s_gid-1366_20260710_054813,0.5,0.0,1.167593,0.028043,67.9766296373,2.85843183817,True,mc/mc_beta0.5_s,False,,,,5.19985708966
mc/mc_low_rmu_s_beta0_5,mc_low_rmu_s_beta0_5_gid-427_20260711_043747,0.5,0.0,1.16774,-0.007921,362.794365932,1.53190579048,True,mc/mc_low_rmu_s_beta0_5,False,,,,2.0133074513
mc/mc_beta0.5_s,mc_beta0.5_s_gid-214_20260710_113530,0.5,0.0,1.169312,0.005906,174.037632884,2.21804558617,True,mc/mc_beta0.5_s,False,,,,3.30932717653
mc/mc_beta0.5_s,mc_beta0.5_s_gid-625_20260710_101040,0.5,0.0,1.171452,0.027014,70.3642004309,2.83925011056,True,mc/mc_beta0.5_s,False,,,,5.12129690177
mc/mc_infill_2_3,mc_infill_2_3_gid-580_20260715_041752,0.5,0.0,1.172381,-0.010075,405.595076916,1.4062436021,True,mc/mc_infill_2_3,True,0.032149,405.595077,1.406244,1.82030509945
mc/mc_beta0.5_s,mc_beta0.5_s_gid-904_20260710_101827,0.5,0.0,1.173235,0.030978,61.2468519672,2.91325121111,True,mc/mc_beta0.5_s,False,,,,5.45795013297
mc/mc_beta0.5_s,mc_beta0.5_s_gid-649_20260710_100939,0.5,0.0,1.174821,0.01567,109.947240795,2.56234675396,True,mc/mc_beta0.5_s,False,,,,4.17015714908
mc/mc_infill_3_4,mc_infill_3_4_gid-130_20260714_172903,0.5,0.0,1.175036,0.009352,146.445937916,2.35435381468,True,mc/mc_infill_3_4,False,,,,3.62589283487
mc/mc_low_rmu_s_beta0_5,mc_low_rmu_s_beta0_5_gid-238_20260711_043314,0.5,0.0,1.175702,0.000871,223.690580193,2.0024816219,True,mc/mc_low_rmu_s_beta0_5,False,,,,2.87023544985
mc/mc_beta0.5_s,mc_beta0.5_s_gid-604_20260710_100945,0.5,0.0,1.17881,0.002998,199.764365667,2.101500318,True,mc/mc_beta0.5_s,False,,,,3.07164556782
mc/mc_beta0.5_s,mc_beta0.5_s_gid-58_20260710_095311,0.5,0.0,1.180954,0.032489,58.0280865704,2.94015420303,True,mc/mc_beta0.5_s,False,,,,5.60025381288
mc/mc_beta0.5_s,mc_beta0.5_s_gid-478_20260710_100204,0.5,0.0,1.183169,0.022452,82.8162000154,2.74423908586,True,mc/mc_beta0.5_s,False,,,,4.7622651198
mc/mc_low_rmu_s_beta0_5,mc_low_rmu_s_beta0_5_gid-97_20260711_042827,0.5,0.0,1.18458,-0.017949,613.039835198,0.895282485832,True,mc/mc_low_rmu_s_beta0_5,False,,,,1.03305039065
mc/mc_beta0.5_s,mc_beta0.5_s_gid-1090_20260710_053659,0.5,0.0,1.18483,0.021328,86.4316948545,2.71810311548,True,mc/mc_beta0.5_s,False,,,,4.67116946299
mc/mc_beta0.5_s,mc_beta0.5_s_gid-1060_20260710_053820,0.5,0.0,1.186281,0.02579,72.9229689429,2.81842880788,True,mc/mc_beta0.5_s,False,,,,5.04920704598
mc/mc_low_rmu_s_beta0_5,mc_low_rmu_s_beta0_5_gid-166_20260711_042833,0.5,0.0,1.187097,-0.001415,249.498735918,1.90173074001,True,mc/mc_low_rmu_s_beta0_5,False,,,,2.68715426633
mc/mc_beta0.5_s,mc_beta0.5_s_gid-652_20260710_100939,0.5,0.0,1.188494,0.02676,70.318758396,2.83869489484,True,mc/mc_beta0.5_s,False,,,,5.13513200102
mc/mc_infill_2_3_b,mc_infill_2_3_b_gid-118_20260715_002400,0.5,0.0,1.188585,-0.013286,475.576042261,1.22370456098,True,mc/mc_infill_2_3_b,True,0.075678,475.049017,1.220342,1.53205220331
mc/mc_beta0.5_s,mc_beta0.5_s_gid-19_20260710_094621,0.5,0.0,1.190121,0.022207,83.2321484491,2.74079796631,True,mc/mc_beta0.5_s,False,,,,4.75640517701
mc/mc_infill_2_3,mc_infill_2_3_gid-16_20260715_040901,0.5,0.0,1.192001,-0.005319,306.249693703,1.70293527226,True,mc/mc_infill_2_3,True,0.218336,306.249694,1.702935,2.33054275448
mc/mc_beta0.5_s,mc_beta0.5_s_gid-1153_20260710_053810,0.5,0.0,1.194081,0.016644,103.965041486,2.59887082151,True,mc/mc_beta0.5_s,False,,,,4.2954966738
mc/mc_infill_3_4,mc_infill_3_4_gid-16_20260714_223410,0.5,0.0,1.197185,-0.003042,269.383777459,1.82822886099,True,mc/mc_infill_3_4,False,,,,2.55966016907
mc/mc_beta0.5_s,mc_beta0.5_s_gid-1120_20260710_053659,0.5,0.0,1.197311,0.027361,68.4849411301,2.85279876554,True,mc/mc_beta0.5_s,False,,,,5.20359877588
mc/mc_beta0.5_s,mc_beta0.5_s_gid-283_20260710_100610,0.5,0.0,1.19832,0.014812,112.106039653,2.547319345,True,mc/mc_beta0.5_s,False,,,,4.14921326214
mc/mc_low_rmu_s_beta0_5,mc_low_rmu_s_beta0_5_gid-127_20260711_042829,0.5,0.0,1.199536,0.013227,120.088673583,2.49904042331,True,mc/mc_low_rmu_s_beta0_5,False,,,,4.0158173979
mc/mc_beta0.5_s,mc_beta0.5_s_gid-940_20260710_102306,0.5,0.0,1.201305,0.000914,217.667482399,2.02452998414,True,mc/mc_beta0.5_s,False,,,,2.93699342581
mc/mc_infill_2_3,mc_infill_2_3_gid-82_20260715_040906,0.5,0.0,1.201529,-0.013322,469.929195408,1.23314142392,True,mc/mc_infill_2_3,True,0.022723,469.929195,1.233141,1.56374867423
mc/mc_beta0.5_s,mc_beta0.5_s_gid-1075_20260710_053941,0.5,0.0,1.202148,0.017196,100.985879526,2.61765656823,True,mc/mc_beta0.5_s,False,,,,4.35992462755
mc/mc_low_rmu_s_beta0_5,mc_low_rmu_s_beta0_5_gid-58_20260711_042825,0.5,0.0,1.202209,-0.012305,443.669836313,1.30054125887,True,mc/mc_low_rmu_s_beta0_5,False,,,,1.67130759845
mc/mc_beta0.5_s,mc_beta0.5_s_gid-1324_20260710_054816,0.5,0.0,1.205169,0.023043,79.8423063118,2.76481194836,True,mc/mc_beta0.5_s,False,,,,4.85837747635
mc/mc_beta0.5_s,mc_beta0.5_s_gid-541_20260710_100505,0.5,0.0,1.20634,0.004655,179.035407466,2.19155483672,True,mc/mc_beta0.5_s,False,,,,3.28612147952
mc/mc_beta0.5_s,mc_beta0.5_s_gid-631_20260710_101041,0.5,0.0,1.209005,0.001595,208.547372228,2.06146421991,True,mc/mc_beta0.5_s,False,,,,3.01777678476
mc/mc_low_rmu_s_beta0_5,mc_low_rmu_s_beta0_5_gid-400_20260711_043319,0.5,0.0,1.210407,-0.000776,235.597974878,1.95223185631,True,mc/mc_low_rmu_s_beta0_5,False,,,,2.80441007632
mc/mc_infill_2_3,mc_infill_2_3_gid-238_20260715_041532,0.5,0.0,1.210651,-0.014944,506.833222152,1.14170128683,True,mc/mc_infill_2_3,True,0.177392,506.833222,1.141701,1.42762859933
mc/mc_beta0.5_s,mc_beta0.5_s_gid-1345_20260710_054815,0.5,0.0,1.212095,0.004449,179.920392489,2.18695547322,True,mc/mc_beta0.5_s,False,,,,3.28148082544
mc/mc_infill_3_4,mc_infill_3_4_gid-106_20260714_172001,0.5,0.0,1.21321,0.008568,147.0931479,2.34790022353,True,mc/mc_infill_3_4,False,,,,3.64589395266
mc/mc_beta0.5_s,mc_beta0.5_s_gid-664_20260710_101038,0.5,0.0,1.2159,0.030054,61.7874012192,2.90662946954,True,mc/mc_beta0.5_s,False,,,,5.46638573947
mc/mc_beta0.5_s,mc_beta0.5_s_gid-121_20260710_095205,0.5,0.0,1.216646,0.025995,71.1064490038,2.83096201188,True,mc/mc_beta0.5_s,False,,,,5.12918512555
mc/mc_low_rmu_s_beta0_5,mc_low_rmu_s_beta0_5_gid-280_20260711_043313,0.5,0.0,1.217578,0.010897,131.484027137,2.432064018,True,mc/mc_low_rmu_s_beta0_5,False,,,,3.85702078451
mc/mc_beta0.5_s,mc_beta0.5_s_gid-547_20260710_100748,0.5,0.0,1.219514,0.027648,66.9564916412,2.8639282001,True,mc/mc_beta0.5_s,False,,,,5.27300081334
mc/mc_beta0.5_s,mc_beta0.5_s_gid-679_20260710_101038,0.5,0.0,1.221938,0.014141,113.356812091,2.53794102841,True,mc/mc_beta0.5_s,False,,,,4.14462348128
mc/mc_beta0.5_s,mc_beta0.5_s_gid-1183_20260710_053700,0.5,0.0,1.225874,0.007651,151.966328715,2.32160719614,True,mc/mc_beta0.5_s,False,,,,3.59546262215
mc/mc_beta0.5_s,mc_beta0.5_s_gid-1021_20260710_053938,0.5,0.0,1.226823,0.019876,89.0020136543,2.69730601042,True,mc/mc_beta0.5_s,False,,,,4.63893148545
mc/mc_infill_2_3_b,mc_infill_2_3_b_gid-190_20260715_002650,0.5,0.0,1.228162,-0.014858,494.569132852,1.16726696905,True,mc/mc_infill_2_3_b,True,0.130652,495.683531,1.163727,1.48686261673
mc/mc_beta0.5_s,mc_beta0.5_s_gid-844_20260710_101612,0.5,0.0,1.228327,0.012288,122.393879531,2.48333003337,True,mc/mc_beta0.5_s,False,,,,4.00026443719
mc/mc_beta0.5_s,mc_beta0.5_s_gid-760_20260710_101407,0.5,0.0,1.231533,0.029485,62.4598225591,2.90027007825,True,mc/mc_beta0.5_s,False,,,,5.45041344302
mc/mc_infill_3_4,mc_infill_3_4_gid-40_20260714_170021,0.5,0.0,1.232239,-0.002597,253.730248238,1.88143049559,True,mc/mc_infill_3_4,False,,,,2.68963803318
mc/mc_beta0.5_s,mc_beta0.5_s_gid-403_20260710_100905,0.5,0.0,1.233454,0.023271,77.7708870509,2.77866807101,True,mc/mc_beta0.5_s,False,,,,4.93680209341
mc/mc_beta0.5_s,mc_beta0.5_s_gid-22_20260710_095503,0.5,0.0,1.234569,0.017098,99.054779815,2.62819179379,True,mc/mc_beta0.5_s,False,,,,4.42235187166
mc/mc_infill_2_3,mc_infill_2_3_gid-424_20260715_041951,0.5,0.0,1.236878,-0.010444,385.193730254,1.45714241438,True,mc/mc_infill_2_3,True,0.090644,386.04925,1.455503,1.94910083916
mc/mc_beta0.5_s,mc_beta0.5_s_gid-247_20260710_095718,0.5,0.0,1.237089,0.005719,165.163427352,2.25471907531,True,mc/mc_beta0.5_s,False,,,,3.45270114179
mc/mc_beta0.5_s,mc_beta0.5_s_gid-1111_20260710_053658,0.5,0.0,1.238025,0.00339,185.163604734,2.16068709616,True,mc/mc_beta0.5_s,False,,,,3.24900478317
mc/mc_infill_2_3_b,mc_infill_2_3_b_gid-52_20260715_002635,0.5,0.0,1.240972,-0.006272,306.041141485,1.69811686163,True,mc/mc_infill_2_3_b,True,0.228006,306.119354,1.698545,2.36459770387
mc/mc_beta0.5_s,mc_beta0.5_s_gid-256_20260710_100206,0.5,0.0,1.243431,0.017422,97.1236528198,2.64047261209,True,mc/mc_beta0.5_s,False,,,,4.46882944391
mc/mc_beta0.5_s,mc_beta0.5_s_gid-118_20260710_094635,0.5,0.0,1.244632,0.007515,150.461969311,2.32780503653,True,mc/mc_beta0.5_s,False,,,,3.62705989673
mc/mc_beta0.5_s,mc_beta0.5_s_gid-730_20260710_101341,0.5,0.0,1.247975,0.01651,100.516142514,2.61763207542,True,mc/mc_beta0.5_s,False,,,,4.40208207644
mc/mc_beta0.5_s,mc_beta0.5_s_gid-397_20260710_100307,0.5,0.0,1.249437,0.026094,69.5161122904,2.84177818906,True,mc/mc_beta0.5_s,False,,,,5.20486234776
mc/mc_low_rmu_s_beta0_5,mc_low_rmu_s_beta0_5_gid-109_20260711_042830,0.5,0.0,1.251197,0.01445,109.375979564,2.56051429335,True,mc/mc_low_rmu_s_beta0_5,False,,,,4.23557661624
mc/mc_infill_2_3,mc_infill_2_3_gid-40_20260715_041120,0.5,0.0,1.252002,-0.010789,386.958238863,1.44937906334,True,mc/mc_infill_2_3,True,0.278962,386.958239,1.449379,1.95390161838
mc/mc_beta0.5_s,mc_beta0.5_s_gid-1219_20260710_054043,0.5,0.0,1.252681,0.008971,139.535261489,2.38493524747,True,mc/mc_beta0.5_s,False,,,,3.7714256414
mc/mc_low_rmu_s_beta0_5,mc_low_rmu_s_beta0_5_gid-334_20260711_043333,0.5,0.0,1.25841,-0.004036,266.659893947,1.8319422595,True,mc/mc_low_rmu_s_beta0_5,False,,,,2.62084007672
mc/mc_beta0.5_s,mc_beta0.5_s_gid-1081_20260710_053658,0.5,0.0,1.259382,0.006866,153.184707132,2.31258216307,True,mc/mc_beta0.5_s,False,,,,3.60486968831
mc/mc_infill_3_4,mc_infill_3_4_gid-232_20260714_174735,0.5,0.0,1.259885,-0.000176,217.407440125,2.02012667683,True,mc/mc_infill_3_4,False,,,,2.98090463282
mc/mc_beta0.5_s,mc_beta0.5_s_gid-676_20260710_101038,0.5,0.0,1.260281,0.031639,57.3283528975,2.9424471504,True,mc/mc_beta0.5_s,False,,,,5.68667719001
mc/mc_infill_2_3,mc_infill_2_3_gid-586_20260715_041753,0.5,0.0,1.26171,-0.017585,552.360944285,1.02559690335,True,mc/mc_infill_2_3,True,0.199264,552.360944,1.025597,1.28821742335
mc/mc_beta0.5_s,mc_beta0.5_s_gid-925_20260710_102312,0.5,0.0,1.262425,0.021487,81.6598548765,2.74795183043,True,mc/mc_beta0.5_s,False,,,,4.84902748686
mc/mc_low_rmu_s_beta0_5,mc_low_rmu_s_beta0_5_gid-391_20260711_043403,0.5,0.0,1.264369,-0.00432,269.091356586,1.82271525358,True,mc/mc_low_rmu_s_beta0_5,False,,,,2.60850032648
mc/mc_beta0.5_s,mc_beta0.5_s_gid-1474_20260710_055209,0.5,0.0,1.265243,0.02832,63.7907354767,2.88749532716,True,mc/mc_beta0.5_s,False,,,,5.42161553288
mc/mc_low_rmu_s_beta0_5,mc_low_rmu_s_beta0_5_gid-220_20260711_043314,0.5,0.0,1.26881,0.012107,119.455158507,2.49764710949,True,mc/mc_low_rmu_s_beta0_5,False,,,,4.07638194898
mc/mc_beta0.5_s,mc_beta0.5_s_gid-160_20260710_095411,0.5,0.0,1.269348,0.010482,128.392400543,2.4455279542,True,mc/mc_beta0.5_s,False,,,,3.93863220439
mc/mc_beta0.5_s,mc_beta0.5_s_gid-91_20260710_095504,0.5,0.0,1.273153,0.020527,84.1204188139,2.7292910222,True,mc/mc_beta0.5_s,False,,,,4.79183484954
mc/mc_beta0.5_s,mc_beta0.5_s_gid-109_20260710_095334,0.5,0.0,1.275452,0.021539,80.8151826481,2.75341221514,True,mc/mc_beta0.5_s,False,,,,4.88074392485
mc/mc_infill_3_4,mc_infill_3_4_gid-112_20260714_172001,0.5,0.0,1.276278,0.004619,168.159306634,2.23681231383,True,mc/mc_infill_3_4,False,,,,3.44814638237
mc/mc_beta0.5_s,mc_beta0.5_s_gid-1444_20260710_055046,0.5,0.0,1.276371,0.009505,133.443271059,2.41651166972,True,mc/mc_beta0.5_s,False,,,,3.87113851133
mc/mc_infill_2_3,mc_infill_2_3_gid-208_20260715_041043,0.5,0.0,1.276599,-0.007539,315.477306517,1.66391903903,True,mc/mc_infill_2_3,True,0.246319,315.797756,1.66303,2.33774191509
mc/mc_infill_1_2,mc_infill_1_2_gid-580_20260714_175539,0.5,0.0,1.276657,-0.018661,573.765016645,0.968512273162,True,mc/mc_infill_1_2,False,,,,1.20257382702
mc/mc_beta0.5_s,mc_beta0.5_s_gid-724_20260710_101340,0.5,0.0,1.279531,0.017805,93.2109641369,2.66464679628,True,mc/mc_beta0.5_s,False,,,,4.57878528858
mc/mc_beta0.5_s,mc_beta0.5_s_gid-1159_20260710_053809,0.5,0.0,1.28055,0.010379,127.805019008,2.44801287596,True,mc/mc_beta0.5_s,False,,,,3.95509328872
mc/mc_infill_1_2,mc_infill_1_2_gid-448_20260714_175206,0.5,0.0,1.280729,-0.02053,636.058278182,0.836455507201,True,mc/mc_infill_1_2,False,,,,1.02811806821
mc/mc_beta0.5_s,mc_beta0.5_s_gid-1423_20260710_055414,0.5,0.0,1.283762,0.009083,135.204667195,2.40614526823,True,mc/mc_beta0.5_s,False,,,,3.85182628854
mc/mc_low_rmu_s_beta0_5,mc_low_rmu_s_beta0_5_gid-277_20260711_043312,0.5,0.0,1.284433,-0.014384,454.106146632,1.26418348242,True,mc/mc_low_rmu_s_beta0_5,False,,,,1.68007940493
mc/mc_beta0.5_s,mc_beta0.5_s_gid-304_20260710_102747,0.5,0.0,1.285616,0.019208,87.7993034434,2.70207947529,True,mc/mc_beta0.5_s,False,,,,4.70862157852
mc/mc_low_rmu_s_beta0_5,mc_low_rmu_s_beta0_5_gid-289_20260711_043405,0.5,0.0,1.287291,-0.015835,490.823475949,1.17088334865,True,mc/mc_low_rmu_s_beta0_5,False,,,,1.54884041457
mc/mc_infill_2_3,mc_infill_2_3_gid-532_20260715_041750,0.5,0.0,1.288669,-0.015831,489.004607598,1.1699415924,True,mc/mc_infill_2_3,True,0.161669,489.004608,1.169942,1.53769519765
mc/mc_beta0.5_s,mc_beta0.5_s_gid-289_20260710_100415,0.5,0.0,1.289609,0.013836,109.036702357,2.55988938329,True,mc/mc_beta0.5_s,False,,,,4.26845584963
mc/mc_beta0.5_s,mc_beta0.5_s_gid-1222_20260710_054049,0.5,0.0,1.291792,0.012825,113.682568282,2.53085024052,True,mc/mc_beta0.5_s,False,,,,4.18817780128
mc/mc_infill_2_3_b,mc_infill_2_3_b_gid-10_20260715_002403,0.5,0.0,1.292378,-0.009915,352.906150545,1.54561934496,True,mc/mc_infill_2_3_b,True,0.237359,353.155736,1.544994,2.14259301732
mc/mc_low_rmu_s_beta0_5,mc_low_rmu_s_beta0_5_gid-94_20260711_042827,0.5,0.0,1.29562,0.007947,141.049764675,2.37327742358,True,mc/mc_low_rmu_s_beta0_5,False,,,,3.78153502104
mc/mc_beta0.5_s,mc_beta0.5_s_gid-1306_20260710_055410,0.5,0.0,1.295893,0.029295,60.7335422027,2.91155664373,True,mc/mc_beta0.5_s,False,,,,5.56364728685
mc/mc_beta0.5_s,mc_beta0.5_s_gid-358_20260710_100304,0.5,0.0,1.301076,0.026475,66.587940255,2.86262632518,True,mc/mc_beta0.5_s,False,,,,5.34169286932
mc/mc_low_rmu_s_beta0_5,mc_low_rmu_s_beta0_5_gid-70_20260711_042827,0.5,0.0,1.301378,-0.013041,415.027105026,1.36753400001,True,mc/mc_low_rmu_s_beta0_5,False,,,,1.85938352928
mc/mc_beta0.5_s,mc_beta0.5_s_gid-1333_20260710_054815,0.5,0.0,1.303739,0.012156,115.935630754,2.51620285493,True,mc/mc_beta0.5_s,False,,,,4.15825558913
mc/mc_infill_3_4,mc_infill_3_4_gid-244_20260714_174707,0.5,0.0,1.304586,0.009765,128.805566722,2.44041818734,True,mc/mc_infill_3_4,False,,,,3.95700356412
mc/mc_infill_2_3,mc_infill_2_3_gid-256_20260715_041531,0.5,0.0,1.304733,-0.007328,302.934116518,1.70232592835,True,mc/mc_infill_2_3,True,0.018524,302.934117,1.702326,2.42637603675
mc/mc_beta0.5_s,mc_beta0.5_s_gid-232_20260710_095706,0.5,0.0,1.305084,0.00809,138.983589014,2.38370046523,True,mc/mc_beta0.5_s,False,,,,3.81536004291
mc/mc_beta0.5_s,mc_beta0.5_s_gid-1462_20260710_055209,0.5,0.0,1.310507,0.027747,63.4334143851,2.88815250656,True,mc/mc_beta0.5_s,False,,,,5.46544209368
mc/mc_low_rmu_s_beta0_5,mc_low_rmu_s_beta0_5_gid-88_20260711_042829,0.5,0.0,1.312079,-0.009746,342.450663195,1.5749684772,True,mc/mc_low_rmu_s_beta0_5,False,,,,2.21501001237
mc/mc_beta0.5_s,mc_beta0.5_s_gid-100_20260710_095335,0.5,0.0,1.312483,0.004752,161.643706551,2.26551967304,True,mc/mc_beta0.5_s,False,,,,3.54441726763
mc/mc_beta0.5_s,mc_beta0.5_s_gid-295_20260710_100606,0.5,0.0,1.314095,0.020334,82.4807505517,2.73875497752,True,mc/mc_beta0.5_s,False,,,,4.86215620217
mc/mc_low_rmu_s_beta0_5,mc_low_rmu_s_beta0_5_gid-370_20260711_043401,0.5,0.0,1.315614,0.009256,130.596466598,2.42938048112,True,mc/mc_low_rmu_s_beta0_5,False,,,,3.93860090776
mc/mc_beta0.5_s,mc_beta0.5_s_gid-595_20260710_100923,0.5,0.0,1.316157,0.01136,118.855517224,2.4976571393,True,mc/mc_beta0.5_s,False,,,,4.11871500037
mc/mc_infill_3_4,mc_infill_3_4_gid-52_20260714_162830,0.5,0.0,1.316173,0.001465,189.316773763,2.13493028551,True,mc/mc_infill_3_4,False,,,,3.26413502321
mc/mc_beta0.5_s,mc_beta0.5_s_gid-148_20260710_095338,0.5,0.0,1.318408,3.6e-05,203.018813093,2.07472752145,True,mc/mc_beta0.5_s,False,,,,3.14199494803
mc/mc_infill_2_3,mc_infill_2_3_gid-190_20260715_040902,0.5,0.0,1.318948,-0.015322,459.705211011,1.24672260956,True,mc/mc_infill_2_3,True,0.0202,459.705211,1.246723,1.67312602474
mc/mc_beta0.5_s,mc_beta0.5_s_gid-1429_20260710_055414,0.5,0.0,1.321232,0.016888,93.8882633466,2.65722702162,True,mc/mc_beta0.5_s,False,,,,4.59200800998
mc/mc_low_rmu_s_beta0_5,mc_low_rmu_s_beta0_5_gid-22_20260711_042820,0.5,0.0,1.324061,0.013564,107.42878307,2.56757936089,True,mc/mc_low_rmu_s_beta0_5,False,,,,4.32125370729
mc/mc_infill_2_3,mc_infill_2_3_gid-484_20260715_041750,0.5,0.0,1.326482,-0.00898,323.194127702,1.63383459682,True,mc/mc_infill_2_3,True,0.116666,323.194128,1.633835,2.32425131099
mc/mc_beta0.5_s,mc_beta0.5_s_gid-265_20260710_100204,0.5,0.0,1.326906,0.007278,141.616703035,2.36766881543,True,mc/mc_beta0.5_s,False,,,,3.79559075053
mc/mc_low_rmu_s_beta0_5,mc_low_rmu_s_beta0_5_gid-112_20260711_042830,0.5,0.0,1.32773,-0.017371,508.463445894,1.11624134902,True,mc/mc_low_rmu_s_beta0_5,False,,,,1.49436754479
mc/mc_beta0.5_s,mc_beta0.5_s_gid-736_20260710_101350,0.5,0.0,1.328275,0.006709,145.242017825,2.34817822862,True,mc/mc_beta0.5_s,False,,,,3.74994767307
mc/mc_infill_1_2,mc_infill_1_2_gid-244_20260714_174956,0.5,0.0,1.330302,-0.020354,593.79334985,0.921033923649,True,mc/mc_infill_1_2,False,,,,1.18484580595
mc/mc_beta0.5_s,mc_beta0.5_s_gid-130_20260710_095240,0.5,0.0,1.331844,0.030717,56.9277289963,2.94254834271,True,mc/mc_beta0.5_s,False,,,,5.7517384193
mc/mc_beta0.5_s,mc_beta0.5_s_gid-430_20260710_100240,0.5,0.0,1.333771,0.017539,90.6812248459,2.67863587342,True,mc/mc_beta0.5_s,False,,,,4.67275847988
mc/mc_infill_2_3,mc_infill_2_3_gid-64_20260715_040902,0.5,0.0,1.334198,-0.01567,461.04642349,1.24163022864,True,mc/mc_infill_2_3,True,0.058676,461.046423,1.24163,1.67957841862
mc/mc_beta0.5_s,mc_beta0.5_s_gid-1459_20260710_055110,0.5,0.0,1.337688,0.007756,137.244190776,2.39055656822,True,mc/mc_beta0.5_s,False,,,,3.86091593512
mc/mc_infill_1_2,mc_infill_1_2_gid-190_20260714_174609,0.5,0.0,1.33774,-0.022353,657.801482952,0.782611584812,True,mc/mc_infill_1_2,False,,,,1.00078171744
mc/mc_low_rmu_s_beta0_5,mc_low_rmu_s_beta0_5_gid-358_20260711_043412,0.5,0.0,1.339616,-0.006352,277.196436528,1.786722137,True,mc/mc_low_rmu_s_beta0_5,False,,,,2.60679369238
mc/mc_beta0.5_s,mc_beta0.5_s_gid-1234_20260710_054103,0.5,0.0,1.339651,0.025603,67.1076860168,2.8563315488,True,mc/mc_beta0.5_s,False,,,,5.34823733942
mc/mc_beta0.5_s,mc_beta0.5_s_gid-181_20260710_094939,0.5,0.0,1.34105,0.031788,54.7924971078,2.96087487531,True,mc/mc_beta0.5_s,False,,,,5.85730024222
mc/mc_infill_3_4,mc_infill_3_4_gid-214_20260714_174750,0.5,0.0,1.341606,0.006144,147.393376685,2.33570629435,True,mc/mc_infill_3_4,False,,,,3.73201059728
mc/mc_beta0.5_s,mc_beta0.5_s_gid-1042_20260710_053703,0.5,0.0,1.342599,0.010958,118.419414485,2.49826377328,True,mc/mc_beta0.5_s,False,,,,4.14360778255
mc/mc_wrongbasin_ws,mc_wrongbasin_ws_gid-53_20260713_015219,0.5,0.0,1.345009,-0.018983,542.455382392,1.03952072273,True,mc/mc_wrongbasin_ws,True,0.119361,544.911373,1.031833,1.3758238711
mc/mc_low_rmu_s_beta0_5,mc_low_rmu_s_beta0_5_gid-169_20260711_042828,0.5,0.0,1.347112,0.014697,100.705041825,2.6095336593,True,mc/mc_low_rmu_s_beta0_5,False,,,,4.46586284168
mc/mc_beta0.5_s,mc_beta0.5_s_gid-955_20260710_102309,0.5,0.0,1.34763,0.009456,126.019057304,2.45304335687,True,mc/mc_beta0.5_s,False,,,,4.02822984381
mc/mc_infill_2_3,mc_infill_2_3_gid-478_20260715_041803,0.5,0.0,1.348,-0.011235,357.237317867,1.52639439289,True,mc/mc_infill_2_3,True,0.220698,357.237318,1.526394,2.16193245277
mc/mc_infill_2_3,mc_infill_2_3_gid-328_20260715_041552,0.5,0.0,1.352371,-0.016564,474.029641878,1.20443905619,True,mc/mc_infill_2_3,True,0.037153,473.603945,1.203289,1.63890815966
mc/mc_beta0.5_s,mc_beta0.5_s_gid-1102_20260710_053658,0.5,0.0,1.353928,0.001467,182.589979398,2.16194799335,True,mc/mc_beta0.5_s,False,,,,3.35397412365
mc/mc_low_rmu_s_beta0_5,mc_low_rmu_s_beta0_5_gid-367_20260711_043330,0.5,0.0,1.355306,0.004049,160.795434806,2.2659955517,True,mc/mc_low_rmu_s_beta0_5,False,,,,3.58289551871
mc/mc_infill_1_2,mc_infill_1_2_gid-286_20260714_174956,0.5,0.0,1.356329,-0.01934,547.069427191,1.01985537291,True,mc/mc_infill_1_2,False,,,,1.34977511665
mc/mc_beta0.5_s,mc_beta0.5_s_gid-958_20260710_102307,0.5,0.0,1.356721,0.002732,171.145984542,2.21536394118,True,mc/mc_beta0.5_s,False,,,,3.47160711031
mc/mc_infill_3_4,mc_infill_3_4_gid-238_20260714_175406,0.5,0.0,1.357619,-0.00144,210.571386469,2.0391088709,True,mc/mc_infill_3_4,False,,,,3.10382562893
mc/mc_beta0.5_s,mc_beta0.5_s_gid-508_20260710_100238,0.5,0.0,1.359465,0.020174,80.53559247,2.7503929345,True,mc/mc_beta0.5_s,False,,,,4.94400361222
mc/mc_low_rmu_s_beta0_5,mc_low_rmu_s_beta0_5_gid-241_20260711_043319,0.5,0.0,1.360318,0.013812,103.424112214,2.59075748571,True,mc/mc_low_rmu_s_beta0_5,False,,,,4.4209765164
mc/mc_infill_2_3_b,mc_infill_2_3_b_gid-34_20260715_002401,0.5,0.0,1.360743,-0.009083,313.361653458,1.66189983012,True,mc/mc_infill_2_3_b,True,0.046144,313.59826,1.661276,2.40089791498
mc/mc_beta0.5_s,mc_beta0.5_s_gid-769_20260710_101343,0.5,0.0,1.361879,0.024798,68.1035342595,2.84703220345,True,mc/mc_beta0.5_s,False,,,,5.32742538605
mc/mc_beta0.5_s,mc_beta0.5_s_gid-46_20260710_095303,0.5,0.0,1.365424,0.013385,104.869883624,2.58100873026,True,mc/mc_beta0.5_s,False,,,,4.39659579161
mc/mc_beta0.5_s,mc_beta0.5_s_gid-943_20260710_102306,0.5,0.0,1.367936,0.030221,56.760926674,2.94229552614,True,mc/mc_beta0.5_s,False,,,,5.78202073329
mc/mc_beta0.5_s,mc_beta0.5_s_gid-886_20260710_101407,0.5,0.0,1.371652,0.000258,190.624391042,2.12393863695,True,mc/mc_beta0.5_s,False,,,,3.28920747663
mc/mc_infill_2_3,mc_infill_2_3_gid-136_20260715_040902,0.5,0.0,1.37171,-0.017035,474.921486456,1.19992446335,True,mc/mc_infill_2_3,True,0.120337,475.920855,1.197882,1.63263276465
mc/mc_low_rmu_s_beta0_5,mc_low_rmu_s_beta0_5_gid-397_20260711_043323,0.5,0.0,1.372935,-0.014316,410.142036318,1.37249046337,True,mc/mc_low_rmu_s_beta0_5,False,,,,1.92072454934
mc/mc_beta0.5_s,mc_beta0.5_s_gid-115_20260710_094633,0.5,0.0,1.373919,0.017223,89.2647792451,2.68597753355,True,mc/mc_beta0.5_s,False,,,,4.73202402224
mc/mc_beta0.5_s,mc_beta0.5_s_gid-916_20260710_101826,0.5,0.0,1.374784,0.020782,77.9584909188,2.7688925154,True,mc/mc_beta0.5_s,False,,,,5.02567159862
mc/mc_low_rmu_s_beta0_5,mc_low_rmu_s_beta0_5_gid-301_20260711_043405,0.5,0.0,1.378332,-0.020248,561.196092064,0.987449730312,True,mc/mc_low_rmu_s_beta0_5,False,,,,1.32644025358
mc/mc_beta0.5_s,mc_beta0.5_s_gid-556_20260710_100748,0.5,0.0,1.38177,0.031447,54.2549952414,2.96377553802,True,mc/mc_beta0.5_s,False,,,,5.90858455134
mc/mc_beta0.5_s,mc_beta0.5_s_gid-1078_20260710_053658,0.5,0.0,1.382499,0.00638,140.642474505,2.36830456783,True,mc/mc_beta0.5_s,False,,,,3.84541531516
mc/mc_low_rmu_s_beta0_5,mc_low_rmu_s_beta0_5_gid-223_20260711_043313,0.5,0.0,1.383057,-0.002615,217.974182493,2.00593962053,True,mc/mc_low_rmu_s_beta0_5,False,,,,3.05937445161
mc/mc_infill_3_4,mc_infill_3_4_gid-94_20260714_164029,0.5,0.0,1.386751,0.00025,187.937137536,2.13459470368,True,mc/mc_infill_3_4,False,,,,3.32437325291
mc/mc_beta0.5_s,mc_beta0.5_s_gid-835_20260710_101612,0.5,0.0,1.387052,0.003837,157.790311689,2.27827076546,True,mc/mc_beta0.5_s,False,,,,3.63805682913
mc/mc_low_rmu_s_beta0_5,mc_low_rmu_s_beta0_5_gid-181_20260711_042828,0.5,0.0,1.389151,-0.0196,537.808676545,1.03925131085,True,mc/mc_low_rmu_s_beta0_5,False,,,,1.41209366318
mc/mc_infill_2_3,mc_infill_2_3_gid-556_20260715_042005,0.5,0.0,1.389609,-0.011942,354.457364953,1.53072690436,True,mc/mc_infill_2_3,True,0.132769,354.457365,1.530727,2.20075346225
mc/mc_beta0.5_s,mc_beta0.5_s_gid-328_20260710_102747,0.5,0.0,1.391581,0.001155,178.886234504,2.17560405572,True,mc/mc_beta0.5_s,False,,,,3.41538005461
mc/mc_beta0.5_s,mc_beta0.5_s_gid-346_20260710_100911,0.5,0.0,1.39373,0.016265,91.3909470902,2.66969354006,True,mc/mc_beta0.5_s,False,,,,4.69532292494
mc/mc_low_rmu_s_beta0_5,mc_low_rmu_s_beta0_5_gid-364_20260711_043412,0.5,0.0,1.395974,-0.0045,237.041365765,1.92844841543,True,mc/mc_low_rmu_s_beta0_5,False,,,,2.91959317225
mc/mc_infill_2_3,mc_infill_2_3_gid-544_20260715_041800,0.5,0.0,1.39762,-0.016893,458.602880857,1.23801273243,True,mc/mc_infill_2_3,True,0.110259,458.602881,1.238013,1.72644910834
mc/mc_beta0.5_s,mc_beta0.5_s_gid-691_20260710_101013,0.5,0.0,1.397881,0.031519,53.7009143349,2.96798587027,True,mc/mc_beta0.5_s,False,,,,5.9456177914
mc/mc_beta0.5_s,mc_beta0.5_s_gid-829_20260710_101612,0.5,0.0,1.399087,0.00203,170.202980339,2.21607056887,True,mc/mc_beta0.5_s,False,,,,3.50941997868
mc/mc_low_rmu_s_beta0_5,mc_low_rmu_s_beta0_5_gid-115_20260711_042910,0.5,0.0,1.406656,0.002747,163.264333156,2.24923997417,True,mc/mc_low_rmu_s_beta0_5,False,,,,3.58926053317
mc/mc_infill_2_3_a,mc_infill_2_3_a_gid-106_20260714_213450,0.5,0.0,1.407392,-0.012212,352.659655661,1.53400799969,True,mc/mc_infill_2_3_a,True,0.145481,352.984559,1.534057,2.21808151084
mc/mc_infill_1_2,mc_infill_1_2_gid-310_20260714_174956,0.5,0.0,1.408027,-0.021425,577.746116736,0.952827365664,True,mc/mc_infill_1_2,False,,,,1.28191152368
mc/mc_beta0.5_s,mc_beta0.5_s_gid-1450_20260710_055045,0.5,0.0,1.408925,0.011131,111.473218484,2.53582531647,True,mc/mc_beta0.5_s,False,,,,4.3042374401
mc/mc_beta0.5_s,mc_beta0.5_s_gid-1453_20260710_055111,0.5,0.0,1.410432,0.026271,63.0062071637,2.88654926308,True,mc/mc_beta0.5_s,False,,,,5.54488927209
mc/mc_infill_3_4,mc_infill_3_4_gid-4_20260714_175106,0.5,0.0,1.411949,0.004183,151.762333084,2.30691213936,True,mc/mc_infill_3_4,False,,,,3.72507089078
mc/mc_low_rmu_s_beta0_5,mc_low_rmu_s_beta0_5_gid-418_20260711_043736,0.5,0.0,1.412433,-0.012747,360.544424945,1.50969142433,True,mc/mc_low_rmu_s_beta0_5,False,,,,2.18118537247
mc/mc_infill_1_2,mc_infill_1_2_gid-520_20260714_175506,0.5,0.0,1.41375,-0.023421,643.392541314,0.802799238545,True,mc/mc_infill_1_2,False,,,,1.09065732048
mc/mc_beta0.5_s,mc_beta0.5_s_gid-244_20260710_095718,0.5,0.0,1.413988,0.024482,66.7619795361,2.85515178868,True,mc/mc_beta0.5_s,False,,,,5.40699296725
mc/mc_low_rmu_s_beta0_5,mc_low_rmu_s_beta0_5_gid-304_20260711_043405,0.5,0.0,1.415491,0.008851,122.361973828,2.46910711391,True,mc/mc_low_rmu_s_beta0_5,False,,,,4.12861071945
mc/mc_infill_2_3,mc_infill_2_3_gid-376_20260715_041543,0.5,0.0,1.417703,-0.005823,248.386960029,1.88312107068,True,mc/mc_infill_2_3,True,0.21027,248.386311,1.883063,2.85109080312
mc/mc_beta0.5_s,mc_beta0.5_s_gid-238_20260710_095718,0.5,0.0,1.417929,0.011517,108.892114001,2.55140905219,True,mc/mc_beta0.5_s,False,,,,4.35591964749
mc/mc_beta0.5_s,mc_beta0.5_s_gid-94_20260710_095503,0.5,0.0,1.419125,0.018931,81.0866215077,2.74259144778,True,mc/mc_beta0.5_s,False,,,,4.96668897905
mc/mc_beta0.5_s,mc_beta0.5_s_gid-1069_20260710_053659,0.5,0.0,1.421748,0.015285,93.0996784746,2.65589421604,True,mc/mc_beta0.5_s,False,,,,4.67447293942
mc/mc_beta0.5_s,mc_beta0.5_s_gid-1267_20260710_054442,0.5,0.0,1.422462,0.005899,138.850319338,2.37473457014,True,mc/mc_beta0.5_s,False,,,,3.89507006678
mc/mc_low_rmu_s_beta0_5,mc_low_rmu_s_beta0_5_gid-307_20260711_043312,0.5,0.0,1.424067,-0.011741,338.050736374,1.5766897034,True,mc/mc_low_rmu_s_beta0_5,False,,,,2.30860668003
mc/mc_beta0.5_s,mc_beta0.5_s_gid-16_20260710_094629,0.5,0.0,1.42609,0.006659,133.712435538,2.40289587974,True,mc/mc_beta0.5_s,False,,,,3.9681199254
mc/mc_infill_2_3,mc_infill_2_3_gid-598_20260715_041753,0.5,0.0,1.428086,-0.017146,450.48208725,1.25774214015,True,mc/mc_infill_2_3,True,0.054705,450.482087,1.257742,1.78830223138
mc/mc_infill_3_4,mc_infill_3_4_gid-196_20260714_175438,0.5,0.0,1.430655,0.000694,176.299294048,2.18417941486,True,mc/mc_infill_3_4,False,,,,3.46681493583
mc/mc_low_rmu_s_beta0_5,mc_low_rmu_s_beta0_5_gid-37_20260711_042823,0.5,0.0,1.433083,-0.005805,244.176436546,1.89722489458,True,mc/mc_low_rmu_s_beta0_5,False,,,,2.89030380299
mc/mc_beta0.5_s,mc_beta0.5_s_gid-790_20260710_101347,0.5,0.0,1.433153,0.022393,70.9220552974,2.82036237681,True,mc/mc_beta0.5_s,False,,,,5.27653001141
mc/mc_infill_2_3,mc_infill_2_3_gid-430_20260715_041756,0.5,0.0,1.434969,-0.006881,257.727549967,1.84645799344,True,mc/mc_infill_2_3,True,0.147689,257.72755,1.846458,2.79636669997
mc/mc_low_rmu_s_beta0_5,mc_low_rmu_s_beta0_5_gid-100_20260711_042900,0.5,0.0,1.436735,0.005193,141.632813331,2.35839346877,True,mc/mc_low_rmu_s_beta0_5,False,,,,3.86750017239
mc/mc_low_rmu_s_beta0_5,mc_low_rmu_s_beta0_5_gid-415_20260711_043735,0.5,0.0,1.442787,-0.016322,422.728762889,1.3286789353,True,mc/mc_low_rmu_s_beta0_5,False,,,,1.90619751184
mc/mc_beta0.5_s,mc_beta0.5_s_gid-910_20260710_101828,0.5,0.0,1.443437,0.018022,82.5241935722,2.73035637163,True,mc/mc_beta0.5_s,False,,,,4.94335086392
mc/mc_infill_1_2,mc_infill_1_2_gid-634_20260714_175007,0.5,0.0,1.445423,-0.021252,548.852011056,1.00541304257,True,mc/mc_infill_1_2,False,,,,1.4043203698
mc/mc_beta0.5_s,mc_beta0.5_s_gid-1243_20260710_054053,0.5,0.0,1.445805,0.018402,81.2320726096,2.73983669362,True,mc/mc_beta0.5_s,False,,,,4.97912167858
mc/mc_beta0.5_s,mc_beta0.5_s_gid-25_20260710_094640,0.5,0.0,1.446405,0.02311,68.6249395498,2.83814554238,True,mc/mc_beta0.5_s,False,,,,5.36132370832
mc/mc_low_rmu_s_beta0_5,mc_low_rmu_s_beta0_5_gid-319_20260711_043314,0.5,0.0,1.446862,0.008446,121.355689385,2.47260002841,True,mc/mc_low_rmu_s_beta0_5,False,,,,4.16426338405
mc/mc_infill_2_3,mc_infill_2_3_gid-196_20260715_040902,0.5,0.0,1.448083,-0.011811,329.851070161,1.5995259624,True,mc/mc_infill_2_3,True,0.131588,329.85107,1.599526,2.360459986
mc/mc_beta0.5_s,mc_beta0.5_s_gid-7_20260710_094709,0.5,0.0,1.449675,0.027514,59.211030218,2.91698600257,True,mc/mc_beta0.5_s,False,,,,5.72270525605
mc/mc_infill_2_3,mc_infill_2_3_gid-262_20260715_041533,0.5,0.0,1.451725,-0.01152,323.348434543,1.61898255736,True,mc/mc_infill_2_3,True,0.180025,323.348435,1.618983,2.40142132342
mc/mc_beta0.5_s,mc_beta0.5_s_gid-1417_20260710_055414,0.5,0.0,1.451856,0.029113,56.2435330425,2.94285538205,True,mc/mc_beta0.5_s,False,,,,5.85569969612
mc/mc_infill_1_2,mc_infill_1_2_gid-412_20260714_175037,0.5,0.0,1.452338,-0.024783,649.100984541,0.744138933368,True,mc/mc_infill_1_2,False,,,,1.06579847628
mc/mc_beta0.5_s,mc_beta0.5_s_gid-349_20260710_100237,0.5,0.0,1.454314,0.007374,126.423288097,2.44219557899,True,mc/mc_beta0.5_s,False,,,,4.09126701619
mc/mc_beta0.5_s,mc_beta0.5_s_gid-574_20260710_100635,0.5,0.0,1.457071,0.004142,146.0067865,2.33319399679,True,mc/mc_beta0.5_s,False,,,,3.82446780969
mc/mc_low_rmu_s_beta0_5,mc_low_rmu_s_beta0_5_gid-439_20260711_043737,0.5,0.0,1.459226,0.01245,101.466117152,2.59653031839,True,mc/mc_low_rmu_s_beta0_5,False,,,,4.52218091451
mc/mc_low_rmu_s_beta0_5,mc_low_rmu_s_beta0_5_gid-67_20260711_042827,0.5,0.0,1.462119,0.011676,104.509381715,2.57632355315,True,mc/mc_low_rmu_s_beta0_5,False,,,,4.46486532471
mc/mc_infill_3_4,mc_infill_3_4_gid-178_20260714_175005,0.5,0.0,1.463301,0.009304,115.367048413,2.50754224233,True,mc/mc_infill_3_4,False,,,,4.27174885086
mc/mc_infill_2_3,mc_infill_2_3_gid-34_20260715_040902,0.5,0.0,1.466196,-0.00882,276.255633792,1.77652463651,True,mc/mc_infill_2_3,True,0.181886,276.255634,1.776525,2.69239309744
mc/mc_infill_1_2,mc_infill_1_2_gid-436_20260714_174956,0.5,0.0,1.467101,-0.020079,504.221979126,1.11123258998,True,mc/mc_infill_1_2,False,,,,1.59518716021
mc/mc_low_rmu_s_beta0_5,mc_low_rmu_s_beta0_5_gid-82_20260711_042827,0.5,0.0,1.469962,0.009045,116.025015514,2.50299018629,True,mc/mc_low_rmu_s_beta0_5,False,,,,4.26489181503
mc/mc_beta0.5_s,mc_beta0.5_s_gid-337_20260710_100911,0.5,0.0,1.47041,0.009655,113.000502859,2.52163438517,True,mc/mc_beta0.5_s,False,,,,4.3163376738
mc/mc_infill_1_2,mc_infill_1_2_gid-688_20260714_175638,0.5,0.0,1.471398,-0.025967,653.445478139,0.76016628168,True,mc/mc_infill_1_2,False,,,,1.03487798002
mc/mc_infill_2_3_a,mc_infill_2_3_a_gid-154_20260714_213243,0.5,0.0,1.475126,-0.005925,235.196613223,1.92774554574,True,mc/mc_infill_2_3_a,True,0.153707,235.255974,1.927676,2.98366760525
mc/mc_beta0.5_s,mc_beta0.5_s_gid-175_20260710_094939,0.5,0.0,1.476327,0.001318,163.84441799,2.24009723031,True,mc/mc_beta0.5_s,False,,,,3.627174223
mc/mc_infill_3_4,mc_infill_3_4_gid-46_20260714_172102,0.5,0.0,1.476701,-0.003858,211.326685445,2.02433096586,True,mc/mc_infill_3_4,False,,,,3.17360886196
mc/mc_beta0.5_s,mc_beta0.5_s_gid-976_20260710_102749,0.5,0.0,1.478224,0.012084,101.508129654,2.59488203029,True,mc/mc_beta0.5_s,False,,,,4.53298426026
mc/mc_low_rmu_s_beta0_5,mc_low_rmu_s_beta0_5_gid-328_20260711_043333,0.5,0.0,1.478568,-0.020522,507.560264411,1.10462563871,True,mc/mc_low_rmu_s_beta0_5,True,0.010774,509.412177,1.099206,1.57738041996
mc/mc_beta0.5_s,mc_beta0.5_s_gid-106_20260710_095446,0.5,0.0,1.481764,0.029868,54.1105516872,2.96046354175,True,mc/mc_beta0.5_s,False,,,,5.97414655004
mc/mc_low_rmu_s_beta0_5,mc_low_rmu_s_beta0_5_gid-52_20260711_042824,0.5,0.0,1.484667,-0.01263,331.325220187,1.59150603828,True,mc/mc_low_rmu_s_beta0_5,False,,,,2.37707041133
mc/mc_beta0.5_s,mc_beta0.5_s_gid-229_20260710_104028,0.5,0.0,1.485253,0.007988,119.920490079,2.47815031296,True,mc/mc_beta0.5_s,False,,,,4.21085049704
mc/mc_beta0.5_s,mc_beta0.5_s_gid-952_20260710_102307,0.5,0.0,1.487119,0.021662,70.3608301228,2.82179730893,True,mc/mc_beta0.5_s,False,,,,5.32688943209
mc/mc_beta0.5_s,mc_beta0.5_s_gid-262_20260710_100204,0.5,0.0,1.488485,0.014402,91.8303659397,2.66020728041,True,mc/mc_beta0.5_s,False,,,,4.74379145592
mc/mc_infill_2_3,mc_infill_2_3_gid-52_20260715_040908,0.5,0.0,1.489195,-0.013523,346.414501718,1.54653744404,True,mc/mc_infill_2_3,True,0.244714,346.414502,1.546537,2.30122426731
mc/mc_infill_1_2,mc_infill_1_2_gid-172_20260714_174735,0.5,0.0,1.490502,-0.018991,463.164475371,1.21755716446,True,mc/mc_infill_1_2,False,,,,1.76327832474
mc/mc_low_rmu_s_beta0_5,mc_low_rmu_s_beta0_5_gid-394_20260711_043320,0.5,0.0,1.49056,-0.00214,191.236133551,2.10995390704,True,mc/mc_low_rmu_s_beta0_5,False,,,,3.35933218211
mc/mc_beta0.5_s,mc_beta0.5_s_gid-628_20260710_100923,0.5,0.0,1.49111,0.024893,62.9604334378,2.88273351674,True,mc/mc_beta0.5_s,False,,,,5.5938451201
mc/mc_beta0.5_s,mc_beta0.5_s_gid-400_20260710_100905,0.5,0.0,1.492523,0.002318,153.94004459,2.28860612676,True,mc/mc_beta0.5_s,False,,,,3.74999288387
mc/mc_low_rmu_s_beta0_5,mc_low_rmu_s_beta0_5_gid-178_20260711_042828,0.5,0.0,1.493918,0.00342,146.052636893,2.32976478011,True,mc/mc_low_rmu_s_beta0_5,False,,,,3.84741679074
mc/mc_beta0.5_s,mc_beta0.5_s_gid-1402_20260710_054819,0.5,0.0,1.49471,0.022183,68.7885560121,2.83411588983,True,mc/mc_beta0.5_s,False,,,,5.38401385939
mc/mc_infill_2_3_a,mc_infill_2_3_a_gid-172_20260714_213246,0.5,0.0,1.497271,-0.008044,256.531605312,1.8444461564,True,mc/mc_infill_2_3_a,True,0.234844,256.605528,1.844089,2.84314344008
mc/mc_beta0.5_s,mc_beta0.5_s_gid-484_20260710_100206,0.5,0.0,1.497503,0.021251,70.9105455077,2.81677791331,True,mc/mc_beta0.5_s,False,,,,5.31486795431
mc/mc_infill_3_4,mc_infill_3_4_gid-160_20260714_175536,0.5,0.0,1.500594,0.005682,131.016492674,2.41198103221,True,mc/mc_infill_3_4,False,,,,4.05279720643
mc/mc_beta0.5_s,mc_beta0.5_s_gid-1156_20260710_053811,0.5,0.0,1.500896,0.015524,87.155841093,2.69269820719,True,mc/mc_beta0.5_s,False,,,,4.86077726439
mc/mc_beta0.5_s,mc_beta0.5_s_gid-469_20260710_100843,0.5,0.0,1.503486,0.010512,106.178958801,2.56242353184,True,mc/mc_beta0.5_s,False,,,,4.45860342479
mc/mc_infill_2_3,mc_infill_2_3_gid-58_20260715_040903,0.5,0.0,1.505785,-0.00511,218.65282675,1.99101732108,True,mc/mc_infill_2_3,True,0.116156,218.652827,1.991017,3.13141298016
mc/mc_low_rmu_s_beta0_5,mc_low_rmu_s_beta0_5_gid-151_20260711_042826,0.5,0.0,1.506539,-0.005425,221.962657473,1.97732658025,True,mc/mc_low_rmu_s_beta0_5,False,,,,3.10512400285
mc/mc_beta0.5_s,mc_beta0.5_s_gid-568_20260710_100635,0.5,0.0,1.506556,0.019125,75.9913045551,2.77607252118,True,mc/mc_beta0.5_s,False,,,,5.16260030762
mc/mc_low_rmu_s_beta0_5,mc_low_rmu_s_beta0_5_gid-409_20260711_043736,0.5,0.0,1.508804,-0.013752,343.509168331,1.55222639679,True,mc/mc_low_rmu_s_beta0_5,False,,,,2.33035090726
mc/mc_infill_1_2,mc_infill_1_2_gid-334_20260714_172633,0.5,0.0,1.508976,-0.023173,570.209361723,0.956379878701,True,mc/mc_infill_1_2,False,,,,1.37611219649
mc/mc_beta0.5_s,mc_beta0.5_s_gid-1225_20260710_054049,0.5,0.0,1.509191,0.004369,137.952706428,2.37235642506,True,mc/mc_beta0.5_s,False,,,,3.96197371813
mc/mc_beta0.5_s,mc_beta0.5_s_gid-700_20260710_101339,0.5,0.0,1.510745,0.01291,95.8050681623,2.63105225805,True,mc/mc_beta0.5_s,False,,,,4.66969691783
mc/mc_infill_2_3,mc_infill_2_3_gid-562_20260715_041959,0.5,0.0,1.514297,-0.011688,305.150399582,1.67226341596,True,mc/mc_infill_2_3,True,0.058899,305.1504,1.672263,2.54168615886
mc/mc_low_rmu_s_beta0_5,mc_low_rmu_s_beta0_5_gid-184_20260711_042828,0.5,0.0,1.516777,0.010701,104.263709452,2.57390215399,True,mc/mc_low_rmu_s_beta0_5,False,,,,4.50266385303
mc/mc_infill_3_4,mc_infill_3_4_gid-136_20260714_172903,0.5,0.0,1.517419,0.003617,141.719521125,2.35102737517,True,mc/mc_infill_3_4,False,,,,3.91715279341
mc/mc_beta0.5_s,mc_beta0.5_s_gid-1027_20260710_053709,0.5,0.0,1.517814,0.00253,148.94290691,2.31238594752,True,mc/mc_beta0.5_s,False,,,,3.82617586834
mc/mc_beta0.5_s,mc_beta0.5_s_gid-637_20260710_100923,0.5,0.0,1.519654,0.023494,64.8391310344,2.86540666884,True,mc/mc_beta0.5_s,False,,,,5.53853259068
mc/mc_infill_1_2,mc_infill_1_2_gid-664_20260714_175406,0.5,0.0,1.520328,-0.024474,596.948426162,0.883368396584,False,mc/mc_infill_1_2,False,,,,1.2772067846
mc/mc_low_rmu_s_beta0_5,mc_low_rmu_s_beta0_5_gid-187_20260711_042903,0.5,0.0,1.522178,0.006393,124.636599771,2.4471399214,True,mc/mc_low_rmu_s_beta0_5,False,,,,4.15988682486
mc/mc_beta0.5_s,mc_beta0.5_s_gid-70_20260710_094621,0.5,0.0,1.522212,0.014043,90.866603487,2.66470174009,True,mc/mc_beta0.5_s,False,,,,4.78570538064
mc/mc_infill_2_3,mc_infill_2_3_gid-298_20260715_041532,0.5,0.0,1.522878,-0.010973,291.249778803,1.7189485317,True,mc/mc_infill_2_3,True,0.065626,291.249779,1.718949,2.63163295354
mc/mc_low_rmu_s_beta0_5,mc_low_rmu_s_beta0_5_gid-85_20260711_042829,0.5,0.0,1.52745,0.00025,164.329792423,2.23303312265,True,mc/mc_low_rmu_s_beta0_5,False,,,,3.653235007
mc/mc_infill_1_2,mc_infill_1_2_gid-82_20260714_175613,0.5,0.0,1.528285,-0.025879,647.580764845,0.781121381098,True,mc/mc_infill_1_2,False,,,,1.1618851424
mc/mc_beta0.5_s,mc_beta0.5_s_gid-643_20260710_100939,0.5,0.0,1.529161,0.003124,143.438722303,2.34071383111,True,mc/mc_beta0.5_s,False,,,,3.90209977221
mc/mc_beta0.5_s,mc_beta0.5_s_gid-136_20260710_094622,0.5,0.0,1.530566,0.021082,69.8699981106,2.82328841789,True,mc/mc_beta0.5_s,False,,,,5.36781480191
mc/mc_beta0.5_s,mc_beta0.5_s_gid-292_20260710_100606,0.5,0.0,1.532993,0.025394,60.487565422,2.90174410863,True,mc/mc_beta0.5_s,False,,,,5.71622547696
mc/mc_low_rmu_s_beta0_5,mc_low_rmu_s_beta0_5_gid-430_20260711_043738,0.5,0.0,1.535448,-0.006724,230.255102527,1.94114924217,True,mc/mc_low_rmu_s_beta0_5,False,,,,3.05733230404
mc/mc_infill_2_3_a,mc_infill_2_3_a_gid-142_20260714_213358,0.5,0.0,1.535486,-0.012907,318.340481502,1.62810461489,True,mc/mc_infill_2_3_a,True,0.091425,318.2619,1.627472,2.48068772989
mc/mc_infill_1_2,mc_infill_1_2_gid-304_20260714_174956,0.5,0.0,1.536746,-0.022443,528.964516218,1.04483515463,True,mc/mc_infill_1_2,False,,,,1.53171131867
mc/mc_beta0.5_s,mc_beta0.5_s_gid-310_20260710_102747,0.5,0.0,1.537317,0.000571,160.35224442,2.25196946472,True,mc/mc_beta0.5_s,False,,,,3.70333291424
mc/mc_infill_3_4,mc_infill_3_4_gid-82_20260714_164029,0.5,0.0,1.540501,0.002834,143.884712684,2.33732213803,True,mc/mc_infill_3_4,False,,,,3.90322258454
mc/mc_infill_1_2,mc_infill_1_2_gid-364_20260714_172102,0.5,0.0,1.540865,-0.02171,506.040734564,1.09943370124,True,mc/mc_infill_1_2,False,,,,1.62803219895
mc/mc_beta0.5_s,mc_beta0.5_s_gid-187_20260710_095440,0.5,0.0,1.541556,0.015904,83.4973313566,2.71684606512,True,mc/mc_beta0.5_s,False,,,,4.97594658237
mc/mc_beta0.5_s,mc_beta0.5_s_gid-538_20260710_100508,0.5,0.0,1.542662,0.017717,78.0575106502,2.7578817822,True,mc/mc_beta0.5_s,False,,,,5.12353523164
mc/mc_infill_2_3,mc_infill_2_3_gid-514_20260715_041750,0.5,0.0,1.543752,-0.015209,356.221260182,1.50821270535,True,mc/mc_infill_2_3,True,0.127918,356.400886,1.507458,2.28146221019
mc/mc_beta0.5_s,mc_beta0.5_s_gid-481_20260710_100205,0.5,0.0,1.544046,0.020855,69.8272666925,2.82286496042,True,mc/mc_beta0.5_s,False,,,,5.37676295478
mc/mc_low_rmu_s_beta0_5,mc_low_rmu_s_beta0_5_gid-373_20260711_043402,0.5,0.0,1.544098,-0.01703,391.161457296,1.405587142,True,mc/mc_low_rmu_s_beta0_5,False,,,,2.10326850145
mc/mc_beta0.5_s,mc_beta0.5_s_gid-199_20260710_095304,0.5,0.0,1.547247,0.015481,84.4925450068,2.70910795389,True,mc/mc_beta0.5_s,False,,,,4.95377102684
mc/mc_low_rmu_s_beta0_5,mc_low_rmu_s_beta0_5_gid-265_20260711_043312,0.5,0.0,1.551789,0.002344,145.66648038,2.32676501765,True,mc/mc_low_rmu_s_beta0_5,False,,,,3.88739442121
mc/mc_beta0.5_s,mc_beta0.5_s_gid-871_20260710_101408,0.5,0.0,1.553344,0.014327,87.880447643,2.68395696525,True,mc/mc_beta0.5_s,False,,,,4.87373600023
mc/mc_infill_1_2,mc_infill_1_2_gid-340_20260714_172633,0.5,0.0,1.553642,-0.022043,508.234391034,1.09438131158,True,mc/mc_infill_1_2,False,,,,1.61055504064
mc/mc_beta0.5_s,mc_beta0.5_s_gid-151_20260710_095338,0.5,0.0,1.555758,0.019674,72.1995438129,2.80305459076,True,mc/mc_beta0.5_s,False,,,,5.30639561766
mc/mc_infill_2_3,mc_infill_2_3_gid-10_20260715_040901,0.5,0.0,1.556058,-0.0067,225.140771549,1.95943011156,True,mc/mc_infill_2_3,True,0.222814,225.140772,1.95943,3.10959726571
mc/mc_beta0.5_s,mc_beta0.5_s_gid-982_20260710_102748,0.5,0.0,1.557252,0.010226,103.003691723,2.57919391727,True,mc/mc_beta0.5_s,False,,,,4.55068414087
mc/mc_low_rmu_s_beta0_5,mc_low_rmu_s_beta0_5_gid-202_20260711_043316,0.5,0.0,1.558724,-0.006115,217.942120359,1.9885733709,True,mc/mc_low_rmu_s_beta0_5,False,,,,3.1684950106
mc/mc_infill_1_2,mc_infill_1_2_gid-268_20260714_174956,0.5,0.0,1.559385,-0.027675,645.79595962,0.747338391559,True,mc/mc_infill_1_2,False,,,,1.12094514378
mc/mc_beta0.5_s,mc_beta0.5_s_gid-1447_20260710_055045,0.5,0.0,1.561314,0.00305,139.840505995,2.3575088628,True,mc/mc_beta0.5_s,False,,,,3.96816631839
mc/mc_infill_3_4,mc_infill_3_4_gid-70_20260714_163606,0.5,0.0,1.561448,0.00658,119.604828049,2.47397916024,True,mc/mc_infill_3_4,False,,,,4.26166235844
mc/mc_low_rmu_s_beta0_5,mc_low_rmu_s_beta0_5_gid-436_20260711_043735,0.5,0.0,1.563331,0.014902,85.3775905097,2.70153236223,True,mc/mc_low_rmu_s_beta0_5,False,,,,4.94065135104
mc/mc_beta0.5_s,mc_beta0.5_s_gid-1483_20260710_055209,0.5,0.0,1.567487,0.009374,105.805400687,2.56005479191,True,mc/mc_beta0.5_s,False,,,,4.50333303366
mc/mc_beta0.5_s,mc_beta0.5_s_gid-1135_20260710_053739,0.5,0.0,1.568465,0.021913,66.3692088921,2.8499514952,True,mc/mc_beta0.5_s,False,,,,5.50956809302
mc/mc_infill_2_3,mc_infill_2_3_gid-220_20260715_041530,0.5,0.0,1.569379,-0.008392,242.262118614,1.8908747626,True,mc/mc_infill_2_3,True,0.248249,242.262119,1.890875,2.98815249482
mc/mc_low_rmu_s_beta0_5,mc_low_rmu_s_beta0_5_gid-229_20260711_043312,0.5,0.0,1.569914,0.007639,113.521617506,2.51068089613,True,mc/mc_low_rmu_s_beta0_5,False,,,,4.3670189187
mc/mc_infill_1_2,mc_infill_1_2_gid-322_20260714_175106,0.5,0.0,1.573746,-0.021965,494.055541985,1.12691658325,True,mc/mc_infill_1_2,False,,,,1.68223174718
mc/mc_beta0.5_s,mc_beta0.5_s_gid-733_20260710_101348,0.5,0.0,1.573974,0.013486,89.4111183244,2.67153998965,True,mc/mc_beta0.5_s,False,,,,4.84919358696
mc/mc_low_rmu_s_beta0_5,mc_low_rmu_s_beta0_5_gid-43_20260711_042830,0.5,0.0,1.574513,-0.000517,163.033775336,2.23514639056,True,mc/mc_low_rmu_s_beta0_5,False,,,,3.69613377684
mc/mc_beta0.5_s,mc_beta0.5_s_gid-1249_20260710_054053,0.5,0.0,1.576354,0.020264,69.8283572078,2.82100399165,True,mc/mc_beta0.5_s,False,,,,5.39447666544
mc/mc_infill_2_3,mc_infill_2_3_gid-346_20260715_041537,0.5,0.0,1.577159,-0.017943,397.173953753,1.38394886863,True,mc/mc_infill_2_3,True,0.154732,397.430046,1.382701,2.0990439993
mc/mc_infill_1_2,mc_infill_1_2_gid-556_20260714_164833,0.5,0.0,1.579439,-0.026726,621.384420879,0.817075705899,True,mc/mc_infill_1_2,False,,,,1.25064372703
mc/mc_beta0.5_s,mc_beta0.5_s_gid-1471_20260710_055121,0.5,0.0,1.581381,0.010118,101.529730158,2.58720021167,True,mc/mc_beta0.5_s,False,,,,4.59337765111
mc/mc_beta0.5_s,mc_beta0.5_s_gid-298_20260710_100606,0.5,0.0,1.582376,0.011063,97.6779124083,2.6131252528,True,mc/mc_beta0.5_s,False,,,,4.6718521073
mc/mc_low_rmu_s_beta0_5,mc_low_rmu_s_beta0_5_gid-271_20260711_043312,0.5,0.0,1.582903,-0.003742,188.955016884,2.11134529608,True,mc/mc_low_rmu_s_beta0_5,False,,,,3.43634856822
mc/mc_infill_1_2,mc_infill_1_2_gid-388_20260714_175007,0.5,0.0,1.587967,-0.018179,397.528236974,1.38075022979,True,mc/mc_infill_1_2,False,,,,2.10104891699
mc/mc_infill_2_3_a,mc_infill_2_3_a_gid-178_20260714_213554,0.5,0.0,1.588942,-0.017779,388.558346156,1.40661667072,True,mc/mc_infill_2_3_a,True,0.158402,389.287601,1.404339,2.14644223923
mc/mc_infill_1_2,mc_infill_1_2_gid-226_20260714_174609,0.5,0.0,1.592638,-0.024036,538.737740027,1.00857695508,True,mc/mc_infill_1_2,False,,,,1.50102268669
mc/mc_low_rmu_s_beta0_5,mc_low_rmu_s_beta0_5_gid-199_20260711_042828,0.5,0.0,1.592889,-0.009475,249.79571724,1.85907576984,True,mc/mc_low_rmu_s_beta0_5,False,,,,2.94595732522
mc/mc_beta0.5_s,mc_beta0.5_s_gid-1057_20260710_053930,0.5,0.0,1.593097,0.020432,68.7074929171,2.82921798138,True,mc/mc_beta0.5_s,False,,,,5.44119672976
mc/mc_beta0.5_s,mc_beta0.5_s_gid-1138_20260710_053739,0.5,0.0,1.596323,0.024694,59.6690575449,2.90563983874,True,mc/mc_beta0.5_s,False,,,,5.78417328259
mc/mc_infill_3_4,mc_infill_3_4_gid-58_20260714_162330,0.5,0.0,1.59645,-0.001855,170.176295071,2.19802525599,True,mc/mc_infill_3_4,False,,,,3.63185853305
mc/mc_low_rmu_s_beta0_5,mc_low_rmu_s_beta0_5_gid-421_20260711_043739,0.5,0.0,1.597949,0.008304,107.927234777,2.54399855887,True,mc/mc_low_rmu_s_beta0_5,False,,,,4.48170486592
mc/mc_infill_2_3,mc_infill_2_3_gid-460_20260715_041752,0.5,0.0,1.599776,-0.009604,249.609199217,1.85926039839,True,mc/mc_infill_2_3,True,0.168022,249.609199,1.85926,2.95167035905
mc/mc_beta0.5_s,mc_beta0.5_s_gid-1030_20260710_053944,0.5,0.0,1.600651,0.0049,124.436906302,2.44190507547,True,mc/mc_beta0.5_s,False,,,,4.20918014971
mc/mc_infill_3_4,mc_infill_3_4_gid-88_20260714_164029,0.5,0.0,1.600737,0.005477,121.351979967,2.46028296849,True,mc/mc_infill_3_4,False,,,,4.25684140444
mc/mc_infill_1_2,mc_infill_1_2_gid-292_20260714_174636,0.5,0.0,1.601409,-0.019229,413.803415305,1.33400635715,True,mc/mc_infill_1_2,False,,,,2.03602019877
mc/mc_low_rmu_s_beta0_5,mc_low_rmu_s_beta0_5_gid-352_20260711_043418,0.5,0.0,1.602226,0.006099,118.002474295,2.4804488495,True,mc/mc_low_rmu_s_beta0_5,False,,,,4.31111389392
mc/mc_beta0.5_s,mc_beta0.5_s_gid-124_20260710_095311,0.5,0.0,1.602598,0.010745,97.4055451976,2.61352663468,True,mc/mc_beta0.5_s,False,,,,4.68894008246
mc/mc_infill_2_3,mc_infill_2_3_gid-574_20260715_041959,0.5,0.0,1.608307,-0.016688,359.310881526,1.4920402065,True,mc/mc_infill_2_3,True,0.011836,359.310882,1.49204,2.29983679046
mc/mc_low_rmu_s_beta0_5,mc_low_rmu_s_beta0_5_gid-121_20260711_042910,0.5,0.0,1.609013,0.001925,141.003544761,2.34699441762,True,mc/mc_low_rmu_s_beta0_5,False,,,,3.98082258015
mc/mc_infill_1_2,mc_infill_1_2_gid-220_20260714_174609,0.5,0.0,1.609751,-0.02817,625.816316715,0.786386438379,True,mc/mc_infill_1_2,False,,,,1.11969840391
mc/mc_low_rmu_s_beta0_5,mc_low_rmu_s_beta0_5_gid-403_20260711_043738,0.5,0.0,1.614142,-0.018313,389.053996284,1.40341706117,True,mc/mc_low_rmu_s_beta0_5,False,,,,2.15717922002
mc/mc_infill_2_3,mc_infill_2_3_gid-184_20260715_040902,0.5,0.0,1.619412,-0.010053,250.25745819,1.85509536345,True,mc/mc_infill_2_3,True,0.16727,250.257458,1.855095,2.95861983971
mc/mc_beta0.5_s,mc_beta0.5_s_gid-880_20260710_101409,0.5,0.0,1.619997,0.022984,62.1479096136,2.88294000443,True,mc/mc_beta0.5_s,False,,,,5.69554720229
mc/mc_infill_1_2,mc_infill_1_2_gid-562_20260714_164729,0.5,0.0,1.620285,-0.022969,494.256057299,1.1141985658,True,mc/mc_infill_1_2,False,,,,1.69904843267
mc/mc_beta0.5_s,mc_beta0.5_s_gid-991_20260710_102801,0.5,0.0,1.623633,0.003429,130.120004461,2.4068231103,True,mc/mc_beta0.5_s,False,,,,4.13834982039
mc/mc_beta0.5_s,mc_beta0.5_s_gid-73_20260710_094631,0.5,0.0,1.624551,0.003272,130.922766174,2.40213933162,True,mc/mc_beta0.5_s,False,,,,4.12739840328
mc/mc_infill_lt1_beta0_5,mc_infill_lt1_beta0_5_gid-22_20260714_164131,0.5,0.0,1.624575,-0.029563,672.853965109,0.692988276733,True,mc/mc_infill_lt1_beta0_5,False,,,,1.09907802495
mc/mc_infill_2_3,mc_infill_2_3_gid-22_20260715_040903,0.5,0.0,1.625678,-0.009498,241.566756439,1.88738995399,True,mc/mc_infill_2_3,True,0.172583,241.566756,1.88739,3.02457232191
mc/mc_low_rmu_s_beta0_5,mc_low_rmu_s_beta0_5_gid-379_20260711_043418,0.5,0.0,1.625864,-0.020902,439.409450647,1.25763055642,True,mc/mc_low_rmu_s_beta0_5,False,,,,1.93883860632
mc/mc_beta0.5_s,mc_beta0.5_s_gid-487_20260710_100206,0.5,0.0,1.629572,0.019346,69.6719286429,2.81921477918,True,mc/mc_beta0.5_s,False,,,,5.42805586667
mc/mc_infill_1_2,mc_infill_1_2_gid-676_20260714_175406,0.5,0.0,1.630785,-0.019532,407.018537679,1.34983299657,True,mc/mc_infill_1_2,False,,,,2.08260562752
mc/mc_infill_3_4,mc_infill_3_4_gid-202_20260714_174956,0.5,0.0,1.632353,0.007052,110.563978654,2.52445317731,True,mc/mc_infill_3_4,False,,,,4.45393046899
mc/mc_low_rmu_s_beta0_5,mc_low_rmu_s_beta0_5_gid-157_20260711_042829,0.5,0.0,1.632515,0.006865,111.415189057,2.51903483096,True,mc/mc_low_rmu_s_beta0_5,False,,,,4.43909940544
mc/mc_beta0.5_s,mc_beta0.5_s_gid-439_20260710_100647,0.5,0.0,1.63328,0.024268,59.2183045576,2.90771951644,True,mc/mc_beta0.5_s,False,,,,5.82222173347
mc/mc_beta0.5_s,mc_beta0.5_s_gid-280_20260710_102703,0.5,0.0,1.637097,0.007837,106.622133394,2.5494588004,True,mc/mc_beta0.5_s,False,,,,4.52764827151
mc/mc_infill_1_2,mc_infill_1_2_gid-10_20260714_175338,0.5,0.0,1.637483,-0.025344,551.293698201,0.97535676785,True,mc/mc_infill_1_2,False,,,,1.50958438394
mc/mc_infill_2_3,mc_infill_2_3_gid-316_20260715_041535,0.5,0.0,1.638488,-0.01056,251.657302616,1.84728634062,True,mc/mc_infill_2_3,True,0.148615,251.767607,1.847223,2.95908384561
mc/mc_beta0.5_s,mc_beta0.5_s_gid-139_20260710_094622,0.5,0.0,1.639098,0.00422,124.017395711,2.44122445472,True,mc/mc_beta0.5_s,False,,,,4.23747194163
mc/mc_low_rmu_s_beta0_5,mc_low_rmu_s_beta0_5_gid-76_20260711_042827,0.5,0.0,1.639409,0.010399,96.0126012692,2.62045920653,True,mc/mc_low_rmu_s_beta0_5,False,,,,4.73862383596
mc/mc_beta0.5_s,mc_beta0.5_s_gid-1072_20260710_053908,0.5,0.0,1.643585,0.009767,98.1264568244,2.60562134646,True,mc/mc_beta0.5_s,False,,,,4.69675820052
mc/mc_low_rmu_s_beta0_5,mc_low_rmu_s_beta0_5_gid-136_20260711_042826,0.5,0.0,1.643765,0.003223,129.018793605,2.41149808845,True,mc/mc_low_rmu_s_beta0_5,False,,,,4.16570044897
mc/mc_infill_2_3,mc_infill_2_3_gid-232_20260715_041559,0.5,0.0,1.64406,-0.012612,278.466631422,1.74898341631,True,mc/mc_infill_2_3,True,0.225675,278.466631,1.748983,2.78123245646
mc/mc_beta0.5_s,mc_beta0.5_s_gid-748_20260710_101343,0.5,0.0,1.645643,0.022094,62.9929937473,2.8743143059,True,mc/mc_beta0.5_s,False,,,,5.67569795817
mc/mc_beta0.5_s,mc_beta0.5_s_gid-1285_20260710_055342,0.5,0.0,1.646571,0.003955,124.649201401,2.43685609641,True,mc/mc_beta0.5_s,False,,,,4.23206823608
mc/mc_low_rmu_s_beta0_5,mc_low_rmu_s_beta0_5_gid-337_20260711_043333,0.5,0.0,1.647071,-0.012013,268.93368981,1.78309856619,True,mc/mc_low_rmu_s_beta0_5,False,,,,2.84490833687
mc/mc_beta0.5_s,mc_beta0.5_s_gid-763_20260710_101342,0.5,0.0,1.648833,0.012652,87.4106304864,2.68091284968,True,mc/mc_beta0.5_s,False,,,,4.93796862222
mc/mc_infill_3_4,mc_infill_3_4_gid-184_20260714_174609,0.5,0.0,1.650545,0.004902,119.255621801,2.46891009039,True,mc/mc_infill_3_4,False,,,,4.31825537303
mc/mc_beta0.5_s,mc_beta0.5_s_gid-553_20260710_100748,0.5,0.0,1.651381,0.008652,101.980985717,2.57898971309,True,mc/mc_beta0.5_s,False,,,,4.62370048313
mc/mc_infill_1_2,mc_infill_1_2_gid-424_20260714_175206,0.5,0.0,1.651647,-0.02043,416.799855981,1.31578326571,True,mc/mc_infill_1_2,False,,,,2.05337288847
mc/mc_beta0.5_s,mc_beta0.5_s_gid-778_20260710_101343,0.5,0.0,1.652882,0.022639,61.63950323,2.8856040929,True,mc/mc_beta0.5_s,False,,,,5.73249874321
mc/mc_infill_2_3,mc_infill_2_3_gid-388_20260715_041536,0.5,0.0,1.655166,-0.015926,327.323542716,1.58504055138,True,mc/mc_infill_2_3,True,0.239163,327.323543,1.585041,2.49518363332
mc/mc_beta0.5_s,mc_beta0.5_s_gid-448_20260710_100235,0.5,0.0,1.657862,0.012428,87.5767808049,2.67908618229,True,mc/mc_beta0.5_s,False,,,,4.93881906831
mc/mc_low_rmu_s_beta0_5,mc_low_rmu_s_beta0_5_gid-172_20260711_042828,0.5,0.0,1.658195,-0.020182,408.052886089,1.34318391239,True,mc/mc_low_rmu_s_beta0_5,False,,,,2.0901670795
mc/mc_wrongbasin_ws,mc_wrongbasin_ws_gid-45_20260713_015214,0.5,0.0,1.660981,-0.024568,514.663936745,1.06617757894,True,mc/mc_wrongbasin_ws,True,0.158468,514.083099,1.06383,1.6744030015
mc/mc_beta0.5_s,mc_beta0.5_s_gid-475_20260710_100022,0.5,0.0,1.662054,0.004037,122.566357094,2.44797958875,True,mc/mc_beta0.5_s,False,,,,4.27260326429
mc/mc_infill_lt1_beta0_5,mc_infill_lt1_beta0_5_gid-283_20260714_174956,0.5,0.0,1.663313,-0.031688,681.157719961,0.63318201106,True,mc/mc_infill_lt1_beta0_5,False,,,,1.01620444881
mc/mc_beta0.5_s,mc_beta0.5_s_gid-661_20260710_101038,0.5,0.0,1.665722,0.024396,57.914227092,2.91762712304,True,mc/mc_beta0.5_s,False,,,,5.89469700201
mc/mc_infill_2_3,mc_infill_2_3_gid-292_20260715_041622,0.5,0.0,1.665921,-0.016414,331.728540098,1.56997015475,True,mc/mc_infill_2_3,True,0.212551,331.72854,1.56997,2.47675100559
mc/mc_infill_1_2,mc_infill_1_2_gid-568_20260714_174636,0.5,0.0,1.669012,-0.028512,586.974440587,0.850594356303,True,mc/mc_infill_1_2,False,,,,1.35368182139
mc/mc_infill_lt1_beta0_5,mc_infill_lt1_beta0_5_gid-220_20260714_173704,0.5,0.0,1.670887,-0.028897,593.342164681,0.771723667057,True,mc/mc_infill_lt1_beta0_5,False,,,,1.29343577938
mc/mc_low_rmu_s_beta0_5,mc_low_rmu_s_beta0_5_gid-31_20260711_042820,0.5,0.0,1.671181,-0.003382,170.341191505,2.19016098457,True,mc/mc_low_rmu_s_beta0_5,False,,,,3.67305865646
mc/mc_infill_2_3,mc_infill_2_3_gid-70_20260715_041025,0.5,0.0,1.671978,-0.01467,300.511164176,1.66981004846,True,mc/mc_infill_2_3,True,0.172762,300.511164,1.66981,2.65846134984
mc/mc_infill_1_2,mc_infill_1_2_gid-586_20260714_175539,0.5,0.0,1.672632,-0.029726,643.284196195,0.740309449213,True,mc/mc_infill_1_2,False,,,,1.1843944314
mc/mc_beta0.5_s,mc_beta0.5_s_gid-1174_20260710_053709,0.5,0.0,1.673796,0.005661,113.256946787,2.50415597768,True,mc/mc_beta0.5_s,False,,,,4.43020664376
mc/mc_beta0.5_s,mc_beta0.5_s_gid-793_20260710_101347,0.5,0.0,1.676991,0.01351,82.9678212499,2.71193957825,True,mc/mc_beta0.5_s,False,,,,5.06360103177
mc/mc_low_rmu_s_beta0_5,mc_low_rmu_s_beta0_5_gid-340_20260711_043336,0.5,0.0,1.677699,0.006686,108.186939997,2.5361793831,True,mc/mc_low_rmu_s_beta0_5,False,,,,4.52139202226
mc/mc_infill_2_3,mc_infill_2_3_gid-76_20260715_040906,0.5,0.0,1.680828,-0.006165,193.04971711,2.08327044026,True,mc/mc_infill_2_3,True,0.191598,193.049717,2.08327,3.45461386742
mc/mc_beta0.5_s,mc_beta0.5_s_gid-208_20260710_095624,0.5,0.0,1.682218,0.005081,115.242139517,2.49105915756,True,mc/mc_beta0.5_s,False,,,,4.40131882398
mc/mc_infill_3_4,mc_infill_3_4_gid-190_20260714_174609,0.5,0.0,1.682374,-0.000734,148.886272659,2.29802823253,True,mc/mc_infill_3_4,False,,,,3.92276716274
mc/mc_low_rmu_s_beta0_5,mc_low_rmu_s_beta0_5_gid-274_20260711_043312,0.5,0.0,1.686078,-0.005185,183.082291898,2.12823909821,True,mc/mc_low_rmu_s_beta0_5,False,,,,3.55222001981
mc/mc_infill_1_2,mc_infill_1_2_gid-130_20260714_175406,0.5,0.0,1.686708,-0.023845,479.788768748,1.14529223921,True,mc/mc_infill_1_2,False,,,,1.79500163896
mc/mc_beta0.5_s,mc_beta0.5_s_gid-1048_20260710_053703,0.5,0.0,1.687593,0.004581,117.175916016,2.47864586958,True,mc/mc_beta0.5_s,False,,,,4.372332933
mc/mc_beta0.5_s,mc_beta0.5_s_gid-367_20260710_100337,0.5,0.0,1.688381,0.002255,129.467692733,2.40511588355,True,mc/mc_beta0.5_s,False,,,,4.18407373752
mc/mc_low_rmu_s_beta0_5,mc_low_rmu_s_beta0_5_gid-322_20260711_043314,0.5,0.0,1.689969,-0.00104,149.935509227,2.29178717142,True,mc/mc_low_rmu_s_beta0_5,False,,,,3.9141826272
mc/mc_beta0.5_s,mc_beta0.5_s_gid-1165_20260710_053811,0.5,0.0,1.692507,0.008281,100.220830377,2.58776665426,True,mc/mc_beta0.5_s,False,,,,4.68076903667
mc/mc_infill_2_3,mc_infill_2_3_gid-286_20260715_041622,0.5,0.0,1.692659,-0.01246,262.038148089,1.80295154843,True,mc/mc_infill_2_3,True,0.268335,262.038148,1.802952,2.91638418606
mc/mc_beta0.5_s,mc_beta0.5_s_gid-784_20260710_101347,0.5,0.0,1.694312,0.009802,94.2599127668,2.62872495896,True,mc/mc_beta0.5_s,False,,,,4.80578038507
mc/mc_infill_1_2,mc_infill_1_2_gid-124_20260714_175042,0.5,0.0,1.694427,-0.025453,519.484595609,1.04472306492,True,mc/mc_infill_1_2,False,,,,1.65055944671
mc/mc_low_rmu_s_beta0_5,mc_low_rmu_s_beta0_5_gid-205_20260711_043316,0.5,0.0,1.696234,0.014076,80.1823174459,2.73184097059,True,mc/mc_low_rmu_s_beta0_5,False,,,,5.14730672684
mc/mc_beta0.5_s,mc_beta0.5_s_gid-1084_20260710_053659,0.5,0.0,1.697768,0.001946,130.15849998,2.4003197177,True,mc/mc_beta0.5_s,False,,,,4.17927678343
mc/mc_beta0.5_s,mc_beta0.5_s_gid-1264_20260710_054442,0.5,0.0,1.698443,0.012353,85.2803478205,2.69323075799,True,mc/mc_beta0.5_s,False,,,,5.01614222045
mc/mc_infill_2_3,mc_infill_2_3_gid-364_20260715_041534,0.5,0.0,1.700905,-0.012353,258.258098058,1.81620115285,True,mc/mc_infill_2_3,True,0.272821,258.312107,1.816273,2.94719398352
mc/mc_low_rmu_s_beta0_5,mc_low_rmu_s_beta0_5_gid-424_20260711_043739,0.5,0.0,1.703163,-0.011018,240.577488434,1.88311294283,True,mc/mc_low_rmu_s_beta0_5,False,,,,3.07523757455
mc/mc_infill_1_2,mc_infill_1_2_gid-112_20260714_175314,0.5,0.0,1.704022,-0.021081,407.817654608,1.33750684803,True,mc/mc_infill_1_2,False,,,,2.11565072745
mc/mc_beta0.5_s,mc_beta0.5_s_gid-1363_20260710_055416,0.5,0.0,1.707012,0.023941,57.3813361815,2.92033421988,True,mc/mc_beta0.5_s,False,,,,5.93824917867
mc/mc_low_rmu_s_beta0_5,mc_low_rmu_s_beta0_5_gid-16_20260711_042835,0.5,0.0,1.710561,-3e-05,140.510324246,2.34078920313,True,mc/mc_low_rmu_s_beta0_5,False,,,,4.04442958852
mc/mc_infill_3_4,mc_infill_3_4_gid-250_20260714_175436,0.5,0.0,1.710961,0.006773,104.945951004,2.5547889129,True,mc/mc_infill_3_4,False,,,,4.59906042745
mc/mc_infill_1_2,mc_infill_1_2_gid-202_20260714_175035,0.5,0.0,1.7123,-0.018094,344.685653934,1.52386935012,True,mc/mc_infill_1_2,False,,,,2.43177333741
mc/mc_beta0.5_s,mc_beta0.5_s_gid-76_20260710_095411,0.5,0.0,1.712553,0.017357,70.6911967642,2.80602841314,True,mc/mc_beta0.5_s,False,,,,5.43684406782
mc/mc_infill_2_3_a,mc_infill_2_3_a_gid-160_20260714_213243,0.5,0.0,1.712722,-0.009161,216.825782172,1.97751758228,True,mc/mc_infill_2_3_a,True,0.107735,216.833175,1.977428,3.26547482699
mc/mc_beta0.5_s,mc_beta0.5_s_gid-1006_20260710_053659,0.5,0.0,1.718088,0.00081,134.412980247,2.37421966017,True,mc/mc_beta0.5_s,False,,,,4.13050782618
mc/mc_low_rmu_s_beta0_5,mc_low_rmu_s_beta0_5_gid-298_20260711_043405,0.5,0.0,1.719446,-0.008717,210.607360483,2.00289037995,True,mc/mc_low_rmu_s_beta0_5,False,,,,3.32113167167
mc/mc_beta0.5_s,mc_beta0.5_s_gid-49_20260710_095303,0.5,0.0,1.720456,0.020055,64.3220025278,2.85887899485,True,mc/mc_beta0.5_s,False,,,,5.6623555276
mc/mc_low_rmu_s_beta0_5,mc_low_rmu_s_beta0_5_gid-163_20260711_042829,0.5,0.0,1.721077,0.004965,112.117324062,2.50759850368,True,mc/mc_low_rmu_s_beta0_5,False,,,,4.47533300311
mc/mc_infill_1_2,mc_infill_1_2_gid-100_20260714_175306,0.5,0.0,1.721375,-0.029663,601.068268796,0.790123877167,True,mc/mc_infill_1_2,False,,,,1.26205108255
mc/mc_infill_1_2,mc_infill_1_2_gid-472_20260714_174741,0.5,0.0,1.723076,-0.024116,467.701607192,1.17459413135,True,mc/mc_infill_1_2,False,,,,1.85872499221
mc/mc_beta0.5_s,mc_beta0.5_s_gid-178_20260710_094939,0.5,0.0,1.723373,0.023743,57.2002048586,2.92114860994,True,mc/mc_beta0.5_s,False,,,,5.9540755022
mc/mc_infill_3_4,mc_infill_3_4_gid-64_20260714_165159,0.5,0.0,1.724231,-0.004986,174.646422891,2.16427556021,True,mc/mc_infill_3_4,False,,,,3.65752607716
mc/mc_beta0.5_s,mc_beta0.5_s_gid-466_20260710_100906,0.5,0.0,1.724306,0.011615,86.0316857793,2.68591226329,True,mc/mc_beta0.5_s,False,,,,5.01089344824
mc/mc_beta0.5_s,mc_beta0.5_s_gid-787_20260710_101347,0.5,0.0,1.727446,0.019046,66.1870224042,2.84263424704,True,mc/mc_beta0.5_s,False,,,,5.59760575971
mc/mc_infill_2_3,mc_infill_2_3_gid-100_20260715_040904,0.5,0.0,1.728011,-0.008533,206.872733178,2.01806651688,True,mc/mc_infill_2_3,True,0.215058,206.891976,2.017917,3.35754918342
mc/mc_infill_1_2,mc_infill_1_2_gid-460_20260714_175440,0.5,0.0,1.730919,-0.020727,388.088128546,1.39064588243,True,mc/mc_infill_1_2,False,,,,2.22609622963
mc/mc_wrongbasin_ws,mc_wrongbasin_ws_gid-58_20260713_015215,0.5,0.0,1.731559,-0.022934,433.092198424,1.26095890044,True,mc/mc_wrongbasin_ws,True,0.157758,436.61552,1.257254,2.01898171146
mc/mc_infill_2_3_a,mc_infill_2_3_a_gid-130_20260714_213242,0.5,0.0,1.733764,-0.016809,314.260236248,1.61757031406,True,mc/mc_infill_2_3_a,True,0.050748,314.382114,1.617406,2.61251639429
mc/mc_low_rmu_s_beta0_5,mc_low_rmu_s_beta0_5_gid-130_20260711_042826,0.5,0.0,1.738578,0.011139,86.6678657822,2.68023741746,True,mc/mc_low_rmu_s_beta0_5,False,,,,5.00263213497
mc/mc_beta0.5_s,mc_beta0.5_s_gid-865_20260710_101409,0.5,0.0,1.739184,0.016039,72.6734879198,2.78830669469,True,mc/mc_beta0.5_s,False,,,,5.38694227337
mc/mc_beta0.5_s,mc_beta0.5_s_gid-565_20260710_100635,0.5,0.0,1.740524,0.017618,68.8249049861,2.81978323578,True,mc/mc_beta0.5_s,False,,,,5.51233442135
mc/mc_low_rmu_s_beta0_5,mc_low_rmu_s_beta0_5_gid-175_20260711_042828,0.5,0.0,1.741231,-0.016956,314.056878274,1.61526731275,True,mc/mc_low_rmu_s_beta0_5,False,,,,2.61303362095
mc/mc_infill_3_4,mc_infill_3_4_gid-208_20260714_175706,0.5,0.0,1.74307,0.001932,125.16779464,2.42571770088,True,mc/mc_infill_3_4,False,,,,4.27701303703
mc/mc_beta0.5_s,mc_beta0.5_s_gid-409_20260710_100905,0.5,0.0,1.74392,0.006916,101.632035495,2.57437724677,True,mc/mc_beta0.5_s,False,,,,4.67981778929
mc/mc_infill_2_3,mc_infill_2_3_gid-496_20260715_041752,0.5,0.0,1.744814,-0.010699,226.589873889,1.93425363472,True,mc/mc_infill_2_3,True,0.305576,226.636421,1.933978,3.20483190957
mc/mc_beta0.5_s,mc_beta0.5_s_gid-1498_20260710_055205,0.5,0.0,1.745318,0.019592,64.3095447955,2.85762613607,True,mc/mc_beta0.5_s,False,,,,5.67476821268
mc/mc_beta0.5_s,mc_beta0.5_s_gid-1000_20260710_102746,0.5,0.0,1.746582,0.001688,126.111048979,2.41983109049,True,mc/mc_beta0.5_s,False,,,,4.26475982693
mc/mc_beta0.5_s,mc_beta0.5_s_gid-319_20260710_102748,0.5,0.0,1.748496,0.011299,85.5326226473,2.68796975863,True,mc/mc_beta0.5_s,False,,,,5.03544072224
mc/mc_infill_1_2,mc_infill_1_2_gid-28_20260714_180422,0.5,0.0,1.749535,-0.019614,358.381053019,1.47672118735,True,mc/mc_infill_1_2,False,,,,2.37965430105
mc/mc_low_rmu_s_beta0_5,mc_low_rmu_s_beta0_5_gid-355_20260711_043317,0.5,0.0,1.750652,0.01262,81.3598323858,2.71928119123,True,mc/mc_low_rmu_s_beta0_5,False,,,,5.14326114318
mc/mc_beta0.5_s,mc_beta0.5_s_gid-376_20260710_100337,0.5,0.0,1.753144,0.022587,58.2615395936,2.91014820667,True,mc/mc_beta0.5_s,False,,,,5.92136885966
mc/mc_low_rmu_s_beta0_5,mc_low_rmu_s_beta0_5_gid-262_20260711_043331,0.5,0.0,1.75541,-0.001696,145.408483338,2.31005290536,True,mc/mc_low_rmu_s_beta0_5,False,,,,4.00576949619
mc/mc_infill_3_4,mc_infill_3_4_gid-166_20260714_175535,0.5,0.0,1.755843,0.002509,120.756482894,2.45113840114,True,mc/mc_infill_3_4,False,,,,4.3515094265
mc/mc_beta0.5_s,mc_beta0.5_s_gid-682_20260710_100924,0.5,0.0,1.756431,0.00834,95.1456834287,2.61802095926,True,mc/mc_beta0.5_s,False,,,,4.81882480079
mc/mc_infill_1_2,mc_infill_1_2_gid-406_20260714_175037,0.5,0.0,1.75658,-0.019934,361.391531244,1.46733737658,True,mc/mc_infill_1_2,False,,,,2.36767635332
mc/mc_infill_2_3,mc_infill_2_3_gid-442_20260715_041754,0.5,0.0,1.75662,-0.007186,188.061895798,2.09832588392,True,mc/mc_infill_2_3,True,0.232508,188.061896,2.098326,3.54297651424
mc/mc_infill_lt1_beta0_5,mc_infill_lt1_beta0_5_gid-292_20260714_175406,0.5,0.0,1.759295,-0.032562,651.543792722,0.686413638285,True,mc/mc_infill_lt1_beta0_5,False,,,,1.14718477282
mc/mc_infill_2_3,mc_infill_2_3_gid-538_20260715_041750,0.5,0.0,1.763478,-0.017426,314.0306679,1.61459061528,True,mc/mc_infill_2_3,True,0.17529,314.030668,1.614591,2.62739273415
mc/mc_beta0.5_s,mc_beta0.5_s_gid-436_20260710_100307,0.5,0.0,1.763659,0.018789,65.2639503316,2.84844968843,True,mc/mc_beta0.5_s,False,,,,5.64826711897
mc/mc_low_rmu_s_beta0_5,mc_low_rmu_s_beta0_5_gid-106_20260711_042826,0.5,0.0,1.76498,0.004399,110.679984762,2.51328019933,True,mc/mc_low_rmu_s_beta0_5,False,,,,4.5233064325
mc/mc_infill_2_3,mc_infill_2_3_gid-46_20260715_040901,0.5,0.0,1.77188,-0.007839,191.20155608,2.08265138299,True,mc/mc_infill_2_3,True,0.236453,191.201556,2.082651,3.52157207509
mc/mc_infill_1_2,mc_infill_1_2_gid-184_20260714_174609,0.5,0.0,1.77202,-0.029952,585.364295758,0.842642500029,True,mc/mc_infill_1_2,False,,,,1.44592671256
mc/mc_beta0.5_s,mc_beta0.5_s_gid-154_20260710_095445,0.5,0.0,1.772492,0.016115,70.9181423173,2.80061745356,True,mc/mc_beta0.5_s,False,,,,5.45870315215
mc/mc_infill_lt1_beta0_5,mc_infill_lt1_beta0_5_gid-304_20260714_174609,0.5,0.0,1.772853,-0.031508,600.351361695,0.780188508865,True,mc/mc_infill_lt1_beta0_5,False,,,,1.33342482927
mc/mc_low_rmu_s_beta0_5,mc_low_rmu_s_beta0_5_gid-283_20260711_043314,0.5,0.0,1.773064,-0.003628,156.289286995,2.25097649643,True,mc/mc_low_rmu_s_beta0_5,False,,,,3.8839444884
mc/mc_beta0.5_s,mc_beta0.5_s_gid-1036_20260710_053658,0.5,0.0,1.77501,0.00998,88.1202661187,2.66704350976,True,mc/mc_beta0.5_s,False,,,,4.98611732348
mc/mc_infill_3_4,mc_infill_3_4_gid-22_20260714_162329,0.5,0.0,1.778222,0.003844,112.014098292,2.50369549894,True,mc/mc_infill_3_4,False,,,,4.50696662703
mc/mc_low_rmu_s_beta0_5,mc_low_rmu_s_beta0_5_gid-313_20260711_043312,0.5,0.0,1.77966,-0.015576,280.269922683,1.72848041554,True,mc/mc_low_rmu_s_beta0_5,False,,,,2.84241106901
mc/mc_beta0.5_s,mc_beta0.5_s_gid-460_20260710_100906,0.5,0.0,1.779827,0.000752,127.566384992,2.40842718443,True,mc/mc_beta0.5_s,False,,,,4.26076905505
mc/mc_infill_1_2,mc_infill_1_2_gid-622_20260714_175406,0.5,0.0,1.780005,-0.02928,569.259371951,0.941629589223,True,mc/mc_infill_1_2,False,,,,1.53527681438
mc/mc_low_rmu_s_beta0_5,mc_low_rmu_s_beta0_5_gid-343_20260711_043336,0.5,0.0,1.783353,0.011512,82.7580636445,2.7064681724,True,mc/mc_low_rmu_s_beta0_5,False,,,,5.12282768845
mc/mc_infill_1_2,mc_infill_1_2_gid-400_20260714_174109,0.5,0.0,1.783525,-0.01881,330.282854252,1.55885187508,True,mc/mc_infill_1_2,False,,,,2.54460651616
mc/mc_beta0.5_s,mc_beta0.5_s_gid-754_20260710_101348,0.5,0.0,1.784239,0.021801,58.6244763158,2.90532722958,True,mc/mc_beta0.5_s,False,,,,5.92000752756
mc/mc_beta0.5_s,mc_beta0.5_s_gid-1492_20260710_055215,0.5,0.0,1.78797,0.000388,128.675819153,2.40122255484,True,mc/mc_beta0.5_s,False,,,,4.248824549
mc/mc_beta0.5_s,mc_beta0.5_s_gid-796_20260710_101347,0.5,0.0,1.789686,0.003679,111.709606225,2.5047220987,True,mc/mc_beta0.5_s,False,,,,4.51811224362
mc/mc_infill_2_3,mc_infill_2_3_gid-244_20260715_041534,0.5,0.0,1.789997,-0.017625,308.253188217,1.63118784641,True,mc/mc_infill_2_3,True,0.193406,308.253188,1.631188,2.67372953875
mc/mc_infill_lt1_beta0_5,mc_infill_lt1_beta0_5_gid-121_20260714_175608,0.5,0.0,1.790205,-0.02912,558.91293108,0.941824477,True,mc/mc_infill_lt1_beta0_5,False,,,,1.55234503742
mc/mc_low_rmu_s_beta0_5,mc_low_rmu_s_beta0_5_gid-310_20260711_043332,0.5,0.0,1.790697,-0.008425,193.050218904,2.0723734173,True,mc/mc_low_rmu_s_beta0_5,False,,,,3.51454941808
mc/mc_beta0.5_s,mc_beta0.5_s_gid-1426_20260710_055414,0.5,0.0,1.790859,0.015843,70.7202686465,2.80115029058,True,mc/mc_beta0.5_s,False,,,,5.47380937862
mc/mc_infill_2_3,mc_infill_2_3_gid-226_20260715_041530,0.5,0.0,1.791121,-0.012937,241.690927879,1.86938461626,True,mc/mc_infill_2_3,True,0.129603,241.690928,1.869385,3.11358032931
mc/mc_beta0.5_s,mc_beta0.5_s_gid-928_20260710_102307,0.5,0.0,1.795147,0.000197,128.930827833,2.39911842854,True,mc/mc_beta0.5_s,False,,,,4.24888479105
mc/mc_infill_1_2,mc_infill_1_2_gid-670_20260714_175406,0.5,0.0,1.797473,-0.023835,425.168461149,1.27259364096,True,mc/mc_infill_1_2,False,,,,2.08777048146
mc/mc_beta0.5_s,mc_beta0.5_s_gid-571_20260710_100635,0.5,0.0,1.798331,0.018595,64.2851296129,2.85492058458,True,mc/mc_beta0.5_s,False,,,,5.70048848633
mc/mc_low_rmu_s_beta0_5,mc_low_rmu_s_beta0_5_gid-25_20260711_042820,0.5,0.0,1.798692,-0.022119,386.09689642,1.38848191557,True,mc/mc_low_rmu_s_beta0_5,False,,,,2.26372423777
mc/mc_infill_lt1_beta0_5,mc_infill_lt1_beta0_5_gid-187_20260714_175210,0.5,0.0,1.798942,-0.033074,653.09812398,0.735424709564,True,mc/mc_infill_lt1_beta0_5,False,,,,1.23985918327
mc/mc_infill_1_2,mc_infill_1_2_gid-70_20260714_175139,0.5,0.0,1.800967,-0.028587,535.929877578,0.989930147838,True,mc/mc_infill_1_2,False,,,,1.61079183604
mc/mc_low_rmu_s_beta0_5,mc_low_rmu_s_beta0_5_gid-268_20260711_043312,0.5,0.0,1.8011,-0.016586,288.465769171,1.69684044704,True,mc/mc_low_rmu_s_beta0_5,False,,,,2.80170966794
mc/mc_beta0.5_s,mc_beta0.5_s_gid-1432_20260710_055414,0.5,0.0,1.801965,0.005209,103.893594903,2.55478016028,True,mc/mc_beta0.5_s,False,,,,4.66588634659
mc/mc_beta0.5_s,mc_beta0.5_s_gid-892_20260710_101826,0.5,0.0,1.803052,0.003731,110.237474999,2.51309535614,True,mc/mc_beta0.5_s,False,,,,4.55059191784
mc/mc_infill_3_4,mc_infill_3_4_gid-142_20260714_171604,0.5,0.0,1.804068,0.001038,123.351026438,2.43142860755,True,mc/mc_infill_3_4,False,,,,4.33644456132
mc/mc_infill_2_3,mc_infill_2_3_gid-274_20260715_041553,0.5,0.0,1.805466,-0.006585,174.053683567,2.15928369735,True,mc/mc_infill_2_3,True,0.236348,174.053684,2.159284,3.70731967146
mc/mc_beta0.5_s,mc_beta0.5_s_gid-1354_20260710_055416,0.5,0.0,1.805523,0.012755,77.9161757488,2.74239078059,True,mc/mc_beta0.5_s,False,,,,5.26396601319
mc/mc_infill_1_2,mc_infill_1_2_gid-658_20260714_175040,0.5,0.0,1.809382,-0.024983,446.040966878,1.21642945298,True,mc/mc_infill_1_2,False,,,,1.99332410816
mc/mc_infill_lt1_beta0_5,mc_infill_lt1_beta0_5_gid-136_20260714_174609,0.5,0.0,1.811244,-0.035126,716.640154276,0.578793045753,True,mc/mc_infill_lt1_beta0_5,False,,,,1.0113729425
mc/mc_infill_2_3,mc_infill_2_3_gid-250_20260715_041532,0.5,0.0,1.811968,-0.014468,255.636894196,1.81394136806,True,mc/mc_infill_2_3,True,0.086303,255.636894,1.813941,3.02609877683
mc/mc_low_rmu_s_beta0_5,mc_low_rmu_s_beta0_5_gid-103_20260711_042827,0.5,0.0,1.812962,-0.00294,145.861657007,2.3023917743,True,mc/mc_low_rmu_s_beta0_5,False,,,,4.03045672626
mc/mc_low_rmu_s_beta0_5,mc_low_rmu_s_beta0_5_gid-148_20260711_042826,0.5,0.0,1.818241,0.001618,118.871032017,2.45749537306,True,mc/mc_low_rmu_s_beta0_5,False,,,,4.41366396157
mc/mc_beta0.5_s,mc_beta0.5_s_gid-1468_20260710_055128,0.5,0.0,1.818329,0.013749,74.5944549655,2.7679648985,True,mc/mc_beta0.5_s,False,,,,5.3662941242
mc/mc_beta0.5_s,mc_beta0.5_s_gid-82_20260710_095334,0.5,0.0,1.821234,0.01503,71.2568371122,2.79491964625,True,mc/mc_beta0.5_s,False,,,,5.47077605622
mc/mc_infill_1_2,mc_infill_1_2_gid-64_20260714_175139,0.5,0.0,1.821631,-0.020122,339.496279125,1.52662816317,True,mc/mc_infill_1_2,False,,,,2.51375682405
mc/mc_low_rmu_s_beta0_5,mc_low_rmu_s_beta0_5_gid-295_20260711_043405,0.5,0.0,1.823403,-0.002385,140.889560899,2.32865368316,True,mc/mc_low_rmu_s_beta0_5,False,,,,4.09936765187
mc/mc_beta0.5_s,mc_beta0.5_s_gid-1480_20260710_055209,0.5,0.0,1.825299,0.013629,74.5521659939,2.76787168005,True,mc/mc_beta0.5_s,False,,,,5.37082335232
mc/mc_infill_2_3,mc_infill_2_3_gid-508_20260715_041750,0.5,0.0,1.827339,-0.008256,184.510416007,2.10764133268,True,mc/mc_infill_2_3,True,0.228622,184.524937,2.107645,3.61415227343
mc/mc_low_rmu_s_beta0_5,mc_low_rmu_s_beta0_5_gid-28_20260711_042820,0.5,0.0,1.829775,0.009813,85.166767087,2.68516043231,True,mc/mc_low_rmu_s_beta0_5,False,,,,5.08438948122
mc/mc_beta0.5_s,mc_beta0.5_s_gid-1_20260710_094908,0.5,0.0,1.831755,0.014774,71.3797628105,2.79327680595,True,mc/mc_beta0.5_s,False,,,,5.47171994882
mc/mc_beta0.5_s,mc_beta0.5_s_gid-43_20260710_095308,0.5,0.0,1.832633,0.018623,62.8937863075,2.86510537317,True,mc/mc_beta0.5_s,False,,,,5.76866795514
mc/mc_infill_1_2,mc_infill_1_2_gid-526_20260714_173804,0.5,0.0,1.834152,-0.021502,359.368895978,1.46375181407,True,mc/mc_infill_1_2,False,,,,2.41755158685
mc/mc_infill_lt1_beta0_5,mc_infill_lt1_beta0_5_gid-16_20260714_173202,0.5,0.0,1.835962,-0.031002,580.23626362,0.832815932753,True,mc/mc_infill_lt1_beta0_5,False,,,,1.44770400954
mc/mc_beta0.5_s,mc_beta0.5_s_gid-658_20260710_100938,0.5,0.0,1.836948,0.009122,86.9132293654,2.67164209057,True,mc/mc_beta0.5_s,False,,,,5.04518069741
mc/mc_low_rmu_s_beta0_5,mc_low_rmu_s_beta0_5_gid-19_20260711_042820,0.5,0.0,1.837295,-0.019924,330.18622991,1.55487689828,True,mc/mc_low_rmu_s_beta0_5,False,,,,2.57165222175
mc/mc_infill_2_3,mc_infill_2_3_gid-400_20260715_041534,0.5,0.0,1.839541,-0.010998,208.418109784,1.99987074995,True,mc/mc_infill_2_3,True,0.216985,208.41811,1.999871,3.40377559363
mc/mc_beta0.5_s,mc_beta0.5_s_gid-1093_20260710_053915,0.5,0.0,1.842794,0.017965,63.8248404165,2.85645149892,True,mc/mc_beta0.5_s,False,,,,5.73783388195
mc/mc_infill_2_3,mc_infill_2_3_gid-202_20260715_041042,0.5,0.0,1.844459,-0.015066,254.532085478,1.81443361526,True,mc/mc_infill_2_3,True,0.112872,254.532085,1.814434,3.049609452
mc/mc_low_rmu_s_beta0_5,mc_low_rmu_s_beta0_5_gid-73_20260711_042827,0.5,0.0,1.845508,0.009405,85.466402656,2.68183673256,True,mc/mc_low_rmu_s_beta0_5,False,,,,5.08449605552
mc/mc_beta0.5_s,mc_beta0.5_s_gid-1180_20260710_053710,0.5,0.0,1.846208,0.016326,67.1536028201,2.82771378574,True,mc/mc_beta0.5_s,False,,,,5.61900048115
mc/mc_infill_lt1_beta0_5,mc_infill_lt1_beta0_5_gid-247_20260714_174805,0.5,0.0,1.84655,-0.030437,555.217296273,0.950791129493,True,mc/mc_infill_lt1_beta0_5,False,,,,1.58721968099
mc/mc_infill_1_2,mc_infill_1_2_gid-490_20260714_173103,0.5,0.0,1.851656,-0.029138,524.482153129,1.01017375722,False,mc/mc_infill_1_2,False,,,,1.68761293834
mc/mc_infill_2_3_a,mc_infill_2_3_a_gid-112_20260714_213242,0.5,0.0,1.851959,-0.006412,164.96365378,2.19940628152,True,mc/mc_infill_2_3_a,True,0.243747,164.964703,2.199412,3.82773300342
mc/mc_low_rmu_s_beta0_5,mc_low_rmu_s_beta0_5_gid-448_20260711_043737,0.5,0.0,1.852682,0.003572,106.503085361,2.53352118083,True,mc/mc_low_rmu_s_beta0_5,False,,,,4.64244876442
mc/mc_infill_lt1_beta0_5,mc_infill_lt1_beta0_5_gid-265_20260714_175210,0.5,0.0,1.854045,-0.031979,583.893281453,0.840186029953,True,mc/mc_infill_lt1_beta0_5,False,,,,1.45363744164
mc/mc_beta0.5_s,mc_beta0.5_s_gid-1150_20260710_053819,0.5,0.0,1.854089,0.005448,98.7109895238,2.58599230431,True,mc/mc_beta0.5_s,False,,,,4.7932449739
mc/mc_low_rmu_s_beta0_5,mc_low_rmu_s_beta0_5_gid-193_20260711_042828,0.5,0.0,1.85493,-0.017796,289.424632629,1.68659391384,True,mc/mc_low_rmu_s_beta0_5,False,,,,2.82234450854
mc/mc_infill_3_4,mc_infill_3_4_gid-10_20260714_162458,0.5,0.0,1.85523,0.008139,88.9432928219,2.65539229169,True,mc/mc_infill_3_4,False,,,,5.00582896885
mc/mc_infill_1_2,mc_infill_1_2_gid-148_20260714_174214,0.5,0.0,1.858265,-0.029442,535.159095335,0.995648645304,False,mc/mc_infill_1_2,False,,,,1.6833634976
mc/mc_beta0.5_s,mc_beta0.5_s_gid-172_20260710_095412,0.5,0.0,1.859155,0.008538,87.3703309342,2.6667088869,True,mc/mc_beta0.5_s,False,,,,5.04479523539
mc/mc_infill_1_2,mc_infill_1_2_gid-280_20260714_174956,0.5,0.0,1.861347,-0.026213,446.454433978,1.21179873849,True,mc/mc_infill_1_2,False,,,,2.01640737028
mc/mc_low_rmu_s_beta0_5,mc_low_rmu_s_beta0_5_gid-346_20260711_043336,0.5,0.0,1.861883,-0.007949,175.67168811,2.14600723848,True,mc/mc_low_rmu_s_beta0_5,False,,,,3.7200408383
mc/mc_beta0.5_s,mc_beta0.5_s_gid-253_20260710_095733,0.5,0.0,1.863966,0.008447,87.3534826384,2.66649783723,True,mc/mc_beta0.5_s,False,,,,5.04747374415
mc/mc_infill_2_3,mc_infill_2_3_gid-592_20260715_041753,0.5,0.0,1.866631,-0.00707,167.734525765,2.18424715555,True,mc/mc_infill_2_3,True,0.104286,167.734526,2.184247,3.80539839269
mc/mc_low_rmu_s_beta0_5,mc_low_rmu_s_beta0_5_gid-250_20260711_043313,0.5,0.0,1.87018,-0.015025,246.908534176,1.84069691606,True,mc/mc_low_rmu_s_beta0_5,False,,,,3.11612713592
mc/mc_infill_1_2,mc_infill_1_2_gid-238_20260714_174609,0.5,0.0,1.870841,-0.027264,468.239040654,1.1542471634,True,mc/mc_infill_1_2,False,,,,1.9381744577
mc/mc_beta0.5_s,mc_beta0.5_s_gid-1399_20260710_054815,0.5,0.0,1.871237,0.018114,62.427965256,2.86708978872,True,mc/mc_beta0.5_s,False,,,,5.8036743174
mc/mc_infill_lt1_beta0_5,mc_infill_lt1_beta0_5_gid-295_20260714_175036,0.5,0.0,1.875509,-0.03279,579.514032841,0.832601918519,True,mc/mc_infill_lt1_beta0_5,False,,,,1.42318631739
mc/mc_beta0.5_s,mc_beta0.5_s_gid-1108_20260710_053658,0.5,0.0,1.875942,0.019782,59.1168815535,2.89625508273,True,mc/mc_beta0.5_s,False,,,,5.93950050566
mc/mc_infill_2_3,mc_infill_2_3_gid-520_20260715_041751,0.5,0.0,1.876651,-0.006516,161.843789731,2.21275807668,True,mc/mc_infill_2_3,True,0.182069,161.84379,2.212758,3.8746957162
mc/mc_low_rmu_s_beta0_5,mc_low_rmu_s_beta0_5_gid-79_20260711_042827,0.5,0.0,1.879414,-0.013915,231.201740764,1.9014344613,True,mc/mc_low_rmu_s_beta0_5,False,,,,3.2383341055
mc/mc_beta0.5_s,mc_beta0.5_s_gid-1189_20260710_053702,0.5,0.0,1.881561,0.016768,64.7402284719,2.84637516986,True,mc/mc_beta0.5_s,False,,,,5.72094022685
mc/mc_infill_1_2,mc_infill_1_2_gid-532_20260714_173804,0.5,0.0,1.882196,-0.020876,329.938941119,1.54985050564,True,mc/mc_infill_1_2,False,,,,2.59655105988
mc/mc_low_rmu_s_beta0_5,mc_low_rmu_s_beta0_5_gid-382_20260711_043408,0.5,0.0,1.882847,-0.021227,335.709140563,1.53129540138,True,mc/mc_low_rmu_s_beta0_5,False,,,,2.56513452246
mc/mc_beta0.5_s,mc_beta0.5_s_gid-13_20260710_094639,0.5,0.0,1.884645,0.015738,66.8006856537,2.82850909816,True,mc/mc_beta0.5_s,False,,,,5.64841589147
mc/mc_infill_3_4,mc_infill_3_4_gid-100_20260714_171945,0.5,0.0,1.88476,0.005308,96.8795518646,2.5964209069,True,mc/mc_infill_3_4,False,,,,4.84552777629
mc/mc_infill_2_3_b,mc_infill_2_3_b_gid-202_20260715_002803,0.5,0.0,1.88732,-0.011251,200.856925925,2.0278334975,True,mc/mc_infill_2_3_b,True,0.196507,200.867927,2.027812,3.49408487218
mc/mc_low_rmu_s_beta0_5,mc_low_rmu_s_beta0_5_gid-142_20260711_042827,0.5,0.0,1.888711,-0.010336,191.840038375,2.06804026699,True,mc/mc_low_rmu_s_beta0_5,False,,,,3.57650711668
mc/mc_beta0.5_s,mc_beta0.5_s_gid-370_20260710_100337,0.5,0.0,1.889533,0.008177,86.5719711373,2.67052807468,True,mc/mc_beta0.5_s,False,,,,5.07821377637
mc/mc_infill_1_2,mc_infill_1_2_gid-160_20260714_220153,0.5,0.0,1.890729,-0.024719,400.061044295,1.33330890136,True,mc/mc_infill_1_2,False,,,,2.24753004296
mc/mc_infill_3_4,mc_infill_3_4_gid-76_20260714_162342,0.5,0.0,1.89168,0.007921,87.2576990727,2.66527284101,True,mc/mc_infill_3_4,False,,,,5.06274353298
mc/mc_infill_2_3,mc_infill_2_3_gid-466_20260715_041752,0.5,0.0,1.891736,-0.013786,226.779571167,1.91804072127,True,mc/mc_infill_2_3,True,0.181509,226.779571,1.918041,3.27979893883
mc/mc_beta0.5_s,mc_beta0.5_s_gid-373_20260710_100337,0.5,0.0,1.894562,0.006443,92.0387229142,2.63007507382,True,mc/mc_beta0.5_s,False,,,,4.95401212613
mc/mc_low_rmu_s_beta0_5,mc_low_rmu_s_beta0_5_gid-190_20260711_042902,0.5,0.0,1.898953,-0.009914,186.002307347,2.09366527758,True,mc/mc_low_rmu_s_beta0_5,False,,,,3.63674059872
mc/mc_infill_lt1_beta0_5,mc_infill_lt1_beta0_5_gid-67_20260714_175306,0.5,0.0,1.899083,-0.03713,685.622403872,0.572166503153,True,mc/mc_infill_lt1_beta0_5,False,,,,1.07257512891
mc/mc_infill_2_3,mc_infill_2_3_gid-412_20260715_041700,0.5,0.0,1.900193,-0.012737,213.301653581,1.9730104912,True,mc/mc_infill_2_3,True,0.219533,213.301654,1.97301,3.39347743501
mc/mc_infill_1_2,mc_infill_1_2_gid-550_20260714_175509,0.5,0.0,1.900652,-0.029482,510.862805253,1.04272374197,True,mc/mc_infill_1_2,False,,,,1.78045163265
mc/mc_low_rmu_s_beta0_5,mc_low_rmu_s_beta0_5_gid-385_20260711_043314,0.5,0.0,1.900725,-0.023282,367.062178681,1.43166843659,True,mc/mc_low_rmu_s_beta0_5,False,,,,2.411647468
mc/mc_infill_lt1_beta0_5,mc_infill_lt1_beta0_5_gid-55_20260714_162659,0.5,0.0,1.902552,-0.030068,525.218801803,1.01110889761,True,mc/mc_infill_lt1_beta0_5,False,,,,1.74297826863
mc/mc_low_rmu_s_beta0_5,mc_low_rmu_s_beta0_5_gid-214_20260711_043314,0.5,0.0,1.908637,-0.000422,119.849684842,2.44393418054,True,mc/mc_low_rmu_s_beta0_5,False,,,,4.44309662962
mc/mc_beta0.5_s,mc_beta0.5_s_gid-1210_20260710_054047,0.5,0.0,1.908676,0.005153,95.6509326395,2.60327373603,True,mc/mc_beta0.5_s,False,,,,4.88251710219
mc/mc_infill_1_2,mc_infill_1_2_gid-256_20260714_174956,0.5,0.0,1.910524,-0.023476,366.987383255,1.43198800004,True,mc/mc_infill_1_2,False,,,,2.41367584181
mc/mc_beta0.5_s,mc_beta0.5_s_gid-274_20260710_112548,0.5,0.0,1.911521,0.006031,92.2816871057,2.62709477975,True,mc/mc_beta0.5_s,False,,,,4.95655696773
mc/mc_infill_3_4,mc_infill_3_4_gid-268_20260714_174235,0.5,0.0,1.91321,-0.001272,123.764382416,2.41968981775,True,mc/mc_infill_3_4,False,,,,4.38479929762
mc/mc_infill_2_3_a,mc_infill_2_3_a_gid-124_20260714_213240,0.5,0.0,1.914081,-0.011421,197.02824358,2.04205740986,True,mc/mc_infill_2_3_a,True,0.228648,197.05768,2.041941,3.541491514
mc/mc_low_rmu_s_beta0_5,mc_low_rmu_s_beta0_5_gid-208_20260711_043314,0.5,0.0,1.916271,-0.00721,160.868472128,2.21397513569,True,mc/mc_low_rmu_s_beta0_5,False,,,,3.90553256435
mc/mc_beta0.5_s,mc_beta0.5_s_gid-805_20260710_101347,0.5,0.0,1.916465,0.014272,68.6667796783,2.81083377594,True,mc/mc_beta0.5_s,False,,,,5.59830401471
mc/mc_infill_2_3,mc_infill_2_3_gid-322_20260715_041554,0.5,0.0,1.921497,-0.013996,222.030879042,1.93414213992,True,mc/mc_infill_2_3,True,0.2402,222.116941,1.933921,3.33240318248
mc/mc_low_rmu_s_beta0_5,mc_low_rmu_s_beta0_5_gid-64_20260711_042827,0.5,0.0,1.921554,-0.001957,126.520099711,2.40245898634,True,mc/mc_low_rmu_s_beta0_5,False,,,,4.34766281296
mc/mc_infill_1_2,mc_infill_1_2_gid-16_20260714_175410,0.5,0.0,1.927883,-0.026094,411.977279453,1.29705500421,True,mc/mc_infill_1_2,False,,,,2.20144701505
mc/mc_beta0.5_s,mc_beta0.5_s_gid-907_20260710_101826,0.5,0.0,1.929687,0.006507,89.3902840257,2.64683046481,True,mc/mc_beta0.5_s,False,,,,5.03023515513
mc/mc_beta0.5_s,mc_beta0.5_s_gid-544_20260710_100738,0.5,0.0,1.930793,0.015178,66.0558995142,2.83224879546,True,mc/mc_beta0.5_s,False,,,,5.69463434949
mc/mc_infill_1_2,mc_infill_1_2_gid-106_20260714_175314,0.5,0.0,1.931785,-0.018434,274.955554555,1.72941507581,True,mc/mc_infill_1_2,False,,,,2.95262452642
mc/mc_low_rmu_s_beta0_5,mc_low_rmu_s_beta0_5_gid-376_20260711_043401,0.5,0.0,1.931841,-0.013277,211.934274756,1.9751692888,True,mc/mc_low_rmu_s_beta0_5,False,,,,3.42053809856
mc/mc_beta0.5_s,mc_beta0.5_s_gid-268_20260710_100617,0.5,0.0,1.934514,0.002146,105.474073027,2.53390903649,True,mc/mc_beta0.5_s,False,,,,4.70082083031
mc/mc_infill_2_3_b,mc_infill_2_3_b_gid-40_20260715_002558,0.5,0.0,1.934861,-0.013674,215.474580993,1.96007300132,True,mc/mc_infill_2_3_b,True,0.3211,215.552323,1.959843,3.39234379739
mc/mc_low_rmu_s_beta0_5,mc_low_rmu_s_beta0_5_gid-133_20260711_042829,0.5,0.0,1.935942,0.002146,105.349937323,2.53462604773,True,mc/mc_low_rmu_s_beta0_5,False,,,,4.70379131423
mc/mc_infill_2_3,mc_infill_2_3_gid-268_20260715_041533,0.5,0.0,1.940697,-0.009325,173.450950414,2.14902480566,True,mc/mc_infill_2_3,True,0.188528,173.45095,2.149025,3.78254441059
mc/mc_low_rmu_s_beta0_5,mc_low_rmu_s_beta0_5_gid-286_20260711_043314,0.5,0.0,1.941842,-0.010752,185.423838177,2.09201186264,True,mc/mc_low_rmu_s_beta0_5,False,,,,3.66361370058
mc/mc_infill_3_4,mc_infill_3_4_gid-262_20260714_174235,0.5,0.0,1.944498,-0.002996,129.645923223,2.38198432545,True,mc/mc_infill_3_4,False,,,,4.31334094169
mc/mc_beta0.5_s,mc_beta0.5_s_gid-922_20260710_102316,0.5,0.0,1.944552,0.00182,105.985885087,2.52971099329,True,mc/mc_beta0.5_s,False,,,,4.69610111853
mc/mc_beta0.5_s,mc_beta0.5_s_gid-1438_20260710_054819,0.5,0.0,1.94661,0.001057,109.124177231,2.50884381545,True,mc/mc_beta0.5_s,False,,,,4.64043979555
mc/mc_infill_1_2,mc_infill_1_2_gid-616_20260714_175406,0.5,0.0,1.94755,-0.022658,336.843489764,1.52070532714,True,mc/mc_infill_1_2,False,,,,2.590241551
mc/mc_low_rmu_s_beta0_5,mc_low_rmu_s_beta0_5_gid-406_20260711_043736,0.5,0.0,1.949856,-0.02157,317.233889427,1.58297273312,True,mc/mc_low_rmu_s_beta0_5,False,,,,2.70230819399
mc/mc_beta0.5_s,mc_beta0.5_s_gid-817_20260710_101353,0.5,0.0,1.951152,0.011922,72.585531941,2.77608130028,True,mc/mc_beta0.5_s,False,,,,5.48710654885
mc/mc_infill_1_2,mc_infill_1_2_gid-214_20260714_174609,0.5,0.0,1.951602,-0.024322,364.509300557,1.43202766453,True,mc/mc_infill_1_2,False,,,,2.44170011716
mc/mc_infill_2_3,mc_infill_2_3_gid-550_20260715_041800,0.5,0.0,1.957685,-0.016145,238.095006383,1.86578746742,True,mc/mc_infill_2_3,True,0.165629,238.095006,1.865787,3.22525512833
mc/mc_low_rmu_s_beta0_5,mc_low_rmu_s_beta0_5_gid-55_20260711_042824,0.5,0.0,1.958059,-0.008836,166.610273812,2.18097008496,True,mc/mc_low_rmu_s_beta0_5,False,,,,3.86316714979
mc/mc_infill_lt1_beta0_5,mc_infill_lt1_beta0_5_gid-28_20260714_162307,0.5,0.0,1.958708,-0.034479,574.739430125,0.827520734718,True,mc/mc_infill_lt1_beta0_5,False,,,,1.53942930138
mc/mc_infill_3_4,mc_infill_3_4_gid-154_20260714_175007,0.5,0.0,1.959522,0.000573,110.101038372,2.501436279,True,mc/mc_infill_3_4,False,,,,4.62931291095
mc/mc_infill_1_2,mc_infill_1_2_gid-346_20260714_172102,0.5,0.0,1.960822,-0.028031,439.260734295,1.21394851531,True,mc/mc_infill_1_2,False,,,,2.09860679912
mc/mc_infill_lt1_beta0_5,mc_infill_lt1_beta0_5_gid-298_20260714_174109,0.5,0.0,1.964529,-0.031138,502.385298263,1.02449450783,True,mc/mc_infill_lt1_beta0_5,False,,,,1.84358459293
mc/mc_low_rmu_s_beta0_5,mc_low_rmu_s_beta0_5_gid-259_20260711_043315,0.5,0.0,1.965778,0.013008,69.3188425884,2.80241624707,True,mc/mc_low_rmu_s_beta0_5,False,,,,5.59770820488
mc/mc_beta0.5_s,mc_beta0.5_s_gid-1390_20260710_054815,0.5,0.0,1.965873,0.005327,90.8979555345,2.63319193928,True,mc/mc_beta0.5_s,False,,,,5.01233163085
mc/mc_beta0.5_s,mc_beta0.5_s_gid-1414_20260710_055113,0.5,0.0,1.966406,0.015394,64.1439754772,2.84682587996,True,mc/mc_beta0.5_s,False,,,,5.77897353119
mc/mc_low_rmu_s_beta0_5,mc_low_rmu_s_beta0_5_gid-118_20260711_042910,0.5,0.0,1.968638,0.000482,109.666850869,2.50352442046,True,mc/mc_low_rmu_s_beta0_5,False,,,,4.64118302429
mc/mc_infill_2_3,mc_infill_2_3_gid-568_20260715_042010,0.5,0.0,1.969135,-0.008746,164.118924397,2.19243631213,True,mc/mc_infill_2_3,True,0.180205,164.118924,2.192436,3.89557331923
mc/mc_infill_1_2,mc_infill_1_2_gid-574_20260714_174636,0.5,0.0,1.969621,-0.019409,277.408976315,1.71590344822,True,mc/mc_infill_1_2,False,,,,2.95346896789
mc/mc_beta0.5_s,mc_beta0.5_s_gid-1351_20260710_055416,0.5,0.0,1.970117,0.005581,89.7433923968,2.64134420556,True,mc/mc_beta0.5_s,False,,,,5.04045042105
mc/mc_infill_lt1_beta0_5,mc_infill_lt1_beta0_5_gid-370_20260714_174706,0.5,0.0,1.971446,-0.031217,500.429167866,1.03464507652,True,mc/mc_infill_lt1_beta0_5,False,,,,1.84871189762
mc/mc_infill_2_3,mc_infill_2_3_gid-394_20260715_041534,0.5,0.0,1.974585,-0.007882,156.849734195,2.22906777665,True,mc/mc_infill_2_3,True,0.227384,156.849734,2.229068,3.97988049425
mc/mc_low_rmu_s_beta0_5,mc_low_rmu_s_beta0_5_gid-247_20260711_043319,0.5,0.0,1.975081,-0.005543,141.018202774,2.31425416279,True,mc/mc_low_rmu_s_beta0_5,False,,,,4.17320620601
mc/mc_infill_1_2,mc_infill_1_2_gid-274_20260714_174956,0.5,0.0,1.97534,-0.023571,342.460467222,1.4987717717,True,mc/mc_infill_1_2,False,,,,2.57279259573
mc/mc_beta0.5_s,mc_beta0.5_s_gid-1228_20260710_054052,0.5,0.0,1.976841,0.000658,108.139665677,2.51288135073,True,mc/mc_beta0.5_s,False,,,,4.67208666887
mc/mc_low_rmu_s_beta0_5,mc_low_rmu_s_beta0_5_gid-244_20260711_043319,0.5,0.0,1.980808,-0.02191,311.936791035,1.59712261382,True,mc/mc_low_rmu_s_beta0_5,False,,,,2.74790504691
mc/mc_infill_2_3,mc_infill_2_3_gid-118_20260715_041022,0.5,0.0,1.981104,-0.008207,158.21716767,2.2213976952,True,mc/mc_infill_2_3,True,0.207451,158.218006,2.221392,3.96724448833
mc/mc_infill_lt1_beta0_5,mc_infill_lt1_beta0_5_gid-94_20260714_175707,0.5,0.0,1.983637,-0.034888,577.845889283,0.820487550494,True,mc/mc_infill_lt1_beta0_5,False,,,,1.5651033942
mc/mc_infill_1_2,mc_infill_1_2_gid-328_20260714_172633,0.5,0.0,1.985139,-0.0244,353.26655235,1.4649460212,True,mc/mc_infill_1_2,False,,,,2.5158949542
mc/mc_beta0.5_s,mc_beta0.5_s_gid-463_20260710_100906,0.5,0.0,1.985767,0.002668,99.1001348327,2.57331904037,True,mc/mc_beta0.5_s,False,,,,4.8472489643
mc/mc_low_rmu_s_beta0_5,mc_low_rmu_s_beta0_5_gid-253_20260711_043313,0.5,0.0,1.987466,-0.010303,173.396099886,2.14464984968,True,mc/mc_low_rmu_s_beta0_5,False,,,,3.80610249651
mc/mc_beta0.5_s,mc_beta0.5_s_gid-1393_20260710_054815,0.5,0.0,1.989449,0.006262,86.2382095618,2.66605870729,True,mc/mc_beta0.5_s,False,,,,5.13148467351
mc/mc_infill_3_4,mc_infill_3_4_gid-226_20260714_174737,0.5,0.0,1.991049,-0.003647,127.887170807,2.38830289078,True,mc/mc_infill_3_4,False,,,,4.36094403655
mc/mc_low_rmu_s_beta0_5,mc_low_rmu_s_beta0_5_gid-139_20260711_042827,0.5,0.0,1.993491,0.005788,87.4914821333,2.65637294299,True,mc/mc_low_rmu_s_beta0_5,False,,,,5.10328513183
mc/mc_infill_lt1_beta0_5,mc_infill_lt1_beta0_5_gid-223_20260714_173704,0.5,0.0,1.994022,-0.035314,589.893288528,0.846937456136,True,mc/mc_infill_lt1_beta0_5,False,,,,1.53680216662
mc/mc_infill_1_2,mc_infill_1_2_gid-4_20260714_175539,0.5,0.0,1.998836,-0.023287,328.630670774,1.54049422092,True,mc/mc_infill_1_2,False,,,,2.65966497284
mc/mc_infill_2_3_b,mc_infill_2_3_b_gid-82_20260715_002401,0.5,0.0,1.999411,-0.015542,220.933890916,1.93071958512,True,mc/mc_infill_2_3_b,True,0.276182,220.905594,1.930258,3.37919678752
mc/mc_beta0.5_s,mc_beta0.5_s_gid-325_20260710_102757,0.5,0.0,1.999825,0.014528,64.5598578355,2.84131726053,True,mc/mc_beta0.5_s,False,,,,5.77733379138
mc/mc_low_rmu_s_beta0_5,mc_low_rmu_s_beta0_5_gid-197_20260711_042828,0.5,0.5,1.000345,0.002646,241.797030515,1.94804056799,True,mc/mc_low_rmu_s_beta0_5,False,,,,2.59948013711
mc/mc_beta0.5_s,mc_beta0.5_s_gid-1490_20260710_055217,0.5,0.5,1.003932,0.028662,72.9956601411,2.82751549433,True,mc/mc_beta0.5_s,False,,,,4.91389833059
mc/mc_beta0.5_s,mc_beta0.5_s_gid-599_20260710_100924,0.5,0.5,1.007101,0.029557,70.6610082536,2.84527013073,True,mc/mc_beta0.5_s,False,,,,4.99775556478
mc/mc_beta0.5_s,mc_beta0.5_s_gid-986_20260710_102747,0.5,0.5,1.008908,0.035507,57.4110724824,2.95291528909,True,mc/mc_beta0.5_s,False,,,,5.51477031691
mc/mc_wrongbasin_ws,mc_wrongbasin_ws_gid-55_20260713_015216,0.5,0.5,1.009108,-0.011571,526.451989334,1.11765024564,True,mc/mc_wrongbasin_ws,True,0.247805,526.989142,1.11572,1.21885597874
mc/mc_infill_3_4,mc_infill_3_4_gid-119_20260714_172903,0.5,0.5,1.014268,-0.002172,311.929657165,1.70151146771,True,mc/mc_infill_3_4,False,,,,2.17909810512
mc/mc_beta0.5_s,mc_beta0.5_s_gid-1289_20260710_055410,0.5,0.5,1.014985,0.033901,60.7259691507,2.92446307259,True,mc/mc_beta0.5_s,False,,,,5.38846571002
mc/mc_infill_2_3,mc_infill_2_3_gid-215_20260715_041530,0.5,0.5,1.015159,-0.007632,421.854131759,1.37678099619,True,mc/mc_infill_2_3,True,0.245438,422.925587,1.37739,1.64985098938
mc/mc_beta0.5_s,mc_beta0.5_s_gid-29_20260710_094916,0.5,0.5,1.018952,0.01468,131.126843126,2.44845594932,True,mc/mc_beta0.5_s,False,,,,3.73368184838
mc/mc_low_rmu_s_beta0_5,mc_low_rmu_s_beta0_5_gid-446_20260711_043737,0.5,0.5,1.018999,-0.004837,360.398508436,1.55263367619,True,mc/mc_low_rmu_s_beta0_5,False,,,,1.93551031137
mc/mc_beta0.5_s,mc_beta0.5_s_gid-1406_20260710_054819,0.5,0.5,1.021584,0.02066,100.589895308,2.63141835345,True,mc/mc_beta0.5_s,False,,,,4.26116893515
mc/mc_infill_2_3,mc_infill_2_3_gid-407_20260715_041700,0.5,0.5,1.022636,-0.015438,623.799030742,0.857091187612,True,mc/mc_infill_2_3,True,0.025344,623.799031,0.857091,1.30183864319
mc/mc_beta0.5_s,mc_beta0.5_s_gid-1100_20260710_053657,0.5,0.5,1.023856,0.010065,163.365312358,2.28055874903,True,mc/mc_beta0.5_s,False,,,,3.33748032201
mc/mc_low_rmu_s_beta0_5,mc_low_rmu_s_beta0_5_gid-293_20260711_043405,0.5,0.5,1.023894,0.005542,205.346872856,2.09097370792,True,mc/mc_low_rmu_s_beta0_5,False,,,,2.92951541346
mc/mc_beta0.5_s,mc_beta0.5_s_gid-1370_20260710_054813,0.5,0.5,1.025485,0.014908,129.652875719,2.45606488197,True,mc/mc_beta0.5_s,False,,,,3.76891207142
mc/mc_beta0.5_s,mc_beta0.5_s_gid-935_20260710_102310,0.5,0.5,1.02732,0.013213,140.272576049,2.39782348421,True,mc/mc_beta0.5_s,False,,,,3.62454654669
mc/mc_low_rmu_s_beta0_5,mc_low_rmu_s_beta0_5_gid-434_20260711_043737,0.5,0.5,1.029672,0.004656,214.559475673,2.05222232513,True,mc/mc_low_rmu_s_beta0_5,False,,,,2.86329212455
mc/mc_beta0.5_s,mc_beta0.5_s_gid-587_20260710_101035,0.5,0.5,1.029684,0.030853,67.8224756589,2.86547625481,True,mc/mc_beta0.5_s,False,,,,5.15627353232
mc/mc_beta0.5_s,mc_beta0.5_s_gid-623_20260710_101041,0.5,0.5,1.030175,0.001723,250.462082219,1.91267824051,True,mc/mc_beta0.5_s,False,,,,2.59368171601
mc/mc_infill_2_3_a,mc_infill_2_3_a_gid-149_20260714_213243,0.5,0.5,1.033711,-0.005747,375.592597065,1.50629900072,True,mc/mc_infill_2_3_a,True,0.095674,376.158181,1.506749,1.88547546579
mc/mc_beta0.5_s,mc_beta0.5_s_gid-41_20260710_094933,0.5,0.5,1.034046,0.018872,108.600242018,2.57938717216,True,mc/mc_beta0.5_s,False,,,,4.13434083461
mc/mc_infill_3_4,mc_infill_3_4_gid-125_20260714_172933,0.5,0.5,1.036666,-0.004516,350.251996878,1.58103252533,True,mc/mc_infill_3_4,False,,,,2.01663313033
mc/mc_beta0.5_s,mc_beta0.5_s_gid-494_20260710_100335,0.5,0.5,1.037617,0.034426,60.1362887035,2.92719335939,True,mc/mc_beta0.5_s,False,,,,5.47933062988
mc/mc_low_rmu_s_beta0_5,mc_low_rmu_s_beta0_5_gid-35_20260711_042823,0.5,0.5,1.037997,0.007496,184.954607597,2.17831227079,True,mc/mc_low_rmu_s_beta0_5,False,,,,3.14219143978
mc/mc_beta0.5_s,mc_beta0.5_s_gid-950_20260710_102307,0.5,0.5,1.038254,0.004982,210.261952631,2.06908489741,True,mc/mc_beta0.5_s,False,,,,2.91512322147
mc/mc_beta0.5_s,mc_beta0.5_s_gid-1478_20260710_055209,0.5,0.5,1.041948,0.006111,198.1641175,2.11979966768,True,mc/mc_beta0.5_s,False,,,,3.02719734751
mc/mc_beta0.5_s,mc_beta0.5_s_gid-1328_20260710_054816,0.5,0.5,1.042077,0.00044,266.724103372,1.85235401904,True,mc/mc_beta0.5_s,False,,,,2.50514259527
mc/mc_infill_2_3,mc_infill_2_3_gid-473_20260715_041803,0.5,0.5,1.043386,-0.010229,477.487350629,1.22933833745,True,mc/mc_infill_2_3,True,0.197202,477.487351,1.229338,1.46538292409
mc/mc_beta0.5_s,mc_beta0.5_s_gid-353_20260710_100237,0.5,0.5,1.045592,0.028461,74.2534205314,2.81404933601,True,mc/mc_beta0.5_s,False,,,,4.9842183957
mc/mc_wrongbasin_ws,mc_wrongbasin_ws_gid-56_20260713_015216,0.5,0.5,1.046008,-0.009218,449.900454777,1.30064400191,True,mc/mc_wrongbasin_ws,True,0.217402,452.795016,1.299265,1.57819436298
mc/mc_beta0.5_s,mc_beta0.5_s_gid-854_20260710_101350,0.5,0.5,1.04688,0.022891,91.9547684534,2.68651214219,True,mc/mc_beta0.5_s,False,,,,4.50936611983
mc/mc_beta0.5_s,mc_beta0.5_s_gid-1004_20260710_053700,0.5,0.5,1.048382,0.00748,184.539373263,2.17916578855,True,mc/mc_beta0.5_s,False,,,,3.166639259
mc/mc_beta0.5_s,mc_beta0.5_s_gid-1487_20260710_055214,0.5,0.5,1.051325,0.013179,140.028878082,2.39681873111,True,mc/mc_beta0.5_s,False,,,,3.67827112009
mc/mc_beta0.5_s,mc_beta0.5_s_gid-227_20260710_104028,0.5,0.5,1.052778,0.013906,135.379060957,2.42179775672,True,mc/mc_beta0.5_s,False,,,,3.74518525926
mc/mc_infill_3_4,mc_infill_3_4_gid-149_20260714_171604,0.5,0.5,1.054892,0.008782,172.695235152,2.23300967404,True,mc/mc_infill_3_4,False,,,,3.29908464619
mc/mc_beta0.5_s,mc_beta0.5_s_gid-938_20260710_102308,0.5,0.5,1.05602,0.010859,156.107771057,2.31324125621,True,mc/mc_beta0.5_s,False,,,,3.48575614104
mc/mc_beta0.5_s,mc_beta0.5_s_gid-1148_20260710_053811,0.5,0.5,1.058185,0.0283,74.9395405552,2.80765914969,True,mc/mc_beta0.5_s,False,,,,4.99688383986
mc/mc_infill_2_3,mc_infill_2_3_gid-455_20260715_041752,0.5,0.5,1.058591,-0.014237,588.374999629,0.984567711709,True,mc/mc_infill_2_3,True,0.090938,588.375,0.984568,1.09767248491
mc/mc_beta0.5_s,mc_beta0.5_s_gid-1097_20260710_053658,0.5,0.5,1.061558,0.002405,238.267041674,1.95550401344,True,mc/mc_beta0.5_s,False,,,,2.7391572938
mc/mc_low_rmu_s_beta0_5,mc_low_rmu_s_beta0_5_gid-50_20260711_042825,0.5,0.5,1.064168,0.001325,251.878500173,1.90414415193,True,mc/mc_low_rmu_s_beta0_5,False,,,,2.64705053891
mc/mc_beta0.5_s,mc_beta0.5_s_gid-1133_20260710_053702,0.5,0.5,1.064256,0.026163,81.2303494738,2.76040831195,True,mc/mc_beta0.5_s,False,,,,4.82711336237
mc/mc_beta0.5_s,mc_beta0.5_s_gid-611_20260710_101040,0.5,0.5,1.06753,0.007006,187.926544665,2.16207054892,True,mc/mc_beta0.5_s,False,,,,3.17193939529
mc/mc_infill_2_3,mc_infill_2_3_gid-5_20260715_040904,0.5,0.5,1.069498,-0.013067,545.13794682,1.06536326697,True,mc/mc_infill_2_3,True,0.010749,545.137947,1.065363,1.25801139346
mc/mc_beta0.5_s,mc_beta0.5_s_gid-776_20260710_101343,0.5,0.5,1.069618,0.031209,67.8384766652,2.86154588188,True,mc/mc_beta0.5_s,False,,,,5.26902989957
mc/mc_beta0.5_s,mc_beta0.5_s_gid-218_20260710_095711,0.5,0.5,1.071479,0.030414,69.7789712441,2.84609736676,True,mc/mc_beta0.5_s,False,,,,5.20504992939
mc/mc_low_rmu_s_beta0_5,mc_low_rmu_s_beta0_5_gid-146_20260711_042826,0.5,0.5,1.072059,-0.007411,401.03744563,1.4314130779,True,mc/mc_low_rmu_s_beta0_5,False,,,,1.83545991044
mc/mc_beta0.5_s,mc_beta0.5_s_gid-899_20260710_101826,0.5,0.5,1.072557,0.003531,223.759584477,2.01098660556,True,mc/mc_beta0.5_s,False,,,,2.87129027971
mc/mc_infill_3_4,mc_infill_3_4_gid-29_20260714_174956,0.5,0.5,1.074251,0.003103,228.615416594,1.99165466401,True,mc/mc_infill_3_4,False,,,,2.83668043349
mc/mc_low_rmu_s_beta0_5,mc_low_rmu_s_beta0_5_gid-233_20260711_043312,0.5,0.5,1.075117,0.010047,161.725925918,2.283586696,True,mc/mc_low_rmu_s_beta0_5,False,,,,3.46029359071
mc/mc_beta0.5_s,mc_beta0.5_s_gid-1193_20260710_053740,0.5,0.5,1.077279,0.016998,117.814729775,2.51933245835,True,mc/mc_beta0.5_s,False,,,,4.07049556458
mc/mc_infill_2_3,mc_infill_2_3_gid-437_20260715_041756,0.5,0.5,1.078796,-0.005195,354.226080862,1.56499481224,True,mc/mc_infill_2_3,True,0.013041,354.226081,1.564995,2.06769736669
mc/mc_beta0.5_s,mc_beta0.5_s_gid-848_20260710_101612,0.5,0.5,1.079427,0.033581,62.8596670958,2.90061481869,True,mc/mc_beta0.5_s,False,,,,5.49127684108
mc/mc_beta0.5_s,mc_beta0.5_s_gid-80_20260710_095411,0.5,0.5,1.081349,0.01063,157.137838012,2.30562376525,True,mc/mc_beta0.5_s,False,,,,3.52650281467
mc/mc_beta0.5_s,mc_beta0.5_s_gid-473_20260710_100022,0.5,0.5,1.082823,0.007145,185.883113653,2.16970166697,True,mc/mc_beta0.5_s,False,,,,3.222402992
mc/mc_infill_2_3_b,mc_infill_2_3_b_gid-5_20260715_002400,0.5,0.5,1.085657,-0.00745,398.501996864,1.43707939908,True,mc/mc_infill_2_3_b,True,0.179382,399.232935,1.436697,1.86938298992
mc/mc_beta0.5_s,mc_beta0.5_s_gid-383_20260710_100343,0.5,0.5,1.085795,0.027199,78.6034545387,2.77763345139,True,mc/mc_beta0.5_s,False,,,,4.96109241062
mc/mc_infill_3_4,mc_infill_3_4_gid-257_20260714_174235,0.5,0.5,1.091228,-0.000643,276.063811579,1.81518671918,True,mc/mc_infill_3_4,False,,,,2.53717573819
mc/mc_infill_2_3,mc_infill_2_3_gid-29_20260715_040903,0.5,0.5,1.091435,-0.014219,572.07927612,1.00616949043,True,mc/mc_infill_2_3,True,0.0796,572.079276,1.006169,1.19483880398
mc/mc_beta0.5_s,mc_beta0.5_s_gid-1202_20260710_054058,0.5,0.5,1.091712,0.011723,149.096061017,2.34531281153,True,mc/mc_beta0.5_s,False,,,,3.64672321808
mc/mc_low_rmu_s_beta0_5,mc_low_rmu_s_beta0_5_gid-443_20260711_043737,0.5,0.5,1.091978,0.000647,257.929544827,1.87939717911,True,mc/mc_low_rmu_s_beta0_5,False,,,,2.65792696682
mc/mc_beta0.5_s,mc_beta0.5_s_gid-356_20260710_100238,0.5,0.5,1.093208,0.019987,104.011118565,2.60266113409,True,mc/mc_beta0.5_s,False,,,,4.36268021126
mc/mc_beta0.5_s,mc_beta0.5_s_gid-362_20260710_100245,0.5,0.5,1.094018,0.011856,148.144870228,2.34999453317,True,mc/mc_beta0.5_s,False,,,,3.66375894719
mc/mc_beta0.5_s,mc_beta0.5_s_gid-335_20260710_115920,0.5,0.5,1.096425,0.018333,111.405890938,2.5561311507,True,mc/mc_beta0.5_s,False,,,,4.22842804998
mc/mc_beta0.5_s,mc_beta0.5_s_gid-1247_20260710_054053,0.5,0.5,1.100221,0.024917,85.8537992819,2.72383875551,True,mc/mc_beta0.5_s,False,,,,4.79775832144
mc/mc_beta0.5_s,mc_beta0.5_s_gid-503_20260710_100237,0.5,0.5,1.103937,0.011487,150.527058351,2.33675618425,True,mc/mc_beta0.5_s,False,,,,3.65519595497
mc/mc_low_rmu_s_beta0_5,mc_low_rmu_s_beta0_5_gid-161_20260711_042829,0.5,0.5,1.105349,-0.011348,485.723542919,1.20966193505,True,mc/mc_low_rmu_s_beta0_5,False,,,,1.5414187225
mc/mc_beta0.5_s,mc_beta0.5_s_gid-212_20260710_095716,0.5,0.5,1.106014,0.025851,83.049127967,2.74328513585,True,mc/mc_beta0.5_s,False,,,,4.88937159367
mc/mc_beta0.5_s,mc_beta0.5_s_gid-113_20260710_094633,0.5,0.5,1.10955,0.013095,139.846310222,2.39210126409,True,mc/mc_beta0.5_s,False,,,,3.80764670224
mc/mc_beta0.5_s,mc_beta0.5_s_gid-1205_20260710_054100,0.5,0.5,1.110519,0.025014,85.7662189732,2.72347173183,True,mc/mc_beta0.5_s,False,,,,4.82799947161
mc/mc_low_rmu_s_beta0_5,mc_low_rmu_s_beta0_5_gid-212_20260711_043314,0.5,0.5,1.112183,0.004125,214.215276099,2.04561565077,True,mc/mc_low_rmu_s_beta0_5,False,,,,3.02662122493
mc/mc_beta0.5_s,mc_beta0.5_s_gid-1397_20260710_054815,0.5,0.5,1.113162,0.036746,57.7294300025,2.93976923929,True,mc/mc_beta0.5_s,False,,,,5.8277163282
mc/mc_beta0.5_s,mc_beta0.5_s_gid-1376_20260710_054813,0.5,0.5,1.116571,0.028175,76.6313992989,2.78933757167,True,mc/mc_beta0.5_s,False,,,,5.1084497614
mc/mc_low_rmu_s_beta0_5,mc_low_rmu_s_beta0_5_gid-14_20260711_042821,0.5,0.5,1.116796,0.007183,184.058726628,2.17449236249,True,mc/mc_low_rmu_s_beta0_5,False,,,,3.30978572497
mc/mc_infill_2_3,mc_infill_2_3_gid-527_20260715_041755,0.5,0.5,1.117375,-0.005529,352.879927821,1.56573597468,True,mc/mc_infill_2_3,True,0.066523,352.879928,1.565736,2.14436371881
mc/mc_beta0.5_s,mc_beta0.5_s_gid-809_20260710_101353,0.5,0.5,1.121676,0.027993,77.258480143,2.78416037066,True,mc/mc_beta0.5_s,False,,,,5.10370437695
mc/mc_infill_2_3_a,mc_infill_2_3_a_gid-95_20260714_213422,0.5,0.5,1.122634,-0.009784,440.890292151,1.3213869748,True,mc/mc_infill_2_3_a,True,0.17791,442.99175,1.315028,1.7444337253
mc/mc_low_rmu_s_beta0_5,mc_low_rmu_s_beta0_5_gid-155_20260711_042827,0.5,0.5,1.12298,-0.01525,586.791053343,0.968400552766,True,mc/mc_low_rmu_s_beta0_5,False,,,,1.20831505758
mc/mc_beta0.5_s,mc_beta0.5_s_gid-53_20260710_095304,0.5,0.5,1.123424,0.029079,74.434529107,2.80521363962,True,mc/mc_beta0.5_s,False,,,,5.19913806022
mc/mc_beta0.5_s,mc_beta0.5_s_gid-584_20260710_100930,0.5,0.5,1.124014,0.020912,100.667652715,2.62120278627,True,mc/mc_beta0.5_s,False,,,,4.5094205546
mc/mc_infill_3_4,mc_infill_3_4_gid-173_20260714_175005,0.5,0.5,1.125047,0.00227,234.20483205,1.96492593224,True,mc/mc_infill_3_4,False,,,,2.89324759325
mc/mc_beta0.5_s,mc_beta0.5_s_gid-302_20260710_095929,0.5,0.5,1.129037,0.023565,90.9762333869,2.68539429986,True,mc/mc_beta0.5_s,False,,,,4.74500909814
mc/mc_beta0.5_s,mc_beta0.5_s_gid-242_20260710_095718,0.5,0.5,1.132629,0.012555,143.109840777,2.37244176778,True,mc/mc_beta0.5_s,False,,,,3.81505895272
mc/mc_infill_2_3_b,mc_infill_2_3_b_gid-59_20260715_002404,0.5,0.5,1.135112,-0.013955,547.03934254,1.06536484947,True,mc/mc_infill_2_3_b,True,0.106315,548.34136,1.059974,1.371127308
mc/mc_beta0.5_s,mc_beta0.5_s_gid-308_20260710_102746,0.5,0.5,1.136262,0.019444,106.933468375,2.58000691121,True,mc/mc_beta0.5_s,False,,,,4.41192248833
mc/mc_infill_3_4,mc_infill_3_4_gid-221_20260714_174638,0.5,0.5,1.136649,0.0075,180.579636545,2.18834147487,True,mc/mc_infill_3_4,False,,,,3.38632310653
mc/mc_beta0.5_s,mc_beta0.5_s_gid-260_20260710_100204,0.5,0.5,1.139691,0.025515,84.9028017595,2.72677553586,True,mc/mc_beta0.5_s,False,,,,4.93239123186
mc/mc_beta0.5_s,mc_beta0.5_s_gid-878_20260710_101408,0.5,0.5,1.141257,0.025297,85.6180659651,2.72154965705,True,mc/mc_beta0.5_s,False,,,,4.91733859974
mc/mc_low_rmu_s_beta0_5,mc_low_rmu_s_beta0_5_gid-227_20260711_043313,0.5,0.5,1.1416,-0.007023,376.830853432,1.49504968682,True,mc/mc_low_rmu_s_beta0_5,False,,,,2.0677735306
mc/mc_infill_2_3,mc_infill_2_3_gid-281_20260715_041622,0.5,0.5,1.141975,-0.014548,560.054320322,1.02786376114,True,mc/mc_infill_2_3,True,0.164545,560.05432,1.027864,1.33488915606
mc/mc_beta0.5_s,mc_beta0.5_s_gid-56_20260710_095311,0.5,0.5,1.144033,0.009235,166.268544339,2.25463266543,True,mc/mc_beta0.5_s,False,,,,3.55539685111
mc/mc_beta0.5_s,mc_beta0.5_s_gid-386_20260710_100349,0.5,0.5,1.146414,0.008883,168.951965336,2.24155102889,True,mc/mc_beta0.5_s,False,,,,3.53059909618
mc/mc_low_rmu_s_beta0_5,mc_low_rmu_s_beta0_5_gid-92_20260711_042908,0.5,0.5,1.147849,0.012033,146.387648925,2.35371857275,True,mc/mc_low_rmu_s_beta0_5,False,,,,3.80582265505
mc/mc_beta0.5_s,mc_beta0.5_s_gid-1262_20260710_054442,0.5,0.5,1.148478,0.001254,244.525823212,1.92317444967,True,mc/mc_beta0.5_s,False,,,,2.86260427223
mc/mc_beta0.5_s,mc_beta0.5_s_gid-1127_20260710_053659,0.5,0.5,1.151458,0.016492,120.847359248,2.49421076449,True,mc/mc_beta0.5_s,False,,,,4.19543302582
mc/mc_beta0.5_s,mc_beta0.5_s_gid-344_20260710_100911,0.5,0.5,1.153284,0.024531,88.3598670248,2.70112355064,True,mc/mc_beta0.5_s,False,,,,4.87838564532
mc/mc_infill_2_3_b,mc_infill_2_3_b_gid-71_20260715_002415,0.5,0.5,1.154907,-0.012136,489.431389177,1.19575995113,True,mc/mc_infill_2_3_b,True,0.100166,489.499812,1.197209,1.61075328023
mc/mc_beta0.5_s,mc_beta0.5_s_gid-203_20260710_100714,0.5,0.5,1.157726,0.023613,91.5074327118,2.67896563568,True,mc/mc_beta0.5_s,False,,,,4.8106413618
mc/mc_beta0.5_s,mc_beta0.5_s_gid-746_20260710_101343,0.5,0.5,1.159433,0.035688,61.0955396039,2.9069143924,True,mc/mc_beta0.5_s,False,,,,5.82926174944
mc/mc_beta0.5_s,mc_beta0.5_s_gid-1232_20260710_054103,0.5,0.5,1.160777,0.002802,225.46322694,1.99546532067,True,mc/mc_beta0.5_s,False,,,,3.03263547975
mc/mc_low_rmu_s_beta0_5,mc_low_rmu_s_beta0_5_gid-8_20260711_042821,0.5,0.5,1.16243,-0.014788,555.73493379,1.0364372037,True,mc/mc_low_rmu_s_beta0_5,False,,,,1.36643344477
mc/mc_beta0.5_s,mc_beta0.5_s_gid-1301_20260710_055410,0.5,0.5,1.163644,0.008773,169.455957321,2.23738640776,True,mc/mc_beta0.5_s,False,,,,3.56249953824
mc/mc_infill_2_3,mc_infill_2_3_gid-89_20260715_040901,0.5,0.5,1.167111,-0.005438,341.808305442,1.59433671144,True,mc/mc_infill_2_3,True,0.126086,341.985398,1.594316,2.2905838556
mc/mc_beta0.5_s,mc_beta0.5_s_gid-1367_20260710_054813,0.5,0.5,1.167593,0.028043,78.4462146469,2.77084059272,True,mc/mc_beta0.5_s,False,,,,5.20344505179
mc/mc_low_rmu_s_beta0_5,mc_low_rmu_s_beta0_5_gid-428_20260711_043736,0.5,0.5,1.16774,-0.007921,389.721249436,1.456995051,True,mc/mc_low_rmu_s_beta0_5,False,,,,2.05785595006
mc/mc_beta0.5_s,mc_beta0.5_s_gid-215_20260710_095720,0.5,0.5,1.169312,0.005906,193.591860561,2.1268656529,True,mc/mc_beta0.5_s,False,,,,3.3272237904
mc/mc_beta0.5_s,mc_beta0.5_s_gid-626_20260710_101053,0.5,0.5,1.171452,0.027014,81.392885565,2.74887752151,True,mc/mc_beta0.5_s,False,,,,5.12520036132
mc/mc_infill_2_3,mc_infill_2_3_gid-581_20260715_041752,0.5,0.5,1.172381,-0.010075,435.517996768,1.33386413912,True,mc/mc_infill_2_3,True,0.033922,435.517997,1.333864,1.86242277748
mc/mc_beta0.5_s,mc_beta0.5_s_gid-905_20260710_101826,0.5,0.5,1.173235,0.030978,71.3199323661,2.82408723628,True,mc/mc_beta0.5_s,False,,,,5.46113341668
mc/mc_beta0.5_s,mc_beta0.5_s_gid-650_20260710_100939,0.5,0.5,1.174821,0.01567,125.311693521,2.46603342937,True,mc/mc_beta0.5_s,False,,,,4.17855919209
mc/mc_infill_3_4,mc_infill_3_4_gid-131_20260714_172911,0.5,0.5,1.175036,0.009352,164.847725225,2.25831528588,True,mc/mc_infill_3_4,False,,,,3.63969842177
mc/mc_low_rmu_s_beta0_5,mc_low_rmu_s_beta0_5_gid-239_20260711_043314,0.5,0.5,1.175702,0.000871,246.944881355,1.91142053646,True,mc/mc_low_rmu_s_beta0_5,False,,,,2.89926132375
mc/mc_beta0.5_s,mc_beta0.5_s_gid-605_20260710_101005,0.5,0.5,1.17881,0.002998,222.182010316,2.00662994247,True,mc/mc_beta0.5_s,False,,,,3.09597293027
mc/mc_beta0.5_s,mc_beta0.5_s_gid-59_20260710_095435,0.5,0.5,1.180954,0.032489,68.2125524835,2.84750114022,True,mc/mc_beta0.5_s,False,,,,5.60334992987
mc/mc_beta0.5_s,mc_beta0.5_s_gid-479_20260710_100140,0.5,0.5,1.183169,0.022452,96.2111299595,2.64472477472,True,mc/mc_beta0.5_s,False,,,,4.76777331074
mc/mc_low_rmu_s_beta0_5,mc_low_rmu_s_beta0_5_gid-98_20260711_042827,0.5,0.5,1.18458,-0.017949,647.757748257,0.83948993395,True,mc/mc_low_rmu_s_beta0_5,False,,,,1.11557000747
mc/mc_beta0.5_s,mc_beta0.5_s_gid-1091_20260710_053659,0.5,0.5,1.18483,0.021328,100.378849474,2.61712618074,True,mc/mc_beta0.5_s,False,,,,4.67714974271
mc/mc_beta0.5_s,mc_beta0.5_s_gid-1061_20260710_053820,0.5,0.5,1.186281,0.02579,85.4057480548,2.71863248292,True,mc/mc_beta0.5_s,False,,,,5.05377734677
mc/mc_low_rmu_s_beta0_5,mc_low_rmu_s_beta0_5_gid-167_20260711_042838,0.5,0.5,1.187097,-0.001415,275.787676188,1.80653254784,True,mc/mc_low_rmu_s_beta0_5,False,,,,2.7196014769
mc/mc_beta0.5_s,mc_beta0.5_s_gid-653_20260710_100939,0.5,0.5,1.188494,0.02676,82.6493040258,2.73810470546,True,mc/mc_beta0.5_s,False,,,,5.13950198505
mc/mc_infill_2_3_b,mc_infill_2_3_b_gid-119_20260715_002400,0.5,0.5,1.188585,-0.013286,507.784205167,1.14926295297,True,mc/mc_infill_2_3_b,True,0.045851,508.153061,1.14909,1.59679223299
mc/mc_beta0.5_s,mc_beta0.5_s_gid-20_20260710_094629,0.5,0.5,1.190121,0.022207,97.278432659,2.63695041936,True,mc/mc_beta0.5_s,False,,,,4.7622162626
mc/mc_infill_2_3,mc_infill_2_3_gid-17_20260715_040901,0.5,0.5,1.192001,-0.005319,335.732877788,1.61112210633,True,mc/mc_infill_2_3,True,0.217876,335.732878,1.611122,2.36990502149
mc/mc_beta0.5_s,mc_beta0.5_s_gid-1154_20260710_053810,0.5,0.5,1.194081,0.016644,120.699548492,2.49080853085,True,mc/mc_beta0.5_s,False,,,,4.30414170852
mc/mc_infill_3_4,mc_infill_3_4_gid-17_20260714_175340,0.5,0.5,1.197185,-0.003042,298.214195665,1.72984085723,True,mc/mc_infill_3_4,False,,,,2.59606478069
mc/mc_beta0.5_s,mc_beta0.5_s_gid-1121_20260710_053657,0.5,0.5,1.197311,0.027361,81.2592766353,2.74727847674,True,mc/mc_beta0.5_s,False,,,,5.20803366223
mc/mc_beta0.5_s,mc_beta0.5_s_gid-284_20260710_100735,0.5,0.5,1.19832,0.014812,130.132997579,2.43634608514,True,mc/mc_beta0.5_s,False,,,,4.15930072074
mc/mc_low_rmu_s_beta0_5,mc_low_rmu_s_beta0_5_gid-128_20260711_042826,0.5,0.5,1.199536,0.013227,139.056065638,2.38724495298,True,mc/mc_low_rmu_s_beta0_5,False,,,,4.02728251983
mc/mc_beta0.5_s,mc_beta0.5_s_gid-941_20260710_102308,0.5,0.5,1.201305,0.000914,244.422534841,1.91820459803,True,mc/mc_beta0.5_s,False,,,,2.96917009428
mc/mc_infill_2_3,mc_infill_2_3_gid-83_20260715_040906,0.5,0.5,1.201529,-0.013322,504.287809655,1.15768018353,True,mc/mc_infill_2_3,True,0.018401,504.28781,1.15768,1.62963309411
mc/mc_beta0.5_s,mc_beta0.5_s_gid-1076_20260710_053941,0.5,0.5,1.202148,0.017196,118.210915347,2.5046659577,True,mc/mc_beta0.5_s,False,,,,4.36856702746
mc/mc_low_rmu_s_beta0_5,mc_low_rmu_s_beta0_5_gid-59_20260711_042825,0.5,0.5,1.202209,-0.012305,479.054352576,1.21921598049,True,mc/mc_low_rmu_s_beta0_5,False,,,,1.72999445238
mc/mc_beta0.5_s,mc_beta0.5_s_gid-1325_20260710_054816,0.5,0.5,1.205169,0.023043,94.7810191408,2.652106086,True,mc/mc_beta0.5_s,False,,,,4.86433069701
mc/mc_beta0.5_s,mc_beta0.5_s_gid-542_20260710_100740,0.5,0.5,1.20634,0.004655,203.933153432,2.07863850832,True,mc/mc_beta0.5_s,False,,,,3.30979477691
mc/mc_beta0.5_s,mc_beta0.5_s_gid-632_20260710_100935,0.5,0.5,1.209005,0.001595,235.917143778,1.94974713597,True,mc/mc_beta0.5_s,False,,,,3.04925052453
mc/mc_low_rmu_s_beta0_5,mc_low_rmu_s_beta0_5_gid-401_20260711_043735,0.5,0.5,1.210407,-0.000776,264.852788662,1.84264849788,True,mc/mc_low_rmu_s_beta0_5,False,,,,2.83942498373
mc/mc_infill_2_3,mc_infill_2_3_gid-239_20260715_041532,0.5,0.5,1.210651,-0.014944,544.774199879,1.06364477601,True,mc/mc_infill_2_3,True,0.182567,544.7742,1.063645,1.49686687299
mc/mc_beta0.5_s,mc_beta0.5_s_gid-1346_20260710_054815,0.5,0.5,1.212095,0.004449,205.699000839,2.07060218868,True,mc/mc_beta0.5_s,False,,,,3.30612403512
mc/mc_infill_3_4,mc_infill_3_4_gid-107_20260714_172002,0.5,0.5,1.21321,0.008568,170.27085583,2.22834762493,True,mc/mc_infill_3_4,False,,,,3.66344560038
mc/mc_beta0.5_s,mc_beta0.5_s_gid-665_20260710_101038,0.5,0.5,1.2159,0.030054,74.992739714,2.79175116111,True,mc/mc_beta0.5_s,False,,,,5.47060758203
mc/mc_beta0.5_s,mc_beta0.5_s_gid-122_20260710_095205,0.5,0.5,1.216646,0.025995,85.7982800596,2.71283077076,True,mc/mc_beta0.5_s,False,,,,5.13446411898
mc/mc_low_rmu_s_beta0_5,mc_low_rmu_s_beta0_5_gid-281_20260711_043312,0.5,0.5,1.217578,0.010897,153.691011684,2.30905124464,True,mc/mc_low_rmu_s_beta0_5,False,,,,3.87186941222
mc/mc_beta0.5_s,mc_beta0.5_s_gid-548_20260710_100748,0.5,0.5,1.219514,0.027648,81.2502411033,2.7451163413,True,mc/mc_beta0.5_s,False,,,,5.27788247944
mc/mc_beta0.5_s,mc_beta0.5_s_gid-680_20260710_100924,0.5,0.5,1.221938,0.014141,134.095711787,2.4119264234,True,mc/mc_beta0.5_s,False,,,,4.15638925603
mc/mc_beta0.5_s,mc_beta0.5_s_gid-1184_20260710_053808,0.5,0.5,1.225874,0.007651,177.236075594,2.19439708233,True,mc/mc_beta0.5_s,False,,,,3.61531538421
mc/mc_beta0.5_s,mc_beta0.5_s_gid-1022_20260710_053938,0.5,0.5,1.226823,0.019876,107.167530533,2.56955119593,True,mc/mc_beta0.5_s,False,,,,4.64698551262
mc/mc_infill_2_3,mc_infill_2_3_gid-491_20260715_041751,0.5,0.5,1.228162,-0.014858,534.917204741,1.08474968452,True,mc/mc_infill_2_3,True,0.144835,533.975149,1.08215,1.56051703518
mc/mc_beta0.5_s,mc_beta0.5_s_gid-845_20260710_101612,0.5,0.5,1.228327,0.012288,144.898623343,2.35322035116,True,mc/mc_beta0.5_s,False,,,,4.01420341291
mc/mc_beta0.5_s,mc_beta0.5_s_gid-761_20260710_101407,0.5,0.5,1.231533,0.029485,76.9618197103,2.77541258668,True,mc/mc_beta0.5_s,False,,,,5.45510230747
mc/mc_infill_3_4,mc_infill_3_4_gid-41_20260714_212101,0.5,0.5,1.232239,-0.002597,287.4631514,1.7617630678,True,mc/mc_infill_3_4,False,,,,2.73064125347
mc/mc_beta0.5_s,mc_beta0.5_s_gid-404_20260710_100905,0.5,0.5,1.233454,0.023271,94.9154518811,2.6483792721,True,mc/mc_beta0.5_s,False,,,,4.94349994808
mc/mc_beta0.5_s,mc_beta0.5_s_gid-23_20260710_095503,0.5,0.5,1.234569,0.017098,119.370673965,2.49451538735,True,mc/mc_beta0.5_s,False,,,,4.43238750668
mc/mc_infill_2_3,mc_infill_2_3_gid-425_20260715_041951,0.5,0.5,1.236878,-0.010444,425.038054943,1.35176541497,True,mc/mc_infill_2_3,True,0.081893,425.122628,1.351913,2.01129371149
mc/mc_beta0.5_s,mc_beta0.5_s_gid-248_20260710_095642,0.5,0.5,1.237089,0.005719,193.180988532,2.12151910378,True,mc/mc_beta0.5_s,False,,,,3.47699064918
mc/mc_beta0.5_s,mc_beta0.5_s_gid-1112_20260710_053723,0.5,0.5,1.238025,0.00339,215.087747801,2.02901508141,True,mc/mc_beta0.5_s,False,,,,3.27879335443
mc/mc_infill_2_3,mc_infill_2_3_gid-353_20260715_041533,0.5,0.5,1.240972,-0.006272,344.167998936,1.58054914944,True,mc/mc_infill_2_3,True,0.186353,344.295257,1.580935,2.41551310618
mc/mc_beta0.5_s,mc_beta0.5_s_gid-257_20260710_100206,0.5,0.5,1.243431,0.017422,118.099409611,2.50113581198,True,mc/mc_beta0.5_s,False,,,,4.47899286061
mc/mc_beta0.5_s,mc_beta0.5_s_gid-119_20260710_094635,0.5,0.5,1.244632,0.007515,178.066675854,2.18855708274,True,mc/mc_beta0.5_s,False,,,,3.64856592038
mc/mc_beta0.5_s,mc_beta0.5_s_gid-731_20260710_101343,0.5,0.5,1.247975,0.01651,122.45476211,2.47508060734,True,mc/mc_beta0.5_s,False,,,,4.41309345247
mc/mc_beta0.5_s,mc_beta0.5_s_gid-398_20260710_100905,0.5,0.5,1.249437,0.026094,86.6980645076,2.7031910943,True,mc/mc_beta0.5_s,False,,,,5.21094512162
mc/mc_low_rmu_s_beta0_5,mc_low_rmu_s_beta0_5_gid-110_20260711_042830,0.5,0.5,1.251197,0.01445,132.900497146,2.41549538433,True,mc/mc_low_rmu_s_beta0_5,False,,,,4.24846516537
mc/mc_infill_2_3,mc_infill_2_3_gid-41_20260715_040903,0.5,0.5,1.252002,-0.010789,429.797710054,1.33986374276,True,mc/mc_infill_2_3,True,0.268357,429.79771,1.339864,2.02057988934
mc/mc_beta0.5_s,mc_beta0.5_s_gid-1220_20260710_054048,0.5,0.5,1.252681,0.008971,167.005986044,2.23972734464,True,mc/mc_beta0.5_s,False,,,,3.79109742027
mc/mc_low_rmu_s_beta0_5,mc_low_rmu_s_beta0_5_gid-335_20260711_043333,0.5,0.5,1.25841,-0.004036,305.546180229,1.69951057493,True,mc/mc_low_rmu_s_beta0_5,False,,,,2.66877880762
mc/mc_beta0.5_s,mc_beta0.5_s_gid-1082_20260710_053658,0.5,0.5,1.259382,0.006866,183.068215691,2.16406910833,True,mc/mc_beta0.5_s,False,,,,3.62866623885
mc/mc_infill_3_4,mc_infill_3_4_gid-233_20260714_174754,0.5,0.5,1.259885,-0.000176,253.248424534,1.87927706063,True,mc/mc_infill_3_4,False,,,,3.02174382552
mc/mc_infill_2_3,mc_infill_2_3_gid-587_20260715_041753,0.5,0.5,1.26171,-0.017585,598.579441977,0.936726221418,True,mc/mc_infill_2_3,True,0.191655,598.579442,0.936726,1.40060937334
mc/mc_beta0.5_s,mc_beta0.5_s_gid-926_20260710_102307,0.5,0.5,1.262425,0.021487,102.135178466,2.59797580525,True,mc/mc_beta0.5_s,False,,,,4.85742085669
mc/mc_low_rmu_s_beta0_5,mc_low_rmu_s_beta0_5_gid-392_20260711_043421,0.5,0.5,1.264369,-0.00432,309.191739578,1.68724890372,True,mc/mc_low_rmu_s_beta0_5,False,,,,2.65886814221
mc/mc_beta0.5_s,mc_beta0.5_s_gid-1475_20260710_055219,0.5,0.5,1.265243,0.02832,81.2304229337,2.74061217341,True,mc/mc_beta0.5_s,False,,,,5.42737332742
mc/mc_low_rmu_s_beta0_5,mc_low_rmu_s_beta0_5_gid-221_20260711_043314,0.5,0.5,1.26881,0.012107,146.430950528,2.34094122128,True,mc/mc_low_rmu_s_beta0_5,False,,,,4.09263611151
mc/mc_beta0.5_s,mc_beta0.5_s_gid-161_20260710_095411,0.5,0.5,1.269348,0.010482,156.634808251,2.28875975733,True,mc/mc_beta0.5_s,False,,,,3.95712411428
mc/mc_beta0.5_s,mc_beta0.5_s_gid-92_20260710_095504,0.5,0.5,1.273153,0.020527,106.07745531,2.57172540677,True,mc/mc_beta0.5_s,False,,,,4.80110332445
mc/mc_beta0.5_s,mc_beta0.5_s_gid-110_20260710_095334,0.5,0.5,1.275452,0.021539,102.407230335,2.59490000815,True,mc/mc_beta0.5_s,False,,,,4.88952245722
mc/mc_infill_3_4,mc_infill_3_4_gid-113_20260714_172002,0.5,0.5,1.276278,0.004619,202.050271012,2.07906762687,True,mc/mc_infill_3_4,False,,,,3.47827859862
mc/mc_beta0.5_s,mc_beta0.5_s_gid-1445_20260710_055045,0.5,0.5,1.276371,0.009505,163.247870007,2.25535702577,True,mc/mc_beta0.5_s,False,,,,3.89149935853
mc/mc_infill_2_3_a,mc_infill_2_3_a_gid-209_20260714_213855,0.5,0.5,1.276599,-0.007539,360.424310716,1.52967721193,True,mc/mc_infill_2_3_a,True,0.247107,360.58365,1.529077,2.39519174117
mc/mc_infill_1_2,mc_infill_1_2_gid-581_20260714_175549,0.5,0.5,1.276657,-0.018661,628.583167299,0.874896383359,True,mc/mc_infill_1_2,False,,,,1.34038468491
mc/mc_beta0.5_s,mc_beta0.5_s_gid-725_20260710_101342,0.5,0.5,1.279531,0.017805,117.401932303,2.50158532052,True,mc/mc_beta0.5_s,False,,,,4.59007856524
mc/mc_beta0.5_s,mc_beta0.5_s_gid-1160_20260710_053809,0.5,0.5,1.28055,0.010379,157.39563273,2.28375848092,True,mc/mc_beta0.5_s,False,,,,3.97438559975
mc/mc_infill_1_2,mc_infill_1_2_gid-449_20260714_175637,0.5,0.5,1.280729,-0.02053,677.934887794,0.757496856215,True,mc/mc_infill_1_2,False,,,,1.20122859799
mc/mc_beta0.5_s,mc_beta0.5_s_gid-1424_20260710_055414,0.5,0.5,1.283762,0.009083,166.211839737,2.24019746668,True,mc/mc_beta0.5_s,False,,,,3.87334017257
mc/mc_low_rmu_s_beta0_5,mc_low_rmu_s_beta0_5_gid-278_20260711_043312,0.5,0.5,1.284433,-0.014384,504.709372282,1.14797646508,True,mc/mc_low_rmu_s_beta0_5,False,,,,1.76854294547
mc/mc_beta0.5_s,mc_beta0.5_s_gid-305_20260710_102747,0.5,0.5,1.285616,0.019208,111.685598813,2.53553696159,True,mc/mc_beta0.5_s,False,,,,4.71914105299
mc/mc_low_rmu_s_beta0_5,mc_low_rmu_s_beta0_5_gid-290_20260711_043405,0.5,0.5,1.287291,-0.015835,540.615706052,1.06247287769,True,mc/mc_low_rmu_s_beta0_5,False,,,,1.64636826996
mc/mc_infill_2_3,mc_infill_2_3_gid-533_20260715_041750,0.5,0.5,1.288669,-0.015831,539.557278615,1.06777265002,True,mc/mc_infill_2_3,True,0.154002,539.557279,1.067773,1.65370454139
mc/mc_beta0.5_s,mc_beta0.5_s_gid-290_20260710_100209,0.5,0.5,1.289609,0.013836,136.971376365,2.38913428084,True,mc/mc_beta0.5_s,False,,,,4.28377004407
mc/mc_beta0.5_s,mc_beta0.5_s_gid-1223_20260710_054049,0.5,0.5,1.291792,0.012825,142.612708035,2.35859435529,True,mc/mc_beta0.5_s,False,,,,4.20474867893
mc/mc_infill_2_3_b,mc_infill_2_3_b_gid-11_20260715_002403,0.5,0.5,1.292378,-0.009915,402.032487368,1.41024159959,True,mc/mc_infill_2_3_b,True,0.225328,402.416551,1.409695,2.21827796008
mc/mc_low_rmu_s_beta0_5,mc_low_rmu_s_beta0_5_gid-95_20260711_042827,0.5,0.5,1.29562,0.007947,174.434397886,2.19988900134,True,mc/mc_low_rmu_s_beta0_5,False,,,,3.80583183433
mc/mc_beta0.5_s,mc_beta0.5_s_gid-359_20260710_100240,0.5,0.5,1.301076,0.026475,87.7056137632,2.69087211139,True,mc/mc_beta0.5_s,False,,,,5.34894891878
mc/mc_low_rmu_s_beta0_5,mc_low_rmu_s_beta0_5_gid-71_20260711_042827,0.5,0.5,1.301378,-0.013041,467.420048614,1.23945716139,True,mc/mc_low_rmu_s_beta0_5,False,,,,1.94914529712
mc/mc_beta0.5_s,mc_beta0.5_s_gid-1334_20260710_054815,0.5,0.5,1.303739,0.012156,146.696443159,2.33583256674,True,mc/mc_beta0.5_s,False,,,,4.17626412316
mc/mc_infill_3_4,mc_infill_3_4_gid-245_20260714_174609,0.5,0.5,1.304586,0.009765,161.665941735,2.26003821025,True,mc/mc_infill_3_4,False,,,,3.97865879318
mc/mc_infill_2_3,mc_infill_2_3_gid-257_20260715_041533,0.5,0.5,1.304733,-0.007328,352.005720831,1.5510421716,True,mc/mc_infill_2_3,True,0.013666,352.005721,1.551042,2.49240068842
mc/mc_beta0.5_s,mc_beta0.5_s_gid-233_20260710_112548,0.5,0.5,1.305084,0.00809,173.379360147,2.20378527265,True,mc/mc_beta0.5_s,False,,,,3.8400160993
mc/mc_infill_1_2,mc_infill_1_2_gid-419_20260714_175037,0.5,0.5,1.306036,-0.021778,704.411699124,0.707242357811,True,mc/mc_infill_1_2,False,,,,1.14521196586
mc/mc_beta0.5_s,mc_beta0.5_s_gid-1463_20260710_055110,0.5,0.5,1.310507,0.027747,84.6595506457,2.71134793188,True,mc/mc_beta0.5_s,False,,,,5.47246427591
mc/mc_low_rmu_s_beta0_5,mc_low_rmu_s_beta0_5_gid-89_20260711_042827,0.5,0.5,1.312079,-0.009746,395.059105105,1.42795241343,True,mc/mc_low_rmu_s_beta0_5,False,,,,2.28856600232
mc/mc_beta0.5_s,mc_beta0.5_s_gid-101_20260710_095335,0.5,0.5,1.312483,0.004752,200.098446622,2.08336982953,True,mc/mc_beta0.5_s,False,,,,3.57715150346
mc/mc_beta0.5_s,mc_beta0.5_s_gid-296_20260710_100606,0.5,0.5,1.314095,0.020334,108.303992342,2.55354801892,True,mc/mc_beta0.5_s,False,,,,4.87289776255
mc/mc_low_rmu_s_beta0_5,mc_low_rmu_s_beta0_5_gid-371_20260711_043402,0.5,0.5,1.315614,0.009256,165.195254308,2.24163593343,True,mc/mc_low_rmu_s_beta0_5,False,,,,3.96177489552
mc/mc_beta0.5_s,mc_beta0.5_s_gid-596_20260710_100923,0.5,0.5,1.316157,0.01136,151.663369377,2.30885285508,True,mc/mc_beta0.5_s,False,,,,4.13846129249
mc/mc_infill_3_4,mc_infill_3_4_gid-53_20260714_162303,0.5,0.5,1.316173,0.001465,231.592352442,1.95483218107,True,mc/mc_infill_3_4,False,,,,3.30777869714
mc/mc_infill_1_2,mc_infill_1_2_gid-137_20260714_175449,0.5,0.5,1.317899,-0.020223,657.961106558,0.812282014347,True,mc/mc_infill_1_2,False,,,,1.33284709906
mc/mc_beta0.5_s,mc_beta0.5_s_gid-149_20260710_095338,0.5,0.5,1.318408,3.6e-05,247.112364925,1.89564063733,True,mc/mc_beta0.5_s,False,,,,3.19020403909
mc/mc_infill_2_3,mc_infill_2_3_gid-191_20260715_040902,0.5,0.5,1.318948,-0.015322,516.843319149,1.11932104592,True,mc/mc_infill_2_3,True,0.033124,516.843319,1.119321,1.79366093825
mc/mc_beta0.5_s,mc_beta0.5_s_gid-1430_20260710_055414,0.5,0.5,1.321232,0.016888,122.807317337,2.46543619889,True,mc/mc_beta0.5_s,False,,,,4.60565937237
mc/mc_low_rmu_s_beta0_5,mc_low_rmu_s_beta0_5_gid-23_20260711_042820,0.5,0.5,1.324061,0.013564,139.250393188,2.37313613273,True,mc/mc_low_rmu_s_beta0_5,False,,,,4.33848288515
mc/mc_infill_2_3,mc_infill_2_3_gid-485_20260715_041751,0.5,0.5,1.326482,-0.00898,377.521171444,1.47497520997,True,mc/mc_infill_2_3,True,0.134169,377.521171,1.474975,2.40045013234
mc/mc_beta0.5_s,mc_beta0.5_s_gid-266_20260710_100222,0.5,0.5,1.326906,0.007278,179.431775986,2.17327234836,True,mc/mc_beta0.5_s,False,,,,3.82331116681
mc/mc_low_rmu_s_beta0_5,mc_low_rmu_s_beta0_5_gid-113_20260711_042910,0.5,0.5,1.32773,-0.017371,567.500968207,1.0050072431,True,mc/mc_low_rmu_s_beta0_5,False,,,,1.63073915146
mc/mc_beta0.5_s,mc_beta0.5_s_gid-737_20260710_101409,0.5,0.5,1.328275,0.006709,183.781490395,2.15327337791,True,mc/mc_beta0.5_s,False,,,,3.77902741175
mc/mc_infill_1_2,mc_infill_1_2_gid-245_20260714_174956,0.5,0.5,1.330302,-0.020354,648.319008008,0.820680827605,True,mc/mc_infill_1_2,False,,,,1.35681540997
mc/mc_beta0.5_s,mc_beta0.5_s_gid-431_20260710_100307,0.5,0.5,1.333771,0.017539,120.365551768,2.47840165915,True,mc/mc_beta0.5_s,False,,,,4.68631381008
mc/mc_infill_2_3,mc_infill_2_3_gid-65_20260715_040902,0.5,0.5,1.334198,-0.01567,519.139206718,1.10901374243,True,mc/mc_infill_2_3,True,0.052837,519.139207,1.109014,1.81256895387
mc/mc_beta0.5_s,mc_beta0.5_s_gid-1460_20260710_055110,0.5,0.5,1.337688,0.007756,175.913367723,2.18834114124,True,mc/mc_beta0.5_s,False,,,,3.88829891842
mc/mc_infill_1_2,mc_infill_1_2_gid-191_20260714_174609,0.5,0.5,1.33774,-0.022353,712.199641711,0.691199007257,True,mc/mc_infill_1_2,False,,,,1.23009671671
mc/mc_low_rmu_s_beta0_5,mc_low_rmu_s_beta0_5_gid-359_20260711_043412,0.5,0.5,1.339616,-0.006352,331.111966026,1.61020289183,True,mc/mc_low_rmu_s_beta0_5,False,,,,2.67500716962
mc/mc_beta0.5_s,mc_beta0.5_s_gid-1235_20260710_054050,0.5,0.5,1.339651,0.025603,91.9155200877,2.65785879168,True,mc/mc_beta0.5_s,False,,,,5.35685711803
mc/mc_infill_3_4,mc_infill_3_4_gid-215_20260714_174609,0.5,0.5,1.341606,0.006144,188.180852957,2.13207282648,True,mc/mc_infill_3_4,False,,,,3.76330685107
mc/mc_beta0.5_s,mc_beta0.5_s_gid-1043_20260710_053703,0.5,0.5,1.342599,0.010958,154.589567388,2.29111293373,True,mc/mc_beta0.5_s,False,,,,4.16533134462
mc/mc_infill_1_2,mc_infill_1_2_gid-41_20260714_180824,0.5,0.5,1.343177,-0.024185,740.297085268,0.597724881229,True,mc/mc_infill_1_2,False,,,,1.08466122836
mc/mc_low_rmu_s_beta0_5,mc_low_rmu_s_beta0_5_gid-362_20260711_043412,0.5,0.5,1.345009,-0.018983,606.591776241,0.92251691293,True,mc/mc_low_rmu_s_beta0_5,True,0.053578,606.34827,0.914697,1.52095431938
mc/mc_low_rmu_s_beta0_5,mc_low_rmu_s_beta0_5_gid-170_20260711_042828,0.5,0.5,1.347112,0.014697,134.041241082,2.39908282088,True,mc/mc_low_rmu_s_beta0_5,False,,,,4.48279019185
mc/mc_beta0.5_s,mc_beta0.5_s_gid-956_20260710_102310,0.5,0.5,1.34763,0.009456,164.209118612,2.242888637,True,mc/mc_beta0.5_s,False,,,,4.05203606186
mc/mc_infill_2_3,mc_infill_2_3_gid-479_20260715_041803,0.5,0.5,1.348,-0.011235,416.675113195,1.36594072996,True,mc/mc_infill_2_3,True,0.196899,416.675113,1.365941,2.24977247893
mc/mc_infill_2_3,mc_infill_2_3_gid-329_20260715_041553,0.5,0.5,1.352371,-0.016564,536.922173091,1.06786092266,True,mc/mc_infill_2_3,True,0.065973,537.769071,1.069171,1.78474230676
mc/mc_beta0.5_s,mc_beta0.5_s_gid-1103_20260710_053658,0.5,0.5,1.353928,0.001467,230.113113701,1.95629934813,True,mc/mc_beta0.5_s,False,,,,3.40101066657
mc/mc_low_rmu_s_beta0_5,mc_low_rmu_s_beta0_5_gid-368_20260711_043315,0.5,0.5,1.355306,0.004049,205.596468108,2.05525280013,True,mc/mc_low_rmu_s_beta0_5,False,,,,3.62092965514
mc/mc_infill_1_2,mc_infill_1_2_gid-287_20260714_174956,0.5,0.5,1.356329,-0.01934,612.518763316,0.908026172197,True,mc/mc_infill_1_2,False,,,,1.54145903686
mc/mc_beta0.5_s,mc_beta0.5_s_gid-959_20260710_102309,0.5,0.5,1.356721,0.002732,217.603447757,2.00560967214,True,mc/mc_beta0.5_s,False,,,,3.51407942878
mc/mc_infill_3_4,mc_infill_3_4_gid-239_20260714_162930,0.5,0.5,1.357619,-0.00144,261.958034832,1.83707685479,True,mc/mc_infill_3_4,False,,,,3.15984679475
mc/mc_beta0.5_s,mc_beta0.5_s_gid-509_20260710_100237,0.5,0.5,1.359465,0.020174,110.752647868,2.53364626973,True,mc/mc_beta0.5_s,False,,,,4.95635247781
mc/mc_low_rmu_s_beta0_5,mc_low_rmu_s_beta0_5_gid-242_20260711_043319,0.5,0.5,1.360318,0.013812,138.953430131,2.37084767996,True,mc/mc_low_rmu_s_beta0_5,False,,,,4.43952816813
mc/mc_infill_2_3,mc_infill_2_3_gid-335_20260715_041532,0.5,0.5,1.360743,-0.009083,373.53898126,1.48226252619,True,mc/mc_infill_2_3,True,0.079201,373.721489,1.482504,2.48568042601
mc/mc_beta0.5_s,mc_beta0.5_s_gid-770_20260710_101343,0.5,0.5,1.361879,0.024798,95.3318540711,2.6324873836,True,mc/mc_beta0.5_s,False,,,,5.33702549588
mc/mc_beta0.5_s,mc_beta0.5_s_gid-47_20260710_095304,0.5,0.5,1.365424,0.013385,141.346113484,2.35744043269,True,mc/mc_beta0.5_s,False,,,,4.41592208477
mc/mc_beta0.5_s,mc_beta0.5_s_gid-944_20260710_102306,0.5,0.5,1.367936,0.030221,81.2542844354,2.72971734167,True,mc/mc_beta0.5_s,False,,,,5.78922112415
mc/mc_beta0.5_s,mc_beta0.5_s_gid-887_20260710_101508,0.5,0.5,1.371652,0.000258,242.049119512,1.908470384,True,mc/mc_beta0.5_s,False,,,,3.34366954974
mc/mc_infill_2_3_a,mc_infill_2_3_a_gid-137_20260714_213242,0.5,0.5,1.37171,-0.017035,542.088644702,1.05763511888,True,mc/mc_infill_2_3_a,True,0.112515,543.372825,1.05379,1.79194493538
mc/mc_low_rmu_s_beta0_5,mc_low_rmu_s_beta0_5_gid-398_20260711_043319,0.5,0.5,1.372935,-0.014316,476.361393993,1.21062182351,True,mc/mc_low_rmu_s_beta0_5,False,,,,2.04906172751
mc/mc_beta0.5_s,mc_beta0.5_s_gid-116_20260710_094633,0.5,0.5,1.373919,0.017223,123.250898558,2.45731331172,True,mc/mc_beta0.5_s,False,,,,4.74736081591
mc/mc_beta0.5_s,mc_beta0.5_s_gid-917_20260710_101827,0.5,0.5,1.374784,0.020782,109.183162166,2.54177840524,True,mc/mc_beta0.5_s,False,,,,5.03807738797
mc/mc_low_rmu_s_beta0_5,mc_low_rmu_s_beta0_5_gid-302_20260711_043405,0.5,0.5,1.378332,-0.020248,624.030530866,0.865369066444,True,mc/mc_low_rmu_s_beta0_5,True,0.11864,630.051684,0.867149,1.48963532766
mc/mc_beta0.5_s,mc_beta0.5_s_gid-557_20260710_100748,0.5,0.5,1.38177,0.031447,79.1722771429,2.7433520959,True,mc/mc_beta0.5_s,False,,,,5.91591488982
mc/mc_beta0.5_s,mc_beta0.5_s_gid-1079_20260710_053703,0.5,0.5,1.382499,0.00638,186.348251231,2.13562991741,True,mc/mc_beta0.5_s,False,,,,3.87879544033
mc/mc_low_rmu_s_beta0_5,mc_low_rmu_s_beta0_5_gid-224_20260711_043313,0.5,0.5,1.383057,-0.002615,274.550994478,1.78979248544,True,mc/mc_low_rmu_s_beta0_5,False,,,,3.12122346843
mc/mc_infill_3_4,mc_infill_3_4_gid-95_20260714_164029,0.5,0.5,1.386751,0.00025,241.52113545,1.90871738045,True,mc/mc_infill_3_4,False,,,,3.37957020808
mc/mc_beta0.5_s,mc_beta0.5_s_gid-836_20260710_101612,0.5,0.5,1.387052,0.003837,207.040020915,2.04555870168,True,mc/mc_beta0.5_s,False,,,,3.67904411574
mc/mc_low_rmu_s_beta0_5,mc_low_rmu_s_beta0_5_gid-182_20260711_042828,0.5,0.5,1.389151,-0.0196,607.772099567,0.912231668199,True,mc/mc_low_rmu_s_beta0_5,False,,,,1.61403502653
mc/mc_infill_2_3,mc_infill_2_3_gid-557_20260715_041959,0.5,0.5,1.389609,-0.011942,421.961675856,1.34789001169,True,mc/mc_infill_2_3,True,0.111422,421.961676,1.34789,2.31083057274
mc/mc_beta0.5_s,mc_beta0.5_s_gid-329_20260710_102747,0.5,0.5,1.391581,0.001155,232.034430719,1.94446938875,True,mc/mc_beta0.5_s,False,,,,3.466792751
mc/mc_beta0.5_s,mc_beta0.5_s_gid-347_20260710_100911,0.5,0.5,1.39373,0.016265,128.264368564,2.42642821897,True,mc/mc_beta0.5_s,False,,,,4.71237938451
mc/mc_low_rmu_s_beta0_5,mc_low_rmu_s_beta0_5_gid-365_20260711_043423,0.5,0.5,1.395974,-0.0045,297.962314024,1.70936603914,True,mc/mc_low_rmu_s_beta0_5,False,,,,2.98894935162
mc/mc_infill_2_3,mc_infill_2_3_gid-545_20260715_041800,0.5,0.5,1.39762,-0.016893,530.818921311,1.08049186997,True,mc/mc_infill_2_3,True,0.153818,530.818921,1.080492,1.88918119899
mc/mc_beta0.5_s,mc_beta0.5_s_gid-830_20260710_101612,0.5,0.5,1.399087,0.00203,223.288635306,1.97792227612,True,mc/mc_beta0.5_s,False,,,,3.55777466771
mc/mc_low_rmu_s_beta0_5,mc_low_rmu_s_beta0_5_gid-116_20260711_042910,0.5,0.5,1.406656,0.002747,216.474520359,2.00440323644,True,mc/mc_low_rmu_s_beta0_5,False,,,,3.6354017378
mc/mc_infill_2_3_a,mc_infill_2_3_a_gid-107_20260714_213242,0.5,0.5,1.407392,-0.012212,423.355269333,1.34084693913,True,mc/mc_infill_2_3_a,True,0.12648,423.57406,1.34126,2.33516862597
mc/mc_infill_1_2,mc_infill_1_2_gid-311_20260714_175106,0.5,0.5,1.408027,-0.021425,646.835488143,0.820669512657,True,mc/mc_infill_1_2,False,,,,1.5158347089
mc/mc_beta0.5_s,mc_beta0.5_s_gid-1451_20260710_055046,0.5,0.5,1.408925,0.011131,155.109254807,2.28116882161,True,mc/mc_beta0.5_s,False,,,,4.32894047749
mc/mc_infill_3_4,mc_infill_3_4_gid-5_20260714_162457,0.5,0.5,1.411949,0.004183,203.880764167,2.05593342079,True,mc/mc_infill_3_4,False,,,,3.76661211094
mc/mc_low_rmu_s_beta0_5,mc_low_rmu_s_beta0_5_gid-419_20260711_043737,0.5,0.5,1.412433,-0.012747,433.046044574,1.31607076909,True,mc/mc_low_rmu_s_beta0_5,False,,,,2.30538808641
mc/mc_infill_1_2,mc_infill_1_2_gid-521_20260714_173804,0.5,0.5,1.41375,-0.023421,684.229971499,0.712314392804,True,mc/mc_infill_1_2,False,,,,1.34838933515
mc/mc_beta0.5_s,mc_beta0.5_s_gid-245_20260710_095718,0.5,0.5,1.413988,0.024482,98.8738389637,2.6035894565,True,mc/mc_beta0.5_s,False,,,,5.41818833682
mc/mc_low_rmu_s_beta0_5,mc_low_rmu_s_beta0_5_gid-305_20260711_043312,0.5,0.5,1.415491,0.008851,169.314052944,2.21067123376,True,mc/mc_low_rmu_s_beta0_5,False,,,,4.15796134424
mc/mc_infill_2_3_b,mc_infill_2_3_b_gid-77_20260715_002400,0.5,0.5,1.417703,-0.005823,314.209207561,1.65433703373,True,mc/mc_infill_2_3_b,True,0.216089,314.252621,1.654376,2.92860059196
mc/mc_beta0.5_s,mc_beta0.5_s_gid-239_20260710_095718,0.5,0.5,1.417929,0.011517,153.150570566,2.29009244667,True,mc/mc_beta0.5_s,False,,,,4.38038793075
mc/mc_beta0.5_s,mc_beta0.5_s_gid-95_20260710_095503,0.5,0.5,1.419125,0.018931,118.181062309,2.48234059133,True,mc/mc_beta0.5_s,False,,,,4.98202828791
mc/mc_beta0.5_s,mc_beta0.5_s_gid-1070_20260710_053701,0.5,0.5,1.421748,0.015285,133.877481923,2.39195612848,True,mc/mc_beta0.5_s,False,,,,4.69371844219
mc/mc_beta0.5_s,mc_beta0.5_s_gid-1268_20260710_054441,0.5,0.5,1.422462,0.005899,190.197351635,2.1138732737,True,mc/mc_beta0.5_s,False,,,,3.93209185544
mc/mc_infill_1_2,mc_infill_1_2_gid-653_20260714_175008,0.5,0.5,1.422972,-0.025676,764.120012036,0.580340882662,True,mc/mc_infill_1_2,False,,,,1.08422470171
mc/mc_low_rmu_s_beta0_5,mc_low_rmu_s_beta0_5_gid-308_20260711_043312,0.5,0.5,1.424067,-0.011741,411.029524503,1.37285781639,True,mc/mc_low_rmu_s_beta0_5,False,,,,2.42455023251
mc/mc_beta0.5_s,mc_beta0.5_s_gid-17_20260710_094629,0.5,0.5,1.42609,0.006659,184.584501211,2.1385449639,True,mc/mc_beta0.5_s,False,,,,4.00259607946
mc/mc_infill_2_3,mc_infill_2_3_gid-599_20260715_041753,0.5,0.5,1.428086,-0.017146,527.127743657,1.0853899187,True,mc/mc_infill_2_3,True,0.034034,527.127744,1.08539,1.95873545562
mc/mc_infill_3_4,mc_infill_3_4_gid-197_20260714_175438,0.5,0.5,1.430655,0.000694,235.494400808,1.92650477996,True,mc/mc_infill_3_4,False,,,,3.52313936393
mc/mc_low_rmu_s_beta0_5,mc_low_rmu_s_beta0_5_gid-38_20260711_042823,0.5,0.5,1.433083,-0.005805,312.305664491,1.65822559805,True,mc/mc_low_rmu_s_beta0_5,False,,,,2.97037088856
mc/mc_beta0.5_s,mc_beta0.5_s_gid-791_20260710_101348,0.5,0.5,1.433153,0.022393,106.446736299,2.55282409613,True,mc/mc_beta0.5_s,False,,,,5.28957946687
mc/mc_infill_2_3,mc_infill_2_3_gid-431_20260715_041756,0.5,0.5,1.434969,-0.006881,327.493867164,1.61011363341,True,mc/mc_infill_2_3,True,0.15017,327.493867,1.610114,2.88021341418
mc/mc_infill_1_2,mc_infill_1_2_gid-539_20260714_174609,0.5,0.5,1.435036,-0.02696,813.52501963,0.52361827413,True,mc/mc_infill_1_2,False,,,,1.02018459265
mc/mc_low_rmu_s_beta0_5,mc_low_rmu_s_beta0_5_gid-101_20260711_042827,0.5,0.5,1.436735,0.005193,195.700600363,2.08806526195,True,mc/mc_low_rmu_s_beta0_5,False,,,,3.90746091605
mc/mc_low_rmu_s_beta0_5,mc_low_rmu_s_beta0_5_gid-416_20260711_043736,0.5,0.5,1.442787,-0.016322,503.316801314,1.13987678929,True,mc/mc_low_rmu_s_beta0_5,False,,,,2.07217150654
mc/mc_beta0.5_s,mc_beta0.5_s_gid-911_20260710_101826,0.5,0.5,1.443437,0.018022,122.933330194,2.45175728915,True,mc/mc_beta0.5_s,False,,,,4.96036290608
mc/mc_infill_1_2,mc_infill_1_2_gid-635_20260714_175007,0.5,0.5,1.445423,-0.021252,625.106934334,0.859924505654,True,mc/mc_infill_1_2,False,,,,1.6246737702
mc/mc_beta0.5_s,mc_beta0.5_s_gid-1244_20260710_054053,0.5,0.5,1.445805,0.018402,121.524572953,2.45973853329,True,mc/mc_beta0.5_s,False,,,,4.99584535315
mc/mc_beta0.5_s,mc_beta0.5_s_gid-26_20260710_094636,0.5,0.5,1.446405,0.02311,104.822840696,2.56172564377,True,mc/mc_beta0.5_s,False,,,,5.37409044793
mc/mc_low_rmu_s_beta0_5,mc_low_rmu_s_beta0_5_gid-320_20260711_043314,0.5,0.5,1.446862,0.008446,172.59946432,2.19147530054,True,mc/mc_low_rmu_s_beta0_5,False,,,,4.19607010673
mc/mc_infill_2_3,mc_infill_2_3_gid-197_20260715_040902,0.5,0.5,1.448083,-0.011811,407.794690019,1.37956399218,True,mc/mc_infill_2_3,True,0.172678,407.79469,1.379564,2.4849165862
mc/mc_beta0.5_s,mc_beta0.5_s_gid-8_20260710_094715,0.5,0.5,1.449675,0.027514,92.3133517657,2.643634841,True,mc/mc_beta0.5_s,False,,,,5.7331314788
mc/mc_infill_2_3,mc_infill_2_3_gid-263_20260715_041533,0.5,0.5,1.451725,-0.01152,401.48413355,1.39512366345,True,mc/mc_infill_2_3,True,0.189941,401.484134,1.395124,2.52160255816
mc/mc_infill_1_2,mc_infill_1_2_gid-413_20260714_175037,0.5,0.5,1.452338,-0.024783,719.997660604,0.680318334605,True,mc/mc_infill_1_2,False,,,,1.30053066107
mc/mc_beta0.5_s,mc_beta0.5_s_gid-350_20260710_100239,0.5,0.5,1.454314,0.007374,179.925516221,2.15648021567,True,mc/mc_beta0.5_s,False,,,,4.12598171099
mc/mc_beta0.5_s,mc_beta0.5_s_gid-575_20260710_101037,0.5,0.5,1.457071,0.004142,204.10976595,2.04962364672,True,mc/mc_beta0.5_s,False,,,,3.86894048948
mc/mc_low_rmu_s_beta0_5,mc_low_rmu_s_beta0_5_gid-440_20260711_043737,0.5,0.5,1.459226,0.01245,149.414036905,2.30466330842,True,mc/mc_low_rmu_s_beta0_5,False,,,,4.54691356075
mc/mc_low_rmu_s_beta0_5,mc_low_rmu_s_beta0_5_gid-68_20260711_042827,0.5,0.5,1.462119,0.011676,153.683631855,2.28242160607,True,mc/mc_low_rmu_s_beta0_5,False,,,,4.49100389468
mc/mc_infill_3_4,mc_infill_3_4_gid-179_20260714_175005,0.5,0.5,1.463301,0.009304,167.540187006,2.2137056622,True,mc/mc_infill_3_4,False,,,,4.30247280063
mc/mc_infill_2_3,mc_infill_2_3_gid-35_20260715_040901,0.5,0.5,1.466196,-0.00882,353.455388172,1.52951772529,True,mc/mc_infill_2_3,True,0.173271,353.455388,1.529518,2.79102857723
mc/mc_infill_1_2,mc_infill_1_2_gid-437_20260714_175414,0.5,0.5,1.467101,-0.020079,588.925545854,0.943354042471,True,mc/mc_infill_1_2,False,,,,1.81082962572
mc/mc_low_rmu_s_beta0_5,mc_low_rmu_s_beta0_5_gid-83_20260711_042827,0.5,0.5,1.469962,0.009045,169.323133118,2.20437456797,True,mc/mc_low_rmu_s_beta0_5,False,,,,4.2964793098
mc/mc_beta0.5_s,mc_beta0.5_s_gid-338_20260710_100911,0.5,0.5,1.47041,0.009655,165.58831138,2.22232053557,True,mc/mc_beta0.5_s,False,,,,4.34665112916
mc/mc_infill_1_2,mc_infill_1_2_gid-689_20260714_175638,0.5,0.5,1.471398,-0.025967,734.069657944,0.621876291802,True,mc/mc_infill_1_2,False,,,,1.36336069096
mc/mc_infill_2_3_a,mc_infill_2_3_a_gid-155_20260714_213243,0.5,0.5,1.475126,-0.005925,310.126061026,1.66042713714,True,mc/mc_infill_2_3_a,True,0.144228,310.164451,1.660415,3.06852443987
mc/mc_beta0.5_s,mc_beta0.5_s_gid-176_20260710_094939,0.5,0.5,1.476327,0.001318,228.494521373,1.94813738234,True,mc/mc_beta0.5_s,False,,,,3.68356488831
mc/mc_infill_3_4,mc_infill_3_4_gid-47_20260714_165259,0.5,0.5,1.476701,-0.003858,283.53462405,1.74773659353,True,mc/mc_infill_3_4,False,,,,3.25165149556
mc/mc_beta0.5_s,mc_beta0.5_s_gid-977_20260710_102749,0.5,0.5,1.478224,0.012084,152.054879222,2.28892229746,True,mc/mc_beta0.5_s,False,,,,4.55908954288
mc/mc_infill_lt1_beta0_5,mc_infill_lt1_beta0_5_gid-167_20260714_174609,0.5,0.5,1.478568,-0.029298,823.112275954,0.465648958592,True,mc/mc_infill_lt1_beta0_5,False,,,,1.08587381924
mc/mc_wrongbasin_ws,mc_wrongbasin_ws_gid-37_20260713_015221,0.5,0.5,1.478568,-0.020522,595.2397295,0.930655747934,True,mc/mc_wrongbasin_ws,True,0.086656,597.791988,0.922546,1.80434656514
mc/mc_infill_1_2,mc_infill_1_2_gid-35_20260714_180421,0.5,0.5,1.482385,-0.028647,801.034726196,0.492187228341,True,mc/mc_infill_1_2,False,,,,1.12696456481
mc/mc_low_rmu_s_beta0_5,mc_low_rmu_s_beta0_5_gid-53_20260711_042824,0.5,0.5,1.484667,-0.01263,416.066301197,1.35289271137,True,mc/mc_low_rmu_s_beta0_5,False,,,,2.51514116785
mc/mc_beta0.5_s,mc_beta0.5_s_gid-230_20260710_104027,0.5,0.5,1.485253,0.007988,176.43982213,2.16893070381,True,mc/mc_beta0.5_s,False,,,,4.245572342
mc/mc_beta0.5_s,mc_beta0.5_s_gid-953_20260710_102307,0.5,0.5,1.487119,0.021662,111.76553223,2.51396226023,True,mc/mc_beta0.5_s,False,,,,5.34184679852
mc/mc_beta0.5_s,mc_beta0.5_s_gid-263_20260710_100204,0.5,0.5,1.488485,0.014402,140.838562124,2.34665560461,True,mc/mc_beta0.5_s,False,,,,4.76671803011
mc/mc_infill_2_3,mc_infill_2_3_gid-53_20260715_040901,0.5,0.5,1.489195,-0.013523,431.971923243,1.31061679891,True,mc/mc_infill_2_3,True,0.235251,431.971923,1.310617,2.44877325436
mc/mc_infill_1_2,mc_infill_1_2_gid-173_20260714_174735,0.5,0.5,1.490502,-0.018991,552.535895159,1.02226378703,True,mc/mc_infill_1_2,False,,,,1.97175534402
mc/mc_low_rmu_s_beta0_5,mc_low_rmu_s_beta0_5_gid-395_20260711_043419,0.5,0.5,1.49056,-0.00214,262.960332042,1.81755651528,True,mc/mc_low_rmu_s_beta0_5,False,,,,3.43351842784
mc/mc_beta0.5_s,mc_beta0.5_s_gid-629_20260710_101040,0.5,0.5,1.49111,0.024893,101.898671728,2.57576031169,True,mc/mc_beta0.5_s,False,,,,5.60674924583
mc/mc_beta0.5_s,mc_beta0.5_s_gid-401_20260710_100905,0.5,0.5,1.492523,0.002318,219.3204461,1.98258261345,True,mc/mc_beta0.5_s,False,,,,3.80320366184
mc/mc_low_rmu_s_beta0_5,mc_low_rmu_s_beta0_5_gid-179_20260711_042828,0.5,0.5,1.493918,0.00342,210.014388502,2.02046259341,True,mc/mc_low_rmu_s_beta0_5,False,,,,3.89583351337
mc/mc_beta0.5_s,mc_beta0.5_s_gid-1403_20260710_054819,0.5,0.5,1.49471,0.022183,110.460881956,2.52120899363,True,mc/mc_beta0.5_s,False,,,,5.3987410161
mc/mc_infill_2_3,mc_infill_2_3_gid-173_20260715_041101,0.5,0.5,1.497271,-0.008044,337.792441327,1.57193484144,True,mc/mc_infill_2_3,True,0.254192,337.848805,1.571774,2.94107527391
mc/mc_beta0.5_s,mc_beta0.5_s_gid-485_20260710_100206,0.5,0.5,1.497503,0.021251,113.730594579,2.50082057175,True,mc/mc_beta0.5_s,False,,,,5.33044945546
mc/mc_infill_1_2,mc_infill_1_2_gid-23_20260714_175715,0.5,0.5,1.497855,-0.027429,763.627157826,0.589293986757,True,mc/mc_infill_1_2,False,,,,1.23812832015
mc/mc_infill_3_4,mc_infill_3_4_gid-161_20260714_175536,0.5,0.5,1.500594,0.005682,192.602958022,2.09399207383,True,mc/mc_infill_3_4,False,,,,4.0944192994
mc/mc_beta0.5_s,mc_beta0.5_s_gid-1157_20260710_053809,0.5,0.5,1.500896,0.015524,136.258598921,2.3701672183,True,mc/mc_beta0.5_s,False,,,,4.88263446322
mc/mc_beta0.5_s,mc_beta0.5_s_gid-470_20260710_100843,0.5,0.5,1.503486,0.010512,161.604931647,2.23800186206,True,mc/mc_beta0.5_s,False,,,,4.4886168179
mc/mc_infill_2_3,mc_infill_2_3_gid-59_20260715_040903,0.5,0.5,1.505785,-0.00511,296.981179846,1.69923509665,True,mc/mc_infill_2_3,True,0.136577,296.98118,1.699235,3.21731040904
mc/mc_low_rmu_s_beta0_5,mc_low_rmu_s_beta0_5_gid-152_20260711_042826,0.5,0.5,1.506539,-0.005425,300.972111056,1.68619967369,True,mc/mc_low_rmu_s_beta0_5,False,,,,3.19217402132
mc/mc_beta0.5_s,mc_beta0.5_s_gid-569_20260710_100635,0.5,0.5,1.506556,0.019125,121.827810174,2.45143135278,True,mc/mc_beta0.5_s,False,,,,5.18042975177
mc/mc_low_rmu_s_beta0_5,mc_low_rmu_s_beta0_5_gid-410_20260711_043736,0.5,0.5,1.508804,-0.013752,432.31684433,1.30796180455,True,mc/mc_low_rmu_s_beta0_5,False,,,,2.48567503045
mc/mc_infill_1_2,mc_infill_1_2_gid-335_20260714_172633,0.5,0.5,1.508976,-0.023173,652.051339807,0.804064933692,True,mc/mc_infill_1_2,False,,,,1.6773597863
mc/mc_beta0.5_s,mc_beta0.5_s_gid-1226_20260710_054047,0.5,0.5,1.509191,0.004369,202.525605365,2.0500456277,True,mc/mc_beta0.5_s,False,,,,4.00769708903
mc/mc_beta0.5_s,mc_beta0.5_s_gid-701_20260710_101337,0.5,0.5,1.510745,0.01291,149.06729031,2.30066287154,True,mc/mc_beta0.5_s,False,,,,4.69570928951
mc/mc_infill_2_3,mc_infill_2_3_gid-563_20260715_041959,0.5,0.5,1.514297,-0.011688,393.538987363,1.40996555109,True,mc/mc_infill_2_3,True,0.07198,393.538987,1.409966,2.67622506417
mc/mc_low_rmu_s_beta0_5,mc_low_rmu_s_beta0_5_gid-185_20260711_042828,0.5,0.5,1.516777,0.010701,161.007249277,2.23941980955,True,mc/mc_low_rmu_s_beta0_5,False,,,,4.53285112845
mc/mc_infill_3_4,mc_infill_3_4_gid-137_20260714_171604,0.5,0.5,1.517419,0.003617,208.471576321,2.02399307182,True,mc/mc_infill_3_4,False,,,,3.96602315418
mc/mc_beta0.5_s,mc_beta0.5_s_gid-1028_20260710_053700,0.5,0.5,1.517814,0.00253,217.3820732,1.98729633531,True,mc/mc_beta0.5_s,False,,,,3.87928404356
mc/mc_beta0.5_s,mc_beta0.5_s_gid-638_20260710_101036,0.5,0.5,1.519654,0.023494,107.742280317,2.53550563932,True,mc/mc_beta0.5_s,False,,,,5.55312128522
mc/mc_infill_1_2,mc_infill_1_2_gid-665_20260714_175406,0.5,0.5,1.520328,-0.024474,682.640730709,0.731690859544,True,mc/mc_infill_1_2,False,,,,1.57493516473
mc/mc_low_rmu_s_beta0_5,mc_low_rmu_s_beta0_5_gid-188_20260711_042903,0.5,0.5,1.522178,0.006393,187.92968073,2.11211571374,True,mc/mc_low_rmu_s_beta0_5,False,,,,4.20048808399
mc/mc_beta0.5_s,mc_beta0.5_s_gid-71_20260710_094621,0.5,0.5,1.522212,0.014043,144.044135395,2.3257532178,True,mc/mc_beta0.5_s,False,,,,4.81038143687
mc/mc_infill_2_3,mc_infill_2_3_gid-299_20260715_041532,0.5,0.5,1.522878,-0.010973,380.104169363,1.4463755259,True,mc/mc_infill_2_3,True,0.062285,380.104169,1.446376,2.75884428538
mc/mc_low_rmu_s_beta0_5,mc_low_rmu_s_beta0_5_gid-86_20260711_042829,0.5,0.5,1.52745,0.00025,237.57400021,1.90662066652,True,mc/mc_low_rmu_s_beta0_5,False,,,,3.71756384199
mc/mc_infill_1_2,mc_infill_1_2_gid-83_20260714_175613,0.5,0.5,1.528285,-0.025879,727.133249148,0.63523506478,True,mc/mc_infill_1_2,False,,,,1.46186835485
mc/mc_beta0.5_s,mc_beta0.5_s_gid-644_20260710_100939,0.5,0.5,1.529161,0.003124,212.468394349,2.00596837136,True,mc/mc_beta0.5_s,False,,,,3.95334880281
mc/mc_beta0.5_s,mc_beta0.5_s_gid-137_20260710_094622,0.5,0.5,1.530566,0.021082,116.171923452,2.48247771017,True,mc/mc_beta0.5_s,False,,,,5.38458872803
mc/mc_infill_lt1_beta0_5,mc_infill_lt1_beta0_5_gid-185_20260714_174735,0.5,0.5,1.532358,-0.030179,845.946312148,0.449778092121,True,mc/mc_infill_lt1_beta0_5,False,,,,1.14290920457
mc/mc_low_rmu_s_beta0_5,mc_low_rmu_s_beta0_5_gid-431_20260711_043736,0.5,0.5,1.535448,-0.006724,315.520789402,1.63589660265,True,mc/mc_low_rmu_s_beta0_5,False,,,,3.15423363429
mc/mc_infill_2_3,mc_infill_2_3_gid-143_20260715_040902,0.5,0.5,1.535486,-0.012907,411.428805148,1.35946644733,True,mc/mc_infill_2_3,True,0.147609,411.452036,1.359537,2.62999445082
mc/mc_infill_1_2,mc_infill_1_2_gid-305_20260714_174956,0.5,0.5,1.536746,-0.022443,623.74335286,0.863311099541,True,mc/mc_infill_1_2,False,,,,1.80812657381
mc/mc_beta0.5_s,mc_beta0.5_s_gid-311_20260710_102747,0.5,0.5,1.537317,0.000571,234.437061708,1.91742682397,True,mc/mc_beta0.5_s,False,,,,3.76665326277
mc/mc_infill_3_4,mc_infill_3_4_gid-83_20260714_164029,0.5,0.5,1.540501,0.002834,214.84355705,1.99479900325,True,mc/mc_infill_3_4,False,,,,3.95614328319
mc/mc_infill_1_2,mc_infill_1_2_gid-365_20260714_172102,0.5,0.5,1.540865,-0.02171,599.82381943,0.907917367792,True,mc/mc_infill_1_2,False,,,,1.87229482264
mc/mc_beta0.5_s,mc_beta0.5_s_gid-188_20260710_095320,0.5,0.5,1.541556,0.015904,136.588388336,2.36384824271,True,mc/mc_beta0.5_s,False,,,,4.99870040214
mc/mc_beta0.5_s,mc_beta0.5_s_gid-539_20260710_100508,0.5,0.5,1.542662,0.017717,129.183282093,2.40506050325,True,mc/mc_beta0.5_s,False,,,,5.14394755422
mc/mc_infill_2_3_b,mc_infill_2_3_b_gid-215_20260715_002658,0.5,0.5,1.543752,-0.015209,453.108546103,1.25110741039,True,mc/mc_infill_2_3_b,False,,,,2.45242901513
mc/mc_beta0.5_s,mc_beta0.5_s_gid-482_20260710_100207,0.5,0.5,1.544046,0.020855,117.723908607,2.47170230273,True,mc/mc_beta0.5_s,False,,,,5.39411825419
mc/mc_low_rmu_s_beta0_5,mc_low_rmu_s_beta0_5_gid-374_20260711_043402,0.5,0.5,1.544098,-0.01703,490.655423457,1.15857735107,True,mc/mc_low_rmu_s_beta0_5,False,,,,2.30314758435
mc/mc_beta0.5_s,mc_beta0.5_s_gid-200_20260710_095304,0.5,0.5,1.547247,0.015481,138.706547355,2.35163576343,True,mc/mc_beta0.5_s,False,,,,4.97727145673
mc/mc_low_rmu_s_beta0_5,mc_low_rmu_s_beta0_5_gid-266_20260711_043312,0.5,0.5,1.551789,0.002344,218.879193714,1.97699568502,True,mc/mc_low_rmu_s_beta0_5,False,,,,3.94282495528
mc/mc_beta0.5_s,mc_beta0.5_s_gid-872_20260710_101407,0.5,0.5,1.553344,0.014327,144.177140176,2.32153360106,True,mc/mc_beta0.5_s,False,,,,4.89908316113
mc/mc_infill_1_2,mc_infill_1_2_gid-341_20260714_172633,0.5,0.5,1.553642,-0.022043,604.693435321,0.89889460811,True,mc/mc_infill_1_2,False,,,,1.89595344119
mc/mc_beta0.5_s,mc_beta0.5_s_gid-152_20260710_095338,0.5,0.5,1.555758,0.019674,122.540956345,2.44191699825,True,mc/mc_beta0.5_s,False,,,,5.32503144867
mc/mc_infill_2_3,mc_infill_2_3_gid-11_20260715_040901,0.5,0.5,1.556058,-0.0067,313.447308826,1.63999957538,True,mc/mc_infill_2_3,True,0.197755,313.447309,1.64,3.20850773576
mc/mc_beta0.5_s,mc_beta0.5_s_gid-983_20260710_102748,0.5,0.5,1.557252,0.010226,165.138948082,2.21438577446,True,mc/mc_beta0.5_s,False,,,,4.58340330747
mc/mc_low_rmu_s_beta0_5,mc_low_rmu_s_beta0_5_gid-203_20260711_043316,0.5,0.5,1.558724,-0.006115,305.743641684,1.6642024057,True,mc/mc_low_rmu_s_beta0_5,False,,,,3.26514519302
mc/mc_infill_1_2,mc_infill_1_2_gid-269_20260714_174956,0.5,0.5,1.559385,-0.027675,754.79429799,0.587076260898,True,mc/mc_infill_1_2,False,,,,1.45810853893
mc/mc_beta0.5_s,mc_beta0.5_s_gid-1448_20260710_055045,0.5,0.5,1.561314,0.00305,213.17311552,1.99904990835,True,mc/mc_beta0.5_s,False,,,,4.02109010917
mc/mc_infill_3_4,mc_infill_3_4_gid-71_20260714_165814,0.5,0.5,1.561448,0.00658,187.502028024,2.10925976942,True,mc/mc_infill_3_4,False,,,,4.303409515
mc/mc_low_rmu_s_beta0_5,mc_low_rmu_s_beta0_5_gid-437_20260711_043735,0.5,0.5,1.563331,0.014902,142.064507752,2.33168475271,True,mc/mc_low_rmu_s_beta0_5,False,,,,4.96537737301
mc/mc_beta0.5_s,mc_beta0.5_s_gid-1484_20260710_055209,0.5,0.5,1.567487,0.009374,170.346613523,2.1880167459,True,mc/mc_beta0.5_s,False,,,,4.53828713195
mc/mc_beta0.5_s,mc_beta0.5_s_gid-1136_20260710_053739,0.5,0.5,1.568465,0.021913,115.642927142,2.48158837388,True,mc/mc_beta0.5_s,False,,,,5.52668840078
mc/mc_infill_2_3,mc_infill_2_3_gid-221_20260715_041530,0.5,0.5,1.569379,-0.008392,334.967248466,1.57175420193,True,mc/mc_infill_2_3,True,0.19177,334.967248,1.571754,3.09740367664
mc/mc_low_rmu_s_beta0_5,mc_low_rmu_s_beta0_5_gid-230_20260711_043312,0.5,0.5,1.569914,0.007639,180.876213595,2.13831159977,True,mc/mc_low_rmu_s_beta0_5,False,,,,4.4062476701
mc/mc_infill_1_2,mc_infill_1_2_gid-323_20260714_175106,0.5,0.5,1.573746,-0.021965,594.626641808,0.910918186164,True,mc/mc_infill_1_2,False,,,,1.95892493607
mc/mc_beta0.5_s,mc_beta0.5_s_gid-734_20260710_101344,0.5,0.5,1.573974,0.013486,149.08475873,2.29336200255,True,mc/mc_beta0.5_s,False,,,,4.87653866704
mc/mc_low_rmu_s_beta0_5,mc_low_rmu_s_beta0_5_gid-44_20260711_042835,0.5,0.5,1.574513,-0.000517,243.912692885,1.87659913876,True,mc/mc_low_rmu_s_beta0_5,False,,,,3.7661830503
mc/mc_beta0.5_s,mc_beta0.5_s_gid-1250_20260710_054053,0.5,0.5,1.576354,0.020264,121.652524426,2.44488713307,True,mc/mc_beta0.5_s,False,,,,5.41328739942
mc/mc_infill_2_3_b,mc_infill_2_3_b_gid-47_20260715_002635,0.5,0.5,1.577159,-0.017943,500.819649571,1.13170472819,True,mc/mc_infill_2_3_b,True,0.131613,500.978901,1.130546,2.31047528737
mc/mc_infill_1_2,mc_infill_1_2_gid-557_20260714_164859,0.5,0.5,1.579439,-0.026726,714.855348927,0.654547003982,True,mc/mc_infill_1_2,False,,,,1.58695443374
mc/mc_beta0.5_s,mc_beta0.5_s_gid-1472_20260710_055121,0.5,0.5,1.581381,0.010118,166.648185309,2.20418114756,True,mc/mc_beta0.5_s,False,,,,4.6272209363
mc/mc_beta0.5_s,mc_beta0.5_s_gid-299_20260710_100207,0.5,0.5,1.582376,0.011063,161.579568676,2.22892027939,True,mc/mc_beta0.5_s,False,,,,4.70380546763
mc/mc_low_rmu_s_beta0_5,mc_low_rmu_s_beta0_5_gid-272_20260711_043312,0.5,0.5,1.582903,-0.003742,276.38323281,1.7587664769,True,mc/mc_low_rmu_s_beta0_5,False,,,,3.52590676486
mc/mc_infill_1_2,mc_infill_1_2_gid-389_20260714_174109,0.5,0.5,1.587967,-0.018179,502.906080282,1.12551774551,True,mc/mc_infill_1_2,False,,,,2.32399057229
mc/mc_infill_2_3,mc_infill_2_3_gid-179_20260715_041101,0.5,0.5,1.588942,-0.017779,494.108432737,1.14726398166,True,mc/mc_infill_2_3,True,0.146642,493.930509,1.146118,2.36206477214
mc/mc_infill_1_2,mc_infill_1_2_gid-227_20260714_174609,0.5,0.5,1.592638,-0.024036,643.675640874,0.81338450783,True,mc/mc_infill_1_2,False,,,,1.81949817566
mc/mc_low_rmu_s_beta0_5,mc_low_rmu_s_beta0_5_gid-200_20260711_042828,0.5,0.5,1.592889,-0.009475,347.770550282,1.53053378986,True,mc/mc_low_rmu_s_beta0_5,False,,,,3.06478891307
mc/mc_beta0.5_s,mc_beta0.5_s_gid-1058_20260710_053902,0.5,0.5,1.593097,0.020432,122.067993279,2.44061768637,True,mc/mc_beta0.5_s,False,,,,5.46031606538
mc/mc_infill_3_4,mc_infill_3_4_gid-59_20260714_172433,0.5,0.5,1.59645,-0.001855,256.264087266,1.82812800087,True,mc/mc_infill_3_4,False,,,,3.71034368557
mc/mc_low_rmu_s_beta0_5,mc_low_rmu_s_beta0_5_gid-422_20260711_043739,0.5,0.5,1.597949,0.008304,177.660859351,2.14976651325,True,mc/mc_low_rmu_s_beta0_5,False,,,,4.52030856281
mc/mc_infill_2_3,mc_infill_2_3_gid-461_20260715_041752,0.5,0.5,1.599776,-0.009604,348.842597434,1.52647898664,True,mc/mc_infill_2_3,True,0.272891,348.842597,1.526479,3.0713539574
mc/mc_beta0.5_s,mc_beta0.5_s_gid-1031_20260710_053700,0.5,0.5,1.600651,0.0049,199.804997101,2.05033084483,True,mc/mc_beta0.5_s,False,,,,4.2575977877
mc/mc_infill_3_4,mc_infill_3_4_gid-89_20260714_164029,0.5,0.5,1.600737,0.005477,195.806434732,2.06765139906,True,mc/mc_infill_3_4,False,,,,4.30340946512
mc/mc_infill_1_2,mc_infill_1_2_gid-293_20260714_174636,0.5,0.5,1.601409,-0.019229,523.098979661,1.07937232391,True,mc/mc_infill_1_2,False,,,,2.26816942751
mc/mc_low_rmu_s_beta0_5,mc_low_rmu_s_beta0_5_gid-353_20260711_043317,0.5,0.5,1.602226,0.006099,191.654486773,2.08571576125,True,mc/mc_low_rmu_s_beta0_5,False,,,,4.35586013864
mc/mc_beta0.5_s,mc_beta0.5_s_gid-125_20260710_095311,0.5,0.5,1.602598,0.010745,164.096654293,2.21411310849,True,mc/mc_beta0.5_s,False,,,,4.72223043936
mc/mc_infill_2_3,mc_infill_2_3_gid-575_20260715_041959,0.5,0.5,1.608307,-0.016688,467.435960354,1.20726893302,True,mc/mc_infill_2_3,True,0.055139,467.43596,1.207269,2.50965718449
mc/mc_low_rmu_s_beta0_5,mc_low_rmu_s_beta0_5_gid-122_20260711_042829,0.5,0.5,1.609013,0.001925,222.32844405,1.95576355746,True,mc/mc_low_rmu_s_beta0_5,False,,,,4.04068775479
mc/mc_infill_1_2,mc_infill_1_2_gid-221_20260714_174609,0.5,0.5,1.609751,-0.02817,739.086147871,0.600579027231,True,mc/mc_infill_1_2,False,,,,1.52547654523
mc/mc_infill_lt1_beta0_5,mc_infill_lt1_beta0_5_gid-386_20260714_174956,0.5,0.5,1.6123,-0.03164,809.358034818,0.472428100418,True,mc/mc_infill_lt1_beta0_5,True,0.338928,807.674677,0.459359,1.193253179
mc/mc_low_rmu_s_beta0_5,mc_low_rmu_s_beta0_5_gid-404_20260711_043736,0.5,0.5,1.614142,-0.018313,499.489002897,1.13161059867,True,mc/mc_low_rmu_s_beta0_5,False,,,,2.38262479457
mc/mc_infill_2_3,mc_infill_2_3_gid-185_20260715_040902,0.5,0.5,1.619412,-0.010053,352.986310383,1.51160331895,True,mc/mc_infill_2_3,True,0.158407,352.98631,1.511603,3.08337740108
mc/mc_infill_1_2,mc_infill_1_2_gid-563_20260714_164937,0.5,0.5,1.620285,-0.022969,606.597510405,0.89306908046,True,mc/mc_infill_1_2,False,,,,1.99599382071
mc/mc_beta0.5_s,mc_beta0.5_s_gid-992_20260710_102801,0.5,0.5,1.623633,0.003429,210.771568494,2.00102225966,True,mc/mc_beta0.5_s,False,,,,4.19277701021
mc/mc_beta0.5_s,mc_beta0.5_s_gid-74_20260710_095411,0.5,0.5,1.624551,0.003272,211.947013394,1.99600470559,True,mc/mc_beta0.5_s,False,,,,4.18242825248
mc/mc_infill_2_3,mc_infill_2_3_gid-23_20260715_040903,0.5,0.5,1.625678,-0.009498,344.41819349,1.53610686704,True,mc/mc_infill_2_3,True,0.109396,344.418193,1.536107,3.14677751923
mc/mc_low_rmu_s_beta0_5,mc_low_rmu_s_beta0_5_gid-380_20260711_043408,0.5,0.5,1.625864,-0.020902,553.384717804,1.00649618784,True,mc/mc_low_rmu_s_beta0_5,False,,,,2.19058810031
mc/mc_beta0.5_s,mc_beta0.5_s_gid-488_20260710_100205,0.5,0.5,1.629572,0.019346,128.051625485,2.40191124642,True,mc/mc_beta0.5_s,False,,,,5.44925774645
mc/mc_infill_1_2,mc_infill_1_2_gid-677_20260714_175638,0.5,0.5,1.630785,-0.019532,521.074638427,1.07954356856,True,mc/mc_infill_1_2,False,,,,2.32392747926
mc/mc_infill_3_4,mc_infill_3_4_gid-203_20260714_174956,0.5,0.5,1.632353,0.007052,186.349168542,2.10567513064,True,mc/mc_infill_3_4,False,,,,4.49701897327
mc/mc_low_rmu_s_beta0_5,mc_low_rmu_s_beta0_5_gid-158_20260711_042829,0.5,0.5,1.632515,0.006865,187.517581922,2.10038344036,True,mc/mc_low_rmu_s_beta0_5,False,,,,4.48271405381
mc/mc_beta0.5_s,mc_beta0.5_s_gid-281_20260710_102652,0.5,0.5,1.637097,0.007837,181.726432517,2.12614220292,True,mc/mc_beta0.5_s,False,,,,4.56880499378
mc/mc_infill_1_2,mc_infill_1_2_gid-11_20260714_175338,0.5,0.5,1.637483,-0.025344,643.364918873,0.797702096336,True,mc/mc_infill_1_2,False,,,,1.82586242537
mc/mc_infill_2_3_b,mc_infill_2_3_b_gid-17_20260715_002406,0.5,0.5,1.638488,-0.01056,357.999660936,1.49460380903,True,mc/mc_infill_2_3_b,True,0.105487,358.058033,1.494444,3.08912201317
mc/mc_beta0.5_s,mc_beta0.5_s_gid-140_20260710_095207,0.5,0.5,1.639098,0.00422,205.257230552,2.02214146466,True,mc/mc_beta0.5_s,False,,,,4.28958637063
mc/mc_low_rmu_s_beta0_5,mc_low_rmu_s_beta0_5_gid-77_20260711_042827,0.5,0.5,1.639409,0.010399,167.452907579,2.19330693746,True,mc/mc_low_rmu_s_beta0_5,False,,,,4.77372674515
mc/mc_beta0.5_s,mc_beta0.5_s_gid-1073_20260710_053908,0.5,0.5,1.643585,0.009767,171.001547115,2.17569004422,True,mc/mc_beta0.5_s,False,,,,4.73337481962
mc/mc_low_rmu_s_beta0_5,mc_low_rmu_s_beta0_5_gid-137_20260711_042826,0.5,0.5,1.643765,0.003223,212.523808271,1.99113508,True,mc/mc_low_rmu_s_beta0_5,False,,,,4.22158735349
mc/mc_infill_2_3,mc_infill_2_3_gid-233_20260715_041559,0.5,0.5,1.64406,-0.012612,388.289897426,1.4083804167,True,mc/mc_infill_2_3,True,0.189306,388.289897,1.40838,2.9368129866
mc/mc_beta0.5_s,mc_beta0.5_s_gid-1286_20260710_055342,0.5,0.5,1.646571,0.003955,207.253072982,2.01274131277,True,mc/mc_beta0.5_s,False,,,,4.28538592174
mc/mc_low_rmu_s_beta0_5,mc_low_rmu_s_beta0_5_gid-338_20260711_043333,0.5,0.5,1.647071,-0.012013,378.517677794,1.43509851277,True,mc/mc_low_rmu_s_beta0_5,False,,,,2.99392042893
mc/mc_beta0.5_s,mc_beta0.5_s_gid-764_20260710_101342,0.5,0.5,1.648833,0.012652,156.618790019,2.24591082576,True,mc/mc_beta0.5_s,False,,,,4.96889015444
mc/mc_infill_3_4,mc_infill_3_4_gid-185_20260714_174609,0.5,0.5,1.650545,0.004902,200.746745567,2.03990731006,True,mc/mc_infill_3_4,False,,,,4.3684396059
mc/mc_beta0.5_s,mc_beta0.5_s_gid-554_20260710_100748,0.5,0.5,1.651381,0.008652,177.479787521,2.1440410623,True,mc/mc_beta0.5_s,False,,,,4.663185576
mc/mc_infill_1_2,mc_infill_1_2_gid-425_20260714_175205,0.5,0.5,1.651647,-0.02043,534.857761833,1.049300614,True,mc/mc_infill_1_2,False,,,,2.30268301852
mc/mc_infill_lt1_beta0_5,mc_infill_lt1_beta0_5_gid-173_20260714_175339,0.5,0.5,1.654987,-0.03472,929.25612931,0.332729665722,True,mc/mc_infill_lt1_beta0_5,False,,,,1.24994561854
mc/mc_infill_2_3,mc_infill_2_3_gid-389_20260715_041536,0.5,0.5,1.655166,-0.015926,442.635597009,1.26406723172,True,mc/mc_infill_2_3,True,0.238003,442.635597,1.264067,2.69537527884
mc/mc_beta0.5_s,mc_beta0.5_s_gid-449_20260710_100235,0.5,0.5,1.657862,0.012428,158.115715462,2.23726900182,True,mc/mc_beta0.5_s,False,,,,4.97039554179
mc/mc_low_rmu_s_beta0_5,mc_low_rmu_s_beta0_5_gid-173_20260711_042828,0.5,0.5,1.658195,-0.020182,527.691789854,1.06347216382,True,mc/mc_low_rmu_s_beta0_5,False,,,,2.34485997992
mc/mc_infill_1_2,mc_infill_1_2_gid-545_20260714_175509,0.5,0.5,1.65914,-0.02287,587.337621393,0.928641398508,True,mc/mc_infill_1_2,False,,,,2.1220773177
mc/mc_low_rmu_s_beta0_5,mc_low_rmu_s_beta0_5_gid-47_20260711_042830,0.5,0.5,1.660981,-0.024568,624.086629252,0.846754726621,True,mc/mc_low_rmu_s_beta0_5,True,0.113966,635.232,0.839103,1.98402303421
mc/mc_beta0.5_s,mc_beta0.5_s_gid-476_20260710_100025,0.5,0.5,1.662054,0.004037,206.922192961,2.0121215385,True,mc/mc_beta0.5_s,False,,,,4.32611163446
mc/mc_infill_lt1_ws,mc_infill_lt1_ws_gid-482_20260715_224111,0.5,0.5,1.663313,-0.031688,780.578367067,0.490427535799,True,mc/mc_infill_lt1_ws,True,0.303371,800.116055,0.485751,1.41235091668
mc/mc_infill_2_3,mc_infill_2_3_gid-293_20260715_041551,0.5,0.5,1.665921,-0.016414,449.457787766,1.24602085173,True,mc/mc_infill_2_3,True,0.214883,449.457788,1.246021,2.68119341788
mc/mc_infill_1_2,mc_infill_1_2_gid-569_20260714_174636,0.5,0.5,1.669012,-0.028512,726.435662964,0.63833659495,True,mc/mc_infill_1_2,False,,,,1.71354316869
mc/mc_low_rmu_s_beta0_5,mc_low_rmu_s_beta0_5_gid-32_20260711_042823,0.5,0.5,1.671181,-0.003382,269.068223946,1.77230303463,True,mc/mc_low_rmu_s_beta0_5,False,,,,3.76324185829
mc/mc_infill_2_3,mc_infill_2_3_gid-71_20260715_041025,0.5,0.5,1.671978,-0.01467,417.350743156,1.32700376605,True,mc/mc_infill_2_3,True,0.163043,417.350743,1.327004,2.84020680088
mc/mc_infill_1_2,mc_infill_1_2_gid-587_20260714_175539,0.5,0.5,1.672632,-0.029726,742.161043847,0.589950237781,True,mc/mc_infill_1_2,False,,,,1.51780564168
mc/mc_beta0.5_s,mc_beta0.5_s_gid-1175_20260710_053709,0.5,0.5,1.673796,0.005661,196.260617046,2.05636326387,True,mc/mc_beta0.5_s,False,,,,4.47870484775
mc/mc_beta0.5_s,mc_beta0.5_s_gid-794_20260710_101347,0.5,0.5,1.676991,0.01351,154.062587636,2.25560391154,True,mc/mc_beta0.5_s,False,,,,5.09393908657
mc/mc_low_rmu_s_beta0_5,mc_low_rmu_s_beta0_5_gid-341_20260711_043336,0.5,0.5,1.677699,0.006686,189.935343514,2.08381598405,True,mc/mc_low_rmu_s_beta0_5,False,,,,4.56687926776
mc/mc_infill_2_3,mc_infill_2_3_gid-77_20260715_040906,0.5,0.5,1.680828,-0.006165,298.037150231,1.67268748023,True,mc/mc_infill_2_3,True,0.180867,298.03715,1.672687,3.56361625656
mc/mc_beta0.5_s,mc_beta0.5_s_gid-209_20260710_095707,0.5,0.5,1.682218,0.005081,200.230497586,2.03802427292,True,mc/mc_beta0.5_s,False,,,,4.45191262621
mc/mc_infill_3_4,mc_infill_3_4_gid-191_20260714_175137,0.5,0.5,1.682374,-0.000734,244.219934135,1.86102817821,True,mc/mc_infill_3_4,False,,,,3.99750900994
mc/mc_low_rmu_s_beta0_5,mc_low_rmu_s_beta0_5_gid-275_20260711_043312,0.5,0.5,1.686078,-0.005185,287.015940024,1.70855800138,True,mc/mc_low_rmu_s_beta0_5,False,,,,3.65596996037
mc/mc_infill_1_2,mc_infill_1_2_gid-131_20260714_175406,0.5,0.5,1.686708,-0.023845,605.131899414,0.890492092223,True,mc/mc_infill_1_2,False,,,,2.12063241515
mc/mc_beta0.5_s,mc_beta0.5_s_gid-1049_20260710_053738,0.5,0.5,1.687593,0.004581,203.66288477,2.02259596554,True,mc/mc_beta0.5_s,False,,,,4.42473991233
mc/mc_beta0.5_s,mc_beta0.5_s_gid-368_20260710_100337,0.5,0.5,1.688381,0.002255,220.139449691,1.95407535583,True,mc/mc_beta0.5_s,False,,,,4.24514124295
mc/mc_low_rmu_s_beta0_5,mc_low_rmu_s_beta0_5_gid-323_20260711_043314,0.5,0.5,1.689969,-0.00104,246.782857931,1.85038306041,True,mc/mc_low_rmu_s_beta0_5,False,,,,3.99067633972
mc/mc_beta0.5_s,mc_beta0.5_s_gid-1166_20260710_053809,0.5,0.5,1.692507,0.008281,181.060598164,2.12225345887,True,mc/mc_beta0.5_s,False,,,,4.72231891428
mc/mc_infill_2_3,mc_infill_2_3_gid-287_20260715_041622,0.5,0.5,1.692659,-0.01246,378.866991074,1.42787606868,True,mc/mc_infill_2_3,True,0.169103,378.866991,1.427876,3.07163840876
mc/mc_beta0.5_s,mc_beta0.5_s_gid-785_20260710_101344,0.5,0.5,1.694312,0.009802,172.866384143,2.16046660184,True,mc/mc_beta0.5_s,False,,,,4.84371405346
mc/mc_infill_1_2,mc_infill_1_2_gid-125_20260714_175042,0.5,0.5,1.694427,-0.025453,636.361642361,0.822078634019,True,mc/mc_infill_1_2,False,,,,2.00629050737
mc/mc_low_rmu_s_beta0_5,mc_low_rmu_s_beta0_5_gid-206_20260711_043316,0.5,0.5,1.696234,0.014076,152.562291189,2.26104322891,True,mc/mc_low_rmu_s_beta0_5,False,,,,5.17723874913
mc/mc_beta0.5_s,mc_beta0.5_s_gid-1085_20260710_053943,0.5,0.5,1.697768,0.001946,222.524740249,1.94320013066,True,mc/mc_beta0.5_s,False,,,,4.24185723612
mc/mc_beta0.5_s,mc_beta0.5_s_gid-1265_20260710_054442,0.5,0.5,1.698443,0.012353,160.425918636,2.22078574013,True,mc/mc_beta0.5_s,False,,,,5.04909934462
mc/mc_infill_2_3,mc_infill_2_3_gid-365_20260715_041534,0.5,0.5,1.700905,-0.012353,376.161612593,1.4343189485,True,mc/mc_infill_2_3,True,0.25629,376.187502,1.434266,3.10112292653
mc/mc_low_rmu_s_beta0_5,mc_low_rmu_s_beta0_5_gid-425_20260711_043742,0.5,0.5,1.703163,-0.011018,356.770848487,1.489159579,True,mc/mc_low_rmu_s_beta0_5,False,,,,3.21466381076
mc/mc_infill_1_2,mc_infill_1_2_gid-113_20260714_174807,0.5,0.5,1.704022,-0.021081,533.466102004,1.04116837494,True,mc/mc_infill_1_2,False,,,,2.38477404609
mc/mc_infill_lt1_beta0_5,mc_infill_lt1_beta0_5_gid-203_20260714_173704,0.5,0.5,1.704709,-0.035962,932.144396886,0.263456778218,True,mc/mc_infill_lt1_beta0_5,False,,,,1.1691521554
mc/mc_low_rmu_s_beta0_5,mc_low_rmu_s_beta0_5_gid-17_20260711_042821,0.5,0.5,1.710561,-3e-05,238.03822443,1.88060577593,True,mc/mc_low_rmu_s_beta0_5,False,,,,4.1162406211
mc/mc_infill_3_4,mc_infill_3_4_gid-251_20260714_175436,0.5,0.5,1.710961,0.006773,190.404483605,2.07743050056,True,mc/mc_infill_3_4,False,,,,4.64515061446
mc/mc_infill_1_2,mc_infill_1_2_gid-203_20260714_175036,0.5,0.5,1.7123,-0.018094,469.978083143,1.18935310799,True,mc/mc_infill_1_2,False,,,,2.66697189543
mc/mc_beta0.5_s,mc_beta0.5_s_gid-77_20260710_095411,0.5,0.5,1.712553,0.017357,140.261264467,2.32438023398,True,mc/mc_beta0.5_s,False,,,,5.46251492084
mc/mc_infill_2_3_a,mc_infill_2_3_a_gid-161_20260714_213243,0.5,0.5,1.712722,-0.009161,331.277897354,1.56363069964,True,mc/mc_infill_2_3_a,True,0.117668,331.288078,1.56365,3.39373169452
mc/mc_beta0.5_s,mc_beta0.5_s_gid-1007_20260710_053739,0.5,0.5,1.718088,0.00081,231.297793906,1.90565520549,True,mc/mc_beta0.5_s,False,,,,4.19851565145
mc/mc_low_rmu_s_beta0_5,mc_low_rmu_s_beta0_5_gid-299_20260711_043405,0.5,0.5,1.719446,-0.008717,325.183830148,1.58100380121,True,mc/mc_low_rmu_s_beta0_5,False,,,,3.44716645192
mc/mc_low_rmu_s_beta0_5,mc_low_rmu_s_beta0_5_gid-164_20260711_042829,0.5,0.5,1.721077,0.004965,201.859417603,2.02589089407,True,mc/mc_low_rmu_s_beta0_5,False,,,,4.52724087263
mc/mc_infill_1_2,mc_infill_1_2_gid-101_20260714_175306,0.5,0.5,1.721375,-0.029663,716.218533724,0.638467971885,True,mc/mc_infill_1_2,False,,,,1.76254243372
mc/mc_infill_1_2,mc_infill_1_2_gid-473_20260714_174741,0.5,0.5,1.723076,-0.024116,595.566562633,0.906217729307,True,mc/mc_infill_1_2,False,,,,2.18671171651
mc/mc_infill_lt1_beta0_5,mc_infill_lt1_beta0_5_gid-89_20260714_175539,0.5,0.5,1.723905,-0.033929,820.077391497,0.392341413381,False,mc/mc_infill_lt1_beta0_5,True,0.22287,861.396727,0.411533,1.41276899813
mc/mc_infill_3_4,mc_infill_3_4_gid-65_20260714_162252,0.5,0.5,1.724231,-0.004986,283.121024878,1.71630530153,True,mc/mc_infill_3_4,False,,,,3.75988074834
mc/mc_beta0.5_s,mc_beta0.5_s_gid-467_20260710_100906,0.5,0.5,1.724306,0.011615,165.13381212,2.19425807637,True,mc/mc_beta0.5_s,False,,,,5.04592732747
mc/mc_infill_2_3_a,mc_infill_2_3_a_gid-101_20260714_213450,0.5,0.5,1.728011,-0.008533,322.227846383,1.58931874515,True,mc/mc_infill_2_3_a,True,0.249251,322.220163,1.588895,3.48344032761
mc/mc_infill_1_2,mc_infill_1_2_gid-461_20260714_175506,0.5,0.5,1.730919,-0.020727,517.3132299,1.07497434423,True,mc/mc_infill_1_2,False,,,,2.50088985114
mc/mc_wrongbasin_ws,mc_wrongbasin_ws_gid-35_20260713_015221,0.5,0.5,1.731559,-0.022934,564.219847341,0.97097336857,True,mc/mc_wrongbasin_ws,True,0.156225,565.902184,0.967367,2.32161560677
mc/mc_infill_2_3_a,mc_infill_2_3_a_gid-131_20260714_213242,0.5,0.5,1.733764,-0.016809,442.095498496,1.25507075896,True,mc/mc_infill_2_3_a,True,0.086354,442.289704,1.254614,2.82438401306
mc/mc_low_rmu_s_beta0_5,mc_low_rmu_s_beta0_5_gid-131_20260711_042826,0.5,0.5,1.738578,0.011139,168.066271492,2.1780644128,True,mc/mc_low_rmu_s_beta0_5,False,,,,5.03897367055
mc/mc_beta0.5_s,mc_beta0.5_s_gid-866_20260710_101409,0.5,0.5,1.739184,0.016039,146.837297423,2.28592975333,True,mc/mc_beta0.5_s,False,,,,5.41501419131
mc/mc_beta0.5_s,mc_beta0.5_s_gid-566_20260710_100635,0.5,0.5,1.740524,0.017618,140.950908338,2.3173856841,True,mc/mc_beta0.5_s,False,,,,5.53836227479
mc/mc_low_rmu_s_beta0_5,mc_low_rmu_s_beta0_5_gid-176_20260711_042828,0.5,0.5,1.741231,-0.016956,442.972853651,1.25161664703,True,mc/mc_low_rmu_s_beta0_5,False,,,,2.83061606997
mc/mc_infill_3_4,mc_infill_3_4_gid-209_20260714_175706,0.5,0.5,1.74307,0.001932,222.934865303,1.93535140541,True,mc/mc_infill_3_4,False,,,,4.340708809
mc/mc_beta0.5_s,mc_beta0.5_s_gid-410_20260710_100312,0.5,0.5,1.74392,0.006916,190.57993986,2.07234442872,True,mc/mc_beta0.5_s,False,,,,4.72640046327
mc/mc_infill_2_3_b,mc_infill_2_3_b_gid-197_20260715_002803,0.5,0.5,1.744814,-0.010699,347.811744276,1.50947593137,True,mc/mc_infill_2_3_b,True,0.279555,347.814094,1.509468,3.34577028017
mc/mc_beta0.5_s,mc_beta0.5_s_gid-1001_20260710_053700,0.5,0.5,1.746582,0.001688,224.737000631,1.92764408436,True,mc/mc_beta0.5_s,False,,,,4.32953815926
mc/mc_infill_1_2,mc_infill_1_2_gid-683_20260714_175638,0.5,0.5,1.747747,-0.02706,659.315679876,0.767743886518,True,mc/mc_infill_1_2,False,,,,1.98885260134
mc/mc_beta0.5_s,mc_beta0.5_s_gid-320_20260710_102752,0.5,0.5,1.748496,0.011299,167.753223714,2.17835249861,True,mc/mc_beta0.5_s,False,,,,5.07169824597
mc/mc_infill_1_2,mc_infill_1_2_gid-29_20260714_180420,0.5,0.5,1.749535,-0.019614,490.004631396,1.13660056855,True,mc/mc_infill_1_2,False,,,,2.63545885801
mc/mc_low_rmu_s_beta0_5,mc_low_rmu_s_beta0_5_gid-356_20260711_043417,0.5,0.5,1.750652,0.01262,161.758819071,2.20774553045,True,mc/mc_low_rmu_s_beta0_5,False,,,,5.17705797548
mc/mc_low_rmu_s_beta0_5,mc_low_rmu_s_beta0_5_gid-263_20260711_043331,0.5,0.5,1.75541,-0.001696,251.448554589,1.82383618967,True,mc/mc_low_rmu_s_beta0_5,False,,,,4.0871040493
mc/mc_infill_3_4,mc_infill_3_4_gid-167_20260714_175123,0.5,0.5,1.755843,0.002509,218.929503784,1.9497781521,True,mc/mc_infill_3_4,False,,,,4.41313104614
mc/mc_beta0.5_s,mc_beta0.5_s_gid-683_20260710_100935,0.5,0.5,1.756431,0.00834,183.055522438,2.10486357627,True,mc/mc_beta0.5_s,False,,,,4.86191421155
mc/mc_infill_1_2,mc_infill_1_2_gid-407_20260714_175037,0.5,0.5,1.75658,-0.019934,493.687249098,1.12379802312,True,mc/mc_infill_1_2,False,,,,2.63048553698
mc/mc_infill_2_3,mc_infill_2_3_gid-443_20260715_041754,0.5,0.5,1.75662,-0.007186,304.639555593,1.64040405841,True,mc/mc_infill_2_3,True,0.232105,304.639556,1.640404,3.66312072478
mc/mc_infill_lt1_beta0_5,mc_infill_lt1_beta0_5_gid-293_20260714_175036,0.5,0.5,1.759295,-0.032562,802.199518031,0.531596543761,True,mc/mc_infill_lt1_beta0_5,False,,,,1.58214582553
mc/mc_infill_2_3,mc_infill_2_3_gid-539_20260715_041750,0.5,0.5,1.763478,-0.017426,446.436289424,1.23985031272,True,mc/mc_infill_2_3,True,0.231895,446.436289,1.23985,2.84991157386
mc/mc_beta0.5_s,mc_beta0.5_s_gid-437_20260710_100307,0.5,0.5,1.763659,0.018789,138.185767404,2.32983267237,True,mc/mc_beta0.5_s,False,,,,5.67342727235
mc/mc_low_rmu_s_beta0_5,mc_low_rmu_s_beta0_5_gid-107_20260711_042829,0.5,0.5,1.76498,0.004399,206.428504415,2.00046989167,True,mc/mc_low_rmu_s_beta0_5,False,,,,4.57814916839
mc/mc_infill_2_3,mc_infill_2_3_gid-47_20260715_040901,0.5,0.5,1.77188,-0.007839,310.828750799,1.61828310843,True,mc/mc_infill_2_3,True,0.241869,310.828751,1.618283,3.64662514863
mc/mc_infill_1_2,mc_infill_1_2_gid-185_20260714_174609,0.5,0.5,1.77202,-0.029952,716.482284722,0.643381126182,True,mc/mc_infill_1_2,False,,,,1.79944837788
mc/mc_beta0.5_s,mc_beta0.5_s_gid-155_20260710_095445,0.5,0.5,1.772492,0.016115,148.430165705,2.27354656711,True,mc/mc_beta0.5_s,False,,,,5.48744563669
mc/mc_infill_lt1_beta0_5,mc_infill_lt1_beta0_5_gid-305_20260714_174609,0.5,0.5,1.772853,-0.031508,760.162590279,0.56417890794,True,mc/mc_infill_lt1_beta0_5,False,,,,1.71071153188
mc/mc_low_rmu_s_beta0_5,mc_low_rmu_s_beta0_5_gid-284_20260711_043314,0.5,0.5,1.773064,-0.003628,268.115141258,1.76112893682,True,mc/mc_low_rmu_s_beta0_5,False,,,,3.97698169726
mc/mc_beta0.5_s,mc_beta0.5_s_gid-1037_20260710_053842,0.5,0.5,1.77501,0.00998,175.314231432,2.1386406772,True,mc/mc_beta0.5_s,False,,,,5.02575895629
mc/mc_low_rmu_s_beta0_5,mc_low_rmu_s_beta0_5_gid-314_20260711_043312,0.5,0.5,1.77966,-0.015576,413.020474516,1.32340214298,True,mc/mc_low_rmu_s_beta0_5,False,,,,3.0381777479
mc/mc_beta0.5_s,mc_beta0.5_s_gid-461_20260710_100906,0.5,0.5,1.779827,0.000752,231.763616375,1.89518548866,True,mc/mc_beta0.5_s,False,,,,4.33019989044
mc/mc_infill_lt1_beta0_5,mc_infill_lt1_beta0_5_gid-5_20260714_171203,0.5,0.5,1.779885,-0.037316,963.181605776,0.242099144903,True,mc/mc_infill_lt1_beta0_5,False,,,,1.2662834963
mc/mc_infill_1_2,mc_infill_1_2_gid-623_20260714_175406,0.5,0.5,1.780005,-0.02928,694.903761732,0.686283823012,True,mc/mc_infill_1_2,False,,,,1.9437882351
mc/mc_low_rmu_s_beta0_5,mc_low_rmu_s_beta0_5_gid-344_20260711_043336,0.5,0.5,1.783353,0.011512,168.358386645,2.17109051677,True,mc/mc_low_rmu_s_beta0_5,False,,,,5.15946141241
mc/mc_infill_1_2,mc_infill_1_2_gid-401_20260714_174109,0.5,0.5,1.783525,-0.01881,466.656993251,1.18878765833,True,mc/mc_infill_1_2,False,,,,2.7877371213
mc/mc_beta0.5_s,mc_beta0.5_s_gid-1493_20260710_055215,0.5,0.5,1.78797,0.000388,234.483487061,1.88340481226,True,mc/mc_beta0.5_s,False,,,,4.32002737849
mc/mc_beta0.5_s,mc_beta0.5_s_gid-797_20260710_101347,0.5,0.5,1.789686,0.003679,211.512666736,1.97566345623,True,mc/mc_beta0.5_s,False,,,,4.57592117214
mc/mc_infill_2_3,mc_infill_2_3_gid-245_20260715_041534,0.5,0.5,1.789997,-0.017625,444.685397246,1.24106115992,True,mc/mc_infill_2_3,True,0.226581,444.685397,1.241061,2.90231816653
mc/mc_infill_lt1_beta0_5,mc_infill_lt1_beta0_5_gid-122_20260714_174609,0.5,0.5,1.790205,-0.02912,668.959622393,0.713220405547,True,mc/mc_infill_lt1_beta0_5,False,,,,1.98504938923
mc/mc_low_rmu_s_beta0_5,mc_low_rmu_s_beta0_5_gid-311_20260711_043316,0.5,0.5,1.790697,-0.008425,316.029357438,1.59908326082,True,mc/mc_low_rmu_s_beta0_5,False,,,,3.64425525287
mc/mc_beta0.5_s,mc_beta0.5_s_gid-1427_20260710_055414,0.5,0.5,1.790859,0.015843,150.504645865,2.26043076986,True,mc/mc_beta0.5_s,False,,,,5.50334380804
mc/mc_infill_2_3,mc_infill_2_3_gid-227_20260715_041530,0.5,0.5,1.791121,-0.012937,372.356558924,1.43208273661,True,mc/mc_infill_2_3,True,0.118078,372.356559,1.432083,3.27564696394
mc/mc_beta0.5_s,mc_beta0.5_s_gid-929_20260710_102307,0.5,0.5,1.795147,0.000197,235.908487247,1.87685733355,True,mc/mc_beta0.5_s,False,,,,4.32104803227
mc/mc_infill_1_2,mc_infill_1_2_gid-671_20260714_175406,0.5,0.5,1.797473,-0.023835,563.499787121,0.965953585195,True,mc/mc_infill_1_2,False,,,,2.4106878866
mc/mc_beta0.5_s,mc_beta0.5_s_gid-572_20260710_100635,0.5,0.5,1.798331,0.018595,140.956818807,2.31059458356,True,mc/mc_beta0.5_s,False,,,,5.72663116941
mc/mc_wrongbasin_ws,mc_wrongbasin_ws_gid-60_20260713_015215,0.5,0.5,1.798692,-0.022119,525.990357967,1.04795496057,True,mc/mc_wrongbasin_ws,True,0.148446,526.412931,1.047956,2.55867338322
mc/mc_infill_lt1_ws,mc_infill_lt1_ws_gid-289_20260716_085715,0.5,0.5,1.798942,-0.033074,800.731082674,0.531360728027,True,mc/mc_infill_lt1_ws,True,0.26582,786.959272,0.498186,1.67360104506
mc/mc_infill_1_2,mc_infill_1_2_gid-71_20260714_175139,0.5,0.5,1.800967,-0.028587,666.098917958,0.739643285591,False,mc/mc_infill_1_2,False,,,,2.05959456083
mc/mc_low_rmu_s_beta0_5,mc_low_rmu_s_beta0_5_gid-269_20260711_043314,0.5,0.5,1.8011,-0.016586,425.240673416,1.28862159419,True,mc/mc_low_rmu_s_beta0_5,False,,,,3.01031238912
mc/mc_beta0.5_s,mc_beta0.5_s_gid-1433_20260710_055414,0.5,0.5,1.801965,0.005209,202.232788389,2.01336185102,True,mc/mc_beta0.5_s,False,,,,4.71875809113
mc/mc_beta0.5_s,mc_beta0.5_s_gid-893_20260710_101826,0.5,0.5,1.803052,0.003731,211.403478939,1.97426451142,True,mc/mc_beta0.5_s,False,,,,4.60845293306
mc/mc_infill_3_4,mc_infill_3_4_gid-143_20260714_171604,0.5,0.5,1.804068,0.001038,229.704717752,1.89981286392,True,mc/mc_infill_3_4,False,,,,4.40494262309
mc/mc_infill_2_3,mc_infill_2_3_gid-275_20260715_041554,0.5,0.5,1.805466,-0.006585,295.332563986,1.66346572351,True,mc/mc_infill_2_3,True,0.227945,295.332564,1.663466,3.82145149264
mc/mc_beta0.5_s,mc_beta0.5_s_gid-1355_20260710_055416,0.5,0.5,1.805523,0.012755,163.857681962,2.19046487897,True,mc/mc_beta0.5_s,False,,,,5.29874286193
mc/mc_infill_1_2,mc_infill_1_2_gid-659_20260714_175040,0.5,0.5,1.809382,-0.024983,584.229878358,0.920222820571,True,mc/mc_infill_1_2,False,,,,2.34386425674
mc/mc_infill_lt1_beta0_5,mc_infill_lt1_beta0_5_gid-137_20260714_174609,0.5,0.5,1.811244,-0.035126,797.30495991,0.426318844192,False,mc/mc_infill_lt1_beta0_5,True,0.064481,857.764456,0.401844,1.56236619811
mc/mc_infill_2_3,mc_infill_2_3_gid-251_20260715_041532,0.5,0.5,1.811968,-0.014468,391.044670794,1.37729530712,True,mc/mc_infill_2_3,True,0.11645,391.044671,1.377295,3.20083360444
mc/mc_low_rmu_s_beta0_5,mc_low_rmu_s_beta0_5_gid-104_20260711_042826,0.5,0.5,1.812962,-0.00294,260.914456987,1.78089851542,True,mc/mc_low_rmu_s_beta0_5,False,,,,4.11930978108
mc/mc_low_rmu_s_beta0_5,mc_low_rmu_s_beta0_5_gid-149_20260711_042826,0.5,0.5,1.818241,0.001618,225.657805284,1.91384133174,True,mc/mc_low_rmu_s_beta0_5,False,,,,4.47986827383
mc/mc_beta0.5_s,mc_beta0.5_s_gid-1469_20260710_055121,0.5,0.5,1.818329,0.013749,160.29974377,2.20668743198,True,mc/mc_beta0.5_s,False,,,,5.39962469701
mc/mc_low_rmu_s_beta0_5,mc_low_rmu_s_beta0_5_gid-296_20260711_043405,0.5,0.5,1.823403,-0.002385,256.012766734,1.79715254461,True,mc/mc_low_rmu_s_beta0_5,False,,,,4.1850456644
mc/mc_beta0.5_s,mc_beta0.5_s_gid-1481_20260710_055209,0.5,0.5,1.825299,0.013629,161.146631724,2.20154853297,True,mc/mc_beta0.5_s,False,,,,5.40448829662
mc/mc_infill_2_3,mc_infill_2_3_gid-509_20260715_041751,0.5,0.5,1.827339,-0.008256,311.473088347,1.6079810526,True,mc/mc_infill_2_3,True,0.153645,311.471061,1.607941,3.74249580435
mc/mc_low_rmu_s_beta0_5,mc_low_rmu_s_beta0_5_gid-29_20260711_042820,0.5,0.5,1.829775,0.009813,178.371071574,2.1170943207,True,mc/mc_low_rmu_s_beta0_5,False,,,,5.12552262815
mc/mc_beta0.5_s,mc_beta0.5_s_gid-44_20260710_095308,0.5,0.5,1.832633,0.018623,142.91617984,2.29588243302,True,mc/mc_beta0.5_s,False,,,,5.79550947034
mc/mc_infill_1_2,mc_infill_1_2_gid-527_20260714_173804,0.5,0.5,1.834152,-0.021502,503.015745358,1.09620624036,True,mc/mc_infill_1_2,False,,,,2.69996705587
mc/mc_infill_3_4,mc_infill_3_4_gid-35_20260714_175507,0.5,0.5,1.836658,-0.004053,269.925343792,1.74526922655,True,mc/mc_infill_3_4,False,,,,4.08652415022
mc/mc_beta0.5_s,mc_beta0.5_s_gid-659_20260710_100924,0.5,0.5,1.836948,0.009122,182.019929706,2.09908255357,True,mc/mc_beta0.5_s,False,,,,5.0880174727
mc/mc_low_rmu_s_beta0_5,mc_low_rmu_s_beta0_5_gid-20_20260711_042820,0.5,0.5,1.837295,-0.019924,474.173495617,1.16209418352,True,mc/mc_low_rmu_s_beta0_5,False,,,,2.83385901062
mc/mc_infill_2_3,mc_infill_2_3_gid-401_20260715_041534,0.5,0.5,1.839541,-0.010998,341.670728173,1.51343707893,True,mc/mc_infill_2_3,True,0.16944,341.670728,1.513437,3.5533205067
mc/mc_beta0.5_s,mc_beta0.5_s_gid-1094_20260710_053658,0.5,0.5,1.842794,0.017965,145.754938964,2.27936091986,True,mc/mc_beta0.5_s,False,,,,5.76566480375
mc/mc_infill_1_2,mc_infill_1_2_gid-197_20260714_175036,0.5,0.5,1.843123,-0.028801,661.62568517,0.753538256182,True,mc/mc_infill_1_2,False,,,,2.12488896428
mc/mc_infill_lt1_beta0_5,mc_infill_lt1_beta0_5_gid-383_20260714_174956,0.5,0.5,1.843428,-0.037844,930.939829709,0.293801423818,True,mc/mc_infill_lt1_beta0_5,False,,,,1.40280530644
mc/mc_infill_2_3,mc_infill_2_3_gid-203_20260715_041044,0.5,0.5,1.844459,-0.015066,394.664215763,1.36259471488,True,mc/mc_infill_2_3,True,0.143991,394.684321,1.362597,3.23295672211
mc/mc_low_rmu_s_beta0_5,mc_low_rmu_s_beta0_5_gid-74_20260711_042827,0.5,0.5,1.845508,0.009405,180.959145611,2.10288561545,True,mc/mc_low_rmu_s_beta0_5,False,,,,5.12682940633
mc/mc_infill_lt1_beta0_5,mc_infill_lt1_beta0_5_gid-248_20260714_174805,0.5,0.5,1.84655,-0.030437,697.091886978,0.672960242957,True,mc/mc_infill_lt1_beta0_5,False,,,,2.04453154352
mc/mc_infill_1_2,mc_infill_1_2_gid-491_20260714_173103,0.5,0.5,1.851656,-0.029138,657.119440752,0.750789602496,True,mc/mc_infill_1_2,False,,,,2.14961909034
mc/mc_infill_2_3,mc_infill_2_3_gid-113_20260715_040902,0.5,0.5,1.851959,-0.006412,291.098333291,1.67043704681,True,mc/mc_infill_2_3,True,0.29278,291.100083,1.670404,3.93973374831
mc/mc_low_rmu_s_beta0_5,mc_low_rmu_s_beta0_5_gid-449_20260711_043737,0.5,0.5,1.852682,0.003572,213.198671786,1.95976500072,True,mc/mc_low_rmu_s_beta0_5,False,,,,4.70156610949
mc/mc_infill_lt1_beta0_5,mc_infill_lt1_beta0_5_gid-266_20260714_175210,0.5,0.5,1.854045,-0.031979,730.245583407,0.631217559565,True,mc/mc_infill_lt1_beta0_5,False,,,,1.89339343603
mc/mc_beta0.5_s,mc_beta0.5_s_gid-1151_20260710_053839,0.5,0.5,1.854089,0.005448,202.066386799,2.00685534834,True,mc/mc_beta0.5_s,False,,,,4.84620109701
mc/mc_low_rmu_s_beta0_5,mc_low_rmu_s_beta0_5_gid-194_20260711_042828,0.5,0.5,1.85493,-0.017796,434.2452688,1.25762251254,True,mc/mc_low_rmu_s_beta0_5,False,,,,3.04566017735
mc/mc_infill_3_4,mc_infill_3_4_gid-11_20260714_162347,0.5,0.5,1.85523,0.008139,187.597516423,2.07096547488,True,mc/mc_infill_3_4,False,,,,5.05134999463
mc/mc_infill_1_2,mc_infill_1_2_gid-149_20260714_174213,0.5,0.5,1.858265,-0.029442,663.166384962,0.73947472141,True,mc/mc_infill_1_2,False,,,,2.11759220012
mc/mc_beta0.5_s,mc_beta0.5_s_gid-173_20260710_095409,0.5,0.5,1.859155,0.008538,185.723042814,2.079008666,True,mc/mc_beta0.5_s,False,,,,5.08939865752
mc/mc_infill_1_2,mc_infill_1_2_gid-281_20260714_174956,0.5,0.5,1.861347,-0.026213,592.5569524,0.894094807077,True,mc/mc_infill_1_2,False,,,,2.37790811839
mc/mc_low_rmu_s_beta0_5,mc_low_rmu_s_beta0_5_gid-347_20260711_043342,0.5,0.5,1.861883,-0.007949,305.83768025,1.6205975639,True,mc/mc_low_rmu_s_beta0_5,False,,,,3.84432504109
mc/mc_beta0.5_s,mc_beta0.5_s_gid-254_20260710_095638,0.5,0.5,1.863966,0.008447,186.343507361,2.07551356069,True,mc/mc_beta0.5_s,False,,,,5.09237686223
mc/mc_infill_2_3,mc_infill_2_3_gid-593_20260715_041753,0.5,0.5,1.866631,-0.00707,296.706551335,1.64955814477,True,mc/mc_infill_2_3,True,0.253418,296.706551,1.649558,3.92224357111
mc/mc_low_rmu_s_beta0_5,mc_low_rmu_s_beta0_5_gid-251_20260711_043313,0.5,0.5,1.87018,-0.015025,390.12663037,1.37097280709,True,mc/mc_low_rmu_s_beta0_5,False,,,,3.30044195952
mc/mc_infill_1_2,mc_infill_1_2_gid-239_20260714_174956,0.5,0.5,1.870841,-0.027264,608.951023008,0.853398150225,True,mc/mc_infill_1_2,False,,,,2.34288410355
mc/mc_infill_lt1_beta0_5,mc_infill_lt1_beta0_5_gid-296_20260714_175450,0.5,0.5,1.875509,-0.03279,742.983445959,0.582877074153,False,mc/mc_infill_lt1_beta0_5,False,,,,1.90403499264
mc/mc_beta0.5_s,mc_beta0.5_s_gid-1109_20260710_053712,0.5,0.5,1.875942,0.019782,141.711827655,2.29727421622,True,mc/mc_beta0.5_s,False,,,,5.96589476523
mc/mc_infill_2_3,mc_infill_2_3_gid-521_20260715_041750,0.5,0.5,1.876651,-0.006516,290.803002395,1.66762242829,True,mc/mc_infill_2_3,True,0.14982,290.803002,1.667622,3.9869571573
mc/mc_low_rmu_s_beta0_5,mc_low_rmu_s_beta0_5_gid-80_20260711_042827,0.5,0.5,1.879414,-0.013915,373.739745108,1.41465582459,True,mc/mc_low_rmu_s_beta0_5,False,,,,3.41366027719
mc/mc_beta0.5_s,mc_beta0.5_s_gid-1190_20260710_053702,0.5,0.5,1.881561,0.016768,152.117167477,2.24091992987,True,mc/mc_beta0.5_s,False,,,,5.75103207409
mc/mc_infill_1_2,mc_infill_1_2_gid-533_20260714_173804,0.5,0.5,1.882196,-0.020876,480.464508729,1.14136997235,False,mc/mc_infill_1_2,False,,,,2.86859562594
mc/mc_low_rmu_s_beta0_5,mc_low_rmu_s_beta0_5_gid-383_20260711_043314,0.5,0.5,1.882847,-0.021227,486.206612548,1.12737030165,True,mc/mc_low_rmu_s_beta0_5,False,,,,2.84289796678
mc/mc_beta0.5_s,mc_beta0.5_s_gid-14_20260710_094631,0.5,0.5,1.884645,0.015738,155.994096751,2.22037999971,True,mc/mc_beta0.5_s,False,,,,5.67997515887
mc/mc_infill_3_4,mc_infill_3_4_gid-101_20260714_172002,0.5,0.5,1.88476,0.005308,203.552635103,1.99611606916,True,mc/mc_infill_3_4,False,,,,4.8992985647
mc/mc_infill_2_3,mc_infill_2_3_gid-503_20260715_041750,0.5,0.5,1.88732,-0.011251,339.81294595,1.51150535677,True,mc/mc_infill_2_3,True,0.238079,339.816001,1.511498,3.64772706164
mc/mc_low_rmu_s_beta0_5,mc_low_rmu_s_beta0_5_gid-143_20260711_042827,0.5,0.5,1.888711,-0.010336,329.265829267,1.54313977044,True,mc/mc_low_rmu_s_beta0_5,False,,,,3.72280515703
mc/mc_beta0.5_s,mc_beta0.5_s_gid-371_20260710_100337,0.5,0.5,1.889533,0.008177,188.540254552,2.06199845453,True,mc/mc_beta0.5_s,False,,,,5.12415768277
mc/mc_infill_1_2,mc_infill_1_2_gid-161_20260714_220148,0.5,0.5,1.890729,-0.024719,551.766141721,0.980572662544,True,mc/mc_infill_1_2,False,,,,2.59147260322
mc/mc_infill_3_4,mc_infill_3_4_gid-77_20260714_210649,0.5,0.5,1.89168,0.007921,189.884189013,2.05559795793,True,mc/mc_infill_3_4,False,,,,5.10935571999
mc/mc_infill_2_3,mc_infill_2_3_gid-467_20260715_041752,0.5,0.5,1.891736,-0.013786,370.405373144,1.42209250417,True,mc/mc_infill_2_3,True,0.194872,370.405373,1.422093,3.45421539883
mc/mc_beta0.5_s,mc_beta0.5_s_gid-374_20260710_100337,0.5,0.5,1.894562,0.006443,197.588224345,2.02075556229,True,mc/mc_beta0.5_s,False,,,,5.00457339963
mc/mc_low_rmu_s_beta0_5,mc_low_rmu_s_beta0_5_gid-191_20260711_042903,0.5,0.5,1.898953,-0.009914,323.73279249,1.55858431754,True,mc/mc_low_rmu_s_beta0_5,False,,,,3.77787092605
mc/mc_infill_2_3,mc_infill_2_3_gid-413_20260715_041700,0.5,0.5,1.900193,-0.012737,356.149424943,1.46146025778,True,mc/mc_infill_2_3,True,0.171011,356.149425,1.46146,3.55915211075
mc/mc_infill_1_2,mc_infill_1_2_gid-551_20260714_175509,0.5,0.5,1.900652,-0.029482,649.966450817,0.766249499141,False,mc/mc_infill_1_2,False,,,,2.24870818556
mc/mc_low_rmu_s_beta0_5,mc_low_rmu_s_beta0_5_gid-386_20260711_043404,0.5,0.5,1.900725,-0.023282,519.766652755,1.04892806542,True,mc/mc_low_rmu_s_beta0_5,True,0.258483,519.768871,1.048694,2.72180171943
mc/mc_infill_lt1_beta0_5,mc_infill_lt1_beta0_5_gid-56_20260714_175738,0.5,0.5,1.902552,-0.030068,660.345913842,0.736317073141,True,mc/mc_infill_lt1_beta0_5,False,,,,2.20524571282
mc/mc_low_rmu_s_beta0_5,mc_low_rmu_s_beta0_5_gid-215_20260711_043314,0.5,0.5,1.908637,-0.000422,239.847670396,1.84486434405,True,mc/mc_low_rmu_s_beta0_5,False,,,,4.51875291226
mc/mc_beta0.5_s,mc_beta0.5_s_gid-1211_20260710_054047,0.5,0.5,1.908676,0.005153,204.918640084,1.98682398542,True,mc/mc_beta0.5_s,False,,,,4.93699596932
mc/mc_infill_1_2,mc_infill_1_2_gid-257_20260714_174956,0.5,0.5,1.910524,-0.023476,520.244117535,1.04668652374,True,mc/mc_infill_1_2,False,,,,2.73095414576
mc/mc_beta0.5_s,mc_beta0.5_s_gid-275_20260710_095931,0.5,0.5,1.911521,0.006031,200.200532976,2.00688939928,True,mc/mc_beta0.5_s,False,,,,5.00846540512
mc/mc_infill_3_4,mc_infill_3_4_gid-269_20260714_174234,0.5,0.5,1.91321,-0.001272,245.890447359,1.8211492269,True,mc/mc_infill_3_4,False,,,,4.46452943279
mc/mc_infill_2_3_a,mc_infill_2_3_a_gid-125_20260714_213240,0.5,0.5,1.914081,-0.011421,339.052127022,1.50946456935,True,mc/mc_infill_2_3_a,True,0.272077,339.067714,1.50948,3.69755316974
mc/mc_low_rmu_s_beta0_5,mc_low_rmu_s_beta0_5_gid-209_20260711_043314,0.5,0.5,1.916271,-0.00721,295.161926718,1.6468597499,True,mc/mc_low_rmu_s_beta0_5,False,,,,4.02219444856
mc/mc_beta0.5_s,mc_beta0.5_s_gid-806_20260710_101347,0.5,0.5,1.916465,0.014272,163.081903277,2.18024346408,True,mc/mc_beta0.5_s,False,,,,5.63259352079
mc/mc_infill_1_2,mc_infill_1_2_gid-515_20260714_175506,0.5,0.5,1.917879,-0.022535,501.422097031,1.08804462975,False,mc/mc_infill_1_2,False,,,,2.82577025901
mc/mc_infill_2_3_b,mc_infill_2_3_b_gid-23_20260715_002401,0.5,0.5,1.921497,-0.013996,369.144924267,1.4209144516,True,mc/mc_infill_2_3_b,True,0.355173,369.150659,1.420898,3.50937759995
mc/mc_low_rmu_s_beta0_5,mc_low_rmu_s_beta0_5_gid-65_20260711_042827,0.5,0.5,1.921554,-0.001957,250.810169331,1.80142301908,True,mc/mc_low_rmu_s_beta0_5,False,,,,4.43079716153
mc/mc_infill_1_2,mc_infill_1_2_gid-17_20260714_175436,0.5,0.5,1.927883,-0.026094,564.988143845,0.94066625528,True,mc/mc_infill_1_2,False,,,,2.5644680614
mc/mc_beta0.5_s,mc_beta0.5_s_gid-908_20260710_101826,0.5,0.5,1.929687,0.006507,198.135548355,2.01338154667,True,mc/mc_beta0.5_s,False,,,,5.08097995091
mc/mc_infill_1_2,mc_infill_1_2_gid-107_20260714_175005,0.5,0.5,1.931785,-0.018434,429.135383547,1.25905469411,True,mc/mc_infill_1_2,False,,,,3.18078092586
mc/mc_low_rmu_s_beta0_5,mc_low_rmu_s_beta0_5_gid-377_20260711_043315,0.5,0.5,1.931841,-0.013277,358.917929833,1.44836281542,True,mc/mc_low_rmu_s_beta0_5,False,,,,3.59177166372
mc/mc_infill_lt1_ws,mc_infill_lt1_ws_gid-486_20260715_224111,0.5,0.5,1.933805,-0.038589,887.346336152,0.34889472181,False,mc/mc_infill_lt1_ws,True,0.419062,908.704922,0.31056,1.59579424697
mc/mc_beta0.5_s,mc_beta0.5_s_gid-269_20260710_100807,0.5,0.5,1.934514,0.002146,222.863447579,1.90804104174,True,mc/mc_beta0.5_s,False,,,,4.76569923879
mc/mc_infill_2_3,mc_infill_2_3_gid-341_20260715_041537,0.5,0.5,1.934861,-0.013674,363.391936626,1.43506834317,True,mc/mc_infill_2_3,True,0.249859,363.423664,1.434988,3.56728121398
mc/mc_low_rmu_s_beta0_5,mc_low_rmu_s_beta0_5_gid-134_20260711_042826,0.5,0.5,1.935942,0.002146,222.871477901,1.9077978653,True,mc/mc_low_rmu_s_beta0_5,False,,,,4.76866155122
mc/mc_infill_lt1_beta0_5,mc_infill_lt1_beta0_5_gid-80_20260714_174609,0.5,0.5,1.939061,-0.040228,960.580798335,0.226686061029,True,mc/mc_infill_lt1_beta0_5,False,,,,1.4379711456
mc/mc_infill_2_3,mc_infill_2_3_gid-269_20260715_041553,0.5,0.5,1.940697,-0.009325,314.155137147,1.58183661467,True,mc/mc_infill_2_3,True,0.206413,314.155137,1.581837,3.91595868971
mc/mc_low_rmu_s_beta0_5,mc_low_rmu_s_beta0_5_gid-287_20260711_043314,0.5,0.5,1.941842,-0.010752,328.967149749,1.53563791856,True,mc/mc_low_rmu_s_beta0_5,False,,,,3.81052131495
mc/mc_infill_3_4,mc_infill_3_4_gid-263_20260714_174234,0.5,0.5,1.944498,-0.002996,258.152062409,1.77077695091,True,mc/mc_infill_3_4,False,,,,4.40181257641
mc/mc_beta0.5_s,mc_beta0.5_s_gid-923_20260710_102316,0.5,0.5,1.944552,0.00182,224.923871479,1.89819608043,True,mc/mc_beta0.5_s,False,,,,4.76223484932
mc/mc_beta0.5_s,mc_beta0.5_s_gid-1439_20260710_054819,0.5,0.5,1.94661,0.001057,229.740610194,1.87859483635,True,mc/mc_beta0.5_s,False,,,,4.70958937143
mc/mc_infill_1_2,mc_infill_1_2_gid-617_20260714_175406,0.5,0.5,1.94755,-0.022658,494.765623243,1.09847080459,True,mc/mc_infill_1_2,False,,,,2.8903394959
mc/mc_low_rmu_s_beta0_5,mc_low_rmu_s_beta0_5_gid-407_20260711_043739,0.5,0.5,1.949856,-0.02157,475.687304616,1.14164756427,True,mc/mc_low_rmu_s_beta0_5,False,,,,2.98064582169
mc/mc_beta0.5_s,mc_beta0.5_s_gid-818_20260710_101353,0.5,0.5,1.951152,0.011922,173.905829148,2.12227947075,True,mc/mc_beta0.5_s,False,,,,5.52587832649
mc/mc_infill_1_2,mc_infill_1_2_gid-215_20260714_174609,0.5,0.5,1.951602,-0.024322,524.570131787,1.03113101233,True,mc/mc_infill_1_2,False,,,,2.76546187648
mc/mc_infill_2_3,mc_infill_2_3_gid-551_20260715_041800,0.5,0.5,1.957685,-0.016145,391.89767839,1.35228397179,True,mc/mc_infill_2_3,True,0.155014,391.897678,1.352284,3.42433627567
mc/mc_low_rmu_s_beta0_5,mc_low_rmu_s_beta0_5_gid-56_20260711_042824,0.5,0.5,1.958059,-0.008836,307.994765007,1.59867411428,True,mc/mc_low_rmu_s_beta0_5,False,,,,3.99151937235
mc/mc_infill_lt1_beta0_5,mc_infill_lt1_beta0_5_gid-29_20260714_162406,0.5,0.5,1.958708,-0.034479,739.890724236,0.598137323713,True,mc/mc_infill_lt1_beta0_5,False,,,,1.99878832563
mc/mc_infill_3_4,mc_infill_3_4_gid-155_20260714_174615,0.5,0.5,1.959522,0.000573,232.821679448,1.86443424961,True,mc/mc_infill_3_4,False,,,,4.70043443977
mc/mc_infill_1_2,mc_infill_1_2_gid-347_20260714_172103,0.5,0.5,1.960822,-0.028031,599.817067112,0.869963165044,True,mc/mc_infill_1_2,False,,,,2.47481979438
mc/mc_infill_lt1_beta0_5,mc_infill_lt1_beta0_5_gid-299_20260714_174109,0.5,0.5,1.964529,-0.031138,658.680873246,0.734016800899,True,mc/mc_infill_lt1_beta0_5,False,,,,2.25846863169
mc/mc_low_rmu_s_beta0_5,mc_low_rmu_s_beta0_5_gid-260_20260711_043315,0.5,0.5,1.965778,0.013008,170.167590616,2.13853285662,True,mc/mc_low_rmu_s_beta0_5,False,,,,5.63475072709
mc/mc_beta0.5_s,mc_beta0.5_s_gid-1391_20260710_054815,0.5,0.5,1.965873,0.005327,205.059067444,1.97794330905,True,mc/mc_beta0.5_s,False,,,,5.06668981981
mc/mc_beta0.5_s,mc_beta0.5_s_gid-1415_20260710_055113,0.5,0.5,1.966406,0.015394,161.316823064,2.18272320823,True,mc/mc_beta0.5_s,False,,,,5.81230622363
mc/mc_low_rmu_s_beta0_5,mc_low_rmu_s_beta0_5_gid-119_20260711_042910,0.5,0.5,1.968638,0.000482,233.366645487,1.86088848886,True,mc/mc_low_rmu_s_beta0_5,False,,,,4.71265705637
mc/mc_infill_2_3,mc_infill_2_3_gid-569_20260715_041959,0.5,0.5,1.969135,-0.008746,306.322057715,1.60225387998,True,mc/mc_infill_2_3,True,0.353096,306.322058,1.602254,4.02257938373
mc/mc_infill_1_2,mc_infill_1_2_gid-575_20260714_174636,0.5,0.5,1.969621,-0.019409,436.37629671,1.2346316549,True,mc/mc_infill_1_2,False,,,,3.19495102361
mc/mc_beta0.5_s,mc_beta0.5_s_gid-1352_20260710_055416,0.5,0.5,1.970117,0.005581,203.803997032,1.98275568528,True,mc/mc_beta0.5_s,False,,,,5.09408874035
mc/mc_infill_lt1_beta0_5,mc_infill_lt1_beta0_5_gid-371_20260714_174706,0.5,0.5,1.971446,-0.031217,653.285779821,0.742393536215,True,mc/mc_infill_lt1_beta0_5,False,,,,2.26890037222
mc/mc_infill_2_3,mc_infill_2_3_gid-395_20260715_041534,0.5,0.5,1.974585,-0.007882,297.849443656,1.62859747946,True,mc/mc_infill_2_3,True,0.325635,297.849444,1.628597,4.09964031244
mc/mc_low_rmu_s_beta0_5,mc_low_rmu_s_beta0_5_gid-248_20260711_043313,0.5,0.5,1.975081,-0.005543,277.376151362,1.69755461036,True,mc/mc_low_rmu_s_beta0_5,False,,,,4.27640132852
mc/mc_infill_1_2,mc_infill_1_2_gid-275_20260714_174956,0.5,0.5,1.97534,-0.023571,504.050302949,1.0736418553,True,mc/mc_infill_1_2,False,,,,2.88417624947
mc/mc_beta0.5_s,mc_beta0.5_s_gid-1229_20260710_054052,0.5,0.5,1.976841,0.000658,232.200706881,1.86422292687,True,mc/mc_beta0.5_s,False,,,,4.74279253656
mc/mc_low_rmu_s_beta0_5,mc_low_rmu_s_beta0_5_gid-245_20260711_043319,0.5,0.5,1.980808,-0.02191,473.598069831,1.14203587025,True,mc/mc_low_rmu_s_beta0_5,True,0.15822,473.952521,1.141854,3.02868422216
mc/mc_infill_2_3,mc_infill_2_3_gid-119_20260715_040904,0.5,0.5,1.981104,-0.008207,300.416141699,1.61909581813,True,mc/mc_infill_2_3,True,0.341384,300.419268,1.619089,4.08946782728
mc/mc_infill_lt1_beta0_5,mc_infill_lt1_beta0_5_gid-95_20260714_175538,0.5,0.5,1.983637,-0.034888,768.949148949,0.577522530625,True,mc/mc_infill_lt1_beta0_5,False,,,,2.00960784679
mc/mc_infill_1_2,mc_infill_1_2_gid-329_20260714_172633,0.5,0.5,1.985139,-0.0244,516.589619008,1.04308352437,False,mc/mc_infill_1_2,False,,,,2.84369314833
mc/mc_beta0.5_s,mc_beta0.5_s_gid-464_20260710_100906,0.5,0.5,1.985767,0.002668,220.00264646,1.91201982438,True,mc/mc_beta0.5_s,False,,,,4.91023907096
mc/mc_low_rmu_s_beta0_5,mc_low_rmu_s_beta0_5_gid-254_20260711_043312,0.5,0.5,1.987466,-0.010303,320.192646014,1.55519608851,True,mc/mc_low_rmu_s_beta0_5,False,,,,3.94568138753
mc/mc_beta0.5_s,mc_beta0.5_s_gid-1394_20260710_054815,0.5,0.5,1.989449,0.006262,200.701789198,1.99348713745,True,mc/mc_beta0.5_s,False,,,,5.18331780666
mc/mc_infill_3_4,mc_infill_3_4_gid-227_20260714_174735,0.5,0.5,1.991049,-0.003647,261.774142225,1.75021906517,True,mc/mc_infill_3_4,False,,,,4.45229015279
mc/mc_low_rmu_s_beta0_5,mc_low_rmu_s_beta0_5_gid-140_20260711_042827,0.5,0.5,1.993491,0.005788,203.162874712,1.98213021315,True,mc/mc_low_rmu_s_beta0_5,False,,,,5.15644705577
mc/mc_infill_lt1_beta0_5,mc_infill_lt1_beta0_5_gid-224_20260714_173704,0.5,0.5,1.994022,-0.035314,736.405162155,0.585994653339,True,mc/mc_infill_lt1_beta0_5,False,,,,2.02024254293
mc/mc_infill_1_2,mc_infill_1_2_gid-5_20260714_175511,0.5,0.5,1.998836,-0.023287,492.696999494,1.0934517447,True,mc/mc_infill_1_2,False,,,,2.96063421989
mc/mc_infill_2_3_b,mc_infill_2_3_b_gid-83_20260715_002404,0.5,0.5,1.999411,-0.015542,377.775140719,1.38409709612,True,mc/mc_infill_2_3_b,True,0.188741,377.78026,1.384115,3.57275860769
mc/mc_low_rmu_s_beta0_5,mc_low_rmu_s_beta0_5_gid-198_20260711_042828,0.5,0.998,1.000345,0.002646,262.82721525,1.86880026971,True,mc/mc_low_rmu_s_beta0_5,False,,,,2.62674975549
mc/mc_beta0.5_s,mc_beta0.5_s_gid-1215_20260710_054043,0.5,0.998,1.00086,0.036259,78.3586513018,2.76266476239,True,mc/mc_beta0.5_s,False,,,,5.56989138561
mc/mc_infill_2_3_a,mc_infill_2_3_a_gid-168_20260714_213242,0.5,0.998,1.002129,-0.016226,760.308485285,0.629777529792,True,mc/mc_infill_2_3_a,True,0.032908,753.669898,0.642109,1.01228262224
mc/mc_beta0.5_s,mc_beta0.5_s_gid-1491_20260710_055218,0.5,0.998,1.003932,0.028662,173.133040523,2.12492173568,True,mc/mc_beta0.5_s,False,,,,4.94270639923
mc/mc_beta0.5_s,mc_beta0.5_s_gid-600_20260710_101005,0.5,0.998,1.007101,0.029557,184.738820439,2.05655010777,True,mc/mc_beta0.5_s,False,,,,5.02698959474
mc/mc_beta0.5_s,mc_beta0.5_s_gid-987_20260710_102801,0.5,0.998,1.008908,0.035507,164.060723932,2.1441155129,True,mc/mc_beta0.5_s,False,,,,5.53708019539
mc/mc_low_rmu_s_beta0_5,mc_low_rmu_s_beta0_5_gid-414_20260711_043735,0.5,0.998,1.009108,-0.011571,649.22668935,0.846992829508,True,mc/mc_low_rmu_s_beta0_5,False,,,,1.58315049513
mc/mc_infill_3_4,mc_infill_3_4_gid-120_20260714_172903,0.5,0.998,1.014268,-0.002172,470.289105076,1.20830414787,True,mc/mc_infill_3_4,False,,,,2.3856279695
mc/mc_beta0.5_s,mc_beta0.5_s_gid-1290_20260710_055410,0.5,0.998,1.014985,0.033901,172.629828566,2.1049220506,True,mc/mc_beta0.5_s,False,,,,5.41232519489
mc/mc_infill_2_3,mc_infill_2_3_gid-216_20260715_041530,0.5,0.998,1.015159,-0.007632,565.440488658,1.00712746225,True,mc/mc_infill_2_3,True,0.188396,565.440489,1.007127,1.92733480601
mc/mc_beta0.5_s,mc_beta0.5_s_gid-30_20260710_094636,0.5,0.998,1.018952,0.01468,277.00735498,1.71098724141,True,mc/mc_beta0.5_s,False,,,,3.80360364551
mc/mc_low_rmu_s_beta0_5,mc_low_rmu_s_beta0_5_gid-447_20260711_043737,0.5,0.998,1.018999,-0.004837,513.702368634,1.11400054055,True,mc/mc_low_rmu_s_beta0_5,True,0.088789,513.967257,1.113544,2.17097940242
mc/mc_beta0.5_s,mc_beta0.5_s_gid-1407_20260710_054819,0.5,0.998,1.021584,0.02066,235.992194611,1.85026525743,True,mc/mc_beta0.5_s,False,,,,4.30796549816
mc/mc_infill_2_3,mc_infill_2_3_gid-408_20260715_041700,0.5,0.998,1.022636,-0.015438,729.349921127,0.678190794373,True,mc/mc_infill_2_3,True,0.08183,729.349921,0.678191,1.3150631428
mc/mc_beta0.5_s,mc_beta0.5_s_gid-1101_20260710_053658,0.5,0.998,1.023856,0.010065,316.259582937,1.58888845535,True,mc/mc_beta0.5_s,False,,,,3.43097671171
mc/mc_low_rmu_s_beta0_5,mc_low_rmu_s_beta0_5_gid-294_20260711_043405,0.5,0.998,1.023894,0.005542,364.126770111,1.4594583981,True,mc/mc_low_rmu_s_beta0_5,False,,,,3.04857423295
mc/mc_beta0.5_s,mc_beta0.5_s_gid-1371_20260710_054813,0.5,0.998,1.025485,0.014908,274.751190129,1.71492217262,True,mc/mc_beta0.5_s,False,,,,3.83729795405
mc/mc_beta0.5_s,mc_beta0.5_s_gid-936_20260710_102308,0.5,0.998,1.02732,0.013213,288.00786776,1.67185996921,True,mc/mc_beta0.5_s,False,,,,3.70191952863
mc/mc_low_rmu_s_beta0_5,mc_low_rmu_s_beta0_5_gid-435_20260711_043737,0.5,0.998,1.029672,0.004656,373.899341576,1.43291142667,True,mc/mc_low_rmu_s_beta0_5,False,,,,2.99190862922
mc/mc_beta0.5_s,mc_beta0.5_s_gid-588_20260710_101016,0.5,0.998,1.029684,0.030853,186.039498947,2.04722747434,True,mc/mc_beta0.5_s,False,,,,5.18345678577
mc/mc_beta0.5_s,mc_beta0.5_s_gid-624_20260710_100924,0.5,0.998,1.030175,0.001723,411.618278295,1.34161562849,True,mc/mc_beta0.5_s,False,,,,2.75243596768
mc/mc_infill_2_3,mc_infill_2_3_gid-150_20260715_041120,0.5,0.998,1.033711,-0.005747,527.102099696,1.08572231731,True,mc/mc_infill_2_3,True,0.06743,527.10624,1.085446,2.12992441963
mc/mc_beta0.5_s,mc_beta0.5_s_gid-42_20260710_094933,0.5,0.998,1.034046,0.018872,246.99525011,1.8074795889,True,mc/mc_beta0.5_s,False,,,,4.18528863971
mc/mc_infill_3_4,mc_infill_3_4_gid-126_20260714_172903,0.5,0.998,1.036666,-0.004516,505.475416446,1.13169247453,True,mc/mc_infill_3_4,False,,,,2.24257228925
mc/mc_beta0.5_s,mc_beta0.5_s_gid-495_20260710_100335,0.5,0.998,1.037617,0.034426,172.837217508,2.10408063582,True,mc/mc_beta0.5_s,False,,,,5.50263598563
mc/mc_low_rmu_s_beta0_5,mc_low_rmu_s_beta0_5_gid-36_20260711_042823,0.5,0.998,1.037997,0.007496,340.613456545,1.51666630337,True,mc/mc_low_rmu_s_beta0_5,False,,,,3.24232548623
mc/mc_beta0.5_s,mc_beta0.5_s_gid-951_20260710_102307,0.5,0.998,1.038254,0.004982,368.914760286,1.44322907399,True,mc/mc_beta0.5_s,False,,,,3.03892513606
mc/mc_infill_1_2,mc_infill_1_2_gid-630_20260714_175007,0.5,0.998,1.041805,-0.018898,798.879247077,0.546751224832,True,mc/mc_infill_1_2,False,,,,1.07013191294
mc/mc_beta0.5_s,mc_beta0.5_s_gid-1479_20260710_055209,0.5,0.998,1.041948,0.006111,355.40138699,1.47680680558,True,mc/mc_beta0.5_s,False,,,,3.13800145792
mc/mc_beta0.5_s,mc_beta0.5_s_gid-1329_20260710_054815,0.5,0.998,1.042077,0.00044,427.615482687,1.30244895998,True,mc/mc_beta0.5_s,False,,,,2.6740110034
mc/mc_infill_2_3,mc_infill_2_3_gid-474_20260715_041803,0.5,0.998,1.043386,-0.010229,607.2050152,0.916511696187,True,mc/mc_infill_2_3,True,0.168107,607.205015,0.916512,1.78623883658
mc/mc_infill_1_2,mc_infill_1_2_gid-498_20260714_175543,0.5,0.998,1.044824,-0.018544,806.071955675,0.56079244539,True,mc/mc_infill_1_2,False,,,,1.10522197378
mc/mc_beta0.5_s,mc_beta0.5_s_gid-354_20260710_100239,0.5,0.998,1.045592,0.028461,196.867496975,2.00035673407,True,mc/mc_beta0.5_s,False,,,,5.01456875667
mc/mc_low_rmu_s_beta0_5,mc_low_rmu_s_beta0_5_gid-42_20260711_042830,0.5,0.998,1.046008,-0.009218,586.398599297,0.959323461771,True,mc/mc_low_rmu_s_beta0_5,False,,,,1.87277262239
mc/mc_beta0.5_s,mc_beta0.5_s_gid-855_20260710_101350,0.5,0.998,1.04688,0.022891,223.943652516,1.89218464315,True,mc/mc_beta0.5_s,False,,,,4.54891909809
mc/mc_beta0.5_s,mc_beta0.5_s_gid-1005_20260710_053955,0.5,0.998,1.048382,0.00748,339.747854968,1.51654566951,True,mc/mc_beta0.5_s,False,,,,3.26608113064
mc/mc_low_rmu_s_beta0_5,mc_low_rmu_s_beta0_5_gid-237_20260711_043314,0.5,0.998,1.049058,-0.018582,804.066156162,0.560739426458,True,mc/mc_low_rmu_s_beta0_5,False,,,,1.08372092906
mc/mc_beta0.5_s,mc_beta0.5_s_gid-1488_20260710_055218,0.5,0.998,1.051325,0.013179,286.724481233,1.66914149979,True,mc/mc_beta0.5_s,False,,,,3.7542503142
mc/mc_beta0.5_s,mc_beta0.5_s_gid-228_20260710_104027,0.5,0.998,1.052778,0.013906,280.951910233,1.68731567064,True,mc/mc_beta0.5_s,False,,,,3.81672106272
mc/mc_infill_3_4,mc_infill_3_4_gid-150_20260714_171604,0.5,0.998,1.054892,0.008782,325.799901764,1.55324007826,True,mc/mc_infill_3_4,False,,,,3.39472797282
mc/mc_beta0.5_s,mc_beta0.5_s_gid-939_20260710_102307,0.5,0.998,1.05602,0.010859,306.091032004,1.60901677782,True,mc/mc_beta0.5_s,False,,,,3.57620779837
mc/mc_beta0.5_s,mc_beta0.5_s_gid-1149_20260710_053811,0.5,0.998,1.058185,0.0283,197.902911181,1.99424164684,True,mc/mc_beta0.5_s,False,,,,5.0273976233
mc/mc_infill_2_3,mc_infill_2_3_gid-456_20260715_041752,0.5,0.998,1.058591,-0.014237,690.527674684,0.762695446389,True,mc/mc_infill_2_3,True,0.072148,690.527675,0.762695,1.50936892677
mc/mc_beta0.5_s,mc_beta0.5_s_gid-1098_20260710_053944,0.5,0.998,1.061558,0.002405,397.870195466,1.36757291171,True,mc/mc_beta0.5_s,False,,,,2.88588749761
mc/mc_infill_1_2,mc_infill_1_2_gid-606_20260714_175436,0.5,0.998,1.0621,-0.019741,828.227612461,0.525237178401,True,mc/mc_infill_1_2,False,,,,1.11036169231
mc/mc_low_rmu_s_beta0_5,mc_low_rmu_s_beta0_5_gid-51_20260711_042824,0.5,0.998,1.064168,0.001325,411.769537072,1.33441528589,True,mc/mc_low_rmu_s_beta0_5,False,,,,2.8018359982
mc/mc_beta0.5_s,mc_beta0.5_s_gid-1134_20260710_053739,0.5,0.998,1.064256,0.026163,207.760985525,1.9532514216,True,mc/mc_beta0.5_s,False,,,,4.86073993842
mc/mc_beta0.5_s,mc_beta0.5_s_gid-612_20260710_101041,0.5,0.998,1.06753,0.007006,342.950167594,1.50424127708,True,mc/mc_beta0.5_s,False,,,,3.27103018623
mc/mc_infill_2_3,mc_infill_2_3_gid-6_20260715_040904,0.5,0.998,1.069498,-0.013067,658.244622462,0.815271104678,True,mc/mc_infill_2_3,True,0.066929,658.244622,0.815271,1.63026969062
mc/mc_beta0.5_s,mc_beta0.5_s_gid-777_20260710_101343,0.5,0.998,1.069618,0.031209,186.048723827,2.04195892415,True,mc/mc_beta0.5_s,False,,,,5.29563429246
mc/mc_beta0.5_s,mc_beta0.5_s_gid-219_20260710_095711,0.5,0.998,1.071479,0.030414,189.273258749,2.02798493929,True,mc/mc_beta0.5_s,False,,,,5.23260802858
mc/mc_low_rmu_s_beta0_5,mc_low_rmu_s_beta0_5_gid-147_20260711_042826,0.5,0.998,1.072059,-0.007411,546.907316403,1.03901978108,True,mc/mc_low_rmu_s_beta0_5,False,,,,2.0879441547
mc/mc_beta0.5_s,mc_beta0.5_s_gid-900_20260710_101827,0.5,0.998,1.072557,0.003531,382.18112729,1.40341681521,True,mc/mc_beta0.5_s,False,,,,3.00475373962
mc/mc_infill_3_4,mc_infill_3_4_gid-30_20260714_174956,0.5,0.998,1.074251,0.003103,387.216302219,1.39073394961,True,mc/mc_infill_3_4,False,,,,2.97475821781
mc/mc_low_rmu_s_beta0_5,mc_low_rmu_s_beta0_5_gid-234_20260711_043313,0.5,0.998,1.075117,0.010047,312.150481007,1.58807071531,True,mc/mc_low_rmu_s_beta0_5,False,,,,3.55168981708
mc/mc_beta0.5_s,mc_beta0.5_s_gid-1194_20260710_053740,0.5,0.998,1.077279,0.016998,258.449154341,1.75953729024,True,mc/mc_beta0.5_s,False,,,,4.12396443184
mc/mc_infill_1_2,mc_infill_1_2_gid-612_20260714_174735,0.5,0.998,1.077369,-0.018304,781.966244225,0.591369520904,True,mc/mc_infill_1_2,False,,,,1.22306497796
mc/mc_infill_2_3,mc_infill_2_3_gid-438_20260715_041756,0.5,0.998,1.078796,-0.005195,507.889917406,1.12165373955,True,mc/mc_infill_2_3,True,0.05139,507.889917,1.121654,2.29536714824
mc/mc_beta0.5_s,mc_beta0.5_s_gid-849_20260710_101612,0.5,0.998,1.079427,0.033581,177.360523113,2.07781688858,True,mc/mc_beta0.5_s,False,,,,5.51517333891
mc/mc_low_rmu_s_beta0_5,mc_low_rmu_s_beta0_5_gid-390_20260711_043404,0.5,0.998,1.081058,-0.016075,722.535051681,0.695408655834,True,mc/mc_low_rmu_s_beta0_5,False,,,,1.42239172139
mc/mc_beta0.5_s,mc_beta0.5_s_gid-81_20260710_095334,0.5,0.998,1.081349,0.01063,306.465854631,1.60318969404,True,mc/mc_beta0.5_s,False,,,,3.61619298143
mc/mc_beta0.5_s,mc_beta0.5_s_gid-474_20260710_100022,0.5,0.998,1.082823,0.007145,340.04104828,1.50929842111,True,mc/mc_beta0.5_s,False,,,,3.31991766065
mc/mc_infill_2_3_b,mc_infill_2_3_b_gid-6_20260715_002400,0.5,0.998,1.085657,-0.00745,544.229154382,1.04313689178,True,mc/mc_infill_2_3_b,True,0.145697,544.572744,1.04228,2.11874314312
mc/mc_beta0.5_s,mc_beta0.5_s_gid-384_20260710_100343,0.5,0.998,1.085795,0.027199,203.262441076,1.96770671925,True,mc/mc_beta0.5_s,False,,,,4.99287900428
mc/mc_infill_3_4,mc_infill_3_4_gid-258_20260714_174235,0.5,0.998,1.091228,-0.000643,434.52894566,1.27759934764,True,mc/mc_infill_3_4,False,,,,2.70494013673
mc/mc_infill_2_3,mc_infill_2_3_gid-30_20260715_040903,0.5,0.998,1.091435,-0.014219,681.351110706,0.775663779022,True,mc/mc_infill_2_3,True,0.099288,681.351111,0.775664,1.59334046591
mc/mc_beta0.5_s,mc_beta0.5_s_gid-1203_20260710_054058,0.5,0.998,1.091712,0.011723,296.465057394,1.6314046951,True,mc/mc_beta0.5_s,False,,,,3.72847031254
mc/mc_low_rmu_s_beta0_5,mc_low_rmu_s_beta0_5_gid-444_20260711_043737,0.5,0.998,1.091978,0.000647,416.514570233,1.31831894213,True,mc/mc_low_rmu_s_beta0_5,False,,,,2.8135492157
mc/mc_beta0.5_s,mc_beta0.5_s_gid-357_20260710_100239,0.5,0.998,1.093208,0.019987,240.136290042,1.82396401767,True,mc/mc_beta0.5_s,False,,,,4.40699838573
mc/mc_beta0.5_s,mc_beta0.5_s_gid-363_20260710_100238,0.5,0.998,1.094018,0.011856,295.235368105,1.63477373611,True,mc/mc_beta0.5_s,False,,,,3.74437457245
mc/mc_low_rmu_s_beta0_5,mc_low_rmu_s_beta0_5_gid-63_20260711_042827,0.5,0.998,1.095057,-0.019145,795.907413177,0.56598326755,True,mc/mc_low_rmu_s_beta0_5,False,,,,1.39638544326
mc/mc_beta0.5_s,mc_beta0.5_s_gid-336_20260710_172116,0.5,0.998,1.096425,0.018333,249.790748108,1.78773865357,True,mc/mc_beta0.5_s,False,,,,4.27701816391
mc/mc_infill_1_2,mc_infill_1_2_gid-210_20260714_175035,0.5,0.998,1.097005,-0.019871,806.672448375,0.536931284256,True,mc/mc_infill_1_2,False,,,,1.1544997807
mc/mc_beta0.5_s,mc_beta0.5_s_gid-1248_20260710_054053,0.5,0.998,1.100221,0.024917,214.043378573,1.92222719738,True,mc/mc_beta0.5_s,False,,,,4.8327778489
mc/mc_beta0.5_s,mc_beta0.5_s_gid-504_20260710_100238,0.5,0.998,1.103937,0.011487,297.725279291,1.62548032523,True,mc/mc_beta0.5_s,False,,,,3.73726621561
mc/mc_beta0.5_s,mc_beta0.5_s_gid-609_20260710_100944,0.5,0.998,1.104846,0.034395,175.204750218,2.08311830306,True,mc/mc_beta0.5_s,False,,,,5.63445513113
mc/mc_low_rmu_s_beta0_5,mc_low_rmu_s_beta0_5_gid-162_20260711_042843,0.5,0.998,1.105349,-0.011348,610.481462818,0.902007402388,True,mc/mc_low_rmu_s_beta0_5,False,,,,1.85462101785
mc/mc_infill_2_3,mc_infill_2_3_gid-450_20260715_041754,0.5,0.998,1.105623,-0.017232,745.130888048,0.658357517126,True,mc/mc_infill_2_3,True,0.028731,745.130888,0.658358,1.36625939511
mc/mc_beta0.5_s,mc_beta0.5_s_gid-213_20260710_113535,0.5,0.998,1.106014,0.025851,209.631008911,1.93867115759,True,mc/mc_beta0.5_s,False,,,,4.92282507203
mc/mc_beta0.5_s,mc_beta0.5_s_gid-114_20260710_094633,0.5,0.998,1.10955,0.013095,284.637162948,1.66539685479,True,mc/mc_beta0.5_s,False,,,,3.87891182668
mc/mc_beta0.5_s,mc_beta0.5_s_gid-1206_20260710_054051,0.5,0.998,1.110519,0.025014,213.611619482,1.9221539993,True,mc/mc_beta0.5_s,False,,,,4.86264644552
mc/mc_low_rmu_s_beta0_5,mc_low_rmu_s_beta0_5_gid-213_20260711_043314,0.5,0.998,1.112183,0.004125,370.11486667,1.42647157185,True,mc/mc_low_rmu_s_beta0_5,False,,,,3.14586050134
mc/mc_beta0.5_s,mc_beta0.5_s_gid-1398_20260710_054815,0.5,0.998,1.113162,0.036746,167.631136364,2.11556205227,True,mc/mc_beta0.5_s,False,,,,5.84824324659
mc/mc_infill_1_2,mc_infill_1_2_gid-90_20260714_175608,0.5,0.998,1.114187,-0.018326,764.678966089,0.619989630615,True,mc/mc_infill_1_2,False,,,,1.33944253547
mc/mc_beta0.5_s,mc_beta0.5_s_gid-1377_20260710_054813,0.5,0.998,1.116571,0.028175,199.376902263,1.97838913177,True,mc/mc_beta0.5_s,False,,,,5.13827323523
mc/mc_low_rmu_s_beta0_5,mc_low_rmu_s_beta0_5_gid-15_20260711_042826,0.5,0.998,1.116796,0.007183,336.44647686,1.5131473135,True,mc/mc_low_rmu_s_beta0_5,False,,,,3.40453113519
mc/mc_infill_2_3,mc_infill_2_3_gid-528_20260715_041750,0.5,0.998,1.117375,-0.005529,504.519398015,1.1230526351,True,mc/mc_infill_2_3,True,0.04148,504.519398,1.123053,2.36413868387
mc/mc_beta0.5_s,mc_beta0.5_s_gid-429_20260710_100240,0.5,0.998,1.118491,0.034916,173.792802101,2.08714503776,True,mc/mc_beta0.5_s,False,,,,5.70504754347
mc/mc_beta0.5_s,mc_beta0.5_s_gid-810_20260710_101353,0.5,0.998,1.121676,0.027993,200.210952611,1.97411371128,True,mc/mc_beta0.5_s,False,,,,5.13369547922
mc/mc_infill_2_3,mc_infill_2_3_gid-96_20260715_040901,0.5,0.998,1.122634,-0.009784,575.090664177,0.97059193106,True,mc/mc_infill_2_3,True,0.195428,575.374595,0.970563,2.01786030096
mc/mc_low_rmu_s_beta0_5,mc_low_rmu_s_beta0_5_gid-156_20260711_042829,0.5,0.998,1.12298,-0.01525,688.997600658,0.75330501626,True,mc/mc_low_rmu_s_beta0_5,False,,,,1.60339061013
mc/mc_beta0.5_s,mc_beta0.5_s_gid-54_20260710_095311,0.5,0.998,1.123424,0.029079,195.681901411,1.99251259602,True,mc/mc_beta0.5_s,False,,,,5.22761750888
mc/mc_beta0.5_s,mc_beta0.5_s_gid-585_20260710_100951,0.5,0.998,1.124014,0.020912,234.638229744,1.83941159178,True,mc/mc_beta0.5_s,False,,,,4.55068247901
mc/mc_infill_3_4,mc_infill_3_4_gid-174_20260714_175005,0.5,0.998,1.125047,0.00227,390.535737647,1.37398351189,True,mc/mc_infill_3_4,False,,,,3.0289407881
mc/mc_low_rmu_s_beta0_5,mc_low_rmu_s_beta0_5_gid-6_20260711_042820,0.5,0.998,1.12853,-0.01873,776.655473174,0.605087237433,True,mc/mc_low_rmu_s_beta0_5,False,,,,1.32063618156
mc/mc_beta0.5_s,mc_beta0.5_s_gid-303_20260710_100738,0.5,0.998,1.129037,0.023565,220.703282053,1.89139913548,True,mc/mc_beta0.5_s,False,,,,4.78150376133
mc/mc_beta0.5_s,mc_beta0.5_s_gid-243_20260710_095718,0.5,0.998,1.132629,0.012555,287.61198107,1.65206808739,True,mc/mc_beta0.5_s,False,,,,3.88735493904
mc/mc_infill_2_3_b,mc_infill_2_3_b_gid-60_20260715_002404,0.5,0.998,1.135112,-0.013955,657.905485868,0.811881113237,True,mc/mc_infill_2_3_b,True,0.144948,656.98718,0.810458,1.7054397523
mc/mc_beta0.5_s,mc_beta0.5_s_gid-309_20260710_102747,0.5,0.998,1.136262,0.019444,242.617762512,1.80761703142,True,mc/mc_beta0.5_s,False,,,,4.45588115103
mc/mc_infill_3_4,mc_infill_3_4_gid-222_20260714_174638,0.5,0.998,1.136649,0.0075,331.43013665,1.52339981909,True,mc/mc_infill_3_4,False,,,,3.47902991361
mc/mc_infill_1_2,mc_infill_1_2_gid-600_20260714_175436,0.5,0.998,1.138853,-0.022107,853.049248287,0.455340605888,True,mc/mc_infill_1_2,False,,,,1.11525941816
mc/mc_beta0.5_s,mc_beta0.5_s_gid-261_20260710_100204,0.5,0.998,1.139691,0.025515,211.316485624,1.92626883205,True,mc/mc_beta0.5_s,False,,,,4.96562349514
mc/mc_beta0.5_s,mc_beta0.5_s_gid-879_20260710_101408,0.5,0.998,1.141257,0.025297,212.327820273,1.92199983115,True,mc/mc_beta0.5_s,False,,,,4.9508537549
mc/mc_wrongbasin_ws2,mc_wrongbasin_ws2_gid-2_20260713_131511,0.5,0.998,1.1416,-0.007023,523.357750316,1.07930259703,True,mc/mc_wrongbasin_ws2,True,0.098214,523.439931,1.079236,2.30255597047
mc/mc_infill_2_3,mc_infill_2_3_gid-282_20260715_041627,0.5,0.998,1.141975,-0.014548,665.316826599,0.783637505954,True,mc/mc_infill_2_3,True,0.173844,665.316827,0.783638,1.70582409108
mc/mc_infill_1_2,mc_infill_1_2_gid-318_20260714_175106,0.5,0.998,1.142433,-0.027362,1017.49929497,0.267635781821,True,mc/mc_infill_1_2,False,,,,1.02703377809
mc/mc_beta0.5_s,mc_beta0.5_s_gid-1437_20260710_054819,0.5,0.998,1.143124,0.035442,172.680342177,2.08815932209,True,mc/mc_beta0.5_s,False,,,,5.79762858597
mc/mc_beta0.5_s,mc_beta0.5_s_gid-57_20260710_095311,0.5,0.998,1.144033,0.009235,314.478769669,1.56959357219,True,mc/mc_beta0.5_s,False,,,,3.64437976256
mc/mc_beta0.5_s,mc_beta0.5_s_gid-387_20260710_100207,0.5,0.998,1.146414,0.008883,317.480133355,1.56063122577,True,mc/mc_beta0.5_s,False,,,,3.62009452678
mc/mc_low_rmu_s_beta0_5,mc_low_rmu_s_beta0_5_gid-93_20260711_042827,0.5,0.998,1.147849,0.012033,290.809361904,1.63948373105,True,mc/mc_low_rmu_s_beta0_5,False,,,,3.8797476056
mc/mc_beta0.5_s,mc_beta0.5_s_gid-1263_20260710_054442,0.5,0.998,1.148478,0.001254,399.714756994,1.34809306641,True,mc/mc_beta0.5_s,False,,,,3.00057134504
mc/mc_beta0.5_s,mc_beta0.5_s_gid-1128_20260710_053658,0.5,0.998,1.151458,0.016492,259.696338329,1.74287568573,True,mc/mc_beta0.5_s,False,,,,4.24717522099
mc/mc_beta0.5_s,mc_beta0.5_s_gid-345_20260710_100911,0.5,0.998,1.153284,0.024531,215.909274955,1.90590015668,True,mc/mc_beta0.5_s,False,,,,4.91275980548
mc/mc_beta0.5_s,mc_beta0.5_s_gid-192_20260710_095320,0.5,0.998,1.154186,0.033818,178.378027492,2.06124876059,True,mc/mc_beta0.5_s,False,,,,5.68398359344
mc/mc_infill_2_3,mc_infill_2_3_gid-372_20260715_041534,0.5,0.998,1.154907,-0.012136,610.339246578,0.895300880031,True,mc/mc_infill_2_3,True,0.026499,609.427767,0.897677,1.91235912863
mc/mc_low_rmu_s_beta0_5,mc_low_rmu_s_beta0_5_gid-12_20260711_042820,0.5,0.998,1.155532,-0.021473,833.165727477,0.503920350047,True,mc/mc_low_rmu_s_beta0_5,False,,,,1.16884627976
mc/mc_infill_1_2,mc_infill_1_2_gid-234_20260714_173404,0.5,0.998,1.157182,-0.021228,805.963891704,0.536818937708,True,mc/mc_infill_1_2,False,,,,1.1383462068
mc/mc_beta0.5_s,mc_beta0.5_s_gid-204_20260710_100714,0.5,0.998,1.157726,0.023613,220.313554717,1.88805346025,True,mc/mc_beta0.5_s,False,,,,4.84628266715
mc/mc_beta0.5_s,mc_beta0.5_s_gid-747_20260710_101343,0.5,0.998,1.159433,0.035688,172.273434469,2.08741188776,True,mc/mc_beta0.5_s,False,,,,5.85014507957
mc/mc_beta0.5_s,mc_beta0.5_s_gid-1233_20260710_054103,0.5,0.998,1.160777,0.002802,379.164884023,1.39575278408,True,mc/mc_beta0.5_s,False,,,,3.15494002128
mc/mc_low_rmu_s_beta0_5,mc_low_rmu_s_beta0_5_gid-9_20260711_042825,0.5,0.998,1.16243,-0.014788,658.576468535,0.798594322176,True,mc/mc_low_rmu_s_beta0_5,False,,,,1.7453655813
mc/mc_beta0.5_s,mc_beta0.5_s_gid-1302_20260710_055410,0.5,0.998,1.163644,0.008773,317.073525459,1.55893290169,True,mc/mc_beta0.5_s,False,,,,3.65111552426
mc/mc_infill_2_3_a,mc_infill_2_3_a_gid-90_20260714_213422,0.5,0.998,1.167111,-0.005438,491.293510484,1.14238248369,True,mc/mc_infill_2_3_a,True,0.131566,491.35237,1.14239,2.49723149532
mc/mc_beta0.5_s,mc_beta0.5_s_gid-1368_20260710_054813,0.5,0.998,1.167593,0.028043,200.369577508,1.96589681014,True,mc/mc_beta0.5_s,False,,,,5.23245858382
mc/mc_low_rmu_s_beta0_5,mc_low_rmu_s_beta0_5_gid-429_20260711_043738,0.5,0.998,1.16774,-0.007921,531.729226236,1.05713077268,True,mc/mc_low_rmu_s_beta0_5,False,,,,2.29090944307
mc/mc_beta0.5_s,mc_beta0.5_s_gid-216_20260710_095510,0.5,0.998,1.169312,0.005906,344.146267568,1.48374546784,True,mc/mc_beta0.5_s,False,,,,3.41987076168
mc/mc_beta0.5_s,mc_beta0.5_s_gid-627_20260710_101009,0.5,0.998,1.171452,0.027014,204.710042378,1.94752347949,True,mc/mc_beta0.5_s,False,,,,5.15553226261
mc/mc_infill_2_3,mc_infill_2_3_gid-582_20260715_041752,0.5,0.998,1.172381,-0.010075,567.266159863,0.98102175763,True,mc/mc_infill_2_3,True,0.050513,567.26616,0.981022,2.12344367287
mc/mc_beta0.5_s,mc_beta0.5_s_gid-906_20260710_101826,0.5,0.998,1.173235,0.030978,188.867739691,2.01300644745,True,mc/mc_beta0.5_s,False,,,,5.48629834025
mc/mc_infill_1_2,mc_infill_1_2_gid-54_20260714_204448,0.5,0.998,1.174156,-0.019106,763.91111291,0.622204352614,True,mc/mc_infill_1_2,False,,,,1.40891587225
mc/mc_beta0.5_s,mc_beta0.5_s_gid-651_20260710_100939,0.5,0.998,1.174821,0.01567,264.038786981,1.72371266599,True,mc/mc_beta0.5_s,False,,,,4.23188648528
mc/mc_infill_3_4,mc_infill_3_4_gid-132_20260714_172903,0.5,0.998,1.175036,0.009352,311.029481994,1.57444743514,True,mc/mc_infill_3_4,False,,,,3.72658211508
mc/mc_low_rmu_s_beta0_5,mc_low_rmu_s_beta0_5_gid-240_20260711_043319,0.5,0.998,1.175702,0.000871,400.267054446,1.3421916243,True,mc/mc_low_rmu_s_beta0_5,False,,,,3.03459930889
mc/mc_beta0.5_s,mc_beta0.5_s_gid-606_20260710_100945,0.5,0.998,1.17881,0.002998,374.446203841,1.40443166174,True,mc/mc_beta0.5_s,False,,,,3.2123828692
mc/mc_beta0.5_s,mc_beta0.5_s_gid-60_20260710_094905,0.5,0.998,1.180954,0.032489,183.474402886,2.03486384448,True,mc/mc_beta0.5_s,False,,,,5.62681254272
mc/mc_beta0.5_s,mc_beta0.5_s_gid-480_20260710_100334,0.5,0.998,1.183169,0.022452,225.812873618,1.86276133475,True,mc/mc_beta0.5_s,False,,,,4.80445826238
mc/mc_low_rmu_s_beta0_5,mc_low_rmu_s_beta0_5_gid-99_20260711_042827,0.5,0.998,1.18458,-0.017949,728.605381637,0.679481529389,True,mc/mc_low_rmu_s_beta0_5,False,,,,1.51768866061
mc/mc_beta0.5_s,mc_beta0.5_s_gid-1092_20260710_053915,0.5,0.998,1.18483,0.021328,231.528837476,1.84088951464,True,mc/mc_beta0.5_s,False,,,,4.7156013043
mc/mc_beta0.5_s,mc_beta0.5_s_gid-1062_20260710_053820,0.5,0.998,1.186281,0.02579,210.031565784,1.92367889059,True,mc/mc_beta0.5_s,False,,,,5.08546048273
mc/mc_low_rmu_s_beta0_5,mc_low_rmu_s_beta0_5_gid-168_20260711_042829,0.5,0.998,1.187097,-0.001415,427.990585674,1.27608817795,True,mc/mc_low_rmu_s_beta0_5,False,,,,2.87506701067
mc/mc_beta0.5_s,mc_beta0.5_s_gid-654_20260710_100939,0.5,0.998,1.188494,0.02676,205.809208258,1.94029758738,True,mc/mc_beta0.5_s,False,,,,5.16978875061
mc/mc_infill_2_3_b,mc_infill_2_3_b_gid-120_20260715_002533,0.5,0.998,1.188585,-0.013286,622.725237752,0.868069312545,True,mc/mc_infill_2_3_b,True,0.088727,623.108948,0.865568,1.9160254982
mc/mc_beta0.5_s,mc_beta0.5_s_gid-21_20260710_094629,0.5,0.998,1.190121,0.022207,226.945510236,1.85731098925,True,mc/mc_beta0.5_s,False,,,,4.79905880406
mc/mc_infill_2_3,mc_infill_2_3_gid-18_20260715_040901,0.5,0.998,1.192001,-0.005319,483.744529957,1.15433947826,True,mc/mc_infill_2_3,True,0.219383,483.74453,1.154339,2.56836387415
mc/mc_beta0.5_s,mc_beta0.5_s_gid-1155_20260710_053811,0.5,0.998,1.194081,0.016644,257.338755572,1.744311315,True,mc/mc_beta0.5_s,False,,,,4.35298429381
mc/mc_infill_3_4,mc_infill_3_4_gid-18_20260714_162335,0.5,0.998,1.197185,-0.003042,448.638519333,1.22855691638,True,mc/mc_infill_3_4,False,,,,2.76723359771
mc/mc_beta0.5_s,mc_beta0.5_s_gid-1122_20260710_053744,0.5,0.998,1.197311,0.027361,203.280871361,1.94917608881,True,mc/mc_beta0.5_s,False,,,,5.23729781478
mc/mc_beta0.5_s,mc_beta0.5_s_gid-285_20260710_095929,0.5,0.998,1.19832,0.014812,268.571250478,1.70418892694,True,mc/mc_beta0.5_s,False,,,,4.21372388958
mc/mc_low_rmu_s_beta0_5,mc_low_rmu_s_beta0_5_gid-129_20260711_042826,0.5,0.998,1.199536,0.013227,279.174167118,1.66837233643,True,mc/mc_low_rmu_s_beta0_5,False,,,,4.08980671415
mc/mc_beta0.5_s,mc_beta0.5_s_gid-942_20260710_102307,0.5,0.998,1.201305,0.000914,395.708485348,1.34876996778,True,mc/mc_beta0.5_s,False,,,,3.10127256393
mc/mc_infill_2_3,mc_infill_2_3_gid-84_20260715_040906,0.5,0.998,1.201529,-0.013322,618.901544235,0.872468643109,True,mc/mc_infill_2_3,True,0.077515,618.901544,0.872469,1.94080107856
mc/mc_beta0.5_s,mc_beta0.5_s_gid-1077_20260710_053658,0.5,0.998,1.202148,0.017196,253.797760083,1.75574950066,True,mc/mc_beta0.5_s,False,,,,4.41532931541
mc/mc_low_rmu_s_beta0_5,mc_low_rmu_s_beta0_5_gid-60_20260711_042827,0.5,0.998,1.202209,-0.012305,598.990019299,0.912813950338,True,mc/mc_low_rmu_s_beta0_5,False,,,,2.01787264301
mc/mc_beta0.5_s,mc_beta0.5_s_gid-1326_20260710_054816,0.5,0.998,1.205169,0.023043,222.601366252,1.8714099339,True,mc/mc_beta0.5_s,False,,,,4.89943222573
mc/mc_beta0.5_s,mc_beta0.5_s_gid-543_20260710_100738,0.5,0.998,1.20634,0.004655,352.863047643,1.45479015544,True,mc/mc_beta0.5_s,False,,,,3.40520573972
mc/mc_beta0.5_s,mc_beta0.5_s_gid-633_20260710_100924,0.5,0.998,1.209005,0.001595,386.387385642,1.36997523625,True,mc/mc_beta0.5_s,False,,,,3.17242233095
mc/mc_low_rmu_s_beta0_5,mc_low_rmu_s_beta0_5_gid-402_20260711_043738,0.5,0.998,1.210407,-0.000776,415.38135258,1.3010303962,True,mc/mc_low_rmu_s_beta0_5,False,,,,2.98342853939
mc/mc_infill_2_3,mc_infill_2_3_gid-240_20260715_041530,0.5,0.998,1.210651,-0.014944,652.647332477,0.808343584932,True,mc/mc_infill_2_3,True,0.204205,652.647332,0.808344,1.8454522206
mc/mc_infill_1_2,mc_infill_1_2_gid-144_20260714_174609,0.5,0.998,1.211175,-0.020643,775.986545946,0.579431847093,True,mc/mc_infill_1_2,False,,,,1.36336279244
mc/mc_beta0.5_s,mc_beta0.5_s_gid-1347_20260710_054815,0.5,0.998,1.212095,0.004449,354.316085564,1.45005325499,True,mc/mc_beta0.5_s,False,,,,3.40230478679
mc/mc_infill_3_4,mc_infill_3_4_gid-108_20260714_172002,0.5,0.998,1.21321,0.008568,314.71787577,1.55760059663,True,mc/mc_infill_3_4,False,,,,3.74931989945
mc/mc_beta0.5_s,mc_beta0.5_s_gid-666_20260710_101038,0.5,0.998,1.2159,0.030054,192.684197582,1.99013093299,True,mc/mc_beta0.5_s,False,,,,5.49596476652
mc/mc_beta0.5_s,mc_beta0.5_s_gid-123_20260710_095311,0.5,0.998,1.216646,0.025995,209.001623189,1.92290397163,True,mc/mc_beta0.5_s,False,,,,5.16509186054
mc/mc_low_rmu_s_beta0_5,mc_low_rmu_s_beta0_5_gid-282_20260711_043313,0.5,0.998,1.217578,0.010897,295.235217182,1.61485633224,True,mc/mc_low_rmu_s_beta0_5,False,,,,3.94498682302
mc/mc_beta0.5_s,mc_beta0.5_s_gid-549_20260710_100748,0.5,0.998,1.219514,0.027648,202.083990498,1.95052618398,True,mc/mc_beta0.5_s,False,,,,5.30606077589
mc/mc_low_rmu_s_beta0_5,mc_low_rmu_s_beta0_5_gid-219_20260711_043314,0.5,0.998,1.221256,-0.024896,896.319975522,0.402735361099,True,mc/mc_low_rmu_s_beta0_5,False,,,,1.13356046774
mc/mc_beta0.5_s,mc_beta0.5_s_gid-681_20260710_100924,0.5,0.998,1.221938,0.014141,271.837147088,1.68925627557,True,mc/mc_beta0.5_s,False,,,,4.21187986666
mc/mc_beta0.5_s,mc_beta0.5_s_gid-1185_20260710_053718,0.5,0.998,1.225874,0.007651,321.694862621,1.5357208767,True,mc/mc_beta0.5_s,False,,,,3.70169267938
mc/mc_beta0.5_s,mc_beta0.5_s_gid-1023_20260710_053704,0.5,0.998,1.226823,0.019876,238.212762102,1.80902968913,True,mc/mc_beta0.5_s,False,,,,4.6864627599
mc/mc_infill_2_3,mc_infill_2_3_gid-492_20260715_041751,0.5,0.998,1.228162,-0.014858,639.593482823,0.829891731667,True,mc/mc_infill_2_3,True,0.158769,641.799478,0.826747,1.90951941756
mc/mc_beta0.5_s,mc_beta0.5_s_gid-846_20260710_101612,0.5,0.998,1.228327,0.012288,284.183177837,1.64750798239,True,mc/mc_beta0.5_s,False,,,,4.07874627408
mc/mc_beta0.5_s,mc_beta0.5_s_gid-762_20260710_101342,0.5,0.998,1.231533,0.029485,194.880993867,1.97847472145,True,mc/mc_beta0.5_s,False,,,,5.4807544871
mc/mc_infill_3_4,mc_infill_3_4_gid-42_20260714_212101,0.5,0.998,1.232239,-0.002597,435.477181155,1.25181026257,True,mc/mc_infill_3_4,False,,,,2.88787625973
mc/mc_low_rmu_s_beta0_5,mc_low_rmu_s_beta0_5_gid-318_20260711_043312,0.5,0.998,1.232483,-0.023579,850.32188433,0.451015692584,True,mc/mc_low_rmu_s_beta0_5,False,,,,1.20045615077
mc/mc_beta0.5_s,mc_beta0.5_s_gid-405_20260710_100905,0.5,0.998,1.233454,0.023271,221.095400055,1.87263510487,True,mc/mc_beta0.5_s,False,,,,4.97739255617
mc/mc_beta0.5_s,mc_beta0.5_s_gid-24_20260710_095504,0.5,0.998,1.234569,0.017098,253.214544403,1.75262822737,True,mc/mc_beta0.5_s,False,,,,4.47772753892
mc/mc_infill_1_2,mc_infill_1_2_gid-120_20260714_174609,0.5,0.998,1.234626,-0.020937,776.565327901,0.579693551352,True,mc/mc_infill_1_2,False,,,,1.42482869127
mc/mc_low_rmu_s_beta0_5,mc_low_rmu_s_beta0_5_gid-126_20260711_042829,0.5,0.998,1.235994,-0.022529,808.230858324,0.524787804227,True,mc/mc_low_rmu_s_beta0_5,False,,,,1.23644847686
mc/mc_infill_1_2,mc_infill_1_2_gid-78_20260714_175613,0.5,0.998,1.236159,-0.025606,908.922268505,0.389717717263,True,mc/mc_infill_1_2,False,,,,1.109235474
mc/mc_infill_2_3,mc_infill_2_3_gid-426_20260715_041950,0.5,0.998,1.236878,-0.010444,555.636820596,0.99527654526,True,mc/mc_infill_2_3,True,0.124589,555.674855,0.995229,2.25355813323
mc/mc_beta0.5_s,mc_beta0.5_s_gid-249_20260710_095643,0.5,0.998,1.237089,0.005719,338.60505398,1.48741631486,True,mc/mc_beta0.5_s,False,,,,3.56474970595
mc/mc_beta0.5_s,mc_beta0.5_s_gid-1113_20260710_053700,0.5,0.998,1.238025,0.00339,362.207472418,1.42548488932,True,mc/mc_beta0.5_s,False,,,,3.37916244735
mc/mc_low_rmu_s_beta0_5,mc_low_rmu_s_beta0_5_gid-327_20260711_043402,0.5,0.998,1.240074,-0.024426,842.022050072,0.454393774714,True,mc/mc_low_rmu_s_beta0_5,False,,,,1.04748063454
mc/mc_infill_2_3_b,mc_infill_2_3_b_gid-54_20260715_002635,0.5,0.998,1.240972,-0.006272,487.009689854,1.13947835946,True,mc/mc_infill_2_3_b,True,0.208397,487.041412,1.139432,2.61078734543
mc/mc_beta0.5_s,mc_beta0.5_s_gid-258_20260710_100636,0.5,0.998,1.243431,0.017422,251.049526212,1.7590729903,True,mc/mc_beta0.5_s,False,,,,4.52303969643
mc/mc_beta0.5_s,mc_beta0.5_s_gid-120_20260710_095205,0.5,0.998,1.244632,0.007515,321.131120785,1.5342964314,True,mc/mc_beta0.5_s,False,,,,3.73393665741
mc/mc_beta0.5_s,mc_beta0.5_s_gid-732_20260710_101343,0.5,0.998,1.247975,0.01651,256.082091119,1.74015293291,True,mc/mc_beta0.5_s,False,,,,4.45932517995
mc/mc_infill_1_2,mc_infill_1_2_gid-510_20260714_174110,0.5,0.998,1.248051,-0.023069,819.229982871,0.500397799882,True,mc/mc_infill_1_2,False,,,,1.28615717277
mc/mc_beta0.5_s,mc_beta0.5_s_gid-399_20260710_100905,0.5,0.998,1.249437,0.026094,208.340406026,1.9203839296,True,mc/mc_beta0.5_s,False,,,,5.24058789488
mc/mc_low_rmu_s_beta0_5,mc_low_rmu_s_beta0_5_gid-111_20260711_042830,0.5,0.998,1.251197,0.01445,268.391912095,1.69637552666,True,mc/mc_low_rmu_s_beta0_5,False,,,,4.3011737477
mc/mc_infill_2_3,mc_infill_2_3_gid-42_20260715_040903,0.5,0.998,1.252002,-0.010789,557.130243532,0.989817906367,True,mc/mc_infill_2_3,True,0.229308,557.130244,0.989818,2.26453187365
mc/mc_beta0.5_s,mc_beta0.5_s_gid-1221_20260710_054044,0.5,0.998,1.252681,0.008971,307.947997022,1.57103585076,True,mc/mc_beta0.5_s,False,,,,3.87140216868
mc/mc_infill_1_2,mc_infill_1_2_gid-468_20260714_174741,0.5,0.998,1.256198,-0.025128,870.875558608,0.419144763349,False,mc/mc_infill_1_2,False,,,,1.16370424082
mc/mc_low_rmu_s_beta0_5,mc_low_rmu_s_beta0_5_gid-336_20260711_043333,0.5,0.998,1.25841,-0.004036,450.07892236,1.21534246122,True,mc/mc_low_rmu_s_beta0_5,False,,,,2.83457607038
mc/mc_beta0.5_s,mc_beta0.5_s_gid-1083_20260710_053700,0.5,0.998,1.259382,0.006866,325.498704334,1.51971248282,True,mc/mc_beta0.5_s,False,,,,3.71377470742
mc/mc_infill_3_4,mc_infill_3_4_gid-234_20260714_174735,0.5,0.998,1.259885,-0.000176,399.416121979,1.33025300855,True,mc/mc_infill_3_4,False,,,,3.14963767443
mc/mc_beta0.5_s,mc_beta0.5_s_gid-678_20260710_101038,0.5,0.998,1.260281,0.031639,187.153353009,2.00683591286,True,mc/mc_beta0.5_s,False,,,,5.71428164829
mc/mc_infill_2_3,mc_infill_2_3_gid-588_20260715_041753,0.5,0.998,1.26171,-0.017585,688.343189642,0.736916331489,True,mc/mc_infill_2_3,True,0.178123,688.34319,0.736916,1.77717004137
mc/mc_beta0.5_s,mc_beta0.5_s_gid-927_20260710_102307,0.5,0.998,1.262425,0.021487,229.098598181,1.83748389113,True,mc/mc_beta0.5_s,False,,,,4.8928967523
mc/mc_low_rmu_s_beta0_5,mc_low_rmu_s_beta0_5_gid-393_20260711_043315,0.5,0.998,1.264369,-0.00432,452.830679233,1.20842106037,True,mc/mc_low_rmu_s_beta0_5,False,,,,2.82605149784
mc/mc_beta0.5_s,mc_beta0.5_s_gid-1476_20260710_055209,0.5,0.998,1.265243,0.02832,199.282807823,1.95495689807,True,mc/mc_beta0.5_s,False,,,,5.45357640351
mc/mc_infill_1_2,mc_infill_1_2_gid-252_20260714_174956,0.5,0.998,1.268163,-0.025022,868.698655706,0.435192187185,True,mc/mc_infill_1_2,False,,,,1.20204372092
mc/mc_low_rmu_s_beta0_5,mc_low_rmu_s_beta0_5_gid-222_20260711_043313,0.5,0.998,1.26881,0.012107,282.942568176,1.64517142425,True,mc/mc_low_rmu_s_beta0_5,False,,,,4.15330622056
mc/mc_beta0.5_s,mc_beta0.5_s_gid-162_20260710_095411,0.5,0.998,1.269348,0.010482,294.702278776,1.60800255405,True,mc/mc_beta0.5_s,False,,,,4.0266658136
mc/mc_beta0.5_s,mc_beta0.5_s_gid-93_20260710_095504,0.5,0.998,1.273153,0.020527,233.584008902,1.81891309174,True,mc/mc_beta0.5_s,False,,,,4.83765283075
mc/mc_low_rmu_s_beta0_5,mc_low_rmu_s_beta0_5_gid-351_20260711_043342,0.5,0.998,1.273733,-0.022673,804.249874742,0.531538662427,True,mc/mc_low_rmu_s_beta0_5,False,,,,1.34993961951
mc/mc_beta0.5_s,mc_beta0.5_s_gid-111_20260710_095334,0.5,0.998,1.275452,0.021539,228.520503159,1.83762239102,True,mc/mc_beta0.5_s,False,,,,4.92445695224
mc/mc_infill_3_4,mc_infill_3_4_gid-114_20260714_172002,0.5,0.998,1.276278,0.004619,344.789079895,1.46457801607,True,mc/mc_infill_3_4,False,,,,3.56404279777
mc/mc_beta0.5_s,mc_beta0.5_s_gid-1446_20260710_055045,0.5,0.998,1.276371,0.009505,301.67505368,1.58597331641,True,mc/mc_beta0.5_s,False,,,,3.96556789216
mc/mc_infill_2_3,mc_infill_2_3_gid-210_20260715_041044,0.5,0.998,1.276599,-0.007539,497.895456427,1.11063170195,True,mc/mc_infill_2_3,True,0.218466,497.91895,1.110636,2.59459345529
mc/mc_infill_1_2,mc_infill_1_2_gid-582_20260714_175550,0.5,0.998,1.276657,-0.018661,706.342077015,0.702087967695,True,mc/mc_infill_1_2,False,,,,1.70640202478
mc/mc_beta0.5_s,mc_beta0.5_s_gid-726_20260710_101341,0.5,0.998,1.279531,0.017805,247.581437921,1.7660296902,True,mc/mc_beta0.5_s,False,,,,4.63143164327
mc/mc_beta0.5_s,mc_beta0.5_s_gid-1161_20260710_053809,0.5,0.998,1.28055,0.010379,294.637866699,1.60646873302,True,mc/mc_beta0.5_s,False,,,,4.043204834
mc/mc_infill_1_2,mc_infill_1_2_gid-450_20260714_175637,0.5,0.998,1.280729,-0.02053,742.802353273,0.632348760323,True,mc/mc_infill_1_2,False,,,,1.55156589325
mc/mc_beta0.5_s,mc_beta0.5_s_gid-1425_20260710_055414,0.5,0.998,1.283762,0.009083,304.401790416,1.576655857,True,mc/mc_beta0.5_s,False,,,,3.94885198873
mc/mc_low_rmu_s_beta0_5,mc_low_rmu_s_beta0_5_gid-279_20260711_043312,0.5,0.998,1.284433,-0.014384,613.004732403,0.872956262612,True,mc/mc_low_rmu_s_beta0_5,False,,,,2.0602238015
mc/mc_beta0.5_s,mc_beta0.5_s_gid-306_20260710_102747,0.5,0.998,1.285616,0.019208,239.924278148,1.79331505415,True,mc/mc_beta0.5_s,False,,,,4.75742048252
mc/mc_low_rmu_s_beta0_5,mc_low_rmu_s_beta0_5_gid-291_20260711_043405,0.5,0.998,1.287291,-0.015835,638.250733519,0.82366049167,True,mc/mc_low_rmu_s_beta0_5,False,,,,1.96377579743
mc/mc_infill_2_3,mc_infill_2_3_gid-534_20260715_041750,0.5,0.998,1.288669,-0.015831,639.821646777,0.818624500333,True,mc/mc_infill_2_3,True,0.153851,639.821647,0.818625,1.96494467869
mc/mc_beta0.5_s,mc_beta0.5_s_gid-291_20260710_095930,0.5,0.998,1.289609,0.013836,270.237651323,1.68410313637,True,mc/mc_beta0.5_s,False,,,,4.33587344015
mc/mc_infill_1_2,mc_infill_1_2_gid-180_20260714_175206,0.5,0.998,1.290598,-0.026326,883.690707267,0.397004725525,True,mc/mc_infill_1_2,False,,,,1.19566071659
mc/mc_beta0.5_s,mc_beta0.5_s_gid-1224_20260710_054049,0.5,0.998,1.291792,0.012825,276.622865137,1.66227965753,True,mc/mc_beta0.5_s,False,,,,4.26055476974
mc/mc_infill_2_3,mc_infill_2_3_gid-312_20260715_041621,0.5,0.998,1.292378,-0.009915,531.819294814,1.03700861915,True,mc/mc_infill_2_3,True,0.206302,531.935255,1.036947,2.43916719544
mc/mc_low_rmu_s_beta0_5,mc_low_rmu_s_beta0_5_gid-96_20260711_042827,0.5,0.998,1.29562,0.007947,312.610852974,1.550714893,True,mc/mc_low_rmu_s_beta0_5,False,,,,3.88641998932
mc/mc_beta0.5_s,mc_beta0.5_s_gid-1308_20260710_055410,0.5,0.998,1.295893,0.029295,195.470045692,1.96623992298,True,mc/mc_beta0.5_s,False,,,,5.59416973287
mc/mc_beta0.5_s,mc_beta0.5_s_gid-360_20260710_100239,0.5,0.998,1.301076,0.026475,206.213689933,1.92106904298,True,mc/mc_beta0.5_s,False,,,,5.37643184351
mc/mc_low_rmu_s_beta0_5,mc_low_rmu_s_beta0_5_gid-72_20260711_042827,0.5,0.998,1.301378,-0.013041,582.695997489,0.931311636268,True,mc/mc_low_rmu_s_beta0_5,False,,,,2.20324732949
mc/mc_infill_1_2,mc_infill_1_2_gid-486_20260714_173103,0.5,0.998,1.303299,-0.027708,902.835857908,0.354977071282,True,mc/mc_infill_1_2,False,,,,1.08361357657
mc/mc_beta0.5_s,mc_beta0.5_s_gid-1335_20260710_054815,0.5,0.998,1.303739,0.012156,280.340175007,1.64825341082,True,mc/mc_beta0.5_s,False,,,,4.23328142507
mc/mc_infill_3_4,mc_infill_3_4_gid-246_20260714_174609,0.5,0.998,1.304586,0.009765,297.387517212,1.59465459368,True,mc/mc_infill_3_4,False,,,,4.04786218809
mc/mc_infill_2_3,mc_infill_2_3_gid-258_20260715_041533,0.5,0.998,1.304733,-0.007328,487.711505095,1.12756292984,True,mc/mc_infill_2_3,True,0.088834,487.711505,1.127563,2.68077400483
mc/mc_beta0.5_s,mc_beta0.5_s_gid-234_20260710_113530,0.5,0.998,1.305084,0.00809,310.546766887,1.55525644105,True,mc/mc_beta0.5_s,False,,,,3.91836513543
mc/mc_infill_1_2,mc_infill_1_2_gid-420_20260714_175037,0.5,0.998,1.306036,-0.021778,765.737239009,0.594228061704,True,mc/mc_infill_1_2,False,,,,1.51918849554
mc/mc_beta0.5_s,mc_beta0.5_s_gid-1464_20260710_055110,0.5,0.998,1.310507,0.027747,201.1375496,1.94048289624,True,mc/mc_beta0.5_s,False,,,,5.49814224206
mc/mc_low_rmu_s_beta0_5,mc_low_rmu_s_beta0_5_gid-90_20260711_042827,0.5,0.998,1.312079,-0.009746,523.815692346,1.05060886329,True,mc/mc_low_rmu_s_beta0_5,False,,,,2.5017557727
mc/mc_beta0.5_s,mc_beta0.5_s_gid-102_20260710_094622,0.5,0.998,1.312483,0.004752,339.152703243,1.47391499417,True,mc/mc_beta0.5_s,False,,,,3.66037258694
mc/mc_beta0.5_s,mc_beta0.5_s_gid-297_20260710_100606,0.5,0.998,1.314095,0.020334,233.29122189,1.81365905679,True,mc/mc_beta0.5_s,False,,,,4.90815701979
mc/mc_low_rmu_s_beta0_5,mc_low_rmu_s_beta0_5_gid-372_20260711_043401,0.5,0.998,1.315614,0.009256,300.354414604,1.58393144868,True,mc/mc_low_rmu_s_beta0_5,False,,,,4.03230265214
mc/mc_beta0.5_s,mc_beta0.5_s_gid-597_20260710_100924,0.5,0.998,1.316157,0.01136,284.943538222,1.63149118584,True,mc/mc_beta0.5_s,False,,,,4.197868842
mc/mc_infill_3_4,mc_infill_3_4_gid-54_20260714_162303,0.5,0.998,1.316173,0.001465,371.81988476,1.38848765685,True,mc/mc_infill_3_4,False,,,,3.40773297436
mc/mc_infill_1_2,mc_infill_1_2_gid-138_20260714_175712,0.5,0.998,1.317899,-0.020223,720.326228813,0.666620140043,True,mc/mc_infill_1_2,False,,,,1.67770273871
mc/mc_beta0.5_s,mc_beta0.5_s_gid-150_20260710_095338,0.5,0.998,1.318408,3.6e-05,387.261603223,1.34994790333,True,mc/mc_beta0.5_s,False,,,,3.30276909296
mc/mc_infill_2_3,mc_infill_2_3_gid-192_20260715_040902,0.5,0.998,1.318948,-0.015322,619.579968095,0.855342868186,True,mc/mc_infill_2_3,True,0.092277,619.579968,0.855343,2.07889730929
mc/mc_beta0.5_s,mc_beta0.5_s_gid-1431_20260710_055414,0.5,0.998,1.321232,0.016888,250.830125211,1.74773012322,True,mc/mc_beta0.5_s,False,,,,4.64694768217
mc/mc_low_rmu_s_beta0_5,mc_low_rmu_s_beta0_5_gid-24_20260711_042820,0.5,0.998,1.324061,0.013564,269.96185569,1.67980532765,True,mc/mc_low_rmu_s_beta0_5,False,,,,4.38892200223
mc/mc_infill_2_3,mc_infill_2_3_gid-486_20260715_041751,0.5,0.998,1.326482,-0.00898,507.65531565,1.08201857788,True,mc/mc_infill_2_3,True,0.146462,507.655316,1.082019,2.59974873761
mc/mc_beta0.5_s,mc_beta0.5_s_gid-267_20260710_100204,0.5,0.998,1.326906,0.007278,315.146501131,1.53851833647,True,mc/mc_beta0.5_s,False,,,,3.90401993193
mc/mc_low_rmu_s_beta0_5,mc_low_rmu_s_beta0_5_gid-114_20260711_042916,0.5,0.998,1.32773,-0.017371,658.031954006,0.782633333872,True,mc/mc_low_rmu_s_beta0_5,False,,,,1.94236347328
mc/mc_beta0.5_s,mc_beta0.5_s_gid-738_20260710_101342,0.5,0.998,1.328275,0.006709,319.802426961,1.52496876106,True,mc/mc_beta0.5_s,False,,,,3.8601472446
mc/mc_infill_1_2,mc_infill_1_2_gid-246_20260714_174956,0.5,0.998,1.330302,-0.020354,716.468220151,0.667446886829,True,mc/mc_infill_1_2,False,,,,1.81859689568
mc/mc_beta0.5_s,mc_beta0.5_s_gid-132_20260710_095504,0.5,0.998,1.331844,0.030717,190.252936219,1.98310528241,True,mc/mc_beta0.5_s,False,,,,5.78036387676
mc/mc_beta0.5_s,mc_beta0.5_s_gid-432_20260710_100307,0.5,0.998,1.333771,0.017539,246.787811352,1.76058275077,True,mc/mc_beta0.5_s,False,,,,4.72556589831
mc/mc_infill_2_3,mc_infill_2_3_gid-66_20260715_040902,0.5,0.998,1.334198,-0.01567,620.32021545,0.852424088346,True,mc/mc_infill_2_3,True,0.109611,620.320215,0.852424,2.09482267704
mc/mc_beta0.5_s,mc_beta0.5_s_gid-1461_20260710_055206,0.5,0.998,1.337688,0.007756,310.184891491,1.55132995325,True,mc/mc_beta0.5_s,False,,,,3.96397960597
mc/mc_infill_1_2,mc_infill_1_2_gid-192_20260714_174609,0.5,0.998,1.33774,-0.022353,770.220857372,0.586136885751,True,mc/mc_infill_1_2,False,,,,1.54049492979
mc/mc_low_rmu_s_beta0_5,mc_low_rmu_s_beta0_5_gid-360_20260711_043412,0.5,0.998,1.339616,-0.006352,464.940077785,1.16981157514,True,mc/mc_low_rmu_s_beta0_5,False,,,,2.84338406037
mc/mc_beta0.5_s,mc_beta0.5_s_gid-1236_20260710_054050,0.5,0.998,1.339651,0.025603,209.109752277,1.90362167484,True,mc/mc_beta0.5_s,False,,,,5.38421857166
mc/mc_beta0.5_s,mc_beta0.5_s_gid-183_20260710_095440,0.5,0.998,1.34105,0.031788,186.62812385,1.99738844949,True,mc/mc_beta0.5_s,False,,,,5.88488381945
mc/mc_infill_3_4,mc_infill_3_4_gid-216_20260714_174609,0.5,0.998,1.341606,0.006144,323.245582749,1.51319198243,True,mc/mc_infill_3_4,False,,,,3.84402006092
mc/mc_beta0.5_s,mc_beta0.5_s_gid-1044_20260710_053703,0.5,0.998,1.342599,0.010958,285.805487277,1.62476979339,True,mc/mc_beta0.5_s,False,,,,4.22380791073
mc/mc_infill_1_2,mc_infill_1_2_gid-42_20260714_180830,0.5,0.998,1.343177,-0.024185,805.377932732,0.517000386808,True,mc/mc_infill_1_2,False,,,,1.44298826404
mc/mc_low_rmu_s_beta0_5,mc_low_rmu_s_beta0_5_gid-363_20260711_043412,0.5,0.998,1.345009,-0.018983,686.182134129,0.73516595074,True,mc/mc_low_rmu_s_beta0_5,False,,,,1.85347482889
mc/mc_low_rmu_s_beta0_5,mc_low_rmu_s_beta0_5_gid-171_20260711_042826,0.5,0.998,1.347112,0.014697,261.841922371,1.70444507937,True,mc/mc_low_rmu_s_beta0_5,False,,,,4.52807297327
mc/mc_beta0.5_s,mc_beta0.5_s_gid-957_20260710_102309,0.5,0.998,1.34763,0.009456,296.150615579,1.5919471232,True,mc/mc_beta0.5_s,False,,,,4.11772471105
mc/mc_infill_2_3,mc_infill_2_3_gid-480_20260715_041803,0.5,0.998,1.348,-0.011235,537.965766807,1.01516922635,True,mc/mc_infill_2_3,True,0.195446,537.965767,1.015169,2.46856155215
mc/mc_infill_2_3,mc_infill_2_3_gid-330_20260715_041553,0.5,0.998,1.352371,-0.016564,631.438532056,0.827161459623,True,mc/mc_infill_2_3,True,0.078114,636.061671,0.8249,2.0593724791
mc/mc_beta0.5_s,mc_beta0.5_s_gid-1104_20260710_053658,0.5,0.998,1.353928,0.001467,366.178803125,1.39674581587,True,mc/mc_beta0.5_s,False,,,,3.49257176636
mc/mc_low_rmu_s_beta0_5,mc_low_rmu_s_beta0_5_gid-369_20260711_043405,0.5,0.998,1.355306,0.004049,340.499775875,1.46363047206,True,mc/mc_low_rmu_s_beta0_5,False,,,,3.70162916933
mc/mc_infill_1_2,mc_infill_1_2_gid-288_20260714_174956,0.5,0.998,1.356329,-0.01934,689.531529364,0.720019639224,True,mc/mc_infill_1_2,False,,,,1.86971213588
mc/mc_beta0.5_s,mc_beta0.5_s_gid-960_20260710_102308,0.5,0.998,1.356721,0.002732,352.959681513,1.43035908304,True,mc/mc_beta0.5_s,False,,,,3.5946783773
mc/mc_infill_3_4,mc_infill_3_4_gid-240_20260714_162928,0.5,0.998,1.357619,-0.00144,397.584719018,1.3187864225,True,mc/mc_infill_3_4,False,,,,3.27847592292
mc/mc_beta0.5_s,mc_beta0.5_s_gid-510_20260710_100237,0.5,0.998,1.359465,0.020174,232.499105439,1.80980791067,True,mc/mc_beta0.5_s,False,,,,4.99004199926
mc/mc_infill_lt1_beta0_5,mc_infill_lt1_beta0_5_gid-261_20260714_175506,0.5,0.998,1.359669,-0.028,863.024919139,0.389314946105,True,mc/mc_infill_lt1_beta0_5,False,,,,1.13235664459
mc/mc_infill_1_2,mc_infill_1_2_gid-48_20260714_192506,0.5,0.998,1.360228,-0.026851,876.876218308,0.408517926859,True,mc/mc_infill_1_2,False,,,,1.26890737326
mc/mc_low_rmu_s_beta0_5,mc_low_rmu_s_beta0_5_gid-243_20260711_043319,0.5,0.998,1.360318,0.013812,266.287349607,1.68698989489,True,mc/mc_low_rmu_s_beta0_5,False,,,,4.48646946989
mc/mc_infill_2_3_b,mc_infill_2_3_b_gid-36_20260715_002416,0.5,0.998,1.360743,-0.009083,500.165148018,1.09191454777,True,mc/mc_infill_2_3_b,True,0.103063,500.285764,1.091874,2.6749853353
mc/mc_beta0.5_s,mc_beta0.5_s_gid-771_20260710_101343,0.5,0.998,1.361879,0.024798,211.91538293,1.88912072703,True,mc/mc_beta0.5_s,False,,,,5.36462555272
mc/mc_beta0.5_s,mc_beta0.5_s_gid-48_20260710_095304,0.5,0.998,1.365424,0.013385,268.547747143,1.67848240002,True,mc/mc_beta0.5_s,False,,,,4.46380423192
mc/mc_beta0.5_s,mc_beta0.5_s_gid-945_20260710_102307,0.5,0.998,1.367936,0.030221,191.667353496,1.97200262392,True,mc/mc_beta0.5_s,False,,,,5.81116029412
mc/mc_infill_1_2,mc_infill_1_2_gid-384_20260714_175007,0.5,0.998,1.37136,-0.028854,924.235917553,0.334248002473,True,mc/mc_infill_1_2,False,,,,1.14254092898
mc/mc_beta0.5_s,mc_beta0.5_s_gid-888_20260710_101508,0.5,0.998,1.371652,0.000258,376.227421824,1.36866348448,True,mc/mc_beta0.5_s,False,,,,3.43997745905
mc/mc_infill_2_3,mc_infill_2_3_gid-138_20260715_041037,0.5,0.998,1.37171,-0.017035,633.741991573,0.82231696607,True,mc/mc_infill_2_3,True,0.115533,631.23032,0.817699,2.07109959022
mc/mc_low_rmu_s_beta0_5,mc_low_rmu_s_beta0_5_gid-399_20260711_043319,0.5,0.998,1.372935,-0.014316,581.912056044,0.919841660734,True,mc/mc_low_rmu_s_beta0_5,False,,,,2.28043182249
mc/mc_beta0.5_s,mc_beta0.5_s_gid-117_20260710_094633,0.5,0.998,1.373919,0.017223,246.624430243,1.75519036953,True,mc/mc_beta0.5_s,False,,,,4.78522308546
mc/mc_beta0.5_s,mc_beta0.5_s_gid-918_20260710_101828,0.5,0.998,1.374784,0.020782,229.073826145,1.8204998497,True,mc/mc_beta0.5_s,False,,,,5.07034517837
mc/mc_infill_1_2,mc_infill_1_2_gid-360_20260714_172102,0.5,0.998,1.37759,-0.028282,910.805349933,0.356750884354,True,mc/mc_infill_1_2,False,,,,1.23542662496
mc/mc_low_rmu_s_beta0_5,mc_low_rmu_s_beta0_5_gid-303_20260711_043405,0.5,0.998,1.378332,-0.020248,703.892650915,0.699818435818,True,mc/mc_low_rmu_s_beta0_5,False,,,,1.86433365787
mc/mc_beta0.5_s,mc_beta0.5_s_gid-558_20260710_100748,0.5,0.998,1.38177,0.031447,187.489250367,1.98806123047,True,mc/mc_beta0.5_s,False,,,,5.93655091092
mc/mc_beta0.5_s,mc_beta0.5_s_gid-1080_20260710_053659,0.5,0.998,1.382499,0.00638,316.876083037,1.52520541529,True,mc/mc_beta0.5_s,False,,,,3.95563336948
mc/mc_low_rmu_s_beta0_5,mc_low_rmu_s_beta0_5_gid-225_20260711_043313,0.5,0.998,1.383057,-0.002615,406.800822575,1.29292381022,True,mc/mc_low_rmu_s_beta0_5,False,,,,3.24324363673
mc/mc_infill_1_2,mc_infill_1_2_gid-432_20260714_174956,0.5,0.998,1.38546,-0.026514,840.763491356,0.452944491466,True,mc/mc_infill_1_2,False,,,,1.41649434614
mc/mc_infill_3_4,mc_infill_3_4_gid-96_20260714_164029,0.5,0.998,1.386751,0.00025,373.912665344,1.37208703073,True,mc/mc_infill_3_4,False,,,,3.4730824099
mc/mc_beta0.5_s,mc_beta0.5_s_gid-837_20260710_101612,0.5,0.998,1.387052,0.003837,338.454463675,1.46430860261,True,mc/mc_beta0.5_s,False,,,,3.75783067387
mc/mc_low_rmu_s_beta0_5,mc_low_rmu_s_beta0_5_gid-183_20260711_042828,0.5,0.998,1.389151,-0.0196,675.917491193,0.732654493779,True,mc/mc_low_rmu_s_beta0_5,False,,,,1.92455697068
mc/mc_infill_2_3,mc_infill_2_3_gid-558_20260715_041959,0.5,0.998,1.389609,-0.011942,537.669671618,1.00931568671,True,mc/mc_infill_2_3,True,0.140349,537.669672,1.009316,2.51321154296
mc/mc_beta0.5_s,mc_beta0.5_s_gid-330_20260710_102747,0.5,0.998,1.391581,0.001155,363.768326891,1.39703615437,True,mc/mc_beta0.5_s,False,,,,3.55245832038
mc/mc_beta0.5_s,mc_beta0.5_s_gid-348_20260710_100239,0.5,0.998,1.39373,0.016265,250.668936671,1.73753990896,True,mc/mc_beta0.5_s,False,,,,4.7511057128
mc/mc_low_rmu_s_beta0_5,mc_low_rmu_s_beta0_5_gid-366_20260711_043412,0.5,0.998,1.395974,-0.0045,427.472665912,1.24323111966,True,mc/mc_low_rmu_s_beta0_5,True,0.248378,427.476681,1.243209,3.12387525057
mc/mc_infill_2_3,mc_infill_2_3_gid-546_20260715_041800,0.5,0.998,1.39762,-0.016893,623.233845384,0.836881747199,True,mc/mc_infill_2_3,True,0.170205,623.233845,0.836882,2.1456670234
mc/mc_beta0.5_s,mc_beta0.5_s_gid-693_20260710_101338,0.5,0.998,1.397881,0.031519,187.117595851,1.98751220665,True,mc/mc_beta0.5_s,False,,,,5.97349044529
mc/mc_infill_1_2,mc_infill_1_2_gid-60_20260714_173537,0.5,0.998,1.399067,-0.02922,904.127277667,0.351862342016,True,mc/mc_infill_1_2,False,,,,1.22676166156
mc/mc_beta0.5_s,mc_beta0.5_s_gid-831_20260710_101612,0.5,0.998,1.399087,0.00203,353.934281485,1.42128818904,True,mc/mc_beta0.5_s,False,,,,3.63557199362
mc/mc_low_rmu_s_beta0_5,mc_low_rmu_s_beta0_5_gid-117_20260711_042910,0.5,0.998,1.406656,0.002747,346.00618016,1.4410589626,True,mc/mc_low_rmu_s_beta0_5,False,,,,3.71298891702
mc/mc_infill_2_3_a,mc_infill_2_3_a_gid-108_20260714_213242,0.5,0.998,1.407392,-0.012212,536.925539618,1.00810661954,True,mc/mc_infill_2_3_a,True,0.139982,536.917952,1.007909,2.53578581183
mc/mc_infill_1_2,mc_infill_1_2_gid-312_20260714_175106,0.5,0.998,1.408027,-0.021425,708.243986355,0.672763086846,True,mc/mc_infill_1_2,False,,,,1.83628608209
mc/mc_beta0.5_s,mc_beta0.5_s_gid-1452_20260710_055045,0.5,0.998,1.408925,0.011131,279.665494092,1.63496582936,True,mc/mc_beta0.5_s,False,,,,4.38071057773
mc/mc_beta0.5_s,mc_beta0.5_s_gid-1455_20260710_055110,0.5,0.998,1.410432,0.026271,205.075959023,1.9100359504,True,mc/mc_beta0.5_s,False,,,,5.57937045331
mc/mc_infill_3_4,mc_infill_3_4_gid-6_20260714_175007,0.5,0.998,1.411949,0.004183,332.227249112,1.47760674499,True,mc/mc_infill_3_4,False,,,,3.84391357076
mc/mc_low_rmu_s_beta0_5,mc_low_rmu_s_beta0_5_gid-420_20260711_043737,0.5,0.998,1.412433,-0.012747,544.189395872,0.992216771632,True,mc/mc_low_rmu_s_beta0_5,False,,,,2.50404019626
mc/mc_infill_1_2,mc_infill_1_2_gid-522_20260714_173804,0.5,0.998,1.41375,-0.023421,758.215118794,0.593084952248,True,mc/mc_infill_1_2,False,,,,1.64894866681
mc/mc_beta0.5_s,mc_beta0.5_s_gid-246_20260710_095718,0.5,0.998,1.413988,0.024482,211.892572255,1.88185724489,True,mc/mc_beta0.5_s,False,,,,5.44436806827
mc/mc_infill_lt1_beta0_5,mc_infill_lt1_beta0_5_gid-108_20260714_165402,0.5,0.998,1.414085,-0.0283,888.655476134,0.389600146785,True,mc/mc_infill_lt1_beta0_5,False,,,,1.33566724294
mc/mc_low_rmu_s_beta0_5,mc_low_rmu_s_beta0_5_gid-306_20260711_043312,0.5,0.998,1.415491,0.008851,294.647609002,1.58665789922,True,mc/mc_low_rmu_s_beta0_5,False,,,,4.21764995577
mc/mc_infill_2_3,mc_infill_2_3_gid-378_20260715_041543,0.5,0.998,1.417703,-0.005823,439.94782787,1.21189914689,True,mc/mc_infill_2_3,True,0.221608,439.955139,1.211874,3.06997981919
mc/mc_beta0.5_s,mc_beta0.5_s_gid-240_20260710_095718,0.5,0.998,1.417929,0.011517,276.5221216,1.64403535637,True,mc/mc_beta0.5_s,False,,,,4.43003553396
mc/mc_beta0.5_s,mc_beta0.5_s_gid-96_20260710_095504,0.5,0.998,1.419125,0.018931,236.036974879,1.78788256566,True,mc/mc_beta0.5_s,False,,,,5.0149813294
mc/mc_beta0.5_s,mc_beta0.5_s_gid-1071_20260710_053908,0.5,0.998,1.421748,0.015285,254.372288186,1.72013758909,True,mc/mc_beta0.5_s,False,,,,4.73290369842
mc/mc_beta0.5_s,mc_beta0.5_s_gid-1269_20260710_054441,0.5,0.998,1.422462,0.005899,316.478913326,1.52048090714,True,mc/mc_beta0.5_s,False,,,,4.00547424355
mc/mc_infill_1_2,mc_infill_1_2_gid-654_20260714_175008,0.5,0.998,1.422972,-0.025676,809.974476029,0.50843574744,True,mc/mc_infill_1_2,False,,,,1.51964868872
mc/mc_low_rmu_s_beta0_5,mc_low_rmu_s_beta0_5_gid-309_20260711_043316,0.5,0.998,1.424067,-0.011741,524.585280242,1.03106540682,True,mc/mc_low_rmu_s_beta0_5,False,,,,2.61328502471
mc/mc_beta0.5_s,mc_beta0.5_s_gid-18_20260710_094621,0.5,0.998,1.42609,0.006659,310.027914818,1.53872918064,True,mc/mc_beta0.5_s,False,,,,4.07164998724
mc/mc_infill_2_3,mc_infill_2_3_gid-600_20260715_041753,0.5,0.998,1.428086,-0.017146,615.524824901,0.844948147336,True,mc/mc_infill_2_3,True,0.061525,615.524825,0.844948,2.19923846649
mc/mc_infill_1_2,mc_infill_1_2_gid-594_20260714_175539,0.5,0.998,1.428818,-0.028996,902.380816745,0.363083535254,True,mc/mc_infill_1_2,False,,,,1.2801872159
mc/mc_infill_3_4,mc_infill_3_4_gid-198_20260714_175438,0.5,0.998,1.430655,0.000694,362.506693306,1.39431164155,True,mc/mc_infill_3_4,False,,,,3.60367325006
mc/mc_low_rmu_s_beta0_5,mc_low_rmu_s_beta0_5_gid-39_20260711_042823,0.5,0.998,1.433083,-0.005805,436.334799825,1.21749800699,True,mc/mc_low_rmu_s_beta0_5,False,,,,3.10737620927
mc/mc_beta0.5_s,mc_beta0.5_s_gid-792_20260710_101347,0.5,0.998,1.433153,0.022393,219.874404017,1.84761859222,True,mc/mc_beta0.5_s,False,,,,5.31742078898
mc/mc_infill_2_3,mc_infill_2_3_gid-432_20260715_041756,0.5,0.998,1.434969,-0.006881,450.156026208,1.18679146678,True,mc/mc_infill_2_3,True,0.159298,450.156026,1.186791,3.02674546289
mc/mc_infill_1_2,mc_infill_1_2_gid-540_20260714_174609,0.5,0.998,1.435036,-0.02696,838.557957222,0.459148706133,True,mc/mc_infill_1_2,False,,,,1.44705997712
mc/mc_low_rmu_s_beta0_5,mc_low_rmu_s_beta0_5_gid-102_20260711_042827,0.5,0.998,1.436735,0.005193,320.646978817,1.50645209396,True,mc/mc_low_rmu_s_beta0_5,False,,,,3.9824477165
mc/mc_low_rmu_s_beta0_5,mc_low_rmu_s_beta0_5_gid-417_20260711_043736,0.5,0.998,1.442787,-0.016322,594.888361209,0.883471331577,True,mc/mc_low_rmu_s_beta0_5,False,,,,2.28901083488
mc/mc_beta0.5_s,mc_beta0.5_s_gid-912_20260710_101825,0.5,0.998,1.443437,0.018022,239.283265186,1.77234952131,True,mc/mc_beta0.5_s,False,,,,4.99339862223
mc/mc_infill_1_2,mc_infill_1_2_gid-636_20260714_175438,0.5,0.998,1.445423,-0.021252,691.129627576,0.701280241975,True,mc/mc_infill_1_2,False,,,,1.94530602676
mc/mc_beta0.5_s,mc_beta0.5_s_gid-1245_20260710_054053,0.5,0.998,1.445805,0.018402,237.340399351,1.77926231046,True,mc/mc_beta0.5_s,False,,,,5.0282056723
mc/mc_beta0.5_s,mc_beta0.5_s_gid-27_20260710_094933,0.5,0.998,1.446405,0.02311,216.448140796,1.85928360511,True,mc/mc_beta0.5_s,False,,,,5.40080367296
mc/mc_low_rmu_s_beta0_5,mc_low_rmu_s_beta0_5_gid-321_20260711_043314,0.5,0.998,1.446862,0.008446,294.675624426,1.58212765683,True,mc/mc_low_rmu_s_beta0_5,False,,,,4.25377351796
mc/mc_infill_2_3_a,mc_infill_2_3_a_gid-198_20260714_213247,0.5,0.998,1.448083,-0.011811,519.017821475,1.03887991893,False,mc/mc_infill_2_3_a,False,,,,2.66656661615
mc/mc_beta0.5_s,mc_beta0.5_s_gid-9_20260710_094620,0.5,0.998,1.449675,0.027514,199.706394255,1.9270454957,True,mc/mc_beta0.5_s,False,,,,5.75536132271
mc/mc_infill_2_3,mc_infill_2_3_gid-264_20260715_041533,0.5,0.998,1.451725,-0.01152,513.722830563,1.04984048119,True,mc/mc_infill_2_3,True,0.200265,513.722831,1.04984,2.69870708103
mc/mc_beta0.5_s,mc_beta0.5_s_gid-1419_20260710_055414,0.5,0.998,1.451856,0.029113,194.203983312,1.94999589466,True,mc/mc_beta0.5_s,False,,,,5.88626873752
mc/mc_infill_1_2,mc_infill_1_2_gid-414_20260714_175037,0.5,0.998,1.452338,-0.024783,772.568501935,0.564856822903,True,mc/mc_infill_1_2,False,,,,1.68954512603
mc/mc_beta0.5_s,mc_beta0.5_s_gid-351_20260710_100239,0.5,0.998,1.454314,0.007374,301.71336757,1.55952219227,True,mc/mc_beta0.5_s,False,,,,4.1874230354
mc/mc_beta0.5_s,mc_beta0.5_s_gid-576_20260710_100937,0.5,0.998,1.457071,0.004142,327.014370237,1.48549769968,True,mc/mc_beta0.5_s,False,,,,3.94389085817
mc/mc_low_rmu_s_beta0_5,mc_low_rmu_s_beta0_5_gid-441_20260711_043737,0.5,0.998,1.459226,0.01245,267.884065949,1.6674373281,True,mc/mc_low_rmu_s_beta0_5,False,,,,4.59041978715
mc/mc_low_rmu_s_beta0_5,mc_low_rmu_s_beta0_5_gid-69_20260711_042827,0.5,0.998,1.462119,0.011676,272.283910362,1.65210343352,True,mc/mc_low_rmu_s_beta0_5,False,,,,4.53644558296
mc/mc_infill_3_4,mc_infill_3_4_gid-180_20260714_175005,0.5,0.998,1.463301,0.009304,287.281556469,1.60308329512,True,mc/mc_infill_3_4,False,,,,4.35548339825
mc/mc_infill_2_3,mc_infill_2_3_gid-36_20260715_040901,0.5,0.998,1.466196,-0.00882,469.46915655,1.14034029709,True,mc/mc_infill_2_3,True,0.1348,469.469157,1.14034,2.94744187387
mc/mc_infill_1_2,mc_infill_1_2_gid-438_20260714_175414,0.5,0.998,1.467101,-0.020079,659.365950572,0.758679240066,True,mc/mc_infill_1_2,False,,,,2.06084232503
mc/mc_low_rmu_s_beta0_5,mc_low_rmu_s_beta0_5_gid-84_20260711_042829,0.5,0.998,1.469962,0.009045,288.434244297,1.59848531567,True,mc/mc_low_rmu_s_beta0_5,False,,,,4.34973514479
mc/mc_beta0.5_s,mc_beta0.5_s_gid-339_20260710_100911,0.5,0.998,1.47041,0.009655,284.346893675,1.61154101191,True,mc/mc_beta0.5_s,False,,,,4.39771234399
mc/mc_infill_1_2,mc_infill_1_2_gid-690_20260714_175638,0.5,0.998,1.471398,-0.025967,786.252867542,0.528970078908,False,mc/mc_infill_1_2,False,,,,1.65535330123
mc/mc_infill_2_3_a,mc_infill_2_3_a_gid-156_20260714_213243,0.5,0.998,1.475126,-0.005925,428.724047453,1.22805547122,True,mc/mc_infill_2_3_a,True,0.121994,428.725086,1.228055,3.19565477422
mc/mc_beta0.5_s,mc_beta0.5_s_gid-177_20260710_094939,0.5,0.998,1.476327,0.001318,349.639599018,1.42107854396,True,mc/mc_beta0.5_s,False,,,,3.75680798253
mc/mc_infill_3_4,mc_infill_3_4_gid-48_20260714_165259,0.5,0.998,1.476701,-0.003858,403.512039422,1.28614468811,True,mc/mc_infill_3_4,False,,,,3.36201008151
mc/mc_beta0.5_s,mc_beta0.5_s_gid-978_20260710_102748,0.5,0.998,1.478224,0.012084,268.671512979,1.66216003277,True,mc/mc_beta0.5_s,False,,,,4.6021321958
mc/mc_infill_lt1_beta0_5,mc_infill_lt1_beta0_5_gid-168_20260714_174234,0.5,0.998,1.478568,-0.029298,887.233038632,0.384273227314,True,mc/mc_infill_lt1_beta0_5,False,,,,1.41999940023
mc/mc_low_rmu_s_beta0_5,mc_low_rmu_s_beta0_5_gid-330_20260711_043339,0.5,0.998,1.478568,-0.020522,662.085424996,0.748557243445,True,mc/mc_low_rmu_s_beta0_5,True,0.121069,666.697202,0.748703,2.05084118553
mc/mc_infill_1_2,mc_infill_1_2_gid-36_20260714_180422,0.5,0.998,1.482385,-0.028647,863.507729778,0.41567941845,True,mc/mc_infill_1_2,False,,,,1.44732533299
mc/mc_low_rmu_s_beta0_5,mc_low_rmu_s_beta0_5_gid-54_20260711_042824,0.5,0.998,1.484667,-0.01263,521.292904834,1.02857000314,True,mc/mc_low_rmu_s_beta0_5,False,,,,2.68880961016
mc/mc_beta0.5_s,mc_beta0.5_s_gid-231_20260710_104028,0.5,0.998,1.485253,0.007988,294.28893894,1.57801131002,True,mc/mc_beta0.5_s,False,,,,4.30104083625
mc/mc_beta0.5_s,mc_beta0.5_s_gid-954_20260710_102307,0.5,0.998,1.487119,0.021662,220.952351862,1.83616694232,True,mc/mc_beta0.5_s,False,,,,5.36860723571
mc/mc_beta0.5_s,mc_beta0.5_s_gid-264_20260710_100204,0.5,0.998,1.488485,0.014402,255.078743323,1.70839139406,True,mc/mc_beta0.5_s,False,,,,4.80373092938
mc/mc_infill_2_3,mc_infill_2_3_gid-54_20260715_040903,0.5,0.998,1.489195,-0.013523,534.216425276,1.00107074787,True,mc/mc_infill_2_3,True,0.276838,534.216425,1.001071,2.62741135921
mc/mc_infill_1_2,mc_infill_1_2_gid-174_20260714_174735,0.5,0.998,1.490502,-0.018991,626.342455356,0.812420726451,True,mc/mc_infill_1_2,False,,,,2.21375599753
mc/mc_low_rmu_s_beta0_5,mc_low_rmu_s_beta0_5_gid-396_20260711_043412,0.5,0.998,1.49056,-0.00214,381.924845809,1.33634710096,True,mc/mc_low_rmu_s_beta0_5,False,,,,3.52206571934
mc/mc_beta0.5_s,mc_beta0.5_s_gid-630_20260710_100926,0.5,0.998,1.49111,0.024893,208.078608103,1.88705886253,True,mc/mc_beta0.5_s,False,,,,5.63017520801
mc/mc_beta0.5_s,mc_beta0.5_s_gid-402_20260710_100905,0.5,0.998,1.492523,0.002318,338.243752516,1.44938891007,True,mc/mc_beta0.5_s,False,,,,3.87602929691
mc/mc_low_rmu_s_beta0_5,mc_low_rmu_s_beta0_5_gid-180_20260711_042828,0.5,0.998,1.493918,0.00342,328.516509174,1.47605490901,True,mc/mc_low_rmu_s_beta0_5,False,,,,3.96892031599
mc/mc_beta0.5_s,mc_beta0.5_s_gid-1404_20260710_054819,0.5,0.998,1.49471,0.022183,218.507777981,1.84476436096,True,mc/mc_beta0.5_s,False,,,,5.42468756676
mc/mc_infill_lt1_beta0_5,mc_infill_lt1_beta0_5_gid-216_20260714_173704,0.5,0.998,1.49548,-0.032864,975.001763094,0.247822724964,True,mc/mc_infill_lt1_beta0_5,False,,,,1.190183024
mc/mc_infill_2_3_a,mc_infill_2_3_a_gid-174_20260714_213243,0.5,0.998,1.497271,-0.008044,451.178515475,1.17448392111,True,mc/mc_infill_2_3_a,True,0.277415,451.179605,1.174485,3.08078687105
mc/mc_beta0.5_s,mc_beta0.5_s_gid-486_20260710_100204,0.5,0.998,1.497503,0.021251,222.255741681,1.82973137766,True,mc/mc_beta0.5_s,False,,,,5.35725054952
mc/mc_infill_1_2,mc_infill_1_2_gid-24_20260714_175715,0.5,0.998,1.497855,-0.027429,819.287671977,0.48293665172,True,mc/mc_infill_1_2,False,,,,1.56554532268
mc/mc_infill_3_4,mc_infill_3_4_gid-162_20260714_175536,0.5,0.998,1.500594,0.005682,309.551359082,1.52966090112,True,mc/mc_infill_3_4,False,,,,4.15714814921
mc/mc_beta0.5_s,mc_beta0.5_s_gid-1158_20260710_053810,0.5,0.998,1.500896,0.015524,248.523422973,1.73045366222,True,mc/mc_beta0.5_s,False,,,,4.91673654954
mc/mc_beta0.5_s,mc_beta0.5_s_gid-471_20260710_100843,0.5,0.998,1.503486,0.010512,276.149544835,1.6338999258,True,mc/mc_beta0.5_s,False,,,,4.53395196832
mc/mc_infill_2_3,mc_infill_2_3_gid-60_20260715_040903,0.5,0.998,1.505785,-0.00511,412.353964056,1.26097437664,True,mc/mc_infill_2_3,True,0.145892,412.353964,1.260974,3.32989547175
mc/mc_infill_lt1_beta0_5,mc_infill_lt1_beta0_5_gid-279_20260714_174956,0.5,0.998,1.506128,-0.031359,892.62662584,0.34798771949,True,mc/mc_infill_lt1_beta0_5,False,,,,1.33386515635
mc/mc_low_rmu_s_beta0_5,mc_low_rmu_s_beta0_5_gid-153_20260711_042826,0.5,0.998,1.506539,-0.005425,415.945268478,1.25251376088,True,mc/mc_low_rmu_s_beta0_5,True,0.225213,415.945091,1.252513,3.3070456705
mc/mc_beta0.5_s,mc_beta0.5_s_gid-570_20260710_100635,0.5,0.998,1.506556,0.019125,231.087991591,1.79462086014,True,mc/mc_beta0.5_s,False,,,,5.20919709412
mc/mc_low_rmu_s_beta0_5,mc_low_rmu_s_beta0_5_gid-411_20260711_043741,0.5,0.998,1.508804,-0.013752,531.994151525,1.00251278477,True,mc/mc_low_rmu_s_beta0_5,False,,,,2.65753078023
mc/mc_infill_1_2,mc_infill_1_2_gid-336_20260714_172633,0.5,0.998,1.508976,-0.023173,714.502800041,0.666968804121,True,mc/mc_infill_1_2,False,,,,1.92170242817
mc/mc_beta0.5_s,mc_beta0.5_s_gid-1227_20260710_054049,0.5,0.998,1.509191,0.004369,318.827966234,1.50143772986,True,mc/mc_beta0.5_s,False,,,,4.07559307844
mc/mc_beta0.5_s,mc_beta0.5_s_gid-702_20260710_101337,0.5,0.998,1.510745,0.01291,261.668467365,1.6820776195,True,mc/mc_beta0.5_s,False,,,,4.73442676875
mc/mc_infill_2_3_b,mc_infill_2_3_b_gid-264_20260715_002907,0.5,0.998,1.514297,-0.011688,498.417872852,1.07122074693,True,mc/mc_infill_2_3_b,False,,,,2.83464083768
mc/mc_low_rmu_s_beta0_5,mc_low_rmu_s_beta0_5_gid-186_20260711_042829,0.5,0.998,1.516777,0.010701,273.942953291,1.63918565433,True,mc/mc_low_rmu_s_beta0_5,False,,,,4.57653518042
mc/mc_infill_3_4,mc_infill_3_4_gid-138_20260714_171604,0.5,0.998,1.517419,0.003617,323.914088167,1.48576668441,True,mc/mc_infill_3_4,False,,,,4.03626751668
mc/mc_beta0.5_s,mc_beta0.5_s_gid-1029_20260710_053700,0.5,0.998,1.517814,0.00253,332.984684069,1.46028136257,True,mc/mc_beta0.5_s,False,,,,3.95097594393
mc/mc_beta0.5_s,mc_beta0.5_s_gid-639_20260710_101037,0.5,0.998,1.519654,0.023494,212.408007886,1.86589161297,True,mc/mc_beta0.5_s,False,,,,5.57690085005
mc/mc_infill_1_2,mc_infill_1_2_gid-666_20260714_175406,0.5,0.998,1.520328,-0.024474,731.816849011,0.62196961157,True,mc/mc_infill_1_2,False,,,,1.86182906861
mc/mc_low_rmu_s_beta0_5,mc_low_rmu_s_beta0_5_gid-189_20260711_042903,0.5,0.998,1.522178,0.006393,301.935368912,1.54954721669,True,mc/mc_low_rmu_s_beta0_5,False,,,,4.25740752301
mc/mc_beta0.5_s,mc_beta0.5_s_gid-72_20260710_094621,0.5,0.998,1.522212,0.014043,254.800920729,1.7049158813,True,mc/mc_beta0.5_s,False,,,,4.84592403428
mc/mc_infill_2_3,mc_infill_2_3_gid-300_20260715_041533,0.5,0.998,1.522878,-0.010973,485.603174966,1.09693394864,True,mc/mc_infill_2_3,True,0.141272,485.603175,1.096934,2.91091053679
mc/mc_low_rmu_s_beta0_5,mc_low_rmu_s_beta0_5_gid-87_20260711_042829,0.5,0.998,1.52745,0.00025,352.045451661,1.40736868975,True,mc/mc_low_rmu_s_beta0_5,False,,,,3.7875198154
mc/mc_infill_1_2,mc_infill_1_2_gid-84_20260714_175613,0.5,0.998,1.528285,-0.025879,765.989368543,0.567749831774,True,mc/mc_infill_1_2,False,,,,1.76947804484
mc/mc_beta0.5_s,mc_beta0.5_s_gid-645_20260710_100939,0.5,0.998,1.529161,0.003124,326.481685766,1.4768633734,True,mc/mc_beta0.5_s,False,,,,4.02474379984
mc/mc_beta0.5_s,mc_beta0.5_s_gid-138_20260710_094622,0.5,0.998,1.530566,0.021082,221.567894123,1.82818583393,True,mc/mc_beta0.5_s,False,,,,5.41029941913
mc/mc_infill_lt1_beta0_5,mc_infill_lt1_beta0_5_gid-186_20260714_174735,0.5,0.998,1.532358,-0.030179,849.858503969,0.409358441704,True,mc/mc_infill_lt1_beta0_5,True,0.070998,802.156094,0.461826,1.41179998029
mc/mc_beta0.5_s,mc_beta0.5_s_gid-294_20260710_100606,0.5,0.998,1.532993,0.025394,204.96341025,1.89468225897,True,mc/mc_beta0.5_s,False,,,,5.75151196279
mc/mc_low_rmu_s_beta0_5,mc_low_rmu_s_beta0_5_gid-432_20260711_043736,0.5,0.998,1.535448,-0.006724,425.539732214,1.22614468873,True,mc/mc_low_rmu_s_beta0_5,False,,,,3.27199207849
mc/mc_infill_2_3_a,mc_infill_2_3_a_gid-144_20260714_213243,0.5,0.998,1.535486,-0.012907,511.075011591,1.04170983385,True,mc/mc_infill_2_3_a,True,0.162608,511.168705,1.041839,2.78837163107
mc/mc_infill_1_2,mc_infill_1_2_gid-306_20260714_174956,0.5,0.998,1.536746,-0.022443,683.80075758,0.711488799434,True,mc/mc_infill_1_2,False,,,,2.05441655888
mc/mc_beta0.5_s,mc_beta0.5_s_gid-312_20260710_102747,0.5,0.998,1.537317,0.000571,347.598133201,1.41780329019,True,mc/mc_beta0.5_s,False,,,,3.83641300535
mc/mc_infill_3_4,mc_infill_3_4_gid-84_20260714_164029,0.5,0.998,1.540501,0.002834,327.422727468,1.47266528663,True,mc/mc_infill_3_4,False,,,,4.02694030995
mc/mc_infill_1_2,mc_infill_1_2_gid-366_20260714_172103,0.5,0.998,1.540865,-0.02171,665.096817847,0.740395418248,True,mc/mc_infill_1_2,False,,,,2.12641816021
mc/mc_beta0.5_s,mc_beta0.5_s_gid-189_20260710_095320,0.5,0.998,1.541556,0.015904,244.224065213,1.74091561208,True,mc/mc_beta0.5_s,False,,,,5.02995477579
mc/mc_beta0.5_s,mc_beta0.5_s_gid-540_20260710_100507,0.5,0.998,1.542662,0.017717,235.624592201,1.77281581214,True,mc/mc_beta0.5_s,False,,,,5.17282225406
mc/mc_infill_2_3,mc_infill_2_3_gid-516_20260715_041750,0.5,0.998,1.543752,-0.015209,544.521825809,0.97121847478,True,mc/mc_infill_2_3,True,0.135237,544.813375,0.97098,2.62524975189
mc/mc_beta0.5_s,mc_beta0.5_s_gid-483_20260710_100207,0.5,0.998,1.544046,0.020855,221.91625999,1.82514066707,True,mc/mc_beta0.5_s,False,,,,5.41953598498
mc/mc_low_rmu_s_beta0_5,mc_low_rmu_s_beta0_5_gid-375_20260711_043401,0.5,0.998,1.544098,-0.01703,574.304885866,0.909853282381,True,mc/mc_low_rmu_s_beta0_5,False,,,,2.47939918578
mc/mc_beta0.5_s,mc_beta0.5_s_gid-201_20260710_095728,0.5,0.998,1.547247,0.015481,245.941679609,1.73386485621,True,mc/mc_beta0.5_s,False,,,,5.00886260628
mc/mc_low_rmu_s_beta0_5,mc_low_rmu_s_beta0_5_gid-267_20260711_043312,0.5,0.998,1.551789,0.002344,330.028037632,1.46382969686,True,mc/mc_low_rmu_s_beta0_5,False,,,,4.0129200241
mc/mc_beta0.5_s,mc_beta0.5_s_gid-873_20260710_101408,0.5,0.998,1.553344,0.014327,251.30527361,1.71351561412,True,mc/mc_beta0.5_s,False,,,,4.93221096753
mc/mc_infill_1_2,mc_infill_1_2_gid-342_20260714_172633,0.5,0.998,1.553642,-0.022043,666.686440218,0.7345097703,True,mc/mc_infill_1_2,False,,,,2.14685906874
mc/mc_beta0.5_s,mc_beta0.5_s_gid-153_20260710_095338,0.5,0.998,1.555758,0.019674,226.322186037,1.80659609623,True,mc/mc_beta0.5_s,False,,,,5.3511701444
mc/mc_infill_2_3,mc_infill_2_3_gid-12_20260715_040901,0.5,0.998,1.556058,-0.0067,420.772464615,1.23399709158,True,mc/mc_infill_2_3,True,0.213986,420.772465,1.233997,3.32090892319
mc/mc_beta0.5_s,mc_beta0.5_s_gid-984_20260710_102747,0.5,0.998,1.557252,0.010226,273.488813598,1.63548800476,True,mc/mc_beta0.5_s,False,,,,4.62500529217
mc/mc_wrongbasin_ws,mc_wrongbasin_ws_gid-59_20260713_015215,0.5,0.998,1.558724,-0.006115,413.245353451,1.25102953724,True,mc/mc_wrongbasin_ws,True,0.207776,413.245577,1.251029,3.37389819554
mc/mc_infill_1_2,mc_infill_1_2_gid-270_20260714_174956,0.5,0.998,1.559385,-0.027675,797.156515309,0.512629254873,True,mc/mc_infill_1_2,False,,,,1.66604798364
mc/mc_beta0.5_s,mc_beta0.5_s_gid-1449_20260710_055045,0.5,0.998,1.561314,0.00305,322.97882054,1.48246195996,True,mc/mc_beta0.5_s,False,,,,4.08712789462
mc/mc_infill_3_4,mc_infill_3_4_gid-72_20260714_163030,0.5,0.998,1.561448,0.00658,296.516844328,1.56099638748,True,mc/mc_infill_3_4,False,,,,4.35532561571
mc/mc_low_rmu_s_beta0_5,mc_low_rmu_s_beta0_5_gid-438_20260711_043736,0.5,0.998,1.563331,0.014902,247.786665185,1.72506536769,True,mc/mc_low_rmu_s_beta0_5,False,,,,4.99708538381
mc/mc_beta0.5_s,mc_beta0.5_s_gid-1485_20260710_055209,0.5,0.998,1.567487,0.009374,277.736109107,1.62030804142,True,mc/mc_beta0.5_s,False,,,,4.58122421575
mc/mc_beta0.5_s,mc_beta0.5_s_gid-1137_20260710_053739,0.5,0.998,1.568465,0.021913,216.61950662,1.84304676241,True,mc/mc_beta0.5_s,False,,,,5.55019300576
mc/mc_infill_2_3,mc_infill_2_3_gid-222_20260715_041530,0.5,0.998,1.569379,-0.008392,438.743503682,1.19079470863,True,mc/mc_infill_2_3,True,0.203354,438.743504,1.190795,3.22005482083
mc/mc_low_rmu_s_beta0_5,mc_low_rmu_s_beta0_5_gid-231_20260711_043312,0.5,0.998,1.569914,0.007639,288.511971644,1.58501757555,True,mc/mc_low_rmu_s_beta0_5,False,,,,4.45391311256
mc/mc_infill_1_2,mc_infill_1_2_gid-324_20260714_175106,0.5,0.998,1.573746,-0.021965,655.815540562,0.74862477999,True,mc/mc_infill_1_2,False,,,,2.17603046152
mc/mc_beta0.5_s,mc_beta0.5_s_gid-735_20260710_101437,0.5,0.998,1.573974,0.013486,254.21614074,1.70040623129,True,mc/mc_beta0.5_s,False,,,,4.9098718211
mc/mc_low_rmu_s_beta0_5,mc_low_rmu_s_beta0_5_gid-45_20260711_042830,0.5,0.998,1.574513,-0.000517,351.955772019,1.40104111195,True,mc/mc_low_rmu_s_beta0_5,False,,,,3.83342045433
mc/mc_beta0.5_s,mc_beta0.5_s_gid-1251_20260710_054100,0.5,0.998,1.576354,0.020264,222.874115672,1.8174503304,True,mc/mc_beta0.5_s,False,,,,5.43802270919
mc/mc_infill_2_3,mc_infill_2_3_gid-348_20260715_041533,0.5,0.998,1.577159,-0.017943,579.035552035,0.895421671147,True,mc/mc_infill_2_3,True,0.155211,580.360157,0.894114,2.49184764019
mc/mc_infill_1_2,mc_infill_1_2_gid-558_20260714_164833,0.5,0.998,1.579439,-0.026726,762.951556095,0.567449315573,True,mc/mc_infill_1_2,False,,,,1.8145616055
mc/mc_beta0.5_s,mc_beta0.5_s_gid-1473_20260710_055121,0.5,0.998,1.581381,0.010118,272.12304334,1.63705947163,True,mc/mc_beta0.5_s,False,,,,4.66714144412
mc/mc_beta0.5_s,mc_beta0.5_s_gid-300_20260710_100207,0.5,0.998,1.582376,0.011063,266.615200854,1.65568918233,True,mc/mc_beta0.5_s,False,,,,4.74136063691
mc/mc_low_rmu_s_beta0_5,mc_low_rmu_s_beta0_5_gid-273_20260711_043312,0.5,0.998,1.582903,-0.003742,382.23735656,1.32219343164,True,mc/mc_low_rmu_s_beta0_5,False,,,,3.60363036188
mc/mc_infill_lt1_beta0_5,mc_infill_lt1_beta0_5_gid-237_20260714_175106,0.5,0.998,1.585614,-0.03409,919.220880662,0.310996483625,True,mc/mc_infill_lt1_beta0_5,False,,,,1.37393603129
mc/mc_infill_1_2,mc_infill_1_2_gid-390_20260714_174109,0.5,0.998,1.587967,-0.018179,579.971816805,0.892945739379,True,mc/mc_infill_1_2,False,,,,2.49666632827
mc/mc_infill_2_3,mc_infill_2_3_gid-180_20260715_041101,0.5,0.998,1.588942,-0.017779,572.609179998,0.906953411633,True,mc/mc_infill_2_3,True,0.199767,572.740985,0.907119,2.53237437606
mc/mc_infill_1_2,mc_infill_1_2_gid-228_20260714_173404,0.5,0.998,1.592638,-0.024036,692.355228495,0.684111918221,True,mc/mc_infill_1_2,False,,,,2.08075435337
mc/mc_low_rmu_s_beta0_5,mc_low_rmu_s_beta0_5_gid-201_20260711_043316,0.5,0.998,1.592889,-0.009475,447.110992806,1.16911955565,True,mc/mc_low_rmu_s_beta0_5,False,,,,3.18989965466
mc/mc_beta0.5_s,mc_beta0.5_s_gid-1059_20260710_053659,0.5,0.998,1.593097,0.020432,221.402687108,1.82121082091,True,mc/mc_beta0.5_s,False,,,,5.48424434622
mc/mc_beta0.5_s,mc_beta0.5_s_gid-1140_20260710_053739,0.5,0.998,1.596323,0.024694,205.29110342,1.88587632945,True,mc/mc_beta0.5_s,False,,,,5.82008905587
mc/mc_infill_3_4,mc_infill_3_4_gid-60_20260714_172433,0.5,0.998,1.59645,-0.001855,361.024737389,1.37421605663,True,mc/mc_infill_3_4,False,,,,3.77534261573
mc/mc_low_rmu_s_beta0_5,mc_low_rmu_s_beta0_5_gid-423_20260711_043739,0.5,0.998,1.597949,0.008304,281.609325098,1.60378229296,True,mc/mc_low_rmu_s_beta0_5,False,,,,4.56338879109
mc/mc_infill_2_3,mc_infill_2_3_gid-462_20260715_041752,0.5,0.998,1.599776,-0.009604,447.126920765,1.1680828152,True,mc/mc_infill_2_3,True,0.331147,447.126921,1.168083,3.19565462733
mc/mc_beta0.5_s,mc_beta0.5_s_gid-1032_20260710_053700,0.5,0.998,1.600651,0.0049,304.138192477,1.53263794402,True,mc/mc_beta0.5_s,False,,,,4.31066729211
mc/mc_infill_3_4,mc_infill_3_4_gid-90_20260714_164029,0.5,0.998,1.600737,0.005477,300.037656294,1.54514262327,True,mc/mc_infill_3_4,False,,,,4.35454357661
mc/mc_infill_1_2,mc_infill_1_2_gid-294_20260714_174636,0.5,0.998,1.601409,-0.019229,594.866918969,0.861415072298,True,mc/mc_infill_1_2,False,,,,2.44710243365
mc/mc_low_rmu_s_beta0_5,mc_low_rmu_s_beta0_5_gid-354_20260711_043317,0.5,0.998,1.602226,0.006099,295.570070032,1.55874514954,True,mc/mc_low_rmu_s_beta0_5,False,,,,4.40485350205
mc/mc_beta0.5_s,mc_beta0.5_s_gid-126_20260710_095240,0.5,0.998,1.602598,0.010745,266.787744342,1.65260570295,True,mc/mc_beta0.5_s,False,,,,4.75895384553
mc/mc_infill_2_3,mc_infill_2_3_gid-576_20260715_041959,0.5,0.998,1.608307,-0.016688,548.457087844,0.95374869731,True,mc/mc_infill_2_3,True,0.107211,548.457088,0.953749,2.66039932981
mc/mc_low_rmu_s_beta0_5,mc_low_rmu_s_beta0_5_gid-123_20260711_042829,0.5,0.998,1.609013,0.001925,325.848332028,1.46802368943,True,mc/mc_low_rmu_s_beta0_5,False,,,,4.10379043039
mc/mc_infill_1_2,mc_infill_1_2_gid-222_20260714_174609,0.5,0.998,1.609751,-0.02817,778.55899323,0.525884903601,True,mc/mc_infill_1_2,False,,,,1.77518823647
mc/mc_infill_lt1_beta0_5,mc_infill_lt1_beta0_5_gid-387_20260714_174956,0.5,0.998,1.6123,-0.03164,869.930451336,0.383139872265,True,mc/mc_infill_lt1_beta0_5,False,,,,1.4811544289
mc/mc_low_rmu_s_beta0_5,mc_low_rmu_s_beta0_5_gid-405_20260711_043736,0.5,0.998,1.614142,-0.018313,573.323482901,0.902167107645,True,mc/mc_low_rmu_s_beta0_5,False,,,,2.55081429603
mc/mc_infill_lt1_beta0_5,mc_infill_lt1_beta0_5_gid-48_20260714_162253,0.5,0.998,1.61565,-0.035724,1015.75922666,0.209920845456,True,mc/mc_infill_lt1_beta0_5,False,,,,1.28983303423
mc/mc_infill_2_3,mc_infill_2_3_gid-186_20260715_040902,0.5,0.998,1.619412,-0.010053,448.191267896,1.16299193143,True,mc/mc_infill_2_3,True,0.180505,448.191268,1.162992,3.20579164757
mc/mc_beta0.5_s,mc_beta0.5_s_gid-882_20260710_101408,0.5,0.998,1.619997,0.022984,210.460387486,1.8619186079,True,mc/mc_beta0.5_s,False,,,,5.73390189754
mc/mc_infill_1_2,mc_infill_1_2_gid-564_20260714_164901,0.5,0.998,1.620285,-0.022969,659.83408253,0.736249267679,True,mc/mc_infill_1_2,False,,,,2.21534102237
mc/mc_beta0.5_s,mc_beta0.5_s_gid-993_20260710_102801,0.5,0.998,1.623633,0.003429,312.256202676,1.50549905322,True,mc/mc_beta0.5_s,False,,,,4.2478166978
mc/mc_beta0.5_s,mc_beta0.5_s_gid-75_20260710_095411,0.5,0.998,1.624551,0.003272,313.326308865,1.5022318441,True,mc/mc_beta0.5_s,False,,,,4.23793740154
mc/mc_infill_2_3,mc_infill_2_3_gid-24_20260715_040903,0.5,0.998,1.625678,-0.009498,439.541200703,1.18094005928,True,mc/mc_infill_2_3,True,0.254498,439.541201,1.18094,3.26290427516
mc/mc_low_rmu_s_beta0_5,mc_low_rmu_s_beta0_5_gid-381_20260711_043408,0.5,0.998,1.625864,-0.020902,615.574166685,0.819066876333,True,mc/mc_low_rmu_s_beta0_5,False,,,,2.38175459108
mc/mc_beta0.5_s,mc_beta0.5_s_gid-489_20260710_100335,0.5,0.998,1.629572,0.019346,224.020436197,1.8067344096,True,mc/mc_beta0.5_s,False,,,,5.4727461996
mc/mc_infill_1_2,mc_infill_1_2_gid-678_20260714_175638,0.5,0.998,1.630785,-0.019532,589.635444397,0.868855965047,True,mc/mc_infill_1_2,False,,,,2.49240890003
mc/mc_infill_3_4,mc_infill_3_4_gid-204_20260714_174956,0.5,0.998,1.632353,0.007052,286.209085552,1.58466224703,True,mc/mc_infill_3_4,False,,,,4.54024916068
mc/mc_low_rmu_s_beta0_5,mc_low_rmu_s_beta0_5_gid-159_20260711_042829,0.5,0.998,1.632515,0.006865,287.387153672,1.5808499387,True,mc/mc_low_rmu_s_beta0_5,False,,,,4.5264344896
mc/mc_beta0.5_s,mc_beta0.5_s_gid-441_20260710_100306,0.5,0.998,1.63328,0.024268,205.405834191,1.88129849018,True,mc/mc_beta0.5_s,False,,,,5.85848675507
mc/mc_beta0.5_s,mc_beta0.5_s_gid-282_20260710_100204,0.5,0.998,1.637097,0.007837,280.831749658,1.6015460436,True,mc/mc_beta0.5_s,False,,,,4.6094655937
mc/mc_infill_1_2,mc_infill_1_2_gid-12_20260714_175338,0.5,0.998,1.637483,-0.025344,703.477691539,0.661353945137,True,mc/mc_infill_1_2,False,,,,2.06203781886
mc/mc_infill_2_3_b,mc_infill_2_3_b_gid-18_20260715_002403,0.5,0.998,1.638488,-0.01056,450.096432555,1.15612133655,True,mc/mc_infill_2_3_b,True,0.237039,450.134544,1.156078,3.21020969469
mc/mc_beta0.5_s,mc_beta0.5_s_gid-141_20260710_095207,0.5,0.998,1.639098,0.00422,304.615527934,1.52639522086,True,mc/mc_beta0.5_s,False,,,,4.34033896697
mc/mc_low_rmu_s_beta0_5,mc_low_rmu_s_beta0_5_gid-78_20260711_042827,0.5,0.998,1.639409,0.010399,265.720126895,1.6518676628,True,mc/mc_low_rmu_s_beta0_5,False,,,,4.80854839592
mc/mc_beta0.5_s,mc_beta0.5_s_gid-1074_20260710_053941,0.5,0.998,1.643585,0.009767,268.90006921,1.64045556155,True,mc/mc_beta0.5_s,False,,,,4.76916570626
mc/mc_low_rmu_s_beta0_5,mc_low_rmu_s_beta0_5_gid-138_20260711_042829,0.5,0.998,1.643765,0.003223,311.332799475,1.50571249431,True,mc/mc_low_rmu_s_beta0_5,False,,,,4.27494139406
mc/mc_infill_2_3,mc_infill_2_3_gid-234_20260715_041559,0.5,0.998,1.64406,-0.012612,476.362344956,1.09849892175,True,mc/mc_infill_2_3,True,0.187925,476.362345,1.098499,3.06422438944
mc/mc_beta0.5_s,mc_beta0.5_s_gid-750_20260710_101342,0.5,0.998,1.645643,0.022094,212.62422869,1.85027053782,True,mc/mc_beta0.5_s,False,,,,5.71525956187
mc/mc_infill_lt1_beta0_5,mc_infill_lt1_beta0_5_gid-132_20260714_173404,0.5,0.998,1.645985,-0.036119,980.447161185,0.225913346131,True,mc/mc_infill_lt1_beta0_5,True,0.167002,930.617193,0.405626,1.2320835353
mc/mc_beta0.5_s,mc_beta0.5_s_gid-1287_20260710_055342,0.5,0.998,1.646571,0.003955,305.642312963,1.52237038159,True,mc/mc_beta0.5_s,False,,,,4.33607696678
mc/mc_low_rmu_s_beta0_5,mc_low_rmu_s_beta0_5_gid-339_20260711_043336,0.5,0.998,1.647071,-0.012013,467.285579046,1.11750763299,True,mc/mc_low_rmu_s_beta0_5,False,,,,3.11737042613
mc/mc_beta0.5_s,mc_beta0.5_s_gid-765_20260710_101342,0.5,0.998,1.648833,0.012652,253.151959255,1.69521199571,True,mc/mc_beta0.5_s,False,,,,4.99922309513
mc/mc_infill_3_4,mc_infill_3_4_gid-186_20260714_174609,0.5,0.998,1.650545,0.004902,298.544175193,1.54359111679,True,mc/mc_infill_3_4,False,,,,4.41580623646
mc/mc_beta0.5_s,mc_beta0.5_s_gid-555_20260710_100748,0.5,0.998,1.651381,0.008652,274.624009783,1.62045269979,True,mc/mc_beta0.5_s,False,,,,4.70075899218
mc/mc_infill_1_2,mc_infill_1_2_gid-426_20260714_175205,0.5,0.998,1.651647,-0.02043,597.231354667,0.850617483089,True,mc/mc_infill_1_2,False,,,,2.46731198616
mc/mc_beta0.5_s,mc_beta0.5_s_gid-780_20260710_101343,0.5,0.998,1.652882,0.022639,210.337292159,1.85881239641,True,mc/mc_beta0.5_s,False,,,,5.7711046859
mc/mc_infill_lt1_beta0_5,mc_infill_lt1_beta0_5_gid-174_20260714_174136,0.5,0.998,1.654987,-0.03472,969.683945642,0.280311172872,True,mc/mc_infill_lt1_beta0_5,False,,,,1.38858109445
mc/mc_infill_2_3,mc_infill_2_3_gid-390_20260715_041536,0.5,0.998,1.655166,-0.015926,521.906793314,1.00124713053,True,mc/mc_infill_2_3,True,0.232075,521.906793,1.001247,2.83272995839
mc/mc_beta0.5_s,mc_beta0.5_s_gid-450_20260710_100235,0.5,0.998,1.657862,0.012428,253.615933733,1.69249030132,True,mc/mc_beta0.5_s,False,,,,5.00053773574
mc/mc_low_rmu_s_beta0_5,mc_low_rmu_s_beta0_5_gid-174_20260711_042828,0.5,0.998,1.658195,-0.020182,590.885271961,0.859747947443,True,mc/mc_low_rmu_s_beta0_5,False,,,,2.50592330628
mc/mc_infill_1_2,mc_infill_1_2_gid-546_20260714_175509,0.5,0.998,1.65914,-0.02287,641.098744662,0.767599069013,True,mc/mc_infill_1_2,False,,,,2.32166323082
mc/mc_low_rmu_s_beta0_5,mc_low_rmu_s_beta0_5_gid-48_20260711_042830,0.5,0.998,1.660981,-0.024568,674.130435067,0.705895694214,True,mc/mc_low_rmu_s_beta0_5,True,0.166055,677.406906,0.703111,2.19427593813
mc/mc_beta0.5_s,mc_beta0.5_s_gid-477_20260710_100022,0.5,0.998,1.662054,0.004037,303.257287187,1.52773286714,True,mc/mc_beta0.5_s,False,,,,4.37476733809
mc/mc_beta0.5_s,mc_beta0.5_s_gid-663_20260710_101038,0.5,0.998,1.665722,0.024396,203.740103546,1.88483209724,True,mc/mc_beta0.5_s,False,,,,5.93049627461
mc/mc_infill_2_3,mc_infill_2_3_gid-294_20260715_041534,0.5,0.998,1.665921,-0.016414,526.171617939,0.990801034904,True,mc/mc_infill_2_3,True,0.222355,526.171618,0.990801,2.8203047868
mc/mc_infill_1_2,mc_infill_1_2_gid-570_20260714_174636,0.5,0.998,1.669012,-0.028512,761.500068022,0.559786633676,True,mc/mc_infill_1_2,False,,,,1.89495973129
mc/mc_infill_lt1_beta0_5,mc_infill_lt1_beta0_5_gid-222_20260714_173704,0.5,0.998,1.670887,-0.028897,773.050707163,0.542782355632,True,mc/mc_infill_lt1_beta0_5,False,,,,1.86090584653
mc/mc_low_rmu_s_beta0_5,mc_low_rmu_s_beta0_5_gid-33_20260711_042823,0.5,0.998,1.671181,-0.003382,363.01251546,1.3590478766,True,mc/mc_low_rmu_s_beta0_5,False,,,,3.82388331543
mc/mc_infill_2_3,mc_infill_2_3_gid-72_20260715_041025,0.5,0.998,1.671978,-0.01467,498.015545312,1.04847019167,True,mc/mc_infill_2_3,True,0.172602,498.015545,1.04847,2.9695574148
mc/mc_infill_1_2,mc_infill_1_2_gid-588_20260714_175539,0.5,0.998,1.672632,-0.029726,790.338770551,0.508325819634,True,mc/mc_infill_1_2,False,,,,1.81046407129
mc/mc_beta0.5_s,mc_beta0.5_s_gid-1176_20260710_053709,0.5,0.998,1.673796,0.005661,290.928779283,1.56460550604,True,mc/mc_beta0.5_s,False,,,,4.52151053781
mc/mc_beta0.5_s,mc_beta0.5_s_gid-795_20260710_101347,0.5,0.998,1.676991,0.01351,246.944342877,1.71459525465,True,mc/mc_beta0.5_s,False,,,,5.12149449531
mc/mc_low_rmu_s_beta0_5,mc_low_rmu_s_beta0_5_gid-342_20260711_043336,0.5,0.998,1.677699,0.006686,284.009478254,1.58639259272,True,mc/mc_low_rmu_s_beta0_5,False,,,,4.60675644516
mc/mc_infill_2_3,mc_infill_2_3_gid-78_20260715_040906,0.5,0.998,1.680828,-0.006165,389.091866463,1.29178881431,True,mc/mc_infill_2_3,True,0.186194,389.091866,1.291789,3.6349542947
mc/mc_beta0.5_s,mc_beta0.5_s_gid-210_20260710_095717,0.5,0.998,1.682218,0.005081,293.846571691,1.55442653889,True,mc/mc_beta0.5_s,False,,,,4.49539290216
mc/mc_infill_3_4,mc_infill_3_4_gid-192_20260714_175137,0.5,0.998,1.682374,-0.000734,337.488490001,1.42605433033,True,mc/mc_infill_3_4,False,,,,4.06038105507
mc/mc_low_rmu_s_beta0_5,mc_low_rmu_s_beta0_5_gid-276_20260711_043312,0.5,0.998,1.686078,-0.005185,377.998870124,1.3187285991,True,mc/mc_low_rmu_s_beta0_5,False,,,,3.71795566588
mc/mc_infill_1_2,mc_infill_1_2_gid-132_20260714_175417,0.5,0.998,1.686708,-0.023845,649.483973556,0.747761770579,True,mc/mc_infill_1_2,False,,,,2.30032007579
mc/mc_beta0.5_s,mc_beta0.5_s_gid-1050_20260710_053659,0.5,0.998,1.687593,0.004581,296.603371481,1.54519145972,True,mc/mc_beta0.5_s,False,,,,4.46900605207
mc/mc_beta0.5_s,mc_beta0.5_s_gid-369_20260710_100351,0.5,0.998,1.688381,0.002255,312.973299153,1.49542191868,True,mc/mc_beta0.5_s,False,,,,4.29603602553
mc/mc_low_rmu_s_beta0_5,mc_low_rmu_s_beta0_5_gid-324_20260711_043314,0.5,0.998,1.689969,-0.00104,338.945058181,1.42108184757,True,mc/mc_low_rmu_s_beta0_5,False,,,,4.05312664522
mc/mc_beta0.5_s,mc_beta0.5_s_gid-1167_20260710_053809,0.5,0.998,1.692507,0.008281,273.055404826,1.62098697161,True,mc/mc_beta0.5_s,False,,,,4.75742749964
mc/mc_infill_2_3,mc_infill_2_3_gid-288_20260715_041622,0.5,0.998,1.692659,-0.01246,461.466551322,1.12368385009,True,mc/mc_infill_2_3,True,0.25264,461.466551,1.123684,3.18693972697
mc/mc_beta0.5_s,mc_beta0.5_s_gid-786_20260710_101348,0.5,0.998,1.694312,0.009802,264.420227284,1.65005950864,True,mc/mc_beta0.5_s,False,,,,4.87581493341
mc/mc_infill_1_2,mc_infill_1_2_gid-126_20260714_175639,0.5,0.998,1.694427,-0.025453,680.924713109,0.693225048323,True,mc/mc_infill_1_2,False,,,,2.20113590141
mc/mc_low_rmu_s_beta0_5,mc_low_rmu_s_beta0_5_gid-207_20260711_043314,0.5,0.998,1.696234,0.014076,242.957651374,1.72718171903,True,mc/mc_low_rmu_s_beta0_5,False,,,,5.20312079036
mc/mc_beta0.5_s,mc_beta0.5_s_gid-1086_20260710_053943,0.5,0.998,1.697768,0.001946,314.079553367,1.49103201191,True,mc/mc_beta0.5_s,False,,,,4.29256640019
mc/mc_beta0.5_s,mc_beta0.5_s_gid-1266_20260710_054442,0.5,0.998,1.698443,0.012353,250.994020787,1.69739277157,True,mc/mc_beta0.5_s,False,,,,5.07702698261
mc/mc_infill_2_3_b,mc_infill_2_3_b_gid-66_20260715_002403,0.5,0.998,1.700905,-0.012353,457.847076586,1.13050932782,True,mc/mc_infill_2_3_b,True,0.2524,457.906694,1.130267,3.21389050927
mc/mc_wrongbasin_ws,mc_wrongbasin_ws_gid-50_20260713_015216,0.5,0.998,1.703163,-0.011018,440.062091409,1.16904945538,True,mc/mc_wrongbasin_ws,True,0.200174,440.058633,1.169034,3.32125514946
mc/mc_infill_1_2,mc_infill_1_2_gid-114_20260714_174807,0.5,0.998,1.704022,-0.021081,589.777579698,0.854496083976,True,mc/mc_infill_1_2,False,,,,2.55253928733
mc/mc_infill_lt1_ws,mc_infill_lt1_ws_gid-304_20260715_223533,0.5,0.998,1.704709,-0.035962,895.533039629,0.312719170332,True,mc/mc_infill_lt1_ws,True,0.011812,931.889426,0.285302,1.31492372244
mc/mc_beta0.5_s,mc_beta0.5_s_gid-1365_20260710_055416,0.5,0.998,1.707012,0.023941,203.622414626,1.88110907291,True,mc/mc_beta0.5_s,False,,,,5.97439172323
mc/mc_low_rmu_s_beta0_5,mc_low_rmu_s_beta0_5_gid-18_20260711_042820,0.5,0.998,1.710561,-3e-05,327.621566878,1.45026441196,True,mc/mc_low_rmu_s_beta0_5,False,,,,4.1717167308
mc/mc_infill_3_4,mc_infill_3_4_gid-252_20260714_175436,0.5,0.998,1.710961,0.006773,280.177499216,1.59510443167,True,mc/mc_infill_3_4,False,,,,4.68192828791
mc/mc_infill_1_2,mc_infill_1_2_gid-204_20260714_175036,0.5,0.998,1.7123,-0.018094,538.225620755,0.95954148026,True,mc/mc_infill_1_2,False,,,,2.79600216929
mc/mc_beta0.5_s,mc_beta0.5_s_gid-78_20260710_095411,0.5,0.998,1.712553,0.017357,227.629068231,1.7835922521,True,mc/mc_beta0.5_s,False,,,,5.48440157999
mc/mc_infill_2_3_a,mc_infill_2_3_a_gid-162_20260714_213243,0.5,0.998,1.712722,-0.009161,415.48335107,1.22417152885,True,mc/mc_infill_2_3_a,True,0.206619,415.483639,1.224172,3.48269987738
mc/mc_beta0.5_s,mc_beta0.5_s_gid-1008_20260710_053706,0.5,0.998,1.718088,0.00081,320.003212978,1.47125814921,True,mc/mc_beta0.5_s,False,,,,4.25020150935
mc/mc_low_rmu_s_beta0_5,mc_low_rmu_s_beta0_5_gid-300_20260711_043405,0.5,0.998,1.719446,-0.008717,408.9514692,1.23865247653,True,mc/mc_low_rmu_s_beta0_5,False,,,,3.52985491265
mc/mc_beta0.5_s,mc_beta0.5_s_gid-51_20260710_095304,0.5,0.998,1.720456,0.020055,216.643783976,1.82614265472,True,mc/mc_beta0.5_s,False,,,,5.70457893446
mc/mc_low_rmu_s_beta0_5,mc_low_rmu_s_beta0_5_gid-165_20260711_042829,0.5,0.998,1.721077,0.004965,290.391505712,1.56086013455,True,mc/mc_low_rmu_s_beta0_5,False,,,,4.56726485848
mc/mc_infill_1_2,mc_infill_1_2_gid-102_20260714_214037,0.5,0.998,1.721375,-0.029663,763.906704113,0.544955404399,True,mc/mc_infill_1_2,False,,,,1.92936577056
mc/mc_infill_1_2,mc_infill_1_2_gid-474_20260714_174741,0.5,0.998,1.723076,-0.024116,641.032855673,0.760041725986,True,mc/mc_infill_1_2,False,,,,2.37245830485
mc/mc_beta0.5_s,mc_beta0.5_s_gid-180_20260710_094939,0.5,0.998,1.723373,0.023743,203.60919916,1.8795590315,True,mc/mc_beta0.5_s,False,,,,5.9903602962
mc/mc_infill_lt1_ws,mc_infill_lt1_ws_gid-480_20260715_224111,0.5,0.998,1.723905,-0.033929,838.696864525,0.40308906481,False,mc/mc_infill_lt1_ws,True,0.050621,865.742932,0.409604,1.57789957305
mc/mc_infill_3_4,mc_infill_3_4_gid-66_20260714_162252,0.5,0.998,1.724231,-0.004986,369.06037332,1.33655096636,True,mc/mc_infill_3_4,False,,,,3.81689110817
mc/mc_beta0.5_s,mc_beta0.5_s_gid-468_20260710_100843,0.5,0.998,1.724306,0.011615,252.671036929,1.68847438436,True,mc/mc_beta0.5_s,False,,,,5.07339036471
mc/mc_beta0.5_s,mc_beta0.5_s_gid-789_20260710_101347,0.5,0.998,1.727446,0.019046,220.097174534,1.81161983615,True,mc/mc_beta0.5_s,False,,,,5.64157952938
mc/mc_infill_2_3_a,mc_infill_2_3_a_gid-102_20260714_213450,0.5,0.998,1.728011,-0.008533,405.059467697,1.24677956133,True,mc/mc_infill_2_3_a,True,0.219846,405.059621,1.246779,3.561715163
mc/mc_infill_1_2,mc_infill_1_2_gid-462_20260714_175440,0.5,0.998,1.730919,-0.020727,574.441696181,0.882290516191,True,mc/mc_infill_1_2,False,,,,2.63411071578
mc/mc_wrongbasin_ws,mc_wrongbasin_ws_gid-42_20260713_015213,0.5,0.998,1.731559,-0.022934,613.780755468,0.809115981905,True,mc/mc_wrongbasin_ws,True,0.147491,617.022821,0.807118,2.46100009693
mc/mc_infill_lt1_ws,mc_infill_lt1_ws_gid-314_20260715_222605,0.5,0.998,1.732804,-0.036055,899.077804922,0.298562128564,False,mc/mc_infill_lt1_ws,True,0.041651,908.978429,0.352567,1.40570683653
mc/mc_infill_2_3,mc_infill_2_3_gid-132_20260715_041124,0.5,0.998,1.733764,-0.016809,511.516152264,1.01139288948,True,mc/mc_infill_2_3,True,0.163349,511.525294,1.011321,2.94554543584
mc/mc_low_rmu_s_beta0_5,mc_low_rmu_s_beta0_5_gid-132_20260711_042826,0.5,0.998,1.738578,0.011139,253.919249026,1.68242652305,True,mc/mc_low_rmu_s_beta0_5,False,,,,5.06625707272
mc/mc_beta0.5_s,mc_beta0.5_s_gid-867_20260710_101422,0.5,0.998,1.739184,0.016039,231.508362684,1.7658429385,True,mc/mc_beta0.5_s,False,,,,5.43693148086
mc/mc_beta0.5_s,mc_beta0.5_s_gid-567_20260710_100635,0.5,0.998,1.740524,0.017618,224.961160573,1.7910963239,True,mc/mc_beta0.5_s,False,,,,5.55890625226
mc/mc_low_rmu_s_beta0_5,mc_low_rmu_s_beta0_5_gid-177_20260711_042828,0.5,0.998,1.741231,-0.016956,511.519484992,1.01040211895,True,mc/mc_low_rmu_s_beta0_5,False,,,,2.95233311703
mc/mc_infill_3_4,mc_infill_3_4_gid-210_20260714_175706,0.5,0.998,1.74307,0.001932,308.441508547,1.50253077537,True,mc/mc_infill_3_4,False,,,,4.38621069659
mc/mc_beta0.5_s,mc_beta0.5_s_gid-411_20260710_100312,0.5,0.998,1.74392,0.006916,276.120632017,1.604926519,True,mc/mc_beta0.5_s,False,,,,4.76020757026
mc/mc_infill_2_3,mc_infill_2_3_gid-498_20260715_041752,0.5,0.998,1.744814,-0.010699,426.235676683,1.1943928667,True,mc/mc_infill_2_3,True,0.403168,426.235957,1.194386,3.43844323058
mc/mc_beta0.5_s,mc_beta0.5_s_gid-1500_20260710_055205,0.5,0.998,1.745318,0.019592,217.098610549,1.82182314762,True,mc/mc_beta0.5_s,False,,,,5.71749728414
mc/mc_beta0.5_s,mc_beta0.5_s_gid-1002_20260710_053700,0.5,0.998,1.746582,0.001688,309.754588435,1.49819155797,True,mc/mc_beta0.5_s,False,,,,4.3753046516
mc/mc_infill_1_2,mc_infill_1_2_gid-684_20260714_175638,0.5,0.998,1.747747,-0.02706,691.7459982,0.663501315976,False,mc/mc_infill_1_2,False,,,,2.19106348697
mc/mc_infill_lt1_beta0_5,mc_infill_lt1_beta0_5_gid-75_20260714_175208,0.5,0.998,1.748229,-0.038306,945.196845573,0.218585242978,True,mc/mc_infill_lt1_beta0_5,False,,,,1.29937679402
mc/mc_beta0.5_s,mc_beta0.5_s_gid-321_20260710_102748,0.5,0.998,1.748496,0.011299,252.360648506,1.68701219039,True,mc/mc_beta0.5_s,False,,,,5.09821169329
mc/mc_infill_1_2,mc_infill_1_2_gid-30_20260714_180420,0.5,0.998,1.749535,-0.019614,549.553223149,0.930241108157,True,mc/mc_infill_1_2,False,,,,2.76146829637
mc/mc_low_rmu_s_beta0_5,mc_low_rmu_s_beta0_5_gid-357_20260711_043315,0.5,0.998,1.750652,0.01262,245.886352846,1.71048405818,True,mc/mc_low_rmu_s_beta0_5,False,,,,5.20185568473
mc/mc_beta0.5_s,mc_beta0.5_s_gid-378_20260710_100343,0.5,0.998,1.753144,0.022587,206.171202013,1.86593566965,True,mc/mc_beta0.5_s,False,,,,5.95907437197
mc/mc_low_rmu_s_beta0_5,mc_low_rmu_s_beta0_5_gid-264_20260711_043331,0.5,0.998,1.75541,-0.001696,334.609412388,1.42519946246,True,mc/mc_low_rmu_s_beta0_5,False,,,,4.14189588235
mc/mc_infill_3_4,mc_infill_3_4_gid-168_20260714_175005,0.5,0.998,1.755843,0.002509,302.816637605,1.51817893356,True,mc/mc_infill_3_4,False,,,,4.45574232575
mc/mc_beta0.5_s,mc_beta0.5_s_gid-684_20260710_100936,0.5,0.998,1.756431,0.00834,266.950729073,1.63480461115,True,mc/mc_beta0.5_s,False,,,,4.89224590874
mc/mc_infill_1_2,mc_infill_1_2_gid-408_20260714_175037,0.5,0.998,1.75658,-0.019934,553.295240979,0.922589045757,True,mc/mc_infill_1_2,False,,,,2.75765491716
mc/mc_infill_2_3,mc_infill_2_3_gid-444_20260715_041754,0.5,0.998,1.75662,-0.007186,384.866597433,1.2923918842,True,mc/mc_infill_2_3,True,0.239989,384.866597,1.292392,3.72078887131
mc/mc_infill_lt1_ws,mc_infill_lt1_ws_gid-521_20260715_223449,0.5,0.998,1.759295,-0.032562,800.99563901,0.471619522643,True,mc/mc_infill_lt1_ws,True,0.171127,800.117526,0.45561,1.85512800217
mc/mc_infill_2_3,mc_infill_2_3_gid-540_20260715_041750,0.5,0.998,1.763478,-0.017426,511.831272623,1.00664951012,True,mc/mc_infill_2_3,True,0.185784,511.831273,1.00665,2.96667029302
mc/mc_beta0.5_s,mc_beta0.5_s_gid-438_20260710_100647,0.5,0.998,1.763659,0.018789,219.134264406,1.81185788153,True,mc/mc_beta0.5_s,False,,,,5.69221260824
mc/mc_low_rmu_s_beta0_5,mc_low_rmu_s_beta0_5_gid-108_20260711_042829,0.5,0.998,1.76498,0.004399,289.25150173,1.55964201048,True,mc/mc_low_rmu_s_beta0_5,False,,,,4.61541764583
mc/mc_infill_2_3,mc_infill_2_3_gid-48_20260715_040903,0.5,0.998,1.77188,-0.007839,388.577688,1.28123673624,True,mc/mc_infill_2_3,True,0.297665,388.577688,1.281237,3.70537365239
mc/mc_infill_1_2,mc_infill_1_2_gid-186_20260714_174609,0.5,0.998,1.77202,-0.029952,742.392848766,0.570141782985,True,mc/mc_infill_1_2,False,,,,2.03302398232
mc/mc_beta0.5_s,mc_beta0.5_s_gid-156_20260710_095445,0.5,0.998,1.772492,0.016115,229.131933981,1.77163567462,True,mc/mc_beta0.5_s,False,,,,5.50793713545
mc/mc_infill_lt1_beta0_5,mc_infill_lt1_beta0_5_gid-306_20260714_174809,0.5,0.998,1.772853,-0.031508,785.113820401,0.504451958374,True,mc/mc_infill_lt1_beta0_5,False,,,,1.90873565021
mc/mc_low_rmu_s_beta0_5,mc_low_rmu_s_beta0_5_gid-285_20260711_043314,0.5,0.998,1.773064,-0.003628,348.221219129,1.38558913615,True,mc/mc_low_rmu_s_beta0_5,False,,,,4.03465901732
mc/mc_beta0.5_s,mc_beta0.5_s_gid-1038_20260710_053842,0.5,0.998,1.77501,0.00998,256.790104493,1.66828541131,True,mc/mc_beta0.5_s,False,,,,5.05247696453
mc/mc_infill_3_4,mc_infill_3_4_gid-24_20260714_175314,0.5,0.998,1.778222,0.003844,291.327898037,1.55157122867,True,mc/mc_infill_3_4,False,,,,4.60128545531
mc/mc_low_rmu_s_beta0_5,mc_low_rmu_s_beta0_5_gid-315_20260711_043312,0.5,0.998,1.77966,-0.015576,480.293692077,1.07075146615,True,mc/mc_low_rmu_s_beta0_5,False,,,,3.14535344365
mc/mc_beta0.5_s,mc_beta0.5_s_gid-462_20260710_100906,0.5,0.998,1.779827,0.000752,312.262209022,1.48694851967,True,mc/mc_beta0.5_s,False,,,,4.37469333335
mc/mc_infill_lt1_ws,mc_infill_lt1_ws_gid-353_20260715_223134,0.5,0.998,1.779885,-0.037316,905.886827224,0.31841450565,True,mc/mc_infill_lt1_ws,True,0.039209,928.818022,0.314898,1.55134577328
mc/mc_infill_1_2,mc_infill_1_2_gid-624_20260714_175007,0.5,0.998,1.780005,-0.02928,729.149899029,0.598513176909,True,mc/mc_infill_1_2,False,,,,2.10120591165
mc/mc_low_rmu_s_beta0_5,mc_low_rmu_s_beta0_5_gid-345_20260711_043336,0.5,0.998,1.783353,0.011512,248.657027692,1.69691055532,True,mc/mc_low_rmu_s_beta0_5,False,,,,5.18383282369
mc/mc_infill_1_2,mc_infill_1_2_gid-402_20260714_174109,0.5,0.998,1.783525,-0.01881,526.412694246,0.973713955895,True,mc/mc_infill_1_2,False,,,,2.90890343271
mc/mc_beta0.5_s,mc_beta0.5_s_gid-756_20260710_101407,0.5,0.998,1.784239,0.021801,207.39765876,1.85791243962,True,mc/mc_beta0.5_s,False,,,,5.95863692327
mc/mc_beta0.5_s,mc_beta0.5_s_gid-1494_20260710_055218,0.5,0.998,1.78797,0.000388,313.850053403,1.48131753973,True,mc/mc_beta0.5_s,False,,,,4.3645418794
mc/mc_beta0.5_s,mc_beta0.5_s_gid-798_20260710_101347,0.5,0.998,1.789686,0.003679,291.104654498,1.55105122027,True,mc/mc_beta0.5_s,False,,,,4.61253097048
mc/mc_infill_2_3,mc_infill_2_3_gid-246_20260715_041533,0.5,0.998,1.789997,-0.017625,506.723036878,1.01358347743,True,mc/mc_infill_2_3,True,0.216094,506.723037,1.013583,3.0124970945
mc/mc_infill_lt1_beta0_5,mc_infill_lt1_beta0_5_gid-123_20260714_174609,0.5,0.998,1.790205,-0.02912,722.321664272,0.614546304645,True,mc/mc_infill_lt1_beta0_5,False,,,,2.14338713124
mc/mc_low_rmu_s_beta0_5,mc_low_rmu_s_beta0_5_gid-312_20260711_043316,0.5,0.998,1.790697,-0.008425,390.88492171,1.27316881243,True,mc/mc_low_rmu_s_beta0_5,False,,,,3.70231773151
mc/mc_beta0.5_s,mc_beta0.5_s_gid-1428_20260710_055414,0.5,0.998,1.790859,0.015843,229.103764631,1.76994399883,True,mc/mc_beta0.5_s,False,,,,5.52331717163
mc/mc_infill_2_3,mc_infill_2_3_gid-228_20260715_041530,0.5,0.998,1.791121,-0.012937,442.479088741,1.15205028715,True,mc/mc_infill_2_3,True,0.160796,442.479089,1.15205,3.37332197455
mc/mc_beta0.5_s,mc_beta0.5_s_gid-930_20260710_102307,0.5,0.998,1.795147,0.000197,314.298905202,1.47918975089,True,mc/mc_beta0.5_s,False,,,,4.36527076481
mc/mc_infill_1_2,mc_infill_1_2_gid-672_20260714_175406,0.5,0.998,1.797473,-0.023835,606.00016932,0.814078503217,True,mc/mc_infill_1_2,False,,,,2.54905547268
mc/mc_beta0.5_s,mc_beta0.5_s_gid-573_20260710_100635,0.5,0.998,1.798331,0.018595,217.977808882,1.81319769517,True,mc/mc_beta0.5_s,False,,,,5.74434164873
mc/mc_low_rmu_s_beta0_5,mc_low_rmu_s_beta0_5_gid-27_20260711_042820,0.5,0.998,1.798692,-0.022119,575.660009537,0.874254555772,True,mc/mc_low_rmu_s_beta0_5,False,,,,2.68786776709
mc/mc_infill_lt1_beta0_5,mc_infill_lt1_beta0_5_gid-189_20260714_175210,0.5,0.998,1.798942,-0.033074,805.371887381,0.467396565278,True,mc/mc_infill_lt1_beta0_5,False,,,,1.85016463839
mc/mc_infill_1_2,mc_infill_1_2_gid-72_20260714_175139,0.5,0.998,1.800967,-0.028587,700.866649836,0.641686191133,True,mc/mc_infill_1_2,False,,,,2.21104863593
mc/mc_low_rmu_s_beta0_5,mc_low_rmu_s_beta0_5_gid-270_20260711_043314,0.5,0.998,1.8011,-0.016586,488.359527642,1.05068282309,True,mc/mc_low_rmu_s_beta0_5,False,,,,3.1168484414
mc/mc_beta0.5_s,mc_beta0.5_s_gid-1434_20260710_054819,0.5,0.998,1.801965,0.005209,280.372523373,1.58461253798,True,mc/mc_beta0.5_s,False,,,,4.75126936002
mc/mc_beta0.5_s,mc_beta0.5_s_gid-894_20260710_101830,0.5,0.998,1.803052,0.003731,289.291142118,1.55544070117,True,mc/mc_beta0.5_s,False,,,,4.643775491
mc/mc_infill_3_4,mc_infill_3_4_gid-144_20260714_171604,0.5,0.998,1.804068,0.001038,307.096089873,1.49980289986,True,mc/mc_infill_3_4,False,,,,4.44616132509
mc/mc_infill_2_3,mc_infill_2_3_gid-276_20260715_041553,0.5,0.998,1.805466,-0.006585,369.645742195,1.32500054101,True,mc/mc_infill_2_3,True,0.233437,369.645742,1.325001,3.87488864633
mc/mc_beta0.5_s,mc_beta0.5_s_gid-1356_20260710_055416,0.5,0.998,1.805523,0.012755,241.302057972,1.7219843136,True,mc/mc_beta0.5_s,False,,,,5.32076176485
mc/mc_infill_1_2,mc_infill_1_2_gid-660_20260714_175047,0.5,0.998,1.809382,-0.024983,622.286152621,0.779736866385,True,mc/mc_infill_1_2,False,,,,2.49584495169
mc/mc_infill_lt1_beta0_5,mc_infill_lt1_beta0_5_gid-138_20260714_162907,0.5,0.998,1.811244,-0.035126,847.125919738,0.434177850944,True,mc/mc_infill_lt1_beta0_5,False,,,,1.61269959057
mc/mc_infill_2_3,mc_infill_2_3_gid-252_20260715_041531,0.5,0.998,1.811968,-0.014468,456.633798705,1.11780326976,True,mc/mc_infill_2_3,True,0.132328,456.633799,1.117803,3.302630131
mc/mc_low_rmu_s_beta0_5,mc_low_rmu_s_beta0_5_gid-105_20260711_042900,0.5,0.998,1.812962,-0.00294,336.0878722,1.41439248007,True,mc/mc_low_rmu_s_beta0_5,False,,,,4.17009270819
mc/mc_low_rmu_s_beta0_5,mc_low_rmu_s_beta0_5_gid-150_20260711_042826,0.5,0.998,1.818241,0.001618,301.33825354,1.515932381,True,mc/mc_low_rmu_s_beta0_5,False,,,,4.51830231071
mc/mc_beta0.5_s,mc_beta0.5_s_gid-1470_20260710_055121,0.5,0.998,1.818329,0.013749,236.056967871,1.7405665365,True,mc/mc_beta0.5_s,False,,,,5.4201744398
mc/mc_beta0.5_s,mc_beta0.5_s_gid-84_20260710_095334,0.5,0.998,1.821234,0.01503,230.49932715,1.76163594078,True,mc/mc_beta0.5_s,False,,,,5.52152665981
mc/mc_infill_1_2,mc_infill_1_2_gid-66_20260714_175139,0.5,0.998,1.821631,-0.020122,534.867524272,0.951886336106,True,mc/mc_infill_1_2,False,,,,2.89494718994
mc/mc_low_rmu_s_beta0_5,mc_low_rmu_s_beta0_5_gid-297_20260711_043405,0.5,0.998,1.823403,-0.002385,330.032012305,1.43031747891,True,mc/mc_low_rmu_s_beta0_5,False,,,,4.23276549516
mc/mc_beta0.5_s,mc_beta0.5_s_gid-1482_20260710_055209,0.5,0.998,1.825299,0.013629,236.092106295,1.73977036664,True,mc/mc_beta0.5_s,False,,,,5.4248457955
mc/mc_infill_2_3_b,mc_infill_2_3_b_gid-210_20260715_002803,0.5,0.998,1.827339,-0.008256,381.843183665,1.29121128916,True,mc/mc_infill_2_3_b,True,0.186394,381.843413,1.291211,3.79281132277
mc/mc_low_rmu_s_beta0_5,mc_low_rmu_s_beta0_5_gid-30_20260711_042820,0.5,0.998,1.829775,0.009813,253.136605695,1.67594883583,True,mc/mc_low_rmu_s_beta0_5,False,,,,5.1494036016
mc/mc_beta0.5_s,mc_beta0.5_s_gid-3_20260710_094908,0.5,0.998,1.831755,0.014774,230.865945857,1.75923156349,True,mc/mc_beta0.5_s,False,,,,5.52284614176
mc/mc_beta0.5_s,mc_beta0.5_s_gid-45_20260710_095308,0.5,0.998,1.832633,0.018623,216.010817926,1.81803573937,True,mc/mc_beta0.5_s,False,,,,5.81199274178
mc/mc_infill_1_2,mc_infill_1_2_gid-528_20260714_173804,0.5,0.998,1.834152,-0.021502,552.552607255,0.913956050843,True,mc/mc_infill_1_2,False,,,,2.81623103071
mc/mc_infill_3_4,mc_infill_3_4_gid-36_20260714_162330,0.5,0.998,1.836658,-0.004053,341.608365742,1.39634561888,True,mc/mc_infill_3_4,False,,,,4.13749764784
mc/mc_beta0.5_s,mc_beta0.5_s_gid-660_20260710_101038,0.5,0.998,1.836948,0.009122,255.925857944,1.66553787622,True,mc/mc_beta0.5_s,False,,,,5.11230707484
mc/mc_low_rmu_s_beta0_5,mc_low_rmu_s_beta0_5_gid-21_20260711_042820,0.5,0.998,1.837295,-0.019924,527.147131731,0.966201745489,True,mc/mc_low_rmu_s_beta0_5,False,,,,2.94390009323
mc/mc_infill_2_3,mc_infill_2_3_gid-402_20260715_041534,0.5,0.998,1.839541,-0.010998,408.199384975,1.2250400713,True,mc/mc_infill_2_3,True,0.157637,408.199385,1.22504,3.61810464984
mc/mc_beta0.5_s,mc_beta0.5_s_gid-1095_20260710_053658,0.5,0.998,1.842794,0.017965,217.837652344,1.80972804638,True,mc/mc_beta0.5_s,False,,,,5.78220388863
mc/mc_infill_1_2,mc_infill_1_2_gid-198_20260714_175036,0.5,0.998,1.843123,-0.028801,689.073504977,0.660583509776,True,mc/mc_infill_1_2,False,,,,2.28457326268
mc/mc_infill_lt1_ws,mc_infill_lt1_ws_gid-383_20260715_223211,0.5,0.998,1.843428,-0.037844,867.597783807,0.371966823852,True,mc/mc_infill_lt1_ws,True,0.087749,901.491569,0.301934,1.61990720188
mc/mc_infill_2_3_a,mc_infill_2_3_a_gid-204_20260714_213855,0.5,0.998,1.844459,-0.015066,455.797766993,1.11559430377,True,mc/mc_infill_2_3_a,True,0.199754,455.856905,1.115211,3.33115576221
mc/mc_low_rmu_s_beta0_5,mc_low_rmu_s_beta0_5_gid-75_20260711_042827,0.5,0.998,1.845508,0.009405,253.827286351,1.67192163613,True,mc/mc_low_rmu_s_beta0_5,False,,,,5.15033198206
mc/mc_beta0.5_s,mc_beta0.5_s_gid-1182_20260710_053700,0.5,0.998,1.846208,0.016326,223.788345721,1.78561189185,True,mc/mc_beta0.5_s,False,,,,5.66650061175
mc/mc_infill_lt1_beta0_5,mc_infill_lt1_beta0_5_gid-249_20260714_175206,0.5,0.998,1.84655,-0.030437,723.987296806,0.598392229248,True,mc/mc_infill_lt1_beta0_5,False,,,,2.17041158989
mc/mc_infill_1_2,mc_infill_1_2_gid-492_20260714_173103,0.5,0.998,1.851656,-0.029138,691.301582565,0.65408512408,True,mc/mc_infill_1_2,False,,,,2.27727620986
mc/mc_infill_2_3,mc_infill_2_3_gid-114_20260715_040956,0.5,0.998,1.851959,-0.006412,359.651921322,1.34572008013,True,mc/mc_infill_2_3,True,0.224219,359.652085,1.34572,3.99286135789
mc/mc_low_rmu_s_beta0_5,mc_low_rmu_s_beta0_5_gid-450_20260711_043737,0.5,0.998,1.852682,0.003572,284.836453007,1.56478709222,True,mc/mc_low_rmu_s_beta0_5,False,,,,4.73304234515
mc/mc_infill_lt1_beta0_5,mc_infill_lt1_beta0_5_gid-267_20260714_175210,0.5,0.998,1.854045,-0.031979,757.730818338,0.540623405452,True,mc/mc_infill_lt1_beta0_5,False,,,,2.06622473631
mc/mc_beta0.5_s,mc_beta0.5_s_gid-1152_20260710_053811,0.5,0.998,1.854089,0.005448,273.733460046,1.60159052529,True,mc/mc_beta0.5_s,False,,,,4.87444376683
mc/mc_low_rmu_s_beta0_5,mc_low_rmu_s_beta0_5_gid-195_20260711_042828,0.5,0.998,1.85493,-0.017796,489.838145366,1.04020902375,True,mc/mc_low_rmu_s_beta0_5,False,,,,3.14602550431
mc/mc_infill_3_4,mc_infill_3_4_gid-12_20260714_164628,0.5,0.998,1.85523,0.008139,259.281939131,1.65174825524,True,mc/mc_infill_3_4,False,,,,5.07580882225
mc/mc_infill_1_2,mc_infill_1_2_gid-150_20260714_193708,0.5,0.998,1.858265,-0.029442,696.34529124,0.645406005638,True,mc/mc_infill_1_2,False,,,,2.27851759312
mc/mc_beta0.5_s,mc_beta0.5_s_gid-174_20260710_094943,0.5,0.998,1.859155,0.008538,256.942775491,1.65939207324,True,mc/mc_beta0.5_s,False,,,,5.11314982569
mc/mc_infill_1_2,mc_infill_1_2_gid-282_20260714_174956,0.5,0.998,1.861347,-0.026213,625.835914722,0.767518821569,True,mc/mc_infill_1_2,False,,,,2.53367183196
mc/mc_low_rmu_s_beta0_5,mc_low_rmu_s_beta0_5_gid-348_20260711_043342,0.5,0.998,1.861883,-0.007949,372.19711883,1.31174505571,True,mc/mc_low_rmu_s_beta0_5,False,,,,3.89517624852
mc/mc_beta0.5_s,mc_beta0.5_s_gid-255_20260710_095638,0.5,0.998,1.863966,0.008447,256.982776939,1.65879184471,True,mc/mc_beta0.5_s,False,,,,5.11596582574
mc/mc_infill_2_3,mc_infill_2_3_gid-594_20260715_041753,0.5,0.998,1.866631,-0.00707,363.0594712,1.33503406873,True,mc/mc_infill_2_3,True,0.306485,363.059471,1.335034,3.97434817744
mc/mc_low_rmu_s_beta0_5,mc_low_rmu_s_beta0_5_gid-252_20260711_043313,0.5,0.998,1.87018,-0.015025,448.587124808,1.12813898811,True,mc/mc_low_rmu_s_beta0_5,False,,,,3.38930636857
mc/mc_infill_1_2,mc_infill_1_2_gid-240_20260714_174956,0.5,0.998,1.870841,-0.027264,643.176807783,0.737204076305,True,mc/mc_infill_1_2,False,,,,2.47549100527
mc/mc_beta0.5_s,mc_beta0.5_s_gid-1401_20260710_054819,0.5,0.998,1.871237,0.018114,215.718328957,1.81587711554,True,mc/mc_beta0.5_s,False,,,,5.84736273619
mc/mc_infill_lt1_beta0_5,mc_infill_lt1_beta0_5_gid-297_20260714_174109,0.5,0.998,1.875509,-0.03279,765.531957041,0.525728731923,True,mc/mc_infill_lt1_beta0_5,False,,,,2.05942870454
mc/mc_beta0.5_s,mc_beta0.5_s_gid-1110_20260710_053658,0.5,0.998,1.875942,0.019782,209.705026255,1.84030904668,True,mc/mc_beta0.5_s,False,,,,5.98027830729
mc/mc_infill_2_3,mc_infill_2_3_gid-522_20260715_041750,0.5,0.998,1.876651,-0.006516,356.255038773,1.35197727491,True,mc/mc_infill_2_3,True,0.170093,356.255039,1.351977,4.03966872859
mc/mc_low_rmu_s_beta0_5,mc_low_rmu_s_beta0_5_gid-81_20260711_042827,0.5,0.998,1.879414,-0.013915,432.595275032,1.16297723677,True,mc/mc_low_rmu_s_beta0_5,False,,,,3.48980058603
mc/mc_beta0.5_s,mc_beta0.5_s_gid-1191_20260710_053803,0.5,0.998,1.881561,0.016768,220.012114092,1.79759846785,True,mc/mc_beta0.5_s,False,,,,5.76697229886
mc/mc_infill_1_2,mc_infill_1_2_gid-534_20260714_173804,0.5,0.998,1.882196,-0.020876,527.298553007,0.958398507664,True,mc/mc_infill_1_2,False,,,,2.97336459438
mc/mc_low_rmu_s_beta0_5,mc_low_rmu_s_beta0_5_gid-384_20260711_043314,0.5,0.998,1.882847,-0.021227,532.07608823,0.949433859872,True,mc/mc_low_rmu_s_beta0_5,False,,,,2.94938092443
mc/mc_beta0.5_s,mc_beta0.5_s_gid-15_20260710_094631,0.5,0.998,1.884645,0.015738,223.695481975,1.78260521368,True,mc/mc_beta0.5_s,False,,,,5.69644106596
mc/mc_infill_3_4,mc_infill_3_4_gid-102_20260714_172002,0.5,0.998,1.88476,0.005308,271.483837823,1.60629134673,True,mc/mc_infill_3_4,False,,,,4.92567821475
mc/mc_infill_2_3_b,mc_infill_2_3_b_gid-204_20260715_002803,0.5,0.998,1.88732,-0.011251,400.537886445,1.23774493146,True,mc/mc_infill_2_3_b,True,0.299648,400.538971,1.237746,3.69977886969
mc/mc_low_rmu_s_beta0_5,mc_low_rmu_s_beta0_5_gid-144_20260711_042827,0.5,0.998,1.888711,-0.010336,390.630359506,1.26193424436,True,mc/mc_low_rmu_s_beta0_5,False,,,,3.76905500934
mc/mc_beta0.5_s,mc_beta0.5_s_gid-372_20260710_100337,0.5,0.998,1.889533,0.008177,256.120452951,1.65949625668,True,mc/mc_beta0.5_s,False,,,,5.14666489873
mc/mc_infill_1_2,mc_infill_1_2_gid-162_20260714_220148,0.5,0.998,1.890729,-0.024719,587.530527547,0.83708909191,True,mc/mc_infill_1_2,False,,,,2.69978781421
mc/mc_infill_3_4,mc_infill_3_4_gid-78_20260714_164029,0.5,0.998,1.89168,0.007921,257.199224459,1.65542478335,True,mc/mc_infill_3_4,False,,,,5.13202877897
mc/mc_infill_lt1_ws,mc_infill_lt1_ws_gid-522_20260715_223449,0.5,0.998,1.891731,-0.03742,825.726145984,0.409969289239,True,mc/mc_infill_lt1_ws,True,0.027855,874.854984,0.353892,1.7520263489
mc/mc_infill_2_3,mc_infill_2_3_gid-468_20260715_041803,0.5,0.998,1.891736,-0.013786,428.068676666,1.17183342371,True,mc/mc_infill_2_3,True,0.20105,428.068677,1.171833,3.52550823548
mc/mc_beta0.5_s,mc_beta0.5_s_gid-375_20260710_100337,0.5,0.998,1.894562,0.006443,264.454430965,1.62970990899,True,mc/mc_beta0.5_s,False,,,,5.02882838927
mc/mc_low_rmu_s_beta0_5,mc_low_rmu_s_beta0_5_gid-192_20260711_042828,0.5,0.998,1.898953,-0.009914,384.255881556,1.27670088122,True,mc/mc_low_rmu_s_beta0_5,False,,,,3.82534916437
mc/mc_infill_lt1_ws,mc_infill_lt1_ws_gid-497_20260715_224111,0.5,0.998,1.899083,-0.03713,855.579115342,0.378864996818,True,mc/mc_infill_lt1_ws,True,0.345936,852.144182,0.375975,1.68166345784
mc/mc_infill_2_3,mc_infill_2_3_gid-414_20260715_041700,0.5,0.998,1.900193,-0.012737,413.967999224,1.20329466883,True,mc/mc_infill_2_3,True,0.314161,413.967999,1.203295,3.61934926604
mc/mc_infill_1_2,mc_infill_1_2_gid-552_20260714_164734,0.5,0.998,1.900652,-0.029482,676.185155801,0.673638275621,True,mc/mc_infill_1_2,False,,,,2.37480694296
mc/mc_low_rmu_s_beta0_5,mc_low_rmu_s_beta0_5_gid-387_20260711_043404,0.5,0.998,1.900725,-0.023282,558.972910153,0.892364567684,True,mc/mc_low_rmu_s_beta0_5,False,,,,2.83177108489
mc/mc_infill_lt1_beta0_5,mc_infill_lt1_beta0_5_gid-57_20260714_175008,0.5,0.998,1.902552,-0.030068,688.434375655,0.652150266859,True,mc/mc_infill_lt1_beta0_5,False,,,,2.33047676435
mc/mc_infill_lt1_ws,mc_infill_lt1_ws_gid-372_20260715_223833,0.5,0.998,1.908353,-0.041396,946.748741021,0.217348706763,True,mc/mc_infill_lt1_ws,True,0.067116,961.018979,0.205662,1.45331211727
mc/mc_low_rmu_s_beta0_5,mc_low_rmu_s_beta0_5_gid-216_20260711_043314,0.5,0.998,1.908637,-0.000422,303.867064316,1.49884584595,True,mc/mc_low_rmu_s_beta0_5,False,,,,4.55294146487
mc/mc_beta0.5_s,mc_beta0.5_s_gid-1212_20260710_054047,0.5,0.998,1.908676,0.005153,269.982371331,1.60919176229,True,mc/mc_beta0.5_s,False,,,,4.96205407689
mc/mc_infill_1_2,mc_infill_1_2_gid-258_20260714_174956,0.5,0.998,1.910524,-0.023476,557.812962624,0.89306340737,True,mc/mc_infill_1_2,False,,,,2.83876547493
mc/mc_beta0.5_s,mc_beta0.5_s_gid-276_20260710_095928,0.5,0.998,1.911521,0.006031,265.02445666,1.62613592007,True,mc/mc_beta0.5_s,False,,,,5.03222409402
mc/mc_infill_3_4,mc_infill_3_4_gid-270_20260714_174234,0.5,0.998,1.91321,-0.001272,309.125752117,1.48229622324,True,mc/mc_infill_3_4,False,,,,4.49994079081
mc/mc_infill_2_3_a,mc_infill_2_3_a_gid-126_20260714_213241,0.5,0.998,1.914081,-0.011421,396.6064606,1.24420815902,True,mc/mc_infill_2_3_a,True,0.324723,396.60628,1.244206,3.74186060709
mc/mc_low_rmu_s_beta0_5,mc_low_rmu_s_beta0_5_gid-210_20260711_043314,0.5,0.998,1.916271,-0.00721,355.510433957,1.34961935394,True,mc/mc_low_rmu_s_beta0_5,False,,,,4.07179095118
mc/mc_beta0.5_s,mc_beta0.5_s_gid-807_20260710_101347,0.5,0.998,1.916465,0.014272,227.345357496,1.76547261893,True,mc/mc_beta0.5_s,False,,,,5.64884149955
mc/mc_infill_1_2,mc_infill_1_2_gid-516_20260714_175506,0.5,0.998,1.917879,-0.022535,541.96575652,0.924579232819,True,mc/mc_infill_1_2,False,,,,2.92421948575
mc/mc_infill_2_3,mc_infill_2_3_gid-324_20260715_041553,0.5,0.998,1.921497,-0.013996,423.393669809,1.17889071806,True,mc/mc_infill_2_3,True,0.383853,423.411752,1.178879,3.57271417204
mc/mc_low_rmu_s_beta0_5,mc_low_rmu_s_beta0_5_gid-66_20260711_042827,0.5,0.998,1.921554,-0.001957,312.846168469,1.47023324814,True,mc/mc_low_rmu_s_beta0_5,False,,,,4.46676748592
mc/mc_infill_1_2,mc_infill_1_2_gid-18_20260714_175422,0.5,0.998,1.927883,-0.026094,598.729819416,0.811241911212,True,mc/mc_infill_1_2,False,,,,2.68059146678
mc/mc_beta0.5_s,mc_beta0.5_s_gid-909_20260710_101826,0.5,0.998,1.929687,0.006507,260.898460286,1.63906701941,True,mc/mc_beta0.5_s,False,,,,5.10316117448
mc/mc_beta0.5_s,mc_beta0.5_s_gid-546_20260710_100748,0.5,0.998,1.930793,0.015178,222.954035395,1.78170154596,True,mc/mc_beta0.5_s,False,,,,5.74296544939
mc/mc_infill_1_2,mc_infill_1_2_gid-108_20260714_175206,0.5,0.998,1.931785,-0.018434,476.504033703,1.05883957754,True,mc/mc_infill_1_2,False,,,,3.27077470099
mc/mc_low_rmu_s_beta0_5,mc_low_rmu_s_beta0_5_gid-378_20260711_043414,0.5,0.998,1.931841,-0.013277,412.819000899,1.20236906575,True,mc/mc_low_rmu_s_beta0_5,False,,,,3.64624427022
mc/mc_infill_lt1_beta0_5,mc_infill_lt1_beta0_5_gid-33_20260714_162303,0.5,0.998,1.933805,-0.038589,869.261082389,0.34488648054,True,mc/mc_infill_lt1_beta0_5,False,,,,1.79821661137
mc/mc_beta0.5_s,mc_beta0.5_s_gid-270_20260710_100807,0.5,0.998,1.934514,0.002146,284.419675886,1.55823534846,True,mc/mc_beta0.5_s,False,,,,4.79331366761
mc/mc_infill_2_3,mc_infill_2_3_gid-342_20260715_041537,0.5,0.998,1.934861,-0.013674,416.572727913,1.19322167158,True,mc/mc_infill_2_3,True,0.384978,416.584755,1.193137,3.6237746699
mc/mc_low_rmu_s_beta0_5,mc_low_rmu_s_beta0_5_gid-135_20260711_042826,0.5,0.998,1.935942,0.002146,284.260955327,1.55862389759,True,mc/mc_low_rmu_s_beta0_5,False,,,,4.79617704642
mc/mc_infill_lt1_beta0_5,mc_infill_lt1_beta0_5_gid-81_20260714_174609,0.5,0.998,1.939061,-0.040228,892.822576646,0.278864239789,True,mc/mc_infill_lt1_beta0_5,False,,,,1.69540317758
mc/mc_infill_2_3,mc_infill_2_3_gid-270_20260715_041533,0.5,0.998,1.940697,-0.009325,370.38832049,1.30755585554,True,mc/mc_infill_2_3,True,0.327811,370.38832,1.307556,3.9645806518
mc/mc_low_rmu_s_beta0_5,mc_low_rmu_s_beta0_5_gid-288_20260711_043412,0.5,0.998,1.941842,-0.010752,384.0036329,1.2724767096,True,mc/mc_low_rmu_s_beta0_5,False,,,,3.85684407772
mc/mc_infill_3_4,mc_infill_3_4_gid-264_20260714_174235,0.5,0.998,1.944498,-0.002996,317.159103537,1.45505770735,True,mc/mc_infill_3_4,False,,,,4.43761945597
mc/mc_beta0.5_s,mc_beta0.5_s_gid-924_20260710_102308,0.5,0.998,1.944552,0.00182,285.251476859,1.55457278047,True,mc/mc_beta0.5_s,False,,,,4.78961663497
mc/mc_beta0.5_s,mc_beta0.5_s_gid-1440_20260710_054839,0.5,0.998,1.94661,0.001057,289.657884922,1.5400239773,True,mc/mc_beta0.5_s,False,,,,4.73801774657
mc/mc_infill_1_2,mc_infill_1_2_gid-618_20260714_175406,0.5,0.998,1.94755,-0.022658,532.933993513,0.94083795031,True,mc/mc_infill_1_2,False,,,,2.98692342401
mc/mc_low_rmu_s_beta0_5,mc_low_rmu_s_beta0_5_gid-408_20260711_043736,0.5,0.998,1.949856,-0.02157,516.202484801,0.97246613489,True,mc/mc_low_rmu_s_beta0_5,False,,,,3.07465198159
mc/mc_beta0.5_s,mc_beta0.5_s_gid-819_20260710_101353,0.5,0.998,1.951152,0.011922,234.420694009,1.73501167942,True,mc/mc_beta0.5_s,False,,,,5.54237334654
mc/mc_infill_1_2,mc_infill_1_2_gid-216_20260714_174609,0.5,0.998,1.951602,-0.024322,559.454385486,0.884250545185,True,mc/mc_infill_1_2,False,,,,2.87068901004
mc/mc_infill_2_3,mc_infill_2_3_gid-552_20260715_041800,0.5,0.998,1.957685,-0.016145,440.09286824,1.13646106445,True,mc/mc_infill_2_3,True,0.160746,440.092868,1.136461,3.49252653786
mc/mc_low_rmu_s_beta0_5,mc_low_rmu_s_beta0_5_gid-57_20260711_042825,0.5,0.998,1.958059,-0.008836,362.633802148,1.32608319099,True,mc/mc_low_rmu_s_beta0_5,False,,,,4.0400212298
mc/mc_infill_lt1_beta0_5,mc_infill_lt1_beta0_5_gid-30_20260714_162557,0.5,0.998,1.958708,-0.034479,765.719015236,0.515259617445,True,mc/mc_infill_lt1_beta0_5,False,,,,2.06164600176
mc/mc_infill_3_4,mc_infill_3_4_gid-156_20260714_174615,0.5,0.998,1.959522,0.000573,291.147917661,1.53401503559,True,mc/mc_infill_3_4,False,,,,4.7286501884
mc/mc_infill_1_2,mc_infill_1_2_gid-348_20260714_172102,0.5,0.998,1.960822,-0.028031,621.443209511,0.763342369527,True,mc/mc_infill_1_2,False,,,,2.61570027599
mc/mc_infill_lt1_beta0_5,mc_infill_lt1_beta0_5_gid-300_20260714_175443,0.5,0.998,1.964529,-0.031138,684.631870929,0.653957682075,True,mc/mc_infill_lt1_beta0_5,False,,,,2.39470859421
mc/mc_low_rmu_s_beta0_5,mc_low_rmu_s_beta0_5_gid-261_20260711_043331,0.5,0.998,1.965778,0.013008,229.024745626,1.75482812119,True,mc/mc_low_rmu_s_beta0_5,False,,,,5.65000612593
mc/mc_beta0.5_s,mc_beta0.5_s_gid-1392_20260710_054815,0.5,0.998,1.965873,0.005327,263.561886553,1.62641679513,True,mc/mc_beta0.5_s,False,,,,5.08817677909
mc/mc_beta0.5_s,mc_beta0.5_s_gid-1416_20260710_055123,0.5,0.998,1.966406,0.015394,219.957653109,1.79093624444,True,mc/mc_beta0.5_s,False,,,,5.82619627223
mc/mc_low_rmu_s_beta0_5,mc_low_rmu_s_beta0_5_gid-120_20260711_042910,0.5,0.998,1.968638,0.000482,290.63953985,1.53481167988,True,mc/mc_low_rmu_s_beta0_5,False,,,,4.74032283522
mc/mc_infill_2_3,mc_infill_2_3_gid-570_20260715_041959,0.5,0.998,1.969135,-0.008746,359.806214534,1.33243285137,True,mc/mc_infill_2_3,True,0.392985,359.806215,1.332433,4.06927248943
mc/mc_infill_1_2,mc_infill_1_2_gid-576_20260714_174636,0.5,0.998,1.969621,-0.019409,479.005490572,1.04887319548,True,mc/mc_infill_1_2,False,,,,3.279699281
mc/mc_beta0.5_s,mc_beta0.5_s_gid-1353_20260710_055416,0.5,0.998,1.970117,0.005581,261.868613814,1.63204920096,True,mc/mc_beta0.5_s,False,,,,5.11508220114
mc/mc_infill_lt1_beta0_5,mc_infill_lt1_beta0_5_gid-372_20260714_174706,0.5,0.998,1.971446,-0.031217,682.581954405,0.653738418919,True,mc/mc_infill_lt1_beta0_5,False,,,,2.41258863497
mc/mc_infill_2_3,mc_infill_2_3_gid-396_20260715_041534,0.5,0.998,1.974585,-0.007882,351.237439817,1.35500076074,True,mc/mc_infill_2_3,True,0.240471,351.23744,1.355001,4.14294261941
mc/mc_low_rmu_s_beta0_5,mc_low_rmu_s_beta0_5_gid-249_20260711_043313,0.5,0.998,1.975081,-0.005543,331.901009071,1.40899707308,True,mc/mc_low_rmu_s_beta0_5,False,,,,4.31426362023
mc/mc_infill_1_2,mc_infill_1_2_gid-276_20260714_174956,0.5,0.998,1.97534,-0.023571,538.820981058,0.92494156606,True,mc/mc_infill_1_2,False,,,,2.98022245653
mc/mc_beta0.5_s,mc_beta0.5_s_gid-1230_20260710_054052,0.5,0.998,1.976841,0.000658,288.600456411,1.54067259381,True,mc/mc_beta0.5_s,False,,,,4.76958441365
mc/mc_low_rmu_s_beta0_5,mc_low_rmu_s_beta0_5_gid-246_20260711_043319,0.5,0.998,1.980808,-0.02191,511.288496896,0.978260990757,True,mc/mc_low_rmu_s_beta0_5,False,,,,3.12080368168
mc/mc_infill_2_3,mc_infill_2_3_gid-120_20260715_040904,0.5,0.998,1.981104,-0.008207,352.91909272,1.34974539279,True,mc/mc_infill_2_3,True,0.227178,352.919173,1.349745,4.13276318742
mc/mc_infill_lt1_beta0_5,mc_infill_lt1_beta0_5_gid-96_20260714_175538,0.5,0.998,1.983637,-0.034888,751.016278978,0.527254152393,True,mc/mc_infill_lt1_beta0_5,False,,,,2.15876250044
mc/mc_infill_1_2,mc_infill_1_2_gid-330_20260714_172633,0.5,0.998,1.985139,-0.0244,547.721092284,0.904797662968,True,mc/mc_infill_1_2,False,,,,2.93912417121
mc/mc_beta0.5_s,mc_beta0.5_s_gid-465_20260710_100906,0.5,0.998,1.985767,0.002668,275.847211303,1.58217441467,True,mc/mc_beta0.5_s,False,,,,4.93367231849
mc/mc_low_rmu_s_beta0_5,mc_low_rmu_s_beta0_5_gid-255_20260711_043312,0.5,0.998,1.987466,-0.010303,370.698645856,1.30170496247,True,mc/mc_low_rmu_s_beta0_5,False,,,,3.99306042798
mc/mc_beta0.5_s,mc_beta0.5_s_gid-1395_20260710_054815,0.5,0.998,1.989449,0.006262,256.719360745,1.64853951671,True,mc/mc_beta0.5_s,False,,,,5.20264747896
mc/mc_infill_3_4,mc_infill_3_4_gid-228_20260714_174735,0.5,0.998,1.991049,-0.003647,315.315259379,1.45604456828,True,mc/mc_infill_3_4,False,,,,4.48497771548
mc/mc_low_rmu_s_beta0_5,mc_low_rmu_s_beta0_5_gid-141_20260711_042827,0.5,0.998,1.993491,0.005788,258.678990963,1.64144444368,True,mc/mc_low_rmu_s_beta0_5,False,,,,5.17602764296
mc/mc_infill_lt1_beta0_5,mc_infill_lt1_beta0_5_gid-225_20260714_173704,0.5,0.998,1.994022,-0.035314,767.41971613,0.50912665457,True,mc/mc_infill_lt1_beta0_5,False,,,,2.1354890371
mc/mc_infill_1_2,mc_infill_1_2_gid-6_20260714_175511,0.5,0.998,1.998836,-0.023287,526.229281282,0.946741078138,True,mc/mc_infill_1_2,False,,,,3.0525622117
mc/mc_infill_2_3,mc_infill_2_3_gid-384_20260715_041550,0.5,0.998,1.999411,-0.015542,422.683222073,1.17172464999,True,mc/mc_infill_2_3,True,0.17746,422.683222,1.171725,3.62303350766
mc/mc_beta0.5_s,mc_beta0.5_s_gid-327_20260710_102747,0.5,0.998,1.999825,0.014528,221.042319903,1.78400595598,True,mc/mc_beta0.5_s,False,,,,5.8256378112
mc/mc_infill_lt1_ws3,mc_infill_lt1_ws3_gid-2_20260719_165631,0.0,0.998,1.775272,-0.040836,959.614805097,0.16180683664,True,mc/mc_infill_lt1_ws3,False,,,,1.075
mc/mc_infill_lt1_ws3,mc_infill_lt1_ws3_gid-3_20260719_165632,0.0,0.998,1.727629,-0.039908,978.073407142,0.167351011206,True,mc/mc_infill_lt1_ws3,False,,,,1.021
mc/mc_infill_5_6_beta0,mc_infill_5_6_beta0_gid-100_20260719_174812,0.0,0.5,1.610523,0.025339,72.58805877599363,2.794857904075177,True,mc/mc_infill_5_6_beta0,False,,,,5.929914117399185
mc/mc_infill_5_6_beta0,mc_infill_5_6_beta0_gid-101_20260719_174812,0.0,0.5,1.93911,0.009816,125.04965992616071,2.3828647725881007,True,mc/mc_infill_5_6_beta0,False,,,,5.40457183268694
mc/mc_infill_5_6_beta0,mc_infill_5_6_beta0_gid-102_20260719_174812,0.0,0.5,1.160644,0.031317,50.35180920718421,3.0383312186133837,True,mc/mc_infill_5_6_beta0,False,,,,5.505221956272807
mc/mc_infill_5_6_beta0,mc_infill_5_6_beta0_gid-103_20260719_174812,0.0,0.5,1.644673,0.024065,76.46487952039165,2.7598031552006024,True,mc/mc_infill_5_6_beta0,False,,,,5.898303047474031
mc/mc_infill_5_6_beta0,mc_infill_5_6_beta0_gid-108_20260719_174812,0.0,0.5,1.503727,0.02229,76.7966968265531,2.7764397262090488,True,mc/mc_infill_5_6_beta0,False,,,,5.477385256028679
mc/mc_infill_5_6_beta0,mc_infill_5_6_beta0_gid-10_20260719_175033,0.0,0.5,1.07124,0.03192,48.447802263361595,3.0647100057353804,True,mc/mc_infill_5_6_beta0,False,,,,5.371512522780614
mc/mc_infill_5_6_beta0,mc_infill_5_6_beta0_gid-110_20260719_174812,0.0,0.5,1.297148,0.028309,58.232559615108414,2.953106733027432,True,mc/mc_infill_5_6_beta0,False,,,,5.537091056022496
mc/mc_infill_5_6_beta0,mc_infill_5_6_beta0_gid-111_20260719_174217,0.0,0.5,1.257188,0.028617,56.90156956553178,2.9691969931165536,True,mc/mc_infill_5_6_beta0,False,,,,5.4801966250459415
mc/mc_infill_5_6_beta0,mc_infill_5_6_beta0_gid-112_20260719_174217,0.0,0.5,1.005726,0.037301,39.513244435410186,3.157291684972238,True,mc/mc_infill_5_6_beta0,False,,,,5.697647968387322
mc/mc_infill_5_6_beta0,mc_infill_5_6_beta0_gid-113_20260719_174217,0.0,0.5,1.783155,0.018438,94.59063654923249,2.606158791340143,True,mc/mc_infill_5_6_beta0,False,,,,5.740651431259069
mc/mc_infill_5_6_beta0,mc_infill_5_6_beta0_gid-116_20260719_174505,0.0,0.5,1.660797,0.019846,87.49882593130752,2.6750033836161866,True,mc/mc_infill_5_6_beta0,False,,,,5.604883495192616
mc/mc_infill_5_6_beta0,mc_infill_5_6_beta0_gid-117_20260719_174210,0.0,0.5,1.864193,0.012186,115.83132709730904,2.452497073595392,True,mc/mc_infill_5_6_beta0,False,,,,5.4313167461636525
mc/mc_infill_5_6_beta0,mc_infill_5_6_beta0_gid-118_20260719_175535,0.0,0.5,1.386763,0.024804,67.77882647034342,2.8624308644771377,True,mc/mc_infill_5_6_beta0,False,,,,5.4374082804348465
mc/mc_infill_5_6_beta0,mc_infill_5_6_beta0_gid-124_20260719_175535,0.0,0.5,1.044858,0.03682,40.43475151272816,3.1445794579922683,True,mc/mc_infill_5_6_beta0,False,,,,5.734951460397697
mc/mc_infill_5_6_beta0,mc_infill_5_6_beta0_gid-125_20260719_175535,0.0,0.5,1.581111,0.021938,79.75078466322346,2.7435365764200883,True,mc/mc_infill_5_6_beta0,False,,,,5.606735159171662
mc/mc_infill_5_6_beta0,mc_infill_5_6_beta0_gid-127_20260719_175604,0.0,0.5,1.343297,0.026785,62.35103135871724,2.912523808044322,True,mc/mc_infill_5_6_beta0,False,,,,5.507848548282415
mc/mc_infill_5_6_beta0,mc_infill_5_6_beta0_gid-129_20260719_175535,0.0,0.5,1.538162,0.020259,83.17805661568897,2.7237922954254112,True,mc/mc_infill_5_6_beta0,False,,,,5.388127835603413
mc/mc_infill_5_6_beta0,mc_infill_5_6_beta0_gid-12_20260719_175033,0.0,0.5,1.286119,0.027811,59.060430296400135,2.947182951596908,True,mc/mc_infill_5_6_beta0,False,,,,5.473737135347161
mc/mc_infill_5_6_beta0,mc_infill_5_6_beta0_gid-132_20260719_175535,0.0,0.5,1.0009,0.040447,35.45278923914978,3.199036482220762,True,mc/mc_infill_5_6_beta0,False,,,,5.9594329561700095
mc/mc_infill_5_6_beta0,mc_infill_5_6_beta0_gid-133_20260719_175535,0.0,0.5,1.276817,0.02833,57.82051588602928,2.9589844002122065,True,mc/mc_infill_5_6_beta0,False,,,,5.497056232251038
mc/mc_infill_5_6_beta0,mc_infill_5_6_beta0_gid-134_20260719_175535,0.0,0.5,1.908838,0.010957,120.66934026636874,2.4148012778202887,True,mc/mc_infill_5_6_beta0,False,,,,5.428866990672604
mc/mc_infill_5_6_beta0,mc_infill_5_6_beta0_gid-135_20260719_175535,0.0,0.5,1.312368,0.031521,52.52018304434278,3.001965032164768,True,mc/mc_infill_5_6_beta0,False,,,,5.830016103834533
mc/mc_infill_5_6_beta0,mc_infill_5_6_beta0_gid-136_20260719_175535,0.0,0.5,1.132045,0.033448,46.35604229852184,3.078617051065326,True,mc/mc_infill_5_6_beta0,False,,,,5.625339523597313
mc/mc_infill_5_6_beta0,mc_infill_5_6_beta0_gid-138_20260719_175535,0.0,0.5,1.261086,0.032272,50.22468704847478,3.028749815951533,True,mc/mc_infill_5_6_beta0,False,,,,5.788602339892042
mc/mc_infill_5_6_beta0,mc_infill_5_6_beta0_gid-13_20260719_175033,0.0,0.5,1.736566,0.016876,98.04270337228007,2.5895352312629547,True,mc/mc_infill_5_6_beta0,False,,,,5.52946895571278
mc/mc_infill_5_6_beta0,mc_infill_5_6_beta0_gid-142_20260719_174542,0.0,0.5,1.848522,0.016532,101.52414159732824,2.5480961802876516,True,mc/mc_infill_5_6_beta0,False,,,,5.725650655626592
mc/mc_infill_5_6_beta0,mc_infill_5_6_beta0_gid-143_20260719_174535,0.0,0.5,1.2049,0.02988,53.60853407837188,3.0040878375121407,True,mc/mc_infill_5_6_beta0,False,,,,5.47669409057067
mc/mc_infill_5_6_beta0,mc_infill_5_6_beta0_gid-148_20260719_174535,0.0,0.5,1.352857,0.030729,54.80286641829567,2.9767468529282946,True,mc/mc_infill_5_6_beta0,False,,,,5.846682323506353
mc/mc_infill_5_6_beta0,mc_infill_5_6_beta0_gid-150_20260719_174535,0.0,0.5,1.218879,0.031649,50.56660485783851,3.0302513623069727,True,mc/mc_infill_5_6_beta0,False,,,,5.651850954217302
mc/mc_infill_5_6_beta0,mc_infill_5_6_beta0_gid-151_20260719_174535,0.0,0.5,1.656792,0.021428,83.18460432066435,2.707192463451364,True,mc/mc_infill_5_6_beta0,False,,,,5.718769759044067
mc/mc_infill_5_6_beta0,mc_infill_5_6_beta0_gid-152_20260719_174535,0.0,0.5,1.784425,0.014566,106.42955492867648,2.5259091280108055,True,mc/mc_infill_5_6_beta0,False,,,,5.450286256994017
mc/mc_infill_5_6_beta0,mc_infill_5_6_beta0_gid-154_20260719_174305,0.0,0.5,1.880511,0.013258,112.33218278287944,2.4718110785658154,True,mc/mc_infill_5_6_beta0,False,,,,5.543934348087362
mc/mc_infill_5_6_beta0,mc_infill_5_6_beta0_gid-155_20260719_174305,0.0,0.5,1.627133,0.02112,83.14988970982313,2.7116773716837064,True,mc/mc_infill_5_6_beta0,False,,,,5.6357253805962415
mc/mc_infill_5_6_beta0,mc_infill_5_6_beta0_gid-156_20260719_174305,0.0,0.5,1.178405,0.034677,45.024445606949,3.0865471785385385,True,mc/mc_infill_5_6_beta0,False,,,,5.821897753039453
mc/mc_infill_5_6_beta0,mc_infill_5_6_beta0_gid-159_20260719_174305,0.0,0.5,1.094013,0.037827,39.513172481419986,3.14906526613197,True,mc/mc_infill_5_6_beta0,False,,,,5.918785285431267
mc/mc_infill_5_6_beta0,mc_infill_5_6_beta0_gid-162_20260719_174305,0.0,0.5,1.886987,0.019157,95.17929752687432,2.585534408734548,True,mc/mc_infill_5_6_beta0,False,,,,5.996471183270505
mc/mc_infill_5_6_beta0,mc_infill_5_6_beta0_gid-164_20260719_174305,0.0,0.5,1.612752,0.024684,74.09501388653602,2.782691499829368,True,mc/mc_infill_5_6_beta0,False,,,,5.883426412427772
mc/mc_infill_5_6_beta0,mc_infill_5_6_beta0_gid-169_20260719_175604,0.0,0.5,1.949673,0.014931,108.00323654252438,2.4879967780811123,True,mc/mc_infill_5_6_beta0,False,,,,5.803669953615902
mc/mc_infill_5_6_beta0,mc_infill_5_6_beta0_gid-170_20260719_175604,0.0,0.5,1.88358,0.014475,108.42066773023004,2.4965195142066694,True,mc/mc_infill_5_6_beta0,False,,,,5.640782608918861
mc/mc_infill_5_6_beta0,mc_infill_5_6_beta0_gid-175_20260719_175604,0.0,0.5,1.569456,0.025498,70.99227783004204,2.813132828063601,True,mc/mc_infill_5_6_beta0,False,,,,5.861332999324008
mc/mc_infill_5_6_beta0,mc_infill_5_6_beta0_gid-176_20260719_175604,0.0,0.5,1.844461,0.018101,96.98886524382004,2.5797719606302536,True,mc/mc_infill_5_6_beta0,False,,,,5.835325686649721
mc/mc_infill_5_6_beta0,mc_infill_5_6_beta0_gid-177_20260719_175604,0.0,0.5,1.75978,0.018803,92.98943752207894,2.621014523380826,True,mc/mc_infill_5_6_beta0,False,,,,5.722203700660273
mc/mc_infill_5_6_beta0,mc_infill_5_6_beta0_gid-178_20260719_175604,0.0,0.5,1.786931,0.021077,87.77871316542314,2.654148148819279,True,mc/mc_infill_5_6_beta0,False,,,,5.947646657067369
mc/mc_infill_5_6_beta0,mc_infill_5_6_beta0_gid-17_20260719_175033,0.0,0.5,1.019713,0.037303,39.590899955800936,3.155282730346965,True,mc/mc_infill_5_6_beta0,False,,,,5.725889614423451
mc/mc_infill_5_6_beta0,mc_infill_5_6_beta0_gid-180_20260719_175605,0.0,0.5,1.40735,0.029385,58.579823538444494,2.93703853985848,True,mc/mc_infill_5_6_beta0,False,,,,5.846966939976121
mc/mc_infill_5_6_beta0,mc_infill_5_6_beta0_gid-183_20260719_175604,0.0,0.5,1.562241,0.023987,74.1897523972963,2.7888506320678,True,mc/mc_infill_5_6_beta0,False,,,,5.728843853034354
mc/mc_infill_5_6_beta0,mc_infill_5_6_beta0_gid-184_20260719_175604,0.0,0.5,1.177057,0.030778,51.54086752609129,3.0257367105419752,True,mc/mc_infill_5_6_beta0,False,,,,5.493995056529358
mc/mc_infill_5_6_beta0,mc_infill_5_6_beta0_gid-185_20260719_175604,0.0,0.5,1.9597,0.011355,119.57008909778786,2.412532119622937,True,mc/mc_infill_5_6_beta0,False,,,,5.559172321983848
mc/mc_infill_5_6_beta0,mc_infill_5_6_beta0_gid-190_20260719_175604,0.0,0.5,1.380365,0.030402,56.04103876201275,2.9624867862705675,True,mc/mc_infill_5_6_beta0,False,,,,5.875188353154229
mc/mc_infill_5_6_beta0,mc_infill_5_6_beta0_gid-191_20260719_175604,0.0,0.5,1.628646,0.019696,87.06602532345755,2.6827687408155043,True,mc/mc_infill_5_6_beta0,False,,,,5.52855349451545
mc/mc_infill_5_6_beta0,mc_infill_5_6_beta0_gid-194_20260719_175434,0.0,0.5,1.543804,0.019823,84.56789505865918,2.7128059310289965,True,mc/mc_infill_5_6_beta0,False,,,,5.365520865767589
mc/mc_infill_5_6_beta0,mc_infill_5_6_beta0_gid-196_20260719_175434,0.0,0.5,1.076412,0.036975,40.484281911983224,3.141116819067655,True,mc/mc_infill_5_6_beta0,False,,,,5.811367106056683
mc/mc_infill_5_6_beta0,mc_infill_5_6_beta0_gid-198_20260719_175434,0.0,0.5,1.81628,0.016435,101.1419440745298,2.555904164710026,True,mc/mc_infill_5_6_beta0,False,,,,5.6548639586154374
mc/mc_infill_5_6_beta0,mc_infill_5_6_beta0_gid-19_20260719_175033,0.0,0.5,1.638576,0.019913,86.72087079856736,2.6838489448920466,True,mc/mc_infill_5_6_beta0,False,,,,5.565377387955047
mc/mc_infill_5_6_beta0,mc_infill_5_6_beta0_gid-1_20260719_174209,0.0,0.5,1.511308,0.023722,73.40584956002424,2.801770356326019,True,mc/mc_infill_5_6_beta0,False,,,,5.6056022879946905
mc/mc_infill_5_6_beta0,mc_infill_5_6_beta0_gid-20_20260719_175033,0.0,0.5,1.334802,0.025764,64.46662678937973,2.8957977750850863,True,mc/mc_infill_5_6_beta0,False,,,,5.407596076229617
mc/mc_infill_5_6_beta0,mc_infill_5_6_beta0_gid-22_20260719_175033,0.0,0.5,1.808993,0.014188,108.1280800876279,2.5108388574044613,True,mc/mc_infill_5_6_beta0,False,,,,5.4710812680746495
mc/mc_infill_5_6_beta0,mc_infill_5_6_beta0_gid-23_20260719_175033,0.0,0.5,1.217406,0.028621,56.28923351361345,2.978890650103944,True,mc/mc_infill_5_6_beta0,False,,,,5.398303080534558
mc/mc_infill_5_6_beta0,mc_infill_5_6_beta0_gid-24_20260719_175033,0.0,0.5,1.14584,0.031145,50.49791671874088,3.0384791020390214,True,mc/mc_infill_5_6_beta0,False,,,,5.4603561686366
mc/mc_infill_5_6_beta0,mc_infill_5_6_beta0_gid-26_20260719_175033,0.0,0.5,1.975065,0.014519,109.55389473591346,2.473455636156425,True,mc/mc_infill_5_6_beta0,False,,,,5.822354611754339
mc/mc_infill_5_6_beta0,mc_infill_5_6_beta0_gid-28_20260719_175033,0.0,0.5,1.83722,0.018784,94.97305844168612,2.594964236620146,True,mc/mc_infill_5_6_beta0,False,,,,5.872489301667596
mc/mc_infill_5_6_beta0,mc_infill_5_6_beta0_gid-29_20260719_174942,0.0,0.5,1.418055,0.030309,57.16375687656574,2.9480103266728577,True,mc/mc_infill_5_6_beta0,False,,,,5.942337404061557
mc/mc_infill_5_6_beta0,mc_infill_5_6_beta0_gid-2_20260719_174237,0.0,0.5,1.012278,0.037906,38.72499304395543,3.1646558195131527,True,mc/mc_infill_5_6_beta0,False,,,,5.762846169791866
mc/mc_infill_5_6_beta0,mc_infill_5_6_beta0_gid-30_20260719_174941,0.0,0.5,1.450949,0.026152,66.24009285401127,2.867078236763524,True,mc/mc_infill_5_6_beta0,False,,,,5.676263051492196
mc/mc_infill_5_6_beta0,mc_infill_5_6_beta0_gid-32_20260719_175003,0.0,0.5,1.19084,0.029479,54.205104794113346,3.000207377050706,True,mc/mc_infill_5_6_beta0,False,,,,5.4143716616165305
mc/mc_infill_5_6_beta0,mc_infill_5_6_beta0_gid-35_20260719_174941,0.0,0.5,1.625782,0.022684,79.15002256967676,2.7418853903684073,True,mc/mc_infill_5_6_beta0,False,,,,5.754129671998076
mc/mc_infill_5_6_beta0,mc_infill_5_6_beta0_gid-37_20260719_174941,0.0,0.5,1.275608,0.027283,60.004584340634416,2.94023375048688,True,mc/mc_infill_5_6_beta0,False,,,,5.408824120715443
mc/mc_infill_5_6_beta0,mc_infill_5_6_beta0_gid-38_20260719_174941,0.0,0.5,1.237138,0.035112,45.33730987458998,3.077148142881331,True,mc/mc_infill_5_6_beta0,False,,,,5.9750993656746045
mc/mc_infill_5_6_beta0,mc_infill_5_6_beta0_gid-3_20260719_174845,0.0,0.5,1.286808,0.030644,53.549456347987395,2.995638755987057,True,mc/mc_infill_5_6_beta0,False,,,,5.706890441130422
mc/mc_infill_5_6_beta0,mc_infill_5_6_beta0_gid-40_20260719_174942,0.0,0.5,1.220888,0.029214,55.1398508958419,2.9886961732274187,True,mc/mc_infill_5_6_beta0,False,,,,5.454537261180535
mc/mc_infill_5_6_beta0,mc_infill_5_6_beta0_gid-43_20260719_174942,0.0,0.5,1.735908,0.019634,90.0955242606197,2.6451964286239837,True,mc/mc_infill_5_6_beta0,False,,,,5.738215506729221
mc/mc_infill_5_6_beta0,mc_infill_5_6_beta0_gid-44_20260719_174941,0.0,0.5,1.672055,0.022322,81.39345185145866,2.718370398824032,True,mc/mc_infill_5_6_beta0,False,,,,5.817850778198102
mc/mc_infill_5_6_beta0,mc_infill_5_6_beta0_gid-46_20260719_174942,0.0,0.5,1.537484,0.024821,71.55931640054754,2.812897861273083,True,mc/mc_infill_5_6_beta0,False,,,,5.74469896038603
mc/mc_infill_5_6_beta0,mc_infill_5_6_beta0_gid-47_20260719_174941,0.0,0.5,1.756189,0.015266,103.57268281817365,2.5492399096334286,True,mc/mc_infill_5_6_beta0,False,,,,5.446483686431047
mc/mc_infill_5_6_beta0,mc_infill_5_6_beta0_gid-48_20260719_174941,0.0,0.5,1.810784,0.015485,103.94949890277188,2.5379886221414862,True,mc/mc_infill_5_6_beta0,False,,,,5.57241172879102
mc/mc_infill_5_6_beta0,mc_infill_5_6_beta0_gid-51_20260719_175203,0.0,0.5,1.323361,0.029362,56.67346247776575,2.9637069398699296,True,mc/mc_infill_5_6_beta0,False,,,,5.676328896864389
mc/mc_infill_5_6_beta0,mc_infill_5_6_beta0_gid-55_20260719_174737,0.0,0.5,1.19857,0.03446,45.658350618813984,3.078342604143481,True,mc/mc_infill_5_6_beta0,False,,,,5.84419248800697
mc/mc_infill_5_6_beta0,mc_infill_5_6_beta0_gid-56_20260719_174737,0.0,0.5,1.54306,0.025346,70.5457796168292,2.8202363546506968,True,mc/mc_infill_5_6_beta0,False,,,,5.797032977144541
mc/mc_infill_5_6_beta0,mc_infill_5_6_beta0_gid-57_20260719_174737,0.0,0.5,1.936678,0.012118,116.78973144296982,2.433906237634992,True,mc/mc_infill_5_6_beta0,False,,,,5.570239726891208
mc/mc_infill_5_6_beta0,mc_infill_5_6_beta0_gid-5_20260719_174237,0.0,0.5,1.247346,0.030966,52.2467868038588,3.0118094640315007,True,mc/mc_infill_5_6_beta0,False,,,,5.653301737693344
mc/mc_infill_5_6_beta0,mc_infill_5_6_beta0_gid-60_20260719_174737,0.0,0.5,1.942482,0.011073,120.46101267957285,2.410112564598646,True,mc/mc_infill_5_6_beta0,False,,,,5.504344350258922
mc/mc_infill_5_6_beta0,mc_infill_5_6_beta0_gid-61_20260719_174737,0.0,0.5,1.276844,0.033517,48.50754150814728,3.0428330290474443,True,mc/mc_infill_5_6_beta0,False,,,,5.922453804870501
mc/mc_infill_5_6_beta0,mc_infill_5_6_beta0_gid-62_20260719_174737,0.0,0.5,1.385791,0.027835,61.0807068069628,2.918221414575639,True,mc/mc_infill_5_6_beta0,False,,,,5.679247565383678
mc/mc_infill_5_6_beta0,mc_infill_5_6_beta0_gid-64_20260719_174737,0.0,0.5,1.481177,0.022885,74.70302594802716,2.795558339282418,True,mc/mc_infill_5_6_beta0,False,,,,5.478278855446556
mc/mc_infill_5_6_beta0,mc_infill_5_6_beta0_gid-65_20260719_174737,0.0,0.5,1.046382,0.038928,37.641278622093296,3.1724938248316525,True,mc/mc_infill_5_6_beta0,False,,,,5.918344501514687
mc/mc_infill_5_6_beta0,mc_infill_5_6_beta0_gid-67_20260719_174737,0.0,0.5,1.621885,0.024147,75.58350555036921,2.769818564935061,True,mc/mc_infill_5_6_beta0,False,,,,5.859772615944235
mc/mc_infill_5_6_beta0,mc_infill_5_6_beta0_gid-68_20260719_174737,0.0,0.5,1.963365,0.009485,126.33465697221344,2.3707817470835364,True,mc/mc_infill_5_6_beta0,False,,,,5.428369325462849
mc/mc_infill_5_6_beta0,mc_infill_5_6_beta0_gid-69_20260719_174737,0.0,0.5,1.857445,0.012621,114.2158715328936,2.463794062415555,True,mc/mc_infill_5_6_beta0,False,,,,5.450376747695333
mc/mc_infill_5_6_beta0,mc_infill_5_6_beta0_gid-6_20260719_174203,0.0,0.5,1.157523,0.03678,41.702026553601115,3.1209185209198154,True,mc/mc_infill_5_6_beta0,False,,,,5.95631577164826
mc/mc_infill_5_6_beta0,mc_infill_5_6_beta0_gid-72_20260719_174406,0.0,0.5,1.692302,0.016633,97.79659558523883,2.59799226699991,True,mc/mc_infill_5_6_beta0,False,,,,5.421561836519329
mc/mc_infill_5_6_beta0,mc_infill_5_6_beta0_gid-73_20260719_174406,0.0,0.5,1.957884,0.015598,106.176244892379,2.4986590712834373,True,mc/mc_infill_5_6_beta0,False,,,,5.86877470938991
mc/mc_infill_5_6_beta0,mc_infill_5_6_beta0_gid-76_20260719_174933,0.0,0.5,1.661487,0.023652,77.92381062219283,2.746198278587078,True,mc/mc_infill_5_6_beta0,False,,,,5.899449844087038
mc/mc_infill_5_6_beta0,mc_infill_5_6_beta0_gid-77_20260719_174933,0.0,0.5,1.374928,0.031306,54.3200163266823,2.978376427665689,True,mc/mc_infill_5_6_beta0,False,,,,5.937094203508983
mc/mc_infill_5_6_beta0,mc_infill_5_6_beta0_gid-78_20260719_174933,0.0,0.5,1.856577,0.018324,96.66197033936577,2.5800878760816897,True,mc/mc_infill_5_6_beta0,False,,,,5.875581853117903
mc/mc_infill_5_6_beta0,mc_infill_5_6_beta0_gid-79_20260719_174933,0.0,0.5,1.643224,0.021599,82.36115977579455,2.7152571104882837,True,mc/mc_infill_5_6_beta0,False,,,,5.704939021184779
mc/mc_infill_5_6_beta0,mc_infill_5_6_beta0_gid-7_20260719_174203,0.0,0.5,1.609602,0.023443,76.85111933524932,2.761724105343134,True,mc/mc_infill_5_6_beta0,False,,,,5.78083190764052
mc/mc_infill_5_6_beta0,mc_infill_5_6_beta0_gid-80_20260719_174933,0.0,0.5,1.530357,0.020756,81.58839586642854,2.736642973449719,True,mc/mc_infill_5_6_beta0,False,,,,5.411132905636423
mc/mc_infill_5_6_beta0,mc_infill_5_6_beta0_gid-82_20260719_174933,0.0,0.5,1.138746,0.035736,42.91975740621933,3.1109863719367254,True,mc/mc_infill_5_6_beta0,False,,,,5.831225107538667
mc/mc_infill_5_6_beta0,mc_infill_5_6_beta0_gid-85_20260719_174933,0.0,0.5,1.017659,0.039017,37.31141244079621,3.1784936105726618,True,mc/mc_infill_5_6_beta0,False,,,,5.869140806043947
mc/mc_infill_5_6_beta0,mc_infill_5_6_beta0_gid-87_20260719_174212,0.0,0.5,1.998161,0.011127,120.52525182242034,2.399725442724133,True,mc/mc_infill_5_6_beta0,False,,,,5.617819298030647
mc/mc_infill_5_6_beta0,mc_infill_5_6_beta0_gid-8_20260719_174203,0.0,0.5,1.160038,0.035186,44.00383987996621,3.098281887400739,True,mc/mc_infill_5_6_beta0,False,,,,5.827674339494507
mc/mc_infill_5_6_beta0,mc_infill_5_6_beta0_gid-90_20260719_175033,0.0,0.5,1.718726,0.02144,84.93440708086864,2.68522967649507,True,mc/mc_infill_5_6_beta0,False,,,,5.842124009017035
mc/mc_infill_5_6_beta0,mc_infill_5_6_beta0_gid-91_20260719_174812,0.0,0.5,1.598722,0.019347,87.29860324133855,2.6853366878056533,True,mc/mc_infill_5_6_beta0,False,,,,5.440731452768868
mc/mc_infill_5_6_beta0,mc_infill_5_6_beta0_gid-93_20260719_174812,0.0,0.5,1.29449,0.032455,50.57305124042524,3.021746451639071,True,mc/mc_infill_5_6_beta0,False,,,,5.870563144024482
mc/mc_infill_5_6_beta0,mc_infill_5_6_beta0_gid-94_20260719_174812,0.0,0.5,1.359804,0.025986,64.4644751935223,2.892916245907762,True,mc/mc_infill_5_6_beta0,False,,,,5.477144521074516
mc/mc_infill_5_6_beta0,mc_infill_5_6_beta0_gid-97_20260719_174812,0.0,0.5,1.431688,0.026286,65.45813870451862,2.875933816483133,True,mc/mc_infill_5_6_beta0,False,,,,5.647985301111013
mc/mc_infill_5_6_beta0,mc_infill_5_6_beta0_gid-9_20260719_175033,0.0,0.5,1.371806,0.030055,56.46286392095738,2.9598163330317204,True,mc/mc_infill_5_6_beta0,False,,,,5.830077876529688
mc/mc_infill_5_6_beta0_5,mc_infill_5_6_beta0_5_gid-101_20260719_175822,0.5,0.5,1.685894,0.020802,126.5624349044603,2.404202915721695,True,mc/mc_infill_5_6_beta0_5,False,,,,5.674360427484679
mc/mc_infill_5_6_beta0_5,mc_infill_5_6_beta0_5_gid-102_20260719_175822,0.5,0.5,1.49786,0.025726,99.91887805809732,2.587901269974217,True,mc/mc_infill_5_6_beta0_5,False,,,,5.686405537132103
mc/mc_infill_5_6_beta0_5,mc_infill_5_6_beta0_5_gid-103_20260719_175822,0.5,0.5,1.286205,0.030747,76.19153125247962,2.7754947879916383,True,mc/mc_infill_5_6_beta0_5,False,,,,5.66972429076547
mc/mc_infill_5_6_beta0_5,mc_infill_5_6_beta0_5_gid-106_20260719_175834,0.5,0.5,1.699416,0.017832,137.7199358597333,2.339797832968461,True,mc/mc_infill_5_6_beta0_5,False,,,,5.472666083979064
mc/mc_infill_5_6_beta0_5,mc_infill_5_6_beta0_5_gid-107_20260719_175834,0.5,0.5,1.099976,0.032046,66.69568286376885,2.8676648911803135,True,mc/mc_infill_5_6_beta0_5,False,,,,5.402315075897773
mc/mc_infill_5_6_beta0_5,mc_infill_5_6_beta0_5_gid-109_20260719_175822,0.5,0.5,1.560656,0.026826,100.76503162304616,2.5756862707546624,True,mc/mc_infill_5_6_beta0_5,False,,,,5.89720119858101
mc/mc_infill_5_6_beta0_5,mc_infill_5_6_beta0_5_gid-10_20260719_175835,0.5,0.5,1.312665,0.033694,71.03487825904963,2.8116645260469397,True,mc/mc_infill_5_6_beta0_5,False,,,,5.963941074504821
mc/mc_infill_5_6_beta0_5,mc_infill_5_6_beta0_5_gid-114_20260719_175316,0.5,0.5,1.754353,0.015621,149.33037786981131,2.270968050765509,True,mc/mc_infill_5_6_beta0_5,False,,,,5.413557380819254
mc/mc_infill_5_6_beta0_5,mc_infill_5_6_beta0_5_gid-116_20260719_175316,0.5,0.5,1.478038,0.028232,92.09977453847998,2.6420683479792877,True,mc/mc_infill_5_6_beta0_5,False,,,,5.84655246154954
mc/mc_infill_5_6_beta0_5,mc_infill_5_6_beta0_5_gid-117_20260719_175316,0.5,0.5,1.847234,0.017183,148.73920504008638,2.262916638674946,True,mc/mc_infill_5_6_beta0_5,False,,,,5.715472594311284
mc/mc_infill_5_6_beta0_5,mc_infill_5_6_beta0_5_gid-118_20260719_175316,0.5,0.5,1.998514,0.010705,180.6772259335636,2.083459220045367,True,mc/mc_infill_5_6_beta0_5,False,,,,5.528597128353685
mc/mc_infill_5_6_beta0_5,mc_infill_5_6_beta0_5_gid-11_20260719_175337,0.5,0.5,1.292857,0.02879,81.19377088165845,2.738033053515106,True,mc/mc_infill_5_6_beta0_5,False,,,,5.522203852521076
mc/mc_infill_5_6_beta0_5,mc_infill_5_6_beta0_5_gid-123_20260719_175316,0.5,0.5,1.639263,0.018134,133.03889952613352,2.3725980356952068,True,mc/mc_infill_5_6_beta0_5,False,,,,5.374713793995451
mc/mc_infill_5_6_beta0_5,mc_infill_5_6_beta0_5_gid-126_20260719_175303,0.5,0.5,1.896779,0.018882,145.81274985372173,2.272527911067844,True,mc/mc_infill_5_6_beta0_5,False,,,,5.938324909156398
mc/mc_infill_5_6_beta0_5,mc_infill_5_6_beta0_5_gid-127_20260719_175303,0.5,0.5,1.607565,0.022998,114.63554116398862,2.4834665313659103,True,mc/mc_infill_5_6_beta0_5,False,,,,5.689635189341824
mc/mc_infill_5_6_beta0_5,mc_infill_5_6_beta0_5_gid-129_20260719_175303,0.5,0.5,1.496793,0.024168,104.36538731119867,2.5593143606801543,True,mc/mc_infill_5_6_beta0_5,False,,,,5.560565588258795
mc/mc_infill_5_6_beta0_5,mc_infill_5_6_beta0_5_gid-132_20260719_175303,0.5,0.5,1.500617,0.023488,106.65203154227468,2.544394752861294,True,mc/mc_infill_5_6_beta0_5,False,,,,5.514300302469103
mc/mc_infill_5_6_beta0_5,mc_infill_5_6_beta0_5_gid-133_20260719_175303,0.5,0.5,1.612275,0.025241,108.37696330960397,2.521583998922855,True,mc/mc_infill_5_6_beta0_5,False,,,,5.873882386041402
mc/mc_infill_5_6_beta0_5,mc_infill_5_6_beta0_5_gid-134_20260719_175303,0.5,0.5,1.324741,0.031884,75.39129831022586,2.7773903365459733,True,mc/mc_infill_5_6_beta0_5,False,,,,5.8393689308011965
mc/mc_infill_5_6_beta0_5,mc_infill_5_6_beta0_5_gid-136_20260719_175303,0.5,0.5,1.244452,0.029598,77.18485079226447,2.772431031878173,True,mc/mc_infill_5_6_beta0_5,False,,,,5.490722414724287
mc/mc_infill_5_6_beta0_5,mc_infill_5_6_beta0_5_gid-137_20260719_175303,0.5,0.5,1.298682,0.027906,83.71944232888673,2.7192646618435417,True,mc/mc_infill_5_6_beta0_5,False,,,,5.4614460389768125
mc/mc_infill_5_6_beta0_5,mc_infill_5_6_beta0_5_gid-138_20260719_175303,0.5,0.5,1.745659,0.018675,137.48342137052512,2.335784289386202,True,mc/mc_infill_5_6_beta0_5,False,,,,5.629267579858653
mc/mc_infill_5_6_beta0_5,mc_infill_5_6_beta0_5_gid-139_20260719_175303,0.5,0.5,1.763652,0.019504,135.75270814984833,2.343305504829566,True,mc/mc_infill_5_6_beta0_5,False,,,,5.727859117422366
mc/mc_infill_5_6_beta0_5,mc_infill_5_6_beta0_5_gid-140_20260719_175634,0.5,0.5,1.00266,0.039794,49.89213557871245,3.0190700401806856,True,mc/mc_infill_5_6_beta0_5,False,,,,5.873379533847439
mc/mc_infill_5_6_beta0_5,mc_infill_5_6_beta0_5_gid-146_20260719_175634,0.5,0.5,1.250269,0.031464,73.0559435033957,2.802868480381142,True,mc/mc_infill_5_6_beta0_5,False,,,,5.656971880387691
mc/mc_infill_5_6_beta0_5,mc_infill_5_6_beta0_5_gid-147_20260719_175634,0.5,0.5,1.848269,0.013152,164.25451076045593,2.183094357277252,True,mc/mc_infill_5_6_beta0_5,False,,,,5.414404825376791
mc/mc_infill_5_6_beta0_5,mc_infill_5_6_beta0_5_gid-14_20260719_175811,0.5,0.5,1.320288,0.0333,72.18992579508306,2.8020165915115256,True,mc/mc_infill_5_6_beta0_5,False,,,,5.946532456029593
mc/mc_infill_5_6_beta0_5,mc_infill_5_6_beta0_5_gid-150_20260719_175634,0.5,0.5,1.124509,0.036996,57.62893093919388,2.9394259756706056,True,mc/mc_infill_5_6_beta0_5,False,,,,5.871192934851089
mc/mc_infill_5_6_beta0_5,mc_infill_5_6_beta0_5_gid-152_20260719_175634,0.5,0.5,1.224136,0.030466,74.32128410214752,2.7959766386191713,True,mc/mc_infill_5_6_beta0_5,False,,,,5.521574583159385
mc/mc_infill_5_6_beta0_5,mc_infill_5_6_beta0_5_gid-153_20260719_175634,0.5,0.5,1.346301,0.027942,85.80641992950545,2.699517717219886,True,mc/mc_infill_5_6_beta0_5,False,,,,5.560918254753912
mc/mc_infill_5_6_beta0_5,mc_infill_5_6_beta0_5_gid-154_20260719_175652,0.5,0.5,1.586599,0.027168,101.52811760178508,2.567949116872821,True,mc/mc_infill_5_6_beta0_5,False,,,,5.974572732935253
mc/mc_infill_5_6_beta0_5,mc_infill_5_6_beta0_5_gid-157_20260719_175634,0.5,0.5,1.560362,0.022276,113.98487169397416,2.49252924389327,True,mc/mc_infill_5_6_beta0_5,False,,,,5.538909774972843
mc/mc_infill_5_6_beta0_5,mc_infill_5_6_beta0_5_gid-15_20260719_175811,0.5,0.5,1.089402,0.033417,63.46064846757059,2.8947266527165927,True,mc/mc_infill_5_6_beta0_5,False,,,,5.49742255238662
mc/mc_infill_5_6_beta0_5,mc_infill_5_6_beta0_5_gid-163_20260719_175418,0.5,0.5,1.439616,0.024223,101.00761748268056,2.586968781840824,True,mc/mc_infill_5_6_beta0_5,False,,,,5.4493813837226845
mc/mc_infill_5_6_beta0_5,mc_infill_5_6_beta0_5_gid-164_20260719_175406,0.5,0.5,1.062869,0.035509,58.6250161716262,2.9373618444642884,True,mc/mc_infill_5_6_beta0_5,False,,,,5.62274751851478
mc/mc_infill_5_6_beta0_5,mc_infill_5_6_beta0_5_gid-16_20260719_175811,0.5,0.5,1.035419,0.036657,55.85372662509841,2.9636230346057943,True,mc/mc_infill_5_6_beta0_5,False,,,,5.666694771110986
mc/mc_infill_5_6_beta0_5,mc_infill_5_6_beta0_5_gid-171_20260719_175406,0.5,0.5,1.356862,0.028798,84.13967912476828,2.7102106721094756,True,mc/mc_infill_5_6_beta0_5,False,,,,5.651596998260722
mc/mc_infill_5_6_beta0_5,mc_infill_5_6_beta0_5_gid-177_20260719_175406,0.5,0.5,1.628639,0.022549,117.35384319386728,2.4647430070205223,True,mc/mc_infill_5_6_beta0_5,False,,,,5.696391398270811
mc/mc_infill_5_6_beta0_5,mc_infill_5_6_beta0_5_gid-178_20260719_175406,0.5,0.5,1.78842,0.02075,133.24750453179618,2.3544789520202256,True,mc/mc_infill_5_6_beta0_5,False,,,,5.870768198520676
mc/mc_infill_5_6_beta0_5,mc_infill_5_6_beta0_5_gid-179_20260719_175406,0.5,0.5,1.124897,0.03434,62.587256851346865,2.898274843092296,True,mc/mc_infill_5_6_beta0_5,False,,,,5.646983669027188
mc/mc_infill_5_6_beta0_5,mc_infill_5_6_beta0_5_gid-180_20260719_175406,0.5,0.5,1.667337,0.018108,134.79371397076426,2.3596394017174256,True,mc/mc_infill_5_6_beta0_5,False,,,,5.429451980514295
mc/mc_infill_5_6_beta0_5,mc_infill_5_6_beta0_5_gid-181_20260719_175609,0.5,0.5,1.419522,0.030242,83.91722764908447,2.705142992272801,True,mc/mc_infill_5_6_beta0_5,False,,,,5.8926088364058495
mc/mc_infill_5_6_beta0_5,mc_infill_5_6_beta0_5_gid-182_20260719_175609,0.5,0.5,1.809515,0.015994,150.96871220868556,2.2557446041565936,True,mc/mc_infill_5_6_beta0_5,False,,,,5.551762226235549
mc/mc_infill_5_6_beta0_5,mc_infill_5_6_beta0_5_gid-183_20260719_175609,0.5,0.5,1.541655,0.021782,114.47462109560674,2.49156067435953,True,mc/mc_infill_5_6_beta0_5,False,,,,5.46231603511275
mc/mc_infill_5_6_beta0_5,mc_infill_5_6_beta0_5_gid-193_20260719_175609,0.5,0.5,1.640352,0.019615,127.7546683125167,2.40241533264358,True,mc/mc_infill_5_6_beta0_5,False,,,,5.491848732554945
mc/mc_infill_5_6_beta0_5,mc_infill_5_6_beta0_5_gid-194_20260719_175609,0.5,0.5,1.376227,0.028104,86.86157733838004,2.6889704138985127,True,mc/mc_infill_5_6_beta0_5,False,,,,5.634082557426263
mc/mc_infill_5_6_beta0_5,mc_infill_5_6_beta0_5_gid-195_20260719_175609,0.5,0.5,1.316228,0.027086,86.68498097322677,2.6964575613512736,True,mc/mc_infill_5_6_beta0_5,False,,,,5.430011897087744
mc/mc_infill_5_6_beta0_5,mc_infill_5_6_beta0_5_gid-196_20260719_175609,0.5,0.5,1.004303,0.034147,60.010125995653134,2.9314446161499843,True,mc/mc_infill_5_6_beta0_5,False,,,,5.3880557469937385
mc/mc_infill_5_6_beta0_5,mc_infill_5_6_beta0_5_gid-199_20260719_175609,0.5,0.5,1.096123,0.03403,62.383583265032094,2.9028494184875036,True,mc/mc_infill_5_6_beta0_5,False,,,,5.56309288209601
mc/mc_infill_5_6_beta0_5,mc_infill_5_6_beta0_5_gid-19_20260719_175811,0.5,0.5,1.545893,0.023415,109.54840478671646,2.5214102576893316,True,mc/mc_infill_5_6_beta0_5,False,,,,5.599511541752951
mc/mc_infill_5_6_beta0_5,mc_infill_5_6_beta0_5_gid-200_20260719_175640,0.5,0.5,1.608839,0.024621,109.9080077709175,2.512400838371439,True,mc/mc_infill_5_6_beta0_5,False,,,,5.818781323882076
mc/mc_infill_5_6_beta0_5,mc_infill_5_6_beta0_5_gid-25_20260719_175811,0.5,0.5,1.032428,0.039187,51.50477716853904,3.0017357243615774,True,mc/mc_infill_5_6_beta0_5,False,,,,5.878721634704547
mc/mc_infill_5_6_beta0_5,mc_infill_5_6_beta0_5_gid-28_20260719_175811,0.5,0.5,1.15083,0.036494,59.345521694595035,2.9222872729008667,True,mc/mc_infill_5_6_beta0_5,False,,,,5.880311302991488
mc/mc_infill_5_6_beta0_5,mc_infill_5_6_beta0_5_gid-35_20260719_175434,0.5,0.5,1.978847,0.014879,163.73267056573073,2.168874331409729,True,mc/mc_infill_5_6_beta0_5,False,,,,5.798104501257292
mc/mc_infill_5_6_beta0_5,mc_infill_5_6_beta0_5_gid-38_20260719_175434,0.5,0.5,1.948826,0.010204,181.1031916248824,2.0882851895527748,True,mc/mc_infill_5_6_beta0_5,False,,,,5.393992637116842
mc/mc_infill_5_6_beta0_5,mc_infill_5_6_beta0_5_gid-39_20260719_175434,0.5,0.5,1.936594,0.012936,169.20579227451282,2.1471186284451815,True,mc/mc_infill_5_6_beta0_5,False,,,,5.5725788061911015
mc/mc_infill_5_6_beta0_5,mc_infill_5_6_beta0_5_gid-3_20260719_174709,0.5,0.5,1.683765,0.018291,135.10356644618406,2.3560528896865853,True,mc/mc_infill_5_6_beta0_5,False,,,,5.4766136862684975
mc/mc_infill_5_6_beta0_5,mc_infill_5_6_beta0_5_gid-41_20260719_175737,0.5,0.5,1.84171,0.020822,136.37249575404624,2.330787401790603,True,mc/mc_infill_5_6_beta0_5,False,,,,5.978660324057473
mc/mc_infill_5_6_beta0_5,mc_infill_5_6_beta0_5_gid-43_20260719_175737,0.5,0.5,1.795404,0.021561,131.17036485483462,2.3654315533608,True,mc/mc_infill_5_6_beta0_5,False,,,,5.945757592457267
mc/mc_infill_5_6_beta0_5,mc_infill_5_6_beta0_5_gid-44_20260719_175737,0.5,0.5,1.301305,0.031218,75.7874524497102,2.776920648671511,True,mc/mc_infill_5_6_beta0_5,False,,,,5.738391628564974
mc/mc_infill_5_6_beta0_5,mc_infill_5_6_beta0_5_gid-45_20260719_175737,0.5,0.5,1.395249,0.026156,93.05150317200236,2.644360939591628,True,mc/mc_infill_5_6_beta0_5,False,,,,5.514876708938567
mc/mc_infill_5_6_beta0_5,mc_infill_5_6_beta0_5_gid-46_20260719_175737,0.5,0.5,1.903766,0.015821,156.6869516251791,2.2144108543667063,True,mc/mc_infill_5_6_beta0_5,False,,,,5.723322529206784
mc/mc_infill_5_6_beta0_5,mc_infill_5_6_beta0_5_gid-47_20260719_175737,0.5,0.5,1.424354,0.026365,94.00068400655614,2.6348993854076337,True,mc/mc_infill_5_6_beta0_5,False,,,,5.590393098960308
mc/mc_infill_5_6_beta0_5,mc_infill_5_6_beta0_5_gid-49_20260719_175804,0.5,0.5,1.611918,0.022412,116.72604948930694,2.4703404333716454,True,mc/mc_infill_5_6_beta0_5,False,,,,5.652573784187723
mc/mc_infill_5_6_beta0_5,mc_infill_5_6_beta0_5_gid-50_20260719_175737,0.5,0.5,1.20646,0.033592,66.81839786548518,2.8558196041574218,True,mc/mc_infill_5_6_beta0_5,False,,,,5.746519961427661
mc/mc_infill_5_6_beta0_5,mc_infill_5_6_beta0_5_gid-54_20260719_175737,0.5,0.5,1.4164,0.025062,97.27857720481448,2.6138507913444804,True,mc/mc_infill_5_6_beta0_5,False,,,,5.4695850663143695
mc/mc_infill_5_6_beta0_5,mc_infill_5_6_beta0_5_gid-59_20260719_175737,0.5,0.5,1.637034,0.023341,115.47488620538196,2.4751669055502723,True,mc/mc_infill_5_6_beta0_5,False,,,,5.774498437277921
mc/mc_infill_5_6_beta0_5,mc_infill_5_6_beta0_5_gid-5_20260719_174705,0.5,0.5,1.870177,0.012557,167.77273257758446,2.1628169026282693,True,mc/mc_infill_5_6_beta0_5,False,,,,5.413348591943585
mc/mc_infill_5_6_beta0_5,mc_infill_5_6_beta0_5_gid-60_20260719_175737,0.5,0.5,1.213268,0.033968,66.31458498100265,2.8590965732197784,True,mc/mc_infill_5_6_beta0_5,False,,,,5.791394103740833
mc/mc_infill_5_6_beta0_5,mc_infill_5_6_beta0_5_gid-61_20260719_175737,0.5,0.5,1.064344,0.034194,61.22851395743066,2.915510986655261,True,mc/mc_infill_5_6_beta0_5,False,,,,5.513227376025162
mc/mc_infill_5_6_beta0_5,mc_infill_5_6_beta0_5_gid-62_20260719_175737,0.5,0.5,1.752706,0.018228,139.4838390516326,2.323974656663858,True,mc/mc_infill_5_6_beta0_5,False,,,,5.609082520656079
mc/mc_infill_5_6_beta0_5,mc_infill_5_6_beta0_5_gid-63_20260719_175737,0.5,0.5,1.200142,0.03187,70.23686025278163,2.8297208256364637,True,mc/mc_infill_5_6_beta0_5,False,,,,5.590136097491841
mc/mc_infill_5_6_beta0_5,mc_infill_5_6_beta0_5_gid-67_20260719_175737,0.5,0.5,1.94704,0.017075,154.53471759862714,2.220117055342932,True,mc/mc_infill_5_6_beta0_5,False,,,,5.899731424298454
mc/mc_infill_5_6_beta0_5,mc_infill_5_6_beta0_5_gid-68_20260719_175737,0.5,0.5,1.030528,0.034055,60.73211827135012,2.9229219299029383,True,mc/mc_infill_5_6_beta0_5,False,,,,5.433147629536745
mc/mc_infill_5_6_beta0_5,mc_infill_5_6_beta0_5_gid-6_20260719_174705,0.5,0.5,1.153758,0.031709,69.02344288833997,2.8439081580183654,True,mc/mc_infill_5_6_beta0_5,False,,,,5.483021233362752
mc/mc_infill_5_6_beta0_5,mc_infill_5_6_beta0_5_gid-72_20260719_175809,0.5,0.5,1.720348,0.018422,136.8378714041905,2.3422626275379943,True,mc/mc_infill_5_6_beta0_5,False,,,,5.559754106467505
mc/mc_infill_5_6_beta0_5,mc_infill_5_6_beta0_5_gid-73_20260719_175809,0.5,0.5,1.356562,0.032796,74.9872712020233,2.7769841597183764,True,mc/mc_infill_5_6_beta0_5,False,,,,5.97621209319099
mc/mc_infill_5_6_beta0_5,mc_infill_5_6_beta0_5_gid-74_20260719_175809,0.5,0.5,1.432663,0.025225,97.66789406847307,2.6095697921861496,True,mc/mc_infill_5_6_beta0_5,False,,,,5.515618641106942
mc/mc_infill_5_6_beta0_5,mc_infill_5_6_beta0_5_gid-75_20260719_175809,0.5,0.5,1.613293,0.025977,106.41992705407677,2.5337879076188266,True,mc/mc_infill_5_6_beta0_5,False,,,,5.933288442734199
mc/mc_infill_5_6_beta0_5,mc_infill_5_6_beta0_5_gid-77_20260719_175809,0.5,0.5,1.338566,0.032739,74.22295181587391,2.7846625158693197,True,mc/mc_infill_5_6_beta0_5,False,,,,5.936406927226299
mc/mc_infill_5_6_beta0_5,mc_infill_5_6_beta0_5_gid-79_20260719_175809,0.5,0.5,1.762167,0.017275,143.4851096390266,2.3011401367211133,True,mc/mc_infill_5_6_beta0_5,False,,,,5.555190491084144
mc/mc_infill_5_6_beta0_5,mc_infill_5_6_beta0_5_gid-7_20260719_174703,0.5,0.5,1.166685,0.037156,58.70815120108174,2.925895968215067,True,mc/mc_infill_5_6_beta0_5,False,,,,5.967094808218176
mc/mc_infill_5_6_beta0_5,mc_infill_5_6_beta0_5_gid-81_20260719_175809,0.5,0.5,1.483475,0.026986,95.64097439530056,2.6176540942406343,True,mc/mc_infill_5_6_beta0_5,False,,,,5.758019398733094
mc/mc_infill_5_6_beta0_5,mc_infill_5_6_beta0_5_gid-82_20260719_175809,0.5,0.5,1.882672,0.014127,162.00365211299766,2.18999390826079,True,mc/mc_infill_5_6_beta0_5,False,,,,5.555623685500975
mc/mc_infill_5_6_beta0_5,mc_infill_5_6_beta0_5_gid-83_20260719_175809,0.5,0.5,1.676773,0.024558,114.5358834949203,2.4765333054561873,True,mc/mc_infill_5_6_beta0_5,False,,,,5.946286952334486
mc/mc_infill_5_6_beta0_5,mc_infill_5_6_beta0_5_gid-86_20260719_175809,0.5,0.5,1.28599,0.031274,74.98364624870102,2.784556474450209,True,mc/mc_infill_5_6_beta0_5,False,,,,5.712669175798404
mc/mc_infill_5_6_beta0_5,mc_infill_5_6_beta0_5_gid-87_20260719_175809,0.5,0.5,1.544447,0.027831,97.14171156452174,2.6011722723801785,True,mc/mc_infill_5_6_beta0_5,False,,,,5.944754246925284
mc/mc_infill_5_6_beta0_5,mc_infill_5_6_beta0_5_gid-88_20260719_175809,0.5,0.5,1.009299,0.034866,58.66304215053609,2.9422756312635707,True,mc/mc_infill_5_6_beta0_5,False,,,,5.460226114608179
mc/mc_infill_5_6_beta0_5,mc_infill_5_6_beta0_5_gid-8_20260719_174705,0.5,0.5,1.710473,0.021702,125.24983840655476,2.4090628070556175,True,mc/mc_infill_5_6_beta0_5,False,,,,5.791898164261103
mc/mc_infill_5_6_beta0_5,mc_infill_5_6_beta0_5_gid-93_20260719_175809,0.5,0.5,1.613674,0.021272,120.49749783579034,2.4476290616736276,True,mc/mc_infill_5_6_beta0_5,False,,,,5.5672216712110805
mc/mc_infill_5_6_beta0_5,mc_infill_5_6_beta0_5_gid-97_20260719_175809,0.5,0.5,1.152446,0.032858,66.4780430400927,2.864137431303398,True,mc/mc_infill_5_6_beta0_5,False,,,,5.5770639408045595
mc/mc_infill_5_6_beta0_5,mc_infill_5_6_beta0_5_gid-9_20260719_174635,0.5,0.5,1.863009,0.013952,161.7229792723578,2.1939018632429645,True,mc/mc_infill_5_6_beta0_5,False,,,,5.5037512368091654
mc/mc_infill_1_2_hprog_beta0,mc_infill_1_2_hprog_beta0_gid-56_20260719_180906,0.0,0.998,1.140862,-0.01772,703.3898561558166,0.7324823242227785,True,mc/mc_infill_1_2_hprog_beta0,False,,,,1.436683134976262
mc/mc_infill_1_2_hprog_beta0,mc_infill_1_2_hprog_beta0_gid-12_20260719_180935,0.0,0.998,1.421719,-0.031002,885.3269326837674,0.3381313651215933,True,mc/mc_infill_1_2_hprog_beta0,False,,,,1.187470813620381
mc/mc_infill_1_2_hprog_beta0,mc_infill_1_2_hprog_beta0_gid-82_20260719_180336,0.0,0.998,1.099346,-0.022437,816.7445023811958,0.5028667332912642,True,mc/mc_infill_1_2_hprog_beta0,False,,,,1.0052515636523318
mc/mc_infill_1_2_hprog_beta0,mc_infill_1_2_hprog_beta0_gid-48_20260719_180938,0.0,0.998,1.443378,-0.028116,820.8664194691349,0.4712310391945451,True,mc/mc_infill_1_2_hprog_beta0,False,,,,1.3726082536288982
mc/mc_infill_1_2_hprog_beta0,mc_infill_1_2_hprog_beta0_gid-21_20260719_180935,0.0,0.998,1.286119,-0.021642,736.7344065217463,0.6483080674339158,True,mc/mc_infill_1_2_hprog_beta0,False,,,,1.4690770335741836
mc/mc_infill_1_2_hprog_beta0,mc_infill_1_2_hprog_beta0_gid-62_20260719_180906,0.0,0.998,1.237138,-0.016166,617.2215752924163,0.8735352232620988,True,mc/mc_infill_1_2_hprog_beta0,False,,,,1.819100533710516
mc/mc_infill_1_2_hprog_beta0,mc_infill_1_2_hprog_beta0_gid-97_20260719_180911,0.0,0.998,1.324588,-0.027792,863.9548064304149,0.402194386165808,True,mc/mc_infill_1_2_hprog_beta0,False,,,,1.1584585565999412
mc/mc_infill_1_2_hprog_beta0,mc_infill_1_2_hprog_beta0_gid-84_20260719_180336,0.0,0.998,1.081277,-0.01095,566.0729444791294,1.003663694405973,True,mc/mc_infill_1_2_hprog_beta0,False,,,,1.8308677820300896
mc/mc_infill_1_2_hprog_beta0,mc_infill_1_2_hprog_beta0_gid-57_20260719_180906,0.0,0.998,1.405555,-0.026315,779.6196441225748,0.5285328680728961,True,mc/mc_infill_1_2_hprog_beta0,False,,,,1.4651574487230392
mc/mc_infill_1_2_hprog_beta0,mc_infill_1_2_hprog_beta0_gid-41_20260719_180938,0.0,0.998,1.418055,-0.019769,620.7964885962273,0.8370844507542622,True,mc/mc_infill_1_2_hprog_beta0,False,,,,1.968199714695566
mc/mc_infill_1_2_hprog_beta0,mc_infill_1_2_hprog_beta0_gid-11_20260719_180935,0.0,0.998,1.247346,-0.019275,681.3696302174487,0.7364368336044853,True,mc/mc_infill_1_2_hprog_beta0,False,,,,1.5992513533800317
mc/mc_infill_1_2_hprog_beta0,mc_infill_1_2_hprog_beta0_gid-92_20260719_180911,0.0,0.998,1.015204,-0.019223,794.9974991839742,0.5592723508958045,True,mc/mc_infill_1_2_hprog_beta0,False,,,,1.0361796201001998
mc/mc_infill_1_2_hprog_beta0,mc_infill_1_2_hprog_beta0_gid-3_20260719_180935,0.0,0.998,1.012278,-0.01407,663.5095513504654,0.8097286260650521,True,mc/mc_infill_1_2_hprog_beta0,False,,,,1.4084483744091567
mc/mc_infill_1_2_hprog_beta0,mc_infill_1_2_hprog_beta0_gid-19_20260719_180935,0.0,0.998,1.318318,-0.026277,837.8718015586697,0.4657732762222343,True,mc/mc_infill_1_2_hprog_beta0,False,,,,1.2274197812188474
mc/mc_infill_1_2_hprog_beta0,mc_infill_1_2_hprog_beta0_gid-89_20260719_180336,0.0,0.998,1.19857,-0.016655,640.8855753549511,0.8267735389032717,True,mc/mc_infill_1_2_hprog_beta0,False,,,,1.6991747711091114
mc/mc_infill_1_2_hprog_beta0,mc_infill_1_2_hprog_beta0_gid-18_20260719_180935,0.0,0.998,1.160038,-0.01611,651.9948121262605,0.8195443690649036,True,mc/mc_infill_1_2_hprog_beta0,False,,,,1.6235648189281846
mc/mc_infill_1_2_hprog_beta0,mc_infill_1_2_hprog_beta0_gid-66_20260719_180906,0.0,0.998,1.200575,-0.02161,750.8927487455007,0.5969855717800359,True,mc/mc_infill_1_2_hprog_beta0,False,,,,1.2807808615094385
mc/mc_infill_1_2_hprog_beta0,mc_infill_1_2_hprog_beta0_gid-87_20260719_180336,0.0,0.998,1.291174,-0.017787,629.0359527957202,0.8394905742592633,True,mc/mc_infill_1_2_hprog_beta0,False,,,,1.835367009089055
mc/mc_infill_1_2_hprog_beta0,mc_infill_1_2_hprog_beta0_gid-78_20260719_180336,0.0,0.998,1.444519,-0.02605,760.6009711585872,0.5698082026377502,True,mc/mc_infill_1_2_hprog_beta0,False,,,,1.5219036852304382
mc/mc_infill_1_2_hprog_beta0_5,mc_infill_1_2_hprog_beta0_5_gid-48_20260719_180737,0.5,0.998,1.313051,-0.023137,786.6366038647194,0.5430670731627295,True,mc/mc_infill_1_2_hprog_beta0_5,False,,,,1.440597495507127
mc/mc_infill_1_2_hprog_beta0_5,mc_infill_1_2_hprog_beta0_5_gid-7_20260719_180911,0.5,0.998,1.45899,-0.029002,889.21882326254,0.3799138696479986,True,mc/mc_infill_1_2_hprog_beta0_5,False,,,,1.3675619941963597
mc/mc_infill_1_2_hprog_beta0_5,mc_infill_1_2_hprog_beta0_5_gid-76_20260719_180222,0.5,0.998,1.335162,-0.028652,944.5161132106724,0.3109725936325534,True,mc/mc_infill_1_2_hprog_beta0_5,False,,,,1.0668596756802822
mc/mc_infill_1_2_hprog_beta0_5,mc_infill_1_2_hprog_beta0_5_gid-41_20260719_180805,0.5,0.998,1.003269,-0.01453,720.6782782673199,0.7180602099387067,True,mc/mc_infill_1_2_hprog_beta0_5,False,,,,1.2639045357858587
mc/mc_infill_1_2_hprog_beta0_5,mc_infill_1_2_hprog_beta0_5_gid-98_20260719_180735,0.5,0.998,1.068406,-0.008807,572.8521797266582,0.984340576014127,True,mc/mc_infill_1_2_hprog_beta0_5,False,,,,1.9625884824916833
mc/mc_infill_1_2_hprog_beta0_5,mc_infill_1_2_hprog_beta0_5_gid-23_20260719_180737,0.5,0.998,1.108149,-0.01236,629.0670877195282,0.8633151040633842,True,mc/mc_infill_1_2_hprog_beta0_5,False,,,,1.7845451211595909
mc/mc_infill_1_2_hprog_beta0_5,mc_infill_1_2_hprog_beta0_5_gid-71_20260719_180222,0.5,0.998,1.395249,-0.022883,751.8563852355084,0.6037641651329502,True,mc/mc_infill_1_2_hprog_beta0_5,False,,,,1.7000358116667094
mc/mc_infill_1_2_hprog_beta0_5,mc_infill_1_2_hprog_beta0_5_gid-69_20260719_180222,0.5,0.998,1.301305,-0.019086,706.607586849884,0.7017265500096582,True,mc/mc_infill_1_2_hprog_beta0_5,False,,,,1.7315705844266067
mc/mc_infill_1_2_hprog_beta0_5,mc_infill_1_2_hprog_beta0_5_gid-58_20260719_180737,0.5,0.998,1.165285,-0.017455,725.14784744736,0.6876412452967064,True,mc/mc_infill_1_2_hprog_beta0_5,False,,,,1.5117788792570384
mc/mc_infill_1_2_hprog_beta0_5,mc_infill_1_2_hprog_beta0_5_gid-66_20260719_180224,0.5,0.998,1.12503,-0.016317,715.1414400367818,0.7067200475334489,True,mc/mc_infill_1_2_hprog_beta0_5,False,,,,1.5073489972084746
mc/mc_infill_1_2_hprog_beta0_5,mc_infill_1_2_hprog_beta0_5_gid-34_20260719_180737,0.5,0.998,1.014707,-0.017693,791.5835809492607,0.5828004619762737,True,mc/mc_infill_1_2_hprog_beta0_5,False,,,,1.1091074955036206
mc/mc_infill_1_2_hprog_beta0_5,mc_infill_1_2_hprog_beta0_5_gid-94_20260719_180805,0.5,0.998,1.064344,-0.016855,750.2387957221582,0.6514253031646002,True,mc/mc_infill_1_2_hprog_beta0_5,False,,,,1.2948551482702968
mc/mc_infill_1_2_hprog_beta0_5,mc_infill_1_2_hprog_beta0_5_gid-77_20260719_180224,0.5,0.998,1.20646,-0.017306,700.9479276706286,0.7217006005997203,True,mc/mc_infill_1_2_hprog_beta0_5,False,,,,1.6500667038529582
mc/mc_infill_1_2_hprog_beta0_5,mc_infill_1_2_hprog_beta0_5_gid-50_20260719_180737,0.5,0.998,1.146473,-0.016648,712.2777397790168,0.7110309010900415,True,mc/mc_infill_1_2_hprog_beta0_5,False,,,,1.547598507237948
mc/mc_infill_1_2_hprog_beta0_5,mc_infill_1_2_hprog_beta0_5_gid-33_20260719_180737,0.5,0.998,1.183532,-0.024414,915.0103934698932,0.3977517045594571,True,mc/mc_infill_1_2_hprog_beta0_5,False,,,,1.069008133834624
mc/mc_infill_1_2_hprog_beta0_5,mc_infill_1_2_hprog_beta0_5_gid-62_20260719_180737,0.5,0.998,1.299896,-0.025321,854.142322636961,0.4537802541587992,True,mc/mc_infill_1_2_hprog_beta0_5,False,,,,1.1381515862653648
mc/mc_infill_1_2_hprog_beta0_5,mc_infill_1_2_hprog_beta0_5_gid-43_20260719_180737,0.5,0.998,1.004901,-0.010246,618.5804852019409,0.9043890123524406,True,mc/mc_infill_1_2_hprog_beta0_5,False,,,,1.6794444067022831
mc/mc_infill_1_2_hprog_beta0_5,mc_infill_1_2_hprog_beta0_5_gid-72_20260719_180222,0.5,0.998,1.17765,-0.011511,591.5148844179996,0.9289615587763193,True,mc/mc_infill_1_2_hprog_beta0_5,False,,,,2.0188515730226912
mc/mc_infill_1_2_hprog_beta0_5,mc_infill_1_2_hprog_beta0_5_gid-96_20260719_180805,0.5,0.998,1.200142,-0.018597,737.9142220564878,0.6595869050389336,True,mc/mc_infill_1_2_hprog_beta0_5,False,,,,1.527828480740329
mc/mc_infill_1_2_hprog_beta0_5,mc_infill_1_2_hprog_beta0_5_gid-36_20260719_180737,0.5,0.998,1.2359,-0.016733,679.448484890451,0.7556282731318347,True,mc/mc_infill_1_2_hprog_beta0_5,False,,,,1.7618218116276698
mc/mc_infill_1_2_hprog_beta0_5,mc_infill_1_2_hprog_beta0_5_gid-88_20260719_180805,0.5,0.998,1.177042,-0.020575,781.1530858419699,0.5583278606976951,True,mc/mc_infill_1_2_hprog_beta0_5,False,,,,1.2650575234307873
mc/mc_infill_1_2_hprog_beta0_5,mc_infill_1_2_hprog_beta0_5_gid-22_20260719_180942,0.5,0.998,1.28471,-0.024362,847.3980133302784,0.4713983399048902,True,mc/mc_infill_1_2_hprog_beta0_5,False,,,,1.2739636344979628
mc/mc_infill_1_2_hprog_beta0_5,mc_infill_1_2_hprog_beta0_5_gid-91_20260719_180805,0.5,0.998,1.255681,-0.019413,731.803149841005,0.6614679688734499,True,mc/mc_infill_1_2_hprog_beta0_5,False,,,,1.6035270536639286
mc/mc_infill_1_2_hprog_beta0_5,mc_infill_1_2_hprog_beta0_5_gid-10_20260719_180911,0.5,0.998,1.153758,-0.018718,761.4166910885693,0.6220350370965587,True,mc/mc_infill_1_2_hprog_beta0_5,False,,,,1.3726567769439555
mc/mc_infill_1_2_hprog_beta0_5,mc_infill_1_2_hprog_beta0_5_gid-60_20260719_180737,0.5,0.998,1.330591,-0.025875,834.4962304765559,0.4699705058014737,True,mc/mc_infill_1_2_hprog_beta0_5,False,,,,1.4522233553427573
mc/mc_infill_1_2_hprog_beta0_5,mc_infill_1_2_hprog_beta0_5_gid-13_20260719_180221,0.5,0.998,1.258711,-0.016086,657.558966584064,0.7982015874371957,True,mc/mc_infill_1_2_hprog_beta0_5,False,,,,1.8561148676023616
mc/mc_infill_1_2_hprog_beta0_5,mc_infill_1_2_hprog_beta0_5_gid-74_20260719_180222,0.5,0.998,1.108316,-0.021381,852.2283075643292,0.4697439522029372,True,mc/mc_infill_1_2_hprog_beta0_5,False,,,,1.02567120693948
mc/mc_infill_1_2_hprog_beta0_5,mc_infill_1_2_hprog_beta0_5_gid-45_20260719_180737,0.5,0.998,1.302719,-0.017563,670.1139887191093,0.7636452224680311,True,mc/mc_infill_1_2_hprog_beta0_5,False,,,,1.8560081180850316
mc/mc_infill_1_2_hprog_beta0_5,mc_infill_1_2_hprog_beta0_5_gid-42_20260719_180737,0.5,0.998,1.032428,-0.01311,677.1499002415447,0.7921710095880861,True,mc/mc_infill_1_2_hprog_beta0_5,False,,,,1.531624111111595
mc/mc_infill_1_2_hprog_beta0_5,mc_infill_1_2_hprog_beta0_5_gid-38_20260719_180737,0.5,0.998,1.43907,-0.030932,957.4856002731336,0.289534400283353,True,mc/mc_infill_1_2_hprog_beta0_5,False,,,,1.0975248326692295
mc/mc_infill_1_2_hprog_beta0_5,mc_infill_1_2_hprog_beta0_5_gid-54_20260719_180737,0.5,0.998,1.082814,-0.021419,869.1457663001204,0.4446224743704557,True,mc/mc_infill_1_2_hprog_beta0_5,False,,,,1.022254646883399
mc/mc_infill_1_2_hprog_beta0_5,mc_infill_1_2_hprog_beta0_5_gid-97_20260719_180805,0.5,0.998,1.242768,-0.018052,703.4479811147529,0.7111193637227343,True,mc/mc_infill_1_2_hprog_beta0_5,False,,,,1.6753024374635477
mc/mc_infill_1_2_hprog_beta0_5,mc_infill_1_2_hprog_beta0_5_gid-19_20260719_180942,0.5,0.998,1.181336,-0.022453,823.5105643396784,0.4956748063780437,True,mc/mc_infill_1_2_hprog_beta0_5,False,,,,1.1554044681487852
mc/mc_infill_2_6_beta0,mc_infill_2_6_beta0_gid-100_20260718_192401,0.0,0.5,1.889111,-0.028004,566.96917497,0.941883116989,True,,,,,,2.33049747995
mc/mc_infill_2_6_beta0,mc_infill_2_6_beta0_gid-101_20260718_192231,0.0,0.5,1.832267,-0.024401,504.625436944,1.09382625297,True,,,,,,2.48563429826
mc/mc_infill_2_6_beta0,mc_infill_2_6_beta0_gid-102_20260718_192231,0.0,0.5,1.457166,-0.014475,408.689318467,1.38951416504,True,,,,,,2.32176280316
mc/mc_infill_2_6_beta0,mc_infill_2_6_beta0_gid-103_20260718_192232,0.0,0.5,1.903264,-0.026191,518.328148937,1.04602385957,True,,,,,,2.53578693983
mc/mc_infill_2_6_beta0,mc_infill_2_6_beta0_gid-104_20260718_192233,0.0,0.5,1.433803,-0.015419,436.146059075,1.31835856085,True,,,,,,2.17284107949
mc/mc_infill_2_6_beta0,mc_infill_2_6_beta0_gid-105_20260718_192306,0.0,0.5,1.268246,-0.009494,354.66659969,1.56682320532,True,,,,,,2.24653328443
mc/mc_infill_2_6_beta0,mc_infill_2_6_beta0_gid-106_20260718_185437,0.0,0.5,1.185044,-0.009284,372.355084402,1.52102839085,True,,,,,,2.0184058708
mc/mc_infill_2_6_beta0,mc_infill_2_6_beta0_gid-107_20260718_185437,0.0,0.5,1.152,-0.008568,366.455150649,1.54287761474,True,,,,,,1.99023351729
mc/mc_infill_2_6_beta0,mc_infill_2_6_beta0_gid-108_20260718_185437,0.0,0.5,1.56932,-0.018918,471.758476191,1.20437925158,True,,,,,,2.24927506978
mc/mc_infill_2_6_beta0,mc_infill_2_6_beta0_gid-109_20260718_185238,0.0,0.5,1.986556,-0.025589,475.68855154,1.13685573308,True,,,,,,2.78943185642
mc/mc_infill_2_6_beta0,mc_infill_2_6_beta0_gid-10_20260718_192533,0.0,0.5,1.793034,-0.033077,714.502465182,0.601243938934,False,,,,,,1.68563150616
mc/mc_infill_2_6_beta0,mc_infill_2_6_beta0_gid-110_20260718_185238,0.0,0.5,1.25885,-0.014187,466.906828475,1.25815396674,True,,,,,,1.75825549307
mc/mc_infill_2_6_beta0,mc_infill_2_6_beta0_gid-111_20260718_185238,0.0,0.5,1.271532,-0.013249,438.919387591,1.3297541855,True,,,,,,1.88366922212
mc/mc_infill_2_6_beta0,mc_infill_2_6_beta0_gid-112_20260718_185145,0.0,0.5,1.202286,-0.010538,394.932147099,1.45543138354,True,,,,,,1.94279217831
mc/mc_infill_2_6_beta0,mc_infill_2_6_beta0_gid-113_20260718_185145,0.0,0.5,1.544042,-0.018532,474.195334963,1.20867361175,True,,,,,,2.20489612293
mc/mc_infill_2_6_beta0,mc_infill_2_6_beta0_gid-114_20260718_185145,0.0,0.5,1.683032,-0.02221,513.372893177,1.09697290321,True,,,,,,2.28451304252
mc/mc_infill_2_6_beta0,mc_infill_2_6_beta0_gid-115_20260718_192401,0.0,0.5,1.028656,-0.008649,407.216859266,1.43667452041,True,,,,,,1.62265897144
mc/mc_infill_2_6_beta0,mc_infill_2_6_beta0_gid-116_20260718_192432,0.0,0.5,1.84889,-0.022199,451.349368756,1.21684091942,True,,,,,,2.72070019059
mc/mc_infill_2_6_beta0,mc_infill_2_6_beta0_gid-117_20260718_192400,0.0,0.5,1.77052,-0.024386,526.856886836,1.04106495609,True,,,,,,2.32191204701
mc/mc_infill_2_6_beta0,mc_infill_2_6_beta0_gid-118_20260718_192508,0.0,0.5,1.074535,-0.009036,401.26605819,1.45045976214,True,,,,,,1.71743345754
mc/mc_infill_2_6_beta0,mc_infill_2_6_beta0_gid-119_20260718_192508,0.0,0.5,1.499793,-0.017127,455.930496715,1.26019763622,True,,,,,,2.20147991672
mc/mc_infill_2_6_beta0,mc_infill_2_6_beta0_gid-11_20260718_192635,0.0,0.5,1.558097,-0.029743,807.078606493,0.520667279164,True,,,,,,1.34866556841
mc/mc_infill_2_6_beta0,mc_infill_2_6_beta0_gid-120_20260718_192508,0.0,0.5,1.109464,-0.00744,353.697253365,1.585087308,True,,,,,,1.97916130812
mc/mc_infill_2_6_beta0,mc_infill_2_6_beta0_gid-121_20260718_190409,0.0,0.5,1.510336,-0.015321,411.163539346,1.3751084368,True,,,,,,2.40371622991
mc/mc_infill_2_6_beta0,mc_infill_2_6_beta0_gid-122_20260718_190305,0.0,0.5,1.274404,-0.011586,396.579179525,1.44213102386,True,,,,,,2.06215436538
mc/mc_infill_2_6_beta0,mc_infill_2_6_beta0_gid-123_20260718_190335,0.0,0.5,1.922973,-0.028038,552.352238412,0.961939248092,True,,,,,,2.4230245961
mc/mc_infill_2_6_beta0,mc_infill_2_6_beta0_gid-124_20260718_190305,0.0,0.5,1.485728,-0.015163,414.775452007,1.36716778344,True,,,,,,2.34638198254
mc/mc_infill_2_6_beta0,mc_infill_2_6_beta0_gid-125_20260718_190305,0.0,0.5,1.241361,-0.011997,418.39083911,1.38879842375,True,,,,,,1.90976043195
mc/mc_infill_2_6_beta0,mc_infill_2_6_beta0_gid-126_20260718_190305,0.0,0.5,1.396202,-0.015091,440.522645518,1.30965938407,True,,,,,,2.08873588763
mc/mc_infill_2_6_beta0,mc_infill_2_6_beta0_gid-127_20260718_185306,0.0,0.5,1.010462,-0.006579,363.754953566,1.56239549421,True,,,,,,1.77753899173
mc/mc_infill_2_6_beta0,mc_infill_2_6_beta0_gid-128_20260718_185306,0.0,0.5,1.112207,-0.008903,384.798255622,1.49022708437,True,,,,,,1.84283111368
mc/mc_infill_2_6_beta0,mc_infill_2_6_beta0_gid-129_20260718_193002,0.0,0.5,1.428029,-0.014428,415.086884489,1.37391098994,True,,,,,,2.2430702384
mc/mc_infill_2_6_beta0,mc_infill_2_6_beta0_gid-12_20260718_192635,0.0,0.5,1.833732,-0.031891,660.865786303,0.6929573072,True,,,,,,1.83864943664
mc/mc_infill_2_6_beta0,mc_infill_2_6_beta0_gid-130_20260718_193002,0.0,0.5,1.948678,-0.025332,482.69319144,1.12280342873,True,,,,,,2.71348012139
mc/mc_infill_2_6_beta0,mc_infill_2_6_beta0_gid-131_20260718_193002,0.0,0.5,1.869963,-0.023885,479.958158374,1.14170839164,True,,,,,,2.63429518236
mc/mc_infill_2_6_beta0,mc_infill_2_6_beta0_gid-132_20260718_193002,0.0,0.5,1.395085,-0.01361,407.679793164,1.3989420828,True,,,,,,2.22534996592
mc/mc_infill_2_6_beta0,mc_infill_2_6_beta0_gid-133_20260718_193002,0.0,0.5,1.32885,-0.012193,395.00505298,1.44083986603,True,,,,,,2.16545994252
mc/mc_infill_2_6_beta0,mc_infill_2_6_beta0_gid-134_20260718_193002,0.0,0.5,1.304486,-0.011447,386.002765398,1.47006550642,True,,,,,,2.16047262013
mc/mc_infill_2_6_beta0,mc_infill_2_6_beta0_gid-135_20260718_193002,0.0,0.5,1.666988,-0.018832,439.408392075,1.27730766101,True,,,,,,2.52651686213
mc/mc_infill_2_6_beta0,mc_infill_2_6_beta0_gid-136_20260718_193002,0.0,0.5,1.829413,-0.026326,553.301370257,0.979205665144,True,,,,,,2.32099540719
mc/mc_infill_2_6_beta0,mc_infill_2_6_beta0_gid-137_20260718_193002,0.0,0.5,1.833776,-0.023283,479.150325894,1.15077909694,True,,,,,,2.58298609882
mc/mc_infill_2_6_beta0,mc_infill_2_6_beta0_gid-138_20260718_193002,0.0,0.5,1.554955,-0.020703,523.854684479,1.08495360008,True,,,,,,2.04665740905
mc/mc_infill_2_6_beta0,mc_infill_2_6_beta0_gid-139_20260718_193534,0.0,0.5,1.959003,-0.029202,564.878946318,0.925144919609,True,,,,,,2.42957436163
mc/mc_infill_2_6_beta0,mc_infill_2_6_beta0_gid-13_20260718_191736,0.0,0.5,1.294046,-0.023452,713.421095742,0.674873842882,True,,,,,,1.03697071119
mc/mc_infill_2_6_beta0,mc_infill_2_6_beta0_gid-140_20260718_191440,0.0,0.5,1.206672,-0.008501,350.004917816,1.58585422755,True,,,,,,2.15056529798
mc/mc_infill_2_6_beta0,mc_infill_2_6_beta0_gid-141_20260718_191440,0.0,0.5,1.785098,-0.021322,454.786685917,1.21976414326,True,,,,,,2.62946005529
mc/mc_infill_2_6_beta0,mc_infill_2_6_beta0_gid-142_20260718_191440,0.0,0.5,1.093343,-0.00996,416.983690031,1.4039952363,True,,,,,,1.6798899282
mc/mc_infill_2_6_beta0,mc_infill_2_6_beta0_gid-143_20260718_191440,0.0,0.5,1.69658,-0.019088,432.776070039,1.28188603156,True,,,,,,2.57808734396
mc/mc_infill_2_6_beta0,mc_infill_2_6_beta0_gid-144_20260718_191440,0.0,0.5,1.245983,-0.013096,442.180248199,1.32114880783,True,,,,,,1.82122365203
mc/mc_infill_2_6_beta0,mc_infill_2_6_beta0_gid-145_20260718_185739,0.0,0.5,1.948846,-0.026957,519.006197214,1.03828662653,True,,,,,,2.58897545237
mc/mc_infill_2_6_beta0,mc_infill_2_6_beta0_gid-146_20260718_185739,0.0,0.5,1.018731,-0.003595,300.252192082,1.76259472097,True,,,,,,2.10026063233
mc/mc_infill_2_6_beta0,mc_infill_2_6_beta0_gid-147_20260718_185739,0.0,0.5,1.353121,-0.01272,399.552609442,1.42648530164,True,,,,,,2.19228265943
mc/mc_infill_2_6_beta0,mc_infill_2_6_beta0_gid-148_20260718_185739,0.0,0.5,1.743756,-0.021746,477.984176898,1.16877091206,True,,,,,,2.48439183458
mc/mc_infill_2_6_beta0,mc_infill_2_6_beta0_gid-149_20260718_185739,0.0,0.5,1.710184,-0.020076,450.792873264,1.23876782935,True,,,,,,2.54019101257
mc/mc_infill_2_6_beta0,mc_infill_2_6_beta0_gid-14_20260718_191736,0.0,0.5,1.876576,-0.034653,691.22676364,0.598827247557,True,,,,,,1.79614927671
mc/mc_infill_2_6_beta0,mc_infill_2_6_beta0_gid-150_20260718_185739,0.0,0.5,1.002392,-0.00553,343.259605305,1.62591045014,True,,,,,,1.86489177134
mc/mc_infill_2_6_beta0,mc_infill_2_6_beta0_gid-151_20260718_193534,0.0,0.5,1.750776,-0.015491,354.389324357,1.49725156436,True,,,,,,3.02511869242
mc/mc_infill_2_6_beta0,mc_infill_2_6_beta0_gid-152_20260718_190107,0.0,0.5,1.632322,-0.015649,385.033744231,1.42894853684,True,,,,,,2.70580878272
mc/mc_infill_2_6_beta0,mc_infill_2_6_beta0_gid-153_20260718_190107,0.0,0.5,1.082313,-0.00398,292.777383433,1.78224874864,True,,,,,,2.23999140395
mc/mc_infill_2_6_beta0,mc_infill_2_6_beta0_gid-154_20260718_190107,0.0,0.5,1.044335,-0.002557,276.330808369,1.8426941607,True,,,,,,2.27225224674
mc/mc_infill_2_6_beta0,mc_infill_2_6_beta0_gid-155_20260718_190107,0.0,0.5,1.937872,-0.019744,380.310371315,1.38995952227,True,,,,,,3.14129004464
mc/mc_infill_2_6_beta0,mc_infill_2_6_beta0_gid-156_20260718_190107,0.0,0.5,1.428215,-0.008953,310.500656664,1.68355455198,True,,,,,,2.73917939074
mc/mc_infill_2_6_beta0,mc_infill_2_6_beta0_gid-157_20260718_190110,0.0,0.5,1.031779,0.000831,227.036185365,2.028353923,True,,,,,,2.56292986514
mc/mc_infill_2_6_beta0,mc_infill_2_6_beta0_gid-158_20260718_192301,0.0,0.5,1.186685,-0.004304,277.734183874,1.82328521036,True,,,,,,2.49658213031
mc/mc_infill_2_6_beta0,mc_infill_2_6_beta0_gid-159_20260718_192301,0.0,0.5,1.118173,-0.00356,278.349247142,1.82825787509,True,,,,,,2.37914687189
mc/mc_infill_2_6_beta0,mc_infill_2_6_beta0_gid-15_20260718_191736,0.0,0.5,1.463157,-0.027629,764.474645262,0.604643663405,True,,,,,,1.2189158491
mc/mc_infill_2_6_beta0,mc_infill_2_6_beta0_gid-160_20260718_192301,0.0,0.5,1.897238,-0.019969,394.636066119,1.35663865446,True,,,,,,3.02549135327
mc/mc_infill_2_6_beta0,mc_infill_2_6_beta0_gid-161_20260718_185149,0.0,0.5,1.064459,-0.003428,287.031176456,1.80347082181,True,,,,,,2.24373466691
mc/mc_infill_2_6_beta0,mc_infill_2_6_beta0_gid-162_20260718_185149,0.0,0.5,1.149255,-0.003938,278.645397116,1.82403569508,True,,,,,,2.42897283803
mc/mc_infill_2_6_beta0,mc_infill_2_6_beta0_gid-163_20260718_185208,0.0,0.5,1.20848,-0.006583,312.47205956,1.70360152919,True,,,,,,2.34117632765
mc/mc_infill_2_6_beta0,mc_infill_2_6_beta0_gid-164_20260718_192332,0.0,0.5,1.993439,-0.02111,387.851451441,1.35623951509,True,,,,,,3.16612462673
mc/mc_infill_2_6_beta0,mc_infill_2_6_beta0_gid-165_20260718_192332,0.0,0.5,1.87777,-0.017804,363.182349468,1.44794107213,True,,,,,,3.14959995881
mc/mc_infill_2_6_beta0,mc_infill_2_6_beta0_gid-166_20260718_192332,0.0,0.5,1.558615,-0.012656,347.490463088,1.54819217117,True,,,,,,2.76647976382
mc/mc_infill_2_6_beta0,mc_infill_2_6_beta0_gid-167_20260718_185154,0.0,0.5,1.282678,-0.008827,338.26938774,1.61470527029,True,,,,,,2.34575915064
mc/mc_infill_2_6_beta0,mc_infill_2_6_beta0_gid-168_20260718_185154,0.0,0.5,1.383764,-0.008465,310.374174665,1.68949474312,True,,,,,,2.66100656992
mc/mc_infill_2_6_beta0,mc_infill_2_6_beta0_gid-169_20260718_190034,0.0,0.5,1.071289,-0.000941,245.821784665,1.95147837896,True,,,,,,2.50063633833
mc/mc_infill_2_6_beta0,mc_infill_2_6_beta0_gid-16_20260718_191736,0.0,0.5,1.736831,-0.030444,681.926336725,0.661672186772,True,,,,,,1.80611629798
mc/mc_infill_2_6_beta0,mc_infill_2_6_beta0_gid-170_20260718_190034,0.0,0.5,1.34324,-0.008414,317.588446015,1.67200542882,True,,,,,,2.55430374248
mc/mc_infill_2_6_beta0,mc_infill_2_6_beta0_gid-171_20260718_190034,0.0,0.5,1.234438,-0.004382,270.748131675,1.84258692981,True,,,,,,2.62069520401
mc/mc_infill_2_6_beta0,mc_infill_2_6_beta0_gid-172_20260718_190034,0.0,0.5,1.38996,-0.009698,330.589301504,1.6238114093,True,,,,,,2.56815178452
mc/mc_infill_2_6_beta0,mc_infill_2_6_beta0_gid-173_20260718_190034,0.0,0.5,1.08033,-0.002022,260.633577371,1.8954259673,True,,,,,,2.42273394345
mc/mc_infill_2_6_beta0,mc_infill_2_6_beta0_gid-174_20260718_190034,0.0,0.5,1.909475,-0.020812,406.14091844,1.32322019034,True,,,,,,2.98739229144
mc/mc_infill_2_6_beta0,mc_infill_2_6_beta0_gid-175_20260718_190034,0.0,0.5,1.83931,-0.018824,389.827945824,1.37984752302,True,,,,,,2.97483161442
mc/mc_infill_2_6_beta0,mc_infill_2_6_beta0_gid-176_20260718_190034,0.0,0.5,1.479431,-0.010267,322.42798083,1.63785784616,True,,,,,,2.76143804372
mc/mc_infill_2_6_beta0,mc_infill_2_6_beta0_gid-177_20260718_190035,0.0,0.5,1.805134,-0.021125,442.521924062,1.24731154821,True,,,,,,2.70334808043
mc/mc_infill_2_6_beta0,mc_infill_2_6_beta0_gid-178_20260718_190034,0.0,0.5,1.810165,-0.018512,392.214015073,1.37919370504,True,,,,,,2.92831928448
mc/mc_infill_2_6_beta0,mc_infill_2_6_beta0_gid-179_20260718_190034,0.0,0.5,1.292595,-0.005628,280.490020055,1.80142467244,True,,,,,,2.66772672491
mc/mc_infill_2_6_beta0,mc_infill_2_6_beta0_gid-17_20260718_192232,0.0,0.5,1.971148,-0.037526,708.482820304,0.533907254989,True,,,,,,1.92928280296
mc/mc_infill_2_6_beta0,mc_infill_2_6_beta0_gid-180_20260718_192908,0.0,0.5,1.564699,-0.0139,369.00054117,1.48506555234,True,,,,,,2.67676064127
mc/mc_infill_2_6_beta0,mc_infill_2_6_beta0_gid-181_20260718_192908,0.0,0.5,1.134962,-0.002495,258.384654628,1.89820496373,True,,,,,,2.52597043309
mc/mc_infill_2_6_beta0,mc_infill_2_6_beta0_gid-182_20260718_192908,0.0,0.5,1.001074,-0.000306,248.597795493,1.94739767617,True,,,,,,2.37108243895
mc/mc_infill_2_6_beta0,mc_infill_2_6_beta0_gid-183_20260718_192908,0.0,0.5,1.234165,-0.008145,336.042636164,1.62589710192,True,,,,,,2.26879135902
mc/mc_infill_2_6_beta0,mc_infill_2_6_beta0_gid-184_20260718_192908,0.0,0.5,1.590727,-0.012156,332.751398525,1.58899120923,True,,,,,,2.8928822175
mc/mc_infill_2_6_beta0,mc_infill_2_6_beta0_gid-185_20260718_192908,0.0,0.5,1.116936,-0.001749,250.218653482,1.93038196964,True,,,,,,2.54746584152
mc/mc_infill_2_6_beta0,mc_infill_2_6_beta0_gid-186_20260718_190309,0.0,0.5,1.734533,-0.014875,347.954683835,1.51941071972,True,,,,,,3.03526233409
mc/mc_infill_2_6_beta0,mc_infill_2_6_beta0_gid-187_20260718_190309,0.0,0.5,1.98229,-0.020261,376.951472968,1.38952628432,True,,,,,,3.20915905781
mc/mc_infill_2_6_beta0,mc_infill_2_6_beta0_gid-188_20260718_190309,0.0,0.5,1.67158,-0.018174,424.53888611,1.31579080566,True,,,,,,2.59490146693
mc/mc_infill_2_6_beta0,mc_infill_2_6_beta0_gid-189_20260718_190314,0.0,0.5,1.874426,-0.01893,382.671270417,1.39371180304,True,,,,,,3.0523979107
mc/mc_infill_2_6_beta0,mc_infill_2_6_beta0_gid-18_20260718_192232,0.0,0.5,1.39669,-0.024165,690.746419169,0.691697648734,True,,,,,,1.25787485056
mc/mc_infill_2_6_beta0,mc_infill_2_6_beta0_gid-190_20260718_190309,0.0,0.5,1.606567,-0.013888,358.910589344,1.50896320088,True,,,,,,2.78945202576
mc/mc_infill_2_6_beta0,mc_infill_2_6_beta0_gid-191_20260718_190309,0.0,0.5,1.260007,-0.008517,337.420250546,1.62005722451,True,,,,,,2.30762332504
mc/mc_infill_2_6_beta0,mc_infill_2_6_beta0_gid-192_20260718_190309,0.0,0.5,1.84892,-0.020765,422.557360292,1.29010125541,True,,,,,,2.84251131397
mc/mc_infill_2_6_beta0,mc_infill_2_6_beta0_gid-193_20260718_191341,0.0,0.5,1.569021,-0.015102,390.694587563,1.4230581526,True,,,,,,2.58432131179
mc/mc_infill_2_6_beta0,mc_infill_2_6_beta0_gid-194_20260718_191340,0.0,0.5,1.405618,-0.007948,298.072006436,1.72727731066,True,,,,,,2.76704680254
mc/mc_infill_2_6_beta0,mc_infill_2_6_beta0_gid-195_20260718_191339,0.0,0.5,1.220349,-0.003528,260.075589119,1.88268164859,True,,,,,,2.66011352786
mc/mc_infill_2_6_beta0,mc_infill_2_6_beta0_gid-196_20260718_191341,0.0,0.5,1.166216,-0.002768,257.390808806,1.8986963145,True,,,,,,2.58496391811
mc/mc_infill_2_6_beta0,mc_infill_2_6_beta0_gid-197_20260718_191341,0.0,0.5,1.315736,-0.006485,290.124041071,1.7656663308,True,,,,,,2.65293423628
mc/mc_infill_2_6_beta0,mc_infill_2_6_beta0_gid-198_20260718_191339,0.0,0.5,1.431981,-0.010225,331.287554293,1.61743784273,True,,,,,,2.63824262
mc/mc_infill_2_6_beta0,mc_infill_2_6_beta0_gid-199_20260718_191340,0.0,0.5,1.829495,-0.017729,373.554087754,1.42736955471,True,,,,,,3.03867282074
mc/mc_infill_2_6_beta0,mc_infill_2_6_beta0_gid-19_20260718_192232,0.0,0.5,1.773766,-0.032808,724.897276208,0.56907590719,False,,,,,,1.61625988642
mc/mc_infill_2_6_beta0,mc_infill_2_6_beta0_gid-1_20260718_185149,0.0,0.5,1.891524,-0.033767,714.271042241,0.592509669357,True,,,,,,1.84541934426
mc/mc_infill_2_6_beta0,mc_infill_2_6_beta0_gid-200_20260718_192132,0.0,0.5,1.211612,-0.004479,276.137910588,1.8263193867,True,,,,,,2.54790313502
mc/mc_infill_2_6_beta0,mc_infill_2_6_beta0_gid-201_20260718_194209,0.0,0.5,1.329908,-0.003832,248.762748215,1.91094282792,True,,,,,,2.92420739981
mc/mc_infill_2_6_beta0,mc_infill_2_6_beta0_gid-202_20260718_194209,0.0,0.5,1.802796,-0.01121,283.37831778,1.71109711346,True,,,,,,3.49996065463
mc/mc_infill_2_6_beta0,mc_infill_2_6_beta0_gid-203_20260718_194209,0.0,0.5,1.837126,-0.016589,353.128750802,1.48475567817,True,,,,,,3.14974720898
mc/mc_infill_2_6_beta0,mc_infill_2_6_beta0_gid-204_20260718_194209,0.0,0.5,1.767874,-0.01471,338.438363725,1.54185352036,True,,,,,,3.13078327475
mc/mc_infill_2_6_beta0,mc_infill_2_6_beta0_gid-205_20260718_194209,0.0,0.5,1.673009,-0.009536,280.213849009,1.74570061151,True,,,,,,3.31456432016
mc/mc_infill_2_6_beta0,mc_infill_2_6_beta0_gid-206_20260718_194209,0.0,0.5,1.471315,-0.004874,245.383684928,1.90387642241,True,,,,,,3.20025453107
mc/mc_infill_2_6_beta0,mc_infill_2_6_beta0_gid-207_20260718_191135,0.0,0.5,1.297152,-0.000286,208.623861238,2.07399656819,True,,,,,,3.15691117235
mc/mc_infill_2_6_beta0,mc_infill_2_6_beta0_gid-208_20260718_193334,0.0,0.5,1.124202,-0.000214,227.590853883,2.01685841167,True,,,,,,2.71088555241
mc/mc_infill_2_6_beta0,mc_infill_2_6_beta0_gid-209_20260718_193332,0.0,0.5,1.372913,-0.006497,280.880724452,1.7898523042,True,,,,,,2.80646160635
mc/mc_infill_2_6_beta0,mc_infill_2_6_beta0_gid-20_20260718_192232,0.0,0.5,1.674839,-0.032792,820.790380141,0.457544298447,True,,,,,,1.31312184798
mc/mc_infill_2_6_beta0,mc_infill_2_6_beta0_gid-210_20260718_193332,0.0,0.5,1.050982,0.00286,198.758425348,2.14395415293,True,,,,,,2.80413033979
mc/mc_infill_2_6_beta0,mc_infill_2_6_beta0_gid-211_20260718_191836,0.0,0.5,1.403632,-0.006565,277.046829376,1.79870560125,True,,,,,,2.88241114445
mc/mc_infill_2_6_beta0,mc_infill_2_6_beta0_gid-212_20260718_191836,0.0,0.5,1.0491,0.004319,182.724074715,2.2155049323,True,,,,,,2.93469806135
mc/mc_infill_2_6_beta0,mc_infill_2_6_beta0_gid-213_20260718_191836,0.0,0.5,1.298112,-0.001577,223.612868557,2.01247118758,True,,,,,,3.04389542183
mc/mc_infill_2_6_beta0,mc_infill_2_6_beta0_gid-214_20260718_191836,0.0,0.5,1.892345,-0.017699,358.107044751,1.46007715126,True,,,,,,3.19535460243
mc/mc_infill_2_6_beta0,mc_infill_2_6_beta0_gid-215_20260718_191836,0.0,0.5,1.861765,-0.016313,343.454835391,1.50909442186,True,,,,,,3.23043659761
mc/mc_infill_2_6_beta0,mc_infill_2_6_beta0_gid-216_20260718_191836,0.0,0.5,1.083566,0.001978,205.224960119,2.11295051319,True,,,,,,2.80755471811
mc/mc_infill_2_6_beta0,mc_infill_2_6_beta0_gid-217_20260718_191706,0.0,0.5,1.084876,0.004657,175.683367903,2.24443255949,True,,,,,,3.05788424853
mc/mc_infill_2_6_beta0,mc_infill_2_6_beta0_gid-218_20260718_191706,0.0,0.5,1.210875,0.000341,210.06490142,2.07859974327,True,,,,,,2.99000166074
mc/mc_infill_2_6_beta0,mc_infill_2_6_beta0_gid-219_20260718_191706,0.0,0.5,1.82133,-0.013221,306.707265596,1.63053870092,True,,,,,,3.3800269501
mc/mc_infill_2_6_beta0,mc_infill_2_6_beta0_gid-21_20260718_192835,0.0,0.5,1.253775,-0.021579,692.777636185,0.742148067771,True,,,,,,1.04159668958
mc/mc_infill_2_6_beta0,mc_infill_2_6_beta0_gid-220_20260718_191706,0.0,0.5,1.781505,-0.011226,286.788461174,1.70380331312,True,,,,,,3.44580588702
mc/mc_infill_2_6_beta0,mc_infill_2_6_beta0_gid-221_20260718_194004,0.0,0.5,1.232265,0.000253,208.845754472,2.08114684999,True,,,,,,3.03767715425
mc/mc_infill_2_6_beta0,mc_infill_2_6_beta0_gid-222_20260718_194004,0.0,0.5,1.159907,0.002181,194.448977503,2.15129496975,True,,,,,,3.02507531224
mc/mc_infill_2_6_beta0,mc_infill_2_6_beta0_gid-223_20260718_194004,0.0,0.5,1.242846,-0.000808,220.347086791,2.03255862422,True,,,,,,2.9691644194
mc/mc_infill_2_6_beta0,mc_infill_2_6_beta0_gid-224_20260718_194004,0.0,0.5,1.14351,-0.000863,233.601400324,1.99111065818,True,,,,,,2.70194801774
mc/mc_infill_2_6_beta0,mc_infill_2_6_beta0_gid-225_20260718_194004,0.0,0.5,1.194018,0.001291,200.914912824,2.11930791232,True,,,,,,3.03245114527
mc/mc_infill_2_6_beta0,mc_infill_2_6_beta0_gid-226_20260718_193535,0.0,0.5,1.486567,-0.009031,301.415837895,1.70459197231,True,,,,,,2.88867078524
mc/mc_infill_2_6_beta0,mc_infill_2_6_beta0_gid-227_20260718_193535,0.0,0.5,1.290831,-0.002607,237.420400107,1.95906189183,True,,,,,,2.93202408092
mc/mc_infill_2_6_beta0,mc_infill_2_6_beta0_gid-228_20260718_193535,0.0,0.5,1.366926,-0.004433,252.131142465,1.8936140798,True,,,,,,2.96754947092
mc/mc_infill_2_6_beta0,mc_infill_2_6_beta0_gid-229_20260718_194404,0.0,0.5,1.759048,-0.013265,318.216247652,1.60505408289,True,,,,,,3.22568913182
mc/mc_infill_2_6_beta0,mc_infill_2_6_beta0_gid-230_20260718_194404,0.0,0.5,1.598706,-0.011658,322.899637967,1.61823106228,True,,,,,,2.95682389868
mc/mc_infill_2_6_beta0,mc_infill_2_6_beta0_gid-231_20260718_194404,0.0,0.5,1.418734,-0.003436,233.401199886,1.95742765013,True,,,,,,3.19099283218
mc/mc_infill_2_6_beta0,mc_infill_2_6_beta0_gid-232_20260718_194235,0.0,0.5,1.621584,-0.011407,314.877689769,1.63992859455,True,,,,,,3.03515075122
mc/mc_infill_2_6_beta0,mc_infill_2_6_beta0_gid-233_20260718_194235,0.0,0.5,1.934809,-0.015722,320.188906194,1.56583068963,True,,,,,,3.45668888148
mc/mc_infill_2_6_beta0,mc_infill_2_6_beta0_gid-234_20260718_192201,0.0,0.5,1.958556,-0.014899,304.965117537,1.60890202687,True,,,,,,3.58096546915
mc/mc_infill_2_6_beta0,mc_infill_2_6_beta0_gid-235_20260718_192200,0.0,0.5,1.305619,-0.003658,249.598430686,1.91097448933,True,,,,,,2.87584586984
mc/mc_infill_2_6_beta0,mc_infill_2_6_beta0_gid-236_20260718_194437,0.0,0.5,1.317259,-0.001215,217.309395054,2.03546169097,True,,,,,,3.12590398497
mc/mc_infill_2_6_beta0,mc_infill_2_6_beta0_gid-237_20260718_194437,0.0,0.5,1.995341,-0.017307,329.92109866,1.52353476208,True,,,,,,3.47688143142
mc/mc_infill_2_6_beta0,mc_infill_2_6_beta0_gid-238_20260718_193813,0.0,0.5,1.441463,-0.004842,248.386740088,1.89697047089,True,,,,,,3.12582034284
mc/mc_infill_2_6_beta0,mc_infill_2_6_beta0_gid-239_20260718_193821,0.0,0.5,1.001805,0.004771,183.057416842,2.21851152916,True,,,,,,2.8542750791
mc/mc_infill_2_6_beta0,mc_infill_2_6_beta0_gid-240_20260718_192233,0.0,0.5,1.823283,-0.015772,343.344502718,1.51693432457,True,,,,,,3.18176067086
mc/mc_infill_2_6_beta0,mc_infill_2_6_beta0_gid-241_20260718_192232,0.0,0.5,1.725305,-0.011028,292.499171739,1.69509266927,True,,,,,,3.32131498077
mc/mc_infill_2_6_beta0,mc_infill_2_6_beta0_gid-242_20260718_193842,0.0,0.5,1.664746,-0.011322,306.144269486,1.66046253901,True,,,,,,3.15213659505
mc/mc_infill_2_6_beta0,mc_infill_2_6_beta0_gid-243_20260718_194005,0.0,0.5,1.322404,-0.002354,230.493148484,1.98198539246,True,,,,,,3.03749565191
mc/mc_infill_2_6_beta0,mc_infill_2_6_beta0_gid-244_20260718_194005,0.0,0.5,1.018939,0.003527,194.946749208,2.16375401672,True,,,,,,2.78249626506
mc/mc_infill_2_6_beta0,mc_infill_2_6_beta0_gid-245_20260718_193608,0.0,0.5,1.90431,-0.015427,321.962531043,1.56622238843,True,,,,,,3.4053162648
mc/mc_infill_2_6_beta0,mc_infill_2_6_beta0_gid-246_20260718_193608,0.0,0.5,1.979388,-0.018508,350.461689918,1.46500666279,True,,,,,,3.34070058308
mc/mc_infill_2_6_beta0,mc_infill_2_6_beta0_gid-247_20260718_193134,0.0,0.5,1.275637,-0.00147,224.772730525,2.0106596349,True,,,,,,2.99499294744
mc/mc_infill_2_6_beta0,mc_infill_2_6_beta0_gid-248_20260718_192132,0.0,0.5,1.739016,-0.014546,341.481676102,1.53758825632,True,,,,,,3.07283122899
mc/mc_infill_2_6_beta0,mc_infill_2_6_beta0_gid-249_20260718_192132,0.0,0.5,1.666881,-0.008413,266.678880497,1.79409359273,True,,,,,,3.3942154869
mc/mc_infill_2_6_beta0,mc_infill_2_6_beta0_gid-250_20260718_192132,0.0,0.5,1.602009,-0.007745,266.321926335,1.80646803665,True,,,,,,3.28821322406
mc/mc_infill_2_6_beta0,mc_infill_2_6_beta0_gid-251_20260718_193102,0.0,0.5,1.560792,-0.002202,207.859894657,2.03877533227,True,,,,,,3.65392763523
mc/mc_infill_2_6_beta0,mc_infill_2_6_beta0_gid-252_20260718_193102,0.0,0.5,1.671814,-0.008417,266.130921063,1.7951886198,True,,,,,,3.40626171109
mc/mc_infill_2_6_beta0,mc_infill_2_6_beta0_gid-253_20260718_193102,0.0,0.5,1.857689,-0.010494,267.260123571,1.7561955976,True,,,,,,3.69224389502
mc/mc_infill_2_6_beta0,mc_infill_2_6_beta0_gid-254_20260718_193102,0.0,0.5,1.601463,-0.00594,244.337808066,1.88704790873,True,,,,,,3.43913752841
mc/mc_infill_2_6_beta0,mc_infill_2_6_beta0_gid-255_20260718_193101,0.0,0.5,1.545793,-0.001153,198.805228197,2.07976653065,True,,,,,,3.70532899697
mc/mc_infill_2_6_beta0,mc_infill_2_6_beta0_gid-256_20260718_193102,0.0,0.5,1.623231,-0.003927,220.472143449,1.9764074643,True,,,,,,3.6621556108
mc/mc_infill_2_6_beta0,mc_infill_2_6_beta0_gid-257_20260718_193102,0.0,0.5,1.190868,0.003131,181.695404384,2.20497552218,True,,,,,,3.19058629559
mc/mc_infill_2_6_beta0,mc_infill_2_6_beta0_gid-258_20260718_193102,0.0,0.5,1.653399,-0.006593,246.503383608,1.87006776488,True,,,,,,3.51358238684
mc/mc_infill_2_6_beta0,mc_infill_2_6_beta0_gid-259_20260718_190837,0.0,0.5,1.506519,-0.003666,227.532330628,1.96730653077,True,,,,,,3.3945562282
mc/mc_infill_2_6_beta0,mc_infill_2_6_beta0_gid-25_20260718_193132,0.0,0.5,1.531025,-0.029717,803.812654467,0.514858878418,True,,,,,,1.17968189816
mc/mc_infill_2_6_beta0,mc_infill_2_6_beta0_gid-260_20260718_190836,0.0,0.5,1.740411,-0.009358,269.042291764,1.77260087335,True,,,,,,3.49875812113
mc/mc_infill_2_6_beta0,mc_infill_2_6_beta0_gid-261_20260718_190836,0.0,0.5,1.415643,-0.001055,206.830904594,2.06537348885,True,,,,,,3.39105974507
mc/mc_infill_2_6_beta0,mc_infill_2_6_beta0_gid-262_20260718_194253,0.0,0.5,1.455326,-0.003272,227.809172766,1.97399259595,True,,,,,,3.29896763141
mc/mc_infill_2_6_beta0,mc_infill_2_6_beta0_gid-263_20260718_192601,0.0,0.5,1.514286,-0.0025,214.269606146,2.01951424912,True,,,,,,3.51381554173
mc/mc_infill_2_6_beta0,mc_infill_2_6_beta0_gid-264_20260718_192550,0.0,0.5,1.971431,-0.01171,265.739633564,1.73874698787,True,,,,,,3.8590705695
mc/mc_infill_2_6_beta0,mc_infill_2_6_beta0_gid-265_20260718_192606,0.0,0.5,1.722429,-0.006202,235.436716114,1.89977459738,True,,,,,,3.71523291715
mc/mc_infill_2_6_beta0,mc_infill_2_6_beta0_gid-266_20260718_193403,0.0,0.5,1.081731,0.008781,139.791329927,2.42472467257,True,,,,,,3.41895988956
mc/mc_infill_2_6_beta0,mc_infill_2_6_beta0_gid-267_20260718_193403,0.0,0.5,1.529049,-0.003468,223.357430425,1.98037799416,True,,,,,,3.46806308339
mc/mc_infill_2_6_beta0,mc_infill_2_6_beta0_gid-268_20260718_193403,0.0,0.5,1.659495,-0.005013,228.652934968,1.93750513572,True,,,,,,3.66046530059
mc/mc_infill_2_6_beta0,mc_infill_2_6_beta0_gid-269_20260718_193403,0.0,0.5,1.375627,0.002967,171.226902404,2.23028202247,True,,,,,,3.63903050298
mc/mc_infill_2_6_beta0,mc_infill_2_6_beta0_gid-26_20260718_191040,0.0,0.5,1.602991,-0.0292,742.95051862,0.620369508082,True,,,,,,1.41905190538
mc/mc_infill_2_6_beta0,mc_infill_2_6_beta0_gid-270_20260718_193403,0.0,0.5,1.540064,-0.002519,212.506586886,2.0227553261,True,,,,,,3.57609396625
mc/mc_infill_2_6_beta0,mc_infill_2_6_beta0_gid-271_20260718_193403,0.0,0.5,1.169478,0.003067,184.160981958,2.19617163214,True,,,,,,3.13011168458
mc/mc_infill_2_6_beta0,mc_infill_2_6_beta0_gid-272_20260718_194003,0.0,0.5,1.330162,-0.000724,210.476353599,2.0619332013,True,,,,,,3.20280428489
mc/mc_infill_2_6_beta0,mc_infill_2_6_beta0_gid-273_20260718_194002,0.0,0.5,1.250055,0.004533,164.515313075,2.27906619176,True,,,,,,3.46455854789
mc/mc_infill_2_6_beta0,mc_infill_2_6_beta0_gid-274_20260718_194002,0.0,0.5,1.006045,0.008874,144.099574748,2.40912153519,True,,,,,,3.23946404541
mc/mc_infill_2_6_beta0,mc_infill_2_6_beta0_gid-275_20260718_194002,0.0,0.5,1.139513,0.005446,163.675339945,2.29604580341,True,,,,,,3.26851131277
mc/mc_infill_2_6_beta0,mc_infill_2_6_beta0_gid-276_20260718_193416,0.0,0.5,1.390089,-0.001584,214.675588464,2.03638328278,True,,,,,,3.28015882621
mc/mc_infill_2_6_beta0,mc_infill_2_6_beta0_gid-277_20260718_193132,0.0,0.5,1.620355,-0.006539,249.347200771,1.86511312413,True,,,,,,3.43571226099
mc/mc_infill_2_6_beta0,mc_infill_2_6_beta0_gid-278_20260718_194408,0.0,0.5,1.456749,-0.001658,209.940346182,2.04628284793,True,,,,,,3.4422112537
mc/mc_infill_2_6_beta0,mc_infill_2_6_beta0_gid-279_20260718_194408,0.0,0.5,1.991017,-0.014607,295.733168519,1.63224061789,True,,,,,,3.68209430501
mc/mc_infill_2_6_beta0,mc_infill_2_6_beta0_gid-27_20260718_191040,0.0,0.5,1.811971,-0.034308,761.084613945,0.585455990564,True,,,,,,1.61312039548
mc/mc_infill_2_6_beta0,mc_infill_2_6_beta0_gid-280_20260718_194408,0.0,0.5,1.367703,-0.000448,204.243369858,2.08304310404,True,,,,,,3.32281474542
mc/mc_infill_2_6_beta0,mc_infill_2_6_beta0_gid-281_20260718_194408,0.0,0.5,1.748545,-0.005038,221.60196486,1.94947549165,True,,,,,,3.86971601756
mc/mc_infill_2_6_beta0,mc_infill_2_6_beta0_gid-282_20260718_190712,0.0,0.5,1.562299,-0.0048,235.123295978,1.92870439355,True,,,,,,3.43780296378
mc/mc_infill_2_6_beta0,mc_infill_2_6_beta0_gid-283_20260718_190711,0.0,0.5,1.198323,0.005171,162.116814885,2.29700764405,True,,,,,,3.39178523095
mc/mc_infill_2_6_beta0,mc_infill_2_6_beta0_gid-284_20260718_190711,0.0,0.5,1.29495,0.004047,166.172949806,2.26536481294,True,,,,,,3.53352937814
mc/mc_infill_2_6_beta0,mc_infill_2_6_beta0_gid-285_20260718_191909,0.0,0.5,1.181025,0.006428,152.579102312,2.34684439424,True,,,,,,3.46027813874
mc/mc_infill_2_6_beta0,mc_infill_2_6_beta0_gid-286_20260718_191909,0.0,0.5,1.911531,-0.008383,239.015908256,1.84938915906,True,,,,,,3.97950149233
mc/mc_infill_2_6_beta0,mc_infill_2_6_beta0_gid-287_20260718_192701,0.0,0.5,1.710722,-0.007558,251.370802231,1.84171583559,True,,,,,,3.5748314101
mc/mc_infill_2_6_beta0,mc_infill_2_6_beta0_gid-288_20260718_192701,0.0,0.5,1.807859,-0.01065,275.769059541,1.73626120498,True,,,,,,3.55847944357
mc/mc_infill_2_6_beta0,mc_infill_2_6_beta0_gid-289_20260718_192701,0.0,0.5,1.948709,-0.012041,272.441721027,1.71985281347,True,,,,,,3.78280116862
mc/mc_infill_2_6_beta0,mc_infill_2_6_beta0_gid-28_20260718_191040,0.0,0.5,1.646554,-0.028864,703.026031386,0.665075711173,True,,,,,,1.67533044872
mc/mc_infill_2_6_beta0,mc_infill_2_6_beta0_gid-290_20260718_192701,0.0,0.5,1.163691,0.005123,164.852658004,2.28760615465,True,,,,,,3.30053480913
mc/mc_infill_2_6_beta0,mc_infill_2_6_beta0_gid-291_20260718_192701,0.0,0.5,1.876433,-0.012387,287.130229941,1.68421721251,True,,,,,,3.58461511526
mc/mc_infill_2_6_beta0,mc_infill_2_6_beta0_gid-292_20260718_192701,0.0,0.5,1.074349,0.006741,156.994638934,2.33603624167,True,,,,,,3.22112365675
mc/mc_infill_2_6_beta0,mc_infill_2_6_beta0_gid-293_20260718_192701,0.0,0.5,1.128484,0.008718,137.698399303,2.43114059919,True,,,,,,3.52792174324
mc/mc_infill_2_6_beta0,mc_infill_2_6_beta0_gid-294_20260718_193305,0.0,0.5,1.590415,-0.00281,211.747757927,2.01763701619,True,,,,,,3.67529255341
mc/mc_infill_2_6_beta0,mc_infill_2_6_beta0_gid-295_20260718_194436,0.0,0.5,1.606752,-0.00464,229.305203718,1.94407158561,True,,,,,,3.56200265521
mc/mc_infill_2_6_beta0,mc_infill_2_6_beta0_gid-296_20260718_194436,0.0,0.5,1.862129,-0.009046,250.96981075,1.81444588703,True,,,,,,3.81712601339
mc/mc_infill_2_6_beta0,mc_infill_2_6_beta0_gid-297_20260718_194503,0.0,0.5,1.586838,-0.004816,233.006159003,1.93292454212,True,,,,,,3.49778719827
mc/mc_infill_2_6_beta0,mc_infill_2_6_beta0_gid-298_20260718_194436,0.0,0.5,1.383114,0.00164,182.562154886,2.17635099173,True,,,,,,3.54308273798
mc/mc_infill_2_6_beta0,mc_infill_2_6_beta0_gid-299_20260718_194436,0.0,0.5,1.435652,-0.002199,217.491983819,2.01830655971,True,,,,,,3.34227348585
mc/mc_infill_2_6_beta0,mc_infill_2_6_beta0_gid-29_20260718_191040,0.0,0.5,1.905601,-0.036398,707.218603611,0.511483316779,True,,,,,,1.68908043303
mc/mc_infill_2_6_beta0,mc_infill_2_6_beta0_gid-2_20260718_185149,0.0,0.5,1.494997,-0.02594,681.815871846,0.716118646291,True,,,,,,1.40861635357
mc/mc_infill_2_6_beta0,mc_infill_2_6_beta0_gid-300_20260718_194436,0.0,0.5,1.636871,-0.00759,260.127533254,1.82282662583,True,,,,,,3.38834914788
mc/mc_infill_2_6_beta0,mc_infill_2_6_beta0_gid-301_20260718_194237,0.0,0.5,1.806473,-0.001432,187.606298229,2.08342778547,True,,,,,,4.27958192557
mc/mc_infill_2_6_beta0,mc_infill_2_6_beta0_gid-302_20260718_194237,0.0,0.5,1.96098,-0.006563,218.11607076,1.92176868677,True,,,,,,4.22744317512
mc/mc_infill_2_6_beta0,mc_infill_2_6_beta0_gid-303_20260718_194237,0.0,0.5,1.054839,0.013039,112.555869747,2.58377453687,True,,,,,,3.72453696437
mc/mc_infill_2_6_beta0,mc_infill_2_6_beta0_gid-304_20260718_194237,0.0,0.5,1.363499,0.006508,144.430015993,2.36651519552,True,,,,,,3.90298938453
mc/mc_infill_2_6_beta0,mc_infill_2_6_beta0_gid-305_20260718_192015,0.0,0.5,1.139092,0.009532,131.413169554,2.46467870673,True,,,,,,3.6238034278
mc/mc_infill_2_6_beta0,mc_infill_2_6_beta0_gid-306_20260718_192015,0.0,0.5,1.731637,-0.003016,204.370933691,2.02390339778,True,,,,,,3.98916642941
mc/mc_infill_2_6_beta0,mc_infill_2_6_beta0_gid-307_20260718_192015,0.0,0.5,1.526055,0.001294,178.347833926,2.17459128102,True,,,,,,3.85822782258
mc/mc_infill_2_6_beta0,mc_infill_2_6_beta0_gid-308_20260718_192017,0.0,0.5,1.700267,-0.002772,204.164866204,2.03048555045,True,,,,,,3.93689450424
mc/mc_infill_2_6_beta0,mc_infill_2_6_beta0_gid-309_20260718_192015,0.0,0.5,1.793457,-0.005635,223.662253924,1.93273407823,True,,,,,,3.92536076352
mc/mc_infill_2_6_beta0,mc_infill_2_6_beta0_gid-30_20260718_193036,0.0,0.5,1.870585,-0.036855,817.504437701,0.490542054199,True,,,,,,1.45653030894
mc/mc_infill_2_6_beta0,mc_infill_2_6_beta0_gid-310_20260718_192015,0.0,0.5,1.285789,0.006788,144.95337696,2.37387230389,True,,,,,,3.74276470892
mc/mc_infill_2_6_beta0,mc_infill_2_6_beta0_gid-311_20260718_193904,0.0,0.5,1.453157,0.001566,179.418386614,2.18067318235,True,,,,,,3.70909661588
mc/mc_infill_2_6_beta0,mc_infill_2_6_beta0_gid-312_20260718_193904,0.0,0.5,1.429728,0.006209,144.808371672,2.35533316414,True,,,,,,4.0324320351
mc/mc_infill_2_6_beta0,mc_infill_2_6_beta0_gid-313_20260718_193904,0.0,0.5,1.875911,-0.002687,193.427778182,2.04396086275,True,,,,,,4.33588643836
mc/mc_infill_2_6_beta0,mc_infill_2_6_beta0_gid-314_20260718_193904,0.0,0.5,1.237187,0.009909,125.527024199,2.48697797443,True,,,,,,3.8894079839
mc/mc_infill_2_6_beta0,mc_infill_2_6_beta0_gid-315_20260718_193904,0.0,0.5,1.621241,-0.001581,198.267869715,2.06963703162,True,,,,,,3.84943196724
mc/mc_infill_2_6_beta0,mc_infill_2_6_beta0_gid-316_20260718_193904,0.0,0.5,1.695972,0.001024,174.028652332,2.16650577843,True,,,,,,4.22412730323
mc/mc_infill_2_6_beta0,mc_infill_2_6_beta0_gid-317_20260718_193403,0.0,0.5,1.107964,0.014187,104.518258529,2.62886432995,True,,,,,,3.94859659585
mc/mc_infill_2_6_beta0,mc_infill_2_6_beta0_gid-318_20260718_193403,0.0,0.5,1.855453,-0.003118,197.849431472,2.02851120769,True,,,,,,4.25819523631
mc/mc_infill_2_6_beta0,mc_infill_2_6_beta0_gid-319_20260718_194035,0.0,0.5,1.304449,0.004723,160.049273507,2.2942000261,True,,,,,,3.61458183134
mc/mc_infill_2_6_beta0,mc_infill_2_6_beta0_gid-31_20260718_193036,0.0,0.5,1.93835,-0.036714,794.582656288,0.476024786173,True,,,,,,1.74077792753
mc/mc_infill_2_6_beta0,mc_infill_2_6_beta0_gid-320_20260718_194035,0.0,0.5,1.726818,-0.001008,188.062910427,2.09613964144,True,,,,,,4.13485739829
mc/mc_infill_2_6_beta0,mc_infill_2_6_beta0_gid-321_20260718_194035,0.0,0.5,1.760167,-0.000638,183.762481241,2.10955808172,True,,,,,,4.2383475398
mc/mc_infill_2_6_beta0,mc_infill_2_6_beta0_gid-322_20260718_194035,0.0,0.5,1.245118,0.008536,134.152254729,2.43729040369,True,,,,,,3.79276289162
mc/mc_infill_2_6_beta0,mc_infill_2_6_beta0_gid-323_20260718_193906,0.0,0.5,1.556709,0.003559,160.017347503,2.25800709731,True,,,,,,4.11016698207
mc/mc_infill_2_6_beta0,mc_infill_2_6_beta0_gid-324_20260718_193906,0.0,0.5,1.38136,0.007467,137.588137662,2.40093336625,True,,,,,,4.02330657979
mc/mc_infill_2_6_beta0,mc_infill_2_6_beta0_gid-325_20260718_193906,0.0,0.5,1.086063,0.014845,101.700116508,2.64927260634,True,,,,,,3.95371350545
mc/mc_infill_2_6_beta0,mc_infill_2_6_beta0_gid-326_20260718_193906,0.0,0.5,1.332089,0.008484,132.153293123,2.43755171623,True,,,,,,3.99265468611
mc/mc_infill_2_6_beta0,mc_infill_2_6_beta0_gid-327_20260718_193906,0.0,0.5,1.892388,-0.004643,207.581838191,1.97943224599,True,,,,,,4.222946411
mc/mc_infill_2_6_beta0,mc_infill_2_6_beta0_gid-328_20260718_193906,0.0,0.5,1.866563,-0.00488,211.35963634,1.96873432157,True,,,,,,4.14777308411
mc/mc_infill_2_6_beta0,mc_infill_2_6_beta0_gid-329_20260718_193906,0.0,0.5,1.072269,0.011746,119.707102683,2.53899045471,True,,,,,,3.65413359957
mc/mc_infill_2_6_beta0,mc_infill_2_6_beta0_gid-32_20260718_193036,0.0,0.5,1.98114,-0.034853,666.971894407,0.669670518634,True,,,,,,2.07418589683
mc/mc_infill_2_6_beta0,mc_infill_2_6_beta0_gid-330_20260718_194515,0.0,0.5,1.810943,-0.005006,216.523507836,1.95824378244,True,,,,,,4.01362369027
mc/mc_infill_2_6_beta0,mc_infill_2_6_beta0_gid-331_20260718_193708,0.0,0.5,1.964997,-0.00435,200.421319066,1.99542050508,True,,,,,,4.40307642113
mc/mc_infill_2_6_beta0,mc_infill_2_6_beta0_gid-332_20260718_193708,0.0,0.5,1.197523,0.012025,114.042732819,2.55968159221,True,,,,,,3.97441049876
mc/mc_infill_2_6_beta0,mc_infill_2_6_beta0_gid-333_20260718_193708,0.0,0.5,1.898036,-0.006037,218.813663341,1.93172820399,True,,,,,,4.12892059752
mc/mc_infill_2_6_beta0,mc_infill_2_6_beta0_gid-334_20260718_193708,0.0,0.5,1.249614,0.006518,148.423634949,2.36016377502,True,,,,,,3.63342199861
mc/mc_infill_2_6_beta0,mc_infill_2_6_beta0_gid-335_20260718_194204,0.0,0.5,1.371115,0.004965,155.361263046,2.30881911695,True,,,,,,3.79371198702
mc/mc_infill_2_6_beta0,mc_infill_2_6_beta0_gid-336_20260718_194203,0.0,0.5,1.384372,0.002948,170.959718782,2.23036772951,True,,,,,,3.65886805381
mc/mc_infill_2_6_beta0,mc_infill_2_6_beta0_gid-337_20260718_194203,0.0,0.5,1.666203,-0.001571,195.685748448,2.07311846869,True,,,,,,3.95351155067
mc/mc_infill_2_6_beta0,mc_infill_2_6_beta0_gid-338_20260718_194212,0.0,0.5,1.592169,0.001101,177.184272608,2.16936073638,True,,,,,,3.99549298869
mc/mc_infill_2_6_beta0,mc_infill_2_6_beta0_gid-339_20260718_194106,0.0,0.5,1.07573,0.013392,109.772918989,2.59891791668,True,,,,,,3.80463792017
mc/mc_infill_2_6_beta0,mc_infill_2_6_beta0_gid-33_20260718_193036,0.0,0.5,1.911267,-0.038018,847.290516863,0.377214263237,True,,,,,,1.55349765115
mc/mc_infill_2_6_beta0,mc_infill_2_6_beta0_gid-340_20260718_194108,0.0,0.5,1.376612,0.003994,162.701625647,2.27143218331,True,,,,,,3.72663428328
mc/mc_infill_2_6_beta0,mc_infill_2_6_beta0_gid-341_20260718_194106,0.0,0.5,1.409228,0.005897,147.425738999,2.34442249915,True,,,,,,3.95954732334
mc/mc_infill_2_6_beta0,mc_infill_2_6_beta0_gid-342_20260718_194106,0.0,0.5,1.780053,-0.001898,192.444884484,2.06672795262,True,,,,,,4.18507236849
mc/mc_infill_2_6_beta0,mc_infill_2_6_beta0_gid-343_20260718_194106,0.0,0.5,1.008121,0.013745,110.333726118,2.60189249249,True,,,,,,3.67452759879
mc/mc_infill_2_6_beta0,mc_infill_2_6_beta0_gid-344_20260718_194132,0.0,0.5,1.830183,-0.006667,230.319727034,1.8992470909,True,,,,,,3.92865092479
mc/mc_infill_2_6_beta0,mc_infill_2_6_beta0_gid-345_20260718_194106,0.0,0.5,1.275382,0.008317,134.674624691,2.43071010668,True,,,,,,3.84599995222
mc/mc_infill_2_6_beta0,mc_infill_2_6_beta0_gid-346_20260718_194106,0.0,0.5,1.619674,0.000944,177.34087919,2.16401120249,True,,,,,,4.04589458169
mc/mc_infill_2_6_beta0,mc_infill_2_6_beta0_gid-347_20260718_193502,0.0,0.5,1.439288,0.002462,172.484852822,2.21528712442,True,,,,,,3.7494187062
mc/mc_infill_2_6_beta0,mc_infill_2_6_beta0_gid-348_20260718_193933,0.0,0.5,1.932382,-0.005361,210.520582544,1.95903739597,True,,,,,,4.25598079868
mc/mc_infill_2_6_beta0,mc_infill_2_6_beta0_gid-349_20260718_193933,0.0,0.5,1.918392,-0.004138,201.864249538,1.99860562716,True,,,,,,4.31821210681
mc/mc_infill_2_6_beta0,mc_infill_2_6_beta0_gid-34_20260718_193036,0.0,0.5,1.373708,-0.025296,689.960972424,0.611003273597,True,,,,,,1.13573540841
mc/mc_infill_2_6_beta0,mc_infill_2_6_beta0_gid-350_20260718_194439,0.0,0.5,1.197911,0.01038,123.716839342,2.50202627685,True,,,,,,3.8365159044
mc/mc_infill_2_6_beta0,mc_infill_2_6_beta0_gid-351_20260718_194439,0.0,0.5,1.720928,0.002943,160.366378504,2.22877085558,True,,,,,,4.42902108614
mc/mc_infill_2_6_beta0,mc_infill_2_6_beta0_gid-352_20260718_194439,0.0,0.5,1.617104,0.003205,160.97241491,2.24346341366,True,,,,,,4.21859022924
mc/mc_infill_2_6_beta0,mc_infill_2_6_beta0_gid-353_20260718_194512,0.0,0.5,1.497866,0.00745,135.929768324,2.39353905334,True,,,,,,4.28758684581
mc/mc_infill_2_6_beta0,mc_infill_2_6_beta0_gid-354_20260718_194512,0.0,0.5,1.341702,0.010036,122.714667199,2.49038070066,True,,,,,,4.14255040219
mc/mc_infill_2_6_beta0,mc_infill_2_6_beta0_gid-355_20260718_193705,0.0,0.5,1.698309,0.004976,148.401850145,2.29425497271,True,,,,,,4.53706768453
mc/mc_infill_2_6_beta0,mc_infill_2_6_beta0_gid-356_20260718_193705,0.0,0.5,1.491359,0.009849,122.731775532,2.469836732,True,,,,,,4.46536122082
mc/mc_infill_2_6_beta0,mc_infill_2_6_beta0_gid-357_20260718_193705,0.0,0.5,1.832881,-0.000792,181.821292973,2.10485283456,True,,,,,,4.38660052219
mc/mc_infill_2_6_beta0,mc_infill_2_6_beta0_gid-358_20260718_193705,0.0,0.5,1.26236,0.015428,96.5469514201,2.664357074,True,,,,,,4.40700298216
mc/mc_infill_2_6_beta0,mc_infill_2_6_beta0_gid-359_20260718_192531,0.0,0.5,1.910499,0.001168,166.422953209,2.1634398215,True,,,,,,4.70145821318
mc/mc_infill_2_6_beta0,mc_infill_2_6_beta0_gid-35_20260718_193036,0.0,0.5,1.856333,-0.035858,829.208330548,0.442085295014,True,,,,,,1.61929766599
mc/mc_infill_2_6_beta0,mc_infill_2_6_beta0_gid-360_20260718_192531,0.0,0.5,1.700817,0.003232,158.949815684,2.23941031744,True,,,,,,4.40725607112
mc/mc_infill_2_6_beta0,mc_infill_2_6_beta0_gid-361_20260718_192531,0.0,0.5,1.387601,0.008395,131.676971121,2.43286222204,True,,,,,,4.11352782835
mc/mc_infill_2_6_beta0,mc_infill_2_6_beta0_gid-362_20260718_192531,0.0,0.5,1.872865,-0.000397,177.512657749,2.11728634603,True,,,,,,4.50322681781
mc/mc_infill_2_6_beta0,mc_infill_2_6_beta0_gid-363_20260718_193713,0.0,0.5,1.001886,0.017068,93.1692666528,2.71406915393,True,,,,,,3.94905868959
mc/mc_infill_2_6_beta0,mc_infill_2_6_beta0_gid-364_20260718_193433,0.0,0.5,1.620231,0.00446,152.640115857,2.28520089658,True,,,,,,4.32486274467
mc/mc_infill_2_6_beta0,mc_infill_2_6_beta0_gid-365_20260718_193432,0.0,0.5,1.421429,0.010503,119.505173013,2.49878328897,True,,,,,,4.36114158739
mc/mc_infill_2_6_beta0,mc_infill_2_6_beta0_gid-366_20260718_193341,0.0,0.5,1.742819,0.000627,175.262202512,2.15226794576,True,,,,,,4.29786504632
mc/mc_infill_2_6_beta0,mc_infill_2_6_beta0_gid-367_20260718_193440,0.0,0.5,1.044971,0.017285,91.0696492843,2.72457897235,True,,,,,,4.06757597003
mc/mc_infill_2_6_beta0,mc_infill_2_6_beta0_gid-368_20260718_193441,0.0,0.5,1.852631,0.000209,174.285336396,2.13646564106,True,,,,,,4.50568271981
mc/mc_infill_2_6_beta0,mc_infill_2_6_beta0_gid-369_20260718_193440,0.0,0.5,1.629205,0.005722,144.807356019,2.32487318654,True,,,,,,4.44381442367
mc/mc_infill_2_6_beta0,mc_infill_2_6_beta0_gid-36_20260718_193036,0.0,0.5,1.674793,-0.030947,697.610379658,0.58540284974,True,,,,,,1.57316300081
mc/mc_infill_2_6_beta0,mc_infill_2_6_beta0_gid-370_20260718_193440,0.0,0.5,1.596532,0.00372,157.950517254,2.26198394981,True,,,,,,4.21299841522
mc/mc_infill_2_6_beta0,mc_infill_2_6_beta0_gid-371_20260718_193440,0.0,0.5,1.886762,0.001148,167.267296195,2.16387206796,True,,,,,,4.64972987462
mc/mc_infill_2_6_beta0,mc_infill_2_6_beta0_gid-372_20260718_193536,0.0,0.5,1.151242,0.017785,87.3539812756,2.74015078288,True,,,,,,4.35227844936
mc/mc_infill_2_6_beta0,mc_infill_2_6_beta0_gid-373_20260718_193536,0.0,0.5,1.73997,0.003734,155.124824637,2.25203116464,True,,,,,,4.53168442016
mc/mc_infill_2_6_beta0,mc_infill_2_6_beta0_gid-374_20260718_193536,0.0,0.5,1.866881,-0.001574,185.81989309,2.07994026937,True,,,,,,4.40092378137
mc/mc_infill_2_6_beta0,mc_infill_2_6_beta0_gid-375_20260718_193536,0.0,0.5,1.675236,0.004538,151.295892804,2.28300691164,True,,,,,,4.45260332975
mc/mc_infill_2_6_beta0,mc_infill_2_6_beta0_gid-376_20260718_193536,0.0,0.5,1.096775,0.01582,96.6789367109,2.68136952521,True,,,,,,4.06186831706
mc/mc_infill_2_6_beta0,mc_infill_2_6_beta0_gid-377_20260718_194039,0.0,0.5,1.811256,-0.000128,178.064967197,2.12645090475,True,,,,,,4.39018911484
mc/mc_infill_2_6_beta0,mc_infill_2_6_beta0_gid-378_20260718_194039,0.0,0.5,1.285253,0.013731,104.098768087,2.61186243273,True,,,,,,4.31776467892
mc/mc_infill_2_6_beta0,mc_infill_2_6_beta0_gid-379_20260718_194040,0.0,0.5,1.597195,0.007256,136.304530464,2.37629433593,True,,,,,,4.4937246377
mc/mc_infill_2_6_beta0,mc_infill_2_6_beta0_gid-37_20260718_193036,0.0,0.5,1.366088,-0.023479,704.04115128,0.694894918101,True,,,,,,1.23919628477
mc/mc_infill_2_6_beta0,mc_infill_2_6_beta0_gid-380_20260718_193106,0.0,0.5,1.785399,-0.000618,182.561052687,2.11040251846,True,,,,,,4.2957584212
mc/mc_infill_2_6_beta0,mc_infill_2_6_beta0_gid-381_20260718_193106,0.0,0.5,1.499247,0.008615,129.281807949,2.43069427004,True,,,,,,4.38439907916
mc/mc_infill_2_6_beta0,mc_infill_2_6_beta0_gid-382_20260718_193902,0.0,0.5,1.278366,0.010726,119.764607472,2.51574221912,True,,,,,,4.05364092269
mc/mc_infill_2_6_beta0,mc_infill_2_6_beta0_gid-383_20260718_193902,0.0,0.5,1.948764,-0.00072,176.52472293,2.10705603467,True,,,,,,4.64073373652
mc/mc_infill_2_6_beta0,mc_infill_2_6_beta0_gid-384_20260718_193902,0.0,0.5,1.066422,0.019959,79.8264656591,2.8032523156,True,,,,,,4.34486380341
mc/mc_infill_2_6_beta0,mc_infill_2_6_beta0_gid-385_20260718_193902,0.0,0.5,1.0663,0.018396,85.9108950298,2.75887224252,True,,,,,,4.21151577681
mc/mc_infill_2_6_beta0,mc_infill_2_6_beta0_gid-386_20260718_193444,0.0,0.5,1.293677,0.01146,115.465850646,2.53968233741,True,,,,,,4.14968715568
mc/mc_infill_2_6_beta0,mc_infill_2_6_beta0_gid-387_20260718_191108,0.0,0.5,1.026633,0.017918,88.6944948884,2.74283083028,True,,,,,,4.07974170321
mc/mc_infill_2_6_beta0,mc_infill_2_6_beta0_gid-388_20260718_191107,0.0,0.5,1.077136,0.01545,98.9068674285,2.66847840619,True,,,,,,3.98472470786
mc/mc_infill_2_6_beta0,mc_infill_2_6_beta0_gid-389_20260718_191107,0.0,0.5,1.209364,0.01215,113.098921206,2.56411350903,True,,,,,,4.01248911103
mc/mc_infill_2_6_beta0,mc_infill_2_6_beta0_gid-38_20260718_193036,0.0,0.5,1.025665,-0.014005,561.712999778,1.03746058344,True,,,,,,1.07111723437
mc/mc_infill_2_6_beta0,mc_infill_2_6_beta0_gid-390_20260718_191107,0.0,0.5,1.17993,0.013937,104.27212338,2.62283219976,True,,,,,,4.09448264861
mc/mc_infill_2_6_beta0,mc_infill_2_6_beta0_gid-391_20260718_193408,0.0,0.5,1.845511,0.001278,167.702047895,2.16960876568,True,,,,,,4.57157315537
mc/mc_infill_2_6_beta0,mc_infill_2_6_beta0_gid-392_20260718_193408,0.0,0.5,1.976404,-0.002463,186.482733693,2.05514228866,True,,,,,,4.56887995364
mc/mc_infill_2_6_beta0,mc_infill_2_6_beta0_gid-393_20260718_193903,0.0,0.5,1.371015,0.011419,115.000480346,2.53271395859,True,,,,,,4.32207022859
mc/mc_infill_2_6_beta0,mc_infill_2_6_beta0_gid-394_20260718_193904,0.0,0.5,1.963385,-0.004075,198.50036285,2.00410308755,True,,,,,,4.42026327871
mc/mc_infill_2_6_beta0,mc_infill_2_6_beta0_gid-395_20260718_193903,0.0,0.5,1.340436,0.012774,108.407950967,2.57756311408,True,,,,,,4.36362337142
mc/mc_infill_2_6_beta0,mc_infill_2_6_beta0_gid-396_20260718_193904,0.0,0.5,1.174171,0.015106,98.7061488534,2.65981163526,True,,,,,,4.17949681604
mc/mc_infill_2_6_beta0,mc_infill_2_6_beta0_gid-397_20260718_193903,0.0,0.5,1.044382,0.018585,85.5140823969,2.76376467535,True,,,,,,4.17768500444
mc/mc_infill_2_6_beta0,mc_infill_2_6_beta0_gid-398_20260718_193903,0.0,0.5,1.25303,0.013417,105.863319678,2.6043523321,True,,,,,,4.21871175029
mc/mc_infill_2_6_beta0,mc_infill_2_6_beta0_gid-399_20260718_193903,0.0,0.5,1.193495,0.015526,96.5566967492,2.67206593383,True,,,,,,4.25874608373
mc/mc_infill_2_6_beta0,mc_infill_2_6_beta0_gid-39_20260718_193036,0.0,0.5,1.716616,-0.034111,807.646380116,0.465294506933,True,,,,,,1.30390901843
mc/mc_infill_2_6_beta0,mc_infill_2_6_beta0_gid-3_20260718_185149,0.0,0.5,1.126634,-0.016877,607.448041571,0.93215056156,True,,,,,,1.06622211913
mc/mc_infill_2_6_beta0,mc_infill_2_6_beta0_gid-400_20260718_193903,0.0,0.5,1.895849,-0.002975,194.460741104,2.03543739152,True,,,,,,4.3573970467
mc/mc_infill_2_6_beta0,mc_infill_2_6_beta0_gid-401_20260718_191135,0.0,0.5,1.231301,0.017175,89.4009875272,2.71706335223,True,,,,,,4.48200769156
mc/mc_infill_2_6_beta0,mc_infill_2_6_beta0_gid-402_20260718_192010,0.0,0.5,1.439099,0.012542,109.555806016,2.55741635754,True,,,,,,4.56534874542
mc/mc_infill_2_6_beta0,mc_infill_2_6_beta0_gid-403_20260718_192010,0.0,0.5,1.099229,0.020423,77.8406570401,2.81500994589,True,,,,,,4.45895991547
mc/mc_infill_2_6_beta0,mc_infill_2_6_beta0_gid-404_20260718_192010,0.0,0.5,1.965748,0.002445,157.763610739,2.19635486822,True,,,,,,4.91214145084
mc/mc_infill_2_6_beta0,mc_infill_2_6_beta0_gid-405_20260718_192010,0.0,0.5,1.441902,0.015135,98.5746756407,2.62838748079,True,,,,,,4.77919780866
mc/mc_infill_2_6_beta0,mc_infill_2_6_beta0_gid-406_20260718_192010,0.0,0.5,1.574932,0.011017,117.352011055,2.48977933247,True,,,,,,4.7406146742
mc/mc_infill_2_6_beta0,mc_infill_2_6_beta0_gid-407_20260718_192010,0.0,0.5,1.179372,0.021227,74.9587557037,2.82894665755,True,,,,,,4.70383817739
mc/mc_infill_2_6_beta0,mc_infill_2_6_beta0_gid-408_20260718_193409,0.0,0.5,1.468192,0.014659,100.756033109,2.61032809781,True,,,,,,4.79807560557
mc/mc_infill_2_6_beta0,mc_infill_2_6_beta0_gid-409_20260718_193409,0.0,0.5,1.070184,0.023573,67.8445353186,2.89587532665,True,,,,,,4.66153072153
mc/mc_infill_2_6_beta0,mc_infill_2_6_beta0_gid-410_20260718_194139,0.0,0.5,1.989818,0.003377,152.440462822,2.21932020804,True,,,,,,5.03061344739
mc/mc_infill_2_6_beta0,mc_infill_2_6_beta0_gid-411_20260718_194139,0.0,0.5,1.108043,0.024154,66.123209661,2.9063335486,True,,,,,,4.79337126186
mc/mc_infill_2_6_beta0,mc_infill_2_6_beta0_gid-412_20260718_193332,0.0,0.5,1.997261,0.001983,159.337166623,2.18206806338,True,,,,,,4.94282161175
mc/mc_infill_2_6_beta0,mc_infill_2_6_beta0_gid-413_20260718_193236,0.0,0.5,1.47293,0.015765,96.5534587155,2.63787890641,True,,,,,,4.89627731887
mc/mc_infill_2_6_beta0,mc_infill_2_6_beta0_gid-414_20260718_193236,0.0,0.5,1.750453,0.007572,134.327396997,2.36215600522,True,,,,,,4.84874528346
mc/mc_infill_2_6_beta0,mc_infill_2_6_beta0_gid-415_20260718_193236,0.0,0.5,1.912254,0.002653,157.944688031,2.20577170124,True,,,,,,4.81651075727
mc/mc_infill_2_6_beta0,mc_infill_2_6_beta0_gid-416_20260718_193236,0.0,0.5,1.23788,0.019569,80.6202714071,2.77979845608,True,,,,,,4.69458124342
mc/mc_infill_2_6_beta0,mc_infill_2_6_beta0_gid-417_20260718_193236,0.0,0.5,1.435729,0.01405,102.926705005,2.60040690005,True,,,,,,4.67890257559
mc/mc_infill_2_6_beta0,mc_infill_2_6_beta0_gid-418_20260718_192931,0.0,0.5,1.150475,0.020109,78.6846464447,2.80355655327,True,,,,,,4.54664656831
mc/mc_infill_2_6_beta0,mc_infill_2_6_beta0_gid-420_20260718_192931,0.0,0.5,1.423323,0.013224,106.411803492,2.57950969694,True,,,,,,4.58538026494
mc/mc_infill_2_6_beta0,mc_infill_2_6_beta0_gid-421_20260718_194305,0.0,0.5,1.860452,0.005888,142.060699606,2.29964486665,True,,,,,,4.95138592381
mc/mc_infill_2_6_beta0,mc_infill_2_6_beta0_gid-422_20260718_194305,0.0,0.5,1.475202,0.013543,105.404179872,2.57896936372,True,,,,,,4.72437736151
mc/mc_infill_2_6_beta0,mc_infill_2_6_beta0_gid-423_20260718_185634,0.0,0.5,1.491746,0.012114,111.783549151,2.53617791272,True,,,,,,4.64667424362
mc/mc_infill_2_6_beta0,mc_infill_2_6_beta0_gid-424_20260718_192908,0.0,0.5,1.285439,0.017091,89.7840361667,2.70818782745,True,,,,,,4.59529677401
mc/mc_infill_2_6_beta0,mc_infill_2_6_beta0_gid-425_20260718_191341,0.0,0.5,1.366452,0.017046,90.5009130779,2.69340233325,True,,,,,,4.76917765565
mc/mc_infill_2_6_beta0,mc_infill_2_6_beta0_gid-426_20260718_191340,0.0,0.5,1.124093,0.02104,75.5981150796,2.82964208346,True,,,,,,4.56635637254
mc/mc_infill_2_6_beta0,mc_infill_2_6_beta0_gid-427_20260718_191340,0.0,0.5,1.942425,0.003525,152.693335606,2.22721591191,True,,,,,,4.94429318562
mc/mc_infill_2_6_beta0,mc_infill_2_6_beta0_gid-428_20260718_193101,0.0,0.5,1.5704,0.009823,122.967017981,2.45679270302,True,,,,,,4.63696058892
mc/mc_infill_2_6_beta0,mc_infill_2_6_beta0_gid-429_20260718_194003,0.0,0.5,1.674358,0.00836,130.426146318,2.39705335727,True,,,,,,4.747366937
mc/mc_infill_2_6_beta0,mc_infill_2_6_beta0_gid-42_20260718_193036,0.0,0.5,1.726169,-0.032265,740.965171644,0.543715773817,True,,,,,,1.47891875018
mc/mc_infill_2_6_beta0,mc_infill_2_6_beta0_gid-431_20260718_193132,0.0,0.5,1.083617,0.022203,71.981117605,2.86163165582,True,,,,,,4.57497105575
mc/mc_infill_2_6_beta0,mc_infill_2_6_beta0_gid-432_20260718_193904,0.0,0.5,1.64694,0.007801,133.238972243,2.38550931253,True,,,,,,4.64491178835
mc/mc_infill_2_6_beta0,mc_infill_2_6_beta0_gid-433_20260718_193904,0.0,0.5,1.203421,0.020374,77.7916170797,2.80476341434,True,,,,,,4.68563286511
mc/mc_infill_2_6_beta0,mc_infill_2_6_beta0_gid-434_20260718_193713,0.0,0.5,1.724587,0.009883,123.577602581,2.42878705844,True,,,,,,4.97117297986
mc/mc_infill_2_6_beta0,mc_infill_2_6_beta0_gid-435_20260718_193713,0.0,0.5,1.037279,0.026,61.2372247868,2.95357125557,True,,,,,,4.79619100768
mc/mc_infill_2_6_beta0,mc_infill_2_6_beta0_gid-436_20260718_193904,0.0,0.5,1.592657,0.009448,124.87521535,2.4421640026,True,,,,,,4.65588721275
mc/mc_infill_2_6_beta0,mc_infill_2_6_beta0_gid-437_20260718_193903,0.0,0.5,1.270723,0.016184,93.3580335727,2.68507889648,True,,,,,,4.4880641249
mc/mc_infill_2_6_beta0,mc_infill_2_6_beta0_gid-438_20260718_191147,0.0,0.5,1.04598,0.024433,65.4578336498,2.91749855582,True,,,,,,4.68159445121
mc/mc_infill_2_6_beta0,mc_infill_2_6_beta0_gid-439_20260718_191147,0.0,0.5,1.215092,0.021633,73.8390569281,2.83384458403,True,,,,,,4.81549265791
mc/mc_infill_2_6_beta0,mc_infill_2_6_beta0_gid-43_20260718_192931,0.0,0.5,1.526845,-0.028415,771.333600218,0.545653609961,True,,,,,,1.34236817806
mc/mc_infill_2_6_beta0,mc_infill_2_6_beta0_gid-440_20260718_193820,0.0,0.5,1.034148,0.02346,68.3834709377,2.89478686031,True,,,,,,4.5725649503
mc/mc_infill_2_6_beta0,mc_infill_2_6_beta0_gid-441_20260718_194259,0.0,0.5,1.57636,0.012052,112.775977561,2.51774944829,True,,,,,,4.82486453848
mc/mc_infill_2_6_beta0,mc_infill_2_6_beta0_gid-442_20260718_193448,0.0,0.5,1.953161,0.00538,143.520124764,2.27438935521,True,,,,,,5.10413214682
mc/mc_infill_2_6_beta0,mc_infill_2_6_beta0_gid-443_20260718_194507,0.0,0.5,1.791857,0.008749,128.932061901,2.38595746357,True,,,,,,5.02500293754
mc/mc_infill_2_6_beta0,mc_infill_2_6_beta0_gid-444_20260718_194507,0.0,0.5,1.262341,0.018833,83.2823096243,2.75743307557,True,,,,,,4.68757292822
mc/mc_infill_2_6_beta0,mc_infill_2_6_beta0_gid-445_20260718_194139,0.0,0.5,1.933097,0.005062,145.269838305,2.26863712744,True,,,,,,5.0394991084
mc/mc_infill_2_6_beta0,mc_infill_2_6_beta0_gid-446_20260718_194139,0.0,0.5,1.558992,0.012563,110.408404087,2.53515429961,True,,,,,,4.8277291626
mc/mc_infill_2_6_beta0,mc_infill_2_6_beta0_gid-447_20260718_192605,0.0,0.5,1.095342,0.023336,68.4742691886,2.88837783396,True,,,,,,4.6966347877
mc/mc_infill_2_6_beta0,mc_infill_2_6_beta0_gid-448_20260718_192605,0.0,0.5,1.60365,0.011374,115.994337195,2.49374404863,True,,,,,,4.83026042186
mc/mc_infill_2_6_beta0,mc_infill_2_6_beta0_gid-449_20260718_192605,0.0,0.5,1.209453,0.017108,89.7249633435,2.71720696884,True,,,,,,4.42756699387
mc/mc_infill_2_6_beta0,mc_infill_2_6_beta0_gid-44_20260718_192931,0.0,0.5,1.437082,-0.023657,673.817431823,0.75705492235,True,,,,,,1.41399932549
mc/mc_infill_2_6_beta0,mc_infill_2_6_beta0_gid-450_20260718_191836,0.0,0.5,1.340713,0.015783,95.1645332302,2.66435499978,True,,,,,,4.61038157257
mc/mc_infill_2_6_beta0,mc_infill_2_6_beta0_gid-451_20260718_191836,0.0,0.5,1.419189,0.018575,85.8790805553,2.71968365545,True,,,,,,5.0056782588
mc/mc_infill_2_6_beta0,mc_infill_2_6_beta0_gid-452_20260718_191836,0.0,0.5,1.515111,0.01978,84.021640724,2.72068622453,True,,,,,,5.30287098572
mc/mc_infill_2_6_beta0,mc_infill_2_6_beta0_gid-453_20260718_194326,0.0,0.5,1.868284,0.011721,117.545320911,2.44112058893,True,,,,,,5.40472912573
mc/mc_infill_2_6_beta0,mc_infill_2_6_beta0_gid-454_20260718_194326,0.0,0.5,1.286279,0.022625,71.6275642449,2.84333891905,True,,,,,,5.05020811552
mc/mc_infill_2_6_beta0,mc_infill_2_6_beta0_gid-455_20260718_194326,0.0,0.5,1.580374,0.013996,104.889326057,2.56739657952,True,,,,,,4.98559660399
mc/mc_infill_2_6_beta0,mc_infill_2_6_beta0_gid-456_20260718_194326,0.0,0.5,1.654179,0.014712,103.485230782,2.56562459903,True,,,,,,5.19577476904
mc/mc_infill_2_6_beta0,mc_infill_2_6_beta0_gid-457_20260718_194310,0.0,0.5,1.31422,0.024258,67.7194862552,2.87148383326,True,,,,,,5.24241826761
mc/mc_infill_2_6_beta0,mc_infill_2_6_beta0_gid-458_20260718_194310,0.0,0.5,1.474981,0.015891,96.1147492616,2.64058717505,True,,,,,,4.91068300247
mc/mc_infill_2_6_beta0,mc_infill_2_6_beta0_gid-459_20260718_194310,0.0,0.5,1.495223,0.019273,85.1032025766,2.71542959514,True,,,,,,5.22149407034
mc/mc_infill_2_6_beta0,mc_infill_2_6_beta0_gid-45_20260718_192931,0.0,0.5,1.495699,-0.024916,672.58449918,0.779352850067,True,,,,,,1.53757322352
mc/mc_infill_2_6_beta0,mc_infill_2_6_beta0_gid-460_20260718_194326,0.0,0.5,1.230421,0.025037,64.5766166999,2.90663500702,True,,,,,,5.12961241533
mc/mc_infill_2_6_beta0,mc_infill_2_6_beta0_gid-461_20260718_194235,0.0,0.5,1.371042,0.020385,79.3812864173,2.77358772746,True,,,,,,5.04870696195
mc/mc_infill_2_6_beta0,mc_infill_2_6_beta0_gid-464_20260718_192731,0.0,0.5,1.159167,0.027615,57.7698118919,2.97192895746,True,,,,,,5.19298880149
mc/mc_infill_2_6_beta0,mc_infill_2_6_beta0_gid-465_20260718_192731,0.0,0.5,1.051886,0.029831,52.3873957335,3.03008267497,True,,,,,,5.15362526755
mc/mc_infill_2_6_beta0,mc_infill_2_6_beta0_gid-466_20260718_194303,0.0,0.5,1.141574,0.02472,64.6729558811,2.91496644075,True,,,,,,4.9134758103
mc/mc_infill_2_6_beta0,mc_infill_2_6_beta0_gid-467_20260718_194303,0.0,0.5,1.830456,0.012383,114.721511311,2.46518776929,True,,,,,,5.37832403524
mc/mc_infill_2_6_beta0,mc_infill_2_6_beta0_gid-468_20260718_194303,0.0,0.5,1.585545,0.016872,94.6767558779,2.63511237085,True,,,,,,5.22101632726
mc/mc_infill_2_6_beta0,mc_infill_2_6_beta0_gid-469_20260718_194303,0.0,0.5,1.332416,0.019309,82.2527855875,2.75684812519,True,,,,,,4.8789122631
mc/mc_infill_2_6_beta0,mc_infill_2_6_beta0_gid-46_20260718_192931,0.0,0.5,1.145336,-0.017684,623.689838293,0.89088041198,True,,,,,,1.04706893404
mc/mc_infill_2_6_beta0,mc_infill_2_6_beta0_gid-470_20260718_194303,0.0,0.5,1.370628,0.018805,84.3976256149,2.7365035903,True,,,,,,4.92033424911
mc/mc_infill_2_6_beta0,mc_infill_2_6_beta0_gid-473_20260718_194605,0.0,0.5,1.510678,0.015442,98.3199416878,2.62078680684,True,,,,,,4.95130977905
mc/mc_infill_2_6_beta0,mc_infill_2_6_beta0_gid-474_20260718_194605,0.0,0.5,1.075919,0.027621,57.2704450325,2.98431281422,True,,,,,,5.0170234029
mc/mc_infill_2_6_beta0,mc_infill_2_6_beta0_gid-475_20260718_194605,0.0,0.5,1.940512,0.009285,127.08053823,2.37049402499,True,,,,,,5.36803294362
mc/mc_infill_2_6_beta0,mc_infill_2_6_beta0_gid-476_20260718_194316,0.0,0.5,1.189518,0.024321,66.0172067848,2.89905975613,True,,,,,,4.98321128325
mc/mc_infill_2_6_beta0,mc_infill_2_6_beta0_gid-477_20260718_194316,0.0,0.5,1.752693,0.013823,108.417818875,2.5181040717,True,,,,,,5.32972772611
mc/mc_infill_2_6_beta0,mc_infill_2_6_beta0_gid-478_20260718_194316,0.0,0.5,1.384621,0.021274,76.9814342069,2.79013169709,True,,,,,,5.14906382646
mc/mc_infill_2_6_beta0,mc_infill_2_6_beta0_gid-479_20260718_194316,0.0,0.5,1.807801,0.010933,119.925038749,2.43684492634,True,,,,,,5.22309635692
mc/mc_infill_2_6_beta0,mc_infill_2_6_beta0_gid-47_20260718_192040,0.0,0.5,1.55259,-0.026409,665.243284361,0.734564449304,True,,,,,,1.47601430899
mc/mc_infill_2_6_beta0,mc_infill_2_6_beta0_gid-481_20260718_192805,0.0,0.5,1.694335,0.012416,112.743827334,2.49986655886,True,,,,,,5.102308835
mc/mc_infill_2_6_beta0,mc_infill_2_6_beta0_gid-482_20260718_192532,0.0,0.5,1.72456,0.012271,113.725814741,2.48888769305,True,,,,,,5.15372443636
mc/mc_infill_2_6_beta0,mc_infill_2_6_beta0_gid-483_20260718_192532,0.0,0.5,1.214525,0.024044,66.964623107,2.88867513016,True,,,,,,5.01376844112
mc/mc_infill_2_6_beta0,mc_infill_2_6_beta0_gid-486_20260718_192710,0.0,0.5,1.523902,0.016668,94.1458069829,2.64742222232,True,,,,,,5.07605362191
mc/mc_infill_2_6_beta0,mc_infill_2_6_beta0_gid-487_20260718_192710,0.0,0.5,1.43935,0.016789,92.3240571912,2.67139459972,True,,,,,,4.9059085113
mc/mc_infill_2_6_beta0,mc_infill_2_6_beta0_gid-488_20260718_192710,0.0,0.5,1.750207,0.010263,122.139425811,2.43313212225,True,,,,,,5.05359234093
mc/mc_infill_2_6_beta0,mc_infill_2_6_beta0_gid-490_20260718_194607,0.0,0.5,1.974947,0.007443,134.334874816,2.32181805729,True,,,,,,5.30075436121
mc/mc_infill_2_6_beta0,mc_infill_2_6_beta0_gid-491_20260718_194607,0.0,0.5,1.277595,0.020732,77.1102236808,2.80176755936,True,,,,,,4.87667041651
mc/mc_infill_2_6_beta0,mc_infill_2_6_beta0_gid-492_20260718_194607,0.0,0.5,1.436048,0.017988,88.1048690144,2.70153951889,True,,,,,,4.9946335089
mc/mc_infill_2_6_beta0,mc_infill_2_6_beta0_gid-493_20260718_194607,0.0,0.5,1.113992,0.02769,57.2708943226,2.98073203707,True,,,,,,5.10380447713
mc/mc_infill_2_6_beta0,mc_infill_2_6_beta0_gid-494_20260718_194604,0.0,0.5,1.924164,0.010308,123.151773861,2.39697835493,True,,,,,,5.41122464717
mc/mc_infill_2_6_beta0,mc_infill_2_6_beta0_gid-495_20260718_194604,0.0,0.5,1.533639,0.019281,85.92888839,2.70426449551,True,,,,,,5.30197373471
mc/mc_infill_2_6_beta0,mc_infill_2_6_beta0_gid-496_20260718_194604,0.0,0.5,1.159794,0.023197,68.9418353211,2.87828816461,True,,,,,,4.82549100195
mc/mc_infill_2_6_beta0,mc_infill_2_6_beta0_gid-498_20260718_194604,0.0,0.5,1.36426,0.021393,76.2851486185,2.79793758995,True,,,,,,5.11565549298
mc/mc_infill_2_6_beta0,mc_infill_2_6_beta0_gid-499_20260718_194604,0.0,0.5,1.78086,0.013093,111.472799471,2.49396087199,True,,,,,,5.33157954502
mc/mc_infill_2_6_beta0,mc_infill_2_6_beta0_gid-4_20260718_185149,0.0,0.5,1.930858,-0.038347,780.932819972,0.450632077101,False,,,,,,1.55132811095
mc/mc_infill_2_6_beta0,mc_infill_2_6_beta0_gid-500_20260718_194604,0.0,0.5,1.336876,0.021287,76.160613301,2.80216296952,True,,,,,,5.048989896
mc/mc_infill_2_6_beta0,mc_infill_2_6_beta0_gid-50_20260718_192040,0.0,0.5,1.834293,-0.036732,835.924274455,0.423493488635,True,,,,,,1.42957530128
mc/mc_infill_2_6_beta0,mc_infill_2_6_beta0_gid-51_20260718_192305,0.0,0.5,1.430146,-0.020303,566.659382301,1.00132601443,True,,,,,,1.70530927257
mc/mc_infill_2_6_beta0,mc_infill_2_6_beta0_gid-52_20260718_192305,0.0,0.5,1.880606,-0.029793,617.000301564,0.837007680614,True,,,,,,2.14080436191
mc/mc_infill_2_6_beta0,mc_infill_2_6_beta0_gid-53_20260718_192305,0.0,0.5,1.080627,-0.010756,440.700304323,1.338417419,True,,,,,,1.56453446657
mc/mc_infill_2_6_beta0,mc_infill_2_6_beta0_gid-54_20260718_192305,0.0,0.5,1.655116,-0.026228,630.858538572,0.826994316783,True,,,,,,1.87328618413
mc/mc_infill_2_6_beta0,mc_infill_2_6_beta0_gid-55_20260718_192305,0.0,0.5,1.704984,-0.029056,653.076749267,0.743232342004,True,,,,,,1.72545384025
mc/mc_infill_2_6_beta0,mc_infill_2_6_beta0_gid-56_20260718_192305,0.0,0.5,1.47763,-0.024147,655.135100329,0.787218171655,True,,,,,,1.53796926749
mc/mc_infill_2_6_beta0,mc_infill_2_6_beta0_gid-57_20260718_192305,0.0,0.5,1.561955,-0.023376,599.737901461,0.913430743364,True,,,,,,1.81280287116
mc/mc_infill_2_6_beta0,mc_infill_2_6_beta0_gid-58_20260718_192100,0.0,0.5,1.022998,-0.009016,417.422282009,1.40671590969,True,,,,,,1.56781853513
mc/mc_infill_2_6_beta0,mc_infill_2_6_beta0_gid-59_20260718_192100,0.0,0.5,1.064781,-0.011887,478.030748903,1.23892423524,True,,,,,,1.40169559585
mc/mc_infill_2_6_beta0,mc_infill_2_6_beta0_gid-5_20260718_185149,0.0,0.5,1.806936,-0.035738,753.048692616,0.481592191481,False,,,,,,1.47548318595
mc/mc_infill_2_6_beta0,mc_infill_2_6_beta0_gid-60_20260718_193102,0.0,0.5,1.559661,-0.025216,651.116072778,0.804851017602,True,,,,,,1.63494189569
mc/mc_infill_2_6_beta0,mc_infill_2_6_beta0_gid-61_20260718_193205,0.0,0.5,1.454248,-0.023059,643.205993131,0.830951601331,True,,,,,,1.52064182377
mc/mc_infill_2_6_beta0,mc_infill_2_6_beta0_gid-62_20260718_190938,0.0,0.5,1.479278,-0.021759,588.272415176,0.947685096632,True,,,,,,1.72939506384
mc/mc_infill_2_6_beta0,mc_infill_2_6_beta0_gid-63_20260718_191541,0.0,0.5,1.043575,-0.012588,511.104029406,1.1667000768,True,,,,,,1.26199775114
mc/mc_infill_2_6_beta0,mc_infill_2_6_beta0_gid-64_20260718_191541,0.0,0.5,1.147991,-0.015619,553.891904171,1.05254606365,True,,,,,,1.27537671858
mc/mc_infill_2_6_beta0,mc_infill_2_6_beta0_gid-65_20260718_192701,0.0,0.5,1.221075,-0.01369,466.809022337,1.25938180584,True,,,,,,1.70566911014
mc/mc_infill_2_6_beta0,mc_infill_2_6_beta0_gid-66_20260718_192701,0.0,0.5,1.018592,-0.010566,460.066327553,1.29284263869,True,,,,,,1.3925097686
mc/mc_infill_2_6_beta0,mc_infill_2_6_beta0_gid-67_20260718_192701,0.0,0.5,1.30627,-0.018562,568.966065283,1.00091473769,True,,,,,,1.4742677236
mc/mc_infill_2_6_beta0,mc_infill_2_6_beta0_gid-68_20260718_192701,0.0,0.5,1.690024,-0.027637,645.961417067,0.784411131478,True,,,,,,1.82133855829
mc/mc_infill_2_6_beta0,mc_infill_2_6_beta0_gid-69_20260718_193743,0.0,0.5,1.60971,-0.025071,619.855822109,0.855587516361,True,,,,,,1.83190976119
mc/mc_infill_2_6_beta0,mc_infill_2_6_beta0_gid-6_20260718_185149,0.0,0.5,1.068567,-0.015237,578.361241975,0.993234259275,True,,,,,,1.05705836981
mc/mc_infill_2_6_beta0,mc_infill_2_6_beta0_gid-70_20260718_185505,0.0,0.5,1.379557,-0.018441,535.151992473,1.07836331838,True,,,,,,1.73287379393
mc/mc_infill_2_6_beta0,mc_infill_2_6_beta0_gid-71_20260718_185505,0.0,0.5,1.16111,-0.013239,477.898623371,1.23313287512,True,,,,,,1.54922635596
mc/mc_infill_2_6_beta0,mc_infill_2_6_beta0_gid-72_20260718_185505,0.0,0.5,1.907904,-0.032582,662.26343431,0.717303517111,True,,,,,,2.00625264795
mc/mc_infill_2_6_beta0,mc_infill_2_6_beta0_gid-73_20260718_185505,0.0,0.5,1.24887,-0.014616,479.187072089,1.2260874657,True,,,,,,1.67909655856
mc/mc_infill_2_6_beta0,mc_infill_2_6_beta0_gid-74_20260718_185532,0.0,0.5,1.172588,-0.016002,558.101478859,1.04853930655,True,,,,,,1.30918412232
mc/mc_infill_2_6_beta0,mc_infill_2_6_beta0_gid-75_20260718_190034,0.0,0.5,1.613273,-0.026833,660.694054412,0.77058341527,True,,,,,,1.69538071303
mc/mc_infill_2_6_beta0,mc_infill_2_6_beta0_gid-76_20260718_190034,0.0,0.5,1.9648,-0.031298,598.839731235,0.848014003086,True,,,,,,2.28202612558
mc/mc_infill_2_6_beta0,mc_infill_2_6_beta0_gid-77_20260718_193733,0.0,0.5,1.403198,-0.018339,521.539136644,1.10507102545,True,,,,,,1.81005079611
mc/mc_infill_2_6_beta0,mc_infill_2_6_beta0_gid-78_20260718_185904,0.0,0.5,1.979798,-0.030041,569.636174331,0.908778169818,True,,,,,,2.39861138075
mc/mc_infill_2_6_beta0,mc_infill_2_6_beta0_gid-79_20260718_185208,0.0,0.5,1.517879,-0.021004,552.073179989,1.01627422354,True,,,,,,1.92466573277
mc/mc_infill_2_6_beta0,mc_infill_2_6_beta0_gid-7_20260718_191435,0.0,0.5,1.87887,-0.03568,738.393553411,0.529099664245,False,,,,,,1.92674685781
mc/mc_infill_2_6_beta0,mc_infill_2_6_beta0_gid-80_20260718_185208,0.0,0.5,1.619575,-0.024093,590.979846495,0.919733669641,True,,,,,,1.94222733309
mc/mc_infill_2_6_beta0,mc_infill_2_6_beta0_gid-81_20260718_185208,0.0,0.5,1.235524,-0.017567,575.68121868,0.998820846834,True,,,,,,1.34064739292
mc/mc_infill_2_6_beta0,mc_infill_2_6_beta0_gid-82_20260718_185208,0.0,0.5,1.9827,-0.031771,607.768122228,0.831101167394,True,,,,,,2.29418670301
mc/mc_infill_2_6_beta0,mc_infill_2_6_beta0_gid-83_20260718_185208,0.0,0.5,1.790562,-0.026389,570.824562216,0.945980558312,True,,,,,,2.21754278776
mc/mc_infill_2_6_beta0,mc_infill_2_6_beta0_gid-84_20260718_185208,0.0,0.5,1.235524,-0.015818,523.078835431,1.11734660823,True,,,,,,1.51475930127
mc/mc_infill_2_6_beta0,mc_infill_2_6_beta0_gid-85_20260718_191006,0.0,0.5,1.834984,-0.031185,646.678134754,0.737503768183,True,,,,,,1.93803909878
mc/mc_infill_2_6_beta0,mc_infill_2_6_beta0_gid-86_20260718_185233,0.0,0.5,1.094696,-0.013066,502.790946557,1.1846020807,True,,,,,,1.35885701929
mc/mc_infill_2_6_beta0,mc_infill_2_6_beta0_gid-87_20260718_185233,0.0,0.5,1.216967,-0.017083,569.614885044,1.01594955165,True,,,,,,1.35566482226
mc/mc_infill_2_6_beta0,mc_infill_2_6_beta0_gid-88_20260718_185233,0.0,0.5,1.354417,-0.018063,532.284688223,1.07749129248,True,,,,,,1.69148684931
mc/mc_infill_2_6_beta0,mc_infill_2_6_beta0_gid-89_20260718_185233,0.0,0.5,1.74492,-0.025743,575.239519318,0.945939082456,True,,,,,,2.13133027622
mc/mc_infill_2_6_beta0,mc_infill_2_6_beta0_gid-8_20260718_191435,0.0,0.5,1.590507,-0.02757,687.154683117,0.668397829535,True,,,,,,1.59953524605
mc/mc_infill_2_6_beta0,mc_infill_2_6_beta0_gid-90_20260718_192231,0.0,0.5,1.8642,-0.030624,630.886190402,0.796265499659,True,,,,,,2.09576947215
mc/mc_infill_2_6_beta0,mc_infill_2_6_beta0_gid-91_20260718_192331,0.0,0.5,1.936651,-0.029213,575.658235063,0.90891605602,True,,,,,,2.36893142387
mc/mc_infill_2_6_beta0,mc_infill_2_6_beta0_gid-92_20260718_192231,0.0,0.5,1.741468,-0.028916,663.361768673,0.737931229433,True,,,,,,1.8587772146
mc/mc_infill_2_6_beta0,mc_infill_2_6_beta0_gid-93_20260718_192231,0.0,0.5,1.452915,-0.019067,520.06850476,1.10040903036,True,,,,,,1.89664909133
mc/mc_infill_2_6_beta0,mc_infill_2_6_beta0_gid-94_20260718_192231,0.0,0.5,1.243299,-0.018802,611.783734363,0.914618978158,True,,,,,,1.25687268478
mc/mc_infill_2_6_beta0,mc_infill_2_6_beta0_gid-95_20260718_192231,0.0,0.5,1.428063,-0.018617,517.388435836,1.11592936068,True,,,,,,1.86571459158
mc/mc_infill_2_6_beta0,mc_infill_2_6_beta0_gid-96_20260718_192231,0.0,0.5,1.813543,-0.030002,647.27911256,0.761032665159,True,,,,,,1.9682187693
mc/mc_infill_2_6_beta0,mc_infill_2_6_beta0_gid-97_20260718_192300,0.0,0.5,1.767,-0.025416,557.521315735,0.980892095044,True,,,,,,2.22507758228
mc/mc_infill_2_6_beta0,mc_infill_2_6_beta0_gid-98_20260718_192302,0.0,0.5,1.675247,-0.025798,608.085110766,0.877002477225,True,,,,,,1.94667543522
mc/mc_infill_2_6_beta0,mc_infill_2_6_beta0_gid-99_20260718_192231,0.0,0.5,1.35842,-0.021049,621.980777572,0.876904952017,True,,,,,,1.41752543496
mc/mc_infill_2_6_beta0,mc_infill_2_6_beta0_gid-9_20260718_190738,0.0,0.5,1.891329,-0.037293,768.984779697,0.481133990819,True,,,,,,1.66703673961
mc/mc_infill_2_6_beta0_5,mc_infill_2_6_beta0_5_gid-100_20260718_194207,0.5,0.5,1.638306,-0.023729,619.022117948,0.866757000788,True,,,,,,1.99334953462
mc/mc_infill_2_6_beta0_5,mc_infill_2_6_beta0_5_gid-101_20260718_194207,0.5,0.5,1.35102,-0.015122,500.77742334,1.15304661205,True,,,,,,1.91045236267
mc/mc_infill_2_6_beta0_5,mc_infill_2_6_beta0_5_gid-103_20260718_194207,0.5,0.5,1.774205,-0.025299,604.299967424,0.882532120465,True,,,,,,2.2267902827
mc/mc_infill_2_6_beta0_5,mc_infill_2_6_beta0_5_gid-104_20260718_194207,0.5,0.5,1.712865,-0.01982,504.011624515,1.10852927345,True,,,,,,2.52378787831
mc/mc_infill_2_6_beta0_5,mc_infill_2_6_beta0_5_gid-105_20260718_194207,0.5,0.5,1.472776,-0.016036,488.40728625,1.17291765176,True,,,,,,2.18628366041
mc/mc_infill_2_6_beta0_5,mc_infill_2_6_beta0_5_gid-106_20260718_194207,0.5,0.5,1.75776,-0.024355,586.339589864,0.916566777231,True,,,,,,2.25789548471
mc/mc_infill_2_6_beta0_5,mc_infill_2_6_beta0_5_gid-107_20260718_194207,0.5,0.5,1.678928,-0.021855,558.732839087,0.990754697901,True,,,,,,2.25188170099
mc/mc_infill_2_6_beta0_5,mc_infill_2_6_beta0_5_gid-108_20260718_194207,0.5,0.5,1.522919,-0.018619,532.801092775,1.06566943876,True,,,,,,2.10231090055
mc/mc_infill_2_6_beta0_5,mc_infill_2_6_beta0_5_gid-109_20260718_194207,0.5,0.5,1.084085,-0.010022,459.796193235,1.27675832499,True,,,,,,1.60714782103
mc/mc_infill_2_6_beta0_5,mc_infill_2_6_beta0_5_gid-10_20260718_194503,0.5,0.5,1.999212,-0.037293,799.515598362,0.480133598257,True,,,,,,1.83748486125
mc/mc_infill_2_6_beta0_5,mc_infill_2_6_beta0_5_gid-110_20260718_194207,0.5,0.5,1.767984,-0.021742,527.852871385,1.04709118323,True,,,,,,2.50458631173
mc/mc_infill_2_6_beta0_5,mc_infill_2_6_beta0_5_gid-111_20260718_193907,0.5,0.5,1.602194,-0.021041,565.338445734,0.985441839103,True,,,,,,2.11756461914
mc/mc_infill_2_6_beta0_5,mc_infill_2_6_beta0_5_gid-112_20260718_193907,0.5,0.5,1.505649,-0.017774,516.7489553,1.10167223229,True,,,,,,2.1284995383
mc/mc_infill_2_6_beta0_5,mc_infill_2_6_beta0_5_gid-113_20260718_193907,0.5,0.5,1.943758,-0.026931,578.208005709,0.915975605503,True,,,,,,2.54780786304
mc/mc_infill_2_6_beta0_5,mc_infill_2_6_beta0_5_gid-114_20260718_193907,0.5,0.5,1.320615,-0.013935,482.35978336,1.20026708925,True,,,,,,1.92735746993
mc/mc_infill_2_6_beta0_5,mc_infill_2_6_beta0_5_gid-115_20260718_193907,0.5,0.5,1.106887,-0.007861,402.219526252,1.42788789837,True,,,,,,1.88821480196
mc/mc_infill_2_6_beta0_5,mc_infill_2_6_beta0_5_gid-116_20260718_193834,0.5,0.5,1.13323,-0.008869,418.325890074,1.3817339435,True,,,,,,1.86828200878
mc/mc_infill_2_6_beta0_5,mc_infill_2_6_beta0_5_gid-117_20260718_193834,0.5,0.5,1.725519,-0.021827,542.10795829,1.01986887945,True,,,,,,2.38960440287
mc/mc_infill_2_6_beta0_5,mc_infill_2_6_beta0_5_gid-118_20260718_193853,0.5,0.5,1.422054,-0.0143,463.193258379,1.23895319078,True,,,,,,2.1917648683
mc/mc_infill_2_6_beta0_5,mc_infill_2_6_beta0_5_gid-119_20260718_193834,0.5,0.5,1.242858,-0.011945,457.751516006,1.26803256679,True,,,,,,1.88492580048
mc/mc_infill_2_6_beta0_5,mc_infill_2_6_beta0_5_gid-11_20260718_194503,0.5,0.5,1.440837,-0.023821,698.81847028,0.711527078326,True,,,,,,1.46338471425
mc/mc_infill_2_6_beta0_5,mc_infill_2_6_beta0_5_gid-121_20260718_193834,0.5,0.5,1.474327,-0.014334,451.454618094,1.26291252655,True,,,,,,2.33839901506
mc/mc_infill_2_6_beta0_5,mc_infill_2_6_beta0_5_gid-122_20260718_193834,0.5,0.5,1.570191,-0.016535,473.454956724,1.19643816817,True,,,,,,2.41531224332
mc/mc_infill_2_6_beta0_5,mc_infill_2_6_beta0_5_gid-125_20260718_193915,0.5,0.5,1.419838,-0.016097,504.276853286,1.13922878945,True,,,,,,2.03481154607
mc/mc_infill_2_6_beta0_5,mc_infill_2_6_beta0_5_gid-126_20260718_193904,0.5,0.5,1.386514,-0.012943,443.441639993,1.29228468132,True,,,,,,2.20585851795
mc/mc_infill_2_6_beta0_5,mc_infill_2_6_beta0_5_gid-127_20260718_193904,0.5,0.5,1.82637,-0.024267,562.293195122,0.965606520749,True,,,,,,2.44886153371
mc/mc_infill_2_6_beta0_5,mc_infill_2_6_beta0_5_gid-128_20260718_193904,0.5,0.5,1.384602,-0.015908,508.680408183,1.12928629793,True,,,,,,1.92967206424
mc/mc_infill_2_6_beta0_5,mc_infill_2_6_beta0_5_gid-129_20260718_193907,0.5,0.5,1.207632,-0.008437,390.804318818,1.44913879224,True,,,,,,2.11783455815
mc/mc_infill_2_6_beta0_5,mc_infill_2_6_beta0_5_gid-12_20260718_194033,0.5,0.5,1.592315,-0.030084,791.661726902,0.496458127765,True,,,,,,1.31051263448
mc/mc_infill_2_6_beta0_5,mc_infill_2_6_beta0_5_gid-130_20260718_193904,0.5,0.5,1.993603,-0.028426,590.266559572,0.879959021542,True,,,,,,2.54785416337
mc/mc_infill_2_6_beta0_5,mc_infill_2_6_beta0_5_gid-131_20260718_193904,0.5,0.5,1.994281,-0.029647,617.506528706,0.821342607066,True,,,,,,2.45638505281
mc/mc_infill_2_6_beta0_5,mc_infill_2_6_beta0_5_gid-132_20260718_193818,0.5,0.5,1.86059,-0.025124,569.101579609,0.944169744286,True,,,,,,2.4791227722
mc/mc_infill_2_6_beta0_5,mc_infill_2_6_beta0_5_gid-133_20260718_193818,0.5,0.5,1.448701,-0.014842,468.731390052,1.22317955934,True,,,,,,2.22610342692
mc/mc_infill_2_6_beta0_5,mc_infill_2_6_beta0_5_gid-134_20260718_193818,0.5,0.5,1.09649,-0.006229,370.982993663,1.51564273925,True,,,,,,2.01745267177
mc/mc_infill_2_6_beta0_5,mc_infill_2_6_beta0_5_gid-135_20260718_193818,0.5,0.5,1.910509,-0.02501,550.73845025,0.979505180293,True,,,,,,2.61646805687
mc/mc_infill_2_6_beta0_5,mc_infill_2_6_beta0_5_gid-136_20260718_193818,0.5,0.5,1.93995,-0.028471,612.48224774,0.8386385004,True,,,,,,2.39412513831
mc/mc_infill_2_6_beta0_5,mc_infill_2_6_beta0_5_gid-137_20260718_193818,0.5,0.5,1.995807,-0.027345,569.520367963,0.926171074328,True,,,,,,2.63877941386
mc/mc_infill_2_6_beta0_5,mc_infill_2_6_beta0_5_gid-138_20260718_193818,0.5,0.5,1.066881,-0.006134,375.726374629,1.50397156597,True,,,,,,1.94572618084
mc/mc_infill_2_6_beta0_5,mc_infill_2_6_beta0_5_gid-139_20260718_194035,0.5,0.5,1.18908,-0.011035,452.187024432,1.28546275856,True,,,,,,1.81686639559
mc/mc_infill_2_6_beta0_5,mc_infill_2_6_beta0_5_gid-13_20260718_194102,0.5,0.5,1.995563,-0.038517,842.555463446,0.425633240872,True,,,,,,1.73579669161
mc/mc_infill_2_6_beta0_5,mc_infill_2_6_beta0_5_gid-140_20260718_194036,0.5,0.5,1.512698,-0.01631,481.990285665,1.18063085112,True,,,,,,2.2720345723
mc/mc_infill_2_6_beta0_5,mc_infill_2_6_beta0_5_gid-141_20260718_194035,0.5,0.5,1.669514,-0.019129,500.725596067,1.12245135173,True,,,,,,2.46360388214
mc/mc_infill_2_6_beta0_5,mc_infill_2_6_beta0_5_gid-142_20260718_194035,0.5,0.5,1.571353,-0.019366,534.959537559,1.05475621341,True,,,,,,2.17257182764
mc/mc_infill_2_6_beta0_5,mc_infill_2_6_beta0_5_gid-143_20260718_194036,0.5,0.5,1.209713,-0.010564,435.449507545,1.32816691637,True,,,,,,1.9237871904
mc/mc_infill_2_6_beta0_5,mc_infill_2_6_beta0_5_gid-144_20260718_194035,0.5,0.5,1.127469,-0.011,469.518510553,1.24727037244,True,,,,,,1.63997921577
mc/mc_infill_2_6_beta0_5,mc_infill_2_6_beta0_5_gid-145_20260718_194035,0.5,0.5,1.97106,-0.025217,536.103048744,1.00218263718,True,,,,,,2.7452902562
mc/mc_infill_2_6_beta0_5,mc_infill_2_6_beta0_5_gid-146_20260718_194035,0.5,0.5,1.234191,-0.013013,486.26052751,1.19747519745,True,,,,,,1.75517095669
mc/mc_infill_2_6_beta0_5,mc_infill_2_6_beta0_5_gid-147_20260718_194035,0.5,0.5,1.438017,-0.018167,548.616096813,1.03316507509,True,,,,,,1.8949893125
mc/mc_infill_2_6_beta0_5,mc_infill_2_6_beta0_5_gid-148_20260718_194035,0.5,0.5,1.121309,-0.006625,373.387781091,1.50559456938,True,,,,,,2.04958912014
mc/mc_infill_2_6_beta0_5,mc_infill_2_6_beta0_5_gid-149_20260718_192731,0.5,0.5,1.003312,-0.004196,351.971087269,1.57865764655,True,,,,,,1.9530316754
mc/mc_infill_2_6_beta0_5,mc_infill_2_6_beta0_5_gid-14_20260718_194033,0.5,0.5,1.461274,-0.027685,823.193948431,0.532879378992,True,,,,,,1.04199253409
mc/mc_infill_2_6_beta0_5,mc_infill_2_6_beta0_5_gid-150_20260718_192731,0.5,0.5,1.292868,-0.01101,424.050086175,1.34994136398,True,,,,,,2.11701923292
mc/mc_infill_2_6_beta0_5,mc_infill_2_6_beta0_5_gid-151_20260718_192731,0.5,0.5,1.720212,-0.014694,409.272902128,1.34170740176,True,,,,,,2.96102984344
mc/mc_infill_2_6_beta0_5,mc_infill_2_6_beta0_5_gid-152_20260718_192731,0.5,0.5,1.688265,-0.017098,456.681679399,1.22398958408,True,,,,,,2.68329701077
mc/mc_infill_2_6_beta0_5,mc_infill_2_6_beta0_5_gid-153_20260718_194036,0.5,0.5,1.484426,-0.011427,394.164291761,1.41212400177,True,,,,,,2.61722594527
mc/mc_infill_2_6_beta0_5,mc_infill_2_6_beta0_5_gid-154_20260718_194036,0.5,0.5,1.475559,-0.01035,377.051776419,1.45998815926,True,,,,,,2.68587002174
mc/mc_infill_2_6_beta0_5,mc_infill_2_6_beta0_5_gid-155_20260718_194102,0.5,0.5,1.061812,-0.00055,278.632813083,1.80898038419,True,,,,,,2.46508416293
mc/mc_infill_2_6_beta0_5,mc_infill_2_6_beta0_5_gid-156_20260718_194035,0.5,0.5,1.096543,-0.002668,306.513218157,1.71214364674,True,,,,,,2.35957740529
mc/mc_infill_2_6_beta0_5,mc_infill_2_6_beta0_5_gid-157_20260718_194036,0.5,0.5,1.111447,-0.004326,332.14591886,1.62970118021,True,,,,,,2.24369775366
mc/mc_infill_2_6_beta0_5,mc_infill_2_6_beta0_5_gid-158_20260718_193332,0.5,0.5,1.913306,-0.021023,474.996283113,1.14901370468,True,,,,,,2.93391616622
mc/mc_infill_2_6_beta0_5,mc_infill_2_6_beta0_5_gid-159_20260718_193332,0.5,0.5,1.379713,-0.007818,349.162836518,1.55145922196,True,,,,,,2.65018597442
mc/mc_infill_2_6_beta0_5,mc_infill_2_6_beta0_5_gid-160_20260718_193332,0.5,0.5,1.914678,-0.019927,456.29181456,1.19341677382,True,,,,,,3.02388373044
mc/mc_infill_2_6_beta0_5,mc_infill_2_6_beta0_5_gid-161_20260718_193332,0.5,0.5,1.603267,-0.012085,386.03238364,1.41970692298,True,,,,,,2.87621933196
mc/mc_infill_2_6_beta0_5,mc_infill_2_6_beta0_5_gid-162_20260718_193332,0.5,0.5,1.221776,-0.007504,369.887942591,1.50721305104,True,,,,,,2.24681708671
mc/mc_infill_2_6_beta0_5,mc_infill_2_6_beta0_5_gid-163_20260718_193332,0.5,0.5,1.165266,-0.00681,367.731319106,1.51799079915,True,,,,,,2.15542613893
mc/mc_infill_2_6_beta0_5,mc_infill_2_6_beta0_5_gid-164_20260718_193332,0.5,0.5,1.413151,-0.009338,369.652040618,1.48860729095,True,,,,,,2.60573290454
mc/mc_infill_2_6_beta0_5,mc_infill_2_6_beta0_5_gid-165_20260718_193332,0.5,0.5,1.072137,-0.002417,306.157530808,1.71479736628,True,,,,,,2.31746322621
mc/mc_infill_2_6_beta0_5,mc_infill_2_6_beta0_5_gid-166_20260718_193332,0.5,0.5,1.985919,-0.02088,455.525951804,1.18459879781,True,,,,,,3.11632195216
mc/mc_infill_2_6_beta0_5,mc_infill_2_6_beta0_5_gid-167_20260718_193332,0.5,0.5,1.242682,-0.007287,361.78396641,1.52823802268,True,,,,,,2.32543428435
mc/mc_infill_2_6_beta0_5,mc_infill_2_6_beta0_5_gid-168_20260718_193332,0.5,0.5,1.571222,-0.013437,414.304677035,1.34752889494,True,,,,,,2.67915283105
mc/mc_infill_2_6_beta0_5,mc_infill_2_6_beta0_5_gid-169_20260718_193332,0.5,0.5,1.857628,-0.01924,457.127603323,1.20009789607,True,,,,,,2.9382740941
mc/mc_infill_2_6_beta0_5,mc_infill_2_6_beta0_5_gid-16_20260718_194102,0.5,0.5,1.226575,-0.01858,647.820543101,0.833100705532,True,,,,,,1.18634615138
mc/mc_infill_2_6_beta0_5,mc_infill_2_6_beta0_5_gid-170_20260718_193332,0.5,0.5,1.609241,-0.013274,404.68187082,1.36828700571,True,,,,,,2.79364945648
mc/mc_infill_2_6_beta0_5,mc_infill_2_6_beta0_5_gid-171_20260718_193332,0.5,0.5,1.491909,-0.014528,451.305334142,1.26113843007,True,,,,,,2.37069806733
mc/mc_infill_2_6_beta0_5,mc_infill_2_6_beta0_5_gid-172_20260718_193332,0.5,0.5,1.421364,-0.008275,350.770938097,1.54226981142,True,,,,,,2.72047128879
mc/mc_infill_2_6_beta0_5,mc_infill_2_6_beta0_5_gid-173_20260718_194535,0.5,0.5,1.141979,-0.004168,324.486527999,1.65146721642,True,,,,,,2.34219598242
mc/mc_infill_2_6_beta0_5,mc_infill_2_6_beta0_5_gid-174_20260718_194535,0.5,0.5,1.008623,0.001384,257.718652921,1.88773248037,True,,,,,,2.50358418782
mc/mc_infill_2_6_beta0_5,mc_infill_2_6_beta0_5_gid-175_20260718_194535,0.5,0.5,1.056092,-0.00325,323.124582715,1.66258860859,True,,,,,,2.19348727619
mc/mc_infill_2_6_beta0_5,mc_infill_2_6_beta0_5_gid-176_20260718_194535,0.5,0.5,1.144803,-0.005308,343.698472761,1.59158787535,True,,,,,,2.24068352703
mc/mc_infill_2_6_beta0_5,mc_infill_2_6_beta0_5_gid-177_20260718_194535,0.5,0.5,1.88441,-0.018111,433.74338563,1.25511306555,True,,,,,,3.09387250756
mc/mc_infill_2_6_beta0_5,mc_infill_2_6_beta0_5_gid-179_20260718_194535,0.5,0.5,1.130216,-0.001777,287.734612454,1.77116382998,True,,,,,,2.53459897473
mc/mc_infill_2_6_beta0_5,mc_infill_2_6_beta0_5_gid-17_20260718_194033,0.5,0.5,1.155274,-0.017408,644.34487004,0.845582090167,True,,,,,,1.07787339892
mc/mc_infill_2_6_beta0_5,mc_infill_2_6_beta0_5_gid-180_20260718_194535,0.5,0.5,1.935369,-0.023462,513.774238632,1.05585768179,True,,,,,,2.79174538411
mc/mc_infill_2_6_beta0_5,mc_infill_2_6_beta0_5_gid-181_20260718_194535,0.5,0.5,1.154168,-0.002818,300.396025833,1.72683671609,True,,,,,,2.50177812261
mc/mc_infill_2_6_beta0_5,mc_infill_2_6_beta0_5_gid-182_20260718_194333,0.5,0.5,1.890411,-0.01951,454.352543077,1.20279819329,True,,,,,,3.00046892261
mc/mc_infill_2_6_beta0_5,mc_infill_2_6_beta0_5_gid-183_20260718_194333,0.5,0.5,1.337264,-0.009958,393.968513146,1.42795875944,True,,,,,,2.33886298532
mc/mc_infill_2_6_beta0_5,mc_infill_2_6_beta0_5_gid-184_20260718_194333,0.5,0.5,1.630876,-0.016933,466.401596686,1.20671982307,True,,,,,,2.54560628589
mc/mc_infill_2_6_beta0_5,mc_infill_2_6_beta0_5_gid-185_20260718_194333,0.5,0.5,1.442341,-0.010615,386.97091347,1.43624552678,True,,,,,,2.57321137189
mc/mc_infill_2_6_beta0_5,mc_infill_2_6_beta0_5_gid-186_20260718_194333,0.5,0.5,1.314603,-0.00634,334.155255445,1.60298427901,True,,,,,,2.60927371087
mc/mc_infill_2_6_beta0_5,mc_infill_2_6_beta0_5_gid-188_20260718_194333,0.5,0.5,1.826179,-0.01894,459.204256128,1.19989750396,True,,,,,,2.88517877273
mc/mc_infill_2_6_beta0_5,mc_infill_2_6_beta0_5_gid-189_20260718_194333,0.5,0.5,1.692415,-0.015849,433.642438007,1.28180019701,True,,,,,,2.79703443524
mc/mc_infill_2_6_beta0_5,mc_infill_2_6_beta0_5_gid-190_20260718_194333,0.5,0.5,1.343143,-0.007614,351.067469104,1.54988679833,True,,,,,,2.5699302427
mc/mc_infill_2_6_beta0_5,mc_infill_2_6_beta0_5_gid-191_20260718_194333,0.5,0.5,1.760242,-0.016234,427.093826863,1.28967972637,True,,,,,,2.93674787792
mc/mc_infill_2_6_beta0_5,mc_infill_2_6_beta0_5_gid-192_20260718_194333,0.5,0.5,1.233866,-0.004979,323.597923667,1.6446396605,True,,,,,,2.51602305806
mc/mc_infill_2_6_beta0_5,mc_infill_2_6_beta0_5_gid-193_20260718_194333,0.5,0.5,1.803381,-0.018542,457.29747105,1.20749551313,True,,,,,,2.86174879916
mc/mc_infill_2_6_beta0_5,mc_infill_2_6_beta0_5_gid-194_20260718_194333,0.5,0.5,1.37053,-0.01148,416.825470112,1.36290013364,True,,,,,,2.29975666127
mc/mc_infill_2_6_beta0_5,mc_infill_2_6_beta0_5_gid-195_20260718_194605,0.5,0.5,1.13358,-0.00323,309.969401012,1.69754011064,True,,,,,,2.40719746273
mc/mc_infill_2_6_beta0_5,mc_infill_2_6_beta0_5_gid-196_20260718_194605,0.5,0.5,1.634396,-0.014119,414.726513634,1.33861875816,True,,,,,,2.78882812636
mc/mc_infill_2_6_beta0_5,mc_infill_2_6_beta0_5_gid-197_20260718_194605,0.5,0.5,1.493473,-0.009701,363.683726043,1.4961148172,True,,,,,,2.78548327173
mc/mc_infill_2_6_beta0_5,mc_infill_2_6_beta0_5_gid-198_20260718_194610,0.5,0.5,1.271125,-0.009248,393.106129436,1.43565953666,True,,,,,,2.22118645364
mc/mc_infill_2_6_beta0_5,mc_infill_2_6_beta0_5_gid-199_20260718_194610,0.5,0.5,1.555552,-0.012786,405.684643098,1.37240467446,True,,,,,,2.69322935414
mc/mc_infill_2_6_beta0_5,mc_infill_2_6_beta0_5_gid-19_20260718_194033,0.5,0.5,1.38703,-0.024397,687.282742491,0.629576276462,True,,,,,,1.18211029174
mc/mc_infill_2_6_beta0_5,mc_infill_2_6_beta0_5_gid-200_20260718_194610,0.5,0.5,1.819649,-0.017858,442.115099892,1.24272054721,True,,,,,,2.95632314435
mc/mc_infill_2_6_beta0_5,mc_infill_2_6_beta0_5_gid-201_20260718_194505,0.5,0.5,1.149443,-0.000546,267.81925577,1.83815905244,True,,,,,,2.70062701463
mc/mc_infill_2_6_beta0_5,mc_infill_2_6_beta0_5_gid-202_20260718_194505,0.5,0.5,1.772871,-0.012177,364.286094167,1.45767309698,True,,,,,,3.2930219417
mc/mc_infill_2_6_beta0_5,mc_infill_2_6_beta0_5_gid-203_20260718_194505,0.5,0.5,1.290413,-0.003917,300.171990131,1.71371344675,True,,,,,,2.76423694745
mc/mc_infill_2_6_beta0_5,mc_infill_2_6_beta0_5_gid-204_20260718_194505,0.5,0.5,1.955551,-0.018352,423.332882006,1.26995788153,True,,,,,,3.24075419619
mc/mc_infill_2_6_beta0_5,mc_infill_2_6_beta0_5_gid-205_20260718_194505,0.5,0.5,1.874208,-0.012846,360.603270181,1.45265204367,True,,,,,,3.48767892451
mc/mc_infill_2_6_beta0_5,mc_infill_2_6_beta0_5_gid-206_20260718_194505,0.5,0.5,1.71791,-0.013507,391.016476384,1.39090068465,True,,,,,,3.05162792652
mc/mc_infill_2_6_beta0_5,mc_infill_2_6_beta0_5_gid-207_20260718_194505,0.5,0.5,1.872631,-0.016904,417.03364028,1.2992136486,True,,,,,,3.15937473797
mc/mc_infill_2_6_beta0_5,mc_infill_2_6_beta0_5_gid-208_20260718_194505,0.5,0.5,1.169588,-0.000569,266.025606795,1.84252100981,True,,,,,,2.75120816356
mc/mc_infill_2_6_beta0_5,mc_infill_2_6_beta0_5_gid-209_20260718_194505,0.5,0.5,1.898204,-0.015936,398.50756018,1.34395874582,True,,,,,,3.29539407455
mc/mc_infill_2_6_beta0_5,mc_infill_2_6_beta0_5_gid-20_20260718_194033,0.5,0.5,1.929851,-0.036565,784.418440049,0.474109113833,True,,,,,,1.70087777794
mc/mc_infill_2_6_beta0_5,mc_infill_2_6_beta0_5_gid-210_20260718_194505,0.5,0.5,1.160325,-0.00175,283.600147554,1.78242470538,True,,,,,,2.61770369553
mc/mc_infill_2_6_beta0_5,mc_infill_2_6_beta0_5_gid-211_20260718_194505,0.5,0.5,1.434275,-0.003847,286.276821297,1.7435887307,True,,,,,,3.14500813053
mc/mc_infill_2_6_beta0_5,mc_infill_2_6_beta0_5_gid-212_20260718_194505,0.5,0.5,1.531254,-0.008533,341.085179207,1.55818374087,True,,,,,,2.98691782202
mc/mc_infill_2_6_beta0_5,mc_infill_2_6_beta0_5_gid-213_20260718_194505,0.5,0.5,1.49867,-0.006943,321.930074602,1.62052708495,True,,,,,,3.04070148337
mc/mc_infill_2_6_beta0_5,mc_infill_2_6_beta0_5_gid-214_20260718_194505,0.5,0.5,1.826121,-0.013164,370.833544733,1.43104529858,True,,,,,,3.34394905559
mc/mc_infill_2_6_beta0_5,mc_infill_2_6_beta0_5_gid-215_20260718_194607,0.5,0.5,1.910545,-0.016726,407.734322766,1.31762241659,True,,,,,,3.26136300215
mc/mc_infill_2_6_beta0_5,mc_infill_2_6_beta0_5_gid-216_20260718_194607,0.5,0.5,1.669441,-0.013033,391.097304598,1.39738534911,True,,,,,,2.96758460507
mc/mc_infill_2_6_beta0_5,mc_infill_2_6_beta0_5_gid-217_20260718_194607,0.5,0.5,1.171121,0.00193,234.662106271,1.95848104359,True,,,,,,2.98169406021
mc/mc_infill_2_6_beta0_5,mc_infill_2_6_beta0_5_gid-218_20260718_194537,0.5,0.5,1.290146,-0.000512,255.214196638,1.86886930044,True,,,,,,3.06954760121
mc/mc_infill_2_6_beta0_5,mc_infill_2_6_beta0_5_gid-219_20260718_194537,0.5,0.5,1.840838,-0.0169,422.749890019,1.28902185042,True,,,,,,3.08327180395
mc/mc_infill_2_6_beta0_5,mc_infill_2_6_beta0_5_gid-21_20260718_194033,0.5,0.5,1.537792,-0.028403,795.166183026,0.547875058814,True,,,,,,1.2235126228
mc/mc_infill_2_6_beta0_5,mc_infill_2_6_beta0_5_gid-220_20260718_194537,0.5,0.5,1.67797,-0.008664,328.155977321,1.5781307395,True,,,,,,3.34889211141
mc/mc_infill_2_6_beta0_5,mc_infill_2_6_beta0_5_gid-221_20260718_194537,0.5,0.5,1.283835,-0.001714,270.673911886,1.814289993,True,,,,,,2.94589265049
mc/mc_infill_2_6_beta0_5,mc_infill_2_6_beta0_5_gid-222_20260718_194537,0.5,0.5,1.342373,-0.004298,300.187548883,1.70805760822,True,,,,,,2.86735486772
mc/mc_infill_2_6_beta0_5,mc_infill_2_6_beta0_5_gid-223_20260718_194537,0.5,0.5,1.318193,-0.004013,298.60638864,1.71577927461,True,,,,,,2.82921276987
mc/mc_infill_2_6_beta0_5,mc_infill_2_6_beta0_5_gid-224_20260718_194537,0.5,0.5,1.334734,-0.002594,277.856253158,1.78377397078,True,,,,,,2.99907536235
mc/mc_infill_2_6_beta0_5,mc_infill_2_6_beta0_5_gid-226_20260718_194604,0.5,0.5,1.337223,-0.001165,259.943820805,1.84648866939,True,,,,,,3.13195475038
mc/mc_infill_2_6_beta0_5,mc_infill_2_6_beta0_5_gid-227_20260718_194604,0.5,0.5,1.986411,-0.01709,399.9403095,1.32609595306,True,,,,,,3.41835255228
mc/mc_infill_2_6_beta0_5,mc_infill_2_6_beta0_5_gid-228_20260718_194606,0.5,0.5,1.307955,-0.004949,313.451920263,1.66912770933,True,,,,,,2.71753042037
mc/mc_infill_2_6_beta0_5,mc_infill_2_6_beta0_5_gid-229_20260718_194606,0.5,0.5,1.763485,-0.01448,398.739430265,1.36352698509,True,,,,,,3.08562465042
mc/mc_infill_2_6_beta0_5,mc_infill_2_6_beta0_5_gid-22_20260718_194033,0.5,0.5,1.877067,-0.035154,766.038052493,0.497947216508,True,,,,,,1.75019195374
mc/mc_infill_2_6_beta0_5,mc_infill_2_6_beta0_5_gid-230_20260718_194606,0.5,0.5,1.592924,-0.007631,322.427577017,1.60692724693,True,,,,,,3.22256298114
mc/mc_infill_2_6_beta0_5,mc_infill_2_6_beta0_5_gid-231_20260718_194608,0.5,0.5,1.237551,-0.003765,303.998534924,1.70642984239,True,,,,,,2.63814217234
mc/mc_infill_2_6_beta0_5,mc_infill_2_6_beta0_5_gid-232_20260718_194608,0.5,0.5,1.542826,-0.009518,354.366013713,1.5173894787,True,,,,,,2.93121902219
mc/mc_infill_2_6_beta0_5,mc_infill_2_6_beta0_5_gid-233_20260718_194608,0.5,0.5,1.677217,-0.01116,361.890736735,1.47798086631,True,,,,,,3.13700180214
mc/mc_infill_2_6_beta0_5,mc_infill_2_6_beta0_5_gid-234_20260718_194610,0.5,0.5,1.091313,0.002499,234.325871788,1.96776810828,True,,,,,,2.82617156536
mc/mc_infill_2_6_beta0_5,mc_infill_2_6_beta0_5_gid-235_20260718_194610,0.5,0.5,1.456579,-0.006334,317.526721274,1.6391794419,True,,,,,,2.98495258051
mc/mc_infill_2_6_beta0_5,mc_infill_2_6_beta0_5_gid-236_20260718_194610,0.5,0.5,1.218501,0.000275,250.851535088,1.89254249715,True,,,,,,2.9557835065
mc/mc_infill_2_6_beta0_5,mc_infill_2_6_beta0_5_gid-237_20260718_194610,0.5,0.5,1.927345,-0.015782,391.757201538,1.35755950082,True,,,,,,3.37965799366
mc/mc_infill_2_6_beta0_5,mc_infill_2_6_beta0_5_gid-238_20260718_194610,0.5,0.5,1.736831,-0.011974,365.973750487,1.45793592361,True,,,,,,3.21962901795
mc/mc_infill_2_6_beta0_5,mc_infill_2_6_beta0_5_gid-239_20260718_194610,0.5,0.5,1.801893,-0.015385,406.24794288,1.33796800632,True,,,,,,3.1077598677
mc/mc_infill_2_6_beta0_5,mc_infill_2_6_beta0_5_gid-23_20260718_194033,0.5,0.5,1.861376,-0.037189,897.693834892,0.360253853695,True,,,,,,1.49323893661
mc/mc_infill_2_6_beta0_5,mc_infill_2_6_beta0_5_gid-240_20260718_194609,0.5,0.5,1.262027,-0.001777,273.367542654,1.8072669004,True,,,,,,2.88319428977
mc/mc_infill_2_6_beta0_5,mc_infill_2_6_beta0_5_gid-241_20260718_194609,0.5,0.5,1.392194,-0.0069,332.978478366,1.59889105029,True,,,,,,2.76576212139
mc/mc_infill_2_6_beta0_5,mc_infill_2_6_beta0_5_gid-242_20260718_194610,0.5,0.5,1.040274,0.003596,225.816343803,2.00594285082,True,,,,,,2.79359916774
mc/mc_infill_2_6_beta0_5,mc_infill_2_6_beta0_5_gid-243_20260718_194610,0.5,0.5,1.234884,0.000988,241.182279708,1.92686699094,True,,,,,,3.06205454809
mc/mc_infill_2_6_beta0_5,mc_infill_2_6_beta0_5_gid-244_20260718_193405,0.5,0.5,1.849586,-0.012618,360.708797363,1.45623093748,True,,,,,,3.44615606895
mc/mc_infill_2_6_beta0_5,mc_infill_2_6_beta0_5_gid-245_20260718_193420,0.5,0.5,1.52727,-0.005562,301.140159241,1.68305599334,True,,,,,,3.23300703787
mc/mc_infill_2_6_beta0_5,mc_infill_2_6_beta0_5_gid-246_20260718_193405,0.5,0.5,1.13279,0.003337,221.418067367,2.01442863854,True,,,,,,3.00872711129
mc/mc_infill_2_6_beta0_5,mc_infill_2_6_beta0_5_gid-247_20260718_193405,0.5,0.5,1.976884,-0.015745,383.676431069,1.37153707351,True,,,,,,3.50267511675
mc/mc_infill_2_6_beta0_5,mc_infill_2_6_beta0_5_gid-248_20260718_193405,0.5,0.5,1.95266,-0.017335,409.143730589,1.30724751031,True,,,,,,3.31622144499
mc/mc_infill_2_6_beta0_5,mc_infill_2_6_beta0_5_gid-249_20260718_193405,0.5,0.5,1.777313,-0.011006,348.273520425,1.50325789771,True,,,,,,3.40084194855
mc/mc_infill_2_6_beta0_5,mc_infill_2_6_beta0_5_gid-24_20260718_194033,0.5,0.5,1.641102,-0.031335,779.017747288,0.493122378623,True,,,,,,1.2156732316
mc/mc_infill_2_6_beta0_5,mc_infill_2_6_beta0_5_gid-250_20260718_193405,0.5,0.5,1.6219,-0.011161,369.018796782,1.46507503684,True,,,,,,2.99986533795
mc/mc_infill_2_6_beta0_5,mc_infill_2_6_beta0_5_gid-251_20260718_193802,0.5,0.5,1.153515,0.004343,209.464818447,2.06099048828,True,,,,,,3.15065753035
mc/mc_infill_2_6_beta0_5,mc_infill_2_6_beta0_5_gid-252_20260718_193802,0.5,0.5,1.480681,-0.000614,247.193067969,1.87620710659,True,,,,,,3.53600847273
mc/mc_infill_2_6_beta0_5,mc_infill_2_6_beta0_5_gid-253_20260718_193802,0.5,0.5,1.428664,-0.001364,257.238154381,1.84577196877,True,,,,,,3.34572699507
mc/mc_infill_2_6_beta0_5,mc_infill_2_6_beta0_5_gid-254_20260718_193802,0.5,0.5,1.613022,-0.006627,308.012556056,1.64978732041,True,,,,,,3.35795650632
mc/mc_infill_2_6_beta0_5,mc_infill_2_6_beta0_5_gid-255_20260718_193802,0.5,0.5,1.336171,0.002417,221.200063157,1.9934807311,True,,,,,,3.43757931923
mc/mc_infill_2_6_beta0_5,mc_infill_2_6_beta0_5_gid-256_20260718_193803,0.5,0.5,1.134397,0.005976,194.373302244,2.12705752994,True,,,,,,3.24692501941
mc/mc_infill_2_6_beta0_5,mc_infill_2_6_beta0_5_gid-257_20260718_193803,0.5,0.5,1.100422,0.00517,204.029966978,2.08910542258,True,,,,,,3.09036742236
mc/mc_infill_2_6_beta0_5,mc_infill_2_6_beta0_5_gid-258_20260718_194607,0.5,0.5,1.769386,-0.0059,290.273826383,1.68563395713,True,,,,,,3.79223123664
mc/mc_infill_2_6_beta0_5,mc_infill_2_6_beta0_5_gid-259_20260718_194607,0.5,0.5,1.774493,-0.010069,336.776302822,1.53796407384,True,,,,,,3.47091192076
mc/mc_infill_2_6_beta0_5,mc_infill_2_6_beta0_5_gid-25_20260718_194033,0.5,0.5,1.829157,-0.033619,787.63763282,0.514437801285,True,,,,,,1.6226871483
mc/mc_infill_2_6_beta0_5,mc_infill_2_6_beta0_5_gid-260_20260718_194607,0.5,0.5,1.655809,-0.006738,306.275998919,1.64944214241,True,,,,,,3.45465099992
mc/mc_infill_2_6_beta0_5,mc_infill_2_6_beta0_5_gid-261_20260718_194607,0.5,0.5,1.45392,-0.001063,252.840269742,1.85861134342,True,,,,,,3.43465180352
mc/mc_infill_2_6_beta0_5,mc_infill_2_6_beta0_5_gid-262_20260718_194607,0.5,0.5,1.281652,0.00334,213.925912369,2.02900573051,True,,,,,,3.38230404071
mc/mc_infill_2_6_beta0_5,mc_infill_2_6_beta0_5_gid-263_20260718_194607,0.5,0.5,1.766301,-0.009072,325.469257719,1.57365923041,True,,,,,,3.53258718814
mc/mc_infill_2_6_beta0_5,mc_infill_2_6_beta0_5_gid-264_20260718_193805,0.5,0.5,1.579795,-0.004757,287.938587601,1.71987441986,True,,,,,,3.43293525363
mc/mc_infill_2_6_beta0_5,mc_infill_2_6_beta0_5_gid-265_20260718_193805,0.5,0.5,1.546451,-0.001747,256.668832668,1.83313012964,True,,,,,,3.60113540922
mc/mc_infill_2_6_beta0_5,mc_infill_2_6_beta0_5_gid-266_20260718_193805,0.5,0.5,1.953858,-0.011626,337.32759358,1.50823251411,True,,,,,,3.77139432137
mc/mc_infill_2_6_beta0_5,mc_infill_2_6_beta0_5_gid-267_20260718_193805,0.5,0.5,1.454076,-0.003054,275.281047711,1.77879448175,True,,,,,,3.26386851598
mc/mc_infill_2_6_beta0_5,mc_infill_2_6_beta0_5_gid-268_20260718_194433,0.5,0.5,1.954955,-0.013187,355.038534135,1.45579343545,True,,,,,,3.65411405215
mc/mc_infill_2_6_beta0_5,mc_infill_2_6_beta0_5_gid-269_20260718_194433,0.5,0.5,1.274488,0.001839,229.5134414,1.96749811703,True,,,,,,3.23591943735
mc/mc_infill_2_6_beta0_5,mc_infill_2_6_beta0_5_gid-26_20260718_194033,0.5,0.5,1.70964,-0.030935,773.446778651,0.534239128684,True,,,,,,1.66776432093
mc/mc_infill_2_6_beta0_5,mc_infill_2_6_beta0_5_gid-270_20260718_194433,0.5,0.5,1.816758,-0.009784,329.447636541,1.55383303975,True,,,,,,3.59671708553
mc/mc_infill_2_6_beta0_5,mc_infill_2_6_beta0_5_gid-271_20260718_194433,0.5,0.5,1.853543,-0.009811,326.513251311,1.55717383648,True,,,,,,3.68254728341
mc/mc_infill_2_6_beta0_5,mc_infill_2_6_beta0_5_gid-272_20260718_194433,0.5,0.5,1.79226,-0.009442,327.596588707,1.56324623846,True,,,,,,3.5654021506
mc/mc_infill_2_6_beta0_5,mc_infill_2_6_beta0_5_gid-273_20260718_194433,0.5,0.5,1.301723,0.003876,208.240219824,2.05024674544,True,,,,,,3.47706662765
mc/mc_infill_2_6_beta0_5,mc_infill_2_6_beta0_5_gid-274_20260718_194433,0.5,0.5,1.815561,-0.010864,342.496306473,1.51470428566,True,,,,,,3.50608410508
mc/mc_infill_2_6_beta0_5,mc_infill_2_6_beta0_5_gid-275_20260718_194433,0.5,0.5,1.401727,-0.001619,261.455686067,1.83367122168,True,,,,,,3.25605150623
mc/mc_infill_2_6_beta0_5,mc_infill_2_6_beta0_5_gid-276_20260718_194433,0.5,0.5,1.615414,-0.003664,274.080499655,1.76237165175,True,,,,,,3.61063906399
mc/mc_infill_2_6_beta0_5,mc_infill_2_6_beta0_5_gid-277_20260718_194433,0.5,0.5,1.017861,0.011468,152.746692159,2.33384347126,True,,,,,,3.44777127372
mc/mc_infill_2_6_beta0_5,mc_infill_2_6_beta0_5_gid-278_20260718_194433,0.5,0.5,1.609829,-0.00493,288.21464066,1.7149569178,True,,,,,,3.49250603861
mc/mc_infill_2_6_beta0_5,mc_infill_2_6_beta0_5_gid-279_20260718_194433,0.5,0.5,1.507976,-0.002895,270.536447563,1.78860175558,True,,,,,,3.41246505096
mc/mc_infill_2_6_beta0_5,mc_infill_2_6_beta0_5_gid-27_20260718_194033,0.5,0.5,1.368617,-0.023531,731.745896426,0.653813883691,True,,,,,,1.18715606659
mc/mc_infill_2_6_beta0_5,mc_infill_2_6_beta0_5_gid-280_20260718_194433,0.5,0.5,1.639657,-0.003678,273.229680421,1.76206033292,True,,,,,,3.66645894461
mc/mc_infill_2_6_beta0_5,mc_infill_2_6_beta0_5_gid-281_20260718_193204,0.5,0.5,1.827663,-0.006909,297.364174442,1.65339015089,True,,,,,,3.84684676746
mc/mc_infill_2_6_beta0_5,mc_infill_2_6_beta0_5_gid-282_20260718_193204,0.5,0.5,1.127686,0.004986,204.344861787,2.08505215373,True,,,,,,3.14257416052
mc/mc_infill_2_6_beta0_5,mc_infill_2_6_beta0_5_gid-283_20260718_193204,0.5,0.5,1.552875,-0.003966,280.365023269,1.7489747847,True,,,,,,3.43313911183
mc/mc_infill_2_6_beta0_5,mc_infill_2_6_beta0_5_gid-284_20260718_193204,0.5,0.5,1.991501,-0.012618,344.313229263,1.48122078293,True,,,,,,3.78045669768
mc/mc_infill_2_6_beta0_5,mc_infill_2_6_beta0_5_gid-285_20260718_193204,0.5,0.5,1.514987,-0.000736,247.41094413,1.8711263407,True,,,,,,3.60815673304
mc/mc_infill_2_6_beta0_5,mc_infill_2_6_beta0_5_gid-286_20260718_193204,0.5,0.5,1.933143,-0.0118,341.412005447,1.49938859569,True,,,,,,3.71241045879
mc/mc_infill_2_6_beta0_5,mc_infill_2_6_beta0_5_gid-287_20260718_193204,0.5,0.5,1.342031,0.000472,241.053275159,1.91567514879,True,,,,,,3.28801353514
mc/mc_infill_2_6_beta0_5,mc_infill_2_6_beta0_5_gid-288_20260718_193204,0.5,0.5,1.111658,0.006083,194.423007405,2.12913331916,True,,,,,,3.19980657927
mc/mc_infill_2_6_beta0_5,mc_infill_2_6_beta0_5_gid-289_20260718_194610,0.5,0.5,1.01725,0.008045,181.040492647,2.1979937794,True,,,,,,3.14001586959
mc/mc_infill_2_6_beta0_5,mc_infill_2_6_beta0_5_gid-28_20260718_194033,0.5,0.5,1.507402,-0.029797,820.421366818,0.485045692536,True,,,,,,1.05595843897
mc/mc_infill_2_6_beta0_5,mc_infill_2_6_beta0_5_gid-290_20260718_194610,0.5,0.5,1.691001,-0.007281,310.192671304,1.63200397614,True,,,,,,3.49614875698
mc/mc_infill_2_6_beta0_5,mc_infill_2_6_beta0_5_gid-291_20260718_194605,0.5,0.5,1.190428,0.00532,198.242803091,2.10454911936,True,,,,,,3.32830186976
mc/mc_infill_2_6_beta0_5,mc_infill_2_6_beta0_5_gid-292_20260718_194605,0.5,0.5,1.117706,0.008364,173.901321387,2.22111211886,True,,,,,,3.41579322438
mc/mc_infill_2_6_beta0_5,mc_infill_2_6_beta0_5_gid-293_20260718_194605,0.5,0.5,1.527406,-0.00221,262.193583339,1.81568105874,True,,,,,,3.51849151906
mc/mc_infill_2_6_beta0_5,mc_infill_2_6_beta0_5_gid-294_20260718_194605,0.5,0.5,1.314872,0.0031,215.213187302,2.0200617839,True,,,,,,3.44331791786
mc/mc_infill_2_6_beta0_5,mc_infill_2_6_beta0_5_gid-295_20260718_194233,0.5,0.5,1.961936,-0.010642,325.937590823,1.54159180168,True,,,,,,3.86361754438
mc/mc_infill_2_6_beta0_5,mc_infill_2_6_beta0_5_gid-296_20260718_194233,0.5,0.5,1.256869,0.004085,207.575634042,2.0579475008,True,,,,,,3.38515804212
mc/mc_infill_2_6_beta0_5,mc_infill_2_6_beta0_5_gid-297_20260718_194233,0.5,0.5,1.730651,-0.007254,307.129106353,1.63617171229,True,,,,,,3.59500086296
mc/mc_infill_2_6_beta0_5,mc_infill_2_6_beta0_5_gid-298_20260718_194233,0.5,0.5,1.435834,-0.000388,246.387039796,1.88466472873,True,,,,,,3.44633005491
mc/mc_infill_2_6_beta0_5,mc_infill_2_6_beta0_5_gid-299_20260718_194233,0.5,0.5,1.207061,0.006035,191.189409272,2.1334522399,True,,,,,,3.43105574095
mc/mc_infill_2_6_beta0_5,mc_infill_2_6_beta0_5_gid-29_20260718_194033,0.5,0.5,1.793745,-0.031419,758.754250076,0.601145824149,True,,,,,,1.73950076156
mc/mc_infill_2_6_beta0_5,mc_infill_2_6_beta0_5_gid-2_20260719_021354,0.5,0.5,1.893565,-0.034418,758.988322158,0.536807208972,True,,,,,,1.86931599281
mc/mc_infill_2_6_beta0_5,mc_infill_2_6_beta0_5_gid-300_20260718_194233,0.5,0.5,1.864047,-0.011264,342.362058959,1.50757496858,True,,,,,,3.59084513917
mc/mc_infill_2_6_beta0_5,mc_infill_2_6_beta0_5_gid-301_20260718_194233,0.5,0.5,1.902355,-0.006107,285.674155486,1.6807999481,True,,,,,,4.07521592949
mc/mc_infill_2_6_beta0_5,mc_infill_2_6_beta0_5_gid-302_20260718_194233,0.5,0.5,1.938239,-0.007318,294.8697241,1.64428581437,True,,,,,,4.06246593394
mc/mc_infill_2_6_beta0_5,mc_infill_2_6_beta0_5_gid-303_20260718_194606,0.5,0.5,1.99803,-0.006181,281.604768158,1.67925478271,True,,,,,,4.27807565087
mc/mc_infill_2_6_beta0_5,mc_infill_2_6_beta0_5_gid-304_20260718_194606,0.5,0.5,1.507373,0.00122,228.927234228,1.9425852504,True,,,,,,3.74890835474
mc/mc_infill_2_6_beta0_5,mc_infill_2_6_beta0_5_gid-305_20260718_194606,0.5,0.5,1.46166,0.005329,194.802458424,2.08902630331,True,,,,,,3.97618116166
mc/mc_infill_2_6_beta0_5,mc_infill_2_6_beta0_5_gid-306_20260718_194606,0.5,0.5,1.639157,-0.002222,258.670517493,1.81369632086,True,,,,,,3.78072257342
mc/mc_infill_2_6_beta0_5,mc_infill_2_6_beta0_5_gid-307_20260718_194606,0.5,0.5,1.069764,0.012307,145.490407996,2.36616970749,True,,,,,,3.64562626323
mc/mc_infill_2_6_beta0_5,mc_infill_2_6_beta0_5_gid-308_20260718_193733,0.5,0.5,1.619696,-0.000563,243.561536412,1.87198703451,True,,,,,,3.8673582205
mc/mc_infill_2_6_beta0_5,mc_infill_2_6_beta0_5_gid-309_20260718_193733,0.5,0.5,1.156733,0.010344,157.834292593,2.29457424993,True,,,,,,3.68156241789
mc/mc_infill_2_6_beta0_5,mc_infill_2_6_beta0_5_gid-310_20260718_193733,0.5,0.5,1.800319,-0.00174,251.1079574,1.8186133928,True,,,,,,4.18358568447
mc/mc_infill_2_6_beta0_5,mc_infill_2_6_beta0_5_gid-311_20260718_193733,0.5,0.5,1.89738,-0.004882,275.007351754,1.7181334604,True,,,,,,4.15731440272
mc/mc_infill_2_6_beta0_5,mc_infill_2_6_beta0_5_gid-312_20260718_193733,0.5,0.5,1.636342,-6e-06,238.411634998,1.88928998075,True,,,,,,3.94964598706
mc/mc_infill_2_6_beta0_5,mc_infill_2_6_beta0_5_gid-313_20260718_193733,0.5,0.5,1.779837,-0.001221,247.153085181,1.83631325567,True,,,,,,4.1782627131
mc/mc_infill_2_6_beta0_5,mc_infill_2_6_beta0_5_gid-314_20260718_193733,0.5,0.5,1.918461,-0.004646,272.197651396,1.72465886199,True,,,,,,4.2212780531
mc/mc_infill_2_6_beta0_5,mc_infill_2_6_beta0_5_gid-315_20260718_193733,0.5,0.5,1.840363,-0.005161,279.804630593,1.71039190347,True,,,,,,4.00979538177
mc/mc_infill_2_6_beta0_5,mc_infill_2_6_beta0_5_gid-316_20260718_193733,0.5,0.5,1.096224,0.009746,163.458562839,2.27305658925,True,,,,,,3.48482662183
mc/mc_infill_2_6_beta0_5,mc_infill_2_6_beta0_5_gid-317_20260718_193733,0.5,0.5,1.1961,0.010068,159.425955138,2.28262605568,True,,,,,,3.75101349126
mc/mc_infill_2_6_beta0_5,mc_infill_2_6_beta0_5_gid-318_20260718_193733,0.5,0.5,1.434274,0.003921,205.968957186,2.04450548823,True,,,,,,3.79755133211
mc/mc_infill_2_6_beta0_5,mc_infill_2_6_beta0_5_gid-319_20260718_193733,0.5,0.5,1.658681,-0.001598,252.328002338,1.83418611932,True,,,,,,3.87518203956
mc/mc_infill_2_6_beta0_5,mc_infill_2_6_beta0_5_gid-320_20260718_193733,0.5,0.5,1.273141,0.005925,190.655622542,2.12867639155,True,,,,,,3.58175370151
mc/mc_infill_2_6_beta0_5,mc_infill_2_6_beta0_5_gid-321_20260718_194534,0.5,0.5,1.910131,-0.003366,261.955606041,1.7623524013,True,,,,,,4.29994749058
mc/mc_infill_2_6_beta0_5,mc_infill_2_6_beta0_5_gid-322_20260718_194534,0.5,0.5,1.375475,0.007409,178.669205063,2.17134460468,True,,,,,,3.94734061133
mc/mc_infill_2_6_beta0_5,mc_infill_2_6_beta0_5_gid-323_20260718_194534,0.5,0.5,1.765836,-0.004687,278.355509122,1.72652000904,True,,,,,,3.87831682316
mc/mc_infill_2_6_beta0_5,mc_infill_2_6_beta0_5_gid-324_20260718_194534,0.5,0.5,1.813383,-0.00419,271.935894027,1.74173241106,True,,,,,,4.02410362783
mc/mc_infill_2_6_beta0_5,mc_infill_2_6_beta0_5_gid-325_20260718_194534,0.5,0.5,1.427963,0.002228,220.875639519,1.98414344714,True,,,,,,3.64338061995
mc/mc_infill_2_6_beta0_5,mc_infill_2_6_beta0_5_gid-326_20260718_194534,0.5,0.5,1.66848,0.000684,232.386034232,1.90820340678,True,,,,,,4.07745523049
mc/mc_infill_2_6_beta0_5,mc_infill_2_6_beta0_5_gid-327_20260718_194534,0.5,0.5,1.091929,0.014597,130.872354637,2.44285024909,True,,,,,,3.89626997909
mc/mc_infill_2_6_beta0_5,mc_infill_2_6_beta0_5_gid-328_20260718_194534,0.5,0.5,1.741762,3.9e-05,237.321212716,1.87901020256,True,,,,,,4.19127147218
mc/mc_infill_2_6_beta0_5,mc_infill_2_6_beta0_5_gid-329_20260718_194534,0.5,0.5,1.585847,0.00247,217.892685281,1.9766502504,True,,,,,,4.03127751041
mc/mc_infill_2_6_beta0_5,mc_infill_2_6_beta0_5_gid-32_20260718_194033,0.5,0.5,1.960586,-0.038525,874.749985952,0.348043426174,True,,,,,,1.66995973917
mc/mc_infill_2_6_beta0_5,mc_infill_2_6_beta0_5_gid-330_20260718_194534,0.5,0.5,1.151964,0.013207,138.997651699,2.39240576159,True,,,,,,3.91593599398
mc/mc_infill_2_6_beta0_5,mc_infill_2_6_beta0_5_gid-331_20260718_194534,0.5,0.5,1.696923,-0.002797,262.594104946,1.79165327803,True,,,,,,3.86856412061
mc/mc_infill_2_6_beta0_5,mc_infill_2_6_beta0_5_gid-332_20260718_194534,0.5,0.5,1.602743,0.00075,232.153594343,1.91784444024,True,,,,,,3.93268271438
mc/mc_infill_2_6_beta0_5,mc_infill_2_6_beta0_5_gid-333_20260718_194614,0.5,0.5,1.793386,-0.005429,284.399267385,1.70182302713,True,,,,,,3.88333867148
mc/mc_infill_2_6_beta0_5,mc_infill_2_6_beta0_5_gid-334_20260718_194606,0.5,0.5,1.070974,0.01338,138.441271293,2.40342936285,True,,,,,,3.74201855573
mc/mc_infill_2_6_beta0_5,mc_infill_2_6_beta0_5_gid-335_20260718_194605,0.5,0.5,1.876642,-0.003603,264.833173823,1.75721670484,True,,,,,,4.20905367254
mc/mc_infill_2_6_beta0_5,mc_infill_2_6_beta0_5_gid-336_20260718_194605,0.5,0.5,1.459762,0.002969,213.916463213,2.00851156128,True,,,,,,3.77945502613
mc/mc_infill_2_6_beta0_5,mc_infill_2_6_beta0_5_gid-337_20260718_194605,0.5,0.5,1.553029,-0.000192,241.25958698,1.88936419301,True,,,,,,3.74192746746
mc/mc_infill_2_6_beta0_5,mc_infill_2_6_beta0_5_gid-338_20260718_194616,0.5,0.5,1.188276,0.007611,178.238900887,2.19373966218,True,,,,,,3.52150297245
mc/mc_infill_2_6_beta0_5,mc_infill_2_6_beta0_5_gid-339_20260718_194616,0.5,0.5,1.124689,0.010202,159.360541599,2.29027082829,True,,,,,,3.59298331142
mc/mc_infill_2_6_beta0_5,mc_infill_2_6_beta0_5_gid-340_20260718_194605,0.5,0.5,1.943078,-0.005768,280.731767816,1.69113382217,True,,,,,,4.19023945113
mc/mc_infill_2_6_beta0_5,mc_infill_2_6_beta0_5_gid-341_20260718_194536,0.5,0.5,1.741377,-0.003368,266.672869817,1.77079877241,True,,,,,,3.92531201608
mc/mc_infill_2_6_beta0_5,mc_infill_2_6_beta0_5_gid-342_20260718_194536,0.5,0.5,1.965797,-0.004377,268.272917796,1.73098306704,True,,,,,,4.34385990101
mc/mc_infill_2_6_beta0_5,mc_infill_2_6_beta0_5_gid-343_20260718_194536,0.5,0.5,1.482354,0.005253,195.55766643,2.08326549359,True,,,,,,4.01751049748
mc/mc_infill_2_6_beta0_5,mc_infill_2_6_beta0_5_gid-344_20260718_194536,0.5,0.5,1.775215,-0.002539,258.334154662,1.79580369897,True,,,,,,4.06614133144
mc/mc_infill_2_6_beta0_5,mc_infill_2_6_beta0_5_gid-345_20260718_194536,0.5,0.5,1.84605,-0.00307,261.203892599,1.77490402792,True,,,,,,4.18252444362
mc/mc_infill_2_6_beta0_5,mc_infill_2_6_beta0_5_gid-346_20260718_194536,0.5,0.5,1.284075,0.00677,183.562776143,2.15914241832,True,,,,,,3.67948160724
mc/mc_infill_2_6_beta0_5,mc_infill_2_6_beta0_5_gid-347_20260718_193747,0.5,0.5,1.69247,0.000625,232.8018632,1.9033295865,True,,,,,,4.12682268528
mc/mc_infill_2_6_beta0_5,mc_infill_2_6_beta0_5_gid-348_20260718_193749,0.5,0.5,1.009429,0.016533,120.559947457,2.50960447824,True,,,,,,3.87376873135
mc/mc_infill_2_6_beta0_5,mc_infill_2_6_beta0_5_gid-349_20260718_194303,0.5,0.5,1.570232,0.00119,228.578185539,1.93601877098,True,,,,,,3.89295031701
mc/mc_infill_2_6_beta0_5,mc_infill_2_6_beta0_5_gid-34_20260718_194102,0.5,0.5,1.857516,-0.035497,835.454181692,0.423775582281,True,,,,,,1.60353852045
mc/mc_infill_2_6_beta0_5,mc_infill_2_6_beta0_5_gid-350_20260718_192931,0.5,0.5,1.647415,0.001934,222.360889865,1.95060329595,True,,,,,,4.12831772058
mc/mc_infill_2_6_beta0_5,mc_infill_2_6_beta0_5_gid-351_20260718_192931,0.5,0.5,1.168515,0.017558,115.909988282,2.52175585981,True,,,,,,4.32404347624
mc/mc_infill_2_6_beta0_5,mc_infill_2_6_beta0_5_gid-352_20260718_193102,0.5,0.5,1.063424,0.019886,104.154330395,2.60458728659,True,,,,,,4.28774823308
mc/mc_infill_2_6_beta0_5,mc_infill_2_6_beta0_5_gid-353_20260718_193102,0.5,0.5,1.995321,-0.002544,253.552911382,1.77963804749,True,,,,,,4.54342889444
mc/mc_infill_2_6_beta0_5,mc_infill_2_6_beta0_5_gid-354_20260718_194448,0.5,0.5,1.386731,0.010226,159.98756294,2.25925409551,True,,,,,,4.20517818495
mc/mc_infill_2_6_beta0_5,mc_infill_2_6_beta0_5_gid-355_20260718_191107,0.5,0.5,1.720075,0.002948,215.430714466,1.96899499464,True,,,,,,4.36896355939
mc/mc_infill_2_6_beta0_5,mc_infill_2_6_beta0_5_gid-356_20260718_191107,0.5,0.5,1.149319,0.015074,128.249334028,2.45188583795,True,,,,,,4.06994948751
mc/mc_infill_2_6_beta0_5,mc_infill_2_6_beta0_5_gid-357_20260718_194414,0.5,0.5,1.864447,0.000598,232.879374403,1.87853012425,True,,,,,,4.50149467202
mc/mc_infill_2_6_beta0_5,mc_infill_2_6_beta0_5_gid-358_20260718_194414,0.5,0.5,1.44741,0.01042,160.359586135,2.25058125105,True,,,,,,4.35715134653
mc/mc_infill_2_6_beta0_5,mc_infill_2_6_beta0_5_gid-359_20260718_194414,0.5,0.5,1.098548,0.0167,119.396446719,2.50792793937,True,,,,,,4.09326911109
mc/mc_infill_2_6_beta0_5,mc_infill_2_6_beta0_5_gid-35_20260718_193834,0.5,0.5,1.785859,-0.035485,891.541016434,0.367835302951,True,,,,,,1.45756461868
mc/mc_infill_2_6_beta0_5,mc_infill_2_6_beta0_5_gid-360_20260718_194414,0.5,0.5,1.179851,0.014112,133.804580369,2.41783405925,True,,,,,,4.05798091496
mc/mc_infill_2_6_beta0_5,mc_infill_2_6_beta0_5_gid-361_20260718_194414,0.5,0.5,1.852659,0.001834,224.391232918,1.913946109,True,,,,,,4.569957052
mc/mc_infill_2_6_beta0_5,mc_infill_2_6_beta0_5_gid-362_20260718_194414,0.5,0.5,1.599532,0.007266,184.06214024,2.12011824146,True,,,,,,4.44198554941
mc/mc_infill_2_6_beta0_5,mc_infill_2_6_beta0_5_gid-363_20260718_194414,0.5,0.5,1.519672,0.007878,177.995683193,2.15764356568,True,,,,,,4.31380125691
mc/mc_infill_2_6_beta0_5,mc_infill_2_6_beta0_5_gid-364_20260718_194414,0.5,0.5,1.65434,0.002238,220.038691745,1.959033552,True,,,,,,4.16778682202
mc/mc_infill_2_6_beta0_5,mc_infill_2_6_beta0_5_gid-365_20260718_194414,0.5,0.5,1.519547,0.005304,195.616560757,2.07851557621,True,,,,,,4.10711247035
mc/mc_infill_2_6_beta0_5,mc_infill_2_6_beta0_5_gid-366_20260718_194414,0.5,0.5,1.147634,0.018209,112.574576808,2.54399145043,True,,,,,,4.33250902715
mc/mc_infill_2_6_beta0_5,mc_infill_2_6_beta0_5_gid-367_20260718_194414,0.5,0.5,1.9907,-0.000382,238.809398454,1.83622148063,True,,,,,,4.69436912188
mc/mc_infill_2_6_beta0_5,mc_infill_2_6_beta0_5_gid-368_20260718_194414,0.5,0.5,1.906681,-0.003042,259.475283546,1.77190385965,True,,,,,,4.3169712885
mc/mc_infill_2_6_beta0_5,mc_infill_2_6_beta0_5_gid-369_20260718_194414,0.5,0.5,1.002036,0.017999,112.926651648,2.55577549861,True,,,,,,3.98476572641
mc/mc_infill_2_6_beta0_5,mc_infill_2_6_beta0_5_gid-36_20260718_193834,0.5,0.5,1.360578,-0.024936,766.367627236,0.563724357259,True,,,,,,1.07747167919
mc/mc_infill_2_6_beta0_5,mc_infill_2_6_beta0_5_gid-370_20260718_193744,0.5,0.5,1.001596,0.020826,99.8330882502,2.63819612744,True,,,,,,4.23097031004
mc/mc_infill_2_6_beta0_5,mc_infill_2_6_beta0_5_gid-371_20260718_193744,0.5,0.5,1.882143,-0.002342,254.492805766,1.79383609484,True,,,,,,4.31680103533
mc/mc_infill_2_6_beta0_5,mc_infill_2_6_beta0_5_gid-372_20260718_194244,0.5,0.5,1.756772,0.000337,234.935911428,1.88610134095,True,,,,,,4.24754484152
mc/mc_infill_2_6_beta0_5,mc_infill_2_6_beta0_5_gid-373_20260718_194244,0.5,0.5,1.095606,0.014995,128.576420765,2.45535624038,True,,,,,,3.93906051666
mc/mc_infill_2_6_beta0_5,mc_infill_2_6_beta0_5_gid-374_20260718_194241,0.5,0.5,1.590976,0.003683,208.513968767,2.01461072564,True,,,,,,4.13941193225
mc/mc_infill_2_6_beta0_5,mc_infill_2_6_beta0_5_gid-375_20260718_194241,0.5,0.5,1.537929,0.007178,182.991700296,2.13250280508,True,,,,,,4.29859964379
mc/mc_infill_2_6_beta0_5,mc_infill_2_6_beta0_5_gid-376_20260718_194241,0.5,0.5,1.034502,0.01699,117.922806403,2.52277357197,True,,,,,,3.97116286903
mc/mc_infill_2_6_beta0_5,mc_infill_2_6_beta0_5_gid-377_20260718_194241,0.5,0.5,1.425932,0.007741,176.932277456,2.17359742283,True,,,,,,4.0911645995
mc/mc_infill_2_6_beta0_5,mc_infill_2_6_beta0_5_gid-378_20260718_194241,0.5,0.5,1.87313,0.001833,224.520576617,1.91043397912,True,,,,,,4.61335966005
mc/mc_infill_2_6_beta0_5,mc_infill_2_6_beta0_5_gid-379_20260718_194445,0.5,0.5,1.251991,0.01147,150.155578641,2.32344421513,True,,,,,,3.99990574094
mc/mc_infill_2_6_beta0_5,mc_infill_2_6_beta0_5_gid-37_20260718_193837,0.5,0.5,1.892464,-0.035939,819.611035926,0.449129194957,True,,,,,,1.70801154405
mc/mc_infill_2_6_beta0_5,mc_infill_2_6_beta0_5_gid-380_20260718_194239,0.5,0.5,1.36584,0.011825,149.965952982,2.31215994879,True,,,,,,4.28911295489
mc/mc_infill_2_6_beta0_5,mc_infill_2_6_beta0_5_gid-381_20260718_194239,0.5,0.5,1.552519,0.005493,194.773100096,2.0781648546,True,,,,,,4.19682605643
mc/mc_infill_2_6_beta0_5,mc_infill_2_6_beta0_5_gid-382_20260718_194239,0.5,0.5,1.072868,0.015332,126.750176466,2.46789998052,True,,,,,,3.91570603897
mc/mc_infill_2_6_beta0_5,mc_infill_2_6_beta0_5_gid-383_20260718_194433,0.5,0.5,1.837929,-0.001244,246.628130601,1.82974002867,True,,,,,,4.30417546443
mc/mc_infill_2_6_beta0_5,mc_infill_2_6_beta0_5_gid-384_20260718_194433,0.5,0.5,1.829426,0.003309,214.511044961,1.95761461036,True,,,,,,4.63245309075
mc/mc_infill_2_6_beta0_5,mc_infill_2_6_beta0_5_gid-385_20260718_194433,0.5,0.5,1.822515,-9.9e-05,238.027496031,1.86469492367,True,,,,,,4.35805428178
mc/mc_infill_2_6_beta0_5,mc_infill_2_6_beta0_5_gid-386_20260718_194433,0.5,0.5,1.54938,0.008191,176.84336293,2.15949378093,True,,,,,,4.40472408638
mc/mc_infill_2_6_beta0_5,mc_infill_2_6_beta0_5_gid-387_20260718_194433,0.5,0.5,1.956482,-0.001935,250.006205675,1.79899334732,True,,,,,,4.50682264576
mc/mc_infill_2_6_beta0_5,mc_infill_2_6_beta0_5_gid-388_20260718_194433,0.5,0.5,1.577158,0.005938,192.169448197,2.08655693148,True,,,,,,4.28742960267
mc/mc_infill_2_6_beta0_5,mc_infill_2_6_beta0_5_gid-389_20260718_194232,0.5,0.5,1.496984,0.008905,170.922571304,2.19359779956,True,,,,,,4.34552772066
mc/mc_infill_2_6_beta0_5,mc_infill_2_6_beta0_5_gid-38_20260718_193834,0.5,0.5,1.744731,-0.031337,757.403770091,0.56576795456,True,,,,,,1.659315499
mc/mc_infill_2_6_beta0_5,mc_infill_2_6_beta0_5_gid-390_20260718_194233,0.5,0.5,1.271202,0.014924,130.839076952,2.42488066336,True,,,,,,4.33286917572
mc/mc_infill_2_6_beta0_5,mc_infill_2_6_beta0_5_gid-391_20260718_194248,0.5,0.5,1.479196,0.005852,191.080100616,2.10326341839,True,,,,,,4.05934409008
mc/mc_infill_2_6_beta0_5,mc_infill_2_6_beta0_5_gid-392_20260718_194236,0.5,0.5,1.862268,-0.001696,249.802607712,1.81421878066,True,,,,,,4.32272366379
mc/mc_infill_2_6_beta0_5,mc_infill_2_6_beta0_5_gid-393_20260718_194233,0.5,0.5,1.519694,0.009182,169.903431828,2.1957976901,True,,,,,,4.41807217189
mc/mc_infill_2_6_beta0_5,mc_infill_2_6_beta0_5_gid-394_20260718_194233,0.5,0.5,1.015178,0.016693,119.634915217,2.51448894671,True,,,,,,3.90097686485
mc/mc_infill_2_6_beta0_5,mc_infill_2_6_beta0_5_gid-395_20260718_194438,0.5,0.5,1.001405,0.019195,107.118440281,2.59165643712,True,,,,,,4.08865340578
mc/mc_infill_2_6_beta0_5,mc_infill_2_6_beta0_5_gid-396_20260718_194438,0.5,0.5,1.742608,0.003534,211.702440769,1.98135257041,True,,,,,,4.46337652397
mc/mc_infill_2_6_beta0_5,mc_infill_2_6_beta0_5_gid-397_20260718_194438,0.5,0.5,1.693747,0.00608,194.127068828,2.06313810112,True,,,,,,4.55449961815
mc/mc_infill_2_6_beta0_5,mc_infill_2_6_beta0_5_gid-398_20260718_194318,0.5,0.5,1.054969,0.018045,112.569915574,2.55298634298,True,,,,,,4.11014581933
mc/mc_infill_2_6_beta0_5,mc_infill_2_6_beta0_5_gid-399_20260718_194406,0.5,0.5,1.894358,0.001806,224.811026662,1.90614079967,True,,,,,,4.65616087403
mc/mc_infill_2_6_beta0_5,mc_infill_2_6_beta0_5_gid-39_20260718_193834,0.5,0.5,1.647973,-0.032651,810.767648042,0.432238851022,True,,,,,,1.34984210359
mc/mc_infill_2_6_beta0_5,mc_infill_2_6_beta0_5_gid-3_20260719_021346,0.5,0.5,1.84106,-0.036242,881.078613415,0.339358208438,True,,,,,,1.5543208967
mc/mc_infill_2_6_beta0_5,mc_infill_2_6_beta0_5_gid-400_20260718_194406,0.5,0.5,1.554755,0.004317,203.357140139,2.04089305537,True,,,,,,4.10795104776
mc/mc_infill_2_6_beta0_5,mc_infill_2_6_beta0_5_gid-401_20260718_194406,0.5,0.5,1.959966,0.00394,212.521039823,1.94700117592,True,,,,,,4.95177788363
mc/mc_infill_2_6_beta0_5,mc_infill_2_6_beta0_5_gid-402_20260718_194303,0.5,0.5,1.934832,0.003461,214.967104117,1.94047221494,True,,,,,,4.86450989851
mc/mc_infill_2_6_beta0_5,mc_infill_2_6_beta0_5_gid-403_20260718_194313,0.5,0.5,1.105982,0.021908,96.4880466,2.65039951653,True,,,,,,4.55452772305
mc/mc_infill_2_6_beta0_5,mc_infill_2_6_beta0_5_gid-404_20260718_194303,0.5,0.5,1.4307,0.013434,143.260796027,2.3401058737,True,,,,,,4.5637657847
mc/mc_infill_2_6_beta0_5,mc_infill_2_6_beta0_5_gid-405_20260718_194303,0.5,0.5,1.203282,0.020706,103.244954702,2.59678641467,True,,,,,,4.66509991287
mc/mc_infill_2_6_beta0_5,mc_infill_2_6_beta0_5_gid-406_20260718_194302,0.5,0.5,1.067998,0.021038,99.3626629383,2.63506833335,True,,,,,,4.39678402102
mc/mc_infill_2_6_beta0_5,mc_infill_2_6_beta0_5_gid-407_20260718_194302,0.5,0.5,1.302312,0.016513,123.91815508,2.46097449629,True,,,,,,4.53336011877
mc/mc_infill_2_6_beta0_5,mc_infill_2_6_beta0_5_gid-408_20260718_194303,0.5,0.5,1.304859,0.018925,113.502230917,2.52245793743,True,,,,,,4.73742889945
mc/mc_infill_2_6_beta0_5,mc_infill_2_6_beta0_5_gid-409_20260718_194308,0.5,0.5,1.184349,0.019253,108.666763184,2.56442978283,True,,,,,,4.50194946239
mc/mc_infill_2_6_beta0_5,mc_infill_2_6_beta0_5_gid-40_20260718_193904,0.5,0.5,1.327787,-0.021412,688.281458325,0.736489558333,True,,,,,,1.29179442421
mc/mc_infill_2_6_beta0_5,mc_infill_2_6_beta0_5_gid-410_20260718_194308,0.5,0.5,1.712194,0.008487,180.630951877,2.12174469944,True,,,,,,4.78002275646
mc/mc_infill_2_6_beta0_5,mc_infill_2_6_beta0_5_gid-411_20260718_194324,0.5,0.5,1.742522,0.005361,199.86411598,2.03164194867,True,,,,,,4.60392078721
mc/mc_infill_2_6_beta0_5,mc_infill_2_6_beta0_5_gid-412_20260718_194236,0.5,0.5,1.838866,0.006635,195.028277968,2.03979530983,True,,,,,,4.90419077977
mc/mc_infill_2_6_beta0_5,mc_infill_2_6_beta0_5_gid-413_20260718_194236,0.5,0.5,1.006625,0.023927,87.7941751011,2.71894872934,True,,,,,,4.51077251268
mc/mc_infill_2_6_beta0_5,mc_infill_2_6_beta0_5_gid-414_20260718_194236,0.5,0.5,1.730872,0.007915,184.471325874,2.10167574611,True,,,,,,4.77551823386
mc/mc_infill_2_6_beta0_5,mc_infill_2_6_beta0_5_gid-415_20260718_194236,0.5,0.5,1.411133,0.012468,147.6695572,2.3190747096,True,,,,,,4.4425055415
mc/mc_infill_2_6_beta0_5,mc_infill_2_6_beta0_5_gid-416_20260718_194236,0.5,0.5,1.030542,0.024835,84.9323014024,2.73692816081,True,,,,,,4.64096988265
mc/mc_infill_2_6_beta0_5,mc_infill_2_6_beta0_5_gid-417_20260718_194236,0.5,0.5,1.441842,0.011805,152.290435426,2.29181115269,True,,,,,,4.45670479032
mc/mc_infill_2_6_beta0_5,mc_infill_2_6_beta0_5_gid-418_20260718_194236,0.5,0.5,1.20026,0.018473,112.37784421,2.53996133038,True,,,,,,4.47153817609
mc/mc_infill_2_6_beta0_5,mc_infill_2_6_beta0_5_gid-419_20260718_194236,0.5,0.5,1.818503,0.006869,193.142692562,2.05094602935,True,,,,,,4.87955700328
mc/mc_infill_2_6_beta0_5,mc_infill_2_6_beta0_5_gid-41_20260718_193834,0.5,0.5,1.404769,-0.02493,722.370952515,0.609282368831,True,,,,,,1.07652121944
mc/mc_infill_2_6_beta0_5,mc_infill_2_6_beta0_5_gid-420_20260718_194437,0.5,0.5,1.615404,0.009876,169.2962038,2.18730349694,True,,,,,,4.68159347455
mc/mc_infill_2_6_beta0_5,mc_infill_2_6_beta0_5_gid-421_20260718_194437,0.5,0.5,1.553082,0.011719,156.927379358,2.2555873448,True,,,,,,4.69251125444
mc/mc_infill_2_6_beta0_5,mc_infill_2_6_beta0_5_gid-422_20260718_194209,0.5,0.5,1.784521,0.007541,188.374373545,2.07691058148,True,,,,,,4.85971390033
mc/mc_infill_2_6_beta0_5,mc_infill_2_6_beta0_5_gid-423_20260718_194209,0.5,0.5,1.720802,0.009711,174.429208592,2.14972516456,True,,,,,,4.8923877949
mc/mc_infill_2_6_beta0_5,mc_infill_2_6_beta0_5_gid-424_20260718_194209,0.5,0.5,1.38068,0.014139,137.928081273,2.37420214998,True,,,,,,4.51117967174
mc/mc_infill_2_6_beta0_5,mc_infill_2_6_beta0_5_gid-425_20260718_194209,0.5,0.5,1.037676,0.021525,97.115709144,2.65269545352,True,,,,,,4.37161045449
mc/mc_infill_2_6_beta0_5,mc_infill_2_6_beta0_5_gid-426_20260718_194209,0.5,0.5,1.026838,0.026279,80.2524371663,2.77103883888,True,,,,,,4.75721571058
mc/mc_infill_2_6_beta0_5,mc_infill_2_6_beta0_5_gid-427_20260718_194209,0.5,0.5,1.144574,0.021577,98.4884209575,2.63344429728,True,,,,,,4.61065328173
mc/mc_infill_2_6_beta0_5,mc_infill_2_6_beta0_5_gid-428_20260718_194232,0.5,0.5,1.648415,0.011315,163.123135397,2.21341641047,True,,,,,,4.86411908797
mc/mc_infill_2_6_beta0_5,mc_infill_2_6_beta0_5_gid-429_20260718_194232,0.5,0.5,1.06147,0.025134,84.4154195162,2.73772786469,True,,,,,,4.73320979409
mc/mc_infill_2_6_beta0_5,mc_infill_2_6_beta0_5_gid-42_20260718_193834,0.5,0.5,1.567419,-0.030088,806.315267892,0.51476219672,True,,,,,,1.1563940209
mc/mc_infill_2_6_beta0_5,mc_infill_2_6_beta0_5_gid-430_20260718_194233,0.5,0.5,1.437211,0.016402,129.472487205,2.41491360991,True,,,,,,4.81699671317
mc/mc_infill_2_6_beta0_5,mc_infill_2_6_beta0_5_gid-431_20260718_194233,0.5,0.5,1.322213,0.018393,116.318752856,2.50364722519,True,,,,,,4.73124759996
mc/mc_infill_2_6_beta0_5,mc_infill_2_6_beta0_5_gid-432_20260718_194233,0.5,0.5,1.828064,0.003474,213.440498869,1.9622549155,True,,,,,,4.64209227972
mc/mc_infill_2_6_beta0_5,mc_infill_2_6_beta0_5_gid-433_20260718_194233,0.5,0.5,1.075218,0.023526,90.0662097345,2.6967999627,True,,,,,,4.6254478759
mc/mc_infill_2_6_beta0_5,mc_infill_2_6_beta0_5_gid-434_20260718_194232,0.5,0.5,1.871877,0.003027,216.850356379,1.94186111426,True,,,,,,4.70081135502
mc/mc_infill_2_6_beta0_5,mc_infill_2_6_beta0_5_gid-435_20260718_194434,0.5,0.5,1.319118,0.01562,128.651634305,2.43215731219,True,,,,,,4.49681433176
mc/mc_infill_2_6_beta0_5,mc_infill_2_6_beta0_5_gid-436_20260718_194434,0.5,0.5,1.2547,0.019943,107.733550863,2.56318616964,True,,,,,,4.71302654807
mc/mc_infill_2_6_beta0_5,mc_infill_2_6_beta0_5_gid-437_20260718_194433,0.5,0.5,1.084986,0.022154,95.2174034463,2.66087938764,True,,,,,,4.52959633902
mc/mc_infill_2_6_beta0_5,mc_infill_2_6_beta0_5_gid-438_20260718_194433,0.5,0.5,1.41187,0.014256,138.439989157,2.36803742373,True,,,,,,4.58905977371
mc/mc_infill_2_6_beta0_5,mc_infill_2_6_beta0_5_gid-439_20260718_194108,0.5,0.5,1.89223,0.00381,212.347629458,1.95764182299,True,,,,,,4.80231304437
mc/mc_infill_2_6_beta0_5,mc_infill_2_6_beta0_5_gid-440_20260718_194108,0.5,0.5,1.153133,0.018844,109.819009816,2.56037219771,True,,,,,,4.39850379159
mc/mc_infill_2_6_beta0_5,mc_infill_2_6_beta0_5_gid-441_20260718_194108,0.5,0.5,1.872976,0.004424,208.395455515,1.97707040218,True,,,,,,4.80837427789
mc/mc_infill_2_6_beta0_5,mc_infill_2_6_beta0_5_gid-442_20260718_194108,0.5,0.5,1.537793,0.012929,150.131978798,2.29206224512,True,,,,,,4.75541310585
mc/mc_infill_2_6_beta0_5,mc_infill_2_6_beta0_5_gid-443_20260718_194108,0.5,0.5,1.47809,0.013524,144.64785216,2.3274980673,True,,,,,,4.67414028895
mc/mc_infill_2_6_beta0_5,mc_infill_2_6_beta0_5_gid-444_20260718_194108,0.5,0.5,1.445581,0.01531,134.745888925,2.38456427797,True,,,,,,4.74718514916
mc/mc_infill_2_6_beta0_5,mc_infill_2_6_beta0_5_gid-445_20260718_194108,0.5,0.5,1.007413,0.026037,80.7457287256,2.76921352882,True,,,,,,4.69475155287
mc/mc_infill_2_6_beta0_5,mc_infill_2_6_beta0_5_gid-446_20260718_194108,0.5,0.5,1.404351,0.017344,123.983546954,2.44983308131,True,,,,,,4.82256710396
mc/mc_infill_2_6_beta0_5,mc_infill_2_6_beta0_5_gid-447_20260718_194108,0.5,0.5,1.047855,0.024101,87.6529763932,2.7161310662,True,,,,,,4.61536553875
mc/mc_infill_2_6_beta0_5,mc_infill_2_6_beta0_5_gid-448_20260718_194108,0.5,0.5,1.941299,0.005077,205.958056272,1.9776484276,True,,,,,,4.99816458907
mc/mc_infill_2_6_beta0_5,mc_infill_2_6_beta0_5_gid-449_20260718_194108,0.5,0.5,1.166074,0.020276,104.041242473,2.59538265696,True,,,,,,4.54788698356
mc/mc_infill_2_6_beta0_5,mc_infill_2_6_beta0_5_gid-44_20260718_193834,0.5,0.5,1.849235,-0.033191,778.221950813,0.539226863948,True,,,,,,1.77133151455
mc/mc_infill_2_6_beta0_5,mc_infill_2_6_beta0_5_gid-450_20260718_194108,0.5,0.5,1.172721,0.018003,113.925114851,2.53329934998,True,,,,,,4.37098106482
mc/mc_infill_2_6_beta0_5,mc_infill_2_6_beta0_5_gid-451_20260718_194108,0.5,0.5,1.263971,0.025178,89.9597755885,2.67901306838,True,,,,,,5.16549254455
mc/mc_infill_2_6_beta0_5,mc_infill_2_6_beta0_5_gid-452_20260718_194108,0.5,0.5,1.644679,0.016341,140.295107237,2.33198846297,True,,,,,,5.2466161873
mc/mc_infill_2_6_beta0_5,mc_infill_2_6_beta0_5_gid-453_20260718_194433,0.5,0.5,1.810813,0.009461,179.337481878,2.11504161494,True,,,,,,5.06007040743
mc/mc_infill_2_6_beta0_5,mc_infill_2_6_beta0_5_gid-454_20260718_194433,0.5,0.5,1.881418,0.011353,173.432085978,2.13382100944,True,,,,,,5.34556439258
mc/mc_infill_2_6_beta0_5,mc_infill_2_6_beta0_5_gid-455_20260718_194433,0.5,0.5,1.900256,0.009844,180.953256929,2.09558698137,True,,,,,,5.27044492961
mc/mc_infill_2_6_beta0_5,mc_infill_2_6_beta0_5_gid-456_20260718_194403,0.5,0.5,1.940953,0.007752,192.188525626,2.03832270931,True,,,,,,5.19633626039
mc/mc_infill_2_6_beta0_5,mc_infill_2_6_beta0_5_gid-457_20260718_194403,0.5,0.5,1.078946,0.028282,75.430469595,2.80197882372,True,,,,,,5.03888530098
mc/mc_infill_2_6_beta0_5,mc_infill_2_6_beta0_5_gid-458_20260718_194403,0.5,0.5,1.404184,0.019966,113.532802609,2.51191799659,True,,,,,,5.03395299396
mc/mc_infill_2_6_beta0_5,mc_infill_2_6_beta0_5_gid-459_20260718_194403,0.5,0.5,1.725085,0.012725,160.021908379,2.21957558313,True,,,,,,5.13268618557
mc/mc_infill_2_6_beta0_5,mc_infill_2_6_beta0_5_gid-460_20260718_193102,0.5,0.5,1.573424,0.016875,134.209283871,2.37343556712,True,,,,,,5.14149916281
mc/mc_infill_2_6_beta0_5,mc_infill_2_6_beta0_5_gid-461_20260718_193102,0.5,0.5,1.720626,0.014801,150.790279908,2.26734219123,True,,,,,,5.2827531935
mc/mc_infill_2_6_beta0_5,mc_infill_2_6_beta0_5_gid-462_20260718_194403,0.5,0.5,1.445371,0.01701,127.214761124,2.42685604266,True,,,,,,4.88326112286
mc/mc_infill_2_6_beta0_5,mc_infill_2_6_beta0_5_gid-463_20260718_194403,0.5,0.5,1.481744,0.020602,115.122946831,2.4940445142,True,,,,,,5.24647558262
mc/mc_infill_2_6_beta0_5,mc_infill_2_6_beta0_5_gid-464_20260718_194403,0.5,0.5,1.327289,0.021414,104.861075163,2.57389148434,True,,,,,,4.98932085311
mc/mc_infill_2_6_beta0_5,mc_infill_2_6_beta0_5_gid-465_20260718_194403,0.5,0.5,1.182571,0.024584,89.0127337476,2.69370922669,True,,,,,,4.94504686699
mc/mc_infill_2_6_beta0_5,mc_infill_2_6_beta0_5_gid-466_20260718_194403,0.5,0.5,1.230696,0.021497,101.054497729,2.60816507217,True,,,,,,4.79024668245
mc/mc_infill_2_6_beta0_5,mc_infill_2_6_beta0_5_gid-467_20260718_194403,0.5,0.5,1.42245,0.017901,122.45532208,2.45678727249,True,,,,,,4.90612791303
mc/mc_infill_2_6_beta0_5,mc_infill_2_6_beta0_5_gid-468_20260718_194403,0.5,0.5,1.378009,0.018598,117.674549315,2.48970237527,True,,,,,,4.86778849615
mc/mc_infill_2_6_beta0_5,mc_infill_2_6_beta0_5_gid-469_20260718_194403,0.5,0.5,1.102365,0.029013,74.0496029952,2.81018631713,True,,,,,,5.14986903551
mc/mc_infill_2_6_beta0_5,mc_infill_2_6_beta0_5_gid-46_20260718_193834,0.5,0.5,1.649792,-0.029818,736.887085914,0.577846061745,True,,,,,,1.56546838107
mc/mc_infill_2_6_beta0_5,mc_infill_2_6_beta0_5_gid-470_20260718_190935,0.5,0.5,1.675703,0.015755,144.398178685,2.30633626669,True,,,,,,5.26467605878
mc/mc_infill_2_6_beta0_5,mc_infill_2_6_beta0_5_gid-471_20260718_190935,0.5,0.5,1.274461,0.022688,98.3420406359,2.62147186349,True,,,,,,4.98215135118
mc/mc_infill_2_6_beta0_5,mc_infill_2_6_beta0_5_gid-472_20260718_190935,0.5,0.5,1.915786,0.011334,174.942549738,2.12201263324,True,,,,,,5.41252705371
mc/mc_infill_2_6_beta0_5,mc_infill_2_6_beta0_5_gid-473_20260718_190935,0.5,0.5,1.627602,0.014424,147.454909817,2.29570933535,True,,,,,,5.06238890375
mc/mc_infill_2_6_beta0_5,mc_infill_2_6_beta0_5_gid-474_20260718_190935,0.5,0.5,1.769079,0.013244,159.931788376,2.21464304826,True,,,,,,5.26215949505
mc/mc_infill_2_6_beta0_5,mc_infill_2_6_beta0_5_gid-475_20260718_190935,0.5,0.5,1.31196,0.022443,100.64342593,2.60258967781,True,,,,,,5.0411654774
mc/mc_infill_2_6_beta0_5,mc_infill_2_6_beta0_5_gid-476_20260718_190935,0.5,0.5,1.765833,0.014355,155.067339992,2.23978447735,True,,,,,,5.3401800445
mc/mc_infill_2_6_beta0_5,mc_infill_2_6_beta0_5_gid-477_20260718_190935,0.5,0.5,1.601548,0.016802,136.041676291,2.36014463462,True,,,,,,5.19390303099
mc/mc_infill_2_6_beta0_5,mc_infill_2_6_beta0_5_gid-478_20260718_190935,0.5,0.5,1.254142,0.023106,96.1867100502,2.63780046146,True,,,,,,4.97366919271
mc/mc_infill_2_6_beta0_5,mc_infill_2_6_beta0_5_gid-479_20260718_190935,0.5,0.5,1.509693,0.01754,128.153852679,2.41452476907,True,,,,,,5.06136162109
mc/mc_infill_2_6_beta0_5,mc_infill_2_6_beta0_5_gid-47_20260718_193834,0.5,0.5,1.964016,-0.036532,802.031511432,0.464355662662,True,,,,,,1.90335444047
mc/mc_infill_2_6_beta0_5,mc_infill_2_6_beta0_5_gid-480_20260718_190935,0.5,0.5,1.85362,0.012289,168.146405475,2.16311320247,True,,,,,,5.36020676269
mc/mc_infill_2_6_beta0_5,mc_infill_2_6_beta0_5_gid-481_20260718_190935,0.5,0.5,1.391898,0.021654,106.89035588,2.55434795888,True,,,,,,5.14452614938
mc/mc_infill_2_6_beta0_5,mc_infill_2_6_beta0_5_gid-482_20260718_190935,0.5,0.5,1.96707,0.006615,198.463753213,2.00658797106,True,,,,,,5.16450663251
mc/mc_infill_2_6_beta0_5,mc_infill_2_6_beta0_5_gid-483_20260718_190935,0.5,0.5,1.732687,0.013692,156.128986956,2.2383628061,True,,,,,,5.22233860498
mc/mc_infill_2_6_beta0_5,mc_infill_2_6_beta0_5_gid-484_20260718_190935,0.5,0.5,1.203664,0.024637,89.4955233359,2.68827480633,True,,,,,,4.9940960135
mc/mc_infill_2_6_beta0_5,mc_infill_2_6_beta0_5_gid-485_20260718_190940,0.5,0.5,1.057537,0.027106,78.2924378888,2.78261206096,True,,,,,,4.89344928164
mc/mc_infill_2_6_beta0_5,mc_infill_2_6_beta0_5_gid-486_20260718_190935,0.5,0.5,1.335188,0.023482,98.1925836467,2.61624815195,True,,,,,,5.17472497054
mc/mc_infill_2_6_beta0_5,mc_infill_2_6_beta0_5_gid-487_20260718_190935,0.5,0.5,1.123105,0.026639,81.1084843641,2.755675919,True,,,,,,4.99224632903
mc/mc_infill_2_6_beta0_5,mc_infill_2_6_beta0_5_gid-488_20260718_193633,0.5,0.5,1.695037,0.011285,165.376954074,2.19666031667,True,,,,,,4.95968835691
mc/mc_infill_2_6_beta0_5,mc_infill_2_6_beta0_5_gid-489_20260718_193633,0.5,0.5,1.619931,0.012914,153.986720589,2.2627229762,True,,,,,,4.9286423931
mc/mc_infill_2_6_beta0_5,mc_infill_2_6_beta0_5_gid-48_20260718_193834,0.5,0.5,1.034149,-0.013868,589.467323403,0.97815412536,True,,,,,,1.0715852262
mc/mc_infill_2_6_beta0_5,mc_infill_2_6_beta0_5_gid-490_20260718_193633,0.5,0.5,1.452204,0.019497,117.613117709,2.48221496491,True,,,,,,5.0970160725
mc/mc_infill_2_6_beta0_5,mc_infill_2_6_beta0_5_gid-491_20260718_193633,0.5,0.5,1.435186,0.021064,111.069406452,2.52375566416,True,,,,,,5.18713693482
mc/mc_infill_2_6_beta0_5,mc_infill_2_6_beta0_5_gid-492_20260718_193633,0.5,0.5,1.486026,0.018811,121.937386891,2.45300381933,True,,,,,,5.11291247665
mc/mc_infill_2_6_beta0_5,mc_infill_2_6_beta0_5_gid-493_20260718_193633,0.5,0.5,1.303828,0.023458,96.9337382749,2.62778829676,True,,,,,,5.10727092715
mc/mc_infill_2_6_beta0_5,mc_infill_2_6_beta0_5_gid-494_20260718_193633,0.5,0.5,1.633931,0.017339,135.748979545,2.35811564465,True,,,,,,5.30213445312
mc/mc_infill_2_6_beta0_5,mc_infill_2_6_beta0_5_gid-495_20260718_193633,0.5,0.5,1.826078,0.011279,171.355993496,2.15103175016,True,,,,,,5.22868379361
mc/mc_infill_2_6_beta0_5,mc_infill_2_6_beta0_5_gid-496_20260718_193633,0.5,0.5,1.027817,0.029375,71.4901480409,2.83691151612,True,,,,,,5.02540578325
mc/mc_infill_2_6_beta0_5,mc_infill_2_6_beta0_5_gid-497_20260718_193633,0.5,0.5,1.967621,0.008915,187.489551674,2.05598762576,True,,,,,,5.33579317025
mc/mc_infill_2_6_beta0_5,mc_infill_2_6_beta0_5_gid-498_20260718_193633,0.5,0.5,1.473509,0.016213,131.94014868,2.39710203006,True,,,,,,4.87932794238
mc/mc_infill_2_6_beta0_5,mc_infill_2_6_beta0_5_gid-499_20260718_193633,0.5,0.5,1.27674,0.023793,94.7697410431,2.6449896735,True,,,,,,5.0780079273
mc/mc_infill_2_6_beta0_5,mc_infill_2_6_beta0_5_gid-49_20260718_193834,0.5,0.5,1.589788,-0.031537,867.091915366,0.393900551328,True,,,,,,1.17197635803
mc/mc_infill_2_6_beta0_5,mc_infill_2_6_beta0_5_gid-500_20260718_193633,0.5,0.5,1.340669,0.019452,112.743673476,2.52337330665,True,,,,,,4.8575235891
mc/mc_infill_2_6_beta0_5,mc_infill_2_6_beta0_5_gid-51_20260718_194514,0.5,0.5,1.197773,-0.016528,594.349163739,0.950339217091,True,,,,,,1.29275824517
mc/mc_infill_2_6_beta0_5,mc_infill_2_6_beta0_5_gid-52_20260718_194504,0.5,0.5,1.581611,-0.025095,670.587841837,0.754234174728,True,,,,,,1.70971351424
mc/mc_infill_2_6_beta0_5,mc_infill_2_6_beta0_5_gid-54_20260718_194504,0.5,0.5,1.368475,-0.018278,573.801820671,0.979409330229,True,,,,,,1.64242330801
mc/mc_infill_2_6_beta0_5,mc_infill_2_6_beta0_5_gid-56_20260718_194504,0.5,0.5,1.362883,-0.020938,653.12599232,0.807324243739,True,,,,,,1.41304540951
mc/mc_infill_2_6_beta0_5,mc_infill_2_6_beta0_5_gid-57_20260718_193802,0.5,0.5,1.721837,-0.027091,658.599186454,0.760202616066,True,,,,,,1.93046231261
mc/mc_infill_2_6_beta0_5,mc_infill_2_6_beta0_5_gid-58_20260718_193802,0.5,0.5,1.072984,-0.010794,482.452265078,1.21989809735,True,,,,,,1.50037097231
mc/mc_infill_2_6_beta0_5,mc_infill_2_6_beta0_5_gid-59_20260718_193802,0.5,0.5,1.764919,-0.027817,668.060983751,0.742754694697,True,,,,,,2.05922156426
mc/mc_infill_2_6_beta0_5,mc_infill_2_6_beta0_5_gid-61_20260718_193802,0.5,0.5,1.817764,-0.026889,619.857348233,0.836410910598,True,,,,,,2.19552510726
mc/mc_infill_2_6_beta0_5,mc_infill_2_6_beta0_5_gid-62_20260718_193802,0.5,0.5,1.2162,-0.017805,628.243108401,0.874269022246,True,,,,,,1.24014494918
mc/mc_infill_2_6_beta0_5,mc_infill_2_6_beta0_5_gid-64_20260718_194507,0.5,0.5,1.716455,-0.026075,640.291851869,0.803584055384,True,,,,,,2.03537030218
mc/mc_infill_2_6_beta0_5,mc_infill_2_6_beta0_5_gid-66_20260718_194507,0.5,0.5,1.782769,-0.027197,642.8727444,0.796462309072,True,,,,,,2.07919020947
mc/mc_infill_2_6_beta0_5,mc_infill_2_6_beta0_5_gid-67_20260718_194507,0.5,0.5,1.104957,-0.012935,527.784857928,1.10867865027,True,,,,,,1.37965913329
mc/mc_infill_2_6_beta0_5,mc_infill_2_6_beta0_5_gid-68_20260718_194507,0.5,0.5,1.071544,-0.011942,513.907063916,1.14299319179,True,,,,,,1.38286069417
mc/mc_infill_2_6_beta0_5,mc_infill_2_6_beta0_5_gid-69_20260718_193738,0.5,0.5,1.785008,-0.025922,615.152920435,0.855470566563,True,,,,,,2.20407180636
mc/mc_infill_2_6_beta0_5,mc_infill_2_6_beta0_5_gid-70_20260718_193702,0.5,0.5,1.925502,-0.033,711.685309333,0.629303239119,True,,,,,,2.06574315198
mc/mc_infill_2_6_beta0_5,mc_infill_2_6_beta0_5_gid-71_20260718_193702,0.5,0.5,1.906744,-0.032538,727.03745289,0.618359077791,True,,,,,,2.01541910981
mc/mc_infill_2_6_beta0_5,mc_infill_2_6_beta0_5_gid-72_20260718_193702,0.5,0.5,1.281599,-0.017027,576.047104182,0.98748623901,True,,,,,,1.5215193951
mc/mc_infill_2_6_beta0_5,mc_infill_2_6_beta0_5_gid-73_20260718_193702,0.5,0.5,1.735312,-0.028929,708.750397202,0.668874998604,True,,,,,,1.85868127405
mc/mc_infill_2_6_beta0_5,mc_infill_2_6_beta0_5_gid-74_20260718_193702,0.5,0.5,1.047061,-0.012163,529.454710686,1.1056924982,True,,,,,,1.2845911053
mc/mc_infill_2_6_beta0_5,mc_infill_2_6_beta0_5_gid-75_20260718_193702,0.5,0.5,1.487669,-0.023857,683.829711919,0.735209110198,True,,,,,,1.54204575302
mc/mc_infill_2_6_beta0_5,mc_infill_2_6_beta0_5_gid-76_20260718_193702,0.5,0.5,1.949034,-0.029572,634.909611207,0.79161224226,True,,,,,,2.34822808636
mc/mc_infill_2_6_beta0_5,mc_infill_2_6_beta0_5_gid-77_20260718_193702,0.5,0.5,1.16965,-0.016124,595.852078408,0.947219929259,True,,,,,,1.25722050532
mc/mc_infill_2_6_beta0_5,mc_infill_2_6_beta0_5_gid-78_20260718_193702,0.5,0.5,1.894218,-0.028001,619.984225629,0.833111959962,True,,,,,,2.34015374546
mc/mc_infill_2_6_beta0_5,mc_infill_2_6_beta0_5_gid-79_20260718_193702,0.5,0.5,1.185798,-0.015237,562.38583825,1.02267180686,True,,,,,,1.39395459693
mc/mc_infill_2_6_beta0_5,mc_infill_2_6_beta0_5_gid-80_20260718_193702,0.5,0.5,1.558847,-0.023654,648.280210897,0.811591524502,True,,,,,,1.77034942885
mc/mc_infill_2_6_beta0_5,mc_infill_2_6_beta0_5_gid-81_20260718_193702,0.5,0.5,1.811749,-0.029997,702.142399617,0.675783961085,True,,,,,,1.92721911766
mc/mc_infill_2_6_beta0_5,mc_infill_2_6_beta0_5_gid-82_20260718_193702,0.5,0.5,1.54587,-0.024764,675.193710409,0.737644674443,True,,,,,,1.64102329159
mc/mc_infill_2_6_beta0_5,mc_infill_2_6_beta0_5_gid-83_20260718_194510,0.5,0.5,1.598967,-0.022285,596.686517915,0.918020802658,True,,,,,,1.99651358625
mc/mc_infill_2_6_beta0_5,mc_infill_2_6_beta0_5_gid-84_20260718_194510,0.5,0.5,1.231743,-0.01608,566.548741688,1.00546281279,True,,,,,,1.45274400873
mc/mc_infill_2_6_beta0_5,mc_infill_2_6_beta0_5_gid-85_20260718_194505,0.5,0.5,1.252478,-0.019051,644.903855216,0.832677542305,True,,,,,,1.2252676669
mc/mc_infill_2_6_beta0_5,mc_infill_2_6_beta0_5_gid-86_20260718_194505,0.5,0.5,1.010872,-0.008986,456.629052856,1.28880358662,True,,,,,,1.48283795792
mc/mc_infill_2_6_beta0_5,mc_infill_2_6_beta0_5_gid-87_20260718_194505,0.5,0.5,1.995658,-0.031778,657.047554752,0.728941340823,True,,,,,,2.26520119989
mc/mc_infill_2_6_beta0_5,mc_infill_2_6_beta0_5_gid-88_20260718_194504,0.5,0.5,1.294628,-0.017819,593.478922451,0.945366083838,True,,,,,,1.47125340364
mc/mc_infill_2_6_beta0_5,mc_infill_2_6_beta0_5_gid-89_20260718_194504,0.5,0.5,1.822377,-0.02875,662.463985504,0.735320700784,True,,,,,,2.09070642412
mc/mc_infill_2_6_beta0_5,mc_infill_2_6_beta0_5_gid-8_20260718_194503,0.5,0.5,1.972949,-0.037481,803.664186363,0.450711472246,True,,,,,,1.7652882033
mc/mc_infill_2_6_beta0_5,mc_infill_2_6_beta0_5_gid-90_20260718_194504,0.5,0.5,1.83998,-0.027804,640.268231242,0.806007824987,True,,,,,,2.21524832005
mc/mc_infill_2_6_beta0_5,mc_infill_2_6_beta0_5_gid-91_20260718_193802,0.5,0.5,1.711639,-0.02866,712.221262549,0.649443261567,True,,,,,,1.77248282562
mc/mc_infill_2_6_beta0_5,mc_infill_2_6_beta0_5_gid-92_20260718_193802,0.5,0.5,1.686015,-0.027588,683.508449282,0.690267020857,True,,,,,,1.80460683943
mc/mc_infill_2_6_beta0_5,mc_infill_2_6_beta0_5_gid-93_20260718_193802,0.5,0.5,1.028348,-0.012668,550.850838101,1.05870466116,True,,,,,,1.1742281516
mc/mc_infill_2_6_beta0_5,mc_infill_2_6_beta0_5_gid-94_20260718_193802,0.5,0.5,1.307346,-0.018703,615.359890764,0.89562944865,True,,,,,,1.43605177422
mc/mc_infill_2_6_beta0_5,mc_infill_2_6_beta0_5_gid-96_20260718_193802,0.5,0.5,1.743829,-0.025474,614.789287092,0.857849396035,True,,,,,,2.13614218341
mc/mc_infill_2_6_beta0_5,mc_infill_2_6_beta0_5_gid-97_20260718_193802,0.5,0.5,1.975165,-0.033249,713.140706189,0.642853101578,True,,,,,,2.12372460943
mc/mc_infill_2_6_beta0_5,mc_infill_2_6_beta0_5_gid-98_20260718_194207,0.5,0.5,1.451443,-0.0191,567.856357541,0.991538285584,True,,,,,,1.85789552685
mc/mc_infill_2_6_beta0_5,mc_infill_2_6_beta0_5_gid-99_20260718_194207,0.5,0.5,1.407705,-0.020068,613.975486202,0.899595958108,True,,,,,,1.62395590945
